[2025-09-20T21:49:47.373+0000] {processor.py:161} INFO - Started process (PID=119) to work on /home/airflow/.local/lib/python3.8/site-packages/airflow/example_dags/example_dag_decorator.py
[2025-09-20T21:49:47.375+0000] {processor.py:830} INFO - Processing file /home/airflow/.local/lib/python3.8/site-packages/airflow/example_dags/example_dag_decorator.py for tasks to queue
[2025-09-20T21:49:47.382+0000] {logging_mixin.py:188} INFO - [2025-09-20T21:49:47.379+0000] {dagbag.py:538} INFO - Filling up the DagBag from /home/airflow/.local/lib/python3.8/site-packages/airflow/example_dags/example_dag_decorator.py
[2025-09-20T21:49:47.797+0000] {processor.py:840} INFO - DAG(s) 'example_dag_decorator' retrieved from /home/airflow/.local/lib/python3.8/site-packages/airflow/example_dags/example_dag_decorator.py
[2025-09-20T21:49:48.015+0000] {logging_mixin.py:188} INFO - [2025-09-20T21:49:48.014+0000] {dag.py:3036} INFO - Sync 1 DAGs
[2025-09-20T21:49:48.039+0000] {logging_mixin.py:188} INFO - [2025-09-20T21:49:48.039+0000] {dag.py:3823} INFO - Setting next_dagrun for example_dag_decorator to None, run_after=None
[2025-09-20T21:49:48.078+0000] {processor.py:183} INFO - Processing /home/airflow/.local/lib/python3.8/site-packages/airflow/example_dags/example_dag_decorator.py took 0.718 seconds
[2025-09-20T21:50:18.270+0000] {processor.py:161} INFO - Started process (PID=177) to work on /home/airflow/.local/lib/python3.8/site-packages/airflow/example_dags/example_dag_decorator.py
[2025-09-20T21:50:18.272+0000] {processor.py:830} INFO - Processing file /home/airflow/.local/lib/python3.8/site-packages/airflow/example_dags/example_dag_decorator.py for tasks to queue
[2025-09-20T21:50:18.277+0000] {logging_mixin.py:188} INFO - [2025-09-20T21:50:18.276+0000] {dagbag.py:538} INFO - Filling up the DagBag from /home/airflow/.local/lib/python3.8/site-packages/airflow/example_dags/example_dag_decorator.py
[2025-09-20T21:50:18.480+0000] {processor.py:840} INFO - DAG(s) 'example_dag_decorator' retrieved from /home/airflow/.local/lib/python3.8/site-packages/airflow/example_dags/example_dag_decorator.py
[2025-09-20T21:50:18.670+0000] {logging_mixin.py:188} INFO - [2025-09-20T21:50:18.670+0000] {dag.py:3036} INFO - Sync 1 DAGs
[2025-09-20T21:50:18.689+0000] {logging_mixin.py:188} INFO - [2025-09-20T21:50:18.689+0000] {dag.py:3823} INFO - Setting next_dagrun for example_dag_decorator to None, run_after=None
[2025-09-20T21:50:18.725+0000] {processor.py:183} INFO - Processing /home/airflow/.local/lib/python3.8/site-packages/airflow/example_dags/example_dag_decorator.py took 0.462 seconds
[2025-09-20T21:50:48.886+0000] {processor.py:161} INFO - Started process (PID=236) to work on /home/airflow/.local/lib/python3.8/site-packages/airflow/example_dags/example_dag_decorator.py
[2025-09-20T21:50:48.888+0000] {processor.py:830} INFO - Processing file /home/airflow/.local/lib/python3.8/site-packages/airflow/example_dags/example_dag_decorator.py for tasks to queue
[2025-09-20T21:50:48.891+0000] {logging_mixin.py:188} INFO - [2025-09-20T21:50:48.890+0000] {dagbag.py:538} INFO - Filling up the DagBag from /home/airflow/.local/lib/python3.8/site-packages/airflow/example_dags/example_dag_decorator.py
[2025-09-20T21:50:49.092+0000] {processor.py:840} INFO - DAG(s) 'example_dag_decorator' retrieved from /home/airflow/.local/lib/python3.8/site-packages/airflow/example_dags/example_dag_decorator.py
[2025-09-20T21:50:49.299+0000] {logging_mixin.py:188} INFO - [2025-09-20T21:50:49.299+0000] {dag.py:3036} INFO - Sync 1 DAGs
[2025-09-20T21:50:49.323+0000] {logging_mixin.py:188} INFO - [2025-09-20T21:50:49.323+0000] {dag.py:3823} INFO - Setting next_dagrun for example_dag_decorator to None, run_after=None
[2025-09-20T21:50:49.374+0000] {processor.py:183} INFO - Processing /home/airflow/.local/lib/python3.8/site-packages/airflow/example_dags/example_dag_decorator.py took 0.494 seconds
[2025-09-20T21:51:19.656+0000] {processor.py:161} INFO - Started process (PID=293) to work on /home/airflow/.local/lib/python3.8/site-packages/airflow/example_dags/example_dag_decorator.py
[2025-09-20T21:51:19.659+0000] {processor.py:830} INFO - Processing file /home/airflow/.local/lib/python3.8/site-packages/airflow/example_dags/example_dag_decorator.py for tasks to queue
[2025-09-20T21:51:19.663+0000] {logging_mixin.py:188} INFO - [2025-09-20T21:51:19.662+0000] {dagbag.py:538} INFO - Filling up the DagBag from /home/airflow/.local/lib/python3.8/site-packages/airflow/example_dags/example_dag_decorator.py
[2025-09-20T21:51:19.837+0000] {processor.py:840} INFO - DAG(s) 'example_dag_decorator' retrieved from /home/airflow/.local/lib/python3.8/site-packages/airflow/example_dags/example_dag_decorator.py
[2025-09-20T21:51:20.017+0000] {logging_mixin.py:188} INFO - [2025-09-20T21:51:20.016+0000] {dag.py:3036} INFO - Sync 1 DAGs
[2025-09-20T21:51:20.046+0000] {logging_mixin.py:188} INFO - [2025-09-20T21:51:20.045+0000] {dag.py:3823} INFO - Setting next_dagrun for example_dag_decorator to None, run_after=None
[2025-09-20T21:51:20.093+0000] {processor.py:183} INFO - Processing /home/airflow/.local/lib/python3.8/site-packages/airflow/example_dags/example_dag_decorator.py took 0.443 seconds
[2025-09-20T21:51:50.428+0000] {processor.py:161} INFO - Started process (PID=350) to work on /home/airflow/.local/lib/python3.8/site-packages/airflow/example_dags/example_dag_decorator.py
[2025-09-20T21:51:50.430+0000] {processor.py:830} INFO - Processing file /home/airflow/.local/lib/python3.8/site-packages/airflow/example_dags/example_dag_decorator.py for tasks to queue
[2025-09-20T21:51:50.433+0000] {logging_mixin.py:188} INFO - [2025-09-20T21:51:50.433+0000] {dagbag.py:538} INFO - Filling up the DagBag from /home/airflow/.local/lib/python3.8/site-packages/airflow/example_dags/example_dag_decorator.py
[2025-09-20T21:51:50.625+0000] {processor.py:840} INFO - DAG(s) 'example_dag_decorator' retrieved from /home/airflow/.local/lib/python3.8/site-packages/airflow/example_dags/example_dag_decorator.py
[2025-09-20T21:51:50.807+0000] {logging_mixin.py:188} INFO - [2025-09-20T21:51:50.806+0000] {dag.py:3036} INFO - Sync 1 DAGs
[2025-09-20T21:51:50.825+0000] {logging_mixin.py:188} INFO - [2025-09-20T21:51:50.824+0000] {dag.py:3823} INFO - Setting next_dagrun for example_dag_decorator to None, run_after=None
[2025-09-20T21:51:50.866+0000] {processor.py:183} INFO - Processing /home/airflow/.local/lib/python3.8/site-packages/airflow/example_dags/example_dag_decorator.py took 0.443 seconds
[2025-09-20T21:52:20.961+0000] {processor.py:161} INFO - Started process (PID=409) to work on /home/airflow/.local/lib/python3.8/site-packages/airflow/example_dags/example_dag_decorator.py
[2025-09-20T21:52:20.963+0000] {processor.py:830} INFO - Processing file /home/airflow/.local/lib/python3.8/site-packages/airflow/example_dags/example_dag_decorator.py for tasks to queue
[2025-09-20T21:52:20.968+0000] {logging_mixin.py:188} INFO - [2025-09-20T21:52:20.967+0000] {dagbag.py:538} INFO - Filling up the DagBag from /home/airflow/.local/lib/python3.8/site-packages/airflow/example_dags/example_dag_decorator.py
[2025-09-20T21:52:21.145+0000] {processor.py:840} INFO - DAG(s) 'example_dag_decorator' retrieved from /home/airflow/.local/lib/python3.8/site-packages/airflow/example_dags/example_dag_decorator.py
[2025-09-20T21:52:21.330+0000] {logging_mixin.py:188} INFO - [2025-09-20T21:52:21.330+0000] {dag.py:3036} INFO - Sync 1 DAGs
[2025-09-20T21:52:21.350+0000] {logging_mixin.py:188} INFO - [2025-09-20T21:52:21.350+0000] {dag.py:3823} INFO - Setting next_dagrun for example_dag_decorator to None, run_after=None
[2025-09-20T21:52:21.390+0000] {processor.py:183} INFO - Processing /home/airflow/.local/lib/python3.8/site-packages/airflow/example_dags/example_dag_decorator.py took 0.435 seconds
[2025-09-20T21:52:51.899+0000] {processor.py:161} INFO - Started process (PID=467) to work on /home/airflow/.local/lib/python3.8/site-packages/airflow/example_dags/example_dag_decorator.py
[2025-09-20T21:52:51.901+0000] {processor.py:830} INFO - Processing file /home/airflow/.local/lib/python3.8/site-packages/airflow/example_dags/example_dag_decorator.py for tasks to queue
[2025-09-20T21:52:51.906+0000] {logging_mixin.py:188} INFO - [2025-09-20T21:52:51.905+0000] {dagbag.py:538} INFO - Filling up the DagBag from /home/airflow/.local/lib/python3.8/site-packages/airflow/example_dags/example_dag_decorator.py
[2025-09-20T21:52:52.102+0000] {processor.py:840} INFO - DAG(s) 'example_dag_decorator' retrieved from /home/airflow/.local/lib/python3.8/site-packages/airflow/example_dags/example_dag_decorator.py
[2025-09-20T21:52:52.295+0000] {logging_mixin.py:188} INFO - [2025-09-20T21:52:52.295+0000] {dag.py:3036} INFO - Sync 1 DAGs
[2025-09-20T21:52:52.316+0000] {logging_mixin.py:188} INFO - [2025-09-20T21:52:52.316+0000] {dag.py:3823} INFO - Setting next_dagrun for example_dag_decorator to None, run_after=None
[2025-09-20T21:52:52.355+0000] {processor.py:183} INFO - Processing /home/airflow/.local/lib/python3.8/site-packages/airflow/example_dags/example_dag_decorator.py took 0.461 seconds
[2025-09-20T21:53:22.640+0000] {processor.py:161} INFO - Started process (PID=525) to work on /home/airflow/.local/lib/python3.8/site-packages/airflow/example_dags/example_dag_decorator.py
[2025-09-20T21:53:22.641+0000] {processor.py:830} INFO - Processing file /home/airflow/.local/lib/python3.8/site-packages/airflow/example_dags/example_dag_decorator.py for tasks to queue
[2025-09-20T21:53:22.645+0000] {logging_mixin.py:188} INFO - [2025-09-20T21:53:22.644+0000] {dagbag.py:538} INFO - Filling up the DagBag from /home/airflow/.local/lib/python3.8/site-packages/airflow/example_dags/example_dag_decorator.py
[2025-09-20T21:53:22.823+0000] {processor.py:840} INFO - DAG(s) 'example_dag_decorator' retrieved from /home/airflow/.local/lib/python3.8/site-packages/airflow/example_dags/example_dag_decorator.py
[2025-09-20T21:53:23.029+0000] {logging_mixin.py:188} INFO - [2025-09-20T21:53:23.029+0000] {dag.py:3036} INFO - Sync 1 DAGs
[2025-09-20T21:53:23.060+0000] {logging_mixin.py:188} INFO - [2025-09-20T21:53:23.060+0000] {dag.py:3823} INFO - Setting next_dagrun for example_dag_decorator to None, run_after=None
[2025-09-20T21:53:23.103+0000] {processor.py:183} INFO - Processing /home/airflow/.local/lib/python3.8/site-packages/airflow/example_dags/example_dag_decorator.py took 0.469 seconds
[2025-09-20T21:53:53.483+0000] {processor.py:161} INFO - Started process (PID=584) to work on /home/airflow/.local/lib/python3.8/site-packages/airflow/example_dags/example_dag_decorator.py
[2025-09-20T21:53:53.485+0000] {processor.py:830} INFO - Processing file /home/airflow/.local/lib/python3.8/site-packages/airflow/example_dags/example_dag_decorator.py for tasks to queue
[2025-09-20T21:53:53.489+0000] {logging_mixin.py:188} INFO - [2025-09-20T21:53:53.488+0000] {dagbag.py:538} INFO - Filling up the DagBag from /home/airflow/.local/lib/python3.8/site-packages/airflow/example_dags/example_dag_decorator.py
[2025-09-20T21:53:53.678+0000] {processor.py:840} INFO - DAG(s) 'example_dag_decorator' retrieved from /home/airflow/.local/lib/python3.8/site-packages/airflow/example_dags/example_dag_decorator.py
[2025-09-20T21:53:53.865+0000] {logging_mixin.py:188} INFO - [2025-09-20T21:53:53.864+0000] {dag.py:3036} INFO - Sync 1 DAGs
[2025-09-20T21:53:53.884+0000] {logging_mixin.py:188} INFO - [2025-09-20T21:53:53.883+0000] {dag.py:3823} INFO - Setting next_dagrun for example_dag_decorator to None, run_after=None
[2025-09-20T21:53:53.919+0000] {processor.py:183} INFO - Processing /home/airflow/.local/lib/python3.8/site-packages/airflow/example_dags/example_dag_decorator.py took 0.442 seconds
[2025-09-20T21:54:23.988+0000] {processor.py:161} INFO - Started process (PID=643) to work on /home/airflow/.local/lib/python3.8/site-packages/airflow/example_dags/example_dag_decorator.py
[2025-09-20T21:54:23.989+0000] {processor.py:830} INFO - Processing file /home/airflow/.local/lib/python3.8/site-packages/airflow/example_dags/example_dag_decorator.py for tasks to queue
[2025-09-20T21:54:23.993+0000] {logging_mixin.py:188} INFO - [2025-09-20T21:54:23.992+0000] {dagbag.py:538} INFO - Filling up the DagBag from /home/airflow/.local/lib/python3.8/site-packages/airflow/example_dags/example_dag_decorator.py
[2025-09-20T21:54:24.173+0000] {processor.py:840} INFO - DAG(s) 'example_dag_decorator' retrieved from /home/airflow/.local/lib/python3.8/site-packages/airflow/example_dags/example_dag_decorator.py
[2025-09-20T21:54:24.356+0000] {logging_mixin.py:188} INFO - [2025-09-20T21:54:24.356+0000] {dag.py:3036} INFO - Sync 1 DAGs
[2025-09-20T21:54:24.377+0000] {logging_mixin.py:188} INFO - [2025-09-20T21:54:24.376+0000] {dag.py:3823} INFO - Setting next_dagrun for example_dag_decorator to None, run_after=None
[2025-09-20T21:54:24.411+0000] {processor.py:183} INFO - Processing /home/airflow/.local/lib/python3.8/site-packages/airflow/example_dags/example_dag_decorator.py took 0.430 seconds
[2025-09-20T21:54:54.741+0000] {processor.py:161} INFO - Started process (PID=702) to work on /home/airflow/.local/lib/python3.8/site-packages/airflow/example_dags/example_dag_decorator.py
[2025-09-20T21:54:54.742+0000] {processor.py:830} INFO - Processing file /home/airflow/.local/lib/python3.8/site-packages/airflow/example_dags/example_dag_decorator.py for tasks to queue
[2025-09-20T21:54:54.746+0000] {logging_mixin.py:188} INFO - [2025-09-20T21:54:54.745+0000] {dagbag.py:538} INFO - Filling up the DagBag from /home/airflow/.local/lib/python3.8/site-packages/airflow/example_dags/example_dag_decorator.py
[2025-09-20T21:54:54.929+0000] {processor.py:840} INFO - DAG(s) 'example_dag_decorator' retrieved from /home/airflow/.local/lib/python3.8/site-packages/airflow/example_dags/example_dag_decorator.py
[2025-09-20T21:54:55.218+0000] {logging_mixin.py:188} INFO - [2025-09-20T21:54:55.217+0000] {dag.py:3036} INFO - Sync 1 DAGs
[2025-09-20T21:54:55.238+0000] {logging_mixin.py:188} INFO - [2025-09-20T21:54:55.237+0000] {dag.py:3823} INFO - Setting next_dagrun for example_dag_decorator to None, run_after=None
[2025-09-20T21:54:55.273+0000] {processor.py:183} INFO - Processing /home/airflow/.local/lib/python3.8/site-packages/airflow/example_dags/example_dag_decorator.py took 0.538 seconds
[2025-09-20T21:55:25.797+0000] {processor.py:161} INFO - Started process (PID=765) to work on /home/airflow/.local/lib/python3.8/site-packages/airflow/example_dags/example_dag_decorator.py
[2025-09-20T21:55:25.799+0000] {processor.py:830} INFO - Processing file /home/airflow/.local/lib/python3.8/site-packages/airflow/example_dags/example_dag_decorator.py for tasks to queue
[2025-09-20T21:55:25.802+0000] {logging_mixin.py:188} INFO - [2025-09-20T21:55:25.802+0000] {dagbag.py:538} INFO - Filling up the DagBag from /home/airflow/.local/lib/python3.8/site-packages/airflow/example_dags/example_dag_decorator.py
[2025-09-20T21:55:26.021+0000] {processor.py:840} INFO - DAG(s) 'example_dag_decorator' retrieved from /home/airflow/.local/lib/python3.8/site-packages/airflow/example_dags/example_dag_decorator.py
[2025-09-20T21:55:26.387+0000] {logging_mixin.py:188} INFO - [2025-09-20T21:55:26.386+0000] {dag.py:3036} INFO - Sync 1 DAGs
[2025-09-20T21:55:26.405+0000] {logging_mixin.py:188} INFO - [2025-09-20T21:55:26.405+0000] {dag.py:3823} INFO - Setting next_dagrun for example_dag_decorator to None, run_after=None
[2025-09-20T21:55:26.444+0000] {processor.py:183} INFO - Processing /home/airflow/.local/lib/python3.8/site-packages/airflow/example_dags/example_dag_decorator.py took 0.654 seconds
[2025-09-20T21:55:56.695+0000] {processor.py:161} INFO - Started process (PID=829) to work on /home/airflow/.local/lib/python3.8/site-packages/airflow/example_dags/example_dag_decorator.py
[2025-09-20T21:55:56.698+0000] {processor.py:830} INFO - Processing file /home/airflow/.local/lib/python3.8/site-packages/airflow/example_dags/example_dag_decorator.py for tasks to queue
[2025-09-20T21:55:56.708+0000] {logging_mixin.py:188} INFO - [2025-09-20T21:55:56.703+0000] {dagbag.py:538} INFO - Filling up the DagBag from /home/airflow/.local/lib/python3.8/site-packages/airflow/example_dags/example_dag_decorator.py
[2025-09-20T21:55:56.970+0000] {processor.py:840} INFO - DAG(s) 'example_dag_decorator' retrieved from /home/airflow/.local/lib/python3.8/site-packages/airflow/example_dags/example_dag_decorator.py
[2025-09-20T21:55:57.215+0000] {logging_mixin.py:188} INFO - [2025-09-20T21:55:57.215+0000] {dag.py:3036} INFO - Sync 1 DAGs
[2025-09-20T21:55:57.271+0000] {logging_mixin.py:188} INFO - [2025-09-20T21:55:57.270+0000] {dag.py:3823} INFO - Setting next_dagrun for example_dag_decorator to None, run_after=None
[2025-09-20T21:55:57.330+0000] {processor.py:183} INFO - Processing /home/airflow/.local/lib/python3.8/site-packages/airflow/example_dags/example_dag_decorator.py took 0.642 seconds
[2025-09-20T21:56:27.559+0000] {processor.py:161} INFO - Started process (PID=890) to work on /home/airflow/.local/lib/python3.8/site-packages/airflow/example_dags/example_dag_decorator.py
[2025-09-20T21:56:27.561+0000] {processor.py:830} INFO - Processing file /home/airflow/.local/lib/python3.8/site-packages/airflow/example_dags/example_dag_decorator.py for tasks to queue
[2025-09-20T21:56:27.565+0000] {logging_mixin.py:188} INFO - [2025-09-20T21:56:27.564+0000] {dagbag.py:538} INFO - Filling up the DagBag from /home/airflow/.local/lib/python3.8/site-packages/airflow/example_dags/example_dag_decorator.py
[2025-09-20T21:56:27.735+0000] {processor.py:840} INFO - DAG(s) 'example_dag_decorator' retrieved from /home/airflow/.local/lib/python3.8/site-packages/airflow/example_dags/example_dag_decorator.py
[2025-09-20T21:56:27.936+0000] {logging_mixin.py:188} INFO - [2025-09-20T21:56:27.935+0000] {dag.py:3036} INFO - Sync 1 DAGs
[2025-09-20T21:56:27.962+0000] {logging_mixin.py:188} INFO - [2025-09-20T21:56:27.961+0000] {dag.py:3823} INFO - Setting next_dagrun for example_dag_decorator to None, run_after=None
[2025-09-20T21:56:28.000+0000] {processor.py:183} INFO - Processing /home/airflow/.local/lib/python3.8/site-packages/airflow/example_dags/example_dag_decorator.py took 0.447 seconds
[2025-09-20T21:56:58.728+0000] {processor.py:161} INFO - Started process (PID=948) to work on /home/airflow/.local/lib/python3.8/site-packages/airflow/example_dags/example_dag_decorator.py
[2025-09-20T21:56:58.730+0000] {processor.py:830} INFO - Processing file /home/airflow/.local/lib/python3.8/site-packages/airflow/example_dags/example_dag_decorator.py for tasks to queue
[2025-09-20T21:56:58.733+0000] {logging_mixin.py:188} INFO - [2025-09-20T21:56:58.733+0000] {dagbag.py:538} INFO - Filling up the DagBag from /home/airflow/.local/lib/python3.8/site-packages/airflow/example_dags/example_dag_decorator.py
[2025-09-20T21:56:58.903+0000] {processor.py:840} INFO - DAG(s) 'example_dag_decorator' retrieved from /home/airflow/.local/lib/python3.8/site-packages/airflow/example_dags/example_dag_decorator.py
[2025-09-20T21:56:59.092+0000] {logging_mixin.py:188} INFO - [2025-09-20T21:56:59.092+0000] {dag.py:3036} INFO - Sync 1 DAGs
[2025-09-20T21:56:59.114+0000] {logging_mixin.py:188} INFO - [2025-09-20T21:56:59.114+0000] {dag.py:3823} INFO - Setting next_dagrun for example_dag_decorator to None, run_after=None
[2025-09-20T21:56:59.154+0000] {processor.py:183} INFO - Processing /home/airflow/.local/lib/python3.8/site-packages/airflow/example_dags/example_dag_decorator.py took 0.432 seconds
[2025-09-20T21:57:29.227+0000] {processor.py:161} INFO - Started process (PID=1006) to work on /home/airflow/.local/lib/python3.8/site-packages/airflow/example_dags/example_dag_decorator.py
[2025-09-20T21:57:29.229+0000] {processor.py:830} INFO - Processing file /home/airflow/.local/lib/python3.8/site-packages/airflow/example_dags/example_dag_decorator.py for tasks to queue
[2025-09-20T21:57:29.233+0000] {logging_mixin.py:188} INFO - [2025-09-20T21:57:29.232+0000] {dagbag.py:538} INFO - Filling up the DagBag from /home/airflow/.local/lib/python3.8/site-packages/airflow/example_dags/example_dag_decorator.py
[2025-09-20T21:57:29.416+0000] {processor.py:840} INFO - DAG(s) 'example_dag_decorator' retrieved from /home/airflow/.local/lib/python3.8/site-packages/airflow/example_dags/example_dag_decorator.py
[2025-09-20T21:57:29.679+0000] {logging_mixin.py:188} INFO - [2025-09-20T21:57:29.678+0000] {dag.py:3036} INFO - Sync 1 DAGs
[2025-09-20T21:57:29.700+0000] {logging_mixin.py:188} INFO - [2025-09-20T21:57:29.699+0000] {dag.py:3823} INFO - Setting next_dagrun for example_dag_decorator to None, run_after=None
[2025-09-20T21:57:29.734+0000] {processor.py:183} INFO - Processing /home/airflow/.local/lib/python3.8/site-packages/airflow/example_dags/example_dag_decorator.py took 0.513 seconds
[2025-09-20T21:57:59.927+0000] {processor.py:161} INFO - Started process (PID=1066) to work on /home/airflow/.local/lib/python3.8/site-packages/airflow/example_dags/example_dag_decorator.py
[2025-09-20T21:57:59.929+0000] {processor.py:830} INFO - Processing file /home/airflow/.local/lib/python3.8/site-packages/airflow/example_dags/example_dag_decorator.py for tasks to queue
[2025-09-20T21:57:59.932+0000] {logging_mixin.py:188} INFO - [2025-09-20T21:57:59.931+0000] {dagbag.py:538} INFO - Filling up the DagBag from /home/airflow/.local/lib/python3.8/site-packages/airflow/example_dags/example_dag_decorator.py
[2025-09-20T21:58:00.121+0000] {processor.py:840} INFO - DAG(s) 'example_dag_decorator' retrieved from /home/airflow/.local/lib/python3.8/site-packages/airflow/example_dags/example_dag_decorator.py
[2025-09-20T21:58:00.312+0000] {logging_mixin.py:188} INFO - [2025-09-20T21:58:00.311+0000] {dag.py:3036} INFO - Sync 1 DAGs
[2025-09-20T21:58:00.331+0000] {logging_mixin.py:188} INFO - [2025-09-20T21:58:00.330+0000] {dag.py:3823} INFO - Setting next_dagrun for example_dag_decorator to None, run_after=None
[2025-09-20T21:58:00.370+0000] {processor.py:183} INFO - Processing /home/airflow/.local/lib/python3.8/site-packages/airflow/example_dags/example_dag_decorator.py took 0.450 seconds
[2025-09-20T21:58:30.515+0000] {processor.py:161} INFO - Started process (PID=1122) to work on /home/airflow/.local/lib/python3.8/site-packages/airflow/example_dags/example_dag_decorator.py
[2025-09-20T21:58:30.518+0000] {processor.py:830} INFO - Processing file /home/airflow/.local/lib/python3.8/site-packages/airflow/example_dags/example_dag_decorator.py for tasks to queue
[2025-09-20T21:58:30.521+0000] {logging_mixin.py:188} INFO - [2025-09-20T21:58:30.521+0000] {dagbag.py:538} INFO - Filling up the DagBag from /home/airflow/.local/lib/python3.8/site-packages/airflow/example_dags/example_dag_decorator.py
[2025-09-20T21:58:30.698+0000] {processor.py:840} INFO - DAG(s) 'example_dag_decorator' retrieved from /home/airflow/.local/lib/python3.8/site-packages/airflow/example_dags/example_dag_decorator.py
[2025-09-20T21:58:30.901+0000] {logging_mixin.py:188} INFO - [2025-09-20T21:58:30.901+0000] {dag.py:3036} INFO - Sync 1 DAGs
[2025-09-20T21:58:30.922+0000] {logging_mixin.py:188} INFO - [2025-09-20T21:58:30.921+0000] {dag.py:3823} INFO - Setting next_dagrun for example_dag_decorator to None, run_after=None
[2025-09-20T21:58:30.957+0000] {processor.py:183} INFO - Processing /home/airflow/.local/lib/python3.8/site-packages/airflow/example_dags/example_dag_decorator.py took 0.449 seconds
[2025-09-20T21:59:01.027+0000] {processor.py:161} INFO - Started process (PID=1181) to work on /home/airflow/.local/lib/python3.8/site-packages/airflow/example_dags/example_dag_decorator.py
[2025-09-20T21:59:01.030+0000] {processor.py:830} INFO - Processing file /home/airflow/.local/lib/python3.8/site-packages/airflow/example_dags/example_dag_decorator.py for tasks to queue
[2025-09-20T21:59:01.034+0000] {logging_mixin.py:188} INFO - [2025-09-20T21:59:01.033+0000] {dagbag.py:538} INFO - Filling up the DagBag from /home/airflow/.local/lib/python3.8/site-packages/airflow/example_dags/example_dag_decorator.py
[2025-09-20T21:59:01.219+0000] {processor.py:840} INFO - DAG(s) 'example_dag_decorator' retrieved from /home/airflow/.local/lib/python3.8/site-packages/airflow/example_dags/example_dag_decorator.py
[2025-09-20T21:59:01.402+0000] {logging_mixin.py:188} INFO - [2025-09-20T21:59:01.401+0000] {dag.py:3036} INFO - Sync 1 DAGs
[2025-09-20T21:59:01.423+0000] {logging_mixin.py:188} INFO - [2025-09-20T21:59:01.422+0000] {dag.py:3823} INFO - Setting next_dagrun for example_dag_decorator to None, run_after=None
[2025-09-20T21:59:01.463+0000] {processor.py:183} INFO - Processing /home/airflow/.local/lib/python3.8/site-packages/airflow/example_dags/example_dag_decorator.py took 0.444 seconds
[2025-09-20T21:59:32.445+0000] {processor.py:161} INFO - Started process (PID=1240) to work on /home/airflow/.local/lib/python3.8/site-packages/airflow/example_dags/example_dag_decorator.py
[2025-09-20T21:59:32.447+0000] {processor.py:830} INFO - Processing file /home/airflow/.local/lib/python3.8/site-packages/airflow/example_dags/example_dag_decorator.py for tasks to queue
[2025-09-20T21:59:32.451+0000] {logging_mixin.py:188} INFO - [2025-09-20T21:59:32.450+0000] {dagbag.py:538} INFO - Filling up the DagBag from /home/airflow/.local/lib/python3.8/site-packages/airflow/example_dags/example_dag_decorator.py
[2025-09-20T21:59:32.642+0000] {processor.py:840} INFO - DAG(s) 'example_dag_decorator' retrieved from /home/airflow/.local/lib/python3.8/site-packages/airflow/example_dags/example_dag_decorator.py
[2025-09-20T21:59:32.847+0000] {logging_mixin.py:188} INFO - [2025-09-20T21:59:32.847+0000] {dag.py:3036} INFO - Sync 1 DAGs
[2025-09-20T21:59:32.873+0000] {logging_mixin.py:188} INFO - [2025-09-20T21:59:32.872+0000] {dag.py:3823} INFO - Setting next_dagrun for example_dag_decorator to None, run_after=None
[2025-09-20T21:59:32.912+0000] {processor.py:183} INFO - Processing /home/airflow/.local/lib/python3.8/site-packages/airflow/example_dags/example_dag_decorator.py took 0.473 seconds
[2025-09-20T22:00:03.045+0000] {processor.py:161} INFO - Started process (PID=1299) to work on /home/airflow/.local/lib/python3.8/site-packages/airflow/example_dags/example_dag_decorator.py
[2025-09-20T22:00:03.047+0000] {processor.py:830} INFO - Processing file /home/airflow/.local/lib/python3.8/site-packages/airflow/example_dags/example_dag_decorator.py for tasks to queue
[2025-09-20T22:00:03.053+0000] {logging_mixin.py:188} INFO - [2025-09-20T22:00:03.052+0000] {dagbag.py:538} INFO - Filling up the DagBag from /home/airflow/.local/lib/python3.8/site-packages/airflow/example_dags/example_dag_decorator.py
[2025-09-20T22:00:03.259+0000] {processor.py:840} INFO - DAG(s) 'example_dag_decorator' retrieved from /home/airflow/.local/lib/python3.8/site-packages/airflow/example_dags/example_dag_decorator.py
[2025-09-20T22:00:03.464+0000] {logging_mixin.py:188} INFO - [2025-09-20T22:00:03.463+0000] {dag.py:3036} INFO - Sync 1 DAGs
[2025-09-20T22:00:03.487+0000] {logging_mixin.py:188} INFO - [2025-09-20T22:00:03.487+0000] {dag.py:3823} INFO - Setting next_dagrun for example_dag_decorator to None, run_after=None
[2025-09-20T22:00:03.525+0000] {processor.py:183} INFO - Processing /home/airflow/.local/lib/python3.8/site-packages/airflow/example_dags/example_dag_decorator.py took 0.487 seconds
[2025-09-20T22:00:34.299+0000] {processor.py:161} INFO - Started process (PID=1357) to work on /home/airflow/.local/lib/python3.8/site-packages/airflow/example_dags/example_dag_decorator.py
[2025-09-20T22:00:34.301+0000] {processor.py:830} INFO - Processing file /home/airflow/.local/lib/python3.8/site-packages/airflow/example_dags/example_dag_decorator.py for tasks to queue
[2025-09-20T22:00:34.304+0000] {logging_mixin.py:188} INFO - [2025-09-20T22:00:34.304+0000] {dagbag.py:538} INFO - Filling up the DagBag from /home/airflow/.local/lib/python3.8/site-packages/airflow/example_dags/example_dag_decorator.py
[2025-09-20T22:00:34.499+0000] {processor.py:840} INFO - DAG(s) 'example_dag_decorator' retrieved from /home/airflow/.local/lib/python3.8/site-packages/airflow/example_dags/example_dag_decorator.py
[2025-09-20T22:00:34.698+0000] {logging_mixin.py:188} INFO - [2025-09-20T22:00:34.697+0000] {dag.py:3036} INFO - Sync 1 DAGs
[2025-09-20T22:00:34.719+0000] {logging_mixin.py:188} INFO - [2025-09-20T22:00:34.719+0000] {dag.py:3823} INFO - Setting next_dagrun for example_dag_decorator to None, run_after=None
[2025-09-20T22:00:34.758+0000] {processor.py:183} INFO - Processing /home/airflow/.local/lib/python3.8/site-packages/airflow/example_dags/example_dag_decorator.py took 0.464 seconds
[2025-09-20T22:01:05.056+0000] {processor.py:161} INFO - Started process (PID=1415) to work on /home/airflow/.local/lib/python3.8/site-packages/airflow/example_dags/example_dag_decorator.py
[2025-09-20T22:01:05.058+0000] {processor.py:830} INFO - Processing file /home/airflow/.local/lib/python3.8/site-packages/airflow/example_dags/example_dag_decorator.py for tasks to queue
[2025-09-20T22:01:05.062+0000] {logging_mixin.py:188} INFO - [2025-09-20T22:01:05.062+0000] {dagbag.py:538} INFO - Filling up the DagBag from /home/airflow/.local/lib/python3.8/site-packages/airflow/example_dags/example_dag_decorator.py
[2025-09-20T22:01:05.307+0000] {processor.py:840} INFO - DAG(s) 'example_dag_decorator' retrieved from /home/airflow/.local/lib/python3.8/site-packages/airflow/example_dags/example_dag_decorator.py
[2025-09-20T22:01:05.369+0000] {logging_mixin.py:188} INFO - [2025-09-20T22:01:05.367+0000] {dag.py:3036} INFO - Sync 1 DAGs
[2025-09-20T22:01:05.421+0000] {logging_mixin.py:188} INFO - [2025-09-20T22:01:05.420+0000] {dag.py:3823} INFO - Setting next_dagrun for example_dag_decorator to None, run_after=None
[2025-09-20T22:01:05.465+0000] {processor.py:183} INFO - Processing /home/airflow/.local/lib/python3.8/site-packages/airflow/example_dags/example_dag_decorator.py took 0.418 seconds
[2025-09-20T22:01:36.208+0000] {processor.py:161} INFO - Started process (PID=1473) to work on /home/airflow/.local/lib/python3.8/site-packages/airflow/example_dags/example_dag_decorator.py
[2025-09-20T22:01:36.210+0000] {processor.py:830} INFO - Processing file /home/airflow/.local/lib/python3.8/site-packages/airflow/example_dags/example_dag_decorator.py for tasks to queue
[2025-09-20T22:01:36.214+0000] {logging_mixin.py:188} INFO - [2025-09-20T22:01:36.214+0000] {dagbag.py:538} INFO - Filling up the DagBag from /home/airflow/.local/lib/python3.8/site-packages/airflow/example_dags/example_dag_decorator.py
[2025-09-20T22:01:36.391+0000] {processor.py:840} INFO - DAG(s) 'example_dag_decorator' retrieved from /home/airflow/.local/lib/python3.8/site-packages/airflow/example_dags/example_dag_decorator.py
[2025-09-20T22:01:36.575+0000] {logging_mixin.py:188} INFO - [2025-09-20T22:01:36.575+0000] {dag.py:3036} INFO - Sync 1 DAGs
[2025-09-20T22:01:36.594+0000] {logging_mixin.py:188} INFO - [2025-09-20T22:01:36.594+0000] {dag.py:3823} INFO - Setting next_dagrun for example_dag_decorator to None, run_after=None
[2025-09-20T22:01:36.631+0000] {processor.py:183} INFO - Processing /home/airflow/.local/lib/python3.8/site-packages/airflow/example_dags/example_dag_decorator.py took 0.430 seconds
[2025-09-20T22:02:06.822+0000] {processor.py:161} INFO - Started process (PID=1532) to work on /home/airflow/.local/lib/python3.8/site-packages/airflow/example_dags/example_dag_decorator.py
[2025-09-20T22:02:06.824+0000] {processor.py:830} INFO - Processing file /home/airflow/.local/lib/python3.8/site-packages/airflow/example_dags/example_dag_decorator.py for tasks to queue
[2025-09-20T22:02:06.827+0000] {logging_mixin.py:188} INFO - [2025-09-20T22:02:06.826+0000] {dagbag.py:538} INFO - Filling up the DagBag from /home/airflow/.local/lib/python3.8/site-packages/airflow/example_dags/example_dag_decorator.py
[2025-09-20T22:02:07.004+0000] {processor.py:840} INFO - DAG(s) 'example_dag_decorator' retrieved from /home/airflow/.local/lib/python3.8/site-packages/airflow/example_dags/example_dag_decorator.py
[2025-09-20T22:02:07.371+0000] {logging_mixin.py:188} INFO - [2025-09-20T22:02:07.371+0000] {dag.py:3036} INFO - Sync 1 DAGs
[2025-09-20T22:02:07.391+0000] {logging_mixin.py:188} INFO - [2025-09-20T22:02:07.391+0000] {dag.py:3823} INFO - Setting next_dagrun for example_dag_decorator to None, run_after=None
[2025-09-20T22:02:07.431+0000] {processor.py:183} INFO - Processing /home/airflow/.local/lib/python3.8/site-packages/airflow/example_dags/example_dag_decorator.py took 0.615 seconds
[2025-09-20T22:02:37.512+0000] {processor.py:161} INFO - Started process (PID=1592) to work on /home/airflow/.local/lib/python3.8/site-packages/airflow/example_dags/example_dag_decorator.py
[2025-09-20T22:02:37.514+0000] {processor.py:830} INFO - Processing file /home/airflow/.local/lib/python3.8/site-packages/airflow/example_dags/example_dag_decorator.py for tasks to queue
[2025-09-20T22:02:37.518+0000] {logging_mixin.py:188} INFO - [2025-09-20T22:02:37.517+0000] {dagbag.py:538} INFO - Filling up the DagBag from /home/airflow/.local/lib/python3.8/site-packages/airflow/example_dags/example_dag_decorator.py
[2025-09-20T22:02:37.690+0000] {processor.py:840} INFO - DAG(s) 'example_dag_decorator' retrieved from /home/airflow/.local/lib/python3.8/site-packages/airflow/example_dags/example_dag_decorator.py
[2025-09-20T22:02:38.097+0000] {logging_mixin.py:188} INFO - [2025-09-20T22:02:38.097+0000] {dag.py:3036} INFO - Sync 1 DAGs
[2025-09-20T22:02:38.115+0000] {logging_mixin.py:188} INFO - [2025-09-20T22:02:38.115+0000] {dag.py:3823} INFO - Setting next_dagrun for example_dag_decorator to None, run_after=None
[2025-09-20T22:02:38.153+0000] {processor.py:183} INFO - Processing /home/airflow/.local/lib/python3.8/site-packages/airflow/example_dags/example_dag_decorator.py took 0.648 seconds
[2025-09-20T22:03:08.208+0000] {processor.py:161} INFO - Started process (PID=1652) to work on /home/airflow/.local/lib/python3.8/site-packages/airflow/example_dags/example_dag_decorator.py
[2025-09-20T22:03:08.210+0000] {processor.py:830} INFO - Processing file /home/airflow/.local/lib/python3.8/site-packages/airflow/example_dags/example_dag_decorator.py for tasks to queue
[2025-09-20T22:03:08.214+0000] {logging_mixin.py:188} INFO - [2025-09-20T22:03:08.214+0000] {dagbag.py:538} INFO - Filling up the DagBag from /home/airflow/.local/lib/python3.8/site-packages/airflow/example_dags/example_dag_decorator.py
[2025-09-20T22:03:08.420+0000] {processor.py:840} INFO - DAG(s) 'example_dag_decorator' retrieved from /home/airflow/.local/lib/python3.8/site-packages/airflow/example_dags/example_dag_decorator.py
[2025-09-20T22:03:08.846+0000] {logging_mixin.py:188} INFO - [2025-09-20T22:03:08.846+0000] {dag.py:3036} INFO - Sync 1 DAGs
[2025-09-20T22:03:08.874+0000] {logging_mixin.py:188} INFO - [2025-09-20T22:03:08.874+0000] {dag.py:3823} INFO - Setting next_dagrun for example_dag_decorator to None, run_after=None
[2025-09-20T22:03:08.922+0000] {processor.py:183} INFO - Processing /home/airflow/.local/lib/python3.8/site-packages/airflow/example_dags/example_dag_decorator.py took 0.720 seconds
[2025-09-20T22:03:39.648+0000] {processor.py:161} INFO - Started process (PID=1712) to work on /home/airflow/.local/lib/python3.8/site-packages/airflow/example_dags/example_dag_decorator.py
[2025-09-20T22:03:39.650+0000] {processor.py:830} INFO - Processing file /home/airflow/.local/lib/python3.8/site-packages/airflow/example_dags/example_dag_decorator.py for tasks to queue
[2025-09-20T22:03:39.653+0000] {logging_mixin.py:188} INFO - [2025-09-20T22:03:39.652+0000] {dagbag.py:538} INFO - Filling up the DagBag from /home/airflow/.local/lib/python3.8/site-packages/airflow/example_dags/example_dag_decorator.py
[2025-09-20T22:03:39.820+0000] {processor.py:840} INFO - DAG(s) 'example_dag_decorator' retrieved from /home/airflow/.local/lib/python3.8/site-packages/airflow/example_dags/example_dag_decorator.py
[2025-09-20T22:03:40.173+0000] {logging_mixin.py:188} INFO - [2025-09-20T22:03:40.172+0000] {dag.py:3036} INFO - Sync 1 DAGs
[2025-09-20T22:03:40.191+0000] {logging_mixin.py:188} INFO - [2025-09-20T22:03:40.190+0000] {dag.py:3823} INFO - Setting next_dagrun for example_dag_decorator to None, run_after=None
[2025-09-20T22:03:40.226+0000] {processor.py:183} INFO - Processing /home/airflow/.local/lib/python3.8/site-packages/airflow/example_dags/example_dag_decorator.py took 0.585 seconds
[2025-09-20T22:04:10.315+0000] {processor.py:161} INFO - Started process (PID=1772) to work on /home/airflow/.local/lib/python3.8/site-packages/airflow/example_dags/example_dag_decorator.py
[2025-09-20T22:04:10.317+0000] {processor.py:830} INFO - Processing file /home/airflow/.local/lib/python3.8/site-packages/airflow/example_dags/example_dag_decorator.py for tasks to queue
[2025-09-20T22:04:10.320+0000] {logging_mixin.py:188} INFO - [2025-09-20T22:04:10.320+0000] {dagbag.py:538} INFO - Filling up the DagBag from /home/airflow/.local/lib/python3.8/site-packages/airflow/example_dags/example_dag_decorator.py
[2025-09-20T22:04:10.497+0000] {processor.py:840} INFO - DAG(s) 'example_dag_decorator' retrieved from /home/airflow/.local/lib/python3.8/site-packages/airflow/example_dags/example_dag_decorator.py
[2025-09-20T22:04:10.849+0000] {logging_mixin.py:188} INFO - [2025-09-20T22:04:10.848+0000] {dag.py:3036} INFO - Sync 1 DAGs
[2025-09-20T22:04:10.866+0000] {logging_mixin.py:188} INFO - [2025-09-20T22:04:10.865+0000] {dag.py:3823} INFO - Setting next_dagrun for example_dag_decorator to None, run_after=None
[2025-09-20T22:04:10.898+0000] {processor.py:183} INFO - Processing /home/airflow/.local/lib/python3.8/site-packages/airflow/example_dags/example_dag_decorator.py took 0.589 seconds
[2025-09-20T22:04:40.995+0000] {processor.py:161} INFO - Started process (PID=1832) to work on /home/airflow/.local/lib/python3.8/site-packages/airflow/example_dags/example_dag_decorator.py
[2025-09-20T22:04:40.997+0000] {processor.py:830} INFO - Processing file /home/airflow/.local/lib/python3.8/site-packages/airflow/example_dags/example_dag_decorator.py for tasks to queue
[2025-09-20T22:04:41.000+0000] {logging_mixin.py:188} INFO - [2025-09-20T22:04:41.000+0000] {dagbag.py:538} INFO - Filling up the DagBag from /home/airflow/.local/lib/python3.8/site-packages/airflow/example_dags/example_dag_decorator.py
[2025-09-20T22:04:41.170+0000] {processor.py:840} INFO - DAG(s) 'example_dag_decorator' retrieved from /home/airflow/.local/lib/python3.8/site-packages/airflow/example_dags/example_dag_decorator.py
[2025-09-20T22:04:41.527+0000] {logging_mixin.py:188} INFO - [2025-09-20T22:04:41.526+0000] {dag.py:3036} INFO - Sync 1 DAGs
[2025-09-20T22:04:41.544+0000] {logging_mixin.py:188} INFO - [2025-09-20T22:04:41.544+0000] {dag.py:3823} INFO - Setting next_dagrun for example_dag_decorator to None, run_after=None
[2025-09-20T22:04:41.579+0000] {processor.py:183} INFO - Processing /home/airflow/.local/lib/python3.8/site-packages/airflow/example_dags/example_dag_decorator.py took 0.590 seconds
[2025-09-20T22:05:11.816+0000] {processor.py:161} INFO - Started process (PID=1891) to work on /home/airflow/.local/lib/python3.8/site-packages/airflow/example_dags/example_dag_decorator.py
[2025-09-20T22:05:11.818+0000] {processor.py:830} INFO - Processing file /home/airflow/.local/lib/python3.8/site-packages/airflow/example_dags/example_dag_decorator.py for tasks to queue
[2025-09-20T22:05:11.821+0000] {logging_mixin.py:188} INFO - [2025-09-20T22:05:11.821+0000] {dagbag.py:538} INFO - Filling up the DagBag from /home/airflow/.local/lib/python3.8/site-packages/airflow/example_dags/example_dag_decorator.py
[2025-09-20T22:05:11.993+0000] {processor.py:840} INFO - DAG(s) 'example_dag_decorator' retrieved from /home/airflow/.local/lib/python3.8/site-packages/airflow/example_dags/example_dag_decorator.py
[2025-09-20T22:05:12.335+0000] {logging_mixin.py:188} INFO - [2025-09-20T22:05:12.335+0000] {dag.py:3036} INFO - Sync 1 DAGs
[2025-09-20T22:05:12.352+0000] {logging_mixin.py:188} INFO - [2025-09-20T22:05:12.352+0000] {dag.py:3823} INFO - Setting next_dagrun for example_dag_decorator to None, run_after=None
[2025-09-20T22:05:12.387+0000] {processor.py:183} INFO - Processing /home/airflow/.local/lib/python3.8/site-packages/airflow/example_dags/example_dag_decorator.py took 0.577 seconds
[2025-09-20T22:05:42.508+0000] {processor.py:161} INFO - Started process (PID=1949) to work on /home/airflow/.local/lib/python3.8/site-packages/airflow/example_dags/example_dag_decorator.py
[2025-09-20T22:05:42.510+0000] {processor.py:830} INFO - Processing file /home/airflow/.local/lib/python3.8/site-packages/airflow/example_dags/example_dag_decorator.py for tasks to queue
[2025-09-20T22:05:42.513+0000] {logging_mixin.py:188} INFO - [2025-09-20T22:05:42.513+0000] {dagbag.py:538} INFO - Filling up the DagBag from /home/airflow/.local/lib/python3.8/site-packages/airflow/example_dags/example_dag_decorator.py
[2025-09-20T22:05:42.686+0000] {processor.py:840} INFO - DAG(s) 'example_dag_decorator' retrieved from /home/airflow/.local/lib/python3.8/site-packages/airflow/example_dags/example_dag_decorator.py
[2025-09-20T22:05:42.895+0000] {logging_mixin.py:188} INFO - [2025-09-20T22:05:42.895+0000] {dag.py:3036} INFO - Sync 1 DAGs
[2025-09-20T22:05:42.914+0000] {logging_mixin.py:188} INFO - [2025-09-20T22:05:42.913+0000] {dag.py:3823} INFO - Setting next_dagrun for example_dag_decorator to None, run_after=None
[2025-09-20T22:05:42.951+0000] {processor.py:183} INFO - Processing /home/airflow/.local/lib/python3.8/site-packages/airflow/example_dags/example_dag_decorator.py took 0.449 seconds
[2025-09-20T22:06:13.628+0000] {processor.py:161} INFO - Started process (PID=2007) to work on /home/airflow/.local/lib/python3.8/site-packages/airflow/example_dags/example_dag_decorator.py
[2025-09-20T22:06:13.630+0000] {processor.py:830} INFO - Processing file /home/airflow/.local/lib/python3.8/site-packages/airflow/example_dags/example_dag_decorator.py for tasks to queue
[2025-09-20T22:06:13.634+0000] {logging_mixin.py:188} INFO - [2025-09-20T22:06:13.633+0000] {dagbag.py:538} INFO - Filling up the DagBag from /home/airflow/.local/lib/python3.8/site-packages/airflow/example_dags/example_dag_decorator.py
[2025-09-20T22:06:13.808+0000] {processor.py:840} INFO - DAG(s) 'example_dag_decorator' retrieved from /home/airflow/.local/lib/python3.8/site-packages/airflow/example_dags/example_dag_decorator.py
[2025-09-20T22:06:14.034+0000] {logging_mixin.py:188} INFO - [2025-09-20T22:06:14.034+0000] {dag.py:3036} INFO - Sync 1 DAGs
[2025-09-20T22:06:14.053+0000] {logging_mixin.py:188} INFO - [2025-09-20T22:06:14.052+0000] {dag.py:3823} INFO - Setting next_dagrun for example_dag_decorator to None, run_after=None
[2025-09-20T22:06:14.089+0000] {processor.py:183} INFO - Processing /home/airflow/.local/lib/python3.8/site-packages/airflow/example_dags/example_dag_decorator.py took 0.467 seconds
[2025-09-20T22:06:44.343+0000] {processor.py:161} INFO - Started process (PID=2067) to work on /home/airflow/.local/lib/python3.8/site-packages/airflow/example_dags/example_dag_decorator.py
[2025-09-20T22:06:44.345+0000] {processor.py:830} INFO - Processing file /home/airflow/.local/lib/python3.8/site-packages/airflow/example_dags/example_dag_decorator.py for tasks to queue
[2025-09-20T22:06:44.349+0000] {logging_mixin.py:188} INFO - [2025-09-20T22:06:44.348+0000] {dagbag.py:538} INFO - Filling up the DagBag from /home/airflow/.local/lib/python3.8/site-packages/airflow/example_dags/example_dag_decorator.py
[2025-09-20T22:06:44.721+0000] {processor.py:840} INFO - DAG(s) 'example_dag_decorator' retrieved from /home/airflow/.local/lib/python3.8/site-packages/airflow/example_dags/example_dag_decorator.py
[2025-09-20T22:06:44.896+0000] {logging_mixin.py:188} INFO - [2025-09-20T22:06:44.896+0000] {dag.py:3036} INFO - Sync 1 DAGs
[2025-09-20T22:06:44.915+0000] {logging_mixin.py:188} INFO - [2025-09-20T22:06:44.915+0000] {dag.py:3823} INFO - Setting next_dagrun for example_dag_decorator to None, run_after=None
[2025-09-20T22:06:44.948+0000] {processor.py:183} INFO - Processing /home/airflow/.local/lib/python3.8/site-packages/airflow/example_dags/example_dag_decorator.py took 0.612 seconds
[2025-09-20T22:07:15.092+0000] {processor.py:161} INFO - Started process (PID=2127) to work on /home/airflow/.local/lib/python3.8/site-packages/airflow/example_dags/example_dag_decorator.py
[2025-09-20T22:07:15.094+0000] {processor.py:830} INFO - Processing file /home/airflow/.local/lib/python3.8/site-packages/airflow/example_dags/example_dag_decorator.py for tasks to queue
[2025-09-20T22:07:15.098+0000] {logging_mixin.py:188} INFO - [2025-09-20T22:07:15.097+0000] {dagbag.py:538} INFO - Filling up the DagBag from /home/airflow/.local/lib/python3.8/site-packages/airflow/example_dags/example_dag_decorator.py
[2025-09-20T22:07:15.443+0000] {processor.py:840} INFO - DAG(s) 'example_dag_decorator' retrieved from /home/airflow/.local/lib/python3.8/site-packages/airflow/example_dags/example_dag_decorator.py
[2025-09-20T22:07:15.637+0000] {logging_mixin.py:188} INFO - [2025-09-20T22:07:15.637+0000] {dag.py:3036} INFO - Sync 1 DAGs
[2025-09-20T22:07:15.655+0000] {logging_mixin.py:188} INFO - [2025-09-20T22:07:15.654+0000] {dag.py:3823} INFO - Setting next_dagrun for example_dag_decorator to None, run_after=None
[2025-09-20T22:07:15.689+0000] {processor.py:183} INFO - Processing /home/airflow/.local/lib/python3.8/site-packages/airflow/example_dags/example_dag_decorator.py took 0.603 seconds
[2025-09-20T22:07:45.817+0000] {processor.py:161} INFO - Started process (PID=2185) to work on /home/airflow/.local/lib/python3.8/site-packages/airflow/example_dags/example_dag_decorator.py
[2025-09-20T22:07:45.819+0000] {processor.py:830} INFO - Processing file /home/airflow/.local/lib/python3.8/site-packages/airflow/example_dags/example_dag_decorator.py for tasks to queue
[2025-09-20T22:07:45.825+0000] {logging_mixin.py:188} INFO - [2025-09-20T22:07:45.824+0000] {dagbag.py:538} INFO - Filling up the DagBag from /home/airflow/.local/lib/python3.8/site-packages/airflow/example_dags/example_dag_decorator.py
[2025-09-20T22:07:46.196+0000] {processor.py:840} INFO - DAG(s) 'example_dag_decorator' retrieved from /home/airflow/.local/lib/python3.8/site-packages/airflow/example_dags/example_dag_decorator.py
[2025-09-20T22:07:46.372+0000] {logging_mixin.py:188} INFO - [2025-09-20T22:07:46.372+0000] {dag.py:3036} INFO - Sync 1 DAGs
[2025-09-20T22:07:46.389+0000] {logging_mixin.py:188} INFO - [2025-09-20T22:07:46.389+0000] {dag.py:3823} INFO - Setting next_dagrun for example_dag_decorator to None, run_after=None
[2025-09-20T22:07:46.426+0000] {processor.py:183} INFO - Processing /home/airflow/.local/lib/python3.8/site-packages/airflow/example_dags/example_dag_decorator.py took 0.617 seconds
[2025-09-20T22:08:16.495+0000] {processor.py:161} INFO - Started process (PID=2243) to work on /home/airflow/.local/lib/python3.8/site-packages/airflow/example_dags/example_dag_decorator.py
[2025-09-20T22:08:16.497+0000] {processor.py:830} INFO - Processing file /home/airflow/.local/lib/python3.8/site-packages/airflow/example_dags/example_dag_decorator.py for tasks to queue
[2025-09-20T22:08:16.501+0000] {logging_mixin.py:188} INFO - [2025-09-20T22:08:16.500+0000] {dagbag.py:538} INFO - Filling up the DagBag from /home/airflow/.local/lib/python3.8/site-packages/airflow/example_dags/example_dag_decorator.py
[2025-09-20T22:08:16.854+0000] {processor.py:840} INFO - DAG(s) 'example_dag_decorator' retrieved from /home/airflow/.local/lib/python3.8/site-packages/airflow/example_dags/example_dag_decorator.py
[2025-09-20T22:08:17.022+0000] {logging_mixin.py:188} INFO - [2025-09-20T22:08:17.022+0000] {dag.py:3036} INFO - Sync 1 DAGs
[2025-09-20T22:08:17.040+0000] {logging_mixin.py:188} INFO - [2025-09-20T22:08:17.039+0000] {dag.py:3823} INFO - Setting next_dagrun for example_dag_decorator to None, run_after=None
[2025-09-20T22:08:17.078+0000] {processor.py:183} INFO - Processing /home/airflow/.local/lib/python3.8/site-packages/airflow/example_dags/example_dag_decorator.py took 0.589 seconds
[2025-09-20T22:08:47.152+0000] {processor.py:161} INFO - Started process (PID=2301) to work on /home/airflow/.local/lib/python3.8/site-packages/airflow/example_dags/example_dag_decorator.py
[2025-09-20T22:08:47.154+0000] {processor.py:830} INFO - Processing file /home/airflow/.local/lib/python3.8/site-packages/airflow/example_dags/example_dag_decorator.py for tasks to queue
[2025-09-20T22:08:47.157+0000] {logging_mixin.py:188} INFO - [2025-09-20T22:08:47.157+0000] {dagbag.py:538} INFO - Filling up the DagBag from /home/airflow/.local/lib/python3.8/site-packages/airflow/example_dags/example_dag_decorator.py
[2025-09-20T22:08:47.501+0000] {processor.py:840} INFO - DAG(s) 'example_dag_decorator' retrieved from /home/airflow/.local/lib/python3.8/site-packages/airflow/example_dags/example_dag_decorator.py
[2025-09-20T22:08:47.671+0000] {logging_mixin.py:188} INFO - [2025-09-20T22:08:47.670+0000] {dag.py:3036} INFO - Sync 1 DAGs
[2025-09-20T22:08:47.688+0000] {logging_mixin.py:188} INFO - [2025-09-20T22:08:47.687+0000] {dag.py:3823} INFO - Setting next_dagrun for example_dag_decorator to None, run_after=None
[2025-09-20T22:08:47.726+0000] {processor.py:183} INFO - Processing /home/airflow/.local/lib/python3.8/site-packages/airflow/example_dags/example_dag_decorator.py took 0.580 seconds
[2025-09-20T22:09:18.086+0000] {processor.py:161} INFO - Started process (PID=2359) to work on /home/airflow/.local/lib/python3.8/site-packages/airflow/example_dags/example_dag_decorator.py
[2025-09-20T22:09:18.088+0000] {processor.py:830} INFO - Processing file /home/airflow/.local/lib/python3.8/site-packages/airflow/example_dags/example_dag_decorator.py for tasks to queue
[2025-09-20T22:09:18.091+0000] {logging_mixin.py:188} INFO - [2025-09-20T22:09:18.091+0000] {dagbag.py:538} INFO - Filling up the DagBag from /home/airflow/.local/lib/python3.8/site-packages/airflow/example_dags/example_dag_decorator.py
[2025-09-20T22:09:18.503+0000] {processor.py:840} INFO - DAG(s) 'example_dag_decorator' retrieved from /home/airflow/.local/lib/python3.8/site-packages/airflow/example_dags/example_dag_decorator.py
[2025-09-20T22:09:18.556+0000] {logging_mixin.py:188} INFO - [2025-09-20T22:09:18.555+0000] {dag.py:3036} INFO - Sync 1 DAGs
[2025-09-20T22:09:18.582+0000] {logging_mixin.py:188} INFO - [2025-09-20T22:09:18.581+0000] {dag.py:3823} INFO - Setting next_dagrun for example_dag_decorator to None, run_after=None
[2025-09-20T22:09:18.629+0000] {processor.py:183} INFO - Processing /home/airflow/.local/lib/python3.8/site-packages/airflow/example_dags/example_dag_decorator.py took 0.551 seconds
[2025-09-20T22:09:48.783+0000] {processor.py:161} INFO - Started process (PID=2420) to work on /home/airflow/.local/lib/python3.8/site-packages/airflow/example_dags/example_dag_decorator.py
[2025-09-20T22:09:48.785+0000] {processor.py:830} INFO - Processing file /home/airflow/.local/lib/python3.8/site-packages/airflow/example_dags/example_dag_decorator.py for tasks to queue
[2025-09-20T22:09:48.789+0000] {logging_mixin.py:188} INFO - [2025-09-20T22:09:48.788+0000] {dagbag.py:538} INFO - Filling up the DagBag from /home/airflow/.local/lib/python3.8/site-packages/airflow/example_dags/example_dag_decorator.py
[2025-09-20T22:09:49.132+0000] {processor.py:840} INFO - DAG(s) 'example_dag_decorator' retrieved from /home/airflow/.local/lib/python3.8/site-packages/airflow/example_dags/example_dag_decorator.py
[2025-09-20T22:09:49.349+0000] {logging_mixin.py:188} INFO - [2025-09-20T22:09:49.348+0000] {dag.py:3036} INFO - Sync 1 DAGs
[2025-09-20T22:09:49.367+0000] {logging_mixin.py:188} INFO - [2025-09-20T22:09:49.367+0000] {dag.py:3823} INFO - Setting next_dagrun for example_dag_decorator to None, run_after=None
[2025-09-20T22:09:49.405+0000] {processor.py:183} INFO - Processing /home/airflow/.local/lib/python3.8/site-packages/airflow/example_dags/example_dag_decorator.py took 0.628 seconds
[2025-09-20T22:10:19.848+0000] {processor.py:161} INFO - Started process (PID=2487) to work on /home/airflow/.local/lib/python3.8/site-packages/airflow/example_dags/example_dag_decorator.py
[2025-09-20T22:10:19.850+0000] {processor.py:830} INFO - Processing file /home/airflow/.local/lib/python3.8/site-packages/airflow/example_dags/example_dag_decorator.py for tasks to queue
[2025-09-20T22:10:19.855+0000] {logging_mixin.py:188} INFO - [2025-09-20T22:10:19.854+0000] {dagbag.py:538} INFO - Filling up the DagBag from /home/airflow/.local/lib/python3.8/site-packages/airflow/example_dags/example_dag_decorator.py
[2025-09-20T22:10:20.089+0000] {processor.py:840} INFO - DAG(s) 'example_dag_decorator' retrieved from /home/airflow/.local/lib/python3.8/site-packages/airflow/example_dags/example_dag_decorator.py
[2025-09-20T22:10:20.302+0000] {logging_mixin.py:188} INFO - [2025-09-20T22:10:20.302+0000] {dag.py:3036} INFO - Sync 1 DAGs
[2025-09-20T22:10:20.321+0000] {logging_mixin.py:188} INFO - [2025-09-20T22:10:20.321+0000] {dag.py:3823} INFO - Setting next_dagrun for example_dag_decorator to None, run_after=None
[2025-09-20T22:10:20.355+0000] {processor.py:183} INFO - Processing /home/airflow/.local/lib/python3.8/site-packages/airflow/example_dags/example_dag_decorator.py took 0.515 seconds
[2025-09-20T22:10:50.565+0000] {processor.py:161} INFO - Started process (PID=2546) to work on /home/airflow/.local/lib/python3.8/site-packages/airflow/example_dags/example_dag_decorator.py
[2025-09-20T22:10:50.567+0000] {processor.py:830} INFO - Processing file /home/airflow/.local/lib/python3.8/site-packages/airflow/example_dags/example_dag_decorator.py for tasks to queue
[2025-09-20T22:10:50.570+0000] {logging_mixin.py:188} INFO - [2025-09-20T22:10:50.569+0000] {dagbag.py:538} INFO - Filling up the DagBag from /home/airflow/.local/lib/python3.8/site-packages/airflow/example_dags/example_dag_decorator.py
[2025-09-20T22:10:50.750+0000] {processor.py:840} INFO - DAG(s) 'example_dag_decorator' retrieved from /home/airflow/.local/lib/python3.8/site-packages/airflow/example_dags/example_dag_decorator.py
[2025-09-20T22:10:50.793+0000] {logging_mixin.py:188} INFO - [2025-09-20T22:10:50.792+0000] {dag.py:3036} INFO - Sync 1 DAGs
[2025-09-20T22:10:50.816+0000] {logging_mixin.py:188} INFO - [2025-09-20T22:10:50.816+0000] {dag.py:3823} INFO - Setting next_dagrun for example_dag_decorator to None, run_after=None
[2025-09-20T22:10:50.849+0000] {processor.py:183} INFO - Processing /home/airflow/.local/lib/python3.8/site-packages/airflow/example_dags/example_dag_decorator.py took 0.290 seconds
[2025-09-20T22:11:22.011+0000] {processor.py:161} INFO - Started process (PID=2605) to work on /home/airflow/.local/lib/python3.8/site-packages/airflow/example_dags/example_dag_decorator.py
[2025-09-20T22:11:22.013+0000] {processor.py:830} INFO - Processing file /home/airflow/.local/lib/python3.8/site-packages/airflow/example_dags/example_dag_decorator.py for tasks to queue
[2025-09-20T22:11:22.016+0000] {logging_mixin.py:188} INFO - [2025-09-20T22:11:22.015+0000] {dagbag.py:538} INFO - Filling up the DagBag from /home/airflow/.local/lib/python3.8/site-packages/airflow/example_dags/example_dag_decorator.py
[2025-09-20T22:11:22.190+0000] {processor.py:840} INFO - DAG(s) 'example_dag_decorator' retrieved from /home/airflow/.local/lib/python3.8/site-packages/airflow/example_dags/example_dag_decorator.py
[2025-09-20T22:11:22.430+0000] {logging_mixin.py:188} INFO - [2025-09-20T22:11:22.429+0000] {dag.py:3036} INFO - Sync 1 DAGs
[2025-09-20T22:11:22.453+0000] {logging_mixin.py:188} INFO - [2025-09-20T22:11:22.453+0000] {dag.py:3823} INFO - Setting next_dagrun for example_dag_decorator to None, run_after=None
[2025-09-20T22:11:22.498+0000] {processor.py:183} INFO - Processing /home/airflow/.local/lib/python3.8/site-packages/airflow/example_dags/example_dag_decorator.py took 0.493 seconds
[2025-09-20T22:11:52.777+0000] {processor.py:161} INFO - Started process (PID=2663) to work on /home/airflow/.local/lib/python3.8/site-packages/airflow/example_dags/example_dag_decorator.py
[2025-09-20T22:11:52.779+0000] {processor.py:830} INFO - Processing file /home/airflow/.local/lib/python3.8/site-packages/airflow/example_dags/example_dag_decorator.py for tasks to queue
[2025-09-20T22:11:52.783+0000] {logging_mixin.py:188} INFO - [2025-09-20T22:11:52.782+0000] {dagbag.py:538} INFO - Filling up the DagBag from /home/airflow/.local/lib/python3.8/site-packages/airflow/example_dags/example_dag_decorator.py
[2025-09-20T22:11:52.951+0000] {processor.py:840} INFO - DAG(s) 'example_dag_decorator' retrieved from /home/airflow/.local/lib/python3.8/site-packages/airflow/example_dags/example_dag_decorator.py
[2025-09-20T22:11:53.138+0000] {logging_mixin.py:188} INFO - [2025-09-20T22:11:53.137+0000] {dag.py:3036} INFO - Sync 1 DAGs
[2025-09-20T22:11:53.157+0000] {logging_mixin.py:188} INFO - [2025-09-20T22:11:53.157+0000] {dag.py:3823} INFO - Setting next_dagrun for example_dag_decorator to None, run_after=None
[2025-09-20T22:11:53.198+0000] {processor.py:183} INFO - Processing /home/airflow/.local/lib/python3.8/site-packages/airflow/example_dags/example_dag_decorator.py took 0.426 seconds
[2025-09-20T22:12:23.630+0000] {processor.py:161} INFO - Started process (PID=2721) to work on /home/airflow/.local/lib/python3.8/site-packages/airflow/example_dags/example_dag_decorator.py
[2025-09-20T22:12:23.632+0000] {processor.py:830} INFO - Processing file /home/airflow/.local/lib/python3.8/site-packages/airflow/example_dags/example_dag_decorator.py for tasks to queue
[2025-09-20T22:12:23.636+0000] {logging_mixin.py:188} INFO - [2025-09-20T22:12:23.635+0000] {dagbag.py:538} INFO - Filling up the DagBag from /home/airflow/.local/lib/python3.8/site-packages/airflow/example_dags/example_dag_decorator.py
[2025-09-20T22:12:23.805+0000] {processor.py:840} INFO - DAG(s) 'example_dag_decorator' retrieved from /home/airflow/.local/lib/python3.8/site-packages/airflow/example_dags/example_dag_decorator.py
[2025-09-20T22:12:23.984+0000] {logging_mixin.py:188} INFO - [2025-09-20T22:12:23.983+0000] {dag.py:3036} INFO - Sync 1 DAGs
[2025-09-20T22:12:24.002+0000] {logging_mixin.py:188} INFO - [2025-09-20T22:12:24.002+0000] {dag.py:3823} INFO - Setting next_dagrun for example_dag_decorator to None, run_after=None
[2025-09-20T22:12:24.041+0000] {processor.py:183} INFO - Processing /home/airflow/.local/lib/python3.8/site-packages/airflow/example_dags/example_dag_decorator.py took 0.417 seconds
[2025-09-20T22:12:54.357+0000] {processor.py:161} INFO - Started process (PID=2779) to work on /home/airflow/.local/lib/python3.8/site-packages/airflow/example_dags/example_dag_decorator.py
[2025-09-20T22:12:54.358+0000] {processor.py:830} INFO - Processing file /home/airflow/.local/lib/python3.8/site-packages/airflow/example_dags/example_dag_decorator.py for tasks to queue
[2025-09-20T22:12:54.362+0000] {logging_mixin.py:188} INFO - [2025-09-20T22:12:54.361+0000] {dagbag.py:538} INFO - Filling up the DagBag from /home/airflow/.local/lib/python3.8/site-packages/airflow/example_dags/example_dag_decorator.py
[2025-09-20T22:12:54.529+0000] {processor.py:840} INFO - DAG(s) 'example_dag_decorator' retrieved from /home/airflow/.local/lib/python3.8/site-packages/airflow/example_dags/example_dag_decorator.py
[2025-09-20T22:12:54.723+0000] {logging_mixin.py:188} INFO - [2025-09-20T22:12:54.723+0000] {dag.py:3036} INFO - Sync 1 DAGs
[2025-09-20T22:12:54.743+0000] {logging_mixin.py:188} INFO - [2025-09-20T22:12:54.742+0000] {dag.py:3823} INFO - Setting next_dagrun for example_dag_decorator to None, run_after=None
[2025-09-20T22:12:54.782+0000] {processor.py:183} INFO - Processing /home/airflow/.local/lib/python3.8/site-packages/airflow/example_dags/example_dag_decorator.py took 0.431 seconds
[2025-09-20T22:13:25.615+0000] {processor.py:161} INFO - Started process (PID=2837) to work on /home/airflow/.local/lib/python3.8/site-packages/airflow/example_dags/example_dag_decorator.py
[2025-09-20T22:13:25.617+0000] {processor.py:830} INFO - Processing file /home/airflow/.local/lib/python3.8/site-packages/airflow/example_dags/example_dag_decorator.py for tasks to queue
[2025-09-20T22:13:25.621+0000] {logging_mixin.py:188} INFO - [2025-09-20T22:13:25.621+0000] {dagbag.py:538} INFO - Filling up the DagBag from /home/airflow/.local/lib/python3.8/site-packages/airflow/example_dags/example_dag_decorator.py
[2025-09-20T22:13:25.797+0000] {processor.py:840} INFO - DAG(s) 'example_dag_decorator' retrieved from /home/airflow/.local/lib/python3.8/site-packages/airflow/example_dags/example_dag_decorator.py
[2025-09-20T22:13:25.975+0000] {logging_mixin.py:188} INFO - [2025-09-20T22:13:25.975+0000] {dag.py:3036} INFO - Sync 1 DAGs
[2025-09-20T22:13:25.994+0000] {logging_mixin.py:188} INFO - [2025-09-20T22:13:25.993+0000] {dag.py:3823} INFO - Setting next_dagrun for example_dag_decorator to None, run_after=None
[2025-09-20T22:13:26.034+0000] {processor.py:183} INFO - Processing /home/airflow/.local/lib/python3.8/site-packages/airflow/example_dags/example_dag_decorator.py took 0.425 seconds
[2025-09-20T22:13:56.419+0000] {processor.py:161} INFO - Started process (PID=2895) to work on /home/airflow/.local/lib/python3.8/site-packages/airflow/example_dags/example_dag_decorator.py
[2025-09-20T22:13:56.420+0000] {processor.py:830} INFO - Processing file /home/airflow/.local/lib/python3.8/site-packages/airflow/example_dags/example_dag_decorator.py for tasks to queue
[2025-09-20T22:13:56.424+0000] {logging_mixin.py:188} INFO - [2025-09-20T22:13:56.423+0000] {dagbag.py:538} INFO - Filling up the DagBag from /home/airflow/.local/lib/python3.8/site-packages/airflow/example_dags/example_dag_decorator.py
[2025-09-20T22:13:56.590+0000] {processor.py:840} INFO - DAG(s) 'example_dag_decorator' retrieved from /home/airflow/.local/lib/python3.8/site-packages/airflow/example_dags/example_dag_decorator.py
[2025-09-20T22:13:56.631+0000] {logging_mixin.py:188} INFO - [2025-09-20T22:13:56.630+0000] {dag.py:3036} INFO - Sync 1 DAGs
[2025-09-20T22:13:56.652+0000] {logging_mixin.py:188} INFO - [2025-09-20T22:13:56.651+0000] {dag.py:3823} INFO - Setting next_dagrun for example_dag_decorator to None, run_after=None
[2025-09-20T22:13:56.691+0000] {processor.py:183} INFO - Processing /home/airflow/.local/lib/python3.8/site-packages/airflow/example_dags/example_dag_decorator.py took 0.277 seconds
[2025-09-20T22:14:27.318+0000] {processor.py:161} INFO - Started process (PID=2953) to work on /home/airflow/.local/lib/python3.8/site-packages/airflow/example_dags/example_dag_decorator.py
[2025-09-20T22:14:27.319+0000] {processor.py:830} INFO - Processing file /home/airflow/.local/lib/python3.8/site-packages/airflow/example_dags/example_dag_decorator.py for tasks to queue
[2025-09-20T22:14:27.323+0000] {logging_mixin.py:188} INFO - [2025-09-20T22:14:27.322+0000] {dagbag.py:538} INFO - Filling up the DagBag from /home/airflow/.local/lib/python3.8/site-packages/airflow/example_dags/example_dag_decorator.py
[2025-09-20T22:14:27.489+0000] {processor.py:840} INFO - DAG(s) 'example_dag_decorator' retrieved from /home/airflow/.local/lib/python3.8/site-packages/airflow/example_dags/example_dag_decorator.py
[2025-09-20T22:14:27.531+0000] {logging_mixin.py:188} INFO - [2025-09-20T22:14:27.531+0000] {dag.py:3036} INFO - Sync 1 DAGs
[2025-09-20T22:14:27.553+0000] {logging_mixin.py:188} INFO - [2025-09-20T22:14:27.553+0000] {dag.py:3823} INFO - Setting next_dagrun for example_dag_decorator to None, run_after=None
[2025-09-20T22:14:27.588+0000] {processor.py:183} INFO - Processing /home/airflow/.local/lib/python3.8/site-packages/airflow/example_dags/example_dag_decorator.py took 0.275 seconds
[2025-09-20T22:14:58.199+0000] {processor.py:161} INFO - Started process (PID=3011) to work on /home/airflow/.local/lib/python3.8/site-packages/airflow/example_dags/example_dag_decorator.py
[2025-09-20T22:14:58.201+0000] {processor.py:830} INFO - Processing file /home/airflow/.local/lib/python3.8/site-packages/airflow/example_dags/example_dag_decorator.py for tasks to queue
[2025-09-20T22:14:58.205+0000] {logging_mixin.py:188} INFO - [2025-09-20T22:14:58.204+0000] {dagbag.py:538} INFO - Filling up the DagBag from /home/airflow/.local/lib/python3.8/site-packages/airflow/example_dags/example_dag_decorator.py
[2025-09-20T22:14:58.375+0000] {processor.py:840} INFO - DAG(s) 'example_dag_decorator' retrieved from /home/airflow/.local/lib/python3.8/site-packages/airflow/example_dags/example_dag_decorator.py
[2025-09-20T22:14:58.415+0000] {logging_mixin.py:188} INFO - [2025-09-20T22:14:58.415+0000] {dag.py:3036} INFO - Sync 1 DAGs
[2025-09-20T22:14:58.439+0000] {logging_mixin.py:188} INFO - [2025-09-20T22:14:58.438+0000] {dag.py:3823} INFO - Setting next_dagrun for example_dag_decorator to None, run_after=None
[2025-09-20T22:14:58.477+0000] {processor.py:183} INFO - Processing /home/airflow/.local/lib/python3.8/site-packages/airflow/example_dags/example_dag_decorator.py took 0.283 seconds
[2025-09-20T22:15:28.917+0000] {processor.py:161} INFO - Started process (PID=3069) to work on /home/airflow/.local/lib/python3.8/site-packages/airflow/example_dags/example_dag_decorator.py
[2025-09-20T22:15:28.918+0000] {processor.py:830} INFO - Processing file /home/airflow/.local/lib/python3.8/site-packages/airflow/example_dags/example_dag_decorator.py for tasks to queue
[2025-09-20T22:15:28.922+0000] {logging_mixin.py:188} INFO - [2025-09-20T22:15:28.921+0000] {dagbag.py:538} INFO - Filling up the DagBag from /home/airflow/.local/lib/python3.8/site-packages/airflow/example_dags/example_dag_decorator.py
[2025-09-20T22:15:29.087+0000] {processor.py:840} INFO - DAG(s) 'example_dag_decorator' retrieved from /home/airflow/.local/lib/python3.8/site-packages/airflow/example_dags/example_dag_decorator.py
[2025-09-20T22:15:29.271+0000] {logging_mixin.py:188} INFO - [2025-09-20T22:15:29.271+0000] {dag.py:3036} INFO - Sync 1 DAGs
[2025-09-20T22:15:29.290+0000] {logging_mixin.py:188} INFO - [2025-09-20T22:15:29.289+0000] {dag.py:3823} INFO - Setting next_dagrun for example_dag_decorator to None, run_after=None
[2025-09-20T22:15:29.323+0000] {processor.py:183} INFO - Processing /home/airflow/.local/lib/python3.8/site-packages/airflow/example_dags/example_dag_decorator.py took 0.412 seconds
[2025-09-20T22:15:59.713+0000] {processor.py:161} INFO - Started process (PID=3127) to work on /home/airflow/.local/lib/python3.8/site-packages/airflow/example_dags/example_dag_decorator.py
[2025-09-20T22:15:59.714+0000] {processor.py:830} INFO - Processing file /home/airflow/.local/lib/python3.8/site-packages/airflow/example_dags/example_dag_decorator.py for tasks to queue
[2025-09-20T22:15:59.718+0000] {logging_mixin.py:188} INFO - [2025-09-20T22:15:59.717+0000] {dagbag.py:538} INFO - Filling up the DagBag from /home/airflow/.local/lib/python3.8/site-packages/airflow/example_dags/example_dag_decorator.py
[2025-09-20T22:15:59.885+0000] {processor.py:840} INFO - DAG(s) 'example_dag_decorator' retrieved from /home/airflow/.local/lib/python3.8/site-packages/airflow/example_dags/example_dag_decorator.py
[2025-09-20T22:16:00.078+0000] {logging_mixin.py:188} INFO - [2025-09-20T22:16:00.077+0000] {dag.py:3036} INFO - Sync 1 DAGs
[2025-09-20T22:16:00.096+0000] {logging_mixin.py:188} INFO - [2025-09-20T22:16:00.096+0000] {dag.py:3823} INFO - Setting next_dagrun for example_dag_decorator to None, run_after=None
[2025-09-20T22:16:00.134+0000] {processor.py:183} INFO - Processing /home/airflow/.local/lib/python3.8/site-packages/airflow/example_dags/example_dag_decorator.py took 0.426 seconds
[2025-09-20T22:16:30.497+0000] {processor.py:161} INFO - Started process (PID=3185) to work on /home/airflow/.local/lib/python3.8/site-packages/airflow/example_dags/example_dag_decorator.py
[2025-09-20T22:16:30.499+0000] {processor.py:830} INFO - Processing file /home/airflow/.local/lib/python3.8/site-packages/airflow/example_dags/example_dag_decorator.py for tasks to queue
[2025-09-20T22:16:30.503+0000] {logging_mixin.py:188} INFO - [2025-09-20T22:16:30.502+0000] {dagbag.py:538} INFO - Filling up the DagBag from /home/airflow/.local/lib/python3.8/site-packages/airflow/example_dags/example_dag_decorator.py
[2025-09-20T22:16:30.685+0000] {processor.py:840} INFO - DAG(s) 'example_dag_decorator' retrieved from /home/airflow/.local/lib/python3.8/site-packages/airflow/example_dags/example_dag_decorator.py
[2025-09-20T22:16:30.883+0000] {logging_mixin.py:188} INFO - [2025-09-20T22:16:30.883+0000] {dag.py:3036} INFO - Sync 1 DAGs
[2025-09-20T22:16:30.903+0000] {logging_mixin.py:188} INFO - [2025-09-20T22:16:30.902+0000] {dag.py:3823} INFO - Setting next_dagrun for example_dag_decorator to None, run_after=None
[2025-09-20T22:16:30.942+0000] {processor.py:183} INFO - Processing /home/airflow/.local/lib/python3.8/site-packages/airflow/example_dags/example_dag_decorator.py took 0.450 seconds
[2025-09-20T22:17:01.195+0000] {processor.py:161} INFO - Started process (PID=3243) to work on /home/airflow/.local/lib/python3.8/site-packages/airflow/example_dags/example_dag_decorator.py
[2025-09-20T22:17:01.197+0000] {processor.py:830} INFO - Processing file /home/airflow/.local/lib/python3.8/site-packages/airflow/example_dags/example_dag_decorator.py for tasks to queue
[2025-09-20T22:17:01.201+0000] {logging_mixin.py:188} INFO - [2025-09-20T22:17:01.200+0000] {dagbag.py:538} INFO - Filling up the DagBag from /home/airflow/.local/lib/python3.8/site-packages/airflow/example_dags/example_dag_decorator.py
[2025-09-20T22:17:01.365+0000] {processor.py:840} INFO - DAG(s) 'example_dag_decorator' retrieved from /home/airflow/.local/lib/python3.8/site-packages/airflow/example_dags/example_dag_decorator.py
[2025-09-20T22:17:01.576+0000] {logging_mixin.py:188} INFO - [2025-09-20T22:17:01.576+0000] {dag.py:3036} INFO - Sync 1 DAGs
[2025-09-20T22:17:01.599+0000] {logging_mixin.py:188} INFO - [2025-09-20T22:17:01.598+0000] {dag.py:3823} INFO - Setting next_dagrun for example_dag_decorator to None, run_after=None
[2025-09-20T22:17:01.636+0000] {processor.py:183} INFO - Processing /home/airflow/.local/lib/python3.8/site-packages/airflow/example_dags/example_dag_decorator.py took 0.448 seconds
[2025-09-20T22:17:31.727+0000] {processor.py:161} INFO - Started process (PID=3301) to work on /home/airflow/.local/lib/python3.8/site-packages/airflow/example_dags/example_dag_decorator.py
[2025-09-20T22:17:31.729+0000] {processor.py:830} INFO - Processing file /home/airflow/.local/lib/python3.8/site-packages/airflow/example_dags/example_dag_decorator.py for tasks to queue
[2025-09-20T22:17:31.733+0000] {logging_mixin.py:188} INFO - [2025-09-20T22:17:31.733+0000] {dagbag.py:538} INFO - Filling up the DagBag from /home/airflow/.local/lib/python3.8/site-packages/airflow/example_dags/example_dag_decorator.py
[2025-09-20T22:17:31.945+0000] {processor.py:840} INFO - DAG(s) 'example_dag_decorator' retrieved from /home/airflow/.local/lib/python3.8/site-packages/airflow/example_dags/example_dag_decorator.py
[2025-09-20T22:17:32.140+0000] {logging_mixin.py:188} INFO - [2025-09-20T22:17:32.140+0000] {dag.py:3036} INFO - Sync 1 DAGs
[2025-09-20T22:17:32.162+0000] {logging_mixin.py:188} INFO - [2025-09-20T22:17:32.162+0000] {dag.py:3823} INFO - Setting next_dagrun for example_dag_decorator to None, run_after=None
[2025-09-20T22:17:32.216+0000] {processor.py:183} INFO - Processing /home/airflow/.local/lib/python3.8/site-packages/airflow/example_dags/example_dag_decorator.py took 0.496 seconds
[2025-09-20T22:18:02.619+0000] {processor.py:161} INFO - Started process (PID=3359) to work on /home/airflow/.local/lib/python3.8/site-packages/airflow/example_dags/example_dag_decorator.py
[2025-09-20T22:18:02.621+0000] {processor.py:830} INFO - Processing file /home/airflow/.local/lib/python3.8/site-packages/airflow/example_dags/example_dag_decorator.py for tasks to queue
[2025-09-20T22:18:02.624+0000] {logging_mixin.py:188} INFO - [2025-09-20T22:18:02.624+0000] {dagbag.py:538} INFO - Filling up the DagBag from /home/airflow/.local/lib/python3.8/site-packages/airflow/example_dags/example_dag_decorator.py
[2025-09-20T22:18:02.808+0000] {processor.py:840} INFO - DAG(s) 'example_dag_decorator' retrieved from /home/airflow/.local/lib/python3.8/site-packages/airflow/example_dags/example_dag_decorator.py
[2025-09-20T22:18:03.004+0000] {logging_mixin.py:188} INFO - [2025-09-20T22:18:03.004+0000] {dag.py:3036} INFO - Sync 1 DAGs
[2025-09-20T22:18:03.028+0000] {logging_mixin.py:188} INFO - [2025-09-20T22:18:03.028+0000] {dag.py:3823} INFO - Setting next_dagrun for example_dag_decorator to None, run_after=None
[2025-09-20T22:18:03.062+0000] {processor.py:183} INFO - Processing /home/airflow/.local/lib/python3.8/site-packages/airflow/example_dags/example_dag_decorator.py took 0.449 seconds
[2025-09-20T22:18:33.670+0000] {processor.py:161} INFO - Started process (PID=3417) to work on /home/airflow/.local/lib/python3.8/site-packages/airflow/example_dags/example_dag_decorator.py
[2025-09-20T22:18:33.672+0000] {processor.py:830} INFO - Processing file /home/airflow/.local/lib/python3.8/site-packages/airflow/example_dags/example_dag_decorator.py for tasks to queue
[2025-09-20T22:18:33.676+0000] {logging_mixin.py:188} INFO - [2025-09-20T22:18:33.676+0000] {dagbag.py:538} INFO - Filling up the DagBag from /home/airflow/.local/lib/python3.8/site-packages/airflow/example_dags/example_dag_decorator.py
[2025-09-20T22:18:33.852+0000] {processor.py:840} INFO - DAG(s) 'example_dag_decorator' retrieved from /home/airflow/.local/lib/python3.8/site-packages/airflow/example_dags/example_dag_decorator.py
[2025-09-20T22:18:34.055+0000] {logging_mixin.py:188} INFO - [2025-09-20T22:18:34.055+0000] {dag.py:3036} INFO - Sync 1 DAGs
[2025-09-20T22:18:34.075+0000] {logging_mixin.py:188} INFO - [2025-09-20T22:18:34.075+0000] {dag.py:3823} INFO - Setting next_dagrun for example_dag_decorator to None, run_after=None
[2025-09-20T22:18:34.116+0000] {processor.py:183} INFO - Processing /home/airflow/.local/lib/python3.8/site-packages/airflow/example_dags/example_dag_decorator.py took 0.451 seconds
[2025-09-20T22:19:04.279+0000] {processor.py:161} INFO - Started process (PID=3474) to work on /home/airflow/.local/lib/python3.8/site-packages/airflow/example_dags/example_dag_decorator.py
[2025-09-20T22:19:04.281+0000] {processor.py:830} INFO - Processing file /home/airflow/.local/lib/python3.8/site-packages/airflow/example_dags/example_dag_decorator.py for tasks to queue
[2025-09-20T22:19:04.284+0000] {logging_mixin.py:188} INFO - [2025-09-20T22:19:04.283+0000] {dagbag.py:538} INFO - Filling up the DagBag from /home/airflow/.local/lib/python3.8/site-packages/airflow/example_dags/example_dag_decorator.py
[2025-09-20T22:19:04.461+0000] {processor.py:840} INFO - DAG(s) 'example_dag_decorator' retrieved from /home/airflow/.local/lib/python3.8/site-packages/airflow/example_dags/example_dag_decorator.py
[2025-09-20T22:19:04.651+0000] {logging_mixin.py:188} INFO - [2025-09-20T22:19:04.651+0000] {dag.py:3036} INFO - Sync 1 DAGs
[2025-09-20T22:19:04.672+0000] {logging_mixin.py:188} INFO - [2025-09-20T22:19:04.672+0000] {dag.py:3823} INFO - Setting next_dagrun for example_dag_decorator to None, run_after=None
[2025-09-20T22:19:04.716+0000] {processor.py:183} INFO - Processing /home/airflow/.local/lib/python3.8/site-packages/airflow/example_dags/example_dag_decorator.py took 0.444 seconds
[2025-09-20T22:19:35.087+0000] {processor.py:161} INFO - Started process (PID=3531) to work on /home/airflow/.local/lib/python3.8/site-packages/airflow/example_dags/example_dag_decorator.py
[2025-09-20T22:19:35.090+0000] {processor.py:830} INFO - Processing file /home/airflow/.local/lib/python3.8/site-packages/airflow/example_dags/example_dag_decorator.py for tasks to queue
[2025-09-20T22:19:35.094+0000] {logging_mixin.py:188} INFO - [2025-09-20T22:19:35.093+0000] {dagbag.py:538} INFO - Filling up the DagBag from /home/airflow/.local/lib/python3.8/site-packages/airflow/example_dags/example_dag_decorator.py
[2025-09-20T22:19:35.281+0000] {processor.py:840} INFO - DAG(s) 'example_dag_decorator' retrieved from /home/airflow/.local/lib/python3.8/site-packages/airflow/example_dags/example_dag_decorator.py
[2025-09-20T22:19:35.473+0000] {logging_mixin.py:188} INFO - [2025-09-20T22:19:35.472+0000] {dag.py:3036} INFO - Sync 1 DAGs
[2025-09-20T22:19:35.493+0000] {logging_mixin.py:188} INFO - [2025-09-20T22:19:35.492+0000] {dag.py:3823} INFO - Setting next_dagrun for example_dag_decorator to None, run_after=None
[2025-09-20T22:19:35.533+0000] {processor.py:183} INFO - Processing /home/airflow/.local/lib/python3.8/site-packages/airflow/example_dags/example_dag_decorator.py took 0.453 seconds
[2025-09-20T22:20:05.969+0000] {processor.py:161} INFO - Started process (PID=3589) to work on /home/airflow/.local/lib/python3.8/site-packages/airflow/example_dags/example_dag_decorator.py
[2025-09-20T22:20:05.971+0000] {processor.py:830} INFO - Processing file /home/airflow/.local/lib/python3.8/site-packages/airflow/example_dags/example_dag_decorator.py for tasks to queue
[2025-09-20T22:20:05.975+0000] {logging_mixin.py:188} INFO - [2025-09-20T22:20:05.974+0000] {dagbag.py:538} INFO - Filling up the DagBag from /home/airflow/.local/lib/python3.8/site-packages/airflow/example_dags/example_dag_decorator.py
[2025-09-20T22:20:06.137+0000] {processor.py:840} INFO - DAG(s) 'example_dag_decorator' retrieved from /home/airflow/.local/lib/python3.8/site-packages/airflow/example_dags/example_dag_decorator.py
[2025-09-20T22:20:06.314+0000] {logging_mixin.py:188} INFO - [2025-09-20T22:20:06.314+0000] {dag.py:3036} INFO - Sync 1 DAGs
[2025-09-20T22:20:06.333+0000] {logging_mixin.py:188} INFO - [2025-09-20T22:20:06.332+0000] {dag.py:3823} INFO - Setting next_dagrun for example_dag_decorator to None, run_after=None
[2025-09-20T22:20:06.370+0000] {processor.py:183} INFO - Processing /home/airflow/.local/lib/python3.8/site-packages/airflow/example_dags/example_dag_decorator.py took 0.407 seconds
[2025-09-20T22:20:36.790+0000] {processor.py:161} INFO - Started process (PID=3647) to work on /home/airflow/.local/lib/python3.8/site-packages/airflow/example_dags/example_dag_decorator.py
[2025-09-20T22:20:36.793+0000] {processor.py:830} INFO - Processing file /home/airflow/.local/lib/python3.8/site-packages/airflow/example_dags/example_dag_decorator.py for tasks to queue
[2025-09-20T22:20:36.797+0000] {logging_mixin.py:188} INFO - [2025-09-20T22:20:36.796+0000] {dagbag.py:538} INFO - Filling up the DagBag from /home/airflow/.local/lib/python3.8/site-packages/airflow/example_dags/example_dag_decorator.py
[2025-09-20T22:20:36.968+0000] {processor.py:840} INFO - DAG(s) 'example_dag_decorator' retrieved from /home/airflow/.local/lib/python3.8/site-packages/airflow/example_dags/example_dag_decorator.py
[2025-09-20T22:20:37.152+0000] {logging_mixin.py:188} INFO - [2025-09-20T22:20:37.151+0000] {dag.py:3036} INFO - Sync 1 DAGs
[2025-09-20T22:20:37.172+0000] {logging_mixin.py:188} INFO - [2025-09-20T22:20:37.172+0000] {dag.py:3823} INFO - Setting next_dagrun for example_dag_decorator to None, run_after=None
[2025-09-20T22:20:37.214+0000] {processor.py:183} INFO - Processing /home/airflow/.local/lib/python3.8/site-packages/airflow/example_dags/example_dag_decorator.py took 0.430 seconds
[2025-09-20T22:21:07.471+0000] {processor.py:161} INFO - Started process (PID=3705) to work on /home/airflow/.local/lib/python3.8/site-packages/airflow/example_dags/example_dag_decorator.py
[2025-09-20T22:21:07.473+0000] {processor.py:830} INFO - Processing file /home/airflow/.local/lib/python3.8/site-packages/airflow/example_dags/example_dag_decorator.py for tasks to queue
[2025-09-20T22:21:07.477+0000] {logging_mixin.py:188} INFO - [2025-09-20T22:21:07.476+0000] {dagbag.py:538} INFO - Filling up the DagBag from /home/airflow/.local/lib/python3.8/site-packages/airflow/example_dags/example_dag_decorator.py
[2025-09-20T22:21:07.643+0000] {processor.py:840} INFO - DAG(s) 'example_dag_decorator' retrieved from /home/airflow/.local/lib/python3.8/site-packages/airflow/example_dags/example_dag_decorator.py
[2025-09-20T22:21:07.818+0000] {logging_mixin.py:188} INFO - [2025-09-20T22:21:07.818+0000] {dag.py:3036} INFO - Sync 1 DAGs
[2025-09-20T22:21:07.837+0000] {logging_mixin.py:188} INFO - [2025-09-20T22:21:07.836+0000] {dag.py:3823} INFO - Setting next_dagrun for example_dag_decorator to None, run_after=None
[2025-09-20T22:21:07.875+0000] {processor.py:183} INFO - Processing /home/airflow/.local/lib/python3.8/site-packages/airflow/example_dags/example_dag_decorator.py took 0.410 seconds
[2025-09-20T22:21:38.252+0000] {processor.py:161} INFO - Started process (PID=3761) to work on /home/airflow/.local/lib/python3.8/site-packages/airflow/example_dags/example_dag_decorator.py
[2025-09-20T22:21:38.254+0000] {processor.py:830} INFO - Processing file /home/airflow/.local/lib/python3.8/site-packages/airflow/example_dags/example_dag_decorator.py for tasks to queue
[2025-09-20T22:21:38.258+0000] {logging_mixin.py:188} INFO - [2025-09-20T22:21:38.257+0000] {dagbag.py:538} INFO - Filling up the DagBag from /home/airflow/.local/lib/python3.8/site-packages/airflow/example_dags/example_dag_decorator.py
[2025-09-20T22:21:38.462+0000] {processor.py:840} INFO - DAG(s) 'example_dag_decorator' retrieved from /home/airflow/.local/lib/python3.8/site-packages/airflow/example_dags/example_dag_decorator.py
[2025-09-20T22:21:38.683+0000] {logging_mixin.py:188} INFO - [2025-09-20T22:21:38.683+0000] {dag.py:3036} INFO - Sync 1 DAGs
[2025-09-20T22:21:38.705+0000] {logging_mixin.py:188} INFO - [2025-09-20T22:21:38.705+0000] {dag.py:3823} INFO - Setting next_dagrun for example_dag_decorator to None, run_after=None
[2025-09-20T22:21:38.747+0000] {processor.py:183} INFO - Processing /home/airflow/.local/lib/python3.8/site-packages/airflow/example_dags/example_dag_decorator.py took 0.501 seconds
[2025-09-20T22:22:08.838+0000] {processor.py:161} INFO - Started process (PID=3819) to work on /home/airflow/.local/lib/python3.8/site-packages/airflow/example_dags/example_dag_decorator.py
[2025-09-20T22:22:08.840+0000] {processor.py:830} INFO - Processing file /home/airflow/.local/lib/python3.8/site-packages/airflow/example_dags/example_dag_decorator.py for tasks to queue
[2025-09-20T22:22:08.843+0000] {logging_mixin.py:188} INFO - [2025-09-20T22:22:08.843+0000] {dagbag.py:538} INFO - Filling up the DagBag from /home/airflow/.local/lib/python3.8/site-packages/airflow/example_dags/example_dag_decorator.py
[2025-09-20T22:22:09.023+0000] {processor.py:840} INFO - DAG(s) 'example_dag_decorator' retrieved from /home/airflow/.local/lib/python3.8/site-packages/airflow/example_dags/example_dag_decorator.py
[2025-09-20T22:22:09.209+0000] {logging_mixin.py:188} INFO - [2025-09-20T22:22:09.208+0000] {dag.py:3036} INFO - Sync 1 DAGs
[2025-09-20T22:22:09.228+0000] {logging_mixin.py:188} INFO - [2025-09-20T22:22:09.227+0000] {dag.py:3823} INFO - Setting next_dagrun for example_dag_decorator to None, run_after=None
[2025-09-20T22:22:09.268+0000] {processor.py:183} INFO - Processing /home/airflow/.local/lib/python3.8/site-packages/airflow/example_dags/example_dag_decorator.py took 0.435 seconds
[2025-09-20T22:22:40.090+0000] {processor.py:161} INFO - Started process (PID=3877) to work on /home/airflow/.local/lib/python3.8/site-packages/airflow/example_dags/example_dag_decorator.py
[2025-09-20T22:22:40.092+0000] {processor.py:830} INFO - Processing file /home/airflow/.local/lib/python3.8/site-packages/airflow/example_dags/example_dag_decorator.py for tasks to queue
[2025-09-20T22:22:40.095+0000] {logging_mixin.py:188} INFO - [2025-09-20T22:22:40.095+0000] {dagbag.py:538} INFO - Filling up the DagBag from /home/airflow/.local/lib/python3.8/site-packages/airflow/example_dags/example_dag_decorator.py
[2025-09-20T22:22:40.274+0000] {processor.py:840} INFO - DAG(s) 'example_dag_decorator' retrieved from /home/airflow/.local/lib/python3.8/site-packages/airflow/example_dags/example_dag_decorator.py
[2025-09-20T22:22:40.455+0000] {logging_mixin.py:188} INFO - [2025-09-20T22:22:40.455+0000] {dag.py:3036} INFO - Sync 1 DAGs
[2025-09-20T22:22:40.475+0000] {logging_mixin.py:188} INFO - [2025-09-20T22:22:40.475+0000] {dag.py:3823} INFO - Setting next_dagrun for example_dag_decorator to None, run_after=None
[2025-09-20T22:22:40.515+0000] {processor.py:183} INFO - Processing /home/airflow/.local/lib/python3.8/site-packages/airflow/example_dags/example_dag_decorator.py took 0.431 seconds
[2025-09-20T22:23:11.548+0000] {processor.py:161} INFO - Started process (PID=3935) to work on /home/airflow/.local/lib/python3.8/site-packages/airflow/example_dags/example_dag_decorator.py
[2025-09-20T22:23:11.550+0000] {processor.py:830} INFO - Processing file /home/airflow/.local/lib/python3.8/site-packages/airflow/example_dags/example_dag_decorator.py for tasks to queue
[2025-09-20T22:23:11.553+0000] {logging_mixin.py:188} INFO - [2025-09-20T22:23:11.553+0000] {dagbag.py:538} INFO - Filling up the DagBag from /home/airflow/.local/lib/python3.8/site-packages/airflow/example_dags/example_dag_decorator.py
[2025-09-20T22:23:11.733+0000] {processor.py:840} INFO - DAG(s) 'example_dag_decorator' retrieved from /home/airflow/.local/lib/python3.8/site-packages/airflow/example_dags/example_dag_decorator.py
[2025-09-20T22:23:11.940+0000] {logging_mixin.py:188} INFO - [2025-09-20T22:23:11.939+0000] {dag.py:3036} INFO - Sync 1 DAGs
[2025-09-20T22:23:11.958+0000] {logging_mixin.py:188} INFO - [2025-09-20T22:23:11.958+0000] {dag.py:3823} INFO - Setting next_dagrun for example_dag_decorator to None, run_after=None
[2025-09-20T22:23:11.996+0000] {processor.py:183} INFO - Processing /home/airflow/.local/lib/python3.8/site-packages/airflow/example_dags/example_dag_decorator.py took 0.454 seconds
[2025-09-20T22:23:43.000+0000] {processor.py:161} INFO - Started process (PID=3993) to work on /home/airflow/.local/lib/python3.8/site-packages/airflow/example_dags/example_dag_decorator.py
[2025-09-20T22:23:43.002+0000] {processor.py:830} INFO - Processing file /home/airflow/.local/lib/python3.8/site-packages/airflow/example_dags/example_dag_decorator.py for tasks to queue
[2025-09-20T22:23:43.006+0000] {logging_mixin.py:188} INFO - [2025-09-20T22:23:43.005+0000] {dagbag.py:538} INFO - Filling up the DagBag from /home/airflow/.local/lib/python3.8/site-packages/airflow/example_dags/example_dag_decorator.py
[2025-09-20T22:23:43.174+0000] {processor.py:840} INFO - DAG(s) 'example_dag_decorator' retrieved from /home/airflow/.local/lib/python3.8/site-packages/airflow/example_dags/example_dag_decorator.py
[2025-09-20T22:23:43.371+0000] {logging_mixin.py:188} INFO - [2025-09-20T22:23:43.371+0000] {dag.py:3036} INFO - Sync 1 DAGs
[2025-09-20T22:23:43.390+0000] {logging_mixin.py:188} INFO - [2025-09-20T22:23:43.390+0000] {dag.py:3823} INFO - Setting next_dagrun for example_dag_decorator to None, run_after=None
[2025-09-20T22:23:43.428+0000] {processor.py:183} INFO - Processing /home/airflow/.local/lib/python3.8/site-packages/airflow/example_dags/example_dag_decorator.py took 0.434 seconds
[2025-09-20T22:24:14.431+0000] {processor.py:161} INFO - Started process (PID=4051) to work on /home/airflow/.local/lib/python3.8/site-packages/airflow/example_dags/example_dag_decorator.py
[2025-09-20T22:24:14.433+0000] {processor.py:830} INFO - Processing file /home/airflow/.local/lib/python3.8/site-packages/airflow/example_dags/example_dag_decorator.py for tasks to queue
[2025-09-20T22:24:14.436+0000] {logging_mixin.py:188} INFO - [2025-09-20T22:24:14.435+0000] {dagbag.py:538} INFO - Filling up the DagBag from /home/airflow/.local/lib/python3.8/site-packages/airflow/example_dags/example_dag_decorator.py
[2025-09-20T22:24:14.614+0000] {processor.py:840} INFO - DAG(s) 'example_dag_decorator' retrieved from /home/airflow/.local/lib/python3.8/site-packages/airflow/example_dags/example_dag_decorator.py
[2025-09-20T22:24:14.805+0000] {logging_mixin.py:188} INFO - [2025-09-20T22:24:14.805+0000] {dag.py:3036} INFO - Sync 1 DAGs
[2025-09-20T22:24:14.824+0000] {logging_mixin.py:188} INFO - [2025-09-20T22:24:14.824+0000] {dag.py:3823} INFO - Setting next_dagrun for example_dag_decorator to None, run_after=None
[2025-09-20T22:24:14.863+0000] {processor.py:183} INFO - Processing /home/airflow/.local/lib/python3.8/site-packages/airflow/example_dags/example_dag_decorator.py took 0.438 seconds
[2025-09-20T22:24:45.499+0000] {processor.py:161} INFO - Started process (PID=4109) to work on /home/airflow/.local/lib/python3.8/site-packages/airflow/example_dags/example_dag_decorator.py
[2025-09-20T22:24:45.501+0000] {processor.py:830} INFO - Processing file /home/airflow/.local/lib/python3.8/site-packages/airflow/example_dags/example_dag_decorator.py for tasks to queue
[2025-09-20T22:24:45.505+0000] {logging_mixin.py:188} INFO - [2025-09-20T22:24:45.504+0000] {dagbag.py:538} INFO - Filling up the DagBag from /home/airflow/.local/lib/python3.8/site-packages/airflow/example_dags/example_dag_decorator.py
[2025-09-20T22:24:45.681+0000] {processor.py:840} INFO - DAG(s) 'example_dag_decorator' retrieved from /home/airflow/.local/lib/python3.8/site-packages/airflow/example_dags/example_dag_decorator.py
[2025-09-20T22:24:45.860+0000] {logging_mixin.py:188} INFO - [2025-09-20T22:24:45.860+0000] {dag.py:3036} INFO - Sync 1 DAGs
[2025-09-20T22:24:45.878+0000] {logging_mixin.py:188} INFO - [2025-09-20T22:24:45.878+0000] {dag.py:3823} INFO - Setting next_dagrun for example_dag_decorator to None, run_after=None
[2025-09-20T22:24:45.916+0000] {processor.py:183} INFO - Processing /home/airflow/.local/lib/python3.8/site-packages/airflow/example_dags/example_dag_decorator.py took 0.423 seconds
[2025-09-20T22:25:16.083+0000] {processor.py:161} INFO - Started process (PID=4167) to work on /home/airflow/.local/lib/python3.8/site-packages/airflow/example_dags/example_dag_decorator.py
[2025-09-20T22:25:16.085+0000] {processor.py:830} INFO - Processing file /home/airflow/.local/lib/python3.8/site-packages/airflow/example_dags/example_dag_decorator.py for tasks to queue
[2025-09-20T22:25:16.089+0000] {logging_mixin.py:188} INFO - [2025-09-20T22:25:16.089+0000] {dagbag.py:538} INFO - Filling up the DagBag from /home/airflow/.local/lib/python3.8/site-packages/airflow/example_dags/example_dag_decorator.py
[2025-09-20T22:25:16.257+0000] {processor.py:840} INFO - DAG(s) 'example_dag_decorator' retrieved from /home/airflow/.local/lib/python3.8/site-packages/airflow/example_dags/example_dag_decorator.py
[2025-09-20T22:25:16.299+0000] {logging_mixin.py:188} INFO - [2025-09-20T22:25:16.298+0000] {dag.py:3036} INFO - Sync 1 DAGs
[2025-09-20T22:25:16.320+0000] {logging_mixin.py:188} INFO - [2025-09-20T22:25:16.320+0000] {dag.py:3823} INFO - Setting next_dagrun for example_dag_decorator to None, run_after=None
[2025-09-20T22:25:16.359+0000] {processor.py:183} INFO - Processing /home/airflow/.local/lib/python3.8/site-packages/airflow/example_dags/example_dag_decorator.py took 0.282 seconds
[2025-09-20T22:25:46.438+0000] {processor.py:161} INFO - Started process (PID=4226) to work on /home/airflow/.local/lib/python3.8/site-packages/airflow/example_dags/example_dag_decorator.py
[2025-09-20T22:25:46.440+0000] {processor.py:830} INFO - Processing file /home/airflow/.local/lib/python3.8/site-packages/airflow/example_dags/example_dag_decorator.py for tasks to queue
[2025-09-20T22:25:46.443+0000] {logging_mixin.py:188} INFO - [2025-09-20T22:25:46.443+0000] {dagbag.py:538} INFO - Filling up the DagBag from /home/airflow/.local/lib/python3.8/site-packages/airflow/example_dags/example_dag_decorator.py
[2025-09-20T22:25:46.607+0000] {processor.py:840} INFO - DAG(s) 'example_dag_decorator' retrieved from /home/airflow/.local/lib/python3.8/site-packages/airflow/example_dags/example_dag_decorator.py
[2025-09-20T22:25:46.815+0000] {logging_mixin.py:188} INFO - [2025-09-20T22:25:46.814+0000] {dag.py:3036} INFO - Sync 1 DAGs
[2025-09-20T22:25:46.834+0000] {logging_mixin.py:188} INFO - [2025-09-20T22:25:46.833+0000] {dag.py:3823} INFO - Setting next_dagrun for example_dag_decorator to None, run_after=None
[2025-09-20T22:25:46.873+0000] {processor.py:183} INFO - Processing /home/airflow/.local/lib/python3.8/site-packages/airflow/example_dags/example_dag_decorator.py took 0.441 seconds
[2025-09-20T22:26:17.049+0000] {processor.py:161} INFO - Started process (PID=4284) to work on /home/airflow/.local/lib/python3.8/site-packages/airflow/example_dags/example_dag_decorator.py
[2025-09-20T22:26:17.051+0000] {processor.py:830} INFO - Processing file /home/airflow/.local/lib/python3.8/site-packages/airflow/example_dags/example_dag_decorator.py for tasks to queue
[2025-09-20T22:26:17.055+0000] {logging_mixin.py:188} INFO - [2025-09-20T22:26:17.054+0000] {dagbag.py:538} INFO - Filling up the DagBag from /home/airflow/.local/lib/python3.8/site-packages/airflow/example_dags/example_dag_decorator.py
[2025-09-20T22:26:17.290+0000] {processor.py:840} INFO - DAG(s) 'example_dag_decorator' retrieved from /home/airflow/.local/lib/python3.8/site-packages/airflow/example_dags/example_dag_decorator.py
[2025-09-20T22:26:17.339+0000] {logging_mixin.py:188} INFO - [2025-09-20T22:26:17.338+0000] {dag.py:3036} INFO - Sync 1 DAGs
[2025-09-20T22:26:17.364+0000] {logging_mixin.py:188} INFO - [2025-09-20T22:26:17.364+0000] {dag.py:3823} INFO - Setting next_dagrun for example_dag_decorator to None, run_after=None
[2025-09-20T22:26:17.407+0000] {processor.py:183} INFO - Processing /home/airflow/.local/lib/python3.8/site-packages/airflow/example_dags/example_dag_decorator.py took 0.366 seconds
[2025-09-20T22:26:48.428+0000] {processor.py:161} INFO - Started process (PID=4342) to work on /home/airflow/.local/lib/python3.8/site-packages/airflow/example_dags/example_dag_decorator.py
[2025-09-20T22:26:48.430+0000] {processor.py:830} INFO - Processing file /home/airflow/.local/lib/python3.8/site-packages/airflow/example_dags/example_dag_decorator.py for tasks to queue
[2025-09-20T22:26:48.433+0000] {logging_mixin.py:188} INFO - [2025-09-20T22:26:48.433+0000] {dagbag.py:538} INFO - Filling up the DagBag from /home/airflow/.local/lib/python3.8/site-packages/airflow/example_dags/example_dag_decorator.py
[2025-09-20T22:26:48.601+0000] {processor.py:840} INFO - DAG(s) 'example_dag_decorator' retrieved from /home/airflow/.local/lib/python3.8/site-packages/airflow/example_dags/example_dag_decorator.py
[2025-09-20T22:26:48.647+0000] {logging_mixin.py:188} INFO - [2025-09-20T22:26:48.646+0000] {dag.py:3036} INFO - Sync 1 DAGs
[2025-09-20T22:26:48.675+0000] {logging_mixin.py:188} INFO - [2025-09-20T22:26:48.674+0000] {dag.py:3823} INFO - Setting next_dagrun for example_dag_decorator to None, run_after=None
[2025-09-20T22:26:48.713+0000] {processor.py:183} INFO - Processing /home/airflow/.local/lib/python3.8/site-packages/airflow/example_dags/example_dag_decorator.py took 0.291 seconds
[2025-09-20T22:27:19.711+0000] {processor.py:161} INFO - Started process (PID=4400) to work on /home/airflow/.local/lib/python3.8/site-packages/airflow/example_dags/example_dag_decorator.py
[2025-09-20T22:27:19.713+0000] {processor.py:830} INFO - Processing file /home/airflow/.local/lib/python3.8/site-packages/airflow/example_dags/example_dag_decorator.py for tasks to queue
[2025-09-20T22:27:19.716+0000] {logging_mixin.py:188} INFO - [2025-09-20T22:27:19.715+0000] {dagbag.py:538} INFO - Filling up the DagBag from /home/airflow/.local/lib/python3.8/site-packages/airflow/example_dags/example_dag_decorator.py
[2025-09-20T22:27:19.893+0000] {processor.py:840} INFO - DAG(s) 'example_dag_decorator' retrieved from /home/airflow/.local/lib/python3.8/site-packages/airflow/example_dags/example_dag_decorator.py
[2025-09-20T22:27:19.937+0000] {logging_mixin.py:188} INFO - [2025-09-20T22:27:19.937+0000] {dag.py:3036} INFO - Sync 1 DAGs
[2025-09-20T22:27:19.958+0000] {logging_mixin.py:188} INFO - [2025-09-20T22:27:19.958+0000] {dag.py:3823} INFO - Setting next_dagrun for example_dag_decorator to None, run_after=None
[2025-09-20T22:27:19.996+0000] {processor.py:183} INFO - Processing /home/airflow/.local/lib/python3.8/site-packages/airflow/example_dags/example_dag_decorator.py took 0.291 seconds
[2025-09-20T22:27:50.211+0000] {processor.py:161} INFO - Started process (PID=4458) to work on /home/airflow/.local/lib/python3.8/site-packages/airflow/example_dags/example_dag_decorator.py
[2025-09-20T22:27:50.212+0000] {processor.py:830} INFO - Processing file /home/airflow/.local/lib/python3.8/site-packages/airflow/example_dags/example_dag_decorator.py for tasks to queue
[2025-09-20T22:27:50.216+0000] {logging_mixin.py:188} INFO - [2025-09-20T22:27:50.215+0000] {dagbag.py:538} INFO - Filling up the DagBag from /home/airflow/.local/lib/python3.8/site-packages/airflow/example_dags/example_dag_decorator.py
[2025-09-20T22:27:50.392+0000] {processor.py:840} INFO - DAG(s) 'example_dag_decorator' retrieved from /home/airflow/.local/lib/python3.8/site-packages/airflow/example_dags/example_dag_decorator.py
[2025-09-20T22:27:50.433+0000] {logging_mixin.py:188} INFO - [2025-09-20T22:27:50.433+0000] {dag.py:3036} INFO - Sync 1 DAGs
[2025-09-20T22:27:50.458+0000] {logging_mixin.py:188} INFO - [2025-09-20T22:27:50.458+0000] {dag.py:3823} INFO - Setting next_dagrun for example_dag_decorator to None, run_after=None
[2025-09-20T22:27:50.490+0000] {processor.py:183} INFO - Processing /home/airflow/.local/lib/python3.8/site-packages/airflow/example_dags/example_dag_decorator.py took 0.285 seconds
[2025-09-20T22:28:20.586+0000] {processor.py:161} INFO - Started process (PID=4516) to work on /home/airflow/.local/lib/python3.8/site-packages/airflow/example_dags/example_dag_decorator.py
[2025-09-20T22:28:20.588+0000] {processor.py:830} INFO - Processing file /home/airflow/.local/lib/python3.8/site-packages/airflow/example_dags/example_dag_decorator.py for tasks to queue
[2025-09-20T22:28:20.592+0000] {logging_mixin.py:188} INFO - [2025-09-20T22:28:20.592+0000] {dagbag.py:538} INFO - Filling up the DagBag from /home/airflow/.local/lib/python3.8/site-packages/airflow/example_dags/example_dag_decorator.py
[2025-09-20T22:28:20.773+0000] {processor.py:840} INFO - DAG(s) 'example_dag_decorator' retrieved from /home/airflow/.local/lib/python3.8/site-packages/airflow/example_dags/example_dag_decorator.py
[2025-09-20T22:28:20.817+0000] {logging_mixin.py:188} INFO - [2025-09-20T22:28:20.816+0000] {dag.py:3036} INFO - Sync 1 DAGs
[2025-09-20T22:28:20.839+0000] {logging_mixin.py:188} INFO - [2025-09-20T22:28:20.839+0000] {dag.py:3823} INFO - Setting next_dagrun for example_dag_decorator to None, run_after=None
[2025-09-20T22:28:20.873+0000] {processor.py:183} INFO - Processing /home/airflow/.local/lib/python3.8/site-packages/airflow/example_dags/example_dag_decorator.py took 0.293 seconds
[2025-09-20T22:28:51.332+0000] {processor.py:161} INFO - Started process (PID=4574) to work on /home/airflow/.local/lib/python3.8/site-packages/airflow/example_dags/example_dag_decorator.py
[2025-09-20T22:28:51.334+0000] {processor.py:830} INFO - Processing file /home/airflow/.local/lib/python3.8/site-packages/airflow/example_dags/example_dag_decorator.py for tasks to queue
[2025-09-20T22:28:51.337+0000] {logging_mixin.py:188} INFO - [2025-09-20T22:28:51.336+0000] {dagbag.py:538} INFO - Filling up the DagBag from /home/airflow/.local/lib/python3.8/site-packages/airflow/example_dags/example_dag_decorator.py
[2025-09-20T22:28:51.510+0000] {processor.py:840} INFO - DAG(s) 'example_dag_decorator' retrieved from /home/airflow/.local/lib/python3.8/site-packages/airflow/example_dags/example_dag_decorator.py
[2025-09-20T22:28:51.551+0000] {logging_mixin.py:188} INFO - [2025-09-20T22:28:51.551+0000] {dag.py:3036} INFO - Sync 1 DAGs
[2025-09-20T22:28:51.572+0000] {logging_mixin.py:188} INFO - [2025-09-20T22:28:51.572+0000] {dag.py:3823} INFO - Setting next_dagrun for example_dag_decorator to None, run_after=None
[2025-09-20T22:28:51.609+0000] {processor.py:183} INFO - Processing /home/airflow/.local/lib/python3.8/site-packages/airflow/example_dags/example_dag_decorator.py took 0.283 seconds
[2025-09-20T22:29:22.023+0000] {processor.py:161} INFO - Started process (PID=4638) to work on /home/airflow/.local/lib/python3.8/site-packages/airflow/example_dags/example_dag_decorator.py
[2025-09-20T22:29:22.025+0000] {processor.py:830} INFO - Processing file /home/airflow/.local/lib/python3.8/site-packages/airflow/example_dags/example_dag_decorator.py for tasks to queue
[2025-09-20T22:29:22.029+0000] {logging_mixin.py:188} INFO - [2025-09-20T22:29:22.028+0000] {dagbag.py:538} INFO - Filling up the DagBag from /home/airflow/.local/lib/python3.8/site-packages/airflow/example_dags/example_dag_decorator.py
[2025-09-20T22:29:22.199+0000] {processor.py:840} INFO - DAG(s) 'example_dag_decorator' retrieved from /home/airflow/.local/lib/python3.8/site-packages/airflow/example_dags/example_dag_decorator.py
[2025-09-20T22:29:22.241+0000] {logging_mixin.py:188} INFO - [2025-09-20T22:29:22.241+0000] {dag.py:3036} INFO - Sync 1 DAGs
[2025-09-20T22:29:22.263+0000] {logging_mixin.py:188} INFO - [2025-09-20T22:29:22.262+0000] {dag.py:3823} INFO - Setting next_dagrun for example_dag_decorator to None, run_after=None
[2025-09-20T22:29:22.300+0000] {processor.py:183} INFO - Processing /home/airflow/.local/lib/python3.8/site-packages/airflow/example_dags/example_dag_decorator.py took 0.283 seconds
[2025-09-20T22:29:53.137+0000] {processor.py:161} INFO - Started process (PID=4696) to work on /home/airflow/.local/lib/python3.8/site-packages/airflow/example_dags/example_dag_decorator.py
[2025-09-20T22:29:53.139+0000] {processor.py:830} INFO - Processing file /home/airflow/.local/lib/python3.8/site-packages/airflow/example_dags/example_dag_decorator.py for tasks to queue
[2025-09-20T22:29:53.143+0000] {logging_mixin.py:188} INFO - [2025-09-20T22:29:53.142+0000] {dagbag.py:538} INFO - Filling up the DagBag from /home/airflow/.local/lib/python3.8/site-packages/airflow/example_dags/example_dag_decorator.py
[2025-09-20T22:29:53.337+0000] {processor.py:840} INFO - DAG(s) 'example_dag_decorator' retrieved from /home/airflow/.local/lib/python3.8/site-packages/airflow/example_dags/example_dag_decorator.py
[2025-09-20T22:29:53.379+0000] {logging_mixin.py:188} INFO - [2025-09-20T22:29:53.378+0000] {dag.py:3036} INFO - Sync 1 DAGs
[2025-09-20T22:29:53.402+0000] {logging_mixin.py:188} INFO - [2025-09-20T22:29:53.402+0000] {dag.py:3823} INFO - Setting next_dagrun for example_dag_decorator to None, run_after=None
[2025-09-20T22:29:53.440+0000] {processor.py:183} INFO - Processing /home/airflow/.local/lib/python3.8/site-packages/airflow/example_dags/example_dag_decorator.py took 0.308 seconds
[2025-09-20T22:30:24.201+0000] {processor.py:161} INFO - Started process (PID=4754) to work on /home/airflow/.local/lib/python3.8/site-packages/airflow/example_dags/example_dag_decorator.py
[2025-09-20T22:30:24.204+0000] {processor.py:830} INFO - Processing file /home/airflow/.local/lib/python3.8/site-packages/airflow/example_dags/example_dag_decorator.py for tasks to queue
[2025-09-20T22:30:24.208+0000] {logging_mixin.py:188} INFO - [2025-09-20T22:30:24.208+0000] {dagbag.py:538} INFO - Filling up the DagBag from /home/airflow/.local/lib/python3.8/site-packages/airflow/example_dags/example_dag_decorator.py
[2025-09-20T22:30:24.405+0000] {processor.py:840} INFO - DAG(s) 'example_dag_decorator' retrieved from /home/airflow/.local/lib/python3.8/site-packages/airflow/example_dags/example_dag_decorator.py
[2025-09-20T22:30:24.454+0000] {logging_mixin.py:188} INFO - [2025-09-20T22:30:24.453+0000] {dag.py:3036} INFO - Sync 1 DAGs
[2025-09-20T22:30:24.480+0000] {logging_mixin.py:188} INFO - [2025-09-20T22:30:24.479+0000] {dag.py:3823} INFO - Setting next_dagrun for example_dag_decorator to None, run_after=None
[2025-09-20T22:30:24.516+0000] {processor.py:183} INFO - Processing /home/airflow/.local/lib/python3.8/site-packages/airflow/example_dags/example_dag_decorator.py took 0.322 seconds
[2025-09-20T22:30:54.764+0000] {processor.py:161} INFO - Started process (PID=4812) to work on /home/airflow/.local/lib/python3.8/site-packages/airflow/example_dags/example_dag_decorator.py
[2025-09-20T22:30:54.766+0000] {processor.py:830} INFO - Processing file /home/airflow/.local/lib/python3.8/site-packages/airflow/example_dags/example_dag_decorator.py for tasks to queue
[2025-09-20T22:30:54.769+0000] {logging_mixin.py:188} INFO - [2025-09-20T22:30:54.769+0000] {dagbag.py:538} INFO - Filling up the DagBag from /home/airflow/.local/lib/python3.8/site-packages/airflow/example_dags/example_dag_decorator.py
[2025-09-20T22:30:54.943+0000] {processor.py:840} INFO - DAG(s) 'example_dag_decorator' retrieved from /home/airflow/.local/lib/python3.8/site-packages/airflow/example_dags/example_dag_decorator.py
[2025-09-20T22:30:54.987+0000] {logging_mixin.py:188} INFO - [2025-09-20T22:30:54.987+0000] {dag.py:3036} INFO - Sync 1 DAGs
[2025-09-20T22:30:55.010+0000] {logging_mixin.py:188} INFO - [2025-09-20T22:30:55.009+0000] {dag.py:3823} INFO - Setting next_dagrun for example_dag_decorator to None, run_after=None
[2025-09-20T22:30:55.049+0000] {processor.py:183} INFO - Processing /home/airflow/.local/lib/python3.8/site-packages/airflow/example_dags/example_dag_decorator.py took 0.291 seconds
[2025-09-20T22:31:25.357+0000] {processor.py:161} INFO - Started process (PID=4870) to work on /home/airflow/.local/lib/python3.8/site-packages/airflow/example_dags/example_dag_decorator.py
[2025-09-20T22:31:25.358+0000] {processor.py:830} INFO - Processing file /home/airflow/.local/lib/python3.8/site-packages/airflow/example_dags/example_dag_decorator.py for tasks to queue
[2025-09-20T22:31:25.362+0000] {logging_mixin.py:188} INFO - [2025-09-20T22:31:25.361+0000] {dagbag.py:538} INFO - Filling up the DagBag from /home/airflow/.local/lib/python3.8/site-packages/airflow/example_dags/example_dag_decorator.py
[2025-09-20T22:31:25.527+0000] {processor.py:840} INFO - DAG(s) 'example_dag_decorator' retrieved from /home/airflow/.local/lib/python3.8/site-packages/airflow/example_dags/example_dag_decorator.py
[2025-09-20T22:31:25.568+0000] {logging_mixin.py:188} INFO - [2025-09-20T22:31:25.567+0000] {dag.py:3036} INFO - Sync 1 DAGs
[2025-09-20T22:31:25.589+0000] {logging_mixin.py:188} INFO - [2025-09-20T22:31:25.588+0000] {dag.py:3823} INFO - Setting next_dagrun for example_dag_decorator to None, run_after=None
[2025-09-20T22:31:25.626+0000] {processor.py:183} INFO - Processing /home/airflow/.local/lib/python3.8/site-packages/airflow/example_dags/example_dag_decorator.py took 0.274 seconds
[2025-09-20T22:31:55.911+0000] {processor.py:161} INFO - Started process (PID=4928) to work on /home/airflow/.local/lib/python3.8/site-packages/airflow/example_dags/example_dag_decorator.py
[2025-09-20T22:31:55.913+0000] {processor.py:830} INFO - Processing file /home/airflow/.local/lib/python3.8/site-packages/airflow/example_dags/example_dag_decorator.py for tasks to queue
[2025-09-20T22:31:55.917+0000] {logging_mixin.py:188} INFO - [2025-09-20T22:31:55.916+0000] {dagbag.py:538} INFO - Filling up the DagBag from /home/airflow/.local/lib/python3.8/site-packages/airflow/example_dags/example_dag_decorator.py
[2025-09-20T22:31:56.110+0000] {processor.py:840} INFO - DAG(s) 'example_dag_decorator' retrieved from /home/airflow/.local/lib/python3.8/site-packages/airflow/example_dags/example_dag_decorator.py
[2025-09-20T22:31:56.342+0000] {logging_mixin.py:188} INFO - [2025-09-20T22:31:56.342+0000] {dag.py:3036} INFO - Sync 1 DAGs
[2025-09-20T22:31:56.362+0000] {logging_mixin.py:188} INFO - [2025-09-20T22:31:56.362+0000] {dag.py:3823} INFO - Setting next_dagrun for example_dag_decorator to None, run_after=None
[2025-09-20T22:31:56.404+0000] {processor.py:183} INFO - Processing /home/airflow/.local/lib/python3.8/site-packages/airflow/example_dags/example_dag_decorator.py took 0.498 seconds
[2025-09-20T22:32:27.332+0000] {processor.py:161} INFO - Started process (PID=4987) to work on /home/airflow/.local/lib/python3.8/site-packages/airflow/example_dags/example_dag_decorator.py
[2025-09-20T22:32:27.334+0000] {processor.py:830} INFO - Processing file /home/airflow/.local/lib/python3.8/site-packages/airflow/example_dags/example_dag_decorator.py for tasks to queue
[2025-09-20T22:32:27.337+0000] {logging_mixin.py:188} INFO - [2025-09-20T22:32:27.337+0000] {dagbag.py:538} INFO - Filling up the DagBag from /home/airflow/.local/lib/python3.8/site-packages/airflow/example_dags/example_dag_decorator.py
[2025-09-20T22:32:27.515+0000] {processor.py:840} INFO - DAG(s) 'example_dag_decorator' retrieved from /home/airflow/.local/lib/python3.8/site-packages/airflow/example_dags/example_dag_decorator.py
[2025-09-20T22:32:27.701+0000] {logging_mixin.py:188} INFO - [2025-09-20T22:32:27.700+0000] {dag.py:3036} INFO - Sync 1 DAGs
[2025-09-20T22:32:27.721+0000] {logging_mixin.py:188} INFO - [2025-09-20T22:32:27.721+0000] {dag.py:3823} INFO - Setting next_dagrun for example_dag_decorator to None, run_after=None
[2025-09-20T22:32:27.765+0000] {processor.py:183} INFO - Processing /home/airflow/.local/lib/python3.8/site-packages/airflow/example_dags/example_dag_decorator.py took 0.439 seconds
[2025-09-20T22:32:57.839+0000] {processor.py:161} INFO - Started process (PID=5045) to work on /home/airflow/.local/lib/python3.8/site-packages/airflow/example_dags/example_dag_decorator.py
[2025-09-20T22:32:57.841+0000] {processor.py:830} INFO - Processing file /home/airflow/.local/lib/python3.8/site-packages/airflow/example_dags/example_dag_decorator.py for tasks to queue
[2025-09-20T22:32:57.845+0000] {logging_mixin.py:188} INFO - [2025-09-20T22:32:57.845+0000] {dagbag.py:538} INFO - Filling up the DagBag from /home/airflow/.local/lib/python3.8/site-packages/airflow/example_dags/example_dag_decorator.py
[2025-09-20T22:32:58.030+0000] {processor.py:840} INFO - DAG(s) 'example_dag_decorator' retrieved from /home/airflow/.local/lib/python3.8/site-packages/airflow/example_dags/example_dag_decorator.py
[2025-09-20T22:32:58.237+0000] {logging_mixin.py:188} INFO - [2025-09-20T22:32:58.237+0000] {dag.py:3036} INFO - Sync 1 DAGs
[2025-09-20T22:32:58.257+0000] {logging_mixin.py:188} INFO - [2025-09-20T22:32:58.257+0000] {dag.py:3823} INFO - Setting next_dagrun for example_dag_decorator to None, run_after=None
[2025-09-20T22:32:58.301+0000] {processor.py:183} INFO - Processing /home/airflow/.local/lib/python3.8/site-packages/airflow/example_dags/example_dag_decorator.py took 0.469 seconds
[2025-09-20T22:33:28.373+0000] {processor.py:161} INFO - Started process (PID=5103) to work on /home/airflow/.local/lib/python3.8/site-packages/airflow/example_dags/example_dag_decorator.py
[2025-09-20T22:33:28.376+0000] {processor.py:830} INFO - Processing file /home/airflow/.local/lib/python3.8/site-packages/airflow/example_dags/example_dag_decorator.py for tasks to queue
[2025-09-20T22:33:28.381+0000] {logging_mixin.py:188} INFO - [2025-09-20T22:33:28.380+0000] {dagbag.py:538} INFO - Filling up the DagBag from /home/airflow/.local/lib/python3.8/site-packages/airflow/example_dags/example_dag_decorator.py
[2025-09-20T22:33:28.567+0000] {processor.py:840} INFO - DAG(s) 'example_dag_decorator' retrieved from /home/airflow/.local/lib/python3.8/site-packages/airflow/example_dags/example_dag_decorator.py
[2025-09-20T22:33:28.758+0000] {logging_mixin.py:188} INFO - [2025-09-20T22:33:28.757+0000] {dag.py:3036} INFO - Sync 1 DAGs
[2025-09-20T22:33:28.781+0000] {logging_mixin.py:188} INFO - [2025-09-20T22:33:28.780+0000] {dag.py:3823} INFO - Setting next_dagrun for example_dag_decorator to None, run_after=None
[2025-09-20T22:33:28.825+0000] {processor.py:183} INFO - Processing /home/airflow/.local/lib/python3.8/site-packages/airflow/example_dags/example_dag_decorator.py took 0.459 seconds
[2025-09-20T22:33:59.715+0000] {processor.py:161} INFO - Started process (PID=5161) to work on /home/airflow/.local/lib/python3.8/site-packages/airflow/example_dags/example_dag_decorator.py
[2025-09-20T22:33:59.717+0000] {processor.py:830} INFO - Processing file /home/airflow/.local/lib/python3.8/site-packages/airflow/example_dags/example_dag_decorator.py for tasks to queue
[2025-09-20T22:33:59.722+0000] {logging_mixin.py:188} INFO - [2025-09-20T22:33:59.721+0000] {dagbag.py:538} INFO - Filling up the DagBag from /home/airflow/.local/lib/python3.8/site-packages/airflow/example_dags/example_dag_decorator.py
[2025-09-20T22:33:59.891+0000] {processor.py:840} INFO - DAG(s) 'example_dag_decorator' retrieved from /home/airflow/.local/lib/python3.8/site-packages/airflow/example_dags/example_dag_decorator.py
[2025-09-20T22:34:00.082+0000] {logging_mixin.py:188} INFO - [2025-09-20T22:34:00.081+0000] {dag.py:3036} INFO - Sync 1 DAGs
[2025-09-20T22:34:00.103+0000] {logging_mixin.py:188} INFO - [2025-09-20T22:34:00.102+0000] {dag.py:3823} INFO - Setting next_dagrun for example_dag_decorator to None, run_after=None
[2025-09-20T22:34:00.138+0000] {processor.py:183} INFO - Processing /home/airflow/.local/lib/python3.8/site-packages/airflow/example_dags/example_dag_decorator.py took 0.429 seconds
[2025-09-20T22:34:31.025+0000] {processor.py:161} INFO - Started process (PID=5219) to work on /home/airflow/.local/lib/python3.8/site-packages/airflow/example_dags/example_dag_decorator.py
[2025-09-20T22:34:31.027+0000] {processor.py:830} INFO - Processing file /home/airflow/.local/lib/python3.8/site-packages/airflow/example_dags/example_dag_decorator.py for tasks to queue
[2025-09-20T22:34:31.031+0000] {logging_mixin.py:188} INFO - [2025-09-20T22:34:31.030+0000] {dagbag.py:538} INFO - Filling up the DagBag from /home/airflow/.local/lib/python3.8/site-packages/airflow/example_dags/example_dag_decorator.py
[2025-09-20T22:34:31.246+0000] {processor.py:840} INFO - DAG(s) 'example_dag_decorator' retrieved from /home/airflow/.local/lib/python3.8/site-packages/airflow/example_dags/example_dag_decorator.py
[2025-09-20T22:34:31.432+0000] {logging_mixin.py:188} INFO - [2025-09-20T22:34:31.432+0000] {dag.py:3036} INFO - Sync 1 DAGs
[2025-09-20T22:34:31.453+0000] {logging_mixin.py:188} INFO - [2025-09-20T22:34:31.452+0000] {dag.py:3823} INFO - Setting next_dagrun for example_dag_decorator to None, run_after=None
[2025-09-20T22:34:31.489+0000] {processor.py:183} INFO - Processing /home/airflow/.local/lib/python3.8/site-packages/airflow/example_dags/example_dag_decorator.py took 0.470 seconds
[2025-09-20T22:35:01.670+0000] {processor.py:161} INFO - Started process (PID=5279) to work on /home/airflow/.local/lib/python3.8/site-packages/airflow/example_dags/example_dag_decorator.py
[2025-09-20T22:35:01.672+0000] {processor.py:830} INFO - Processing file /home/airflow/.local/lib/python3.8/site-packages/airflow/example_dags/example_dag_decorator.py for tasks to queue
[2025-09-20T22:35:01.676+0000] {logging_mixin.py:188} INFO - [2025-09-20T22:35:01.675+0000] {dagbag.py:538} INFO - Filling up the DagBag from /home/airflow/.local/lib/python3.8/site-packages/airflow/example_dags/example_dag_decorator.py
[2025-09-20T22:35:01.866+0000] {processor.py:840} INFO - DAG(s) 'example_dag_decorator' retrieved from /home/airflow/.local/lib/python3.8/site-packages/airflow/example_dags/example_dag_decorator.py
[2025-09-20T22:35:02.060+0000] {logging_mixin.py:188} INFO - [2025-09-20T22:35:02.060+0000] {dag.py:3036} INFO - Sync 1 DAGs
[2025-09-20T22:35:02.080+0000] {logging_mixin.py:188} INFO - [2025-09-20T22:35:02.080+0000] {dag.py:3823} INFO - Setting next_dagrun for example_dag_decorator to None, run_after=None
[2025-09-20T22:35:02.119+0000] {processor.py:183} INFO - Processing /home/airflow/.local/lib/python3.8/site-packages/airflow/example_dags/example_dag_decorator.py took 0.456 seconds
[2025-09-20T22:35:33.115+0000] {processor.py:161} INFO - Started process (PID=5337) to work on /home/airflow/.local/lib/python3.8/site-packages/airflow/example_dags/example_dag_decorator.py
[2025-09-20T22:35:33.117+0000] {processor.py:830} INFO - Processing file /home/airflow/.local/lib/python3.8/site-packages/airflow/example_dags/example_dag_decorator.py for tasks to queue
[2025-09-20T22:35:33.121+0000] {logging_mixin.py:188} INFO - [2025-09-20T22:35:33.121+0000] {dagbag.py:538} INFO - Filling up the DagBag from /home/airflow/.local/lib/python3.8/site-packages/airflow/example_dags/example_dag_decorator.py
[2025-09-20T22:35:33.315+0000] {processor.py:840} INFO - DAG(s) 'example_dag_decorator' retrieved from /home/airflow/.local/lib/python3.8/site-packages/airflow/example_dags/example_dag_decorator.py
[2025-09-20T22:35:33.516+0000] {logging_mixin.py:188} INFO - [2025-09-20T22:35:33.515+0000] {dag.py:3036} INFO - Sync 1 DAGs
[2025-09-20T22:35:33.534+0000] {logging_mixin.py:188} INFO - [2025-09-20T22:35:33.534+0000] {dag.py:3823} INFO - Setting next_dagrun for example_dag_decorator to None, run_after=None
[2025-09-20T22:35:33.573+0000] {processor.py:183} INFO - Processing /home/airflow/.local/lib/python3.8/site-packages/airflow/example_dags/example_dag_decorator.py took 0.463 seconds
[2025-09-20T22:36:03.862+0000] {processor.py:161} INFO - Started process (PID=5395) to work on /home/airflow/.local/lib/python3.8/site-packages/airflow/example_dags/example_dag_decorator.py
[2025-09-20T22:36:03.865+0000] {processor.py:830} INFO - Processing file /home/airflow/.local/lib/python3.8/site-packages/airflow/example_dags/example_dag_decorator.py for tasks to queue
[2025-09-20T22:36:03.868+0000] {logging_mixin.py:188} INFO - [2025-09-20T22:36:03.868+0000] {dagbag.py:538} INFO - Filling up the DagBag from /home/airflow/.local/lib/python3.8/site-packages/airflow/example_dags/example_dag_decorator.py
[2025-09-20T22:36:04.037+0000] {processor.py:840} INFO - DAG(s) 'example_dag_decorator' retrieved from /home/airflow/.local/lib/python3.8/site-packages/airflow/example_dags/example_dag_decorator.py
[2025-09-20T22:36:04.221+0000] {logging_mixin.py:188} INFO - [2025-09-20T22:36:04.221+0000] {dag.py:3036} INFO - Sync 1 DAGs
[2025-09-20T22:36:04.240+0000] {logging_mixin.py:188} INFO - [2025-09-20T22:36:04.240+0000] {dag.py:3823} INFO - Setting next_dagrun for example_dag_decorator to None, run_after=None
[2025-09-20T22:36:04.280+0000] {processor.py:183} INFO - Processing /home/airflow/.local/lib/python3.8/site-packages/airflow/example_dags/example_dag_decorator.py took 0.427 seconds
[2025-09-20T22:36:34.917+0000] {processor.py:161} INFO - Started process (PID=5453) to work on /home/airflow/.local/lib/python3.8/site-packages/airflow/example_dags/example_dag_decorator.py
[2025-09-20T22:36:34.919+0000] {processor.py:830} INFO - Processing file /home/airflow/.local/lib/python3.8/site-packages/airflow/example_dags/example_dag_decorator.py for tasks to queue
[2025-09-20T22:36:34.923+0000] {logging_mixin.py:188} INFO - [2025-09-20T22:36:34.923+0000] {dagbag.py:538} INFO - Filling up the DagBag from /home/airflow/.local/lib/python3.8/site-packages/airflow/example_dags/example_dag_decorator.py
[2025-09-20T22:36:35.100+0000] {processor.py:840} INFO - DAG(s) 'example_dag_decorator' retrieved from /home/airflow/.local/lib/python3.8/site-packages/airflow/example_dags/example_dag_decorator.py
[2025-09-20T22:36:35.299+0000] {logging_mixin.py:188} INFO - [2025-09-20T22:36:35.298+0000] {dag.py:3036} INFO - Sync 1 DAGs
[2025-09-20T22:36:35.321+0000] {logging_mixin.py:188} INFO - [2025-09-20T22:36:35.320+0000] {dag.py:3823} INFO - Setting next_dagrun for example_dag_decorator to None, run_after=None
[2025-09-20T22:36:35.363+0000] {processor.py:183} INFO - Processing /home/airflow/.local/lib/python3.8/site-packages/airflow/example_dags/example_dag_decorator.py took 0.451 seconds
[2025-09-20T22:37:06.333+0000] {processor.py:161} INFO - Started process (PID=5511) to work on /home/airflow/.local/lib/python3.8/site-packages/airflow/example_dags/example_dag_decorator.py
[2025-09-20T22:37:06.336+0000] {processor.py:830} INFO - Processing file /home/airflow/.local/lib/python3.8/site-packages/airflow/example_dags/example_dag_decorator.py for tasks to queue
[2025-09-20T22:37:06.341+0000] {logging_mixin.py:188} INFO - [2025-09-20T22:37:06.340+0000] {dagbag.py:538} INFO - Filling up the DagBag from /home/airflow/.local/lib/python3.8/site-packages/airflow/example_dags/example_dag_decorator.py
[2025-09-20T22:37:06.564+0000] {processor.py:840} INFO - DAG(s) 'example_dag_decorator' retrieved from /home/airflow/.local/lib/python3.8/site-packages/airflow/example_dags/example_dag_decorator.py
[2025-09-20T22:37:06.766+0000] {logging_mixin.py:188} INFO - [2025-09-20T22:37:06.765+0000] {dag.py:3036} INFO - Sync 1 DAGs
[2025-09-20T22:37:06.786+0000] {logging_mixin.py:188} INFO - [2025-09-20T22:37:06.785+0000] {dag.py:3823} INFO - Setting next_dagrun for example_dag_decorator to None, run_after=None
[2025-09-20T22:37:06.819+0000] {processor.py:183} INFO - Processing /home/airflow/.local/lib/python3.8/site-packages/airflow/example_dags/example_dag_decorator.py took 0.493 seconds
[2025-09-20T22:37:37.220+0000] {processor.py:161} INFO - Started process (PID=5572) to work on /home/airflow/.local/lib/python3.8/site-packages/airflow/example_dags/example_dag_decorator.py
[2025-09-20T22:37:37.222+0000] {processor.py:830} INFO - Processing file /home/airflow/.local/lib/python3.8/site-packages/airflow/example_dags/example_dag_decorator.py for tasks to queue
[2025-09-20T22:37:37.225+0000] {logging_mixin.py:188} INFO - [2025-09-20T22:37:37.225+0000] {dagbag.py:538} INFO - Filling up the DagBag from /home/airflow/.local/lib/python3.8/site-packages/airflow/example_dags/example_dag_decorator.py
[2025-09-20T22:37:37.475+0000] {processor.py:840} INFO - DAG(s) 'example_dag_decorator' retrieved from /home/airflow/.local/lib/python3.8/site-packages/airflow/example_dags/example_dag_decorator.py
[2025-09-20T22:37:37.696+0000] {logging_mixin.py:188} INFO - [2025-09-20T22:37:37.696+0000] {dag.py:3036} INFO - Sync 1 DAGs
[2025-09-20T22:37:37.730+0000] {logging_mixin.py:188} INFO - [2025-09-20T22:37:37.729+0000] {dag.py:3823} INFO - Setting next_dagrun for example_dag_decorator to None, run_after=None
[2025-09-20T22:37:37.770+0000] {processor.py:183} INFO - Processing /home/airflow/.local/lib/python3.8/site-packages/airflow/example_dags/example_dag_decorator.py took 0.556 seconds
[2025-09-20T22:38:08.597+0000] {processor.py:161} INFO - Started process (PID=5632) to work on /home/airflow/.local/lib/python3.8/site-packages/airflow/example_dags/example_dag_decorator.py
[2025-09-20T22:38:08.599+0000] {processor.py:830} INFO - Processing file /home/airflow/.local/lib/python3.8/site-packages/airflow/example_dags/example_dag_decorator.py for tasks to queue
[2025-09-20T22:38:08.604+0000] {logging_mixin.py:188} INFO - [2025-09-20T22:38:08.603+0000] {dagbag.py:538} INFO - Filling up the DagBag from /home/airflow/.local/lib/python3.8/site-packages/airflow/example_dags/example_dag_decorator.py
[2025-09-20T22:38:08.777+0000] {processor.py:840} INFO - DAG(s) 'example_dag_decorator' retrieved from /home/airflow/.local/lib/python3.8/site-packages/airflow/example_dags/example_dag_decorator.py
[2025-09-20T22:38:08.966+0000] {logging_mixin.py:188} INFO - [2025-09-20T22:38:08.965+0000] {dag.py:3036} INFO - Sync 1 DAGs
[2025-09-20T22:38:08.984+0000] {logging_mixin.py:188} INFO - [2025-09-20T22:38:08.984+0000] {dag.py:3823} INFO - Setting next_dagrun for example_dag_decorator to None, run_after=None
[2025-09-20T22:38:09.023+0000] {processor.py:183} INFO - Processing /home/airflow/.local/lib/python3.8/site-packages/airflow/example_dags/example_dag_decorator.py took 0.433 seconds
[2025-09-20T22:38:39.320+0000] {processor.py:161} INFO - Started process (PID=5690) to work on /home/airflow/.local/lib/python3.8/site-packages/airflow/example_dags/example_dag_decorator.py
[2025-09-20T22:38:39.322+0000] {processor.py:830} INFO - Processing file /home/airflow/.local/lib/python3.8/site-packages/airflow/example_dags/example_dag_decorator.py for tasks to queue
[2025-09-20T22:38:39.327+0000] {logging_mixin.py:188} INFO - [2025-09-20T22:38:39.327+0000] {dagbag.py:538} INFO - Filling up the DagBag from /home/airflow/.local/lib/python3.8/site-packages/airflow/example_dags/example_dag_decorator.py
[2025-09-20T22:38:39.560+0000] {processor.py:840} INFO - DAG(s) 'example_dag_decorator' retrieved from /home/airflow/.local/lib/python3.8/site-packages/airflow/example_dags/example_dag_decorator.py
[2025-09-20T22:38:39.839+0000] {logging_mixin.py:188} INFO - [2025-09-20T22:38:39.839+0000] {dag.py:3036} INFO - Sync 1 DAGs
[2025-09-20T22:38:39.867+0000] {logging_mixin.py:188} INFO - [2025-09-20T22:38:39.867+0000] {dag.py:3823} INFO - Setting next_dagrun for example_dag_decorator to None, run_after=None
[2025-09-20T22:38:39.924+0000] {processor.py:183} INFO - Processing /home/airflow/.local/lib/python3.8/site-packages/airflow/example_dags/example_dag_decorator.py took 0.610 seconds
[2025-09-20T22:39:11.021+0000] {processor.py:161} INFO - Started process (PID=5750) to work on /home/airflow/.local/lib/python3.8/site-packages/airflow/example_dags/example_dag_decorator.py
[2025-09-20T22:39:11.023+0000] {processor.py:830} INFO - Processing file /home/airflow/.local/lib/python3.8/site-packages/airflow/example_dags/example_dag_decorator.py for tasks to queue
[2025-09-20T22:39:11.028+0000] {logging_mixin.py:188} INFO - [2025-09-20T22:39:11.027+0000] {dagbag.py:538} INFO - Filling up the DagBag from /home/airflow/.local/lib/python3.8/site-packages/airflow/example_dags/example_dag_decorator.py
[2025-09-20T22:39:11.249+0000] {processor.py:840} INFO - DAG(s) 'example_dag_decorator' retrieved from /home/airflow/.local/lib/python3.8/site-packages/airflow/example_dags/example_dag_decorator.py
[2025-09-20T22:39:11.428+0000] {logging_mixin.py:188} INFO - [2025-09-20T22:39:11.427+0000] {dag.py:3036} INFO - Sync 1 DAGs
[2025-09-20T22:39:11.446+0000] {logging_mixin.py:188} INFO - [2025-09-20T22:39:11.445+0000] {dag.py:3823} INFO - Setting next_dagrun for example_dag_decorator to None, run_after=None
[2025-09-20T22:39:11.485+0000] {processor.py:183} INFO - Processing /home/airflow/.local/lib/python3.8/site-packages/airflow/example_dags/example_dag_decorator.py took 0.471 seconds
