[2025-09-20T21:49:49.442+0000] {processor.py:161} INFO - Started process (PID=129) to work on /home/airflow/.local/lib/python3.8/site-packages/airflow/example_dags/example_setup_teardown.py
[2025-09-20T21:49:49.444+0000] {processor.py:830} INFO - Processing file /home/airflow/.local/lib/python3.8/site-packages/airflow/example_dags/example_setup_teardown.py for tasks to queue
[2025-09-20T21:49:49.448+0000] {logging_mixin.py:188} INFO - [2025-09-20T21:49:49.447+0000] {dagbag.py:538} INFO - Filling up the DagBag from /home/airflow/.local/lib/python3.8/site-packages/airflow/example_dags/example_setup_teardown.py
[2025-09-20T21:49:49.474+0000] {processor.py:840} INFO - DAG(s) 'example_setup_teardown' retrieved from /home/airflow/.local/lib/python3.8/site-packages/airflow/example_dags/example_setup_teardown.py
[2025-09-20T21:49:49.703+0000] {logging_mixin.py:188} INFO - [2025-09-20T21:49:49.703+0000] {dag.py:3036} INFO - Sync 1 DAGs
[2025-09-20T21:49:49.748+0000] {logging_mixin.py:188} INFO - [2025-09-20T21:49:49.747+0000] {dag.py:3823} INFO - Setting next_dagrun for example_setup_teardown to 2025-09-19 00:00:00+00:00, run_after=2025-09-20 00:00:00+00:00
[2025-09-20T21:49:49.785+0000] {processor.py:183} INFO - Processing /home/airflow/.local/lib/python3.8/site-packages/airflow/example_dags/example_setup_teardown.py took 0.349 seconds
[2025-09-20T21:50:20.119+0000] {processor.py:161} INFO - Started process (PID=186) to work on /home/airflow/.local/lib/python3.8/site-packages/airflow/example_dags/example_setup_teardown.py
[2025-09-20T21:50:20.121+0000] {processor.py:830} INFO - Processing file /home/airflow/.local/lib/python3.8/site-packages/airflow/example_dags/example_setup_teardown.py for tasks to queue
[2025-09-20T21:50:20.124+0000] {logging_mixin.py:188} INFO - [2025-09-20T21:50:20.124+0000] {dagbag.py:538} INFO - Filling up the DagBag from /home/airflow/.local/lib/python3.8/site-packages/airflow/example_dags/example_setup_teardown.py
[2025-09-20T21:50:20.136+0000] {processor.py:840} INFO - DAG(s) 'example_setup_teardown' retrieved from /home/airflow/.local/lib/python3.8/site-packages/airflow/example_dags/example_setup_teardown.py
[2025-09-20T21:50:20.173+0000] {logging_mixin.py:188} INFO - [2025-09-20T21:50:20.173+0000] {dag.py:3036} INFO - Sync 1 DAGs
[2025-09-20T21:50:20.214+0000] {logging_mixin.py:188} INFO - [2025-09-20T21:50:20.214+0000] {dag.py:3823} INFO - Setting next_dagrun for example_setup_teardown to 2025-09-19 00:00:00+00:00, run_after=2025-09-20 00:00:00+00:00
[2025-09-20T21:50:20.255+0000] {processor.py:183} INFO - Processing /home/airflow/.local/lib/python3.8/site-packages/airflow/example_dags/example_setup_teardown.py took 0.142 seconds
[2025-09-20T21:50:50.404+0000] {processor.py:161} INFO - Started process (PID=244) to work on /home/airflow/.local/lib/python3.8/site-packages/airflow/example_dags/example_setup_teardown.py
[2025-09-20T21:50:50.406+0000] {processor.py:830} INFO - Processing file /home/airflow/.local/lib/python3.8/site-packages/airflow/example_dags/example_setup_teardown.py for tasks to queue
[2025-09-20T21:50:50.410+0000] {logging_mixin.py:188} INFO - [2025-09-20T21:50:50.409+0000] {dagbag.py:538} INFO - Filling up the DagBag from /home/airflow/.local/lib/python3.8/site-packages/airflow/example_dags/example_setup_teardown.py
[2025-09-20T21:50:50.423+0000] {processor.py:840} INFO - DAG(s) 'example_setup_teardown' retrieved from /home/airflow/.local/lib/python3.8/site-packages/airflow/example_dags/example_setup_teardown.py
[2025-09-20T21:50:50.462+0000] {logging_mixin.py:188} INFO - [2025-09-20T21:50:50.462+0000] {dag.py:3036} INFO - Sync 1 DAGs
[2025-09-20T21:50:50.510+0000] {logging_mixin.py:188} INFO - [2025-09-20T21:50:50.510+0000] {dag.py:3823} INFO - Setting next_dagrun for example_setup_teardown to 2025-09-19 00:00:00+00:00, run_after=2025-09-20 00:00:00+00:00
[2025-09-20T21:50:50.550+0000] {processor.py:183} INFO - Processing /home/airflow/.local/lib/python3.8/site-packages/airflow/example_dags/example_setup_teardown.py took 0.153 seconds
[2025-09-20T21:51:21.532+0000] {processor.py:161} INFO - Started process (PID=302) to work on /home/airflow/.local/lib/python3.8/site-packages/airflow/example_dags/example_setup_teardown.py
[2025-09-20T21:51:21.534+0000] {processor.py:830} INFO - Processing file /home/airflow/.local/lib/python3.8/site-packages/airflow/example_dags/example_setup_teardown.py for tasks to queue
[2025-09-20T21:51:21.539+0000] {logging_mixin.py:188} INFO - [2025-09-20T21:51:21.538+0000] {dagbag.py:538} INFO - Filling up the DagBag from /home/airflow/.local/lib/python3.8/site-packages/airflow/example_dags/example_setup_teardown.py
[2025-09-20T21:51:21.554+0000] {processor.py:840} INFO - DAG(s) 'example_setup_teardown' retrieved from /home/airflow/.local/lib/python3.8/site-packages/airflow/example_dags/example_setup_teardown.py
[2025-09-20T21:51:21.598+0000] {logging_mixin.py:188} INFO - [2025-09-20T21:51:21.597+0000] {dag.py:3036} INFO - Sync 1 DAGs
[2025-09-20T21:51:21.656+0000] {logging_mixin.py:188} INFO - [2025-09-20T21:51:21.656+0000] {dag.py:3823} INFO - Setting next_dagrun for example_setup_teardown to 2025-09-19 00:00:00+00:00, run_after=2025-09-20 00:00:00+00:00
[2025-09-20T21:51:21.698+0000] {processor.py:183} INFO - Processing /home/airflow/.local/lib/python3.8/site-packages/airflow/example_dags/example_setup_teardown.py took 0.173 seconds
[2025-09-20T21:51:52.166+0000] {processor.py:161} INFO - Started process (PID=360) to work on /home/airflow/.local/lib/python3.8/site-packages/airflow/example_dags/example_setup_teardown.py
[2025-09-20T21:51:52.168+0000] {processor.py:830} INFO - Processing file /home/airflow/.local/lib/python3.8/site-packages/airflow/example_dags/example_setup_teardown.py for tasks to queue
[2025-09-20T21:51:52.171+0000] {logging_mixin.py:188} INFO - [2025-09-20T21:51:52.171+0000] {dagbag.py:538} INFO - Filling up the DagBag from /home/airflow/.local/lib/python3.8/site-packages/airflow/example_dags/example_setup_teardown.py
[2025-09-20T21:51:52.183+0000] {processor.py:840} INFO - DAG(s) 'example_setup_teardown' retrieved from /home/airflow/.local/lib/python3.8/site-packages/airflow/example_dags/example_setup_teardown.py
[2025-09-20T21:51:52.224+0000] {logging_mixin.py:188} INFO - [2025-09-20T21:51:52.224+0000] {dag.py:3036} INFO - Sync 1 DAGs
[2025-09-20T21:51:52.265+0000] {logging_mixin.py:188} INFO - [2025-09-20T21:51:52.265+0000] {dag.py:3823} INFO - Setting next_dagrun for example_setup_teardown to 2025-09-19 00:00:00+00:00, run_after=2025-09-20 00:00:00+00:00
[2025-09-20T21:51:52.302+0000] {processor.py:183} INFO - Processing /home/airflow/.local/lib/python3.8/site-packages/airflow/example_dags/example_setup_teardown.py took 0.143 seconds
[2025-09-20T21:52:22.537+0000] {processor.py:161} INFO - Started process (PID=418) to work on /home/airflow/.local/lib/python3.8/site-packages/airflow/example_dags/example_setup_teardown.py
[2025-09-20T21:52:22.540+0000] {processor.py:830} INFO - Processing file /home/airflow/.local/lib/python3.8/site-packages/airflow/example_dags/example_setup_teardown.py for tasks to queue
[2025-09-20T21:52:22.544+0000] {logging_mixin.py:188} INFO - [2025-09-20T21:52:22.544+0000] {dagbag.py:538} INFO - Filling up the DagBag from /home/airflow/.local/lib/python3.8/site-packages/airflow/example_dags/example_setup_teardown.py
[2025-09-20T21:52:22.557+0000] {processor.py:840} INFO - DAG(s) 'example_setup_teardown' retrieved from /home/airflow/.local/lib/python3.8/site-packages/airflow/example_dags/example_setup_teardown.py
[2025-09-20T21:52:22.596+0000] {logging_mixin.py:188} INFO - [2025-09-20T21:52:22.596+0000] {dag.py:3036} INFO - Sync 1 DAGs
[2025-09-20T21:52:22.638+0000] {logging_mixin.py:188} INFO - [2025-09-20T21:52:22.637+0000] {dag.py:3823} INFO - Setting next_dagrun for example_setup_teardown to 2025-09-19 00:00:00+00:00, run_after=2025-09-20 00:00:00+00:00
[2025-09-20T21:52:22.674+0000] {processor.py:183} INFO - Processing /home/airflow/.local/lib/python3.8/site-packages/airflow/example_dags/example_setup_teardown.py took 0.143 seconds
[2025-09-20T21:52:52.842+0000] {processor.py:161} INFO - Started process (PID=474) to work on /home/airflow/.local/lib/python3.8/site-packages/airflow/example_dags/example_setup_teardown.py
[2025-09-20T21:52:52.844+0000] {processor.py:830} INFO - Processing file /home/airflow/.local/lib/python3.8/site-packages/airflow/example_dags/example_setup_teardown.py for tasks to queue
[2025-09-20T21:52:52.848+0000] {logging_mixin.py:188} INFO - [2025-09-20T21:52:52.848+0000] {dagbag.py:538} INFO - Filling up the DagBag from /home/airflow/.local/lib/python3.8/site-packages/airflow/example_dags/example_setup_teardown.py
[2025-09-20T21:52:52.864+0000] {processor.py:840} INFO - DAG(s) 'example_setup_teardown' retrieved from /home/airflow/.local/lib/python3.8/site-packages/airflow/example_dags/example_setup_teardown.py
[2025-09-20T21:52:52.904+0000] {logging_mixin.py:188} INFO - [2025-09-20T21:52:52.903+0000] {dag.py:3036} INFO - Sync 1 DAGs
[2025-09-20T21:52:52.948+0000] {logging_mixin.py:188} INFO - [2025-09-20T21:52:52.947+0000] {dag.py:3823} INFO - Setting next_dagrun for example_setup_teardown to 2025-09-19 00:00:00+00:00, run_after=2025-09-20 00:00:00+00:00
[2025-09-20T21:52:52.991+0000] {processor.py:183} INFO - Processing /home/airflow/.local/lib/python3.8/site-packages/airflow/example_dags/example_setup_teardown.py took 0.158 seconds
[2025-09-20T21:53:23.460+0000] {processor.py:161} INFO - Started process (PID=532) to work on /home/airflow/.local/lib/python3.8/site-packages/airflow/example_dags/example_setup_teardown.py
[2025-09-20T21:53:23.462+0000] {processor.py:830} INFO - Processing file /home/airflow/.local/lib/python3.8/site-packages/airflow/example_dags/example_setup_teardown.py for tasks to queue
[2025-09-20T21:53:23.465+0000] {logging_mixin.py:188} INFO - [2025-09-20T21:53:23.465+0000] {dagbag.py:538} INFO - Filling up the DagBag from /home/airflow/.local/lib/python3.8/site-packages/airflow/example_dags/example_setup_teardown.py
[2025-09-20T21:53:23.477+0000] {processor.py:840} INFO - DAG(s) 'example_setup_teardown' retrieved from /home/airflow/.local/lib/python3.8/site-packages/airflow/example_dags/example_setup_teardown.py
[2025-09-20T21:53:23.519+0000] {logging_mixin.py:188} INFO - [2025-09-20T21:53:23.519+0000] {dag.py:3036} INFO - Sync 1 DAGs
[2025-09-20T21:53:23.563+0000] {logging_mixin.py:188} INFO - [2025-09-20T21:53:23.562+0000] {dag.py:3823} INFO - Setting next_dagrun for example_setup_teardown to 2025-09-19 00:00:00+00:00, run_after=2025-09-20 00:00:00+00:00
[2025-09-20T21:53:23.603+0000] {processor.py:183} INFO - Processing /home/airflow/.local/lib/python3.8/site-packages/airflow/example_dags/example_setup_teardown.py took 0.149 seconds
[2025-09-20T21:53:54.222+0000] {processor.py:161} INFO - Started process (PID=590) to work on /home/airflow/.local/lib/python3.8/site-packages/airflow/example_dags/example_setup_teardown.py
[2025-09-20T21:53:54.224+0000] {processor.py:830} INFO - Processing file /home/airflow/.local/lib/python3.8/site-packages/airflow/example_dags/example_setup_teardown.py for tasks to queue
[2025-09-20T21:53:54.229+0000] {logging_mixin.py:188} INFO - [2025-09-20T21:53:54.228+0000] {dagbag.py:538} INFO - Filling up the DagBag from /home/airflow/.local/lib/python3.8/site-packages/airflow/example_dags/example_setup_teardown.py
[2025-09-20T21:53:54.242+0000] {processor.py:840} INFO - DAG(s) 'example_setup_teardown' retrieved from /home/airflow/.local/lib/python3.8/site-packages/airflow/example_dags/example_setup_teardown.py
[2025-09-20T21:53:54.286+0000] {logging_mixin.py:188} INFO - [2025-09-20T21:53:54.285+0000] {dag.py:3036} INFO - Sync 1 DAGs
[2025-09-20T21:53:54.336+0000] {logging_mixin.py:188} INFO - [2025-09-20T21:53:54.336+0000] {dag.py:3823} INFO - Setting next_dagrun for example_setup_teardown to 2025-09-19 00:00:00+00:00, run_after=2025-09-20 00:00:00+00:00
[2025-09-20T21:53:54.372+0000] {processor.py:183} INFO - Processing /home/airflow/.local/lib/python3.8/site-packages/airflow/example_dags/example_setup_teardown.py took 0.155 seconds
[2025-09-20T21:54:24.597+0000] {processor.py:161} INFO - Started process (PID=648) to work on /home/airflow/.local/lib/python3.8/site-packages/airflow/example_dags/example_setup_teardown.py
[2025-09-20T21:54:24.600+0000] {processor.py:830} INFO - Processing file /home/airflow/.local/lib/python3.8/site-packages/airflow/example_dags/example_setup_teardown.py for tasks to queue
[2025-09-20T21:54:24.604+0000] {logging_mixin.py:188} INFO - [2025-09-20T21:54:24.603+0000] {dagbag.py:538} INFO - Filling up the DagBag from /home/airflow/.local/lib/python3.8/site-packages/airflow/example_dags/example_setup_teardown.py
[2025-09-20T21:54:24.618+0000] {processor.py:840} INFO - DAG(s) 'example_setup_teardown' retrieved from /home/airflow/.local/lib/python3.8/site-packages/airflow/example_dags/example_setup_teardown.py
[2025-09-20T21:54:24.653+0000] {logging_mixin.py:188} INFO - [2025-09-20T21:54:24.653+0000] {dag.py:3036} INFO - Sync 1 DAGs
[2025-09-20T21:54:24.692+0000] {logging_mixin.py:188} INFO - [2025-09-20T21:54:24.692+0000] {dag.py:3823} INFO - Setting next_dagrun for example_setup_teardown to 2025-09-19 00:00:00+00:00, run_after=2025-09-20 00:00:00+00:00
[2025-09-20T21:54:24.725+0000] {processor.py:183} INFO - Processing /home/airflow/.local/lib/python3.8/site-packages/airflow/example_dags/example_setup_teardown.py took 0.133 seconds
[2025-09-20T21:54:55.326+0000] {processor.py:161} INFO - Started process (PID=706) to work on /home/airflow/.local/lib/python3.8/site-packages/airflow/example_dags/example_setup_teardown.py
[2025-09-20T21:54:55.328+0000] {processor.py:830} INFO - Processing file /home/airflow/.local/lib/python3.8/site-packages/airflow/example_dags/example_setup_teardown.py for tasks to queue
[2025-09-20T21:54:55.334+0000] {logging_mixin.py:188} INFO - [2025-09-20T21:54:55.333+0000] {dagbag.py:538} INFO - Filling up the DagBag from /home/airflow/.local/lib/python3.8/site-packages/airflow/example_dags/example_setup_teardown.py
[2025-09-20T21:54:55.346+0000] {processor.py:840} INFO - DAG(s) 'example_setup_teardown' retrieved from /home/airflow/.local/lib/python3.8/site-packages/airflow/example_dags/example_setup_teardown.py
[2025-09-20T21:54:55.386+0000] {logging_mixin.py:188} INFO - [2025-09-20T21:54:55.386+0000] {dag.py:3036} INFO - Sync 1 DAGs
[2025-09-20T21:54:55.430+0000] {logging_mixin.py:188} INFO - [2025-09-20T21:54:55.430+0000] {dag.py:3823} INFO - Setting next_dagrun for example_setup_teardown to 2025-09-19 00:00:00+00:00, run_after=2025-09-20 00:00:00+00:00
[2025-09-20T21:54:55.476+0000] {processor.py:183} INFO - Processing /home/airflow/.local/lib/python3.8/site-packages/airflow/example_dags/example_setup_teardown.py took 0.156 seconds
[2025-09-20T21:55:26.352+0000] {processor.py:161} INFO - Started process (PID=768) to work on /home/airflow/.local/lib/python3.8/site-packages/airflow/example_dags/example_setup_teardown.py
[2025-09-20T21:55:26.354+0000] {processor.py:830} INFO - Processing file /home/airflow/.local/lib/python3.8/site-packages/airflow/example_dags/example_setup_teardown.py for tasks to queue
[2025-09-20T21:55:26.357+0000] {logging_mixin.py:188} INFO - [2025-09-20T21:55:26.357+0000] {dagbag.py:538} INFO - Filling up the DagBag from /home/airflow/.local/lib/python3.8/site-packages/airflow/example_dags/example_setup_teardown.py
[2025-09-20T21:55:26.371+0000] {processor.py:840} INFO - DAG(s) 'example_setup_teardown' retrieved from /home/airflow/.local/lib/python3.8/site-packages/airflow/example_dags/example_setup_teardown.py
[2025-09-20T21:55:26.408+0000] {logging_mixin.py:188} INFO - [2025-09-20T21:55:26.408+0000] {dag.py:3036} INFO - Sync 1 DAGs
[2025-09-20T21:55:26.464+0000] {logging_mixin.py:188} INFO - [2025-09-20T21:55:26.463+0000] {dag.py:3823} INFO - Setting next_dagrun for example_setup_teardown to 2025-09-19 00:00:00+00:00, run_after=2025-09-20 00:00:00+00:00
[2025-09-20T21:55:26.504+0000] {processor.py:183} INFO - Processing /home/airflow/.local/lib/python3.8/site-packages/airflow/example_dags/example_setup_teardown.py took 0.158 seconds
[2025-09-20T21:55:56.696+0000] {processor.py:161} INFO - Started process (PID=830) to work on /home/airflow/.local/lib/python3.8/site-packages/airflow/example_dags/example_setup_teardown.py
[2025-09-20T21:55:56.699+0000] {processor.py:830} INFO - Processing file /home/airflow/.local/lib/python3.8/site-packages/airflow/example_dags/example_setup_teardown.py for tasks to queue
[2025-09-20T21:55:56.712+0000] {logging_mixin.py:188} INFO - [2025-09-20T21:55:56.711+0000] {dagbag.py:538} INFO - Filling up the DagBag from /home/airflow/.local/lib/python3.8/site-packages/airflow/example_dags/example_setup_teardown.py
[2025-09-20T21:55:56.742+0000] {processor.py:840} INFO - DAG(s) 'example_setup_teardown' retrieved from /home/airflow/.local/lib/python3.8/site-packages/airflow/example_dags/example_setup_teardown.py
[2025-09-20T21:55:56.800+0000] {logging_mixin.py:188} INFO - [2025-09-20T21:55:56.799+0000] {dag.py:3036} INFO - Sync 1 DAGs
[2025-09-20T21:55:56.850+0000] {logging_mixin.py:188} INFO - [2025-09-20T21:55:56.849+0000] {dag.py:3823} INFO - Setting next_dagrun for example_setup_teardown to 2025-09-19 00:00:00+00:00, run_after=2025-09-20 00:00:00+00:00
[2025-09-20T21:55:56.904+0000] {processor.py:183} INFO - Processing /home/airflow/.local/lib/python3.8/site-packages/airflow/example_dags/example_setup_teardown.py took 0.216 seconds
[2025-09-20T21:56:27.364+0000] {processor.py:161} INFO - Started process (PID=888) to work on /home/airflow/.local/lib/python3.8/site-packages/airflow/example_dags/example_setup_teardown.py
[2025-09-20T21:56:27.366+0000] {processor.py:830} INFO - Processing file /home/airflow/.local/lib/python3.8/site-packages/airflow/example_dags/example_setup_teardown.py for tasks to queue
[2025-09-20T21:56:27.370+0000] {logging_mixin.py:188} INFO - [2025-09-20T21:56:27.369+0000] {dagbag.py:538} INFO - Filling up the DagBag from /home/airflow/.local/lib/python3.8/site-packages/airflow/example_dags/example_setup_teardown.py
[2025-09-20T21:56:27.382+0000] {processor.py:840} INFO - DAG(s) 'example_setup_teardown' retrieved from /home/airflow/.local/lib/python3.8/site-packages/airflow/example_dags/example_setup_teardown.py
[2025-09-20T21:56:27.418+0000] {logging_mixin.py:188} INFO - [2025-09-20T21:56:27.417+0000] {dag.py:3036} INFO - Sync 1 DAGs
[2025-09-20T21:56:27.458+0000] {logging_mixin.py:188} INFO - [2025-09-20T21:56:27.457+0000] {dag.py:3823} INFO - Setting next_dagrun for example_setup_teardown to 2025-09-19 00:00:00+00:00, run_after=2025-09-20 00:00:00+00:00
[2025-09-20T21:56:27.500+0000] {processor.py:183} INFO - Processing /home/airflow/.local/lib/python3.8/site-packages/airflow/example_dags/example_setup_teardown.py took 0.142 seconds
[2025-09-20T21:56:57.659+0000] {processor.py:161} INFO - Started process (PID=946) to work on /home/airflow/.local/lib/python3.8/site-packages/airflow/example_dags/example_setup_teardown.py
[2025-09-20T21:56:57.661+0000] {processor.py:830} INFO - Processing file /home/airflow/.local/lib/python3.8/site-packages/airflow/example_dags/example_setup_teardown.py for tasks to queue
[2025-09-20T21:56:57.665+0000] {logging_mixin.py:188} INFO - [2025-09-20T21:56:57.664+0000] {dagbag.py:538} INFO - Filling up the DagBag from /home/airflow/.local/lib/python3.8/site-packages/airflow/example_dags/example_setup_teardown.py
[2025-09-20T21:56:57.678+0000] {processor.py:840} INFO - DAG(s) 'example_setup_teardown' retrieved from /home/airflow/.local/lib/python3.8/site-packages/airflow/example_dags/example_setup_teardown.py
[2025-09-20T21:56:57.714+0000] {logging_mixin.py:188} INFO - [2025-09-20T21:56:57.713+0000] {dag.py:3036} INFO - Sync 1 DAGs
[2025-09-20T21:56:57.756+0000] {logging_mixin.py:188} INFO - [2025-09-20T21:56:57.755+0000] {dag.py:3823} INFO - Setting next_dagrun for example_setup_teardown to 2025-09-19 00:00:00+00:00, run_after=2025-09-20 00:00:00+00:00
[2025-09-20T21:56:57.804+0000] {processor.py:183} INFO - Processing /home/airflow/.local/lib/python3.8/site-packages/airflow/example_dags/example_setup_teardown.py took 0.153 seconds
[2025-09-20T21:57:28.009+0000] {processor.py:161} INFO - Started process (PID=1004) to work on /home/airflow/.local/lib/python3.8/site-packages/airflow/example_dags/example_setup_teardown.py
[2025-09-20T21:57:28.012+0000] {processor.py:830} INFO - Processing file /home/airflow/.local/lib/python3.8/site-packages/airflow/example_dags/example_setup_teardown.py for tasks to queue
[2025-09-20T21:57:28.015+0000] {logging_mixin.py:188} INFO - [2025-09-20T21:57:28.015+0000] {dagbag.py:538} INFO - Filling up the DagBag from /home/airflow/.local/lib/python3.8/site-packages/airflow/example_dags/example_setup_teardown.py
[2025-09-20T21:57:28.032+0000] {processor.py:840} INFO - DAG(s) 'example_setup_teardown' retrieved from /home/airflow/.local/lib/python3.8/site-packages/airflow/example_dags/example_setup_teardown.py
[2025-09-20T21:57:28.073+0000] {logging_mixin.py:188} INFO - [2025-09-20T21:57:28.073+0000] {dag.py:3036} INFO - Sync 1 DAGs
[2025-09-20T21:57:28.117+0000] {logging_mixin.py:188} INFO - [2025-09-20T21:57:28.116+0000] {dag.py:3823} INFO - Setting next_dagrun for example_setup_teardown to 2025-09-19 00:00:00+00:00, run_after=2025-09-20 00:00:00+00:00
[2025-09-20T21:57:28.153+0000] {processor.py:183} INFO - Processing /home/airflow/.local/lib/python3.8/site-packages/airflow/example_dags/example_setup_teardown.py took 0.151 seconds
[2025-09-20T21:57:58.223+0000] {processor.py:161} INFO - Started process (PID=1062) to work on /home/airflow/.local/lib/python3.8/site-packages/airflow/example_dags/example_setup_teardown.py
[2025-09-20T21:57:58.225+0000] {processor.py:830} INFO - Processing file /home/airflow/.local/lib/python3.8/site-packages/airflow/example_dags/example_setup_teardown.py for tasks to queue
[2025-09-20T21:57:58.230+0000] {logging_mixin.py:188} INFO - [2025-09-20T21:57:58.229+0000] {dagbag.py:538} INFO - Filling up the DagBag from /home/airflow/.local/lib/python3.8/site-packages/airflow/example_dags/example_setup_teardown.py
[2025-09-20T21:57:58.244+0000] {processor.py:840} INFO - DAG(s) 'example_setup_teardown' retrieved from /home/airflow/.local/lib/python3.8/site-packages/airflow/example_dags/example_setup_teardown.py
[2025-09-20T21:57:58.286+0000] {logging_mixin.py:188} INFO - [2025-09-20T21:57:58.286+0000] {dag.py:3036} INFO - Sync 1 DAGs
[2025-09-20T21:57:58.331+0000] {logging_mixin.py:188} INFO - [2025-09-20T21:57:58.331+0000] {dag.py:3823} INFO - Setting next_dagrun for example_setup_teardown to 2025-09-19 00:00:00+00:00, run_after=2025-09-20 00:00:00+00:00
[2025-09-20T21:57:58.372+0000] {processor.py:183} INFO - Processing /home/airflow/.local/lib/python3.8/site-packages/airflow/example_dags/example_setup_teardown.py took 0.155 seconds
[2025-09-20T21:58:29.315+0000] {processor.py:161} INFO - Started process (PID=1120) to work on /home/airflow/.local/lib/python3.8/site-packages/airflow/example_dags/example_setup_teardown.py
[2025-09-20T21:58:29.317+0000] {processor.py:830} INFO - Processing file /home/airflow/.local/lib/python3.8/site-packages/airflow/example_dags/example_setup_teardown.py for tasks to queue
[2025-09-20T21:58:29.320+0000] {logging_mixin.py:188} INFO - [2025-09-20T21:58:29.320+0000] {dagbag.py:538} INFO - Filling up the DagBag from /home/airflow/.local/lib/python3.8/site-packages/airflow/example_dags/example_setup_teardown.py
[2025-09-20T21:58:29.334+0000] {processor.py:840} INFO - DAG(s) 'example_setup_teardown' retrieved from /home/airflow/.local/lib/python3.8/site-packages/airflow/example_dags/example_setup_teardown.py
[2025-09-20T21:58:29.373+0000] {logging_mixin.py:188} INFO - [2025-09-20T21:58:29.372+0000] {dag.py:3036} INFO - Sync 1 DAGs
[2025-09-20T21:58:29.421+0000] {logging_mixin.py:188} INFO - [2025-09-20T21:58:29.420+0000] {dag.py:3823} INFO - Setting next_dagrun for example_setup_teardown to 2025-09-19 00:00:00+00:00, run_after=2025-09-20 00:00:00+00:00
[2025-09-20T21:58:29.464+0000] {processor.py:183} INFO - Processing /home/airflow/.local/lib/python3.8/site-packages/airflow/example_dags/example_setup_teardown.py took 0.156 seconds
[2025-09-20T21:58:59.564+0000] {processor.py:161} INFO - Started process (PID=1178) to work on /home/airflow/.local/lib/python3.8/site-packages/airflow/example_dags/example_setup_teardown.py
[2025-09-20T21:58:59.566+0000] {processor.py:830} INFO - Processing file /home/airflow/.local/lib/python3.8/site-packages/airflow/example_dags/example_setup_teardown.py for tasks to queue
[2025-09-20T21:58:59.570+0000] {logging_mixin.py:188} INFO - [2025-09-20T21:58:59.569+0000] {dagbag.py:538} INFO - Filling up the DagBag from /home/airflow/.local/lib/python3.8/site-packages/airflow/example_dags/example_setup_teardown.py
[2025-09-20T21:58:59.583+0000] {processor.py:840} INFO - DAG(s) 'example_setup_teardown' retrieved from /home/airflow/.local/lib/python3.8/site-packages/airflow/example_dags/example_setup_teardown.py
[2025-09-20T21:58:59.621+0000] {logging_mixin.py:188} INFO - [2025-09-20T21:58:59.621+0000] {dag.py:3036} INFO - Sync 1 DAGs
[2025-09-20T21:58:59.662+0000] {logging_mixin.py:188} INFO - [2025-09-20T21:58:59.661+0000] {dag.py:3823} INFO - Setting next_dagrun for example_setup_teardown to 2025-09-19 00:00:00+00:00, run_after=2025-09-20 00:00:00+00:00
[2025-09-20T21:58:59.698+0000] {processor.py:183} INFO - Processing /home/airflow/.local/lib/python3.8/site-packages/airflow/example_dags/example_setup_teardown.py took 0.141 seconds
[2025-09-20T21:59:30.076+0000] {processor.py:161} INFO - Started process (PID=1236) to work on /home/airflow/.local/lib/python3.8/site-packages/airflow/example_dags/example_setup_teardown.py
[2025-09-20T21:59:30.078+0000] {processor.py:830} INFO - Processing file /home/airflow/.local/lib/python3.8/site-packages/airflow/example_dags/example_setup_teardown.py for tasks to queue
[2025-09-20T21:59:30.084+0000] {logging_mixin.py:188} INFO - [2025-09-20T21:59:30.083+0000] {dagbag.py:538} INFO - Filling up the DagBag from /home/airflow/.local/lib/python3.8/site-packages/airflow/example_dags/example_setup_teardown.py
[2025-09-20T21:59:30.098+0000] {processor.py:840} INFO - DAG(s) 'example_setup_teardown' retrieved from /home/airflow/.local/lib/python3.8/site-packages/airflow/example_dags/example_setup_teardown.py
[2025-09-20T21:59:30.138+0000] {logging_mixin.py:188} INFO - [2025-09-20T21:59:30.138+0000] {dag.py:3036} INFO - Sync 1 DAGs
[2025-09-20T21:59:30.177+0000] {logging_mixin.py:188} INFO - [2025-09-20T21:59:30.177+0000] {dag.py:3823} INFO - Setting next_dagrun for example_setup_teardown to 2025-09-19 00:00:00+00:00, run_after=2025-09-20 00:00:00+00:00
[2025-09-20T21:59:30.212+0000] {processor.py:183} INFO - Processing /home/airflow/.local/lib/python3.8/site-packages/airflow/example_dags/example_setup_teardown.py took 0.143 seconds
[2025-09-20T22:00:00.335+0000] {processor.py:161} INFO - Started process (PID=1294) to work on /home/airflow/.local/lib/python3.8/site-packages/airflow/example_dags/example_setup_teardown.py
[2025-09-20T22:00:00.337+0000] {processor.py:830} INFO - Processing file /home/airflow/.local/lib/python3.8/site-packages/airflow/example_dags/example_setup_teardown.py for tasks to queue
[2025-09-20T22:00:00.341+0000] {logging_mixin.py:188} INFO - [2025-09-20T22:00:00.340+0000] {dagbag.py:538} INFO - Filling up the DagBag from /home/airflow/.local/lib/python3.8/site-packages/airflow/example_dags/example_setup_teardown.py
[2025-09-20T22:00:00.358+0000] {processor.py:840} INFO - DAG(s) 'example_setup_teardown' retrieved from /home/airflow/.local/lib/python3.8/site-packages/airflow/example_dags/example_setup_teardown.py
[2025-09-20T22:00:00.402+0000] {logging_mixin.py:188} INFO - [2025-09-20T22:00:00.401+0000] {dag.py:3036} INFO - Sync 1 DAGs
[2025-09-20T22:00:00.456+0000] {logging_mixin.py:188} INFO - [2025-09-20T22:00:00.456+0000] {dag.py:3823} INFO - Setting next_dagrun for example_setup_teardown to 2025-09-19 00:00:00+00:00, run_after=2025-09-20 00:00:00+00:00
[2025-09-20T22:00:00.499+0000] {processor.py:183} INFO - Processing /home/airflow/.local/lib/python3.8/site-packages/airflow/example_dags/example_setup_teardown.py took 0.172 seconds
[2025-09-20T22:00:30.589+0000] {processor.py:161} INFO - Started process (PID=1351) to work on /home/airflow/.local/lib/python3.8/site-packages/airflow/example_dags/example_setup_teardown.py
[2025-09-20T22:00:30.601+0000] {processor.py:830} INFO - Processing file /home/airflow/.local/lib/python3.8/site-packages/airflow/example_dags/example_setup_teardown.py for tasks to queue
[2025-09-20T22:00:30.604+0000] {logging_mixin.py:188} INFO - [2025-09-20T22:00:30.604+0000] {dagbag.py:538} INFO - Filling up the DagBag from /home/airflow/.local/lib/python3.8/site-packages/airflow/example_dags/example_setup_teardown.py
[2025-09-20T22:00:30.617+0000] {processor.py:840} INFO - DAG(s) 'example_setup_teardown' retrieved from /home/airflow/.local/lib/python3.8/site-packages/airflow/example_dags/example_setup_teardown.py
[2025-09-20T22:00:30.657+0000] {logging_mixin.py:188} INFO - [2025-09-20T22:00:30.657+0000] {dag.py:3036} INFO - Sync 1 DAGs
[2025-09-20T22:00:30.704+0000] {logging_mixin.py:188} INFO - [2025-09-20T22:00:30.703+0000] {dag.py:3823} INFO - Setting next_dagrun for example_setup_teardown to 2025-09-19 00:00:00+00:00, run_after=2025-09-20 00:00:00+00:00
[2025-09-20T22:00:30.743+0000] {processor.py:183} INFO - Processing /home/airflow/.local/lib/python3.8/site-packages/airflow/example_dags/example_setup_teardown.py took 0.159 seconds
[2025-09-20T22:01:01.549+0000] {processor.py:161} INFO - Started process (PID=1410) to work on /home/airflow/.local/lib/python3.8/site-packages/airflow/example_dags/example_setup_teardown.py
[2025-09-20T22:01:01.554+0000] {processor.py:830} INFO - Processing file /home/airflow/.local/lib/python3.8/site-packages/airflow/example_dags/example_setup_teardown.py for tasks to queue
[2025-09-20T22:01:01.559+0000] {logging_mixin.py:188} INFO - [2025-09-20T22:01:01.558+0000] {dagbag.py:538} INFO - Filling up the DagBag from /home/airflow/.local/lib/python3.8/site-packages/airflow/example_dags/example_setup_teardown.py
[2025-09-20T22:01:01.573+0000] {processor.py:840} INFO - DAG(s) 'example_setup_teardown' retrieved from /home/airflow/.local/lib/python3.8/site-packages/airflow/example_dags/example_setup_teardown.py
[2025-09-20T22:01:01.635+0000] {logging_mixin.py:188} INFO - [2025-09-20T22:01:01.635+0000] {dag.py:3036} INFO - Sync 1 DAGs
[2025-09-20T22:01:01.698+0000] {logging_mixin.py:188} INFO - [2025-09-20T22:01:01.697+0000] {dag.py:3823} INFO - Setting next_dagrun for example_setup_teardown to 2025-09-19 00:00:00+00:00, run_after=2025-09-20 00:00:00+00:00
[2025-09-20T22:01:01.749+0000] {processor.py:183} INFO - Processing /home/airflow/.local/lib/python3.8/site-packages/airflow/example_dags/example_setup_teardown.py took 0.212 seconds
[2025-09-20T22:01:32.586+0000] {processor.py:161} INFO - Started process (PID=1468) to work on /home/airflow/.local/lib/python3.8/site-packages/airflow/example_dags/example_setup_teardown.py
[2025-09-20T22:01:32.588+0000] {processor.py:830} INFO - Processing file /home/airflow/.local/lib/python3.8/site-packages/airflow/example_dags/example_setup_teardown.py for tasks to queue
[2025-09-20T22:01:32.591+0000] {logging_mixin.py:188} INFO - [2025-09-20T22:01:32.591+0000] {dagbag.py:538} INFO - Filling up the DagBag from /home/airflow/.local/lib/python3.8/site-packages/airflow/example_dags/example_setup_teardown.py
[2025-09-20T22:01:32.603+0000] {processor.py:840} INFO - DAG(s) 'example_setup_teardown' retrieved from /home/airflow/.local/lib/python3.8/site-packages/airflow/example_dags/example_setup_teardown.py
[2025-09-20T22:01:32.641+0000] {logging_mixin.py:188} INFO - [2025-09-20T22:01:32.640+0000] {dag.py:3036} INFO - Sync 1 DAGs
[2025-09-20T22:01:32.681+0000] {logging_mixin.py:188} INFO - [2025-09-20T22:01:32.681+0000] {dag.py:3823} INFO - Setting next_dagrun for example_setup_teardown to 2025-09-19 00:00:00+00:00, run_after=2025-09-20 00:00:00+00:00
[2025-09-20T22:01:32.719+0000] {processor.py:183} INFO - Processing /home/airflow/.local/lib/python3.8/site-packages/airflow/example_dags/example_setup_teardown.py took 0.139 seconds
[2025-09-20T22:02:02.987+0000] {processor.py:161} INFO - Started process (PID=1526) to work on /home/airflow/.local/lib/python3.8/site-packages/airflow/example_dags/example_setup_teardown.py
[2025-09-20T22:02:02.989+0000] {processor.py:830} INFO - Processing file /home/airflow/.local/lib/python3.8/site-packages/airflow/example_dags/example_setup_teardown.py for tasks to queue
[2025-09-20T22:02:02.993+0000] {logging_mixin.py:188} INFO - [2025-09-20T22:02:02.992+0000] {dagbag.py:538} INFO - Filling up the DagBag from /home/airflow/.local/lib/python3.8/site-packages/airflow/example_dags/example_setup_teardown.py
[2025-09-20T22:02:03.005+0000] {processor.py:840} INFO - DAG(s) 'example_setup_teardown' retrieved from /home/airflow/.local/lib/python3.8/site-packages/airflow/example_dags/example_setup_teardown.py
[2025-09-20T22:02:03.041+0000] {logging_mixin.py:188} INFO - [2025-09-20T22:02:03.040+0000] {dag.py:3036} INFO - Sync 1 DAGs
[2025-09-20T22:02:03.078+0000] {logging_mixin.py:188} INFO - [2025-09-20T22:02:03.078+0000] {dag.py:3823} INFO - Setting next_dagrun for example_setup_teardown to 2025-09-19 00:00:00+00:00, run_after=2025-09-20 00:00:00+00:00
[2025-09-20T22:02:03.116+0000] {processor.py:183} INFO - Processing /home/airflow/.local/lib/python3.8/site-packages/airflow/example_dags/example_setup_teardown.py took 0.134 seconds
[2025-09-20T22:02:33.359+0000] {processor.py:161} INFO - Started process (PID=1584) to work on /home/airflow/.local/lib/python3.8/site-packages/airflow/example_dags/example_setup_teardown.py
[2025-09-20T22:02:33.361+0000] {processor.py:830} INFO - Processing file /home/airflow/.local/lib/python3.8/site-packages/airflow/example_dags/example_setup_teardown.py for tasks to queue
[2025-09-20T22:02:33.364+0000] {logging_mixin.py:188} INFO - [2025-09-20T22:02:33.363+0000] {dagbag.py:538} INFO - Filling up the DagBag from /home/airflow/.local/lib/python3.8/site-packages/airflow/example_dags/example_setup_teardown.py
[2025-09-20T22:02:33.376+0000] {processor.py:840} INFO - DAG(s) 'example_setup_teardown' retrieved from /home/airflow/.local/lib/python3.8/site-packages/airflow/example_dags/example_setup_teardown.py
[2025-09-20T22:02:33.413+0000] {logging_mixin.py:188} INFO - [2025-09-20T22:02:33.412+0000] {dag.py:3036} INFO - Sync 1 DAGs
[2025-09-20T22:02:33.461+0000] {logging_mixin.py:188} INFO - [2025-09-20T22:02:33.460+0000] {dag.py:3823} INFO - Setting next_dagrun for example_setup_teardown to 2025-09-19 00:00:00+00:00, run_after=2025-09-20 00:00:00+00:00
[2025-09-20T22:02:33.507+0000] {processor.py:183} INFO - Processing /home/airflow/.local/lib/python3.8/site-packages/airflow/example_dags/example_setup_teardown.py took 0.155 seconds
[2025-09-20T22:03:03.775+0000] {processor.py:161} INFO - Started process (PID=1642) to work on /home/airflow/.local/lib/python3.8/site-packages/airflow/example_dags/example_setup_teardown.py
[2025-09-20T22:03:03.777+0000] {processor.py:830} INFO - Processing file /home/airflow/.local/lib/python3.8/site-packages/airflow/example_dags/example_setup_teardown.py for tasks to queue
[2025-09-20T22:03:03.781+0000] {logging_mixin.py:188} INFO - [2025-09-20T22:03:03.781+0000] {dagbag.py:538} INFO - Filling up the DagBag from /home/airflow/.local/lib/python3.8/site-packages/airflow/example_dags/example_setup_teardown.py
[2025-09-20T22:03:03.796+0000] {processor.py:840} INFO - DAG(s) 'example_setup_teardown' retrieved from /home/airflow/.local/lib/python3.8/site-packages/airflow/example_dags/example_setup_teardown.py
[2025-09-20T22:03:03.835+0000] {logging_mixin.py:188} INFO - [2025-09-20T22:03:03.834+0000] {dag.py:3036} INFO - Sync 1 DAGs
[2025-09-20T22:03:03.874+0000] {logging_mixin.py:188} INFO - [2025-09-20T22:03:03.874+0000] {dag.py:3823} INFO - Setting next_dagrun for example_setup_teardown to 2025-09-19 00:00:00+00:00, run_after=2025-09-20 00:00:00+00:00
[2025-09-20T22:03:03.913+0000] {processor.py:183} INFO - Processing /home/airflow/.local/lib/python3.8/site-packages/airflow/example_dags/example_setup_teardown.py took 0.146 seconds
[2025-09-20T22:03:34.064+0000] {processor.py:161} INFO - Started process (PID=1700) to work on /home/airflow/.local/lib/python3.8/site-packages/airflow/example_dags/example_setup_teardown.py
[2025-09-20T22:03:34.066+0000] {processor.py:830} INFO - Processing file /home/airflow/.local/lib/python3.8/site-packages/airflow/example_dags/example_setup_teardown.py for tasks to queue
[2025-09-20T22:03:34.069+0000] {logging_mixin.py:188} INFO - [2025-09-20T22:03:34.069+0000] {dagbag.py:538} INFO - Filling up the DagBag from /home/airflow/.local/lib/python3.8/site-packages/airflow/example_dags/example_setup_teardown.py
[2025-09-20T22:03:34.082+0000] {processor.py:840} INFO - DAG(s) 'example_setup_teardown' retrieved from /home/airflow/.local/lib/python3.8/site-packages/airflow/example_dags/example_setup_teardown.py
[2025-09-20T22:03:34.120+0000] {logging_mixin.py:188} INFO - [2025-09-20T22:03:34.119+0000] {dag.py:3036} INFO - Sync 1 DAGs
[2025-09-20T22:03:34.160+0000] {logging_mixin.py:188} INFO - [2025-09-20T22:03:34.160+0000] {dag.py:3823} INFO - Setting next_dagrun for example_setup_teardown to 2025-09-19 00:00:00+00:00, run_after=2025-09-20 00:00:00+00:00
[2025-09-20T22:03:34.195+0000] {processor.py:183} INFO - Processing /home/airflow/.local/lib/python3.8/site-packages/airflow/example_dags/example_setup_teardown.py took 0.138 seconds
[2025-09-20T22:04:04.553+0000] {processor.py:161} INFO - Started process (PID=1758) to work on /home/airflow/.local/lib/python3.8/site-packages/airflow/example_dags/example_setup_teardown.py
[2025-09-20T22:04:04.554+0000] {processor.py:830} INFO - Processing file /home/airflow/.local/lib/python3.8/site-packages/airflow/example_dags/example_setup_teardown.py for tasks to queue
[2025-09-20T22:04:04.558+0000] {logging_mixin.py:188} INFO - [2025-09-20T22:04:04.557+0000] {dagbag.py:538} INFO - Filling up the DagBag from /home/airflow/.local/lib/python3.8/site-packages/airflow/example_dags/example_setup_teardown.py
[2025-09-20T22:04:04.570+0000] {processor.py:840} INFO - DAG(s) 'example_setup_teardown' retrieved from /home/airflow/.local/lib/python3.8/site-packages/airflow/example_dags/example_setup_teardown.py
[2025-09-20T22:04:04.608+0000] {logging_mixin.py:188} INFO - [2025-09-20T22:04:04.608+0000] {dag.py:3036} INFO - Sync 1 DAGs
[2025-09-20T22:04:04.647+0000] {logging_mixin.py:188} INFO - [2025-09-20T22:04:04.647+0000] {dag.py:3823} INFO - Setting next_dagrun for example_setup_teardown to 2025-09-19 00:00:00+00:00, run_after=2025-09-20 00:00:00+00:00
[2025-09-20T22:04:04.686+0000] {processor.py:183} INFO - Processing /home/airflow/.local/lib/python3.8/site-packages/airflow/example_dags/example_setup_teardown.py took 0.139 seconds
[2025-09-20T22:04:35.278+0000] {processor.py:161} INFO - Started process (PID=1816) to work on /home/airflow/.local/lib/python3.8/site-packages/airflow/example_dags/example_setup_teardown.py
[2025-09-20T22:04:35.279+0000] {processor.py:830} INFO - Processing file /home/airflow/.local/lib/python3.8/site-packages/airflow/example_dags/example_setup_teardown.py for tasks to queue
[2025-09-20T22:04:35.283+0000] {logging_mixin.py:188} INFO - [2025-09-20T22:04:35.282+0000] {dagbag.py:538} INFO - Filling up the DagBag from /home/airflow/.local/lib/python3.8/site-packages/airflow/example_dags/example_setup_teardown.py
[2025-09-20T22:04:35.297+0000] {processor.py:840} INFO - DAG(s) 'example_setup_teardown' retrieved from /home/airflow/.local/lib/python3.8/site-packages/airflow/example_dags/example_setup_teardown.py
[2025-09-20T22:04:35.339+0000] {logging_mixin.py:188} INFO - [2025-09-20T22:04:35.338+0000] {dag.py:3036} INFO - Sync 1 DAGs
[2025-09-20T22:04:35.379+0000] {logging_mixin.py:188} INFO - [2025-09-20T22:04:35.379+0000] {dag.py:3823} INFO - Setting next_dagrun for example_setup_teardown to 2025-09-19 00:00:00+00:00, run_after=2025-09-20 00:00:00+00:00
[2025-09-20T22:04:35.413+0000] {processor.py:183} INFO - Processing /home/airflow/.local/lib/python3.8/site-packages/airflow/example_dags/example_setup_teardown.py took 0.141 seconds
[2025-09-20T22:05:05.663+0000] {processor.py:161} INFO - Started process (PID=1875) to work on /home/airflow/.local/lib/python3.8/site-packages/airflow/example_dags/example_setup_teardown.py
[2025-09-20T22:05:05.666+0000] {processor.py:830} INFO - Processing file /home/airflow/.local/lib/python3.8/site-packages/airflow/example_dags/example_setup_teardown.py for tasks to queue
[2025-09-20T22:05:05.671+0000] {logging_mixin.py:188} INFO - [2025-09-20T22:05:05.670+0000] {dagbag.py:538} INFO - Filling up the DagBag from /home/airflow/.local/lib/python3.8/site-packages/airflow/example_dags/example_setup_teardown.py
[2025-09-20T22:05:05.688+0000] {processor.py:840} INFO - DAG(s) 'example_setup_teardown' retrieved from /home/airflow/.local/lib/python3.8/site-packages/airflow/example_dags/example_setup_teardown.py
[2025-09-20T22:05:05.731+0000] {logging_mixin.py:188} INFO - [2025-09-20T22:05:05.731+0000] {dag.py:3036} INFO - Sync 1 DAGs
[2025-09-20T22:05:05.772+0000] {logging_mixin.py:188} INFO - [2025-09-20T22:05:05.772+0000] {dag.py:3823} INFO - Setting next_dagrun for example_setup_teardown to 2025-09-19 00:00:00+00:00, run_after=2025-09-20 00:00:00+00:00
[2025-09-20T22:05:05.807+0000] {processor.py:183} INFO - Processing /home/airflow/.local/lib/python3.8/site-packages/airflow/example_dags/example_setup_teardown.py took 0.153 seconds
[2025-09-20T22:05:36.500+0000] {processor.py:161} INFO - Started process (PID=1933) to work on /home/airflow/.local/lib/python3.8/site-packages/airflow/example_dags/example_setup_teardown.py
[2025-09-20T22:05:36.502+0000] {processor.py:830} INFO - Processing file /home/airflow/.local/lib/python3.8/site-packages/airflow/example_dags/example_setup_teardown.py for tasks to queue
[2025-09-20T22:05:36.505+0000] {logging_mixin.py:188} INFO - [2025-09-20T22:05:36.504+0000] {dagbag.py:538} INFO - Filling up the DagBag from /home/airflow/.local/lib/python3.8/site-packages/airflow/example_dags/example_setup_teardown.py
[2025-09-20T22:05:36.517+0000] {processor.py:840} INFO - DAG(s) 'example_setup_teardown' retrieved from /home/airflow/.local/lib/python3.8/site-packages/airflow/example_dags/example_setup_teardown.py
[2025-09-20T22:05:36.554+0000] {logging_mixin.py:188} INFO - [2025-09-20T22:05:36.553+0000] {dag.py:3036} INFO - Sync 1 DAGs
[2025-09-20T22:05:36.593+0000] {logging_mixin.py:188} INFO - [2025-09-20T22:05:36.593+0000] {dag.py:3823} INFO - Setting next_dagrun for example_setup_teardown to 2025-09-19 00:00:00+00:00, run_after=2025-09-20 00:00:00+00:00
[2025-09-20T22:05:36.632+0000] {processor.py:183} INFO - Processing /home/airflow/.local/lib/python3.8/site-packages/airflow/example_dags/example_setup_teardown.py took 0.139 seconds
[2025-09-20T22:06:07.154+0000] {processor.py:161} INFO - Started process (PID=1991) to work on /home/airflow/.local/lib/python3.8/site-packages/airflow/example_dags/example_setup_teardown.py
[2025-09-20T22:06:07.156+0000] {processor.py:830} INFO - Processing file /home/airflow/.local/lib/python3.8/site-packages/airflow/example_dags/example_setup_teardown.py for tasks to queue
[2025-09-20T22:06:07.159+0000] {logging_mixin.py:188} INFO - [2025-09-20T22:06:07.159+0000] {dagbag.py:538} INFO - Filling up the DagBag from /home/airflow/.local/lib/python3.8/site-packages/airflow/example_dags/example_setup_teardown.py
[2025-09-20T22:06:07.173+0000] {processor.py:840} INFO - DAG(s) 'example_setup_teardown' retrieved from /home/airflow/.local/lib/python3.8/site-packages/airflow/example_dags/example_setup_teardown.py
[2025-09-20T22:06:07.211+0000] {logging_mixin.py:188} INFO - [2025-09-20T22:06:07.211+0000] {dag.py:3036} INFO - Sync 1 DAGs
[2025-09-20T22:06:07.252+0000] {logging_mixin.py:188} INFO - [2025-09-20T22:06:07.252+0000] {dag.py:3823} INFO - Setting next_dagrun for example_setup_teardown to 2025-09-19 00:00:00+00:00, run_after=2025-09-20 00:00:00+00:00
[2025-09-20T22:06:07.291+0000] {processor.py:183} INFO - Processing /home/airflow/.local/lib/python3.8/site-packages/airflow/example_dags/example_setup_teardown.py took 0.144 seconds
[2025-09-20T22:06:37.630+0000] {processor.py:161} INFO - Started process (PID=2049) to work on /home/airflow/.local/lib/python3.8/site-packages/airflow/example_dags/example_setup_teardown.py
[2025-09-20T22:06:37.632+0000] {processor.py:830} INFO - Processing file /home/airflow/.local/lib/python3.8/site-packages/airflow/example_dags/example_setup_teardown.py for tasks to queue
[2025-09-20T22:06:37.635+0000] {logging_mixin.py:188} INFO - [2025-09-20T22:06:37.635+0000] {dagbag.py:538} INFO - Filling up the DagBag from /home/airflow/.local/lib/python3.8/site-packages/airflow/example_dags/example_setup_teardown.py
[2025-09-20T22:06:37.648+0000] {processor.py:840} INFO - DAG(s) 'example_setup_teardown' retrieved from /home/airflow/.local/lib/python3.8/site-packages/airflow/example_dags/example_setup_teardown.py
[2025-09-20T22:06:37.686+0000] {logging_mixin.py:188} INFO - [2025-09-20T22:06:37.685+0000] {dag.py:3036} INFO - Sync 1 DAGs
[2025-09-20T22:06:37.726+0000] {logging_mixin.py:188} INFO - [2025-09-20T22:06:37.725+0000] {dag.py:3823} INFO - Setting next_dagrun for example_setup_teardown to 2025-09-19 00:00:00+00:00, run_after=2025-09-20 00:00:00+00:00
[2025-09-20T22:06:37.765+0000] {processor.py:183} INFO - Processing /home/airflow/.local/lib/python3.8/site-packages/airflow/example_dags/example_setup_teardown.py took 0.141 seconds
[2025-09-20T22:07:08.215+0000] {processor.py:161} INFO - Started process (PID=2107) to work on /home/airflow/.local/lib/python3.8/site-packages/airflow/example_dags/example_setup_teardown.py
[2025-09-20T22:07:08.217+0000] {processor.py:830} INFO - Processing file /home/airflow/.local/lib/python3.8/site-packages/airflow/example_dags/example_setup_teardown.py for tasks to queue
[2025-09-20T22:07:08.220+0000] {logging_mixin.py:188} INFO - [2025-09-20T22:07:08.220+0000] {dagbag.py:538} INFO - Filling up the DagBag from /home/airflow/.local/lib/python3.8/site-packages/airflow/example_dags/example_setup_teardown.py
[2025-09-20T22:07:08.233+0000] {processor.py:840} INFO - DAG(s) 'example_setup_teardown' retrieved from /home/airflow/.local/lib/python3.8/site-packages/airflow/example_dags/example_setup_teardown.py
[2025-09-20T22:07:08.270+0000] {logging_mixin.py:188} INFO - [2025-09-20T22:07:08.269+0000] {dag.py:3036} INFO - Sync 1 DAGs
[2025-09-20T22:07:08.310+0000] {logging_mixin.py:188} INFO - [2025-09-20T22:07:08.310+0000] {dag.py:3823} INFO - Setting next_dagrun for example_setup_teardown to 2025-09-19 00:00:00+00:00, run_after=2025-09-20 00:00:00+00:00
[2025-09-20T22:07:08.350+0000] {processor.py:183} INFO - Processing /home/airflow/.local/lib/python3.8/site-packages/airflow/example_dags/example_setup_teardown.py took 0.142 seconds
[2025-09-20T22:07:38.604+0000] {processor.py:161} INFO - Started process (PID=2163) to work on /home/airflow/.local/lib/python3.8/site-packages/airflow/example_dags/example_setup_teardown.py
[2025-09-20T22:07:38.606+0000] {processor.py:830} INFO - Processing file /home/airflow/.local/lib/python3.8/site-packages/airflow/example_dags/example_setup_teardown.py for tasks to queue
[2025-09-20T22:07:38.609+0000] {logging_mixin.py:188} INFO - [2025-09-20T22:07:38.609+0000] {dagbag.py:538} INFO - Filling up the DagBag from /home/airflow/.local/lib/python3.8/site-packages/airflow/example_dags/example_setup_teardown.py
[2025-09-20T22:07:38.621+0000] {processor.py:840} INFO - DAG(s) 'example_setup_teardown' retrieved from /home/airflow/.local/lib/python3.8/site-packages/airflow/example_dags/example_setup_teardown.py
[2025-09-20T22:07:38.656+0000] {logging_mixin.py:188} INFO - [2025-09-20T22:07:38.656+0000] {dag.py:3036} INFO - Sync 1 DAGs
[2025-09-20T22:07:38.697+0000] {logging_mixin.py:188} INFO - [2025-09-20T22:07:38.697+0000] {dag.py:3823} INFO - Setting next_dagrun for example_setup_teardown to 2025-09-19 00:00:00+00:00, run_after=2025-09-20 00:00:00+00:00
[2025-09-20T22:07:38.732+0000] {processor.py:183} INFO - Processing /home/airflow/.local/lib/python3.8/site-packages/airflow/example_dags/example_setup_teardown.py took 0.134 seconds
[2025-09-20T22:08:09.702+0000] {processor.py:161} INFO - Started process (PID=2221) to work on /home/airflow/.local/lib/python3.8/site-packages/airflow/example_dags/example_setup_teardown.py
[2025-09-20T22:08:09.704+0000] {processor.py:830} INFO - Processing file /home/airflow/.local/lib/python3.8/site-packages/airflow/example_dags/example_setup_teardown.py for tasks to queue
[2025-09-20T22:08:09.707+0000] {logging_mixin.py:188} INFO - [2025-09-20T22:08:09.707+0000] {dagbag.py:538} INFO - Filling up the DagBag from /home/airflow/.local/lib/python3.8/site-packages/airflow/example_dags/example_setup_teardown.py
[2025-09-20T22:08:09.720+0000] {processor.py:840} INFO - DAG(s) 'example_setup_teardown' retrieved from /home/airflow/.local/lib/python3.8/site-packages/airflow/example_dags/example_setup_teardown.py
[2025-09-20T22:08:09.756+0000] {logging_mixin.py:188} INFO - [2025-09-20T22:08:09.756+0000] {dag.py:3036} INFO - Sync 1 DAGs
[2025-09-20T22:08:09.795+0000] {logging_mixin.py:188} INFO - [2025-09-20T22:08:09.794+0000] {dag.py:3823} INFO - Setting next_dagrun for example_setup_teardown to 2025-09-19 00:00:00+00:00, run_after=2025-09-20 00:00:00+00:00
[2025-09-20T22:08:09.833+0000] {processor.py:183} INFO - Processing /home/airflow/.local/lib/python3.8/site-packages/airflow/example_dags/example_setup_teardown.py took 0.137 seconds
[2025-09-20T22:08:40.292+0000] {processor.py:161} INFO - Started process (PID=2277) to work on /home/airflow/.local/lib/python3.8/site-packages/airflow/example_dags/example_setup_teardown.py
[2025-09-20T22:08:40.294+0000] {processor.py:830} INFO - Processing file /home/airflow/.local/lib/python3.8/site-packages/airflow/example_dags/example_setup_teardown.py for tasks to queue
[2025-09-20T22:08:40.298+0000] {logging_mixin.py:188} INFO - [2025-09-20T22:08:40.297+0000] {dagbag.py:538} INFO - Filling up the DagBag from /home/airflow/.local/lib/python3.8/site-packages/airflow/example_dags/example_setup_teardown.py
[2025-09-20T22:08:40.311+0000] {processor.py:840} INFO - DAG(s) 'example_setup_teardown' retrieved from /home/airflow/.local/lib/python3.8/site-packages/airflow/example_dags/example_setup_teardown.py
[2025-09-20T22:08:40.352+0000] {logging_mixin.py:188} INFO - [2025-09-20T22:08:40.351+0000] {dag.py:3036} INFO - Sync 1 DAGs
[2025-09-20T22:08:40.397+0000] {logging_mixin.py:188} INFO - [2025-09-20T22:08:40.397+0000] {dag.py:3823} INFO - Setting next_dagrun for example_setup_teardown to 2025-09-19 00:00:00+00:00, run_after=2025-09-20 00:00:00+00:00
[2025-09-20T22:08:40.435+0000] {processor.py:183} INFO - Processing /home/airflow/.local/lib/python3.8/site-packages/airflow/example_dags/example_setup_teardown.py took 0.149 seconds
[2025-09-20T22:09:10.890+0000] {processor.py:161} INFO - Started process (PID=2334) to work on /home/airflow/.local/lib/python3.8/site-packages/airflow/example_dags/example_setup_teardown.py
[2025-09-20T22:09:10.893+0000] {processor.py:830} INFO - Processing file /home/airflow/.local/lib/python3.8/site-packages/airflow/example_dags/example_setup_teardown.py for tasks to queue
[2025-09-20T22:09:10.897+0000] {logging_mixin.py:188} INFO - [2025-09-20T22:09:10.896+0000] {dagbag.py:538} INFO - Filling up the DagBag from /home/airflow/.local/lib/python3.8/site-packages/airflow/example_dags/example_setup_teardown.py
[2025-09-20T22:09:10.913+0000] {processor.py:840} INFO - DAG(s) 'example_setup_teardown' retrieved from /home/airflow/.local/lib/python3.8/site-packages/airflow/example_dags/example_setup_teardown.py
[2025-09-20T22:09:10.956+0000] {logging_mixin.py:188} INFO - [2025-09-20T22:09:10.956+0000] {dag.py:3036} INFO - Sync 1 DAGs
[2025-09-20T22:09:11.183+0000] {logging_mixin.py:188} INFO - [2025-09-20T22:09:11.182+0000] {dag.py:3823} INFO - Setting next_dagrun for example_setup_teardown to 2025-09-19 00:00:00+00:00, run_after=2025-09-20 00:00:00+00:00
[2025-09-20T22:09:11.216+0000] {processor.py:183} INFO - Processing /home/airflow/.local/lib/python3.8/site-packages/airflow/example_dags/example_setup_teardown.py took 0.334 seconds
[2025-09-20T22:09:42.005+0000] {processor.py:161} INFO - Started process (PID=2392) to work on /home/airflow/.local/lib/python3.8/site-packages/airflow/example_dags/example_setup_teardown.py
[2025-09-20T22:09:42.007+0000] {processor.py:830} INFO - Processing file /home/airflow/.local/lib/python3.8/site-packages/airflow/example_dags/example_setup_teardown.py for tasks to queue
[2025-09-20T22:09:42.011+0000] {logging_mixin.py:188} INFO - [2025-09-20T22:09:42.010+0000] {dagbag.py:538} INFO - Filling up the DagBag from /home/airflow/.local/lib/python3.8/site-packages/airflow/example_dags/example_setup_teardown.py
[2025-09-20T22:09:42.023+0000] {processor.py:840} INFO - DAG(s) 'example_setup_teardown' retrieved from /home/airflow/.local/lib/python3.8/site-packages/airflow/example_dags/example_setup_teardown.py
[2025-09-20T22:09:42.402+0000] {logging_mixin.py:188} INFO - [2025-09-20T22:09:42.402+0000] {dag.py:3036} INFO - Sync 1 DAGs
[2025-09-20T22:09:42.440+0000] {logging_mixin.py:188} INFO - [2025-09-20T22:09:42.440+0000] {dag.py:3823} INFO - Setting next_dagrun for example_setup_teardown to 2025-09-19 00:00:00+00:00, run_after=2025-09-20 00:00:00+00:00
[2025-09-20T22:09:42.477+0000] {processor.py:183} INFO - Processing /home/airflow/.local/lib/python3.8/site-packages/airflow/example_dags/example_setup_teardown.py took 0.479 seconds
[2025-09-20T22:10:12.866+0000] {processor.py:161} INFO - Started process (PID=2450) to work on /home/airflow/.local/lib/python3.8/site-packages/airflow/example_dags/example_setup_teardown.py
[2025-09-20T22:10:12.868+0000] {processor.py:830} INFO - Processing file /home/airflow/.local/lib/python3.8/site-packages/airflow/example_dags/example_setup_teardown.py for tasks to queue
[2025-09-20T22:10:12.872+0000] {logging_mixin.py:188} INFO - [2025-09-20T22:10:12.872+0000] {dagbag.py:538} INFO - Filling up the DagBag from /home/airflow/.local/lib/python3.8/site-packages/airflow/example_dags/example_setup_teardown.py
[2025-09-20T22:10:12.890+0000] {processor.py:840} INFO - DAG(s) 'example_setup_teardown' retrieved from /home/airflow/.local/lib/python3.8/site-packages/airflow/example_dags/example_setup_teardown.py
[2025-09-20T22:10:13.122+0000] {logging_mixin.py:188} INFO - [2025-09-20T22:10:13.122+0000] {dag.py:3036} INFO - Sync 1 DAGs
[2025-09-20T22:10:13.170+0000] {logging_mixin.py:188} INFO - [2025-09-20T22:10:13.170+0000] {dag.py:3823} INFO - Setting next_dagrun for example_setup_teardown to 2025-09-19 00:00:00+00:00, run_after=2025-09-20 00:00:00+00:00
[2025-09-20T22:10:13.218+0000] {processor.py:183} INFO - Processing /home/airflow/.local/lib/python3.8/site-packages/airflow/example_dags/example_setup_teardown.py took 0.359 seconds
[2025-09-20T22:10:44.197+0000] {processor.py:161} INFO - Started process (PID=2508) to work on /home/airflow/.local/lib/python3.8/site-packages/airflow/example_dags/example_setup_teardown.py
[2025-09-20T22:10:44.199+0000] {processor.py:830} INFO - Processing file /home/airflow/.local/lib/python3.8/site-packages/airflow/example_dags/example_setup_teardown.py for tasks to queue
[2025-09-20T22:10:44.202+0000] {logging_mixin.py:188} INFO - [2025-09-20T22:10:44.201+0000] {dagbag.py:538} INFO - Filling up the DagBag from /home/airflow/.local/lib/python3.8/site-packages/airflow/example_dags/example_setup_teardown.py
[2025-09-20T22:10:44.214+0000] {processor.py:840} INFO - DAG(s) 'example_setup_teardown' retrieved from /home/airflow/.local/lib/python3.8/site-packages/airflow/example_dags/example_setup_teardown.py
[2025-09-20T22:10:44.250+0000] {logging_mixin.py:188} INFO - [2025-09-20T22:10:44.250+0000] {dag.py:3036} INFO - Sync 1 DAGs
[2025-09-20T22:10:44.290+0000] {logging_mixin.py:188} INFO - [2025-09-20T22:10:44.290+0000] {dag.py:3823} INFO - Setting next_dagrun for example_setup_teardown to 2025-09-19 00:00:00+00:00, run_after=2025-09-20 00:00:00+00:00
[2025-09-20T22:10:44.325+0000] {processor.py:183} INFO - Processing /home/airflow/.local/lib/python3.8/site-packages/airflow/example_dags/example_setup_teardown.py took 0.133 seconds
[2025-09-20T22:11:14.935+0000] {processor.py:161} INFO - Started process (PID=2567) to work on /home/airflow/.local/lib/python3.8/site-packages/airflow/example_dags/example_setup_teardown.py
[2025-09-20T22:11:14.937+0000] {processor.py:830} INFO - Processing file /home/airflow/.local/lib/python3.8/site-packages/airflow/example_dags/example_setup_teardown.py for tasks to queue
[2025-09-20T22:11:14.941+0000] {logging_mixin.py:188} INFO - [2025-09-20T22:11:14.941+0000] {dagbag.py:538} INFO - Filling up the DagBag from /home/airflow/.local/lib/python3.8/site-packages/airflow/example_dags/example_setup_teardown.py
[2025-09-20T22:11:14.955+0000] {processor.py:840} INFO - DAG(s) 'example_setup_teardown' retrieved from /home/airflow/.local/lib/python3.8/site-packages/airflow/example_dags/example_setup_teardown.py
[2025-09-20T22:11:15.002+0000] {logging_mixin.py:188} INFO - [2025-09-20T22:11:15.001+0000] {dag.py:3036} INFO - Sync 1 DAGs
[2025-09-20T22:11:15.051+0000] {logging_mixin.py:188} INFO - [2025-09-20T22:11:15.050+0000] {dag.py:3823} INFO - Setting next_dagrun for example_setup_teardown to 2025-09-19 00:00:00+00:00, run_after=2025-09-20 00:00:00+00:00
[2025-09-20T22:11:15.093+0000] {processor.py:183} INFO - Processing /home/airflow/.local/lib/python3.8/site-packages/airflow/example_dags/example_setup_teardown.py took 0.164 seconds
[2025-09-20T22:11:45.195+0000] {processor.py:161} INFO - Started process (PID=2625) to work on /home/airflow/.local/lib/python3.8/site-packages/airflow/example_dags/example_setup_teardown.py
[2025-09-20T22:11:45.197+0000] {processor.py:830} INFO - Processing file /home/airflow/.local/lib/python3.8/site-packages/airflow/example_dags/example_setup_teardown.py for tasks to queue
[2025-09-20T22:11:45.203+0000] {logging_mixin.py:188} INFO - [2025-09-20T22:11:45.202+0000] {dagbag.py:538} INFO - Filling up the DagBag from /home/airflow/.local/lib/python3.8/site-packages/airflow/example_dags/example_setup_teardown.py
[2025-09-20T22:11:45.217+0000] {processor.py:840} INFO - DAG(s) 'example_setup_teardown' retrieved from /home/airflow/.local/lib/python3.8/site-packages/airflow/example_dags/example_setup_teardown.py
[2025-09-20T22:11:45.257+0000] {logging_mixin.py:188} INFO - [2025-09-20T22:11:45.256+0000] {dag.py:3036} INFO - Sync 1 DAGs
[2025-09-20T22:11:45.302+0000] {logging_mixin.py:188} INFO - [2025-09-20T22:11:45.301+0000] {dag.py:3823} INFO - Setting next_dagrun for example_setup_teardown to 2025-09-19 00:00:00+00:00, run_after=2025-09-20 00:00:00+00:00
[2025-09-20T22:11:45.346+0000] {processor.py:183} INFO - Processing /home/airflow/.local/lib/python3.8/site-packages/airflow/example_dags/example_setup_teardown.py took 0.157 seconds
[2025-09-20T22:12:15.832+0000] {processor.py:161} INFO - Started process (PID=2683) to work on /home/airflow/.local/lib/python3.8/site-packages/airflow/example_dags/example_setup_teardown.py
[2025-09-20T22:12:15.834+0000] {processor.py:830} INFO - Processing file /home/airflow/.local/lib/python3.8/site-packages/airflow/example_dags/example_setup_teardown.py for tasks to queue
[2025-09-20T22:12:15.838+0000] {logging_mixin.py:188} INFO - [2025-09-20T22:12:15.837+0000] {dagbag.py:538} INFO - Filling up the DagBag from /home/airflow/.local/lib/python3.8/site-packages/airflow/example_dags/example_setup_teardown.py
[2025-09-20T22:12:15.850+0000] {processor.py:840} INFO - DAG(s) 'example_setup_teardown' retrieved from /home/airflow/.local/lib/python3.8/site-packages/airflow/example_dags/example_setup_teardown.py
[2025-09-20T22:12:15.891+0000] {logging_mixin.py:188} INFO - [2025-09-20T22:12:15.891+0000] {dag.py:3036} INFO - Sync 1 DAGs
[2025-09-20T22:12:15.932+0000] {logging_mixin.py:188} INFO - [2025-09-20T22:12:15.932+0000] {dag.py:3823} INFO - Setting next_dagrun for example_setup_teardown to 2025-09-19 00:00:00+00:00, run_after=2025-09-20 00:00:00+00:00
[2025-09-20T22:12:15.968+0000] {processor.py:183} INFO - Processing /home/airflow/.local/lib/python3.8/site-packages/airflow/example_dags/example_setup_teardown.py took 0.142 seconds
[2025-09-20T22:12:46.178+0000] {processor.py:161} INFO - Started process (PID=2741) to work on /home/airflow/.local/lib/python3.8/site-packages/airflow/example_dags/example_setup_teardown.py
[2025-09-20T22:12:46.180+0000] {processor.py:830} INFO - Processing file /home/airflow/.local/lib/python3.8/site-packages/airflow/example_dags/example_setup_teardown.py for tasks to queue
[2025-09-20T22:12:46.184+0000] {logging_mixin.py:188} INFO - [2025-09-20T22:12:46.183+0000] {dagbag.py:538} INFO - Filling up the DagBag from /home/airflow/.local/lib/python3.8/site-packages/airflow/example_dags/example_setup_teardown.py
[2025-09-20T22:12:46.197+0000] {processor.py:840} INFO - DAG(s) 'example_setup_teardown' retrieved from /home/airflow/.local/lib/python3.8/site-packages/airflow/example_dags/example_setup_teardown.py
[2025-09-20T22:12:46.235+0000] {logging_mixin.py:188} INFO - [2025-09-20T22:12:46.234+0000] {dag.py:3036} INFO - Sync 1 DAGs
[2025-09-20T22:12:46.274+0000] {logging_mixin.py:188} INFO - [2025-09-20T22:12:46.273+0000] {dag.py:3823} INFO - Setting next_dagrun for example_setup_teardown to 2025-09-19 00:00:00+00:00, run_after=2025-09-20 00:00:00+00:00
[2025-09-20T22:12:46.312+0000] {processor.py:183} INFO - Processing /home/airflow/.local/lib/python3.8/site-packages/airflow/example_dags/example_setup_teardown.py took 0.139 seconds
[2025-09-20T22:13:16.585+0000] {processor.py:161} INFO - Started process (PID=2799) to work on /home/airflow/.local/lib/python3.8/site-packages/airflow/example_dags/example_setup_teardown.py
[2025-09-20T22:13:16.587+0000] {processor.py:830} INFO - Processing file /home/airflow/.local/lib/python3.8/site-packages/airflow/example_dags/example_setup_teardown.py for tasks to queue
[2025-09-20T22:13:16.591+0000] {logging_mixin.py:188} INFO - [2025-09-20T22:13:16.590+0000] {dagbag.py:538} INFO - Filling up the DagBag from /home/airflow/.local/lib/python3.8/site-packages/airflow/example_dags/example_setup_teardown.py
[2025-09-20T22:13:16.606+0000] {processor.py:840} INFO - DAG(s) 'example_setup_teardown' retrieved from /home/airflow/.local/lib/python3.8/site-packages/airflow/example_dags/example_setup_teardown.py
[2025-09-20T22:13:16.645+0000] {logging_mixin.py:188} INFO - [2025-09-20T22:13:16.645+0000] {dag.py:3036} INFO - Sync 1 DAGs
[2025-09-20T22:13:16.685+0000] {logging_mixin.py:188} INFO - [2025-09-20T22:13:16.685+0000] {dag.py:3823} INFO - Setting next_dagrun for example_setup_teardown to 2025-09-19 00:00:00+00:00, run_after=2025-09-20 00:00:00+00:00
[2025-09-20T22:13:16.723+0000] {processor.py:183} INFO - Processing /home/airflow/.local/lib/python3.8/site-packages/airflow/example_dags/example_setup_teardown.py took 0.144 seconds
[2025-09-20T22:13:46.839+0000] {processor.py:161} INFO - Started process (PID=2857) to work on /home/airflow/.local/lib/python3.8/site-packages/airflow/example_dags/example_setup_teardown.py
[2025-09-20T22:13:46.841+0000] {processor.py:830} INFO - Processing file /home/airflow/.local/lib/python3.8/site-packages/airflow/example_dags/example_setup_teardown.py for tasks to queue
[2025-09-20T22:13:46.844+0000] {logging_mixin.py:188} INFO - [2025-09-20T22:13:46.844+0000] {dagbag.py:538} INFO - Filling up the DagBag from /home/airflow/.local/lib/python3.8/site-packages/airflow/example_dags/example_setup_teardown.py
[2025-09-20T22:13:46.857+0000] {processor.py:840} INFO - DAG(s) 'example_setup_teardown' retrieved from /home/airflow/.local/lib/python3.8/site-packages/airflow/example_dags/example_setup_teardown.py
[2025-09-20T22:13:46.894+0000] {logging_mixin.py:188} INFO - [2025-09-20T22:13:46.894+0000] {dag.py:3036} INFO - Sync 1 DAGs
[2025-09-20T22:13:46.933+0000] {logging_mixin.py:188} INFO - [2025-09-20T22:13:46.933+0000] {dag.py:3823} INFO - Setting next_dagrun for example_setup_teardown to 2025-09-19 00:00:00+00:00, run_after=2025-09-20 00:00:00+00:00
[2025-09-20T22:13:46.970+0000] {processor.py:183} INFO - Processing /home/airflow/.local/lib/python3.8/site-packages/airflow/example_dags/example_setup_teardown.py took 0.137 seconds
[2025-09-20T22:14:17.582+0000] {processor.py:161} INFO - Started process (PID=2915) to work on /home/airflow/.local/lib/python3.8/site-packages/airflow/example_dags/example_setup_teardown.py
[2025-09-20T22:14:17.585+0000] {processor.py:830} INFO - Processing file /home/airflow/.local/lib/python3.8/site-packages/airflow/example_dags/example_setup_teardown.py for tasks to queue
[2025-09-20T22:14:17.589+0000] {logging_mixin.py:188} INFO - [2025-09-20T22:14:17.588+0000] {dagbag.py:538} INFO - Filling up the DagBag from /home/airflow/.local/lib/python3.8/site-packages/airflow/example_dags/example_setup_teardown.py
[2025-09-20T22:14:17.604+0000] {processor.py:840} INFO - DAG(s) 'example_setup_teardown' retrieved from /home/airflow/.local/lib/python3.8/site-packages/airflow/example_dags/example_setup_teardown.py
[2025-09-20T22:14:17.647+0000] {logging_mixin.py:188} INFO - [2025-09-20T22:14:17.647+0000] {dag.py:3036} INFO - Sync 1 DAGs
[2025-09-20T22:14:17.688+0000] {logging_mixin.py:188} INFO - [2025-09-20T22:14:17.688+0000] {dag.py:3823} INFO - Setting next_dagrun for example_setup_teardown to 2025-09-19 00:00:00+00:00, run_after=2025-09-20 00:00:00+00:00
[2025-09-20T22:14:17.727+0000] {processor.py:183} INFO - Processing /home/airflow/.local/lib/python3.8/site-packages/airflow/example_dags/example_setup_teardown.py took 0.152 seconds
[2025-09-20T22:14:48.235+0000] {processor.py:161} INFO - Started process (PID=2973) to work on /home/airflow/.local/lib/python3.8/site-packages/airflow/example_dags/example_setup_teardown.py
[2025-09-20T22:14:48.237+0000] {processor.py:830} INFO - Processing file /home/airflow/.local/lib/python3.8/site-packages/airflow/example_dags/example_setup_teardown.py for tasks to queue
[2025-09-20T22:14:48.241+0000] {logging_mixin.py:188} INFO - [2025-09-20T22:14:48.240+0000] {dagbag.py:538} INFO - Filling up the DagBag from /home/airflow/.local/lib/python3.8/site-packages/airflow/example_dags/example_setup_teardown.py
[2025-09-20T22:14:48.253+0000] {processor.py:840} INFO - DAG(s) 'example_setup_teardown' retrieved from /home/airflow/.local/lib/python3.8/site-packages/airflow/example_dags/example_setup_teardown.py
[2025-09-20T22:14:48.292+0000] {logging_mixin.py:188} INFO - [2025-09-20T22:14:48.291+0000] {dag.py:3036} INFO - Sync 1 DAGs
[2025-09-20T22:14:48.334+0000] {logging_mixin.py:188} INFO - [2025-09-20T22:14:48.334+0000] {dag.py:3823} INFO - Setting next_dagrun for example_setup_teardown to 2025-09-19 00:00:00+00:00, run_after=2025-09-20 00:00:00+00:00
[2025-09-20T22:14:48.371+0000] {processor.py:183} INFO - Processing /home/airflow/.local/lib/python3.8/site-packages/airflow/example_dags/example_setup_teardown.py took 0.142 seconds
[2025-09-20T22:15:18.591+0000] {processor.py:161} INFO - Started process (PID=3031) to work on /home/airflow/.local/lib/python3.8/site-packages/airflow/example_dags/example_setup_teardown.py
[2025-09-20T22:15:18.593+0000] {processor.py:830} INFO - Processing file /home/airflow/.local/lib/python3.8/site-packages/airflow/example_dags/example_setup_teardown.py for tasks to queue
[2025-09-20T22:15:18.596+0000] {logging_mixin.py:188} INFO - [2025-09-20T22:15:18.596+0000] {dagbag.py:538} INFO - Filling up the DagBag from /home/airflow/.local/lib/python3.8/site-packages/airflow/example_dags/example_setup_teardown.py
[2025-09-20T22:15:18.609+0000] {processor.py:840} INFO - DAG(s) 'example_setup_teardown' retrieved from /home/airflow/.local/lib/python3.8/site-packages/airflow/example_dags/example_setup_teardown.py
[2025-09-20T22:15:18.652+0000] {logging_mixin.py:188} INFO - [2025-09-20T22:15:18.651+0000] {dag.py:3036} INFO - Sync 1 DAGs
[2025-09-20T22:15:18.705+0000] {logging_mixin.py:188} INFO - [2025-09-20T22:15:18.704+0000] {dag.py:3823} INFO - Setting next_dagrun for example_setup_teardown to 2025-09-19 00:00:00+00:00, run_after=2025-09-20 00:00:00+00:00
[2025-09-20T22:15:18.753+0000] {processor.py:183} INFO - Processing /home/airflow/.local/lib/python3.8/site-packages/airflow/example_dags/example_setup_teardown.py took 0.168 seconds
[2025-09-20T22:15:49.159+0000] {processor.py:161} INFO - Started process (PID=3089) to work on /home/airflow/.local/lib/python3.8/site-packages/airflow/example_dags/example_setup_teardown.py
[2025-09-20T22:15:49.161+0000] {processor.py:830} INFO - Processing file /home/airflow/.local/lib/python3.8/site-packages/airflow/example_dags/example_setup_teardown.py for tasks to queue
[2025-09-20T22:15:49.164+0000] {logging_mixin.py:188} INFO - [2025-09-20T22:15:49.164+0000] {dagbag.py:538} INFO - Filling up the DagBag from /home/airflow/.local/lib/python3.8/site-packages/airflow/example_dags/example_setup_teardown.py
[2025-09-20T22:15:49.177+0000] {processor.py:840} INFO - DAG(s) 'example_setup_teardown' retrieved from /home/airflow/.local/lib/python3.8/site-packages/airflow/example_dags/example_setup_teardown.py
[2025-09-20T22:15:49.215+0000] {logging_mixin.py:188} INFO - [2025-09-20T22:15:49.214+0000] {dag.py:3036} INFO - Sync 1 DAGs
[2025-09-20T22:15:49.254+0000] {logging_mixin.py:188} INFO - [2025-09-20T22:15:49.254+0000] {dag.py:3823} INFO - Setting next_dagrun for example_setup_teardown to 2025-09-19 00:00:00+00:00, run_after=2025-09-20 00:00:00+00:00
[2025-09-20T22:15:49.290+0000] {processor.py:183} INFO - Processing /home/airflow/.local/lib/python3.8/site-packages/airflow/example_dags/example_setup_teardown.py took 0.137 seconds
[2025-09-20T22:16:19.425+0000] {processor.py:161} INFO - Started process (PID=3147) to work on /home/airflow/.local/lib/python3.8/site-packages/airflow/example_dags/example_setup_teardown.py
[2025-09-20T22:16:19.426+0000] {processor.py:830} INFO - Processing file /home/airflow/.local/lib/python3.8/site-packages/airflow/example_dags/example_setup_teardown.py for tasks to queue
[2025-09-20T22:16:19.431+0000] {logging_mixin.py:188} INFO - [2025-09-20T22:16:19.430+0000] {dagbag.py:538} INFO - Filling up the DagBag from /home/airflow/.local/lib/python3.8/site-packages/airflow/example_dags/example_setup_teardown.py
[2025-09-20T22:16:19.445+0000] {processor.py:840} INFO - DAG(s) 'example_setup_teardown' retrieved from /home/airflow/.local/lib/python3.8/site-packages/airflow/example_dags/example_setup_teardown.py
[2025-09-20T22:16:19.494+0000] {logging_mixin.py:188} INFO - [2025-09-20T22:16:19.493+0000] {dag.py:3036} INFO - Sync 1 DAGs
[2025-09-20T22:16:19.558+0000] {logging_mixin.py:188} INFO - [2025-09-20T22:16:19.557+0000] {dag.py:3823} INFO - Setting next_dagrun for example_setup_teardown to 2025-09-19 00:00:00+00:00, run_after=2025-09-20 00:00:00+00:00
[2025-09-20T22:16:19.611+0000] {processor.py:183} INFO - Processing /home/airflow/.local/lib/python3.8/site-packages/airflow/example_dags/example_setup_teardown.py took 0.193 seconds
[2025-09-20T22:16:49.766+0000] {processor.py:161} INFO - Started process (PID=3205) to work on /home/airflow/.local/lib/python3.8/site-packages/airflow/example_dags/example_setup_teardown.py
[2025-09-20T22:16:49.768+0000] {processor.py:830} INFO - Processing file /home/airflow/.local/lib/python3.8/site-packages/airflow/example_dags/example_setup_teardown.py for tasks to queue
[2025-09-20T22:16:49.771+0000] {logging_mixin.py:188} INFO - [2025-09-20T22:16:49.771+0000] {dagbag.py:538} INFO - Filling up the DagBag from /home/airflow/.local/lib/python3.8/site-packages/airflow/example_dags/example_setup_teardown.py
[2025-09-20T22:16:49.783+0000] {processor.py:840} INFO - DAG(s) 'example_setup_teardown' retrieved from /home/airflow/.local/lib/python3.8/site-packages/airflow/example_dags/example_setup_teardown.py
[2025-09-20T22:16:49.820+0000] {logging_mixin.py:188} INFO - [2025-09-20T22:16:49.819+0000] {dag.py:3036} INFO - Sync 1 DAGs
[2025-09-20T22:16:49.858+0000] {logging_mixin.py:188} INFO - [2025-09-20T22:16:49.858+0000] {dag.py:3823} INFO - Setting next_dagrun for example_setup_teardown to 2025-09-19 00:00:00+00:00, run_after=2025-09-20 00:00:00+00:00
[2025-09-20T22:16:49.894+0000] {processor.py:183} INFO - Processing /home/airflow/.local/lib/python3.8/site-packages/airflow/example_dags/example_setup_teardown.py took 0.134 seconds
[2025-09-20T22:17:20.601+0000] {processor.py:161} INFO - Started process (PID=3269) to work on /home/airflow/.local/lib/python3.8/site-packages/airflow/example_dags/example_setup_teardown.py
[2025-09-20T22:17:20.603+0000] {processor.py:830} INFO - Processing file /home/airflow/.local/lib/python3.8/site-packages/airflow/example_dags/example_setup_teardown.py for tasks to queue
[2025-09-20T22:17:20.607+0000] {logging_mixin.py:188} INFO - [2025-09-20T22:17:20.606+0000] {dagbag.py:538} INFO - Filling up the DagBag from /home/airflow/.local/lib/python3.8/site-packages/airflow/example_dags/example_setup_teardown.py
[2025-09-20T22:17:20.622+0000] {processor.py:840} INFO - DAG(s) 'example_setup_teardown' retrieved from /home/airflow/.local/lib/python3.8/site-packages/airflow/example_dags/example_setup_teardown.py
[2025-09-20T22:17:20.665+0000] {logging_mixin.py:188} INFO - [2025-09-20T22:17:20.664+0000] {dag.py:3036} INFO - Sync 1 DAGs
[2025-09-20T22:17:20.715+0000] {logging_mixin.py:188} INFO - [2025-09-20T22:17:20.714+0000] {dag.py:3823} INFO - Setting next_dagrun for example_setup_teardown to 2025-09-19 00:00:00+00:00, run_after=2025-09-20 00:00:00+00:00
[2025-09-20T22:17:20.755+0000] {processor.py:183} INFO - Processing /home/airflow/.local/lib/python3.8/site-packages/airflow/example_dags/example_setup_teardown.py took 0.162 seconds
[2025-09-20T22:17:51.054+0000] {processor.py:161} INFO - Started process (PID=3327) to work on /home/airflow/.local/lib/python3.8/site-packages/airflow/example_dags/example_setup_teardown.py
[2025-09-20T22:17:51.056+0000] {processor.py:830} INFO - Processing file /home/airflow/.local/lib/python3.8/site-packages/airflow/example_dags/example_setup_teardown.py for tasks to queue
[2025-09-20T22:17:51.060+0000] {logging_mixin.py:188} INFO - [2025-09-20T22:17:51.059+0000] {dagbag.py:538} INFO - Filling up the DagBag from /home/airflow/.local/lib/python3.8/site-packages/airflow/example_dags/example_setup_teardown.py
[2025-09-20T22:17:51.072+0000] {processor.py:840} INFO - DAG(s) 'example_setup_teardown' retrieved from /home/airflow/.local/lib/python3.8/site-packages/airflow/example_dags/example_setup_teardown.py
[2025-09-20T22:17:51.112+0000] {logging_mixin.py:188} INFO - [2025-09-20T22:17:51.112+0000] {dag.py:3036} INFO - Sync 1 DAGs
[2025-09-20T22:17:51.151+0000] {logging_mixin.py:188} INFO - [2025-09-20T22:17:51.151+0000] {dag.py:3823} INFO - Setting next_dagrun for example_setup_teardown to 2025-09-19 00:00:00+00:00, run_after=2025-09-20 00:00:00+00:00
[2025-09-20T22:17:51.191+0000] {processor.py:183} INFO - Processing /home/airflow/.local/lib/python3.8/site-packages/airflow/example_dags/example_setup_teardown.py took 0.143 seconds
[2025-09-20T22:18:21.493+0000] {processor.py:161} INFO - Started process (PID=3385) to work on /home/airflow/.local/lib/python3.8/site-packages/airflow/example_dags/example_setup_teardown.py
[2025-09-20T22:18:21.495+0000] {processor.py:830} INFO - Processing file /home/airflow/.local/lib/python3.8/site-packages/airflow/example_dags/example_setup_teardown.py for tasks to queue
[2025-09-20T22:18:21.498+0000] {logging_mixin.py:188} INFO - [2025-09-20T22:18:21.498+0000] {dagbag.py:538} INFO - Filling up the DagBag from /home/airflow/.local/lib/python3.8/site-packages/airflow/example_dags/example_setup_teardown.py
[2025-09-20T22:18:21.511+0000] {processor.py:840} INFO - DAG(s) 'example_setup_teardown' retrieved from /home/airflow/.local/lib/python3.8/site-packages/airflow/example_dags/example_setup_teardown.py
[2025-09-20T22:18:21.548+0000] {logging_mixin.py:188} INFO - [2025-09-20T22:18:21.547+0000] {dag.py:3036} INFO - Sync 1 DAGs
[2025-09-20T22:18:21.589+0000] {logging_mixin.py:188} INFO - [2025-09-20T22:18:21.588+0000] {dag.py:3823} INFO - Setting next_dagrun for example_setup_teardown to 2025-09-19 00:00:00+00:00, run_after=2025-09-20 00:00:00+00:00
[2025-09-20T22:18:21.628+0000] {processor.py:183} INFO - Processing /home/airflow/.local/lib/python3.8/site-packages/airflow/example_dags/example_setup_teardown.py took 0.141 seconds
[2025-09-20T22:18:52.011+0000] {processor.py:161} INFO - Started process (PID=3443) to work on /home/airflow/.local/lib/python3.8/site-packages/airflow/example_dags/example_setup_teardown.py
[2025-09-20T22:18:52.014+0000] {processor.py:830} INFO - Processing file /home/airflow/.local/lib/python3.8/site-packages/airflow/example_dags/example_setup_teardown.py for tasks to queue
[2025-09-20T22:18:52.017+0000] {logging_mixin.py:188} INFO - [2025-09-20T22:18:52.017+0000] {dagbag.py:538} INFO - Filling up the DagBag from /home/airflow/.local/lib/python3.8/site-packages/airflow/example_dags/example_setup_teardown.py
[2025-09-20T22:18:52.030+0000] {processor.py:840} INFO - DAG(s) 'example_setup_teardown' retrieved from /home/airflow/.local/lib/python3.8/site-packages/airflow/example_dags/example_setup_teardown.py
[2025-09-20T22:18:52.070+0000] {logging_mixin.py:188} INFO - [2025-09-20T22:18:52.069+0000] {dag.py:3036} INFO - Sync 1 DAGs
[2025-09-20T22:18:52.111+0000] {logging_mixin.py:188} INFO - [2025-09-20T22:18:52.110+0000] {dag.py:3823} INFO - Setting next_dagrun for example_setup_teardown to 2025-09-19 00:00:00+00:00, run_after=2025-09-20 00:00:00+00:00
[2025-09-20T22:18:52.147+0000] {processor.py:183} INFO - Processing /home/airflow/.local/lib/python3.8/site-packages/airflow/example_dags/example_setup_teardown.py took 0.145 seconds
[2025-09-20T22:19:22.374+0000] {processor.py:161} INFO - Started process (PID=3501) to work on /home/airflow/.local/lib/python3.8/site-packages/airflow/example_dags/example_setup_teardown.py
[2025-09-20T22:19:22.376+0000] {processor.py:830} INFO - Processing file /home/airflow/.local/lib/python3.8/site-packages/airflow/example_dags/example_setup_teardown.py for tasks to queue
[2025-09-20T22:19:22.380+0000] {logging_mixin.py:188} INFO - [2025-09-20T22:19:22.379+0000] {dagbag.py:538} INFO - Filling up the DagBag from /home/airflow/.local/lib/python3.8/site-packages/airflow/example_dags/example_setup_teardown.py
[2025-09-20T22:19:22.395+0000] {processor.py:840} INFO - DAG(s) 'example_setup_teardown' retrieved from /home/airflow/.local/lib/python3.8/site-packages/airflow/example_dags/example_setup_teardown.py
[2025-09-20T22:19:22.436+0000] {logging_mixin.py:188} INFO - [2025-09-20T22:19:22.436+0000] {dag.py:3036} INFO - Sync 1 DAGs
[2025-09-20T22:19:22.487+0000] {logging_mixin.py:188} INFO - [2025-09-20T22:19:22.486+0000] {dag.py:3823} INFO - Setting next_dagrun for example_setup_teardown to 2025-09-19 00:00:00+00:00, run_after=2025-09-20 00:00:00+00:00
[2025-09-20T22:19:22.533+0000] {processor.py:183} INFO - Processing /home/airflow/.local/lib/python3.8/site-packages/airflow/example_dags/example_setup_teardown.py took 0.166 seconds
[2025-09-20T22:19:53.249+0000] {processor.py:161} INFO - Started process (PID=3559) to work on /home/airflow/.local/lib/python3.8/site-packages/airflow/example_dags/example_setup_teardown.py
[2025-09-20T22:19:53.251+0000] {processor.py:830} INFO - Processing file /home/airflow/.local/lib/python3.8/site-packages/airflow/example_dags/example_setup_teardown.py for tasks to queue
[2025-09-20T22:19:53.256+0000] {logging_mixin.py:188} INFO - [2025-09-20T22:19:53.255+0000] {dagbag.py:538} INFO - Filling up the DagBag from /home/airflow/.local/lib/python3.8/site-packages/airflow/example_dags/example_setup_teardown.py
[2025-09-20T22:19:53.278+0000] {processor.py:840} INFO - DAG(s) 'example_setup_teardown' retrieved from /home/airflow/.local/lib/python3.8/site-packages/airflow/example_dags/example_setup_teardown.py
[2025-09-20T22:19:53.318+0000] {logging_mixin.py:188} INFO - [2025-09-20T22:19:53.317+0000] {dag.py:3036} INFO - Sync 1 DAGs
[2025-09-20T22:19:53.360+0000] {logging_mixin.py:188} INFO - [2025-09-20T22:19:53.359+0000] {dag.py:3823} INFO - Setting next_dagrun for example_setup_teardown to 2025-09-19 00:00:00+00:00, run_after=2025-09-20 00:00:00+00:00
[2025-09-20T22:19:53.397+0000] {processor.py:183} INFO - Processing /home/airflow/.local/lib/python3.8/site-packages/airflow/example_dags/example_setup_teardown.py took 0.157 seconds
[2025-09-20T22:20:23.589+0000] {processor.py:161} INFO - Started process (PID=3617) to work on /home/airflow/.local/lib/python3.8/site-packages/airflow/example_dags/example_setup_teardown.py
[2025-09-20T22:20:23.591+0000] {processor.py:830} INFO - Processing file /home/airflow/.local/lib/python3.8/site-packages/airflow/example_dags/example_setup_teardown.py for tasks to queue
[2025-09-20T22:20:23.594+0000] {logging_mixin.py:188} INFO - [2025-09-20T22:20:23.593+0000] {dagbag.py:538} INFO - Filling up the DagBag from /home/airflow/.local/lib/python3.8/site-packages/airflow/example_dags/example_setup_teardown.py
[2025-09-20T22:20:23.605+0000] {processor.py:840} INFO - DAG(s) 'example_setup_teardown' retrieved from /home/airflow/.local/lib/python3.8/site-packages/airflow/example_dags/example_setup_teardown.py
[2025-09-20T22:20:23.640+0000] {logging_mixin.py:188} INFO - [2025-09-20T22:20:23.640+0000] {dag.py:3036} INFO - Sync 1 DAGs
[2025-09-20T22:20:23.678+0000] {logging_mixin.py:188} INFO - [2025-09-20T22:20:23.678+0000] {dag.py:3823} INFO - Setting next_dagrun for example_setup_teardown to 2025-09-19 00:00:00+00:00, run_after=2025-09-20 00:00:00+00:00
[2025-09-20T22:20:23.716+0000] {processor.py:183} INFO - Processing /home/airflow/.local/lib/python3.8/site-packages/airflow/example_dags/example_setup_teardown.py took 0.133 seconds
[2025-09-20T22:20:54.117+0000] {processor.py:161} INFO - Started process (PID=3675) to work on /home/airflow/.local/lib/python3.8/site-packages/airflow/example_dags/example_setup_teardown.py
[2025-09-20T22:20:54.118+0000] {processor.py:830} INFO - Processing file /home/airflow/.local/lib/python3.8/site-packages/airflow/example_dags/example_setup_teardown.py for tasks to queue
[2025-09-20T22:20:54.122+0000] {logging_mixin.py:188} INFO - [2025-09-20T22:20:54.121+0000] {dagbag.py:538} INFO - Filling up the DagBag from /home/airflow/.local/lib/python3.8/site-packages/airflow/example_dags/example_setup_teardown.py
[2025-09-20T22:20:54.134+0000] {processor.py:840} INFO - DAG(s) 'example_setup_teardown' retrieved from /home/airflow/.local/lib/python3.8/site-packages/airflow/example_dags/example_setup_teardown.py
[2025-09-20T22:20:54.171+0000] {logging_mixin.py:188} INFO - [2025-09-20T22:20:54.171+0000] {dag.py:3036} INFO - Sync 1 DAGs
[2025-09-20T22:20:54.214+0000] {logging_mixin.py:188} INFO - [2025-09-20T22:20:54.214+0000] {dag.py:3823} INFO - Setting next_dagrun for example_setup_teardown to 2025-09-19 00:00:00+00:00, run_after=2025-09-20 00:00:00+00:00
[2025-09-20T22:20:54.249+0000] {processor.py:183} INFO - Processing /home/airflow/.local/lib/python3.8/site-packages/airflow/example_dags/example_setup_teardown.py took 0.138 seconds
[2025-09-20T22:21:24.390+0000] {processor.py:161} INFO - Started process (PID=3733) to work on /home/airflow/.local/lib/python3.8/site-packages/airflow/example_dags/example_setup_teardown.py
[2025-09-20T22:21:24.392+0000] {processor.py:830} INFO - Processing file /home/airflow/.local/lib/python3.8/site-packages/airflow/example_dags/example_setup_teardown.py for tasks to queue
[2025-09-20T22:21:24.395+0000] {logging_mixin.py:188} INFO - [2025-09-20T22:21:24.395+0000] {dagbag.py:538} INFO - Filling up the DagBag from /home/airflow/.local/lib/python3.8/site-packages/airflow/example_dags/example_setup_teardown.py
[2025-09-20T22:21:24.408+0000] {processor.py:840} INFO - DAG(s) 'example_setup_teardown' retrieved from /home/airflow/.local/lib/python3.8/site-packages/airflow/example_dags/example_setup_teardown.py
[2025-09-20T22:21:24.445+0000] {logging_mixin.py:188} INFO - [2025-09-20T22:21:24.445+0000] {dag.py:3036} INFO - Sync 1 DAGs
[2025-09-20T22:21:24.487+0000] {logging_mixin.py:188} INFO - [2025-09-20T22:21:24.487+0000] {dag.py:3823} INFO - Setting next_dagrun for example_setup_teardown to 2025-09-19 00:00:00+00:00, run_after=2025-09-20 00:00:00+00:00
[2025-09-20T22:21:24.526+0000] {processor.py:183} INFO - Processing /home/airflow/.local/lib/python3.8/site-packages/airflow/example_dags/example_setup_teardown.py took 0.142 seconds
[2025-09-20T22:21:55.091+0000] {processor.py:161} INFO - Started process (PID=3791) to work on /home/airflow/.local/lib/python3.8/site-packages/airflow/example_dags/example_setup_teardown.py
[2025-09-20T22:21:55.093+0000] {processor.py:830} INFO - Processing file /home/airflow/.local/lib/python3.8/site-packages/airflow/example_dags/example_setup_teardown.py for tasks to queue
[2025-09-20T22:21:55.097+0000] {logging_mixin.py:188} INFO - [2025-09-20T22:21:55.096+0000] {dagbag.py:538} INFO - Filling up the DagBag from /home/airflow/.local/lib/python3.8/site-packages/airflow/example_dags/example_setup_teardown.py
[2025-09-20T22:21:55.110+0000] {processor.py:840} INFO - DAG(s) 'example_setup_teardown' retrieved from /home/airflow/.local/lib/python3.8/site-packages/airflow/example_dags/example_setup_teardown.py
[2025-09-20T22:21:55.147+0000] {logging_mixin.py:188} INFO - [2025-09-20T22:21:55.147+0000] {dag.py:3036} INFO - Sync 1 DAGs
[2025-09-20T22:21:55.190+0000] {logging_mixin.py:188} INFO - [2025-09-20T22:21:55.190+0000] {dag.py:3823} INFO - Setting next_dagrun for example_setup_teardown to 2025-09-19 00:00:00+00:00, run_after=2025-09-20 00:00:00+00:00
[2025-09-20T22:21:55.227+0000] {processor.py:183} INFO - Processing /home/airflow/.local/lib/python3.8/site-packages/airflow/example_dags/example_setup_teardown.py took 0.142 seconds
[2025-09-20T22:22:25.350+0000] {processor.py:161} INFO - Started process (PID=3849) to work on /home/airflow/.local/lib/python3.8/site-packages/airflow/example_dags/example_setup_teardown.py
[2025-09-20T22:22:25.352+0000] {processor.py:830} INFO - Processing file /home/airflow/.local/lib/python3.8/site-packages/airflow/example_dags/example_setup_teardown.py for tasks to queue
[2025-09-20T22:22:25.355+0000] {logging_mixin.py:188} INFO - [2025-09-20T22:22:25.354+0000] {dagbag.py:538} INFO - Filling up the DagBag from /home/airflow/.local/lib/python3.8/site-packages/airflow/example_dags/example_setup_teardown.py
[2025-09-20T22:22:25.367+0000] {processor.py:840} INFO - DAG(s) 'example_setup_teardown' retrieved from /home/airflow/.local/lib/python3.8/site-packages/airflow/example_dags/example_setup_teardown.py
[2025-09-20T22:22:25.404+0000] {logging_mixin.py:188} INFO - [2025-09-20T22:22:25.404+0000] {dag.py:3036} INFO - Sync 1 DAGs
[2025-09-20T22:22:25.443+0000] {logging_mixin.py:188} INFO - [2025-09-20T22:22:25.443+0000] {dag.py:3823} INFO - Setting next_dagrun for example_setup_teardown to 2025-09-19 00:00:00+00:00, run_after=2025-09-20 00:00:00+00:00
[2025-09-20T22:22:25.481+0000] {processor.py:183} INFO - Processing /home/airflow/.local/lib/python3.8/site-packages/airflow/example_dags/example_setup_teardown.py took 0.137 seconds
[2025-09-20T22:22:55.609+0000] {processor.py:161} INFO - Started process (PID=3907) to work on /home/airflow/.local/lib/python3.8/site-packages/airflow/example_dags/example_setup_teardown.py
[2025-09-20T22:22:55.611+0000] {processor.py:830} INFO - Processing file /home/airflow/.local/lib/python3.8/site-packages/airflow/example_dags/example_setup_teardown.py for tasks to queue
[2025-09-20T22:22:55.615+0000] {logging_mixin.py:188} INFO - [2025-09-20T22:22:55.614+0000] {dagbag.py:538} INFO - Filling up the DagBag from /home/airflow/.local/lib/python3.8/site-packages/airflow/example_dags/example_setup_teardown.py
[2025-09-20T22:22:55.627+0000] {processor.py:840} INFO - DAG(s) 'example_setup_teardown' retrieved from /home/airflow/.local/lib/python3.8/site-packages/airflow/example_dags/example_setup_teardown.py
[2025-09-20T22:22:55.663+0000] {logging_mixin.py:188} INFO - [2025-09-20T22:22:55.663+0000] {dag.py:3036} INFO - Sync 1 DAGs
[2025-09-20T22:22:55.706+0000] {logging_mixin.py:188} INFO - [2025-09-20T22:22:55.706+0000] {dag.py:3823} INFO - Setting next_dagrun for example_setup_teardown to 2025-09-19 00:00:00+00:00, run_after=2025-09-20 00:00:00+00:00
[2025-09-20T22:22:55.739+0000] {processor.py:183} INFO - Processing /home/airflow/.local/lib/python3.8/site-packages/airflow/example_dags/example_setup_teardown.py took 0.136 seconds
[2025-09-20T22:23:25.853+0000] {processor.py:161} INFO - Started process (PID=3965) to work on /home/airflow/.local/lib/python3.8/site-packages/airflow/example_dags/example_setup_teardown.py
[2025-09-20T22:23:25.854+0000] {processor.py:830} INFO - Processing file /home/airflow/.local/lib/python3.8/site-packages/airflow/example_dags/example_setup_teardown.py for tasks to queue
[2025-09-20T22:23:25.858+0000] {logging_mixin.py:188} INFO - [2025-09-20T22:23:25.857+0000] {dagbag.py:538} INFO - Filling up the DagBag from /home/airflow/.local/lib/python3.8/site-packages/airflow/example_dags/example_setup_teardown.py
[2025-09-20T22:23:25.870+0000] {processor.py:840} INFO - DAG(s) 'example_setup_teardown' retrieved from /home/airflow/.local/lib/python3.8/site-packages/airflow/example_dags/example_setup_teardown.py
[2025-09-20T22:23:25.906+0000] {logging_mixin.py:188} INFO - [2025-09-20T22:23:25.905+0000] {dag.py:3036} INFO - Sync 1 DAGs
[2025-09-20T22:23:25.946+0000] {logging_mixin.py:188} INFO - [2025-09-20T22:23:25.946+0000] {dag.py:3823} INFO - Setting next_dagrun for example_setup_teardown to 2025-09-19 00:00:00+00:00, run_after=2025-09-20 00:00:00+00:00
[2025-09-20T22:23:25.979+0000] {processor.py:183} INFO - Processing /home/airflow/.local/lib/python3.8/site-packages/airflow/example_dags/example_setup_teardown.py took 0.133 seconds
[2025-09-20T22:23:56.248+0000] {processor.py:161} INFO - Started process (PID=4023) to work on /home/airflow/.local/lib/python3.8/site-packages/airflow/example_dags/example_setup_teardown.py
[2025-09-20T22:23:56.250+0000] {processor.py:830} INFO - Processing file /home/airflow/.local/lib/python3.8/site-packages/airflow/example_dags/example_setup_teardown.py for tasks to queue
[2025-09-20T22:23:56.254+0000] {logging_mixin.py:188} INFO - [2025-09-20T22:23:56.253+0000] {dagbag.py:538} INFO - Filling up the DagBag from /home/airflow/.local/lib/python3.8/site-packages/airflow/example_dags/example_setup_teardown.py
[2025-09-20T22:23:56.266+0000] {processor.py:840} INFO - DAG(s) 'example_setup_teardown' retrieved from /home/airflow/.local/lib/python3.8/site-packages/airflow/example_dags/example_setup_teardown.py
[2025-09-20T22:23:56.303+0000] {logging_mixin.py:188} INFO - [2025-09-20T22:23:56.303+0000] {dag.py:3036} INFO - Sync 1 DAGs
[2025-09-20T22:23:56.348+0000] {logging_mixin.py:188} INFO - [2025-09-20T22:23:56.348+0000] {dag.py:3823} INFO - Setting next_dagrun for example_setup_teardown to 2025-09-19 00:00:00+00:00, run_after=2025-09-20 00:00:00+00:00
[2025-09-20T22:23:56.386+0000] {processor.py:183} INFO - Processing /home/airflow/.local/lib/python3.8/site-packages/airflow/example_dags/example_setup_teardown.py took 0.143 seconds
[2025-09-20T22:24:27.126+0000] {processor.py:161} INFO - Started process (PID=4081) to work on /home/airflow/.local/lib/python3.8/site-packages/airflow/example_dags/example_setup_teardown.py
[2025-09-20T22:24:27.128+0000] {processor.py:830} INFO - Processing file /home/airflow/.local/lib/python3.8/site-packages/airflow/example_dags/example_setup_teardown.py for tasks to queue
[2025-09-20T22:24:27.132+0000] {logging_mixin.py:188} INFO - [2025-09-20T22:24:27.131+0000] {dagbag.py:538} INFO - Filling up the DagBag from /home/airflow/.local/lib/python3.8/site-packages/airflow/example_dags/example_setup_teardown.py
[2025-09-20T22:24:27.146+0000] {processor.py:840} INFO - DAG(s) 'example_setup_teardown' retrieved from /home/airflow/.local/lib/python3.8/site-packages/airflow/example_dags/example_setup_teardown.py
[2025-09-20T22:24:27.187+0000] {logging_mixin.py:188} INFO - [2025-09-20T22:24:27.187+0000] {dag.py:3036} INFO - Sync 1 DAGs
[2025-09-20T22:24:27.236+0000] {logging_mixin.py:188} INFO - [2025-09-20T22:24:27.236+0000] {dag.py:3823} INFO - Setting next_dagrun for example_setup_teardown to 2025-09-19 00:00:00+00:00, run_after=2025-09-20 00:00:00+00:00
[2025-09-20T22:24:27.270+0000] {processor.py:183} INFO - Processing /home/airflow/.local/lib/python3.8/site-packages/airflow/example_dags/example_setup_teardown.py took 0.151 seconds
[2025-09-20T22:24:57.739+0000] {processor.py:161} INFO - Started process (PID=4139) to work on /home/airflow/.local/lib/python3.8/site-packages/airflow/example_dags/example_setup_teardown.py
[2025-09-20T22:24:57.740+0000] {processor.py:830} INFO - Processing file /home/airflow/.local/lib/python3.8/site-packages/airflow/example_dags/example_setup_teardown.py for tasks to queue
[2025-09-20T22:24:57.744+0000] {logging_mixin.py:188} INFO - [2025-09-20T22:24:57.743+0000] {dagbag.py:538} INFO - Filling up the DagBag from /home/airflow/.local/lib/python3.8/site-packages/airflow/example_dags/example_setup_teardown.py
[2025-09-20T22:24:57.756+0000] {processor.py:840} INFO - DAG(s) 'example_setup_teardown' retrieved from /home/airflow/.local/lib/python3.8/site-packages/airflow/example_dags/example_setup_teardown.py
[2025-09-20T22:24:57.797+0000] {logging_mixin.py:188} INFO - [2025-09-20T22:24:57.797+0000] {dag.py:3036} INFO - Sync 1 DAGs
[2025-09-20T22:24:57.837+0000] {logging_mixin.py:188} INFO - [2025-09-20T22:24:57.837+0000] {dag.py:3823} INFO - Setting next_dagrun for example_setup_teardown to 2025-09-19 00:00:00+00:00, run_after=2025-09-20 00:00:00+00:00
[2025-09-20T22:24:57.871+0000] {processor.py:183} INFO - Processing /home/airflow/.local/lib/python3.8/site-packages/airflow/example_dags/example_setup_teardown.py took 0.138 seconds
[2025-09-20T22:25:28.362+0000] {processor.py:161} INFO - Started process (PID=4198) to work on /home/airflow/.local/lib/python3.8/site-packages/airflow/example_dags/example_setup_teardown.py
[2025-09-20T22:25:28.364+0000] {processor.py:830} INFO - Processing file /home/airflow/.local/lib/python3.8/site-packages/airflow/example_dags/example_setup_teardown.py for tasks to queue
[2025-09-20T22:25:28.368+0000] {logging_mixin.py:188} INFO - [2025-09-20T22:25:28.368+0000] {dagbag.py:538} INFO - Filling up the DagBag from /home/airflow/.local/lib/python3.8/site-packages/airflow/example_dags/example_setup_teardown.py
[2025-09-20T22:25:28.384+0000] {processor.py:840} INFO - DAG(s) 'example_setup_teardown' retrieved from /home/airflow/.local/lib/python3.8/site-packages/airflow/example_dags/example_setup_teardown.py
[2025-09-20T22:25:28.419+0000] {logging_mixin.py:188} INFO - [2025-09-20T22:25:28.419+0000] {dag.py:3036} INFO - Sync 1 DAGs
[2025-09-20T22:25:28.461+0000] {logging_mixin.py:188} INFO - [2025-09-20T22:25:28.461+0000] {dag.py:3823} INFO - Setting next_dagrun for example_setup_teardown to 2025-09-19 00:00:00+00:00, run_after=2025-09-20 00:00:00+00:00
[2025-09-20T22:25:28.494+0000] {processor.py:183} INFO - Processing /home/airflow/.local/lib/python3.8/site-packages/airflow/example_dags/example_setup_teardown.py took 0.137 seconds
[2025-09-20T22:25:58.642+0000] {processor.py:161} INFO - Started process (PID=4256) to work on /home/airflow/.local/lib/python3.8/site-packages/airflow/example_dags/example_setup_teardown.py
[2025-09-20T22:25:58.644+0000] {processor.py:830} INFO - Processing file /home/airflow/.local/lib/python3.8/site-packages/airflow/example_dags/example_setup_teardown.py for tasks to queue
[2025-09-20T22:25:58.648+0000] {logging_mixin.py:188} INFO - [2025-09-20T22:25:58.648+0000] {dagbag.py:538} INFO - Filling up the DagBag from /home/airflow/.local/lib/python3.8/site-packages/airflow/example_dags/example_setup_teardown.py
[2025-09-20T22:25:58.661+0000] {processor.py:840} INFO - DAG(s) 'example_setup_teardown' retrieved from /home/airflow/.local/lib/python3.8/site-packages/airflow/example_dags/example_setup_teardown.py
[2025-09-20T22:25:58.699+0000] {logging_mixin.py:188} INFO - [2025-09-20T22:25:58.699+0000] {dag.py:3036} INFO - Sync 1 DAGs
[2025-09-20T22:25:58.741+0000] {logging_mixin.py:188} INFO - [2025-09-20T22:25:58.740+0000] {dag.py:3823} INFO - Setting next_dagrun for example_setup_teardown to 2025-09-19 00:00:00+00:00, run_after=2025-09-20 00:00:00+00:00
[2025-09-20T22:25:58.778+0000] {processor.py:183} INFO - Processing /home/airflow/.local/lib/python3.8/site-packages/airflow/example_dags/example_setup_teardown.py took 0.140 seconds
[2025-09-20T22:26:29.380+0000] {processor.py:161} INFO - Started process (PID=4314) to work on /home/airflow/.local/lib/python3.8/site-packages/airflow/example_dags/example_setup_teardown.py
[2025-09-20T22:26:29.382+0000] {processor.py:830} INFO - Processing file /home/airflow/.local/lib/python3.8/site-packages/airflow/example_dags/example_setup_teardown.py for tasks to queue
[2025-09-20T22:26:29.386+0000] {logging_mixin.py:188} INFO - [2025-09-20T22:26:29.386+0000] {dagbag.py:538} INFO - Filling up the DagBag from /home/airflow/.local/lib/python3.8/site-packages/airflow/example_dags/example_setup_teardown.py
[2025-09-20T22:26:29.400+0000] {processor.py:840} INFO - DAG(s) 'example_setup_teardown' retrieved from /home/airflow/.local/lib/python3.8/site-packages/airflow/example_dags/example_setup_teardown.py
[2025-09-20T22:26:29.443+0000] {logging_mixin.py:188} INFO - [2025-09-20T22:26:29.443+0000] {dag.py:3036} INFO - Sync 1 DAGs
[2025-09-20T22:26:29.492+0000] {logging_mixin.py:188} INFO - [2025-09-20T22:26:29.491+0000] {dag.py:3823} INFO - Setting next_dagrun for example_setup_teardown to 2025-09-19 00:00:00+00:00, run_after=2025-09-20 00:00:00+00:00
[2025-09-20T22:26:29.532+0000] {processor.py:183} INFO - Processing /home/airflow/.local/lib/python3.8/site-packages/airflow/example_dags/example_setup_teardown.py took 0.161 seconds
[2025-09-20T22:26:59.662+0000] {processor.py:161} INFO - Started process (PID=4372) to work on /home/airflow/.local/lib/python3.8/site-packages/airflow/example_dags/example_setup_teardown.py
[2025-09-20T22:26:59.664+0000] {processor.py:830} INFO - Processing file /home/airflow/.local/lib/python3.8/site-packages/airflow/example_dags/example_setup_teardown.py for tasks to queue
[2025-09-20T22:26:59.668+0000] {logging_mixin.py:188} INFO - [2025-09-20T22:26:59.667+0000] {dagbag.py:538} INFO - Filling up the DagBag from /home/airflow/.local/lib/python3.8/site-packages/airflow/example_dags/example_setup_teardown.py
[2025-09-20T22:26:59.680+0000] {processor.py:840} INFO - DAG(s) 'example_setup_teardown' retrieved from /home/airflow/.local/lib/python3.8/site-packages/airflow/example_dags/example_setup_teardown.py
[2025-09-20T22:26:59.717+0000] {logging_mixin.py:188} INFO - [2025-09-20T22:26:59.716+0000] {dag.py:3036} INFO - Sync 1 DAGs
[2025-09-20T22:26:59.756+0000] {logging_mixin.py:188} INFO - [2025-09-20T22:26:59.755+0000] {dag.py:3823} INFO - Setting next_dagrun for example_setup_teardown to 2025-09-19 00:00:00+00:00, run_after=2025-09-20 00:00:00+00:00
[2025-09-20T22:26:59.789+0000] {processor.py:183} INFO - Processing /home/airflow/.local/lib/python3.8/site-packages/airflow/example_dags/example_setup_teardown.py took 0.132 seconds
[2025-09-20T22:27:29.890+0000] {processor.py:161} INFO - Started process (PID=4430) to work on /home/airflow/.local/lib/python3.8/site-packages/airflow/example_dags/example_setup_teardown.py
[2025-09-20T22:27:29.892+0000] {processor.py:830} INFO - Processing file /home/airflow/.local/lib/python3.8/site-packages/airflow/example_dags/example_setup_teardown.py for tasks to queue
[2025-09-20T22:27:29.895+0000] {logging_mixin.py:188} INFO - [2025-09-20T22:27:29.895+0000] {dagbag.py:538} INFO - Filling up the DagBag from /home/airflow/.local/lib/python3.8/site-packages/airflow/example_dags/example_setup_teardown.py
[2025-09-20T22:27:29.907+0000] {processor.py:840} INFO - DAG(s) 'example_setup_teardown' retrieved from /home/airflow/.local/lib/python3.8/site-packages/airflow/example_dags/example_setup_teardown.py
[2025-09-20T22:27:29.946+0000] {logging_mixin.py:188} INFO - [2025-09-20T22:27:29.946+0000] {dag.py:3036} INFO - Sync 1 DAGs
[2025-09-20T22:27:29.985+0000] {logging_mixin.py:188} INFO - [2025-09-20T22:27:29.985+0000] {dag.py:3823} INFO - Setting next_dagrun for example_setup_teardown to 2025-09-19 00:00:00+00:00, run_after=2025-09-20 00:00:00+00:00
[2025-09-20T22:27:30.019+0000] {processor.py:183} INFO - Processing /home/airflow/.local/lib/python3.8/site-packages/airflow/example_dags/example_setup_teardown.py took 0.135 seconds
[2025-09-20T22:28:00.617+0000] {processor.py:161} INFO - Started process (PID=4488) to work on /home/airflow/.local/lib/python3.8/site-packages/airflow/example_dags/example_setup_teardown.py
[2025-09-20T22:28:00.619+0000] {processor.py:830} INFO - Processing file /home/airflow/.local/lib/python3.8/site-packages/airflow/example_dags/example_setup_teardown.py for tasks to queue
[2025-09-20T22:28:00.622+0000] {logging_mixin.py:188} INFO - [2025-09-20T22:28:00.622+0000] {dagbag.py:538} INFO - Filling up the DagBag from /home/airflow/.local/lib/python3.8/site-packages/airflow/example_dags/example_setup_teardown.py
[2025-09-20T22:28:00.635+0000] {processor.py:840} INFO - DAG(s) 'example_setup_teardown' retrieved from /home/airflow/.local/lib/python3.8/site-packages/airflow/example_dags/example_setup_teardown.py
[2025-09-20T22:28:00.673+0000] {logging_mixin.py:188} INFO - [2025-09-20T22:28:00.673+0000] {dag.py:3036} INFO - Sync 1 DAGs
[2025-09-20T22:28:00.715+0000] {logging_mixin.py:188} INFO - [2025-09-20T22:28:00.715+0000] {dag.py:3823} INFO - Setting next_dagrun for example_setup_teardown to 2025-09-19 00:00:00+00:00, run_after=2025-09-20 00:00:00+00:00
[2025-09-20T22:28:00.748+0000] {processor.py:183} INFO - Processing /home/airflow/.local/lib/python3.8/site-packages/airflow/example_dags/example_setup_teardown.py took 0.137 seconds
[2025-09-20T22:28:31.419+0000] {processor.py:161} INFO - Started process (PID=4546) to work on /home/airflow/.local/lib/python3.8/site-packages/airflow/example_dags/example_setup_teardown.py
[2025-09-20T22:28:31.421+0000] {processor.py:830} INFO - Processing file /home/airflow/.local/lib/python3.8/site-packages/airflow/example_dags/example_setup_teardown.py for tasks to queue
[2025-09-20T22:28:31.425+0000] {logging_mixin.py:188} INFO - [2025-09-20T22:28:31.424+0000] {dagbag.py:538} INFO - Filling up the DagBag from /home/airflow/.local/lib/python3.8/site-packages/airflow/example_dags/example_setup_teardown.py
[2025-09-20T22:28:31.441+0000] {processor.py:840} INFO - DAG(s) 'example_setup_teardown' retrieved from /home/airflow/.local/lib/python3.8/site-packages/airflow/example_dags/example_setup_teardown.py
[2025-09-20T22:28:31.483+0000] {logging_mixin.py:188} INFO - [2025-09-20T22:28:31.483+0000] {dag.py:3036} INFO - Sync 1 DAGs
[2025-09-20T22:28:31.523+0000] {logging_mixin.py:188} INFO - [2025-09-20T22:28:31.522+0000] {dag.py:3823} INFO - Setting next_dagrun for example_setup_teardown to 2025-09-19 00:00:00+00:00, run_after=2025-09-20 00:00:00+00:00
[2025-09-20T22:28:31.561+0000] {processor.py:183} INFO - Processing /home/airflow/.local/lib/python3.8/site-packages/airflow/example_dags/example_setup_teardown.py took 0.148 seconds
[2025-09-20T22:29:02.137+0000] {processor.py:161} INFO - Started process (PID=4604) to work on /home/airflow/.local/lib/python3.8/site-packages/airflow/example_dags/example_setup_teardown.py
[2025-09-20T22:29:02.139+0000] {processor.py:830} INFO - Processing file /home/airflow/.local/lib/python3.8/site-packages/airflow/example_dags/example_setup_teardown.py for tasks to queue
[2025-09-20T22:29:02.142+0000] {logging_mixin.py:188} INFO - [2025-09-20T22:29:02.142+0000] {dagbag.py:538} INFO - Filling up the DagBag from /home/airflow/.local/lib/python3.8/site-packages/airflow/example_dags/example_setup_teardown.py
[2025-09-20T22:29:02.155+0000] {processor.py:840} INFO - DAG(s) 'example_setup_teardown' retrieved from /home/airflow/.local/lib/python3.8/site-packages/airflow/example_dags/example_setup_teardown.py
[2025-09-20T22:29:02.192+0000] {logging_mixin.py:188} INFO - [2025-09-20T22:29:02.191+0000] {dag.py:3036} INFO - Sync 1 DAGs
[2025-09-20T22:29:02.233+0000] {logging_mixin.py:188} INFO - [2025-09-20T22:29:02.233+0000] {dag.py:3823} INFO - Setting next_dagrun for example_setup_teardown to 2025-09-19 00:00:00+00:00, run_after=2025-09-20 00:00:00+00:00
[2025-09-20T22:29:02.271+0000] {processor.py:183} INFO - Processing /home/airflow/.local/lib/python3.8/site-packages/airflow/example_dags/example_setup_teardown.py took 0.140 seconds
[2025-09-20T22:29:32.600+0000] {processor.py:161} INFO - Started process (PID=4662) to work on /home/airflow/.local/lib/python3.8/site-packages/airflow/example_dags/example_setup_teardown.py
[2025-09-20T22:29:32.602+0000] {processor.py:830} INFO - Processing file /home/airflow/.local/lib/python3.8/site-packages/airflow/example_dags/example_setup_teardown.py for tasks to queue
[2025-09-20T22:29:32.606+0000] {logging_mixin.py:188} INFO - [2025-09-20T22:29:32.605+0000] {dagbag.py:538} INFO - Filling up the DagBag from /home/airflow/.local/lib/python3.8/site-packages/airflow/example_dags/example_setup_teardown.py
[2025-09-20T22:29:32.619+0000] {processor.py:840} INFO - DAG(s) 'example_setup_teardown' retrieved from /home/airflow/.local/lib/python3.8/site-packages/airflow/example_dags/example_setup_teardown.py
[2025-09-20T22:29:32.657+0000] {logging_mixin.py:188} INFO - [2025-09-20T22:29:32.656+0000] {dag.py:3036} INFO - Sync 1 DAGs
[2025-09-20T22:29:32.699+0000] {logging_mixin.py:188} INFO - [2025-09-20T22:29:32.699+0000] {dag.py:3823} INFO - Setting next_dagrun for example_setup_teardown to 2025-09-19 00:00:00+00:00, run_after=2025-09-20 00:00:00+00:00
[2025-09-20T22:29:32.737+0000] {processor.py:183} INFO - Processing /home/airflow/.local/lib/python3.8/site-packages/airflow/example_dags/example_setup_teardown.py took 0.143 seconds
[2025-09-20T22:30:03.885+0000] {processor.py:161} INFO - Started process (PID=4720) to work on /home/airflow/.local/lib/python3.8/site-packages/airflow/example_dags/example_setup_teardown.py
[2025-09-20T22:30:03.887+0000] {processor.py:830} INFO - Processing file /home/airflow/.local/lib/python3.8/site-packages/airflow/example_dags/example_setup_teardown.py for tasks to queue
[2025-09-20T22:30:03.893+0000] {logging_mixin.py:188} INFO - [2025-09-20T22:30:03.892+0000] {dagbag.py:538} INFO - Filling up the DagBag from /home/airflow/.local/lib/python3.8/site-packages/airflow/example_dags/example_setup_teardown.py
[2025-09-20T22:30:03.910+0000] {processor.py:840} INFO - DAG(s) 'example_setup_teardown' retrieved from /home/airflow/.local/lib/python3.8/site-packages/airflow/example_dags/example_setup_teardown.py
[2025-09-20T22:30:03.954+0000] {logging_mixin.py:188} INFO - [2025-09-20T22:30:03.954+0000] {dag.py:3036} INFO - Sync 1 DAGs
[2025-09-20T22:30:04.001+0000] {logging_mixin.py:188} INFO - [2025-09-20T22:30:04.001+0000] {dag.py:3823} INFO - Setting next_dagrun for example_setup_teardown to 2025-09-19 00:00:00+00:00, run_after=2025-09-20 00:00:00+00:00
[2025-09-20T22:30:04.046+0000] {processor.py:183} INFO - Processing /home/airflow/.local/lib/python3.8/site-packages/airflow/example_dags/example_setup_teardown.py took 0.168 seconds
[2025-09-20T22:30:34.651+0000] {processor.py:161} INFO - Started process (PID=4778) to work on /home/airflow/.local/lib/python3.8/site-packages/airflow/example_dags/example_setup_teardown.py
[2025-09-20T22:30:34.652+0000] {processor.py:830} INFO - Processing file /home/airflow/.local/lib/python3.8/site-packages/airflow/example_dags/example_setup_teardown.py for tasks to queue
[2025-09-20T22:30:34.656+0000] {logging_mixin.py:188} INFO - [2025-09-20T22:30:34.655+0000] {dagbag.py:538} INFO - Filling up the DagBag from /home/airflow/.local/lib/python3.8/site-packages/airflow/example_dags/example_setup_teardown.py
[2025-09-20T22:30:34.668+0000] {processor.py:840} INFO - DAG(s) 'example_setup_teardown' retrieved from /home/airflow/.local/lib/python3.8/site-packages/airflow/example_dags/example_setup_teardown.py
[2025-09-20T22:30:34.708+0000] {logging_mixin.py:188} INFO - [2025-09-20T22:30:34.707+0000] {dag.py:3036} INFO - Sync 1 DAGs
[2025-09-20T22:30:34.751+0000] {logging_mixin.py:188} INFO - [2025-09-20T22:30:34.751+0000] {dag.py:3823} INFO - Setting next_dagrun for example_setup_teardown to 2025-09-19 00:00:00+00:00, run_after=2025-09-20 00:00:00+00:00
[2025-09-20T22:30:34.786+0000] {processor.py:183} INFO - Processing /home/airflow/.local/lib/python3.8/site-packages/airflow/example_dags/example_setup_teardown.py took 0.141 seconds
[2025-09-20T22:31:05.131+0000] {processor.py:161} INFO - Started process (PID=4836) to work on /home/airflow/.local/lib/python3.8/site-packages/airflow/example_dags/example_setup_teardown.py
[2025-09-20T22:31:05.133+0000] {processor.py:830} INFO - Processing file /home/airflow/.local/lib/python3.8/site-packages/airflow/example_dags/example_setup_teardown.py for tasks to queue
[2025-09-20T22:31:05.137+0000] {logging_mixin.py:188} INFO - [2025-09-20T22:31:05.136+0000] {dagbag.py:538} INFO - Filling up the DagBag from /home/airflow/.local/lib/python3.8/site-packages/airflow/example_dags/example_setup_teardown.py
[2025-09-20T22:31:05.152+0000] {processor.py:840} INFO - DAG(s) 'example_setup_teardown' retrieved from /home/airflow/.local/lib/python3.8/site-packages/airflow/example_dags/example_setup_teardown.py
[2025-09-20T22:31:05.189+0000] {logging_mixin.py:188} INFO - [2025-09-20T22:31:05.189+0000] {dag.py:3036} INFO - Sync 1 DAGs
[2025-09-20T22:31:05.233+0000] {logging_mixin.py:188} INFO - [2025-09-20T22:31:05.233+0000] {dag.py:3823} INFO - Setting next_dagrun for example_setup_teardown to 2025-09-19 00:00:00+00:00, run_after=2025-09-20 00:00:00+00:00
[2025-09-20T22:31:05.267+0000] {processor.py:183} INFO - Processing /home/airflow/.local/lib/python3.8/site-packages/airflow/example_dags/example_setup_teardown.py took 0.142 seconds
[2025-09-20T22:31:35.351+0000] {processor.py:161} INFO - Started process (PID=4892) to work on /home/airflow/.local/lib/python3.8/site-packages/airflow/example_dags/example_setup_teardown.py
[2025-09-20T22:31:35.353+0000] {processor.py:830} INFO - Processing file /home/airflow/.local/lib/python3.8/site-packages/airflow/example_dags/example_setup_teardown.py for tasks to queue
[2025-09-20T22:31:35.356+0000] {logging_mixin.py:188} INFO - [2025-09-20T22:31:35.356+0000] {dagbag.py:538} INFO - Filling up the DagBag from /home/airflow/.local/lib/python3.8/site-packages/airflow/example_dags/example_setup_teardown.py
[2025-09-20T22:31:35.369+0000] {processor.py:840} INFO - DAG(s) 'example_setup_teardown' retrieved from /home/airflow/.local/lib/python3.8/site-packages/airflow/example_dags/example_setup_teardown.py
[2025-09-20T22:31:35.405+0000] {logging_mixin.py:188} INFO - [2025-09-20T22:31:35.405+0000] {dag.py:3036} INFO - Sync 1 DAGs
[2025-09-20T22:31:35.444+0000] {logging_mixin.py:188} INFO - [2025-09-20T22:31:35.444+0000] {dag.py:3823} INFO - Setting next_dagrun for example_setup_teardown to 2025-09-19 00:00:00+00:00, run_after=2025-09-20 00:00:00+00:00
[2025-09-20T22:31:35.483+0000] {processor.py:183} INFO - Processing /home/airflow/.local/lib/python3.8/site-packages/airflow/example_dags/example_setup_teardown.py took 0.137 seconds
[2025-09-20T22:32:05.748+0000] {processor.py:161} INFO - Started process (PID=4950) to work on /home/airflow/.local/lib/python3.8/site-packages/airflow/example_dags/example_setup_teardown.py
[2025-09-20T22:32:05.750+0000] {processor.py:830} INFO - Processing file /home/airflow/.local/lib/python3.8/site-packages/airflow/example_dags/example_setup_teardown.py for tasks to queue
[2025-09-20T22:32:05.754+0000] {logging_mixin.py:188} INFO - [2025-09-20T22:32:05.754+0000] {dagbag.py:538} INFO - Filling up the DagBag from /home/airflow/.local/lib/python3.8/site-packages/airflow/example_dags/example_setup_teardown.py
[2025-09-20T22:32:05.771+0000] {processor.py:840} INFO - DAG(s) 'example_setup_teardown' retrieved from /home/airflow/.local/lib/python3.8/site-packages/airflow/example_dags/example_setup_teardown.py
[2025-09-20T22:32:05.810+0000] {logging_mixin.py:188} INFO - [2025-09-20T22:32:05.810+0000] {dag.py:3036} INFO - Sync 1 DAGs
[2025-09-20T22:32:05.855+0000] {logging_mixin.py:188} INFO - [2025-09-20T22:32:05.855+0000] {dag.py:3823} INFO - Setting next_dagrun for example_setup_teardown to 2025-09-19 00:00:00+00:00, run_after=2025-09-20 00:00:00+00:00
[2025-09-20T22:32:05.897+0000] {processor.py:183} INFO - Processing /home/airflow/.local/lib/python3.8/site-packages/airflow/example_dags/example_setup_teardown.py took 0.156 seconds
[2025-09-20T22:32:36.077+0000] {processor.py:161} INFO - Started process (PID=5008) to work on /home/airflow/.local/lib/python3.8/site-packages/airflow/example_dags/example_setup_teardown.py
[2025-09-20T22:32:36.080+0000] {processor.py:830} INFO - Processing file /home/airflow/.local/lib/python3.8/site-packages/airflow/example_dags/example_setup_teardown.py for tasks to queue
[2025-09-20T22:32:36.083+0000] {logging_mixin.py:188} INFO - [2025-09-20T22:32:36.083+0000] {dagbag.py:538} INFO - Filling up the DagBag from /home/airflow/.local/lib/python3.8/site-packages/airflow/example_dags/example_setup_teardown.py
[2025-09-20T22:32:36.097+0000] {processor.py:840} INFO - DAG(s) 'example_setup_teardown' retrieved from /home/airflow/.local/lib/python3.8/site-packages/airflow/example_dags/example_setup_teardown.py
[2025-09-20T22:32:36.136+0000] {logging_mixin.py:188} INFO - [2025-09-20T22:32:36.135+0000] {dag.py:3036} INFO - Sync 1 DAGs
[2025-09-20T22:32:36.178+0000] {logging_mixin.py:188} INFO - [2025-09-20T22:32:36.177+0000] {dag.py:3823} INFO - Setting next_dagrun for example_setup_teardown to 2025-09-19 00:00:00+00:00, run_after=2025-09-20 00:00:00+00:00
[2025-09-20T22:32:36.214+0000] {processor.py:183} INFO - Processing /home/airflow/.local/lib/python3.8/site-packages/airflow/example_dags/example_setup_teardown.py took 0.142 seconds
[2025-09-20T22:33:06.463+0000] {processor.py:161} INFO - Started process (PID=5066) to work on /home/airflow/.local/lib/python3.8/site-packages/airflow/example_dags/example_setup_teardown.py
[2025-09-20T22:33:06.465+0000] {processor.py:830} INFO - Processing file /home/airflow/.local/lib/python3.8/site-packages/airflow/example_dags/example_setup_teardown.py for tasks to queue
[2025-09-20T22:33:06.469+0000] {logging_mixin.py:188} INFO - [2025-09-20T22:33:06.468+0000] {dagbag.py:538} INFO - Filling up the DagBag from /home/airflow/.local/lib/python3.8/site-packages/airflow/example_dags/example_setup_teardown.py
[2025-09-20T22:33:06.481+0000] {processor.py:840} INFO - DAG(s) 'example_setup_teardown' retrieved from /home/airflow/.local/lib/python3.8/site-packages/airflow/example_dags/example_setup_teardown.py
[2025-09-20T22:33:06.519+0000] {logging_mixin.py:188} INFO - [2025-09-20T22:33:06.519+0000] {dag.py:3036} INFO - Sync 1 DAGs
[2025-09-20T22:33:06.561+0000] {logging_mixin.py:188} INFO - [2025-09-20T22:33:06.560+0000] {dag.py:3823} INFO - Setting next_dagrun for example_setup_teardown to 2025-09-19 00:00:00+00:00, run_after=2025-09-20 00:00:00+00:00
[2025-09-20T22:33:06.596+0000] {processor.py:183} INFO - Processing /home/airflow/.local/lib/python3.8/site-packages/airflow/example_dags/example_setup_teardown.py took 0.138 seconds
[2025-09-20T22:33:36.671+0000] {processor.py:161} INFO - Started process (PID=5124) to work on /home/airflow/.local/lib/python3.8/site-packages/airflow/example_dags/example_setup_teardown.py
[2025-09-20T22:33:36.673+0000] {processor.py:830} INFO - Processing file /home/airflow/.local/lib/python3.8/site-packages/airflow/example_dags/example_setup_teardown.py for tasks to queue
[2025-09-20T22:33:36.677+0000] {logging_mixin.py:188} INFO - [2025-09-20T22:33:36.676+0000] {dagbag.py:538} INFO - Filling up the DagBag from /home/airflow/.local/lib/python3.8/site-packages/airflow/example_dags/example_setup_teardown.py
[2025-09-20T22:33:36.689+0000] {processor.py:840} INFO - DAG(s) 'example_setup_teardown' retrieved from /home/airflow/.local/lib/python3.8/site-packages/airflow/example_dags/example_setup_teardown.py
[2025-09-20T22:33:36.726+0000] {logging_mixin.py:188} INFO - [2025-09-20T22:33:36.725+0000] {dag.py:3036} INFO - Sync 1 DAGs
[2025-09-20T22:33:36.767+0000] {logging_mixin.py:188} INFO - [2025-09-20T22:33:36.767+0000] {dag.py:3823} INFO - Setting next_dagrun for example_setup_teardown to 2025-09-19 00:00:00+00:00, run_after=2025-09-20 00:00:00+00:00
[2025-09-20T22:33:36.801+0000] {processor.py:183} INFO - Processing /home/airflow/.local/lib/python3.8/site-packages/airflow/example_dags/example_setup_teardown.py took 0.136 seconds
[2025-09-20T22:34:07.878+0000] {processor.py:161} INFO - Started process (PID=5182) to work on /home/airflow/.local/lib/python3.8/site-packages/airflow/example_dags/example_setup_teardown.py
[2025-09-20T22:34:07.883+0000] {processor.py:830} INFO - Processing file /home/airflow/.local/lib/python3.8/site-packages/airflow/example_dags/example_setup_teardown.py for tasks to queue
[2025-09-20T22:34:07.888+0000] {logging_mixin.py:188} INFO - [2025-09-20T22:34:07.887+0000] {dagbag.py:538} INFO - Filling up the DagBag from /home/airflow/.local/lib/python3.8/site-packages/airflow/example_dags/example_setup_teardown.py
[2025-09-20T22:34:07.905+0000] {processor.py:840} INFO - DAG(s) 'example_setup_teardown' retrieved from /home/airflow/.local/lib/python3.8/site-packages/airflow/example_dags/example_setup_teardown.py
[2025-09-20T22:34:07.956+0000] {logging_mixin.py:188} INFO - [2025-09-20T22:34:07.955+0000] {dag.py:3036} INFO - Sync 1 DAGs
[2025-09-20T22:34:08.011+0000] {logging_mixin.py:188} INFO - [2025-09-20T22:34:08.011+0000] {dag.py:3823} INFO - Setting next_dagrun for example_setup_teardown to 2025-09-19 00:00:00+00:00, run_after=2025-09-20 00:00:00+00:00
[2025-09-20T22:34:08.061+0000] {processor.py:183} INFO - Processing /home/airflow/.local/lib/python3.8/site-packages/airflow/example_dags/example_setup_teardown.py took 0.191 seconds
[2025-09-20T22:34:38.556+0000] {processor.py:161} INFO - Started process (PID=5240) to work on /home/airflow/.local/lib/python3.8/site-packages/airflow/example_dags/example_setup_teardown.py
[2025-09-20T22:34:38.557+0000] {processor.py:830} INFO - Processing file /home/airflow/.local/lib/python3.8/site-packages/airflow/example_dags/example_setup_teardown.py for tasks to queue
[2025-09-20T22:34:38.561+0000] {logging_mixin.py:188} INFO - [2025-09-20T22:34:38.560+0000] {dagbag.py:538} INFO - Filling up the DagBag from /home/airflow/.local/lib/python3.8/site-packages/airflow/example_dags/example_setup_teardown.py
[2025-09-20T22:34:38.573+0000] {processor.py:840} INFO - DAG(s) 'example_setup_teardown' retrieved from /home/airflow/.local/lib/python3.8/site-packages/airflow/example_dags/example_setup_teardown.py
[2025-09-20T22:34:38.609+0000] {logging_mixin.py:188} INFO - [2025-09-20T22:34:38.609+0000] {dag.py:3036} INFO - Sync 1 DAGs
[2025-09-20T22:34:38.650+0000] {logging_mixin.py:188} INFO - [2025-09-20T22:34:38.650+0000] {dag.py:3823} INFO - Setting next_dagrun for example_setup_teardown to 2025-09-19 00:00:00+00:00, run_after=2025-09-20 00:00:00+00:00
[2025-09-20T22:34:38.694+0000] {processor.py:183} INFO - Processing /home/airflow/.local/lib/python3.8/site-packages/airflow/example_dags/example_setup_teardown.py took 0.144 seconds
[2025-09-20T22:35:09.081+0000] {processor.py:161} INFO - Started process (PID=5298) to work on /home/airflow/.local/lib/python3.8/site-packages/airflow/example_dags/example_setup_teardown.py
[2025-09-20T22:35:09.082+0000] {processor.py:830} INFO - Processing file /home/airflow/.local/lib/python3.8/site-packages/airflow/example_dags/example_setup_teardown.py for tasks to queue
[2025-09-20T22:35:09.086+0000] {logging_mixin.py:188} INFO - [2025-09-20T22:35:09.085+0000] {dagbag.py:538} INFO - Filling up the DagBag from /home/airflow/.local/lib/python3.8/site-packages/airflow/example_dags/example_setup_teardown.py
[2025-09-20T22:35:09.098+0000] {processor.py:840} INFO - DAG(s) 'example_setup_teardown' retrieved from /home/airflow/.local/lib/python3.8/site-packages/airflow/example_dags/example_setup_teardown.py
[2025-09-20T22:35:09.138+0000] {logging_mixin.py:188} INFO - [2025-09-20T22:35:09.137+0000] {dag.py:3036} INFO - Sync 1 DAGs
[2025-09-20T22:35:09.198+0000] {logging_mixin.py:188} INFO - [2025-09-20T22:35:09.198+0000] {dag.py:3823} INFO - Setting next_dagrun for example_setup_teardown to 2025-09-19 00:00:00+00:00, run_after=2025-09-20 00:00:00+00:00
[2025-09-20T22:35:09.244+0000] {processor.py:183} INFO - Processing /home/airflow/.local/lib/python3.8/site-packages/airflow/example_dags/example_setup_teardown.py took 0.169 seconds
[2025-09-20T22:35:39.908+0000] {processor.py:161} INFO - Started process (PID=5354) to work on /home/airflow/.local/lib/python3.8/site-packages/airflow/example_dags/example_setup_teardown.py
[2025-09-20T22:35:39.909+0000] {processor.py:830} INFO - Processing file /home/airflow/.local/lib/python3.8/site-packages/airflow/example_dags/example_setup_teardown.py for tasks to queue
[2025-09-20T22:35:39.913+0000] {logging_mixin.py:188} INFO - [2025-09-20T22:35:39.913+0000] {dagbag.py:538} INFO - Filling up the DagBag from /home/airflow/.local/lib/python3.8/site-packages/airflow/example_dags/example_setup_teardown.py
[2025-09-20T22:35:39.927+0000] {processor.py:840} INFO - DAG(s) 'example_setup_teardown' retrieved from /home/airflow/.local/lib/python3.8/site-packages/airflow/example_dags/example_setup_teardown.py
[2025-09-20T22:35:39.966+0000] {logging_mixin.py:188} INFO - [2025-09-20T22:35:39.966+0000] {dag.py:3036} INFO - Sync 1 DAGs
[2025-09-20T22:35:40.014+0000] {logging_mixin.py:188} INFO - [2025-09-20T22:35:40.014+0000] {dag.py:3823} INFO - Setting next_dagrun for example_setup_teardown to 2025-09-19 00:00:00+00:00, run_after=2025-09-20 00:00:00+00:00
[2025-09-20T22:35:40.051+0000] {processor.py:183} INFO - Processing /home/airflow/.local/lib/python3.8/site-packages/airflow/example_dags/example_setup_teardown.py took 0.149 seconds
[2025-09-20T22:36:10.513+0000] {processor.py:161} INFO - Started process (PID=5412) to work on /home/airflow/.local/lib/python3.8/site-packages/airflow/example_dags/example_setup_teardown.py
[2025-09-20T22:36:10.515+0000] {processor.py:830} INFO - Processing file /home/airflow/.local/lib/python3.8/site-packages/airflow/example_dags/example_setup_teardown.py for tasks to queue
[2025-09-20T22:36:10.519+0000] {logging_mixin.py:188} INFO - [2025-09-20T22:36:10.518+0000] {dagbag.py:538} INFO - Filling up the DagBag from /home/airflow/.local/lib/python3.8/site-packages/airflow/example_dags/example_setup_teardown.py
[2025-09-20T22:36:10.534+0000] {processor.py:840} INFO - DAG(s) 'example_setup_teardown' retrieved from /home/airflow/.local/lib/python3.8/site-packages/airflow/example_dags/example_setup_teardown.py
[2025-09-20T22:36:10.573+0000] {logging_mixin.py:188} INFO - [2025-09-20T22:36:10.573+0000] {dag.py:3036} INFO - Sync 1 DAGs
[2025-09-20T22:36:10.615+0000] {logging_mixin.py:188} INFO - [2025-09-20T22:36:10.615+0000] {dag.py:3823} INFO - Setting next_dagrun for example_setup_teardown to 2025-09-19 00:00:00+00:00, run_after=2025-09-20 00:00:00+00:00
[2025-09-20T22:36:10.650+0000] {processor.py:183} INFO - Processing /home/airflow/.local/lib/python3.8/site-packages/airflow/example_dags/example_setup_teardown.py took 0.144 seconds
[2025-09-20T22:36:40.808+0000] {processor.py:161} INFO - Started process (PID=5470) to work on /home/airflow/.local/lib/python3.8/site-packages/airflow/example_dags/example_setup_teardown.py
[2025-09-20T22:36:40.810+0000] {processor.py:830} INFO - Processing file /home/airflow/.local/lib/python3.8/site-packages/airflow/example_dags/example_setup_teardown.py for tasks to queue
[2025-09-20T22:36:40.813+0000] {logging_mixin.py:188} INFO - [2025-09-20T22:36:40.813+0000] {dagbag.py:538} INFO - Filling up the DagBag from /home/airflow/.local/lib/python3.8/site-packages/airflow/example_dags/example_setup_teardown.py
[2025-09-20T22:36:40.825+0000] {processor.py:840} INFO - DAG(s) 'example_setup_teardown' retrieved from /home/airflow/.local/lib/python3.8/site-packages/airflow/example_dags/example_setup_teardown.py
[2025-09-20T22:36:40.862+0000] {logging_mixin.py:188} INFO - [2025-09-20T22:36:40.861+0000] {dag.py:3036} INFO - Sync 1 DAGs
[2025-09-20T22:36:40.902+0000] {logging_mixin.py:188} INFO - [2025-09-20T22:36:40.902+0000] {dag.py:3823} INFO - Setting next_dagrun for example_setup_teardown to 2025-09-19 00:00:00+00:00, run_after=2025-09-20 00:00:00+00:00
[2025-09-20T22:36:40.937+0000] {processor.py:183} INFO - Processing /home/airflow/.local/lib/python3.8/site-packages/airflow/example_dags/example_setup_teardown.py took 0.134 seconds
[2025-09-20T22:37:11.192+0000] {processor.py:161} INFO - Started process (PID=5528) to work on /home/airflow/.local/lib/python3.8/site-packages/airflow/example_dags/example_setup_teardown.py
[2025-09-20T22:37:11.194+0000] {processor.py:830} INFO - Processing file /home/airflow/.local/lib/python3.8/site-packages/airflow/example_dags/example_setup_teardown.py for tasks to queue
[2025-09-20T22:37:11.197+0000] {logging_mixin.py:188} INFO - [2025-09-20T22:37:11.197+0000] {dagbag.py:538} INFO - Filling up the DagBag from /home/airflow/.local/lib/python3.8/site-packages/airflow/example_dags/example_setup_teardown.py
[2025-09-20T22:37:11.210+0000] {processor.py:840} INFO - DAG(s) 'example_setup_teardown' retrieved from /home/airflow/.local/lib/python3.8/site-packages/airflow/example_dags/example_setup_teardown.py
[2025-09-20T22:37:11.248+0000] {logging_mixin.py:188} INFO - [2025-09-20T22:37:11.247+0000] {dag.py:3036} INFO - Sync 1 DAGs
[2025-09-20T22:37:11.294+0000] {logging_mixin.py:188} INFO - [2025-09-20T22:37:11.293+0000] {dag.py:3823} INFO - Setting next_dagrun for example_setup_teardown to 2025-09-19 00:00:00+00:00, run_after=2025-09-20 00:00:00+00:00
[2025-09-20T22:37:11.334+0000] {processor.py:183} INFO - Processing /home/airflow/.local/lib/python3.8/site-packages/airflow/example_dags/example_setup_teardown.py took 0.148 seconds
[2025-09-20T22:37:41.752+0000] {processor.py:161} INFO - Started process (PID=5586) to work on /home/airflow/.local/lib/python3.8/site-packages/airflow/example_dags/example_setup_teardown.py
[2025-09-20T22:37:41.754+0000] {processor.py:830} INFO - Processing file /home/airflow/.local/lib/python3.8/site-packages/airflow/example_dags/example_setup_teardown.py for tasks to queue
[2025-09-20T22:37:41.758+0000] {logging_mixin.py:188} INFO - [2025-09-20T22:37:41.758+0000] {dagbag.py:538} INFO - Filling up the DagBag from /home/airflow/.local/lib/python3.8/site-packages/airflow/example_dags/example_setup_teardown.py
[2025-09-20T22:37:41.771+0000] {processor.py:840} INFO - DAG(s) 'example_setup_teardown' retrieved from /home/airflow/.local/lib/python3.8/site-packages/airflow/example_dags/example_setup_teardown.py
[2025-09-20T22:37:41.810+0000] {logging_mixin.py:188} INFO - [2025-09-20T22:37:41.809+0000] {dag.py:3036} INFO - Sync 1 DAGs
[2025-09-20T22:37:41.854+0000] {logging_mixin.py:188} INFO - [2025-09-20T22:37:41.853+0000] {dag.py:3823} INFO - Setting next_dagrun for example_setup_teardown to 2025-09-19 00:00:00+00:00, run_after=2025-09-20 00:00:00+00:00
[2025-09-20T22:37:41.891+0000] {processor.py:183} INFO - Processing /home/airflow/.local/lib/python3.8/site-packages/airflow/example_dags/example_setup_teardown.py took 0.146 seconds
[2025-09-20T22:38:12.093+0000] {processor.py:161} INFO - Started process (PID=5644) to work on /home/airflow/.local/lib/python3.8/site-packages/airflow/example_dags/example_setup_teardown.py
[2025-09-20T22:38:12.095+0000] {processor.py:830} INFO - Processing file /home/airflow/.local/lib/python3.8/site-packages/airflow/example_dags/example_setup_teardown.py for tasks to queue
[2025-09-20T22:38:12.099+0000] {logging_mixin.py:188} INFO - [2025-09-20T22:38:12.099+0000] {dagbag.py:538} INFO - Filling up the DagBag from /home/airflow/.local/lib/python3.8/site-packages/airflow/example_dags/example_setup_teardown.py
[2025-09-20T22:38:12.111+0000] {processor.py:840} INFO - DAG(s) 'example_setup_teardown' retrieved from /home/airflow/.local/lib/python3.8/site-packages/airflow/example_dags/example_setup_teardown.py
[2025-09-20T22:38:12.151+0000] {logging_mixin.py:188} INFO - [2025-09-20T22:38:12.150+0000] {dag.py:3036} INFO - Sync 1 DAGs
[2025-09-20T22:38:12.190+0000] {logging_mixin.py:188} INFO - [2025-09-20T22:38:12.190+0000] {dag.py:3823} INFO - Setting next_dagrun for example_setup_teardown to 2025-09-19 00:00:00+00:00, run_after=2025-09-20 00:00:00+00:00
[2025-09-20T22:38:12.225+0000] {processor.py:183} INFO - Processing /home/airflow/.local/lib/python3.8/site-packages/airflow/example_dags/example_setup_teardown.py took 0.138 seconds
[2025-09-20T22:38:42.994+0000] {processor.py:161} INFO - Started process (PID=5702) to work on /home/airflow/.local/lib/python3.8/site-packages/airflow/example_dags/example_setup_teardown.py
[2025-09-20T22:38:42.996+0000] {processor.py:830} INFO - Processing file /home/airflow/.local/lib/python3.8/site-packages/airflow/example_dags/example_setup_teardown.py for tasks to queue
[2025-09-20T22:38:43.000+0000] {logging_mixin.py:188} INFO - [2025-09-20T22:38:42.999+0000] {dagbag.py:538} INFO - Filling up the DagBag from /home/airflow/.local/lib/python3.8/site-packages/airflow/example_dags/example_setup_teardown.py
[2025-09-20T22:38:43.017+0000] {processor.py:840} INFO - DAG(s) 'example_setup_teardown' retrieved from /home/airflow/.local/lib/python3.8/site-packages/airflow/example_dags/example_setup_teardown.py
[2025-09-20T22:38:43.062+0000] {logging_mixin.py:188} INFO - [2025-09-20T22:38:43.062+0000] {dag.py:3036} INFO - Sync 1 DAGs
[2025-09-20T22:38:43.111+0000] {logging_mixin.py:188} INFO - [2025-09-20T22:38:43.110+0000] {dag.py:3823} INFO - Setting next_dagrun for example_setup_teardown to 2025-09-19 00:00:00+00:00, run_after=2025-09-20 00:00:00+00:00
[2025-09-20T22:38:43.158+0000] {processor.py:183} INFO - Processing /home/airflow/.local/lib/python3.8/site-packages/airflow/example_dags/example_setup_teardown.py took 0.169 seconds
[2025-09-20T22:39:13.694+0000] {processor.py:161} INFO - Started process (PID=5760) to work on /home/airflow/.local/lib/python3.8/site-packages/airflow/example_dags/example_setup_teardown.py
[2025-09-20T22:39:13.696+0000] {processor.py:830} INFO - Processing file /home/airflow/.local/lib/python3.8/site-packages/airflow/example_dags/example_setup_teardown.py for tasks to queue
[2025-09-20T22:39:13.701+0000] {logging_mixin.py:188} INFO - [2025-09-20T22:39:13.700+0000] {dagbag.py:538} INFO - Filling up the DagBag from /home/airflow/.local/lib/python3.8/site-packages/airflow/example_dags/example_setup_teardown.py
[2025-09-20T22:39:13.715+0000] {processor.py:840} INFO - DAG(s) 'example_setup_teardown' retrieved from /home/airflow/.local/lib/python3.8/site-packages/airflow/example_dags/example_setup_teardown.py
[2025-09-20T22:39:13.757+0000] {logging_mixin.py:188} INFO - [2025-09-20T22:39:13.757+0000] {dag.py:3036} INFO - Sync 1 DAGs
[2025-09-20T22:39:13.808+0000] {logging_mixin.py:188} INFO - [2025-09-20T22:39:13.807+0000] {dag.py:3823} INFO - Setting next_dagrun for example_setup_teardown to 2025-09-19 00:00:00+00:00, run_after=2025-09-20 00:00:00+00:00
[2025-09-20T22:39:13.854+0000] {processor.py:183} INFO - Processing /home/airflow/.local/lib/python3.8/site-packages/airflow/example_dags/example_setup_teardown.py took 0.166 seconds
