[2025-09-20T21:49:53.518+0000] {processor.py:161} INFO - Started process (PID=146) to work on /home/airflow/.local/lib/python3.8/site-packages/airflow/example_dags/example_params_ui_tutorial.py
[2025-09-20T21:49:53.520+0000] {processor.py:830} INFO - Processing file /home/airflow/.local/lib/python3.8/site-packages/airflow/example_dags/example_params_ui_tutorial.py for tasks to queue
[2025-09-20T21:49:53.524+0000] {logging_mixin.py:188} INFO - [2025-09-20T21:49:53.523+0000] {dagbag.py:538} INFO - Filling up the DagBag from /home/airflow/.local/lib/python3.8/site-packages/airflow/example_dags/example_params_ui_tutorial.py
[2025-09-20T21:49:53.572+0000] {processor.py:840} INFO - DAG(s) 'example_params_ui_tutorial' retrieved from /home/airflow/.local/lib/python3.8/site-packages/airflow/example_dags/example_params_ui_tutorial.py
[2025-09-20T21:49:53.951+0000] {logging_mixin.py:188} INFO - [2025-09-20T21:49:53.950+0000] {dag.py:3036} INFO - Sync 1 DAGs
[2025-09-20T21:49:53.987+0000] {logging_mixin.py:188} INFO - [2025-09-20T21:49:53.987+0000] {dag.py:3823} INFO - Setting next_dagrun for example_params_ui_tutorial to None, run_after=None
[2025-09-20T21:49:54.037+0000] {processor.py:183} INFO - Processing /home/airflow/.local/lib/python3.8/site-packages/airflow/example_dags/example_params_ui_tutorial.py took 0.527 seconds
[2025-09-20T21:50:24.836+0000] {processor.py:161} INFO - Started process (PID=203) to work on /home/airflow/.local/lib/python3.8/site-packages/airflow/example_dags/example_params_ui_tutorial.py
[2025-09-20T21:50:24.838+0000] {processor.py:830} INFO - Processing file /home/airflow/.local/lib/python3.8/site-packages/airflow/example_dags/example_params_ui_tutorial.py for tasks to queue
[2025-09-20T21:50:24.843+0000] {logging_mixin.py:188} INFO - [2025-09-20T21:50:24.842+0000] {dagbag.py:538} INFO - Filling up the DagBag from /home/airflow/.local/lib/python3.8/site-packages/airflow/example_dags/example_params_ui_tutorial.py
[2025-09-20T21:50:24.877+0000] {processor.py:840} INFO - DAG(s) 'example_params_ui_tutorial' retrieved from /home/airflow/.local/lib/python3.8/site-packages/airflow/example_dags/example_params_ui_tutorial.py
[2025-09-20T21:50:25.081+0000] {logging_mixin.py:188} INFO - [2025-09-20T21:50:25.081+0000] {dag.py:3036} INFO - Sync 1 DAGs
[2025-09-20T21:50:25.122+0000] {logging_mixin.py:188} INFO - [2025-09-20T21:50:25.122+0000] {dag.py:3823} INFO - Setting next_dagrun for example_params_ui_tutorial to None, run_after=None
[2025-09-20T21:50:25.172+0000] {processor.py:183} INFO - Processing /home/airflow/.local/lib/python3.8/site-packages/airflow/example_dags/example_params_ui_tutorial.py took 0.344 seconds
[2025-09-20T21:50:55.618+0000] {processor.py:161} INFO - Started process (PID=261) to work on /home/airflow/.local/lib/python3.8/site-packages/airflow/example_dags/example_params_ui_tutorial.py
[2025-09-20T21:50:55.621+0000] {processor.py:830} INFO - Processing file /home/airflow/.local/lib/python3.8/site-packages/airflow/example_dags/example_params_ui_tutorial.py for tasks to queue
[2025-09-20T21:50:55.625+0000] {logging_mixin.py:188} INFO - [2025-09-20T21:50:55.624+0000] {dagbag.py:538} INFO - Filling up the DagBag from /home/airflow/.local/lib/python3.8/site-packages/airflow/example_dags/example_params_ui_tutorial.py
[2025-09-20T21:50:55.649+0000] {processor.py:840} INFO - DAG(s) 'example_params_ui_tutorial' retrieved from /home/airflow/.local/lib/python3.8/site-packages/airflow/example_dags/example_params_ui_tutorial.py
[2025-09-20T21:50:55.784+0000] {logging_mixin.py:188} INFO - [2025-09-20T21:50:55.783+0000] {dag.py:3036} INFO - Sync 1 DAGs
[2025-09-20T21:50:55.808+0000] {logging_mixin.py:188} INFO - [2025-09-20T21:50:55.807+0000] {dag.py:3823} INFO - Setting next_dagrun for example_params_ui_tutorial to None, run_after=None
[2025-09-20T21:50:55.842+0000] {processor.py:183} INFO - Processing /home/airflow/.local/lib/python3.8/site-packages/airflow/example_dags/example_params_ui_tutorial.py took 0.230 seconds
[2025-09-20T21:51:26.218+0000] {processor.py:161} INFO - Started process (PID=319) to work on /home/airflow/.local/lib/python3.8/site-packages/airflow/example_dags/example_params_ui_tutorial.py
[2025-09-20T21:51:26.220+0000] {processor.py:830} INFO - Processing file /home/airflow/.local/lib/python3.8/site-packages/airflow/example_dags/example_params_ui_tutorial.py for tasks to queue
[2025-09-20T21:51:26.225+0000] {logging_mixin.py:188} INFO - [2025-09-20T21:51:26.224+0000] {dagbag.py:538} INFO - Filling up the DagBag from /home/airflow/.local/lib/python3.8/site-packages/airflow/example_dags/example_params_ui_tutorial.py
[2025-09-20T21:51:26.250+0000] {processor.py:840} INFO - DAG(s) 'example_params_ui_tutorial' retrieved from /home/airflow/.local/lib/python3.8/site-packages/airflow/example_dags/example_params_ui_tutorial.py
[2025-09-20T21:51:26.408+0000] {logging_mixin.py:188} INFO - [2025-09-20T21:51:26.407+0000] {dag.py:3036} INFO - Sync 1 DAGs
[2025-09-20T21:51:26.439+0000] {logging_mixin.py:188} INFO - [2025-09-20T21:51:26.438+0000] {dag.py:3823} INFO - Setting next_dagrun for example_params_ui_tutorial to None, run_after=None
[2025-09-20T21:51:26.484+0000] {processor.py:183} INFO - Processing /home/airflow/.local/lib/python3.8/site-packages/airflow/example_dags/example_params_ui_tutorial.py took 0.273 seconds
[2025-09-20T21:51:56.808+0000] {processor.py:161} INFO - Started process (PID=377) to work on /home/airflow/.local/lib/python3.8/site-packages/airflow/example_dags/example_params_ui_tutorial.py
[2025-09-20T21:51:56.810+0000] {processor.py:830} INFO - Processing file /home/airflow/.local/lib/python3.8/site-packages/airflow/example_dags/example_params_ui_tutorial.py for tasks to queue
[2025-09-20T21:51:56.815+0000] {logging_mixin.py:188} INFO - [2025-09-20T21:51:56.814+0000] {dagbag.py:538} INFO - Filling up the DagBag from /home/airflow/.local/lib/python3.8/site-packages/airflow/example_dags/example_params_ui_tutorial.py
[2025-09-20T21:51:56.837+0000] {processor.py:840} INFO - DAG(s) 'example_params_ui_tutorial' retrieved from /home/airflow/.local/lib/python3.8/site-packages/airflow/example_dags/example_params_ui_tutorial.py
[2025-09-20T21:51:56.963+0000] {logging_mixin.py:188} INFO - [2025-09-20T21:51:56.963+0000] {dag.py:3036} INFO - Sync 1 DAGs
[2025-09-20T21:51:56.990+0000] {logging_mixin.py:188} INFO - [2025-09-20T21:51:56.990+0000] {dag.py:3823} INFO - Setting next_dagrun for example_params_ui_tutorial to None, run_after=None
[2025-09-20T21:51:57.031+0000] {processor.py:183} INFO - Processing /home/airflow/.local/lib/python3.8/site-packages/airflow/example_dags/example_params_ui_tutorial.py took 0.229 seconds
[2025-09-20T21:52:27.451+0000] {processor.py:161} INFO - Started process (PID=435) to work on /home/airflow/.local/lib/python3.8/site-packages/airflow/example_dags/example_params_ui_tutorial.py
[2025-09-20T21:52:27.453+0000] {processor.py:830} INFO - Processing file /home/airflow/.local/lib/python3.8/site-packages/airflow/example_dags/example_params_ui_tutorial.py for tasks to queue
[2025-09-20T21:52:27.457+0000] {logging_mixin.py:188} INFO - [2025-09-20T21:52:27.456+0000] {dagbag.py:538} INFO - Filling up the DagBag from /home/airflow/.local/lib/python3.8/site-packages/airflow/example_dags/example_params_ui_tutorial.py
[2025-09-20T21:52:27.479+0000] {processor.py:840} INFO - DAG(s) 'example_params_ui_tutorial' retrieved from /home/airflow/.local/lib/python3.8/site-packages/airflow/example_dags/example_params_ui_tutorial.py
[2025-09-20T21:52:27.606+0000] {logging_mixin.py:188} INFO - [2025-09-20T21:52:27.605+0000] {dag.py:3036} INFO - Sync 1 DAGs
[2025-09-20T21:52:27.629+0000] {logging_mixin.py:188} INFO - [2025-09-20T21:52:27.629+0000] {dag.py:3823} INFO - Setting next_dagrun for example_params_ui_tutorial to None, run_after=None
[2025-09-20T21:52:27.668+0000] {processor.py:183} INFO - Processing /home/airflow/.local/lib/python3.8/site-packages/airflow/example_dags/example_params_ui_tutorial.py took 0.223 seconds
[2025-09-20T21:52:58.381+0000] {processor.py:161} INFO - Started process (PID=493) to work on /home/airflow/.local/lib/python3.8/site-packages/airflow/example_dags/example_params_ui_tutorial.py
[2025-09-20T21:52:58.383+0000] {processor.py:830} INFO - Processing file /home/airflow/.local/lib/python3.8/site-packages/airflow/example_dags/example_params_ui_tutorial.py for tasks to queue
[2025-09-20T21:52:58.389+0000] {logging_mixin.py:188} INFO - [2025-09-20T21:52:58.388+0000] {dagbag.py:538} INFO - Filling up the DagBag from /home/airflow/.local/lib/python3.8/site-packages/airflow/example_dags/example_params_ui_tutorial.py
[2025-09-20T21:52:58.423+0000] {processor.py:840} INFO - DAG(s) 'example_params_ui_tutorial' retrieved from /home/airflow/.local/lib/python3.8/site-packages/airflow/example_dags/example_params_ui_tutorial.py
[2025-09-20T21:52:58.609+0000] {logging_mixin.py:188} INFO - [2025-09-20T21:52:58.608+0000] {dag.py:3036} INFO - Sync 1 DAGs
[2025-09-20T21:52:58.638+0000] {logging_mixin.py:188} INFO - [2025-09-20T21:52:58.638+0000] {dag.py:3823} INFO - Setting next_dagrun for example_params_ui_tutorial to None, run_after=None
[2025-09-20T21:52:58.679+0000] {processor.py:183} INFO - Processing /home/airflow/.local/lib/python3.8/site-packages/airflow/example_dags/example_params_ui_tutorial.py took 0.303 seconds
[2025-09-20T21:53:28.845+0000] {processor.py:161} INFO - Started process (PID=552) to work on /home/airflow/.local/lib/python3.8/site-packages/airflow/example_dags/example_params_ui_tutorial.py
[2025-09-20T21:53:28.847+0000] {processor.py:830} INFO - Processing file /home/airflow/.local/lib/python3.8/site-packages/airflow/example_dags/example_params_ui_tutorial.py for tasks to queue
[2025-09-20T21:53:28.851+0000] {logging_mixin.py:188} INFO - [2025-09-20T21:53:28.851+0000] {dagbag.py:538} INFO - Filling up the DagBag from /home/airflow/.local/lib/python3.8/site-packages/airflow/example_dags/example_params_ui_tutorial.py
[2025-09-20T21:53:28.877+0000] {processor.py:840} INFO - DAG(s) 'example_params_ui_tutorial' retrieved from /home/airflow/.local/lib/python3.8/site-packages/airflow/example_dags/example_params_ui_tutorial.py
[2025-09-20T21:53:29.024+0000] {logging_mixin.py:188} INFO - [2025-09-20T21:53:29.024+0000] {dag.py:3036} INFO - Sync 1 DAGs
[2025-09-20T21:53:29.048+0000] {logging_mixin.py:188} INFO - [2025-09-20T21:53:29.047+0000] {dag.py:3823} INFO - Setting next_dagrun for example_params_ui_tutorial to None, run_after=None
[2025-09-20T21:53:29.088+0000] {processor.py:183} INFO - Processing /home/airflow/.local/lib/python3.8/site-packages/airflow/example_dags/example_params_ui_tutorial.py took 0.249 seconds
[2025-09-20T21:53:59.217+0000] {processor.py:161} INFO - Started process (PID=610) to work on /home/airflow/.local/lib/python3.8/site-packages/airflow/example_dags/example_params_ui_tutorial.py
[2025-09-20T21:53:59.219+0000] {processor.py:830} INFO - Processing file /home/airflow/.local/lib/python3.8/site-packages/airflow/example_dags/example_params_ui_tutorial.py for tasks to queue
[2025-09-20T21:53:59.223+0000] {logging_mixin.py:188} INFO - [2025-09-20T21:53:59.222+0000] {dagbag.py:538} INFO - Filling up the DagBag from /home/airflow/.local/lib/python3.8/site-packages/airflow/example_dags/example_params_ui_tutorial.py
[2025-09-20T21:53:59.244+0000] {processor.py:840} INFO - DAG(s) 'example_params_ui_tutorial' retrieved from /home/airflow/.local/lib/python3.8/site-packages/airflow/example_dags/example_params_ui_tutorial.py
[2025-09-20T21:53:59.368+0000] {logging_mixin.py:188} INFO - [2025-09-20T21:53:59.368+0000] {dag.py:3036} INFO - Sync 1 DAGs
[2025-09-20T21:53:59.395+0000] {logging_mixin.py:188} INFO - [2025-09-20T21:53:59.394+0000] {dag.py:3823} INFO - Setting next_dagrun for example_params_ui_tutorial to None, run_after=None
[2025-09-20T21:53:59.434+0000] {processor.py:183} INFO - Processing /home/airflow/.local/lib/python3.8/site-packages/airflow/example_dags/example_params_ui_tutorial.py took 0.222 seconds
[2025-09-20T21:54:30.114+0000] {processor.py:161} INFO - Started process (PID=668) to work on /home/airflow/.local/lib/python3.8/site-packages/airflow/example_dags/example_params_ui_tutorial.py
[2025-09-20T21:54:30.116+0000] {processor.py:830} INFO - Processing file /home/airflow/.local/lib/python3.8/site-packages/airflow/example_dags/example_params_ui_tutorial.py for tasks to queue
[2025-09-20T21:54:30.123+0000] {logging_mixin.py:188} INFO - [2025-09-20T21:54:30.121+0000] {dagbag.py:538} INFO - Filling up the DagBag from /home/airflow/.local/lib/python3.8/site-packages/airflow/example_dags/example_params_ui_tutorial.py
[2025-09-20T21:54:30.150+0000] {processor.py:840} INFO - DAG(s) 'example_params_ui_tutorial' retrieved from /home/airflow/.local/lib/python3.8/site-packages/airflow/example_dags/example_params_ui_tutorial.py
[2025-09-20T21:54:30.299+0000] {logging_mixin.py:188} INFO - [2025-09-20T21:54:30.299+0000] {dag.py:3036} INFO - Sync 1 DAGs
[2025-09-20T21:54:30.348+0000] {logging_mixin.py:188} INFO - [2025-09-20T21:54:30.348+0000] {dag.py:3823} INFO - Setting next_dagrun for example_params_ui_tutorial to None, run_after=None
[2025-09-20T21:54:30.386+0000] {processor.py:183} INFO - Processing /home/airflow/.local/lib/python3.8/site-packages/airflow/example_dags/example_params_ui_tutorial.py took 0.278 seconds
[2025-09-20T21:55:00.713+0000] {processor.py:161} INFO - Started process (PID=725) to work on /home/airflow/.local/lib/python3.8/site-packages/airflow/example_dags/example_params_ui_tutorial.py
[2025-09-20T21:55:00.716+0000] {processor.py:830} INFO - Processing file /home/airflow/.local/lib/python3.8/site-packages/airflow/example_dags/example_params_ui_tutorial.py for tasks to queue
[2025-09-20T21:55:00.719+0000] {logging_mixin.py:188} INFO - [2025-09-20T21:55:00.718+0000] {dagbag.py:538} INFO - Filling up the DagBag from /home/airflow/.local/lib/python3.8/site-packages/airflow/example_dags/example_params_ui_tutorial.py
[2025-09-20T21:55:00.740+0000] {processor.py:840} INFO - DAG(s) 'example_params_ui_tutorial' retrieved from /home/airflow/.local/lib/python3.8/site-packages/airflow/example_dags/example_params_ui_tutorial.py
[2025-09-20T21:55:00.874+0000] {logging_mixin.py:188} INFO - [2025-09-20T21:55:00.873+0000] {dag.py:3036} INFO - Sync 1 DAGs
[2025-09-20T21:55:00.900+0000] {logging_mixin.py:188} INFO - [2025-09-20T21:55:00.899+0000] {dag.py:3823} INFO - Setting next_dagrun for example_params_ui_tutorial to None, run_after=None
[2025-09-20T21:55:00.944+0000] {processor.py:183} INFO - Processing /home/airflow/.local/lib/python3.8/site-packages/airflow/example_dags/example_params_ui_tutorial.py took 0.236 seconds
[2025-09-20T21:55:31.781+0000] {processor.py:161} INFO - Started process (PID=791) to work on /home/airflow/.local/lib/python3.8/site-packages/airflow/example_dags/example_params_ui_tutorial.py
[2025-09-20T21:55:31.784+0000] {processor.py:830} INFO - Processing file /home/airflow/.local/lib/python3.8/site-packages/airflow/example_dags/example_params_ui_tutorial.py for tasks to queue
[2025-09-20T21:55:31.789+0000] {logging_mixin.py:188} INFO - [2025-09-20T21:55:31.788+0000] {dagbag.py:538} INFO - Filling up the DagBag from /home/airflow/.local/lib/python3.8/site-packages/airflow/example_dags/example_params_ui_tutorial.py
[2025-09-20T21:55:31.817+0000] {processor.py:840} INFO - DAG(s) 'example_params_ui_tutorial' retrieved from /home/airflow/.local/lib/python3.8/site-packages/airflow/example_dags/example_params_ui_tutorial.py
[2025-09-20T21:55:31.986+0000] {logging_mixin.py:188} INFO - [2025-09-20T21:55:31.986+0000] {dag.py:3036} INFO - Sync 1 DAGs
[2025-09-20T21:55:32.019+0000] {logging_mixin.py:188} INFO - [2025-09-20T21:55:32.018+0000] {dag.py:3823} INFO - Setting next_dagrun for example_params_ui_tutorial to None, run_after=None
[2025-09-20T21:55:32.067+0000] {processor.py:183} INFO - Processing /home/airflow/.local/lib/python3.8/site-packages/airflow/example_dags/example_params_ui_tutorial.py took 0.293 seconds
[2025-09-20T21:56:02.655+0000] {processor.py:161} INFO - Started process (PID=848) to work on /home/airflow/.local/lib/python3.8/site-packages/airflow/example_dags/example_params_ui_tutorial.py
[2025-09-20T21:56:02.658+0000] {processor.py:830} INFO - Processing file /home/airflow/.local/lib/python3.8/site-packages/airflow/example_dags/example_params_ui_tutorial.py for tasks to queue
[2025-09-20T21:56:02.665+0000] {logging_mixin.py:188} INFO - [2025-09-20T21:56:02.664+0000] {dagbag.py:538} INFO - Filling up the DagBag from /home/airflow/.local/lib/python3.8/site-packages/airflow/example_dags/example_params_ui_tutorial.py
[2025-09-20T21:56:02.731+0000] {processor.py:840} INFO - DAG(s) 'example_params_ui_tutorial' retrieved from /home/airflow/.local/lib/python3.8/site-packages/airflow/example_dags/example_params_ui_tutorial.py
[2025-09-20T21:56:03.023+0000] {logging_mixin.py:188} INFO - [2025-09-20T21:56:03.022+0000] {dag.py:3036} INFO - Sync 1 DAGs
[2025-09-20T21:56:03.076+0000] {logging_mixin.py:188} INFO - [2025-09-20T21:56:03.075+0000] {dag.py:3823} INFO - Setting next_dagrun for example_params_ui_tutorial to None, run_after=None
[2025-09-20T21:56:03.161+0000] {processor.py:183} INFO - Processing /home/airflow/.local/lib/python3.8/site-packages/airflow/example_dags/example_params_ui_tutorial.py took 0.522 seconds
[2025-09-20T21:56:33.966+0000] {processor.py:161} INFO - Started process (PID=906) to work on /home/airflow/.local/lib/python3.8/site-packages/airflow/example_dags/example_params_ui_tutorial.py
[2025-09-20T21:56:33.968+0000] {processor.py:830} INFO - Processing file /home/airflow/.local/lib/python3.8/site-packages/airflow/example_dags/example_params_ui_tutorial.py for tasks to queue
[2025-09-20T21:56:33.971+0000] {logging_mixin.py:188} INFO - [2025-09-20T21:56:33.971+0000] {dagbag.py:538} INFO - Filling up the DagBag from /home/airflow/.local/lib/python3.8/site-packages/airflow/example_dags/example_params_ui_tutorial.py
[2025-09-20T21:56:33.993+0000] {processor.py:840} INFO - DAG(s) 'example_params_ui_tutorial' retrieved from /home/airflow/.local/lib/python3.8/site-packages/airflow/example_dags/example_params_ui_tutorial.py
[2025-09-20T21:56:34.128+0000] {logging_mixin.py:188} INFO - [2025-09-20T21:56:34.128+0000] {dag.py:3036} INFO - Sync 1 DAGs
[2025-09-20T21:56:34.157+0000] {logging_mixin.py:188} INFO - [2025-09-20T21:56:34.156+0000] {dag.py:3823} INFO - Setting next_dagrun for example_params_ui_tutorial to None, run_after=None
[2025-09-20T21:56:34.196+0000] {processor.py:183} INFO - Processing /home/airflow/.local/lib/python3.8/site-packages/airflow/example_dags/example_params_ui_tutorial.py took 0.236 seconds
[2025-09-20T21:57:04.413+0000] {processor.py:161} INFO - Started process (PID=965) to work on /home/airflow/.local/lib/python3.8/site-packages/airflow/example_dags/example_params_ui_tutorial.py
[2025-09-20T21:57:04.415+0000] {processor.py:830} INFO - Processing file /home/airflow/.local/lib/python3.8/site-packages/airflow/example_dags/example_params_ui_tutorial.py for tasks to queue
[2025-09-20T21:57:04.419+0000] {logging_mixin.py:188} INFO - [2025-09-20T21:57:04.418+0000] {dagbag.py:538} INFO - Filling up the DagBag from /home/airflow/.local/lib/python3.8/site-packages/airflow/example_dags/example_params_ui_tutorial.py
[2025-09-20T21:57:04.442+0000] {processor.py:840} INFO - DAG(s) 'example_params_ui_tutorial' retrieved from /home/airflow/.local/lib/python3.8/site-packages/airflow/example_dags/example_params_ui_tutorial.py
[2025-09-20T21:57:04.570+0000] {logging_mixin.py:188} INFO - [2025-09-20T21:57:04.570+0000] {dag.py:3036} INFO - Sync 1 DAGs
[2025-09-20T21:57:04.596+0000] {logging_mixin.py:188} INFO - [2025-09-20T21:57:04.596+0000] {dag.py:3823} INFO - Setting next_dagrun for example_params_ui_tutorial to None, run_after=None
[2025-09-20T21:57:04.650+0000] {processor.py:183} INFO - Processing /home/airflow/.local/lib/python3.8/site-packages/airflow/example_dags/example_params_ui_tutorial.py took 0.243 seconds
[2025-09-20T21:57:35.026+0000] {processor.py:161} INFO - Started process (PID=1022) to work on /home/airflow/.local/lib/python3.8/site-packages/airflow/example_dags/example_params_ui_tutorial.py
[2025-09-20T21:57:35.028+0000] {processor.py:830} INFO - Processing file /home/airflow/.local/lib/python3.8/site-packages/airflow/example_dags/example_params_ui_tutorial.py for tasks to queue
[2025-09-20T21:57:35.031+0000] {logging_mixin.py:188} INFO - [2025-09-20T21:57:35.031+0000] {dagbag.py:538} INFO - Filling up the DagBag from /home/airflow/.local/lib/python3.8/site-packages/airflow/example_dags/example_params_ui_tutorial.py
[2025-09-20T21:57:35.055+0000] {processor.py:840} INFO - DAG(s) 'example_params_ui_tutorial' retrieved from /home/airflow/.local/lib/python3.8/site-packages/airflow/example_dags/example_params_ui_tutorial.py
[2025-09-20T21:57:35.178+0000] {logging_mixin.py:188} INFO - [2025-09-20T21:57:35.177+0000] {dag.py:3036} INFO - Sync 1 DAGs
[2025-09-20T21:57:35.203+0000] {logging_mixin.py:188} INFO - [2025-09-20T21:57:35.202+0000] {dag.py:3823} INFO - Setting next_dagrun for example_params_ui_tutorial to None, run_after=None
[2025-09-20T21:57:35.239+0000] {processor.py:183} INFO - Processing /home/airflow/.local/lib/python3.8/site-packages/airflow/example_dags/example_params_ui_tutorial.py took 0.218 seconds
[2025-09-20T21:58:05.333+0000] {processor.py:161} INFO - Started process (PID=1080) to work on /home/airflow/.local/lib/python3.8/site-packages/airflow/example_dags/example_params_ui_tutorial.py
[2025-09-20T21:58:05.335+0000] {processor.py:830} INFO - Processing file /home/airflow/.local/lib/python3.8/site-packages/airflow/example_dags/example_params_ui_tutorial.py for tasks to queue
[2025-09-20T21:58:05.339+0000] {logging_mixin.py:188} INFO - [2025-09-20T21:58:05.338+0000] {dagbag.py:538} INFO - Filling up the DagBag from /home/airflow/.local/lib/python3.8/site-packages/airflow/example_dags/example_params_ui_tutorial.py
[2025-09-20T21:58:05.361+0000] {processor.py:840} INFO - DAG(s) 'example_params_ui_tutorial' retrieved from /home/airflow/.local/lib/python3.8/site-packages/airflow/example_dags/example_params_ui_tutorial.py
[2025-09-20T21:58:05.483+0000] {logging_mixin.py:188} INFO - [2025-09-20T21:58:05.482+0000] {dag.py:3036} INFO - Sync 1 DAGs
[2025-09-20T21:58:05.506+0000] {logging_mixin.py:188} INFO - [2025-09-20T21:58:05.506+0000] {dag.py:3823} INFO - Setting next_dagrun for example_params_ui_tutorial to None, run_after=None
[2025-09-20T21:58:05.542+0000] {processor.py:183} INFO - Processing /home/airflow/.local/lib/python3.8/site-packages/airflow/example_dags/example_params_ui_tutorial.py took 0.216 seconds
[2025-09-20T21:58:36.223+0000] {processor.py:161} INFO - Started process (PID=1138) to work on /home/airflow/.local/lib/python3.8/site-packages/airflow/example_dags/example_params_ui_tutorial.py
[2025-09-20T21:58:36.225+0000] {processor.py:830} INFO - Processing file /home/airflow/.local/lib/python3.8/site-packages/airflow/example_dags/example_params_ui_tutorial.py for tasks to queue
[2025-09-20T21:58:36.229+0000] {logging_mixin.py:188} INFO - [2025-09-20T21:58:36.228+0000] {dagbag.py:538} INFO - Filling up the DagBag from /home/airflow/.local/lib/python3.8/site-packages/airflow/example_dags/example_params_ui_tutorial.py
[2025-09-20T21:58:36.252+0000] {processor.py:840} INFO - DAG(s) 'example_params_ui_tutorial' retrieved from /home/airflow/.local/lib/python3.8/site-packages/airflow/example_dags/example_params_ui_tutorial.py
[2025-09-20T21:58:36.379+0000] {logging_mixin.py:188} INFO - [2025-09-20T21:58:36.378+0000] {dag.py:3036} INFO - Sync 1 DAGs
[2025-09-20T21:58:36.402+0000] {logging_mixin.py:188} INFO - [2025-09-20T21:58:36.402+0000] {dag.py:3823} INFO - Setting next_dagrun for example_params_ui_tutorial to None, run_after=None
[2025-09-20T21:58:36.444+0000] {processor.py:183} INFO - Processing /home/airflow/.local/lib/python3.8/site-packages/airflow/example_dags/example_params_ui_tutorial.py took 0.227 seconds
[2025-09-20T21:59:06.607+0000] {processor.py:161} INFO - Started process (PID=1196) to work on /home/airflow/.local/lib/python3.8/site-packages/airflow/example_dags/example_params_ui_tutorial.py
[2025-09-20T21:59:06.610+0000] {processor.py:830} INFO - Processing file /home/airflow/.local/lib/python3.8/site-packages/airflow/example_dags/example_params_ui_tutorial.py for tasks to queue
[2025-09-20T21:59:06.613+0000] {logging_mixin.py:188} INFO - [2025-09-20T21:59:06.612+0000] {dagbag.py:538} INFO - Filling up the DagBag from /home/airflow/.local/lib/python3.8/site-packages/airflow/example_dags/example_params_ui_tutorial.py
[2025-09-20T21:59:06.634+0000] {processor.py:840} INFO - DAG(s) 'example_params_ui_tutorial' retrieved from /home/airflow/.local/lib/python3.8/site-packages/airflow/example_dags/example_params_ui_tutorial.py
[2025-09-20T21:59:06.763+0000] {logging_mixin.py:188} INFO - [2025-09-20T21:59:06.763+0000] {dag.py:3036} INFO - Sync 1 DAGs
[2025-09-20T21:59:06.787+0000] {logging_mixin.py:188} INFO - [2025-09-20T21:59:06.786+0000] {dag.py:3823} INFO - Setting next_dagrun for example_params_ui_tutorial to None, run_after=None
[2025-09-20T21:59:06.826+0000] {processor.py:183} INFO - Processing /home/airflow/.local/lib/python3.8/site-packages/airflow/example_dags/example_params_ui_tutorial.py took 0.224 seconds
[2025-09-20T21:59:37.214+0000] {processor.py:161} INFO - Started process (PID=1254) to work on /home/airflow/.local/lib/python3.8/site-packages/airflow/example_dags/example_params_ui_tutorial.py
[2025-09-20T21:59:37.216+0000] {processor.py:830} INFO - Processing file /home/airflow/.local/lib/python3.8/site-packages/airflow/example_dags/example_params_ui_tutorial.py for tasks to queue
[2025-09-20T21:59:37.220+0000] {logging_mixin.py:188} INFO - [2025-09-20T21:59:37.219+0000] {dagbag.py:538} INFO - Filling up the DagBag from /home/airflow/.local/lib/python3.8/site-packages/airflow/example_dags/example_params_ui_tutorial.py
[2025-09-20T21:59:37.241+0000] {processor.py:840} INFO - DAG(s) 'example_params_ui_tutorial' retrieved from /home/airflow/.local/lib/python3.8/site-packages/airflow/example_dags/example_params_ui_tutorial.py
[2025-09-20T21:59:37.361+0000] {logging_mixin.py:188} INFO - [2025-09-20T21:59:37.361+0000] {dag.py:3036} INFO - Sync 1 DAGs
[2025-09-20T21:59:37.387+0000] {logging_mixin.py:188} INFO - [2025-09-20T21:59:37.386+0000] {dag.py:3823} INFO - Setting next_dagrun for example_params_ui_tutorial to None, run_after=None
[2025-09-20T21:59:37.426+0000] {processor.py:183} INFO - Processing /home/airflow/.local/lib/python3.8/site-packages/airflow/example_dags/example_params_ui_tutorial.py took 0.218 seconds
[2025-09-20T22:00:07.532+0000] {processor.py:161} INFO - Started process (PID=1312) to work on /home/airflow/.local/lib/python3.8/site-packages/airflow/example_dags/example_params_ui_tutorial.py
[2025-09-20T22:00:07.534+0000] {processor.py:830} INFO - Processing file /home/airflow/.local/lib/python3.8/site-packages/airflow/example_dags/example_params_ui_tutorial.py for tasks to queue
[2025-09-20T22:00:07.538+0000] {logging_mixin.py:188} INFO - [2025-09-20T22:00:07.537+0000] {dagbag.py:538} INFO - Filling up the DagBag from /home/airflow/.local/lib/python3.8/site-packages/airflow/example_dags/example_params_ui_tutorial.py
[2025-09-20T22:00:07.561+0000] {processor.py:840} INFO - DAG(s) 'example_params_ui_tutorial' retrieved from /home/airflow/.local/lib/python3.8/site-packages/airflow/example_dags/example_params_ui_tutorial.py
[2025-09-20T22:00:07.695+0000] {logging_mixin.py:188} INFO - [2025-09-20T22:00:07.694+0000] {dag.py:3036} INFO - Sync 1 DAGs
[2025-09-20T22:00:07.721+0000] {logging_mixin.py:188} INFO - [2025-09-20T22:00:07.721+0000] {dag.py:3823} INFO - Setting next_dagrun for example_params_ui_tutorial to None, run_after=None
[2025-09-20T22:00:07.763+0000] {processor.py:183} INFO - Processing /home/airflow/.local/lib/python3.8/site-packages/airflow/example_dags/example_params_ui_tutorial.py took 0.237 seconds
[2025-09-20T22:00:37.883+0000] {processor.py:161} INFO - Started process (PID=1369) to work on /home/airflow/.local/lib/python3.8/site-packages/airflow/example_dags/example_params_ui_tutorial.py
[2025-09-20T22:00:37.885+0000] {processor.py:830} INFO - Processing file /home/airflow/.local/lib/python3.8/site-packages/airflow/example_dags/example_params_ui_tutorial.py for tasks to queue
[2025-09-20T22:00:37.888+0000] {logging_mixin.py:188} INFO - [2025-09-20T22:00:37.888+0000] {dagbag.py:538} INFO - Filling up the DagBag from /home/airflow/.local/lib/python3.8/site-packages/airflow/example_dags/example_params_ui_tutorial.py
[2025-09-20T22:00:37.912+0000] {processor.py:840} INFO - DAG(s) 'example_params_ui_tutorial' retrieved from /home/airflow/.local/lib/python3.8/site-packages/airflow/example_dags/example_params_ui_tutorial.py
[2025-09-20T22:00:38.039+0000] {logging_mixin.py:188} INFO - [2025-09-20T22:00:38.038+0000] {dag.py:3036} INFO - Sync 1 DAGs
[2025-09-20T22:00:38.066+0000] {logging_mixin.py:188} INFO - [2025-09-20T22:00:38.065+0000] {dag.py:3823} INFO - Setting next_dagrun for example_params_ui_tutorial to None, run_after=None
[2025-09-20T22:00:38.110+0000] {processor.py:183} INFO - Processing /home/airflow/.local/lib/python3.8/site-packages/airflow/example_dags/example_params_ui_tutorial.py took 0.233 seconds
[2025-09-20T22:01:08.628+0000] {processor.py:161} INFO - Started process (PID=1427) to work on /home/airflow/.local/lib/python3.8/site-packages/airflow/example_dags/example_params_ui_tutorial.py
[2025-09-20T22:01:08.630+0000] {processor.py:830} INFO - Processing file /home/airflow/.local/lib/python3.8/site-packages/airflow/example_dags/example_params_ui_tutorial.py for tasks to queue
[2025-09-20T22:01:08.634+0000] {logging_mixin.py:188} INFO - [2025-09-20T22:01:08.634+0000] {dagbag.py:538} INFO - Filling up the DagBag from /home/airflow/.local/lib/python3.8/site-packages/airflow/example_dags/example_params_ui_tutorial.py
[2025-09-20T22:01:08.670+0000] {processor.py:840} INFO - DAG(s) 'example_params_ui_tutorial' retrieved from /home/airflow/.local/lib/python3.8/site-packages/airflow/example_dags/example_params_ui_tutorial.py
[2025-09-20T22:01:08.889+0000] {logging_mixin.py:188} INFO - [2025-09-20T22:01:08.888+0000] {dag.py:3036} INFO - Sync 1 DAGs
[2025-09-20T22:01:08.921+0000] {logging_mixin.py:188} INFO - [2025-09-20T22:01:08.921+0000] {dag.py:3823} INFO - Setting next_dagrun for example_params_ui_tutorial to None, run_after=None
[2025-09-20T22:01:08.967+0000] {processor.py:183} INFO - Processing /home/airflow/.local/lib/python3.8/site-packages/airflow/example_dags/example_params_ui_tutorial.py took 0.347 seconds
[2025-09-20T22:01:39.520+0000] {processor.py:161} INFO - Started process (PID=1485) to work on /home/airflow/.local/lib/python3.8/site-packages/airflow/example_dags/example_params_ui_tutorial.py
[2025-09-20T22:01:39.522+0000] {processor.py:830} INFO - Processing file /home/airflow/.local/lib/python3.8/site-packages/airflow/example_dags/example_params_ui_tutorial.py for tasks to queue
[2025-09-20T22:01:39.526+0000] {logging_mixin.py:188} INFO - [2025-09-20T22:01:39.525+0000] {dagbag.py:538} INFO - Filling up the DagBag from /home/airflow/.local/lib/python3.8/site-packages/airflow/example_dags/example_params_ui_tutorial.py
[2025-09-20T22:01:39.551+0000] {processor.py:840} INFO - DAG(s) 'example_params_ui_tutorial' retrieved from /home/airflow/.local/lib/python3.8/site-packages/airflow/example_dags/example_params_ui_tutorial.py
[2025-09-20T22:01:39.679+0000] {logging_mixin.py:188} INFO - [2025-09-20T22:01:39.679+0000] {dag.py:3036} INFO - Sync 1 DAGs
[2025-09-20T22:01:39.703+0000] {logging_mixin.py:188} INFO - [2025-09-20T22:01:39.703+0000] {dag.py:3823} INFO - Setting next_dagrun for example_params_ui_tutorial to None, run_after=None
[2025-09-20T22:01:39.746+0000] {processor.py:183} INFO - Processing /home/airflow/.local/lib/python3.8/site-packages/airflow/example_dags/example_params_ui_tutorial.py took 0.235 seconds
[2025-09-20T22:02:10.107+0000] {processor.py:161} INFO - Started process (PID=1543) to work on /home/airflow/.local/lib/python3.8/site-packages/airflow/example_dags/example_params_ui_tutorial.py
[2025-09-20T22:02:10.109+0000] {processor.py:830} INFO - Processing file /home/airflow/.local/lib/python3.8/site-packages/airflow/example_dags/example_params_ui_tutorial.py for tasks to queue
[2025-09-20T22:02:10.112+0000] {logging_mixin.py:188} INFO - [2025-09-20T22:02:10.112+0000] {dagbag.py:538} INFO - Filling up the DagBag from /home/airflow/.local/lib/python3.8/site-packages/airflow/example_dags/example_params_ui_tutorial.py
[2025-09-20T22:02:10.134+0000] {processor.py:840} INFO - DAG(s) 'example_params_ui_tutorial' retrieved from /home/airflow/.local/lib/python3.8/site-packages/airflow/example_dags/example_params_ui_tutorial.py
[2025-09-20T22:02:10.254+0000] {logging_mixin.py:188} INFO - [2025-09-20T22:02:10.254+0000] {dag.py:3036} INFO - Sync 1 DAGs
[2025-09-20T22:02:10.280+0000] {logging_mixin.py:188} INFO - [2025-09-20T22:02:10.280+0000] {dag.py:3823} INFO - Setting next_dagrun for example_params_ui_tutorial to None, run_after=None
[2025-09-20T22:02:10.321+0000] {processor.py:183} INFO - Processing /home/airflow/.local/lib/python3.8/site-packages/airflow/example_dags/example_params_ui_tutorial.py took 0.220 seconds
[2025-09-20T22:02:40.686+0000] {processor.py:161} INFO - Started process (PID=1601) to work on /home/airflow/.local/lib/python3.8/site-packages/airflow/example_dags/example_params_ui_tutorial.py
[2025-09-20T22:02:40.688+0000] {processor.py:830} INFO - Processing file /home/airflow/.local/lib/python3.8/site-packages/airflow/example_dags/example_params_ui_tutorial.py for tasks to queue
[2025-09-20T22:02:40.692+0000] {logging_mixin.py:188} INFO - [2025-09-20T22:02:40.692+0000] {dagbag.py:538} INFO - Filling up the DagBag from /home/airflow/.local/lib/python3.8/site-packages/airflow/example_dags/example_params_ui_tutorial.py
[2025-09-20T22:02:40.714+0000] {processor.py:840} INFO - DAG(s) 'example_params_ui_tutorial' retrieved from /home/airflow/.local/lib/python3.8/site-packages/airflow/example_dags/example_params_ui_tutorial.py
[2025-09-20T22:02:40.839+0000] {logging_mixin.py:188} INFO - [2025-09-20T22:02:40.839+0000] {dag.py:3036} INFO - Sync 1 DAGs
[2025-09-20T22:02:40.864+0000] {logging_mixin.py:188} INFO - [2025-09-20T22:02:40.864+0000] {dag.py:3823} INFO - Setting next_dagrun for example_params_ui_tutorial to None, run_after=None
[2025-09-20T22:02:40.907+0000] {processor.py:183} INFO - Processing /home/airflow/.local/lib/python3.8/site-packages/airflow/example_dags/example_params_ui_tutorial.py took 0.227 seconds
[2025-09-20T22:03:11.246+0000] {processor.py:161} INFO - Started process (PID=1659) to work on /home/airflow/.local/lib/python3.8/site-packages/airflow/example_dags/example_params_ui_tutorial.py
[2025-09-20T22:03:11.249+0000] {processor.py:830} INFO - Processing file /home/airflow/.local/lib/python3.8/site-packages/airflow/example_dags/example_params_ui_tutorial.py for tasks to queue
[2025-09-20T22:03:11.255+0000] {logging_mixin.py:188} INFO - [2025-09-20T22:03:11.254+0000] {dagbag.py:538} INFO - Filling up the DagBag from /home/airflow/.local/lib/python3.8/site-packages/airflow/example_dags/example_params_ui_tutorial.py
[2025-09-20T22:03:11.283+0000] {processor.py:840} INFO - DAG(s) 'example_params_ui_tutorial' retrieved from /home/airflow/.local/lib/python3.8/site-packages/airflow/example_dags/example_params_ui_tutorial.py
[2025-09-20T22:03:11.440+0000] {logging_mixin.py:188} INFO - [2025-09-20T22:03:11.440+0000] {dag.py:3036} INFO - Sync 1 DAGs
[2025-09-20T22:03:11.466+0000] {logging_mixin.py:188} INFO - [2025-09-20T22:03:11.466+0000] {dag.py:3823} INFO - Setting next_dagrun for example_params_ui_tutorial to None, run_after=None
[2025-09-20T22:03:11.505+0000] {processor.py:183} INFO - Processing /home/airflow/.local/lib/python3.8/site-packages/airflow/example_dags/example_params_ui_tutorial.py took 0.284 seconds
[2025-09-20T22:03:41.648+0000] {processor.py:161} INFO - Started process (PID=1718) to work on /home/airflow/.local/lib/python3.8/site-packages/airflow/example_dags/example_params_ui_tutorial.py
[2025-09-20T22:03:41.650+0000] {processor.py:830} INFO - Processing file /home/airflow/.local/lib/python3.8/site-packages/airflow/example_dags/example_params_ui_tutorial.py for tasks to queue
[2025-09-20T22:03:41.653+0000] {logging_mixin.py:188} INFO - [2025-09-20T22:03:41.653+0000] {dagbag.py:538} INFO - Filling up the DagBag from /home/airflow/.local/lib/python3.8/site-packages/airflow/example_dags/example_params_ui_tutorial.py
[2025-09-20T22:03:41.682+0000] {processor.py:840} INFO - DAG(s) 'example_params_ui_tutorial' retrieved from /home/airflow/.local/lib/python3.8/site-packages/airflow/example_dags/example_params_ui_tutorial.py
[2025-09-20T22:03:41.826+0000] {logging_mixin.py:188} INFO - [2025-09-20T22:03:41.825+0000] {dag.py:3036} INFO - Sync 1 DAGs
[2025-09-20T22:03:41.853+0000] {logging_mixin.py:188} INFO - [2025-09-20T22:03:41.853+0000] {dag.py:3823} INFO - Setting next_dagrun for example_params_ui_tutorial to None, run_after=None
[2025-09-20T22:03:41.889+0000] {processor.py:183} INFO - Processing /home/airflow/.local/lib/python3.8/site-packages/airflow/example_dags/example_params_ui_tutorial.py took 0.247 seconds
[2025-09-20T22:04:12.126+0000] {processor.py:161} INFO - Started process (PID=1777) to work on /home/airflow/.local/lib/python3.8/site-packages/airflow/example_dags/example_params_ui_tutorial.py
[2025-09-20T22:04:12.128+0000] {processor.py:830} INFO - Processing file /home/airflow/.local/lib/python3.8/site-packages/airflow/example_dags/example_params_ui_tutorial.py for tasks to queue
[2025-09-20T22:04:12.131+0000] {logging_mixin.py:188} INFO - [2025-09-20T22:04:12.130+0000] {dagbag.py:538} INFO - Filling up the DagBag from /home/airflow/.local/lib/python3.8/site-packages/airflow/example_dags/example_params_ui_tutorial.py
[2025-09-20T22:04:12.153+0000] {processor.py:840} INFO - DAG(s) 'example_params_ui_tutorial' retrieved from /home/airflow/.local/lib/python3.8/site-packages/airflow/example_dags/example_params_ui_tutorial.py
[2025-09-20T22:04:12.269+0000] {logging_mixin.py:188} INFO - [2025-09-20T22:04:12.268+0000] {dag.py:3036} INFO - Sync 1 DAGs
[2025-09-20T22:04:12.291+0000] {logging_mixin.py:188} INFO - [2025-09-20T22:04:12.290+0000] {dag.py:3823} INFO - Setting next_dagrun for example_params_ui_tutorial to None, run_after=None
[2025-09-20T22:04:12.324+0000] {processor.py:183} INFO - Processing /home/airflow/.local/lib/python3.8/site-packages/airflow/example_dags/example_params_ui_tutorial.py took 0.205 seconds
[2025-09-20T22:04:42.410+0000] {processor.py:161} INFO - Started process (PID=1835) to work on /home/airflow/.local/lib/python3.8/site-packages/airflow/example_dags/example_params_ui_tutorial.py
[2025-09-20T22:04:42.412+0000] {processor.py:830} INFO - Processing file /home/airflow/.local/lib/python3.8/site-packages/airflow/example_dags/example_params_ui_tutorial.py for tasks to queue
[2025-09-20T22:04:42.415+0000] {logging_mixin.py:188} INFO - [2025-09-20T22:04:42.415+0000] {dagbag.py:538} INFO - Filling up the DagBag from /home/airflow/.local/lib/python3.8/site-packages/airflow/example_dags/example_params_ui_tutorial.py
[2025-09-20T22:04:42.438+0000] {processor.py:840} INFO - DAG(s) 'example_params_ui_tutorial' retrieved from /home/airflow/.local/lib/python3.8/site-packages/airflow/example_dags/example_params_ui_tutorial.py
[2025-09-20T22:04:42.574+0000] {logging_mixin.py:188} INFO - [2025-09-20T22:04:42.574+0000] {dag.py:3036} INFO - Sync 1 DAGs
[2025-09-20T22:04:42.598+0000] {logging_mixin.py:188} INFO - [2025-09-20T22:04:42.597+0000] {dag.py:3823} INFO - Setting next_dagrun for example_params_ui_tutorial to None, run_after=None
[2025-09-20T22:04:42.636+0000] {processor.py:183} INFO - Processing /home/airflow/.local/lib/python3.8/site-packages/airflow/example_dags/example_params_ui_tutorial.py took 0.232 seconds
[2025-09-20T22:05:12.713+0000] {processor.py:161} INFO - Started process (PID=1895) to work on /home/airflow/.local/lib/python3.8/site-packages/airflow/example_dags/example_params_ui_tutorial.py
[2025-09-20T22:05:12.715+0000] {processor.py:830} INFO - Processing file /home/airflow/.local/lib/python3.8/site-packages/airflow/example_dags/example_params_ui_tutorial.py for tasks to queue
[2025-09-20T22:05:12.719+0000] {logging_mixin.py:188} INFO - [2025-09-20T22:05:12.718+0000] {dagbag.py:538} INFO - Filling up the DagBag from /home/airflow/.local/lib/python3.8/site-packages/airflow/example_dags/example_params_ui_tutorial.py
[2025-09-20T22:05:12.744+0000] {processor.py:840} INFO - DAG(s) 'example_params_ui_tutorial' retrieved from /home/airflow/.local/lib/python3.8/site-packages/airflow/example_dags/example_params_ui_tutorial.py
[2025-09-20T22:05:12.918+0000] {logging_mixin.py:188} INFO - [2025-09-20T22:05:12.917+0000] {dag.py:3036} INFO - Sync 1 DAGs
[2025-09-20T22:05:12.950+0000] {logging_mixin.py:188} INFO - [2025-09-20T22:05:12.949+0000] {dag.py:3823} INFO - Setting next_dagrun for example_params_ui_tutorial to None, run_after=None
[2025-09-20T22:05:12.993+0000] {processor.py:183} INFO - Processing /home/airflow/.local/lib/python3.8/site-packages/airflow/example_dags/example_params_ui_tutorial.py took 0.288 seconds
[2025-09-20T22:05:43.261+0000] {processor.py:161} INFO - Started process (PID=1953) to work on /home/airflow/.local/lib/python3.8/site-packages/airflow/example_dags/example_params_ui_tutorial.py
[2025-09-20T22:05:43.263+0000] {processor.py:830} INFO - Processing file /home/airflow/.local/lib/python3.8/site-packages/airflow/example_dags/example_params_ui_tutorial.py for tasks to queue
[2025-09-20T22:05:43.268+0000] {logging_mixin.py:188} INFO - [2025-09-20T22:05:43.267+0000] {dagbag.py:538} INFO - Filling up the DagBag from /home/airflow/.local/lib/python3.8/site-packages/airflow/example_dags/example_params_ui_tutorial.py
[2025-09-20T22:05:43.295+0000] {processor.py:840} INFO - DAG(s) 'example_params_ui_tutorial' retrieved from /home/airflow/.local/lib/python3.8/site-packages/airflow/example_dags/example_params_ui_tutorial.py
[2025-09-20T22:05:43.433+0000] {logging_mixin.py:188} INFO - [2025-09-20T22:05:43.433+0000] {dag.py:3036} INFO - Sync 1 DAGs
[2025-09-20T22:05:43.455+0000] {logging_mixin.py:188} INFO - [2025-09-20T22:05:43.455+0000] {dag.py:3823} INFO - Setting next_dagrun for example_params_ui_tutorial to None, run_after=None
[2025-09-20T22:05:43.488+0000] {processor.py:183} INFO - Processing /home/airflow/.local/lib/python3.8/site-packages/airflow/example_dags/example_params_ui_tutorial.py took 0.234 seconds
[2025-09-20T22:06:13.629+0000] {processor.py:161} INFO - Started process (PID=2008) to work on /home/airflow/.local/lib/python3.8/site-packages/airflow/example_dags/example_params_ui_tutorial.py
[2025-09-20T22:06:13.631+0000] {processor.py:830} INFO - Processing file /home/airflow/.local/lib/python3.8/site-packages/airflow/example_dags/example_params_ui_tutorial.py for tasks to queue
[2025-09-20T22:06:13.634+0000] {logging_mixin.py:188} INFO - [2025-09-20T22:06:13.633+0000] {dagbag.py:538} INFO - Filling up the DagBag from /home/airflow/.local/lib/python3.8/site-packages/airflow/example_dags/example_params_ui_tutorial.py
[2025-09-20T22:06:13.655+0000] {processor.py:840} INFO - DAG(s) 'example_params_ui_tutorial' retrieved from /home/airflow/.local/lib/python3.8/site-packages/airflow/example_dags/example_params_ui_tutorial.py
[2025-09-20T22:06:13.776+0000] {logging_mixin.py:188} INFO - [2025-09-20T22:06:13.776+0000] {dag.py:3036} INFO - Sync 1 DAGs
[2025-09-20T22:06:13.798+0000] {logging_mixin.py:188} INFO - [2025-09-20T22:06:13.798+0000] {dag.py:3823} INFO - Setting next_dagrun for example_params_ui_tutorial to None, run_after=None
[2025-09-20T22:06:13.836+0000] {processor.py:183} INFO - Processing /home/airflow/.local/lib/python3.8/site-packages/airflow/example_dags/example_params_ui_tutorial.py took 0.213 seconds
[2025-09-20T22:06:44.159+0000] {processor.py:161} INFO - Started process (PID=2065) to work on /home/airflow/.local/lib/python3.8/site-packages/airflow/example_dags/example_params_ui_tutorial.py
[2025-09-20T22:06:44.162+0000] {processor.py:830} INFO - Processing file /home/airflow/.local/lib/python3.8/site-packages/airflow/example_dags/example_params_ui_tutorial.py for tasks to queue
[2025-09-20T22:06:44.169+0000] {logging_mixin.py:188} INFO - [2025-09-20T22:06:44.168+0000] {dagbag.py:538} INFO - Filling up the DagBag from /home/airflow/.local/lib/python3.8/site-packages/airflow/example_dags/example_params_ui_tutorial.py
[2025-09-20T22:06:44.195+0000] {processor.py:840} INFO - DAG(s) 'example_params_ui_tutorial' retrieved from /home/airflow/.local/lib/python3.8/site-packages/airflow/example_dags/example_params_ui_tutorial.py
[2025-09-20T22:06:44.317+0000] {logging_mixin.py:188} INFO - [2025-09-20T22:06:44.316+0000] {dag.py:3036} INFO - Sync 1 DAGs
[2025-09-20T22:06:44.343+0000] {logging_mixin.py:188} INFO - [2025-09-20T22:06:44.343+0000] {dag.py:3823} INFO - Setting next_dagrun for example_params_ui_tutorial to None, run_after=None
[2025-09-20T22:06:44.378+0000] {processor.py:183} INFO - Processing /home/airflow/.local/lib/python3.8/site-packages/airflow/example_dags/example_params_ui_tutorial.py took 0.226 seconds
[2025-09-20T22:07:14.719+0000] {processor.py:161} INFO - Started process (PID=2123) to work on /home/airflow/.local/lib/python3.8/site-packages/airflow/example_dags/example_params_ui_tutorial.py
[2025-09-20T22:07:14.721+0000] {processor.py:830} INFO - Processing file /home/airflow/.local/lib/python3.8/site-packages/airflow/example_dags/example_params_ui_tutorial.py for tasks to queue
[2025-09-20T22:07:14.724+0000] {logging_mixin.py:188} INFO - [2025-09-20T22:07:14.724+0000] {dagbag.py:538} INFO - Filling up the DagBag from /home/airflow/.local/lib/python3.8/site-packages/airflow/example_dags/example_params_ui_tutorial.py
[2025-09-20T22:07:14.746+0000] {processor.py:840} INFO - DAG(s) 'example_params_ui_tutorial' retrieved from /home/airflow/.local/lib/python3.8/site-packages/airflow/example_dags/example_params_ui_tutorial.py
[2025-09-20T22:07:14.861+0000] {logging_mixin.py:188} INFO - [2025-09-20T22:07:14.861+0000] {dag.py:3036} INFO - Sync 1 DAGs
[2025-09-20T22:07:14.885+0000] {logging_mixin.py:188} INFO - [2025-09-20T22:07:14.885+0000] {dag.py:3823} INFO - Setting next_dagrun for example_params_ui_tutorial to None, run_after=None
[2025-09-20T22:07:14.925+0000] {processor.py:183} INFO - Processing /home/airflow/.local/lib/python3.8/site-packages/airflow/example_dags/example_params_ui_tutorial.py took 0.212 seconds
[2025-09-20T22:07:45.403+0000] {processor.py:161} INFO - Started process (PID=2181) to work on /home/airflow/.local/lib/python3.8/site-packages/airflow/example_dags/example_params_ui_tutorial.py
[2025-09-20T22:07:45.406+0000] {processor.py:830} INFO - Processing file /home/airflow/.local/lib/python3.8/site-packages/airflow/example_dags/example_params_ui_tutorial.py for tasks to queue
[2025-09-20T22:07:45.410+0000] {logging_mixin.py:188} INFO - [2025-09-20T22:07:45.409+0000] {dagbag.py:538} INFO - Filling up the DagBag from /home/airflow/.local/lib/python3.8/site-packages/airflow/example_dags/example_params_ui_tutorial.py
[2025-09-20T22:07:45.432+0000] {processor.py:840} INFO - DAG(s) 'example_params_ui_tutorial' retrieved from /home/airflow/.local/lib/python3.8/site-packages/airflow/example_dags/example_params_ui_tutorial.py
[2025-09-20T22:07:45.566+0000] {logging_mixin.py:188} INFO - [2025-09-20T22:07:45.566+0000] {dag.py:3036} INFO - Sync 1 DAGs
[2025-09-20T22:07:45.597+0000] {logging_mixin.py:188} INFO - [2025-09-20T22:07:45.596+0000] {dag.py:3823} INFO - Setting next_dagrun for example_params_ui_tutorial to None, run_after=None
[2025-09-20T22:07:45.636+0000] {processor.py:183} INFO - Processing /home/airflow/.local/lib/python3.8/site-packages/airflow/example_dags/example_params_ui_tutorial.py took 0.241 seconds
[2025-09-20T22:08:16.059+0000] {processor.py:161} INFO - Started process (PID=2239) to work on /home/airflow/.local/lib/python3.8/site-packages/airflow/example_dags/example_params_ui_tutorial.py
[2025-09-20T22:08:16.061+0000] {processor.py:830} INFO - Processing file /home/airflow/.local/lib/python3.8/site-packages/airflow/example_dags/example_params_ui_tutorial.py for tasks to queue
[2025-09-20T22:08:16.065+0000] {logging_mixin.py:188} INFO - [2025-09-20T22:08:16.065+0000] {dagbag.py:538} INFO - Filling up the DagBag from /home/airflow/.local/lib/python3.8/site-packages/airflow/example_dags/example_params_ui_tutorial.py
[2025-09-20T22:08:16.098+0000] {processor.py:840} INFO - DAG(s) 'example_params_ui_tutorial' retrieved from /home/airflow/.local/lib/python3.8/site-packages/airflow/example_dags/example_params_ui_tutorial.py
[2025-09-20T22:08:16.255+0000] {logging_mixin.py:188} INFO - [2025-09-20T22:08:16.254+0000] {dag.py:3036} INFO - Sync 1 DAGs
[2025-09-20T22:08:16.292+0000] {logging_mixin.py:188} INFO - [2025-09-20T22:08:16.291+0000] {dag.py:3823} INFO - Setting next_dagrun for example_params_ui_tutorial to None, run_after=None
[2025-09-20T22:08:16.332+0000] {processor.py:183} INFO - Processing /home/airflow/.local/lib/python3.8/site-packages/airflow/example_dags/example_params_ui_tutorial.py took 0.281 seconds
[2025-09-20T22:08:46.799+0000] {processor.py:161} INFO - Started process (PID=2297) to work on /home/airflow/.local/lib/python3.8/site-packages/airflow/example_dags/example_params_ui_tutorial.py
[2025-09-20T22:08:46.801+0000] {processor.py:830} INFO - Processing file /home/airflow/.local/lib/python3.8/site-packages/airflow/example_dags/example_params_ui_tutorial.py for tasks to queue
[2025-09-20T22:08:46.804+0000] {logging_mixin.py:188} INFO - [2025-09-20T22:08:46.804+0000] {dagbag.py:538} INFO - Filling up the DagBag from /home/airflow/.local/lib/python3.8/site-packages/airflow/example_dags/example_params_ui_tutorial.py
[2025-09-20T22:08:46.825+0000] {processor.py:840} INFO - DAG(s) 'example_params_ui_tutorial' retrieved from /home/airflow/.local/lib/python3.8/site-packages/airflow/example_dags/example_params_ui_tutorial.py
[2025-09-20T22:08:46.945+0000] {logging_mixin.py:188} INFO - [2025-09-20T22:08:46.945+0000] {dag.py:3036} INFO - Sync 1 DAGs
[2025-09-20T22:08:46.968+0000] {logging_mixin.py:188} INFO - [2025-09-20T22:08:46.967+0000] {dag.py:3823} INFO - Setting next_dagrun for example_params_ui_tutorial to None, run_after=None
[2025-09-20T22:08:47.005+0000] {processor.py:183} INFO - Processing /home/airflow/.local/lib/python3.8/site-packages/airflow/example_dags/example_params_ui_tutorial.py took 0.212 seconds
[2025-09-20T22:09:17.683+0000] {processor.py:161} INFO - Started process (PID=2355) to work on /home/airflow/.local/lib/python3.8/site-packages/airflow/example_dags/example_params_ui_tutorial.py
[2025-09-20T22:09:17.685+0000] {processor.py:830} INFO - Processing file /home/airflow/.local/lib/python3.8/site-packages/airflow/example_dags/example_params_ui_tutorial.py for tasks to queue
[2025-09-20T22:09:17.689+0000] {logging_mixin.py:188} INFO - [2025-09-20T22:09:17.688+0000] {dagbag.py:538} INFO - Filling up the DagBag from /home/airflow/.local/lib/python3.8/site-packages/airflow/example_dags/example_params_ui_tutorial.py
[2025-09-20T22:09:17.713+0000] {processor.py:840} INFO - DAG(s) 'example_params_ui_tutorial' retrieved from /home/airflow/.local/lib/python3.8/site-packages/airflow/example_dags/example_params_ui_tutorial.py
[2025-09-20T22:09:17.852+0000] {logging_mixin.py:188} INFO - [2025-09-20T22:09:17.852+0000] {dag.py:3036} INFO - Sync 1 DAGs
[2025-09-20T22:09:17.878+0000] {logging_mixin.py:188} INFO - [2025-09-20T22:09:17.877+0000] {dag.py:3823} INFO - Setting next_dagrun for example_params_ui_tutorial to None, run_after=None
[2025-09-20T22:09:17.929+0000] {processor.py:183} INFO - Processing /home/airflow/.local/lib/python3.8/site-packages/airflow/example_dags/example_params_ui_tutorial.py took 0.253 seconds
[2025-09-20T22:09:48.089+0000] {processor.py:161} INFO - Started process (PID=2413) to work on /home/airflow/.local/lib/python3.8/site-packages/airflow/example_dags/example_params_ui_tutorial.py
[2025-09-20T22:09:48.091+0000] {processor.py:830} INFO - Processing file /home/airflow/.local/lib/python3.8/site-packages/airflow/example_dags/example_params_ui_tutorial.py for tasks to queue
[2025-09-20T22:09:48.096+0000] {logging_mixin.py:188} INFO - [2025-09-20T22:09:48.095+0000] {dagbag.py:538} INFO - Filling up the DagBag from /home/airflow/.local/lib/python3.8/site-packages/airflow/example_dags/example_params_ui_tutorial.py
[2025-09-20T22:09:48.123+0000] {processor.py:840} INFO - DAG(s) 'example_params_ui_tutorial' retrieved from /home/airflow/.local/lib/python3.8/site-packages/airflow/example_dags/example_params_ui_tutorial.py
[2025-09-20T22:09:48.262+0000] {logging_mixin.py:188} INFO - [2025-09-20T22:09:48.261+0000] {dag.py:3036} INFO - Sync 1 DAGs
[2025-09-20T22:09:48.285+0000] {logging_mixin.py:188} INFO - [2025-09-20T22:09:48.284+0000] {dag.py:3823} INFO - Setting next_dagrun for example_params_ui_tutorial to None, run_after=None
[2025-09-20T22:09:48.319+0000] {processor.py:183} INFO - Processing /home/airflow/.local/lib/python3.8/site-packages/airflow/example_dags/example_params_ui_tutorial.py took 0.238 seconds
[2025-09-20T22:10:18.842+0000] {processor.py:161} INFO - Started process (PID=2471) to work on /home/airflow/.local/lib/python3.8/site-packages/airflow/example_dags/example_params_ui_tutorial.py
[2025-09-20T22:10:18.844+0000] {processor.py:830} INFO - Processing file /home/airflow/.local/lib/python3.8/site-packages/airflow/example_dags/example_params_ui_tutorial.py for tasks to queue
[2025-09-20T22:10:18.848+0000] {logging_mixin.py:188} INFO - [2025-09-20T22:10:18.847+0000] {dagbag.py:538} INFO - Filling up the DagBag from /home/airflow/.local/lib/python3.8/site-packages/airflow/example_dags/example_params_ui_tutorial.py
[2025-09-20T22:10:18.872+0000] {processor.py:840} INFO - DAG(s) 'example_params_ui_tutorial' retrieved from /home/airflow/.local/lib/python3.8/site-packages/airflow/example_dags/example_params_ui_tutorial.py
[2025-09-20T22:10:18.992+0000] {logging_mixin.py:188} INFO - [2025-09-20T22:10:18.991+0000] {dag.py:3036} INFO - Sync 1 DAGs
[2025-09-20T22:10:19.018+0000] {logging_mixin.py:188} INFO - [2025-09-20T22:10:19.018+0000] {dag.py:3823} INFO - Setting next_dagrun for example_params_ui_tutorial to None, run_after=None
[2025-09-20T22:10:19.069+0000] {processor.py:183} INFO - Processing /home/airflow/.local/lib/python3.8/site-packages/airflow/example_dags/example_params_ui_tutorial.py took 0.233 seconds
[2025-09-20T22:10:49.641+0000] {processor.py:161} INFO - Started process (PID=2529) to work on /home/airflow/.local/lib/python3.8/site-packages/airflow/example_dags/example_params_ui_tutorial.py
[2025-09-20T22:10:49.643+0000] {processor.py:830} INFO - Processing file /home/airflow/.local/lib/python3.8/site-packages/airflow/example_dags/example_params_ui_tutorial.py for tasks to queue
[2025-09-20T22:10:49.647+0000] {logging_mixin.py:188} INFO - [2025-09-20T22:10:49.646+0000] {dagbag.py:538} INFO - Filling up the DagBag from /home/airflow/.local/lib/python3.8/site-packages/airflow/example_dags/example_params_ui_tutorial.py
[2025-09-20T22:10:49.672+0000] {processor.py:840} INFO - DAG(s) 'example_params_ui_tutorial' retrieved from /home/airflow/.local/lib/python3.8/site-packages/airflow/example_dags/example_params_ui_tutorial.py
[2025-09-20T22:10:49.821+0000] {logging_mixin.py:188} INFO - [2025-09-20T22:10:49.820+0000] {dag.py:3036} INFO - Sync 1 DAGs
[2025-09-20T22:10:49.847+0000] {logging_mixin.py:188} INFO - [2025-09-20T22:10:49.847+0000] {dag.py:3823} INFO - Setting next_dagrun for example_params_ui_tutorial to None, run_after=None
[2025-09-20T22:10:49.892+0000] {processor.py:183} INFO - Processing /home/airflow/.local/lib/python3.8/site-packages/airflow/example_dags/example_params_ui_tutorial.py took 0.259 seconds
[2025-09-20T22:11:20.801+0000] {processor.py:161} INFO - Started process (PID=2594) to work on /home/airflow/.local/lib/python3.8/site-packages/airflow/example_dags/example_params_ui_tutorial.py
[2025-09-20T22:11:20.805+0000] {processor.py:830} INFO - Processing file /home/airflow/.local/lib/python3.8/site-packages/airflow/example_dags/example_params_ui_tutorial.py for tasks to queue
[2025-09-20T22:11:20.812+0000] {logging_mixin.py:188} INFO - [2025-09-20T22:11:20.812+0000] {dagbag.py:538} INFO - Filling up the DagBag from /home/airflow/.local/lib/python3.8/site-packages/airflow/example_dags/example_params_ui_tutorial.py
[2025-09-20T22:11:20.848+0000] {processor.py:840} INFO - DAG(s) 'example_params_ui_tutorial' retrieved from /home/airflow/.local/lib/python3.8/site-packages/airflow/example_dags/example_params_ui_tutorial.py
[2025-09-20T22:11:21.005+0000] {logging_mixin.py:188} INFO - [2025-09-20T22:11:21.005+0000] {dag.py:3036} INFO - Sync 1 DAGs
[2025-09-20T22:11:21.029+0000] {logging_mixin.py:188} INFO - [2025-09-20T22:11:21.028+0000] {dag.py:3823} INFO - Setting next_dagrun for example_params_ui_tutorial to None, run_after=None
[2025-09-20T22:11:21.066+0000] {processor.py:183} INFO - Processing /home/airflow/.local/lib/python3.8/site-packages/airflow/example_dags/example_params_ui_tutorial.py took 0.273 seconds
[2025-09-20T22:11:51.682+0000] {processor.py:161} INFO - Started process (PID=2652) to work on /home/airflow/.local/lib/python3.8/site-packages/airflow/example_dags/example_params_ui_tutorial.py
[2025-09-20T22:11:51.684+0000] {processor.py:830} INFO - Processing file /home/airflow/.local/lib/python3.8/site-packages/airflow/example_dags/example_params_ui_tutorial.py for tasks to queue
[2025-09-20T22:11:51.688+0000] {logging_mixin.py:188} INFO - [2025-09-20T22:11:51.687+0000] {dagbag.py:538} INFO - Filling up the DagBag from /home/airflow/.local/lib/python3.8/site-packages/airflow/example_dags/example_params_ui_tutorial.py
[2025-09-20T22:11:51.709+0000] {processor.py:840} INFO - DAG(s) 'example_params_ui_tutorial' retrieved from /home/airflow/.local/lib/python3.8/site-packages/airflow/example_dags/example_params_ui_tutorial.py
[2025-09-20T22:11:51.829+0000] {logging_mixin.py:188} INFO - [2025-09-20T22:11:51.829+0000] {dag.py:3036} INFO - Sync 1 DAGs
[2025-09-20T22:11:51.854+0000] {logging_mixin.py:188} INFO - [2025-09-20T22:11:51.853+0000] {dag.py:3823} INFO - Setting next_dagrun for example_params_ui_tutorial to None, run_after=None
[2025-09-20T22:11:51.892+0000] {processor.py:183} INFO - Processing /home/airflow/.local/lib/python3.8/site-packages/airflow/example_dags/example_params_ui_tutorial.py took 0.216 seconds
[2025-09-20T22:12:22.500+0000] {processor.py:161} INFO - Started process (PID=2710) to work on /home/airflow/.local/lib/python3.8/site-packages/airflow/example_dags/example_params_ui_tutorial.py
[2025-09-20T22:12:22.502+0000] {processor.py:830} INFO - Processing file /home/airflow/.local/lib/python3.8/site-packages/airflow/example_dags/example_params_ui_tutorial.py for tasks to queue
[2025-09-20T22:12:22.505+0000] {logging_mixin.py:188} INFO - [2025-09-20T22:12:22.505+0000] {dagbag.py:538} INFO - Filling up the DagBag from /home/airflow/.local/lib/python3.8/site-packages/airflow/example_dags/example_params_ui_tutorial.py
[2025-09-20T22:12:22.531+0000] {processor.py:840} INFO - DAG(s) 'example_params_ui_tutorial' retrieved from /home/airflow/.local/lib/python3.8/site-packages/airflow/example_dags/example_params_ui_tutorial.py
[2025-09-20T22:12:22.661+0000] {logging_mixin.py:188} INFO - [2025-09-20T22:12:22.660+0000] {dag.py:3036} INFO - Sync 1 DAGs
[2025-09-20T22:12:22.687+0000] {logging_mixin.py:188} INFO - [2025-09-20T22:12:22.687+0000] {dag.py:3823} INFO - Setting next_dagrun for example_params_ui_tutorial to None, run_after=None
[2025-09-20T22:12:22.732+0000] {processor.py:183} INFO - Processing /home/airflow/.local/lib/python3.8/site-packages/airflow/example_dags/example_params_ui_tutorial.py took 0.239 seconds
[2025-09-20T22:12:53.315+0000] {processor.py:161} INFO - Started process (PID=2768) to work on /home/airflow/.local/lib/python3.8/site-packages/airflow/example_dags/example_params_ui_tutorial.py
[2025-09-20T22:12:53.317+0000] {processor.py:830} INFO - Processing file /home/airflow/.local/lib/python3.8/site-packages/airflow/example_dags/example_params_ui_tutorial.py for tasks to queue
[2025-09-20T22:12:53.322+0000] {logging_mixin.py:188} INFO - [2025-09-20T22:12:53.321+0000] {dagbag.py:538} INFO - Filling up the DagBag from /home/airflow/.local/lib/python3.8/site-packages/airflow/example_dags/example_params_ui_tutorial.py
[2025-09-20T22:12:53.346+0000] {processor.py:840} INFO - DAG(s) 'example_params_ui_tutorial' retrieved from /home/airflow/.local/lib/python3.8/site-packages/airflow/example_dags/example_params_ui_tutorial.py
[2025-09-20T22:12:53.472+0000] {logging_mixin.py:188} INFO - [2025-09-20T22:12:53.472+0000] {dag.py:3036} INFO - Sync 1 DAGs
[2025-09-20T22:12:53.498+0000] {logging_mixin.py:188} INFO - [2025-09-20T22:12:53.498+0000] {dag.py:3823} INFO - Setting next_dagrun for example_params_ui_tutorial to None, run_after=None
[2025-09-20T22:12:53.537+0000] {processor.py:183} INFO - Processing /home/airflow/.local/lib/python3.8/site-packages/airflow/example_dags/example_params_ui_tutorial.py took 0.230 seconds
[2025-09-20T22:13:23.621+0000] {processor.py:161} INFO - Started process (PID=2826) to work on /home/airflow/.local/lib/python3.8/site-packages/airflow/example_dags/example_params_ui_tutorial.py
[2025-09-20T22:13:23.623+0000] {processor.py:830} INFO - Processing file /home/airflow/.local/lib/python3.8/site-packages/airflow/example_dags/example_params_ui_tutorial.py for tasks to queue
[2025-09-20T22:13:23.626+0000] {logging_mixin.py:188} INFO - [2025-09-20T22:13:23.626+0000] {dagbag.py:538} INFO - Filling up the DagBag from /home/airflow/.local/lib/python3.8/site-packages/airflow/example_dags/example_params_ui_tutorial.py
[2025-09-20T22:13:23.649+0000] {processor.py:840} INFO - DAG(s) 'example_params_ui_tutorial' retrieved from /home/airflow/.local/lib/python3.8/site-packages/airflow/example_dags/example_params_ui_tutorial.py
[2025-09-20T22:13:23.766+0000] {logging_mixin.py:188} INFO - [2025-09-20T22:13:23.765+0000] {dag.py:3036} INFO - Sync 1 DAGs
[2025-09-20T22:13:23.792+0000] {logging_mixin.py:188} INFO - [2025-09-20T22:13:23.791+0000] {dag.py:3823} INFO - Setting next_dagrun for example_params_ui_tutorial to None, run_after=None
[2025-09-20T22:13:23.831+0000] {processor.py:183} INFO - Processing /home/airflow/.local/lib/python3.8/site-packages/airflow/example_dags/example_params_ui_tutorial.py took 0.216 seconds
[2025-09-20T22:13:54.323+0000] {processor.py:161} INFO - Started process (PID=2884) to work on /home/airflow/.local/lib/python3.8/site-packages/airflow/example_dags/example_params_ui_tutorial.py
[2025-09-20T22:13:54.324+0000] {processor.py:830} INFO - Processing file /home/airflow/.local/lib/python3.8/site-packages/airflow/example_dags/example_params_ui_tutorial.py for tasks to queue
[2025-09-20T22:13:54.328+0000] {logging_mixin.py:188} INFO - [2025-09-20T22:13:54.327+0000] {dagbag.py:538} INFO - Filling up the DagBag from /home/airflow/.local/lib/python3.8/site-packages/airflow/example_dags/example_params_ui_tutorial.py
[2025-09-20T22:13:54.350+0000] {processor.py:840} INFO - DAG(s) 'example_params_ui_tutorial' retrieved from /home/airflow/.local/lib/python3.8/site-packages/airflow/example_dags/example_params_ui_tutorial.py
[2025-09-20T22:13:54.466+0000] {logging_mixin.py:188} INFO - [2025-09-20T22:13:54.465+0000] {dag.py:3036} INFO - Sync 1 DAGs
[2025-09-20T22:13:54.490+0000] {logging_mixin.py:188} INFO - [2025-09-20T22:13:54.489+0000] {dag.py:3823} INFO - Setting next_dagrun for example_params_ui_tutorial to None, run_after=None
[2025-09-20T22:13:54.524+0000] {processor.py:183} INFO - Processing /home/airflow/.local/lib/python3.8/site-packages/airflow/example_dags/example_params_ui_tutorial.py took 0.207 seconds
[2025-09-20T22:14:25.027+0000] {processor.py:161} INFO - Started process (PID=2942) to work on /home/airflow/.local/lib/python3.8/site-packages/airflow/example_dags/example_params_ui_tutorial.py
[2025-09-20T22:14:25.029+0000] {processor.py:830} INFO - Processing file /home/airflow/.local/lib/python3.8/site-packages/airflow/example_dags/example_params_ui_tutorial.py for tasks to queue
[2025-09-20T22:14:25.033+0000] {logging_mixin.py:188} INFO - [2025-09-20T22:14:25.032+0000] {dagbag.py:538} INFO - Filling up the DagBag from /home/airflow/.local/lib/python3.8/site-packages/airflow/example_dags/example_params_ui_tutorial.py
[2025-09-20T22:14:25.055+0000] {processor.py:840} INFO - DAG(s) 'example_params_ui_tutorial' retrieved from /home/airflow/.local/lib/python3.8/site-packages/airflow/example_dags/example_params_ui_tutorial.py
[2025-09-20T22:14:25.179+0000] {logging_mixin.py:188} INFO - [2025-09-20T22:14:25.178+0000] {dag.py:3036} INFO - Sync 1 DAGs
[2025-09-20T22:14:25.201+0000] {logging_mixin.py:188} INFO - [2025-09-20T22:14:25.201+0000] {dag.py:3823} INFO - Setting next_dagrun for example_params_ui_tutorial to None, run_after=None
[2025-09-20T22:14:25.240+0000] {processor.py:183} INFO - Processing /home/airflow/.local/lib/python3.8/site-packages/airflow/example_dags/example_params_ui_tutorial.py took 0.220 seconds
[2025-09-20T22:14:55.633+0000] {processor.py:161} INFO - Started process (PID=2999) to work on /home/airflow/.local/lib/python3.8/site-packages/airflow/example_dags/example_params_ui_tutorial.py
[2025-09-20T22:14:55.635+0000] {processor.py:830} INFO - Processing file /home/airflow/.local/lib/python3.8/site-packages/airflow/example_dags/example_params_ui_tutorial.py for tasks to queue
[2025-09-20T22:14:55.639+0000] {logging_mixin.py:188} INFO - [2025-09-20T22:14:55.639+0000] {dagbag.py:538} INFO - Filling up the DagBag from /home/airflow/.local/lib/python3.8/site-packages/airflow/example_dags/example_params_ui_tutorial.py
[2025-09-20T22:14:55.662+0000] {processor.py:840} INFO - DAG(s) 'example_params_ui_tutorial' retrieved from /home/airflow/.local/lib/python3.8/site-packages/airflow/example_dags/example_params_ui_tutorial.py
[2025-09-20T22:14:55.798+0000] {logging_mixin.py:188} INFO - [2025-09-20T22:14:55.798+0000] {dag.py:3036} INFO - Sync 1 DAGs
[2025-09-20T22:14:55.823+0000] {logging_mixin.py:188} INFO - [2025-09-20T22:14:55.822+0000] {dag.py:3823} INFO - Setting next_dagrun for example_params_ui_tutorial to None, run_after=None
[2025-09-20T22:14:55.862+0000] {processor.py:183} INFO - Processing /home/airflow/.local/lib/python3.8/site-packages/airflow/example_dags/example_params_ui_tutorial.py took 0.236 seconds
[2025-09-20T22:15:26.278+0000] {processor.py:161} INFO - Started process (PID=3054) to work on /home/airflow/.local/lib/python3.8/site-packages/airflow/example_dags/example_params_ui_tutorial.py
[2025-09-20T22:15:26.280+0000] {processor.py:830} INFO - Processing file /home/airflow/.local/lib/python3.8/site-packages/airflow/example_dags/example_params_ui_tutorial.py for tasks to queue
[2025-09-20T22:15:26.284+0000] {logging_mixin.py:188} INFO - [2025-09-20T22:15:26.283+0000] {dagbag.py:538} INFO - Filling up the DagBag from /home/airflow/.local/lib/python3.8/site-packages/airflow/example_dags/example_params_ui_tutorial.py
[2025-09-20T22:15:26.306+0000] {processor.py:840} INFO - DAG(s) 'example_params_ui_tutorial' retrieved from /home/airflow/.local/lib/python3.8/site-packages/airflow/example_dags/example_params_ui_tutorial.py
[2025-09-20T22:15:26.426+0000] {logging_mixin.py:188} INFO - [2025-09-20T22:15:26.425+0000] {dag.py:3036} INFO - Sync 1 DAGs
[2025-09-20T22:15:26.448+0000] {logging_mixin.py:188} INFO - [2025-09-20T22:15:26.447+0000] {dag.py:3823} INFO - Setting next_dagrun for example_params_ui_tutorial to None, run_after=None
[2025-09-20T22:15:26.486+0000] {processor.py:183} INFO - Processing /home/airflow/.local/lib/python3.8/site-packages/airflow/example_dags/example_params_ui_tutorial.py took 0.214 seconds
[2025-09-20T22:15:56.921+0000] {processor.py:161} INFO - Started process (PID=3112) to work on /home/airflow/.local/lib/python3.8/site-packages/airflow/example_dags/example_params_ui_tutorial.py
[2025-09-20T22:15:56.923+0000] {processor.py:830} INFO - Processing file /home/airflow/.local/lib/python3.8/site-packages/airflow/example_dags/example_params_ui_tutorial.py for tasks to queue
[2025-09-20T22:15:56.936+0000] {logging_mixin.py:188} INFO - [2025-09-20T22:15:56.935+0000] {dagbag.py:538} INFO - Filling up the DagBag from /home/airflow/.local/lib/python3.8/site-packages/airflow/example_dags/example_params_ui_tutorial.py
[2025-09-20T22:15:56.974+0000] {processor.py:840} INFO - DAG(s) 'example_params_ui_tutorial' retrieved from /home/airflow/.local/lib/python3.8/site-packages/airflow/example_dags/example_params_ui_tutorial.py
[2025-09-20T22:15:57.137+0000] {logging_mixin.py:188} INFO - [2025-09-20T22:15:57.137+0000] {dag.py:3036} INFO - Sync 1 DAGs
[2025-09-20T22:15:57.167+0000] {logging_mixin.py:188} INFO - [2025-09-20T22:15:57.166+0000] {dag.py:3823} INFO - Setting next_dagrun for example_params_ui_tutorial to None, run_after=None
[2025-09-20T22:15:57.214+0000] {processor.py:183} INFO - Processing /home/airflow/.local/lib/python3.8/site-packages/airflow/example_dags/example_params_ui_tutorial.py took 0.301 seconds
[2025-09-20T22:16:27.367+0000] {processor.py:161} INFO - Started process (PID=3171) to work on /home/airflow/.local/lib/python3.8/site-packages/airflow/example_dags/example_params_ui_tutorial.py
[2025-09-20T22:16:27.369+0000] {processor.py:830} INFO - Processing file /home/airflow/.local/lib/python3.8/site-packages/airflow/example_dags/example_params_ui_tutorial.py for tasks to queue
[2025-09-20T22:16:27.373+0000] {logging_mixin.py:188} INFO - [2025-09-20T22:16:27.373+0000] {dagbag.py:538} INFO - Filling up the DagBag from /home/airflow/.local/lib/python3.8/site-packages/airflow/example_dags/example_params_ui_tutorial.py
[2025-09-20T22:16:27.395+0000] {processor.py:840} INFO - DAG(s) 'example_params_ui_tutorial' retrieved from /home/airflow/.local/lib/python3.8/site-packages/airflow/example_dags/example_params_ui_tutorial.py
[2025-09-20T22:16:27.508+0000] {logging_mixin.py:188} INFO - [2025-09-20T22:16:27.507+0000] {dag.py:3036} INFO - Sync 1 DAGs
[2025-09-20T22:16:27.529+0000] {logging_mixin.py:188} INFO - [2025-09-20T22:16:27.529+0000] {dag.py:3823} INFO - Setting next_dagrun for example_params_ui_tutorial to None, run_after=None
[2025-09-20T22:16:27.571+0000] {processor.py:183} INFO - Processing /home/airflow/.local/lib/python3.8/site-packages/airflow/example_dags/example_params_ui_tutorial.py took 0.209 seconds
[2025-09-20T22:16:57.691+0000] {processor.py:161} INFO - Started process (PID=3229) to work on /home/airflow/.local/lib/python3.8/site-packages/airflow/example_dags/example_params_ui_tutorial.py
[2025-09-20T22:16:57.693+0000] {processor.py:830} INFO - Processing file /home/airflow/.local/lib/python3.8/site-packages/airflow/example_dags/example_params_ui_tutorial.py for tasks to queue
[2025-09-20T22:16:57.696+0000] {logging_mixin.py:188} INFO - [2025-09-20T22:16:57.696+0000] {dagbag.py:538} INFO - Filling up the DagBag from /home/airflow/.local/lib/python3.8/site-packages/airflow/example_dags/example_params_ui_tutorial.py
[2025-09-20T22:16:57.717+0000] {processor.py:840} INFO - DAG(s) 'example_params_ui_tutorial' retrieved from /home/airflow/.local/lib/python3.8/site-packages/airflow/example_dags/example_params_ui_tutorial.py
[2025-09-20T22:16:57.828+0000] {logging_mixin.py:188} INFO - [2025-09-20T22:16:57.828+0000] {dag.py:3036} INFO - Sync 1 DAGs
[2025-09-20T22:16:57.851+0000] {logging_mixin.py:188} INFO - [2025-09-20T22:16:57.851+0000] {dag.py:3823} INFO - Setting next_dagrun for example_params_ui_tutorial to None, run_after=None
[2025-09-20T22:16:57.889+0000] {processor.py:183} INFO - Processing /home/airflow/.local/lib/python3.8/site-packages/airflow/example_dags/example_params_ui_tutorial.py took 0.204 seconds
[2025-09-20T22:17:28.277+0000] {processor.py:161} INFO - Started process (PID=3286) to work on /home/airflow/.local/lib/python3.8/site-packages/airflow/example_dags/example_params_ui_tutorial.py
[2025-09-20T22:17:28.280+0000] {processor.py:830} INFO - Processing file /home/airflow/.local/lib/python3.8/site-packages/airflow/example_dags/example_params_ui_tutorial.py for tasks to queue
[2025-09-20T22:17:28.285+0000] {logging_mixin.py:188} INFO - [2025-09-20T22:17:28.284+0000] {dagbag.py:538} INFO - Filling up the DagBag from /home/airflow/.local/lib/python3.8/site-packages/airflow/example_dags/example_params_ui_tutorial.py
[2025-09-20T22:17:28.310+0000] {processor.py:840} INFO - DAG(s) 'example_params_ui_tutorial' retrieved from /home/airflow/.local/lib/python3.8/site-packages/airflow/example_dags/example_params_ui_tutorial.py
[2025-09-20T22:17:28.450+0000] {logging_mixin.py:188} INFO - [2025-09-20T22:17:28.450+0000] {dag.py:3036} INFO - Sync 1 DAGs
[2025-09-20T22:17:28.474+0000] {logging_mixin.py:188} INFO - [2025-09-20T22:17:28.474+0000] {dag.py:3823} INFO - Setting next_dagrun for example_params_ui_tutorial to None, run_after=None
[2025-09-20T22:17:28.518+0000] {processor.py:183} INFO - Processing /home/airflow/.local/lib/python3.8/site-packages/airflow/example_dags/example_params_ui_tutorial.py took 0.246 seconds
[2025-09-20T22:17:58.662+0000] {processor.py:161} INFO - Started process (PID=3344) to work on /home/airflow/.local/lib/python3.8/site-packages/airflow/example_dags/example_params_ui_tutorial.py
[2025-09-20T22:17:58.664+0000] {processor.py:830} INFO - Processing file /home/airflow/.local/lib/python3.8/site-packages/airflow/example_dags/example_params_ui_tutorial.py for tasks to queue
[2025-09-20T22:17:58.667+0000] {logging_mixin.py:188} INFO - [2025-09-20T22:17:58.666+0000] {dagbag.py:538} INFO - Filling up the DagBag from /home/airflow/.local/lib/python3.8/site-packages/airflow/example_dags/example_params_ui_tutorial.py
[2025-09-20T22:17:58.692+0000] {processor.py:840} INFO - DAG(s) 'example_params_ui_tutorial' retrieved from /home/airflow/.local/lib/python3.8/site-packages/airflow/example_dags/example_params_ui_tutorial.py
[2025-09-20T22:17:58.810+0000] {logging_mixin.py:188} INFO - [2025-09-20T22:17:58.810+0000] {dag.py:3036} INFO - Sync 1 DAGs
[2025-09-20T22:17:58.832+0000] {logging_mixin.py:188} INFO - [2025-09-20T22:17:58.832+0000] {dag.py:3823} INFO - Setting next_dagrun for example_params_ui_tutorial to None, run_after=None
[2025-09-20T22:17:58.877+0000] {processor.py:183} INFO - Processing /home/airflow/.local/lib/python3.8/site-packages/airflow/example_dags/example_params_ui_tutorial.py took 0.221 seconds
[2025-09-20T22:18:29.181+0000] {processor.py:161} INFO - Started process (PID=3402) to work on /home/airflow/.local/lib/python3.8/site-packages/airflow/example_dags/example_params_ui_tutorial.py
[2025-09-20T22:18:29.183+0000] {processor.py:830} INFO - Processing file /home/airflow/.local/lib/python3.8/site-packages/airflow/example_dags/example_params_ui_tutorial.py for tasks to queue
[2025-09-20T22:18:29.187+0000] {logging_mixin.py:188} INFO - [2025-09-20T22:18:29.186+0000] {dagbag.py:538} INFO - Filling up the DagBag from /home/airflow/.local/lib/python3.8/site-packages/airflow/example_dags/example_params_ui_tutorial.py
[2025-09-20T22:18:29.211+0000] {processor.py:840} INFO - DAG(s) 'example_params_ui_tutorial' retrieved from /home/airflow/.local/lib/python3.8/site-packages/airflow/example_dags/example_params_ui_tutorial.py
[2025-09-20T22:18:29.341+0000] {logging_mixin.py:188} INFO - [2025-09-20T22:18:29.340+0000] {dag.py:3036} INFO - Sync 1 DAGs
[2025-09-20T22:18:29.369+0000] {logging_mixin.py:188} INFO - [2025-09-20T22:18:29.369+0000] {dag.py:3823} INFO - Setting next_dagrun for example_params_ui_tutorial to None, run_after=None
[2025-09-20T22:18:29.412+0000] {processor.py:183} INFO - Processing /home/airflow/.local/lib/python3.8/site-packages/airflow/example_dags/example_params_ui_tutorial.py took 0.238 seconds
[2025-09-20T22:18:59.670+0000] {processor.py:161} INFO - Started process (PID=3460) to work on /home/airflow/.local/lib/python3.8/site-packages/airflow/example_dags/example_params_ui_tutorial.py
[2025-09-20T22:18:59.672+0000] {processor.py:830} INFO - Processing file /home/airflow/.local/lib/python3.8/site-packages/airflow/example_dags/example_params_ui_tutorial.py for tasks to queue
[2025-09-20T22:18:59.677+0000] {logging_mixin.py:188} INFO - [2025-09-20T22:18:59.676+0000] {dagbag.py:538} INFO - Filling up the DagBag from /home/airflow/.local/lib/python3.8/site-packages/airflow/example_dags/example_params_ui_tutorial.py
[2025-09-20T22:18:59.702+0000] {processor.py:840} INFO - DAG(s) 'example_params_ui_tutorial' retrieved from /home/airflow/.local/lib/python3.8/site-packages/airflow/example_dags/example_params_ui_tutorial.py
[2025-09-20T22:18:59.837+0000] {logging_mixin.py:188} INFO - [2025-09-20T22:18:59.837+0000] {dag.py:3036} INFO - Sync 1 DAGs
[2025-09-20T22:18:59.868+0000] {logging_mixin.py:188} INFO - [2025-09-20T22:18:59.867+0000] {dag.py:3823} INFO - Setting next_dagrun for example_params_ui_tutorial to None, run_after=None
[2025-09-20T22:18:59.917+0000] {processor.py:183} INFO - Processing /home/airflow/.local/lib/python3.8/site-packages/airflow/example_dags/example_params_ui_tutorial.py took 0.252 seconds
[2025-09-20T22:19:30.110+0000] {processor.py:161} INFO - Started process (PID=3518) to work on /home/airflow/.local/lib/python3.8/site-packages/airflow/example_dags/example_params_ui_tutorial.py
[2025-09-20T22:19:30.113+0000] {processor.py:830} INFO - Processing file /home/airflow/.local/lib/python3.8/site-packages/airflow/example_dags/example_params_ui_tutorial.py for tasks to queue
[2025-09-20T22:19:30.117+0000] {logging_mixin.py:188} INFO - [2025-09-20T22:19:30.116+0000] {dagbag.py:538} INFO - Filling up the DagBag from /home/airflow/.local/lib/python3.8/site-packages/airflow/example_dags/example_params_ui_tutorial.py
[2025-09-20T22:19:30.139+0000] {processor.py:840} INFO - DAG(s) 'example_params_ui_tutorial' retrieved from /home/airflow/.local/lib/python3.8/site-packages/airflow/example_dags/example_params_ui_tutorial.py
[2025-09-20T22:19:30.267+0000] {logging_mixin.py:188} INFO - [2025-09-20T22:19:30.266+0000] {dag.py:3036} INFO - Sync 1 DAGs
[2025-09-20T22:19:30.290+0000] {logging_mixin.py:188} INFO - [2025-09-20T22:19:30.290+0000] {dag.py:3823} INFO - Setting next_dagrun for example_params_ui_tutorial to None, run_after=None
[2025-09-20T22:19:30.328+0000] {processor.py:183} INFO - Processing /home/airflow/.local/lib/python3.8/site-packages/airflow/example_dags/example_params_ui_tutorial.py took 0.226 seconds
[2025-09-20T22:20:01.008+0000] {processor.py:161} INFO - Started process (PID=3576) to work on /home/airflow/.local/lib/python3.8/site-packages/airflow/example_dags/example_params_ui_tutorial.py
[2025-09-20T22:20:01.010+0000] {processor.py:830} INFO - Processing file /home/airflow/.local/lib/python3.8/site-packages/airflow/example_dags/example_params_ui_tutorial.py for tasks to queue
[2025-09-20T22:20:01.014+0000] {logging_mixin.py:188} INFO - [2025-09-20T22:20:01.013+0000] {dagbag.py:538} INFO - Filling up the DagBag from /home/airflow/.local/lib/python3.8/site-packages/airflow/example_dags/example_params_ui_tutorial.py
[2025-09-20T22:20:01.036+0000] {processor.py:840} INFO - DAG(s) 'example_params_ui_tutorial' retrieved from /home/airflow/.local/lib/python3.8/site-packages/airflow/example_dags/example_params_ui_tutorial.py
[2025-09-20T22:20:01.167+0000] {logging_mixin.py:188} INFO - [2025-09-20T22:20:01.167+0000] {dag.py:3036} INFO - Sync 1 DAGs
[2025-09-20T22:20:01.195+0000] {logging_mixin.py:188} INFO - [2025-09-20T22:20:01.195+0000] {dag.py:3823} INFO - Setting next_dagrun for example_params_ui_tutorial to None, run_after=None
[2025-09-20T22:20:01.231+0000] {processor.py:183} INFO - Processing /home/airflow/.local/lib/python3.8/site-packages/airflow/example_dags/example_params_ui_tutorial.py took 0.229 seconds
[2025-09-20T22:20:31.348+0000] {processor.py:161} INFO - Started process (PID=3634) to work on /home/airflow/.local/lib/python3.8/site-packages/airflow/example_dags/example_params_ui_tutorial.py
[2025-09-20T22:20:31.350+0000] {processor.py:830} INFO - Processing file /home/airflow/.local/lib/python3.8/site-packages/airflow/example_dags/example_params_ui_tutorial.py for tasks to queue
[2025-09-20T22:20:31.353+0000] {logging_mixin.py:188} INFO - [2025-09-20T22:20:31.352+0000] {dagbag.py:538} INFO - Filling up the DagBag from /home/airflow/.local/lib/python3.8/site-packages/airflow/example_dags/example_params_ui_tutorial.py
[2025-09-20T22:20:31.374+0000] {processor.py:840} INFO - DAG(s) 'example_params_ui_tutorial' retrieved from /home/airflow/.local/lib/python3.8/site-packages/airflow/example_dags/example_params_ui_tutorial.py
[2025-09-20T22:20:31.491+0000] {logging_mixin.py:188} INFO - [2025-09-20T22:20:31.490+0000] {dag.py:3036} INFO - Sync 1 DAGs
[2025-09-20T22:20:31.516+0000] {logging_mixin.py:188} INFO - [2025-09-20T22:20:31.515+0000] {dag.py:3823} INFO - Setting next_dagrun for example_params_ui_tutorial to None, run_after=None
[2025-09-20T22:20:31.555+0000] {processor.py:183} INFO - Processing /home/airflow/.local/lib/python3.8/site-packages/airflow/example_dags/example_params_ui_tutorial.py took 0.213 seconds
[2025-09-20T22:21:01.871+0000] {processor.py:161} INFO - Started process (PID=3692) to work on /home/airflow/.local/lib/python3.8/site-packages/airflow/example_dags/example_params_ui_tutorial.py
[2025-09-20T22:21:01.878+0000] {processor.py:830} INFO - Processing file /home/airflow/.local/lib/python3.8/site-packages/airflow/example_dags/example_params_ui_tutorial.py for tasks to queue
[2025-09-20T22:21:01.882+0000] {logging_mixin.py:188} INFO - [2025-09-20T22:21:01.881+0000] {dagbag.py:538} INFO - Filling up the DagBag from /home/airflow/.local/lib/python3.8/site-packages/airflow/example_dags/example_params_ui_tutorial.py
[2025-09-20T22:21:01.908+0000] {processor.py:840} INFO - DAG(s) 'example_params_ui_tutorial' retrieved from /home/airflow/.local/lib/python3.8/site-packages/airflow/example_dags/example_params_ui_tutorial.py
[2025-09-20T22:21:02.102+0000] {logging_mixin.py:188} INFO - [2025-09-20T22:21:02.101+0000] {dag.py:3036} INFO - Sync 1 DAGs
[2025-09-20T22:21:02.138+0000] {logging_mixin.py:188} INFO - [2025-09-20T22:21:02.137+0000] {dag.py:3823} INFO - Setting next_dagrun for example_params_ui_tutorial to None, run_after=None
[2025-09-20T22:21:02.187+0000] {processor.py:183} INFO - Processing /home/airflow/.local/lib/python3.8/site-packages/airflow/example_dags/example_params_ui_tutorial.py took 0.325 seconds
[2025-09-20T22:21:32.255+0000] {processor.py:161} INFO - Started process (PID=3750) to work on /home/airflow/.local/lib/python3.8/site-packages/airflow/example_dags/example_params_ui_tutorial.py
[2025-09-20T22:21:32.257+0000] {processor.py:830} INFO - Processing file /home/airflow/.local/lib/python3.8/site-packages/airflow/example_dags/example_params_ui_tutorial.py for tasks to queue
[2025-09-20T22:21:32.261+0000] {logging_mixin.py:188} INFO - [2025-09-20T22:21:32.260+0000] {dagbag.py:538} INFO - Filling up the DagBag from /home/airflow/.local/lib/python3.8/site-packages/airflow/example_dags/example_params_ui_tutorial.py
[2025-09-20T22:21:32.283+0000] {processor.py:840} INFO - DAG(s) 'example_params_ui_tutorial' retrieved from /home/airflow/.local/lib/python3.8/site-packages/airflow/example_dags/example_params_ui_tutorial.py
[2025-09-20T22:21:32.407+0000] {logging_mixin.py:188} INFO - [2025-09-20T22:21:32.406+0000] {dag.py:3036} INFO - Sync 1 DAGs
[2025-09-20T22:21:32.433+0000] {logging_mixin.py:188} INFO - [2025-09-20T22:21:32.432+0000] {dag.py:3823} INFO - Setting next_dagrun for example_params_ui_tutorial to None, run_after=None
[2025-09-20T22:21:32.467+0000] {processor.py:183} INFO - Processing /home/airflow/.local/lib/python3.8/site-packages/airflow/example_dags/example_params_ui_tutorial.py took 0.218 seconds
[2025-09-20T22:22:02.919+0000] {processor.py:161} INFO - Started process (PID=3808) to work on /home/airflow/.local/lib/python3.8/site-packages/airflow/example_dags/example_params_ui_tutorial.py
[2025-09-20T22:22:02.921+0000] {processor.py:830} INFO - Processing file /home/airflow/.local/lib/python3.8/site-packages/airflow/example_dags/example_params_ui_tutorial.py for tasks to queue
[2025-09-20T22:22:02.924+0000] {logging_mixin.py:188} INFO - [2025-09-20T22:22:02.924+0000] {dagbag.py:538} INFO - Filling up the DagBag from /home/airflow/.local/lib/python3.8/site-packages/airflow/example_dags/example_params_ui_tutorial.py
[2025-09-20T22:22:02.947+0000] {processor.py:840} INFO - DAG(s) 'example_params_ui_tutorial' retrieved from /home/airflow/.local/lib/python3.8/site-packages/airflow/example_dags/example_params_ui_tutorial.py
[2025-09-20T22:22:03.077+0000] {logging_mixin.py:188} INFO - [2025-09-20T22:22:03.076+0000] {dag.py:3036} INFO - Sync 1 DAGs
[2025-09-20T22:22:03.103+0000] {logging_mixin.py:188} INFO - [2025-09-20T22:22:03.102+0000] {dag.py:3823} INFO - Setting next_dagrun for example_params_ui_tutorial to None, run_after=None
[2025-09-20T22:22:03.145+0000] {processor.py:183} INFO - Processing /home/airflow/.local/lib/python3.8/site-packages/airflow/example_dags/example_params_ui_tutorial.py took 0.233 seconds
[2025-09-20T22:22:33.237+0000] {processor.py:161} INFO - Started process (PID=3866) to work on /home/airflow/.local/lib/python3.8/site-packages/airflow/example_dags/example_params_ui_tutorial.py
[2025-09-20T22:22:33.239+0000] {processor.py:830} INFO - Processing file /home/airflow/.local/lib/python3.8/site-packages/airflow/example_dags/example_params_ui_tutorial.py for tasks to queue
[2025-09-20T22:22:33.242+0000] {logging_mixin.py:188} INFO - [2025-09-20T22:22:33.242+0000] {dagbag.py:538} INFO - Filling up the DagBag from /home/airflow/.local/lib/python3.8/site-packages/airflow/example_dags/example_params_ui_tutorial.py
[2025-09-20T22:22:33.264+0000] {processor.py:840} INFO - DAG(s) 'example_params_ui_tutorial' retrieved from /home/airflow/.local/lib/python3.8/site-packages/airflow/example_dags/example_params_ui_tutorial.py
[2025-09-20T22:22:33.380+0000] {logging_mixin.py:188} INFO - [2025-09-20T22:22:33.380+0000] {dag.py:3036} INFO - Sync 1 DAGs
[2025-09-20T22:22:33.402+0000] {logging_mixin.py:188} INFO - [2025-09-20T22:22:33.402+0000] {dag.py:3823} INFO - Setting next_dagrun for example_params_ui_tutorial to None, run_after=None
[2025-09-20T22:22:33.441+0000] {processor.py:183} INFO - Processing /home/airflow/.local/lib/python3.8/site-packages/airflow/example_dags/example_params_ui_tutorial.py took 0.210 seconds
[2025-09-20T22:23:03.644+0000] {processor.py:161} INFO - Started process (PID=3925) to work on /home/airflow/.local/lib/python3.8/site-packages/airflow/example_dags/example_params_ui_tutorial.py
[2025-09-20T22:23:03.645+0000] {processor.py:830} INFO - Processing file /home/airflow/.local/lib/python3.8/site-packages/airflow/example_dags/example_params_ui_tutorial.py for tasks to queue
[2025-09-20T22:23:03.649+0000] {logging_mixin.py:188} INFO - [2025-09-20T22:23:03.648+0000] {dagbag.py:538} INFO - Filling up the DagBag from /home/airflow/.local/lib/python3.8/site-packages/airflow/example_dags/example_params_ui_tutorial.py
[2025-09-20T22:23:03.670+0000] {processor.py:840} INFO - DAG(s) 'example_params_ui_tutorial' retrieved from /home/airflow/.local/lib/python3.8/site-packages/airflow/example_dags/example_params_ui_tutorial.py
[2025-09-20T22:23:03.786+0000] {logging_mixin.py:188} INFO - [2025-09-20T22:23:03.785+0000] {dag.py:3036} INFO - Sync 1 DAGs
[2025-09-20T22:23:03.812+0000] {logging_mixin.py:188} INFO - [2025-09-20T22:23:03.812+0000] {dag.py:3823} INFO - Setting next_dagrun for example_params_ui_tutorial to None, run_after=None
[2025-09-20T22:23:03.851+0000] {processor.py:183} INFO - Processing /home/airflow/.local/lib/python3.8/site-packages/airflow/example_dags/example_params_ui_tutorial.py took 0.214 seconds
[2025-09-20T22:23:34.022+0000] {processor.py:161} INFO - Started process (PID=3983) to work on /home/airflow/.local/lib/python3.8/site-packages/airflow/example_dags/example_params_ui_tutorial.py
[2025-09-20T22:23:34.024+0000] {processor.py:830} INFO - Processing file /home/airflow/.local/lib/python3.8/site-packages/airflow/example_dags/example_params_ui_tutorial.py for tasks to queue
[2025-09-20T22:23:34.027+0000] {logging_mixin.py:188} INFO - [2025-09-20T22:23:34.027+0000] {dagbag.py:538} INFO - Filling up the DagBag from /home/airflow/.local/lib/python3.8/site-packages/airflow/example_dags/example_params_ui_tutorial.py
[2025-09-20T22:23:34.049+0000] {processor.py:840} INFO - DAG(s) 'example_params_ui_tutorial' retrieved from /home/airflow/.local/lib/python3.8/site-packages/airflow/example_dags/example_params_ui_tutorial.py
[2025-09-20T22:23:34.163+0000] {logging_mixin.py:188} INFO - [2025-09-20T22:23:34.163+0000] {dag.py:3036} INFO - Sync 1 DAGs
[2025-09-20T22:23:34.187+0000] {logging_mixin.py:188} INFO - [2025-09-20T22:23:34.187+0000] {dag.py:3823} INFO - Setting next_dagrun for example_params_ui_tutorial to None, run_after=None
[2025-09-20T22:23:34.222+0000] {processor.py:183} INFO - Processing /home/airflow/.local/lib/python3.8/site-packages/airflow/example_dags/example_params_ui_tutorial.py took 0.206 seconds
[2025-09-20T22:24:04.403+0000] {processor.py:161} INFO - Started process (PID=4040) to work on /home/airflow/.local/lib/python3.8/site-packages/airflow/example_dags/example_params_ui_tutorial.py
[2025-09-20T22:24:04.405+0000] {processor.py:830} INFO - Processing file /home/airflow/.local/lib/python3.8/site-packages/airflow/example_dags/example_params_ui_tutorial.py for tasks to queue
[2025-09-20T22:24:04.408+0000] {logging_mixin.py:188} INFO - [2025-09-20T22:24:04.408+0000] {dagbag.py:538} INFO - Filling up the DagBag from /home/airflow/.local/lib/python3.8/site-packages/airflow/example_dags/example_params_ui_tutorial.py
[2025-09-20T22:24:04.430+0000] {processor.py:840} INFO - DAG(s) 'example_params_ui_tutorial' retrieved from /home/airflow/.local/lib/python3.8/site-packages/airflow/example_dags/example_params_ui_tutorial.py
[2025-09-20T22:24:04.545+0000] {logging_mixin.py:188} INFO - [2025-09-20T22:24:04.545+0000] {dag.py:3036} INFO - Sync 1 DAGs
[2025-09-20T22:24:04.567+0000] {logging_mixin.py:188} INFO - [2025-09-20T22:24:04.567+0000] {dag.py:3823} INFO - Setting next_dagrun for example_params_ui_tutorial to None, run_after=None
[2025-09-20T22:24:04.606+0000] {processor.py:183} INFO - Processing /home/airflow/.local/lib/python3.8/site-packages/airflow/example_dags/example_params_ui_tutorial.py took 0.209 seconds
[2025-09-20T22:24:34.704+0000] {processor.py:161} INFO - Started process (PID=4099) to work on /home/airflow/.local/lib/python3.8/site-packages/airflow/example_dags/example_params_ui_tutorial.py
[2025-09-20T22:24:34.706+0000] {processor.py:830} INFO - Processing file /home/airflow/.local/lib/python3.8/site-packages/airflow/example_dags/example_params_ui_tutorial.py for tasks to queue
[2025-09-20T22:24:34.710+0000] {logging_mixin.py:188} INFO - [2025-09-20T22:24:34.709+0000] {dagbag.py:538} INFO - Filling up the DagBag from /home/airflow/.local/lib/python3.8/site-packages/airflow/example_dags/example_params_ui_tutorial.py
[2025-09-20T22:24:34.732+0000] {processor.py:840} INFO - DAG(s) 'example_params_ui_tutorial' retrieved from /home/airflow/.local/lib/python3.8/site-packages/airflow/example_dags/example_params_ui_tutorial.py
[2025-09-20T22:24:34.854+0000] {logging_mixin.py:188} INFO - [2025-09-20T22:24:34.854+0000] {dag.py:3036} INFO - Sync 1 DAGs
[2025-09-20T22:24:34.877+0000] {logging_mixin.py:188} INFO - [2025-09-20T22:24:34.876+0000] {dag.py:3823} INFO - Setting next_dagrun for example_params_ui_tutorial to None, run_after=None
[2025-09-20T22:24:34.915+0000] {processor.py:183} INFO - Processing /home/airflow/.local/lib/python3.8/site-packages/airflow/example_dags/example_params_ui_tutorial.py took 0.217 seconds
[2025-09-20T22:25:05.014+0000] {processor.py:161} INFO - Started process (PID=4157) to work on /home/airflow/.local/lib/python3.8/site-packages/airflow/example_dags/example_params_ui_tutorial.py
[2025-09-20T22:25:05.016+0000] {processor.py:830} INFO - Processing file /home/airflow/.local/lib/python3.8/site-packages/airflow/example_dags/example_params_ui_tutorial.py for tasks to queue
[2025-09-20T22:25:05.020+0000] {logging_mixin.py:188} INFO - [2025-09-20T22:25:05.020+0000] {dagbag.py:538} INFO - Filling up the DagBag from /home/airflow/.local/lib/python3.8/site-packages/airflow/example_dags/example_params_ui_tutorial.py
[2025-09-20T22:25:05.043+0000] {processor.py:840} INFO - DAG(s) 'example_params_ui_tutorial' retrieved from /home/airflow/.local/lib/python3.8/site-packages/airflow/example_dags/example_params_ui_tutorial.py
[2025-09-20T22:25:05.164+0000] {logging_mixin.py:188} INFO - [2025-09-20T22:25:05.163+0000] {dag.py:3036} INFO - Sync 1 DAGs
[2025-09-20T22:25:05.189+0000] {logging_mixin.py:188} INFO - [2025-09-20T22:25:05.189+0000] {dag.py:3823} INFO - Setting next_dagrun for example_params_ui_tutorial to None, run_after=None
[2025-09-20T22:25:05.223+0000] {processor.py:183} INFO - Processing /home/airflow/.local/lib/python3.8/site-packages/airflow/example_dags/example_params_ui_tutorial.py took 0.215 seconds
[2025-09-20T22:25:35.430+0000] {processor.py:161} INFO - Started process (PID=4216) to work on /home/airflow/.local/lib/python3.8/site-packages/airflow/example_dags/example_params_ui_tutorial.py
[2025-09-20T22:25:35.432+0000] {processor.py:830} INFO - Processing file /home/airflow/.local/lib/python3.8/site-packages/airflow/example_dags/example_params_ui_tutorial.py for tasks to queue
[2025-09-20T22:25:35.435+0000] {logging_mixin.py:188} INFO - [2025-09-20T22:25:35.434+0000] {dagbag.py:538} INFO - Filling up the DagBag from /home/airflow/.local/lib/python3.8/site-packages/airflow/example_dags/example_params_ui_tutorial.py
[2025-09-20T22:25:35.458+0000] {processor.py:840} INFO - DAG(s) 'example_params_ui_tutorial' retrieved from /home/airflow/.local/lib/python3.8/site-packages/airflow/example_dags/example_params_ui_tutorial.py
[2025-09-20T22:25:35.580+0000] {logging_mixin.py:188} INFO - [2025-09-20T22:25:35.579+0000] {dag.py:3036} INFO - Sync 1 DAGs
[2025-09-20T22:25:35.602+0000] {logging_mixin.py:188} INFO - [2025-09-20T22:25:35.601+0000] {dag.py:3823} INFO - Setting next_dagrun for example_params_ui_tutorial to None, run_after=None
[2025-09-20T22:25:35.642+0000] {processor.py:183} INFO - Processing /home/airflow/.local/lib/python3.8/site-packages/airflow/example_dags/example_params_ui_tutorial.py took 0.218 seconds
[2025-09-20T22:26:06.034+0000] {processor.py:161} INFO - Started process (PID=4273) to work on /home/airflow/.local/lib/python3.8/site-packages/airflow/example_dags/example_params_ui_tutorial.py
[2025-09-20T22:26:06.037+0000] {processor.py:830} INFO - Processing file /home/airflow/.local/lib/python3.8/site-packages/airflow/example_dags/example_params_ui_tutorial.py for tasks to queue
[2025-09-20T22:26:06.041+0000] {logging_mixin.py:188} INFO - [2025-09-20T22:26:06.040+0000] {dagbag.py:538} INFO - Filling up the DagBag from /home/airflow/.local/lib/python3.8/site-packages/airflow/example_dags/example_params_ui_tutorial.py
[2025-09-20T22:26:06.069+0000] {processor.py:840} INFO - DAG(s) 'example_params_ui_tutorial' retrieved from /home/airflow/.local/lib/python3.8/site-packages/airflow/example_dags/example_params_ui_tutorial.py
[2025-09-20T22:26:06.218+0000] {logging_mixin.py:188} INFO - [2025-09-20T22:26:06.217+0000] {dag.py:3036} INFO - Sync 1 DAGs
[2025-09-20T22:26:06.246+0000] {logging_mixin.py:188} INFO - [2025-09-20T22:26:06.246+0000] {dag.py:3823} INFO - Setting next_dagrun for example_params_ui_tutorial to None, run_after=None
[2025-09-20T22:26:06.285+0000] {processor.py:183} INFO - Processing /home/airflow/.local/lib/python3.8/site-packages/airflow/example_dags/example_params_ui_tutorial.py took 0.258 seconds
[2025-09-20T22:26:36.475+0000] {processor.py:161} INFO - Started process (PID=4332) to work on /home/airflow/.local/lib/python3.8/site-packages/airflow/example_dags/example_params_ui_tutorial.py
[2025-09-20T22:26:36.476+0000] {processor.py:830} INFO - Processing file /home/airflow/.local/lib/python3.8/site-packages/airflow/example_dags/example_params_ui_tutorial.py for tasks to queue
[2025-09-20T22:26:36.480+0000] {logging_mixin.py:188} INFO - [2025-09-20T22:26:36.479+0000] {dagbag.py:538} INFO - Filling up the DagBag from /home/airflow/.local/lib/python3.8/site-packages/airflow/example_dags/example_params_ui_tutorial.py
[2025-09-20T22:26:36.507+0000] {processor.py:840} INFO - DAG(s) 'example_params_ui_tutorial' retrieved from /home/airflow/.local/lib/python3.8/site-packages/airflow/example_dags/example_params_ui_tutorial.py
[2025-09-20T22:26:36.628+0000] {logging_mixin.py:188} INFO - [2025-09-20T22:26:36.628+0000] {dag.py:3036} INFO - Sync 1 DAGs
[2025-09-20T22:26:36.650+0000] {logging_mixin.py:188} INFO - [2025-09-20T22:26:36.650+0000] {dag.py:3823} INFO - Setting next_dagrun for example_params_ui_tutorial to None, run_after=None
[2025-09-20T22:26:36.685+0000] {processor.py:183} INFO - Processing /home/airflow/.local/lib/python3.8/site-packages/airflow/example_dags/example_params_ui_tutorial.py took 0.217 seconds
[2025-09-20T22:27:06.764+0000] {processor.py:161} INFO - Started process (PID=4390) to work on /home/airflow/.local/lib/python3.8/site-packages/airflow/example_dags/example_params_ui_tutorial.py
[2025-09-20T22:27:06.766+0000] {processor.py:830} INFO - Processing file /home/airflow/.local/lib/python3.8/site-packages/airflow/example_dags/example_params_ui_tutorial.py for tasks to queue
[2025-09-20T22:27:06.769+0000] {logging_mixin.py:188} INFO - [2025-09-20T22:27:06.769+0000] {dagbag.py:538} INFO - Filling up the DagBag from /home/airflow/.local/lib/python3.8/site-packages/airflow/example_dags/example_params_ui_tutorial.py
[2025-09-20T22:27:06.790+0000] {processor.py:840} INFO - DAG(s) 'example_params_ui_tutorial' retrieved from /home/airflow/.local/lib/python3.8/site-packages/airflow/example_dags/example_params_ui_tutorial.py
[2025-09-20T22:27:06.903+0000] {logging_mixin.py:188} INFO - [2025-09-20T22:27:06.902+0000] {dag.py:3036} INFO - Sync 1 DAGs
[2025-09-20T22:27:06.925+0000] {logging_mixin.py:188} INFO - [2025-09-20T22:27:06.925+0000] {dag.py:3823} INFO - Setting next_dagrun for example_params_ui_tutorial to None, run_after=None
[2025-09-20T22:27:06.963+0000] {processor.py:183} INFO - Processing /home/airflow/.local/lib/python3.8/site-packages/airflow/example_dags/example_params_ui_tutorial.py took 0.204 seconds
[2025-09-20T22:27:37.174+0000] {processor.py:161} INFO - Started process (PID=4448) to work on /home/airflow/.local/lib/python3.8/site-packages/airflow/example_dags/example_params_ui_tutorial.py
[2025-09-20T22:27:37.177+0000] {processor.py:830} INFO - Processing file /home/airflow/.local/lib/python3.8/site-packages/airflow/example_dags/example_params_ui_tutorial.py for tasks to queue
[2025-09-20T22:27:37.182+0000] {logging_mixin.py:188} INFO - [2025-09-20T22:27:37.181+0000] {dagbag.py:538} INFO - Filling up the DagBag from /home/airflow/.local/lib/python3.8/site-packages/airflow/example_dags/example_params_ui_tutorial.py
[2025-09-20T22:27:37.208+0000] {processor.py:840} INFO - DAG(s) 'example_params_ui_tutorial' retrieved from /home/airflow/.local/lib/python3.8/site-packages/airflow/example_dags/example_params_ui_tutorial.py
[2025-09-20T22:27:37.338+0000] {logging_mixin.py:188} INFO - [2025-09-20T22:27:37.338+0000] {dag.py:3036} INFO - Sync 1 DAGs
[2025-09-20T22:27:37.370+0000] {logging_mixin.py:188} INFO - [2025-09-20T22:27:37.369+0000] {dag.py:3823} INFO - Setting next_dagrun for example_params_ui_tutorial to None, run_after=None
[2025-09-20T22:27:37.414+0000] {processor.py:183} INFO - Processing /home/airflow/.local/lib/python3.8/site-packages/airflow/example_dags/example_params_ui_tutorial.py took 0.246 seconds
[2025-09-20T22:28:07.502+0000] {processor.py:161} INFO - Started process (PID=4506) to work on /home/airflow/.local/lib/python3.8/site-packages/airflow/example_dags/example_params_ui_tutorial.py
[2025-09-20T22:28:07.504+0000] {processor.py:830} INFO - Processing file /home/airflow/.local/lib/python3.8/site-packages/airflow/example_dags/example_params_ui_tutorial.py for tasks to queue
[2025-09-20T22:28:07.507+0000] {logging_mixin.py:188} INFO - [2025-09-20T22:28:07.506+0000] {dagbag.py:538} INFO - Filling up the DagBag from /home/airflow/.local/lib/python3.8/site-packages/airflow/example_dags/example_params_ui_tutorial.py
[2025-09-20T22:28:07.528+0000] {processor.py:840} INFO - DAG(s) 'example_params_ui_tutorial' retrieved from /home/airflow/.local/lib/python3.8/site-packages/airflow/example_dags/example_params_ui_tutorial.py
[2025-09-20T22:28:07.647+0000] {logging_mixin.py:188} INFO - [2025-09-20T22:28:07.646+0000] {dag.py:3036} INFO - Sync 1 DAGs
[2025-09-20T22:28:07.670+0000] {logging_mixin.py:188} INFO - [2025-09-20T22:28:07.670+0000] {dag.py:3823} INFO - Setting next_dagrun for example_params_ui_tutorial to None, run_after=None
[2025-09-20T22:28:07.708+0000] {processor.py:183} INFO - Processing /home/airflow/.local/lib/python3.8/site-packages/airflow/example_dags/example_params_ui_tutorial.py took 0.212 seconds
[2025-09-20T22:28:38.288+0000] {processor.py:161} INFO - Started process (PID=4563) to work on /home/airflow/.local/lib/python3.8/site-packages/airflow/example_dags/example_params_ui_tutorial.py
[2025-09-20T22:28:38.289+0000] {processor.py:830} INFO - Processing file /home/airflow/.local/lib/python3.8/site-packages/airflow/example_dags/example_params_ui_tutorial.py for tasks to queue
[2025-09-20T22:28:38.293+0000] {logging_mixin.py:188} INFO - [2025-09-20T22:28:38.293+0000] {dagbag.py:538} INFO - Filling up the DagBag from /home/airflow/.local/lib/python3.8/site-packages/airflow/example_dags/example_params_ui_tutorial.py
[2025-09-20T22:28:38.316+0000] {processor.py:840} INFO - DAG(s) 'example_params_ui_tutorial' retrieved from /home/airflow/.local/lib/python3.8/site-packages/airflow/example_dags/example_params_ui_tutorial.py
[2025-09-20T22:28:38.490+0000] {logging_mixin.py:188} INFO - [2025-09-20T22:28:38.490+0000] {dag.py:3036} INFO - Sync 1 DAGs
[2025-09-20T22:28:38.513+0000] {logging_mixin.py:188} INFO - [2025-09-20T22:28:38.513+0000] {dag.py:3823} INFO - Setting next_dagrun for example_params_ui_tutorial to None, run_after=None
[2025-09-20T22:28:38.559+0000] {processor.py:183} INFO - Processing /home/airflow/.local/lib/python3.8/site-packages/airflow/example_dags/example_params_ui_tutorial.py took 0.278 seconds
[2025-09-20T22:29:08.953+0000] {processor.py:161} INFO - Started process (PID=4621) to work on /home/airflow/.local/lib/python3.8/site-packages/airflow/example_dags/example_params_ui_tutorial.py
[2025-09-20T22:29:08.955+0000] {processor.py:830} INFO - Processing file /home/airflow/.local/lib/python3.8/site-packages/airflow/example_dags/example_params_ui_tutorial.py for tasks to queue
[2025-09-20T22:29:08.959+0000] {logging_mixin.py:188} INFO - [2025-09-20T22:29:08.958+0000] {dagbag.py:538} INFO - Filling up the DagBag from /home/airflow/.local/lib/python3.8/site-packages/airflow/example_dags/example_params_ui_tutorial.py
[2025-09-20T22:29:08.987+0000] {processor.py:840} INFO - DAG(s) 'example_params_ui_tutorial' retrieved from /home/airflow/.local/lib/python3.8/site-packages/airflow/example_dags/example_params_ui_tutorial.py
[2025-09-20T22:29:09.108+0000] {logging_mixin.py:188} INFO - [2025-09-20T22:29:09.107+0000] {dag.py:3036} INFO - Sync 1 DAGs
[2025-09-20T22:29:09.132+0000] {logging_mixin.py:188} INFO - [2025-09-20T22:29:09.131+0000] {dag.py:3823} INFO - Setting next_dagrun for example_params_ui_tutorial to None, run_after=None
[2025-09-20T22:29:09.169+0000] {processor.py:183} INFO - Processing /home/airflow/.local/lib/python3.8/site-packages/airflow/example_dags/example_params_ui_tutorial.py took 0.222 seconds
[2025-09-20T22:29:39.346+0000] {processor.py:161} INFO - Started process (PID=4679) to work on /home/airflow/.local/lib/python3.8/site-packages/airflow/example_dags/example_params_ui_tutorial.py
[2025-09-20T22:29:39.348+0000] {processor.py:830} INFO - Processing file /home/airflow/.local/lib/python3.8/site-packages/airflow/example_dags/example_params_ui_tutorial.py for tasks to queue
[2025-09-20T22:29:39.352+0000] {logging_mixin.py:188} INFO - [2025-09-20T22:29:39.351+0000] {dagbag.py:538} INFO - Filling up the DagBag from /home/airflow/.local/lib/python3.8/site-packages/airflow/example_dags/example_params_ui_tutorial.py
[2025-09-20T22:29:39.380+0000] {processor.py:840} INFO - DAG(s) 'example_params_ui_tutorial' retrieved from /home/airflow/.local/lib/python3.8/site-packages/airflow/example_dags/example_params_ui_tutorial.py
[2025-09-20T22:29:39.505+0000] {logging_mixin.py:188} INFO - [2025-09-20T22:29:39.504+0000] {dag.py:3036} INFO - Sync 1 DAGs
[2025-09-20T22:29:39.529+0000] {logging_mixin.py:188} INFO - [2025-09-20T22:29:39.529+0000] {dag.py:3823} INFO - Setting next_dagrun for example_params_ui_tutorial to None, run_after=None
[2025-09-20T22:29:39.569+0000] {processor.py:183} INFO - Processing /home/airflow/.local/lib/python3.8/site-packages/airflow/example_dags/example_params_ui_tutorial.py took 0.229 seconds
[2025-09-20T22:30:10.144+0000] {processor.py:161} INFO - Started process (PID=4737) to work on /home/airflow/.local/lib/python3.8/site-packages/airflow/example_dags/example_params_ui_tutorial.py
[2025-09-20T22:30:10.146+0000] {processor.py:830} INFO - Processing file /home/airflow/.local/lib/python3.8/site-packages/airflow/example_dags/example_params_ui_tutorial.py for tasks to queue
[2025-09-20T22:30:10.149+0000] {logging_mixin.py:188} INFO - [2025-09-20T22:30:10.149+0000] {dagbag.py:538} INFO - Filling up the DagBag from /home/airflow/.local/lib/python3.8/site-packages/airflow/example_dags/example_params_ui_tutorial.py
[2025-09-20T22:30:10.176+0000] {processor.py:840} INFO - DAG(s) 'example_params_ui_tutorial' retrieved from /home/airflow/.local/lib/python3.8/site-packages/airflow/example_dags/example_params_ui_tutorial.py
[2025-09-20T22:30:10.313+0000] {logging_mixin.py:188} INFO - [2025-09-20T22:30:10.313+0000] {dag.py:3036} INFO - Sync 1 DAGs
[2025-09-20T22:30:10.339+0000] {logging_mixin.py:188} INFO - [2025-09-20T22:30:10.338+0000] {dag.py:3823} INFO - Setting next_dagrun for example_params_ui_tutorial to None, run_after=None
[2025-09-20T22:30:10.378+0000] {processor.py:183} INFO - Processing /home/airflow/.local/lib/python3.8/site-packages/airflow/example_dags/example_params_ui_tutorial.py took 0.241 seconds
[2025-09-20T22:30:40.570+0000] {processor.py:161} INFO - Started process (PID=4795) to work on /home/airflow/.local/lib/python3.8/site-packages/airflow/example_dags/example_params_ui_tutorial.py
[2025-09-20T22:30:40.572+0000] {processor.py:830} INFO - Processing file /home/airflow/.local/lib/python3.8/site-packages/airflow/example_dags/example_params_ui_tutorial.py for tasks to queue
[2025-09-20T22:30:40.576+0000] {logging_mixin.py:188} INFO - [2025-09-20T22:30:40.575+0000] {dagbag.py:538} INFO - Filling up the DagBag from /home/airflow/.local/lib/python3.8/site-packages/airflow/example_dags/example_params_ui_tutorial.py
[2025-09-20T22:30:40.603+0000] {processor.py:840} INFO - DAG(s) 'example_params_ui_tutorial' retrieved from /home/airflow/.local/lib/python3.8/site-packages/airflow/example_dags/example_params_ui_tutorial.py
[2025-09-20T22:30:40.751+0000] {logging_mixin.py:188} INFO - [2025-09-20T22:30:40.751+0000] {dag.py:3036} INFO - Sync 1 DAGs
[2025-09-20T22:30:40.773+0000] {logging_mixin.py:188} INFO - [2025-09-20T22:30:40.773+0000] {dag.py:3823} INFO - Setting next_dagrun for example_params_ui_tutorial to None, run_after=None
[2025-09-20T22:30:40.812+0000] {processor.py:183} INFO - Processing /home/airflow/.local/lib/python3.8/site-packages/airflow/example_dags/example_params_ui_tutorial.py took 0.254 seconds
[2025-09-20T22:31:11.232+0000] {processor.py:161} INFO - Started process (PID=4853) to work on /home/airflow/.local/lib/python3.8/site-packages/airflow/example_dags/example_params_ui_tutorial.py
[2025-09-20T22:31:11.233+0000] {processor.py:830} INFO - Processing file /home/airflow/.local/lib/python3.8/site-packages/airflow/example_dags/example_params_ui_tutorial.py for tasks to queue
[2025-09-20T22:31:11.237+0000] {logging_mixin.py:188} INFO - [2025-09-20T22:31:11.237+0000] {dagbag.py:538} INFO - Filling up the DagBag from /home/airflow/.local/lib/python3.8/site-packages/airflow/example_dags/example_params_ui_tutorial.py
[2025-09-20T22:31:11.259+0000] {processor.py:840} INFO - DAG(s) 'example_params_ui_tutorial' retrieved from /home/airflow/.local/lib/python3.8/site-packages/airflow/example_dags/example_params_ui_tutorial.py
[2025-09-20T22:31:11.378+0000] {logging_mixin.py:188} INFO - [2025-09-20T22:31:11.378+0000] {dag.py:3036} INFO - Sync 1 DAGs
[2025-09-20T22:31:11.406+0000] {logging_mixin.py:188} INFO - [2025-09-20T22:31:11.406+0000] {dag.py:3823} INFO - Setting next_dagrun for example_params_ui_tutorial to None, run_after=None
[2025-09-20T22:31:11.444+0000] {processor.py:183} INFO - Processing /home/airflow/.local/lib/python3.8/site-packages/airflow/example_dags/example_params_ui_tutorial.py took 0.219 seconds
[2025-09-20T22:31:41.703+0000] {processor.py:161} INFO - Started process (PID=4911) to work on /home/airflow/.local/lib/python3.8/site-packages/airflow/example_dags/example_params_ui_tutorial.py
[2025-09-20T22:31:41.705+0000] {processor.py:830} INFO - Processing file /home/airflow/.local/lib/python3.8/site-packages/airflow/example_dags/example_params_ui_tutorial.py for tasks to queue
[2025-09-20T22:31:41.709+0000] {logging_mixin.py:188} INFO - [2025-09-20T22:31:41.709+0000] {dagbag.py:538} INFO - Filling up the DagBag from /home/airflow/.local/lib/python3.8/site-packages/airflow/example_dags/example_params_ui_tutorial.py
[2025-09-20T22:31:41.732+0000] {processor.py:840} INFO - DAG(s) 'example_params_ui_tutorial' retrieved from /home/airflow/.local/lib/python3.8/site-packages/airflow/example_dags/example_params_ui_tutorial.py
[2025-09-20T22:31:41.873+0000] {logging_mixin.py:188} INFO - [2025-09-20T22:31:41.872+0000] {dag.py:3036} INFO - Sync 1 DAGs
[2025-09-20T22:31:41.897+0000] {logging_mixin.py:188} INFO - [2025-09-20T22:31:41.897+0000] {dag.py:3823} INFO - Setting next_dagrun for example_params_ui_tutorial to None, run_after=None
[2025-09-20T22:31:41.936+0000] {processor.py:183} INFO - Processing /home/airflow/.local/lib/python3.8/site-packages/airflow/example_dags/example_params_ui_tutorial.py took 0.239 seconds
[2025-09-20T22:32:12.169+0000] {processor.py:161} INFO - Started process (PID=4969) to work on /home/airflow/.local/lib/python3.8/site-packages/airflow/example_dags/example_params_ui_tutorial.py
[2025-09-20T22:32:12.171+0000] {processor.py:830} INFO - Processing file /home/airflow/.local/lib/python3.8/site-packages/airflow/example_dags/example_params_ui_tutorial.py for tasks to queue
[2025-09-20T22:32:12.176+0000] {logging_mixin.py:188} INFO - [2025-09-20T22:32:12.175+0000] {dagbag.py:538} INFO - Filling up the DagBag from /home/airflow/.local/lib/python3.8/site-packages/airflow/example_dags/example_params_ui_tutorial.py
[2025-09-20T22:32:12.212+0000] {processor.py:840} INFO - DAG(s) 'example_params_ui_tutorial' retrieved from /home/airflow/.local/lib/python3.8/site-packages/airflow/example_dags/example_params_ui_tutorial.py
[2025-09-20T22:32:12.380+0000] {logging_mixin.py:188} INFO - [2025-09-20T22:32:12.379+0000] {dag.py:3036} INFO - Sync 1 DAGs
[2025-09-20T22:32:12.408+0000] {logging_mixin.py:188} INFO - [2025-09-20T22:32:12.407+0000] {dag.py:3823} INFO - Setting next_dagrun for example_params_ui_tutorial to None, run_after=None
[2025-09-20T22:32:12.450+0000] {processor.py:183} INFO - Processing /home/airflow/.local/lib/python3.8/site-packages/airflow/example_dags/example_params_ui_tutorial.py took 0.291 seconds
[2025-09-20T22:32:42.788+0000] {processor.py:161} INFO - Started process (PID=5027) to work on /home/airflow/.local/lib/python3.8/site-packages/airflow/example_dags/example_params_ui_tutorial.py
[2025-09-20T22:32:42.790+0000] {processor.py:830} INFO - Processing file /home/airflow/.local/lib/python3.8/site-packages/airflow/example_dags/example_params_ui_tutorial.py for tasks to queue
[2025-09-20T22:32:42.793+0000] {logging_mixin.py:188} INFO - [2025-09-20T22:32:42.793+0000] {dagbag.py:538} INFO - Filling up the DagBag from /home/airflow/.local/lib/python3.8/site-packages/airflow/example_dags/example_params_ui_tutorial.py
[2025-09-20T22:32:42.817+0000] {processor.py:840} INFO - DAG(s) 'example_params_ui_tutorial' retrieved from /home/airflow/.local/lib/python3.8/site-packages/airflow/example_dags/example_params_ui_tutorial.py
[2025-09-20T22:32:42.944+0000] {logging_mixin.py:188} INFO - [2025-09-20T22:32:42.944+0000] {dag.py:3036} INFO - Sync 1 DAGs
[2025-09-20T22:32:42.970+0000] {logging_mixin.py:188} INFO - [2025-09-20T22:32:42.970+0000] {dag.py:3823} INFO - Setting next_dagrun for example_params_ui_tutorial to None, run_after=None
[2025-09-20T22:32:43.011+0000] {processor.py:183} INFO - Processing /home/airflow/.local/lib/python3.8/site-packages/airflow/example_dags/example_params_ui_tutorial.py took 0.228 seconds
[2025-09-20T22:33:13.208+0000] {processor.py:161} INFO - Started process (PID=5086) to work on /home/airflow/.local/lib/python3.8/site-packages/airflow/example_dags/example_params_ui_tutorial.py
[2025-09-20T22:33:13.210+0000] {processor.py:830} INFO - Processing file /home/airflow/.local/lib/python3.8/site-packages/airflow/example_dags/example_params_ui_tutorial.py for tasks to queue
[2025-09-20T22:33:13.214+0000] {logging_mixin.py:188} INFO - [2025-09-20T22:33:13.214+0000] {dagbag.py:538} INFO - Filling up the DagBag from /home/airflow/.local/lib/python3.8/site-packages/airflow/example_dags/example_params_ui_tutorial.py
[2025-09-20T22:33:13.257+0000] {processor.py:840} INFO - DAG(s) 'example_params_ui_tutorial' retrieved from /home/airflow/.local/lib/python3.8/site-packages/airflow/example_dags/example_params_ui_tutorial.py
[2025-09-20T22:33:13.477+0000] {logging_mixin.py:188} INFO - [2025-09-20T22:33:13.477+0000] {dag.py:3036} INFO - Sync 1 DAGs
[2025-09-20T22:33:13.515+0000] {logging_mixin.py:188} INFO - [2025-09-20T22:33:13.514+0000] {dag.py:3823} INFO - Setting next_dagrun for example_params_ui_tutorial to None, run_after=None
[2025-09-20T22:33:13.567+0000] {processor.py:183} INFO - Processing /home/airflow/.local/lib/python3.8/site-packages/airflow/example_dags/example_params_ui_tutorial.py took 0.367 seconds
[2025-09-20T22:33:43.691+0000] {processor.py:161} INFO - Started process (PID=5144) to work on /home/airflow/.local/lib/python3.8/site-packages/airflow/example_dags/example_params_ui_tutorial.py
[2025-09-20T22:33:43.693+0000] {processor.py:830} INFO - Processing file /home/airflow/.local/lib/python3.8/site-packages/airflow/example_dags/example_params_ui_tutorial.py for tasks to queue
[2025-09-20T22:33:43.697+0000] {logging_mixin.py:188} INFO - [2025-09-20T22:33:43.696+0000] {dagbag.py:538} INFO - Filling up the DagBag from /home/airflow/.local/lib/python3.8/site-packages/airflow/example_dags/example_params_ui_tutorial.py
[2025-09-20T22:33:43.718+0000] {processor.py:840} INFO - DAG(s) 'example_params_ui_tutorial' retrieved from /home/airflow/.local/lib/python3.8/site-packages/airflow/example_dags/example_params_ui_tutorial.py
[2025-09-20T22:33:43.836+0000] {logging_mixin.py:188} INFO - [2025-09-20T22:33:43.836+0000] {dag.py:3036} INFO - Sync 1 DAGs
[2025-09-20T22:33:43.860+0000] {logging_mixin.py:188} INFO - [2025-09-20T22:33:43.859+0000] {dag.py:3823} INFO - Setting next_dagrun for example_params_ui_tutorial to None, run_after=None
[2025-09-20T22:33:43.902+0000] {processor.py:183} INFO - Processing /home/airflow/.local/lib/python3.8/site-packages/airflow/example_dags/example_params_ui_tutorial.py took 0.219 seconds
[2025-09-20T22:34:14.008+0000] {processor.py:161} INFO - Started process (PID=5202) to work on /home/airflow/.local/lib/python3.8/site-packages/airflow/example_dags/example_params_ui_tutorial.py
[2025-09-20T22:34:14.010+0000] {processor.py:830} INFO - Processing file /home/airflow/.local/lib/python3.8/site-packages/airflow/example_dags/example_params_ui_tutorial.py for tasks to queue
[2025-09-20T22:34:14.013+0000] {logging_mixin.py:188} INFO - [2025-09-20T22:34:14.013+0000] {dagbag.py:538} INFO - Filling up the DagBag from /home/airflow/.local/lib/python3.8/site-packages/airflow/example_dags/example_params_ui_tutorial.py
[2025-09-20T22:34:14.035+0000] {processor.py:840} INFO - DAG(s) 'example_params_ui_tutorial' retrieved from /home/airflow/.local/lib/python3.8/site-packages/airflow/example_dags/example_params_ui_tutorial.py
[2025-09-20T22:34:14.151+0000] {logging_mixin.py:188} INFO - [2025-09-20T22:34:14.150+0000] {dag.py:3036} INFO - Sync 1 DAGs
[2025-09-20T22:34:14.177+0000] {logging_mixin.py:188} INFO - [2025-09-20T22:34:14.177+0000] {dag.py:3823} INFO - Setting next_dagrun for example_params_ui_tutorial to None, run_after=None
[2025-09-20T22:34:14.213+0000] {processor.py:183} INFO - Processing /home/airflow/.local/lib/python3.8/site-packages/airflow/example_dags/example_params_ui_tutorial.py took 0.211 seconds
[2025-09-20T22:34:44.399+0000] {processor.py:161} INFO - Started process (PID=5261) to work on /home/airflow/.local/lib/python3.8/site-packages/airflow/example_dags/example_params_ui_tutorial.py
[2025-09-20T22:34:44.401+0000] {processor.py:830} INFO - Processing file /home/airflow/.local/lib/python3.8/site-packages/airflow/example_dags/example_params_ui_tutorial.py for tasks to queue
[2025-09-20T22:34:44.406+0000] {logging_mixin.py:188} INFO - [2025-09-20T22:34:44.406+0000] {dagbag.py:538} INFO - Filling up the DagBag from /home/airflow/.local/lib/python3.8/site-packages/airflow/example_dags/example_params_ui_tutorial.py
[2025-09-20T22:34:44.430+0000] {processor.py:840} INFO - DAG(s) 'example_params_ui_tutorial' retrieved from /home/airflow/.local/lib/python3.8/site-packages/airflow/example_dags/example_params_ui_tutorial.py
[2025-09-20T22:34:44.544+0000] {logging_mixin.py:188} INFO - [2025-09-20T22:34:44.543+0000] {dag.py:3036} INFO - Sync 1 DAGs
[2025-09-20T22:34:44.567+0000] {logging_mixin.py:188} INFO - [2025-09-20T22:34:44.567+0000] {dag.py:3823} INFO - Setting next_dagrun for example_params_ui_tutorial to None, run_after=None
[2025-09-20T22:34:44.606+0000] {processor.py:183} INFO - Processing /home/airflow/.local/lib/python3.8/site-packages/airflow/example_dags/example_params_ui_tutorial.py took 0.214 seconds
[2025-09-20T22:35:14.750+0000] {processor.py:161} INFO - Started process (PID=5319) to work on /home/airflow/.local/lib/python3.8/site-packages/airflow/example_dags/example_params_ui_tutorial.py
[2025-09-20T22:35:14.752+0000] {processor.py:830} INFO - Processing file /home/airflow/.local/lib/python3.8/site-packages/airflow/example_dags/example_params_ui_tutorial.py for tasks to queue
[2025-09-20T22:35:14.758+0000] {logging_mixin.py:188} INFO - [2025-09-20T22:35:14.757+0000] {dagbag.py:538} INFO - Filling up the DagBag from /home/airflow/.local/lib/python3.8/site-packages/airflow/example_dags/example_params_ui_tutorial.py
[2025-09-20T22:35:14.792+0000] {processor.py:840} INFO - DAG(s) 'example_params_ui_tutorial' retrieved from /home/airflow/.local/lib/python3.8/site-packages/airflow/example_dags/example_params_ui_tutorial.py
[2025-09-20T22:35:14.957+0000] {logging_mixin.py:188} INFO - [2025-09-20T22:35:14.956+0000] {dag.py:3036} INFO - Sync 1 DAGs
[2025-09-20T22:35:14.984+0000] {logging_mixin.py:188} INFO - [2025-09-20T22:35:14.983+0000] {dag.py:3823} INFO - Setting next_dagrun for example_params_ui_tutorial to None, run_after=None
[2025-09-20T22:35:15.026+0000] {processor.py:183} INFO - Processing /home/airflow/.local/lib/python3.8/site-packages/airflow/example_dags/example_params_ui_tutorial.py took 0.284 seconds
[2025-09-20T22:35:45.130+0000] {processor.py:161} INFO - Started process (PID=5375) to work on /home/airflow/.local/lib/python3.8/site-packages/airflow/example_dags/example_params_ui_tutorial.py
[2025-09-20T22:35:45.132+0000] {processor.py:830} INFO - Processing file /home/airflow/.local/lib/python3.8/site-packages/airflow/example_dags/example_params_ui_tutorial.py for tasks to queue
[2025-09-20T22:35:45.135+0000] {logging_mixin.py:188} INFO - [2025-09-20T22:35:45.135+0000] {dagbag.py:538} INFO - Filling up the DagBag from /home/airflow/.local/lib/python3.8/site-packages/airflow/example_dags/example_params_ui_tutorial.py
[2025-09-20T22:35:45.157+0000] {processor.py:840} INFO - DAG(s) 'example_params_ui_tutorial' retrieved from /home/airflow/.local/lib/python3.8/site-packages/airflow/example_dags/example_params_ui_tutorial.py
[2025-09-20T22:35:45.276+0000] {logging_mixin.py:188} INFO - [2025-09-20T22:35:45.275+0000] {dag.py:3036} INFO - Sync 1 DAGs
[2025-09-20T22:35:45.297+0000] {logging_mixin.py:188} INFO - [2025-09-20T22:35:45.296+0000] {dag.py:3823} INFO - Setting next_dagrun for example_params_ui_tutorial to None, run_after=None
[2025-09-20T22:35:45.335+0000] {processor.py:183} INFO - Processing /home/airflow/.local/lib/python3.8/site-packages/airflow/example_dags/example_params_ui_tutorial.py took 0.211 seconds
[2025-09-20T22:36:15.501+0000] {processor.py:161} INFO - Started process (PID=5432) to work on /home/airflow/.local/lib/python3.8/site-packages/airflow/example_dags/example_params_ui_tutorial.py
[2025-09-20T22:36:15.503+0000] {processor.py:830} INFO - Processing file /home/airflow/.local/lib/python3.8/site-packages/airflow/example_dags/example_params_ui_tutorial.py for tasks to queue
[2025-09-20T22:36:15.506+0000] {logging_mixin.py:188} INFO - [2025-09-20T22:36:15.506+0000] {dagbag.py:538} INFO - Filling up the DagBag from /home/airflow/.local/lib/python3.8/site-packages/airflow/example_dags/example_params_ui_tutorial.py
[2025-09-20T22:36:15.536+0000] {processor.py:840} INFO - DAG(s) 'example_params_ui_tutorial' retrieved from /home/airflow/.local/lib/python3.8/site-packages/airflow/example_dags/example_params_ui_tutorial.py
[2025-09-20T22:36:15.687+0000] {logging_mixin.py:188} INFO - [2025-09-20T22:36:15.687+0000] {dag.py:3036} INFO - Sync 1 DAGs
[2025-09-20T22:36:15.714+0000] {logging_mixin.py:188} INFO - [2025-09-20T22:36:15.714+0000] {dag.py:3823} INFO - Setting next_dagrun for example_params_ui_tutorial to None, run_after=None
[2025-09-20T22:36:15.754+0000] {processor.py:183} INFO - Processing /home/airflow/.local/lib/python3.8/site-packages/airflow/example_dags/example_params_ui_tutorial.py took 0.261 seconds
[2025-09-20T22:36:45.817+0000] {processor.py:161} INFO - Started process (PID=5490) to work on /home/airflow/.local/lib/python3.8/site-packages/airflow/example_dags/example_params_ui_tutorial.py
[2025-09-20T22:36:45.819+0000] {processor.py:830} INFO - Processing file /home/airflow/.local/lib/python3.8/site-packages/airflow/example_dags/example_params_ui_tutorial.py for tasks to queue
[2025-09-20T22:36:45.825+0000] {logging_mixin.py:188} INFO - [2025-09-20T22:36:45.824+0000] {dagbag.py:538} INFO - Filling up the DagBag from /home/airflow/.local/lib/python3.8/site-packages/airflow/example_dags/example_params_ui_tutorial.py
[2025-09-20T22:36:45.858+0000] {processor.py:840} INFO - DAG(s) 'example_params_ui_tutorial' retrieved from /home/airflow/.local/lib/python3.8/site-packages/airflow/example_dags/example_params_ui_tutorial.py
[2025-09-20T22:36:45.988+0000] {logging_mixin.py:188} INFO - [2025-09-20T22:36:45.987+0000] {dag.py:3036} INFO - Sync 1 DAGs
[2025-09-20T22:36:46.016+0000] {logging_mixin.py:188} INFO - [2025-09-20T22:36:46.016+0000] {dag.py:3823} INFO - Setting next_dagrun for example_params_ui_tutorial to None, run_after=None
[2025-09-20T22:36:46.059+0000] {processor.py:183} INFO - Processing /home/airflow/.local/lib/python3.8/site-packages/airflow/example_dags/example_params_ui_tutorial.py took 0.249 seconds
[2025-09-20T22:37:16.399+0000] {processor.py:161} INFO - Started process (PID=5547) to work on /home/airflow/.local/lib/python3.8/site-packages/airflow/example_dags/example_params_ui_tutorial.py
[2025-09-20T22:37:16.402+0000] {processor.py:830} INFO - Processing file /home/airflow/.local/lib/python3.8/site-packages/airflow/example_dags/example_params_ui_tutorial.py for tasks to queue
[2025-09-20T22:37:16.406+0000] {logging_mixin.py:188} INFO - [2025-09-20T22:37:16.405+0000] {dagbag.py:538} INFO - Filling up the DagBag from /home/airflow/.local/lib/python3.8/site-packages/airflow/example_dags/example_params_ui_tutorial.py
[2025-09-20T22:37:16.430+0000] {processor.py:840} INFO - DAG(s) 'example_params_ui_tutorial' retrieved from /home/airflow/.local/lib/python3.8/site-packages/airflow/example_dags/example_params_ui_tutorial.py
[2025-09-20T22:37:16.577+0000] {logging_mixin.py:188} INFO - [2025-09-20T22:37:16.576+0000] {dag.py:3036} INFO - Sync 1 DAGs
[2025-09-20T22:37:16.601+0000] {logging_mixin.py:188} INFO - [2025-09-20T22:37:16.600+0000] {dag.py:3823} INFO - Setting next_dagrun for example_params_ui_tutorial to None, run_after=None
[2025-09-20T22:37:16.640+0000] {processor.py:183} INFO - Processing /home/airflow/.local/lib/python3.8/site-packages/airflow/example_dags/example_params_ui_tutorial.py took 0.247 seconds
[2025-09-20T22:37:46.859+0000] {processor.py:161} INFO - Started process (PID=5605) to work on /home/airflow/.local/lib/python3.8/site-packages/airflow/example_dags/example_params_ui_tutorial.py
[2025-09-20T22:37:46.861+0000] {processor.py:830} INFO - Processing file /home/airflow/.local/lib/python3.8/site-packages/airflow/example_dags/example_params_ui_tutorial.py for tasks to queue
[2025-09-20T22:37:46.865+0000] {logging_mixin.py:188} INFO - [2025-09-20T22:37:46.864+0000] {dagbag.py:538} INFO - Filling up the DagBag from /home/airflow/.local/lib/python3.8/site-packages/airflow/example_dags/example_params_ui_tutorial.py
[2025-09-20T22:37:46.887+0000] {processor.py:840} INFO - DAG(s) 'example_params_ui_tutorial' retrieved from /home/airflow/.local/lib/python3.8/site-packages/airflow/example_dags/example_params_ui_tutorial.py
[2025-09-20T22:37:47.011+0000] {logging_mixin.py:188} INFO - [2025-09-20T22:37:47.010+0000] {dag.py:3036} INFO - Sync 1 DAGs
[2025-09-20T22:37:47.033+0000] {logging_mixin.py:188} INFO - [2025-09-20T22:37:47.032+0000] {dag.py:3823} INFO - Setting next_dagrun for example_params_ui_tutorial to None, run_after=None
[2025-09-20T22:37:47.071+0000] {processor.py:183} INFO - Processing /home/airflow/.local/lib/python3.8/site-packages/airflow/example_dags/example_params_ui_tutorial.py took 0.219 seconds
[2025-09-20T22:38:17.367+0000] {processor.py:161} INFO - Started process (PID=5663) to work on /home/airflow/.local/lib/python3.8/site-packages/airflow/example_dags/example_params_ui_tutorial.py
[2025-09-20T22:38:17.369+0000] {processor.py:830} INFO - Processing file /home/airflow/.local/lib/python3.8/site-packages/airflow/example_dags/example_params_ui_tutorial.py for tasks to queue
[2025-09-20T22:38:17.372+0000] {logging_mixin.py:188} INFO - [2025-09-20T22:38:17.371+0000] {dagbag.py:538} INFO - Filling up the DagBag from /home/airflow/.local/lib/python3.8/site-packages/airflow/example_dags/example_params_ui_tutorial.py
[2025-09-20T22:38:17.394+0000] {processor.py:840} INFO - DAG(s) 'example_params_ui_tutorial' retrieved from /home/airflow/.local/lib/python3.8/site-packages/airflow/example_dags/example_params_ui_tutorial.py
[2025-09-20T22:38:17.516+0000] {logging_mixin.py:188} INFO - [2025-09-20T22:38:17.516+0000] {dag.py:3036} INFO - Sync 1 DAGs
[2025-09-20T22:38:17.539+0000] {logging_mixin.py:188} INFO - [2025-09-20T22:38:17.539+0000] {dag.py:3823} INFO - Setting next_dagrun for example_params_ui_tutorial to None, run_after=None
[2025-09-20T22:38:17.620+0000] {processor.py:183} INFO - Processing /home/airflow/.local/lib/python3.8/site-packages/airflow/example_dags/example_params_ui_tutorial.py took 0.259 seconds
[2025-09-20T22:38:48.136+0000] {processor.py:161} INFO - Started process (PID=5721) to work on /home/airflow/.local/lib/python3.8/site-packages/airflow/example_dags/example_params_ui_tutorial.py
[2025-09-20T22:38:48.138+0000] {processor.py:830} INFO - Processing file /home/airflow/.local/lib/python3.8/site-packages/airflow/example_dags/example_params_ui_tutorial.py for tasks to queue
[2025-09-20T22:38:48.142+0000] {logging_mixin.py:188} INFO - [2025-09-20T22:38:48.141+0000] {dagbag.py:538} INFO - Filling up the DagBag from /home/airflow/.local/lib/python3.8/site-packages/airflow/example_dags/example_params_ui_tutorial.py
[2025-09-20T22:38:48.167+0000] {processor.py:840} INFO - DAG(s) 'example_params_ui_tutorial' retrieved from /home/airflow/.local/lib/python3.8/site-packages/airflow/example_dags/example_params_ui_tutorial.py
[2025-09-20T22:38:48.288+0000] {logging_mixin.py:188} INFO - [2025-09-20T22:38:48.287+0000] {dag.py:3036} INFO - Sync 1 DAGs
[2025-09-20T22:38:48.311+0000] {logging_mixin.py:188} INFO - [2025-09-20T22:38:48.310+0000] {dag.py:3823} INFO - Setting next_dagrun for example_params_ui_tutorial to None, run_after=None
[2025-09-20T22:38:48.347+0000] {processor.py:183} INFO - Processing /home/airflow/.local/lib/python3.8/site-packages/airflow/example_dags/example_params_ui_tutorial.py took 0.218 seconds
[2025-09-20T22:39:19.016+0000] {processor.py:161} INFO - Started process (PID=5777) to work on /home/airflow/.local/lib/python3.8/site-packages/airflow/example_dags/example_params_ui_tutorial.py
[2025-09-20T22:39:19.018+0000] {processor.py:830} INFO - Processing file /home/airflow/.local/lib/python3.8/site-packages/airflow/example_dags/example_params_ui_tutorial.py for tasks to queue
[2025-09-20T22:39:19.022+0000] {logging_mixin.py:188} INFO - [2025-09-20T22:39:19.021+0000] {dagbag.py:538} INFO - Filling up the DagBag from /home/airflow/.local/lib/python3.8/site-packages/airflow/example_dags/example_params_ui_tutorial.py
[2025-09-20T22:39:19.053+0000] {processor.py:840} INFO - DAG(s) 'example_params_ui_tutorial' retrieved from /home/airflow/.local/lib/python3.8/site-packages/airflow/example_dags/example_params_ui_tutorial.py
[2025-09-20T22:39:19.188+0000] {logging_mixin.py:188} INFO - [2025-09-20T22:39:19.188+0000] {dag.py:3036} INFO - Sync 1 DAGs
[2025-09-20T22:39:19.224+0000] {logging_mixin.py:188} INFO - [2025-09-20T22:39:19.223+0000] {dag.py:3823} INFO - Setting next_dagrun for example_params_ui_tutorial to None, run_after=None
[2025-09-20T22:39:19.304+0000] {processor.py:183} INFO - Processing /home/airflow/.local/lib/python3.8/site-packages/airflow/example_dags/example_params_ui_tutorial.py took 0.297 seconds
