[2025-09-20T21:49:49.920+0000] {processor.py:161} INFO - Started process (PID=130) to work on /home/airflow/.local/lib/python3.8/site-packages/airflow/example_dags/tutorial_objectstorage.py
[2025-09-20T21:49:49.922+0000] {processor.py:830} INFO - Processing file /home/airflow/.local/lib/python3.8/site-packages/airflow/example_dags/tutorial_objectstorage.py for tasks to queue
[2025-09-20T21:49:49.926+0000] {logging_mixin.py:188} INFO - [2025-09-20T21:49:49.925+0000] {dagbag.py:538} INFO - Filling up the DagBag from /home/airflow/.local/lib/python3.8/site-packages/airflow/example_dags/tutorial_objectstorage.py
[2025-09-20T21:49:49.944+0000] {processor.py:840} INFO - DAG(s) 'tutorial_objectstorage' retrieved from /home/airflow/.local/lib/python3.8/site-packages/airflow/example_dags/tutorial_objectstorage.py
[2025-09-20T21:49:50.168+0000] {logging_mixin.py:188} INFO - [2025-09-20T21:49:50.167+0000] {dag.py:3036} INFO - Sync 1 DAGs
[2025-09-20T21:49:50.194+0000] {logging_mixin.py:188} INFO - [2025-09-20T21:49:50.193+0000] {dag.py:3823} INFO - Setting next_dagrun for tutorial_objectstorage to None, run_after=None
[2025-09-20T21:49:50.239+0000] {processor.py:183} INFO - Processing /home/airflow/.local/lib/python3.8/site-packages/airflow/example_dags/tutorial_objectstorage.py took 0.325 seconds
[2025-09-20T21:50:20.315+0000] {processor.py:161} INFO - Started process (PID=187) to work on /home/airflow/.local/lib/python3.8/site-packages/airflow/example_dags/tutorial_objectstorage.py
[2025-09-20T21:50:20.317+0000] {processor.py:830} INFO - Processing file /home/airflow/.local/lib/python3.8/site-packages/airflow/example_dags/tutorial_objectstorage.py for tasks to queue
[2025-09-20T21:50:20.320+0000] {logging_mixin.py:188} INFO - [2025-09-20T21:50:20.320+0000] {dagbag.py:538} INFO - Filling up the DagBag from /home/airflow/.local/lib/python3.8/site-packages/airflow/example_dags/tutorial_objectstorage.py
[2025-09-20T21:50:20.332+0000] {processor.py:840} INFO - DAG(s) 'tutorial_objectstorage' retrieved from /home/airflow/.local/lib/python3.8/site-packages/airflow/example_dags/tutorial_objectstorage.py
[2025-09-20T21:50:20.367+0000] {logging_mixin.py:188} INFO - [2025-09-20T21:50:20.367+0000] {dag.py:3036} INFO - Sync 1 DAGs
[2025-09-20T21:50:20.390+0000] {logging_mixin.py:188} INFO - [2025-09-20T21:50:20.389+0000] {dag.py:3823} INFO - Setting next_dagrun for tutorial_objectstorage to None, run_after=None
[2025-09-20T21:50:20.426+0000] {processor.py:183} INFO - Processing /home/airflow/.local/lib/python3.8/site-packages/airflow/example_dags/tutorial_objectstorage.py took 0.117 seconds
[2025-09-20T21:50:50.611+0000] {processor.py:161} INFO - Started process (PID=245) to work on /home/airflow/.local/lib/python3.8/site-packages/airflow/example_dags/tutorial_objectstorage.py
[2025-09-20T21:50:50.613+0000] {processor.py:830} INFO - Processing file /home/airflow/.local/lib/python3.8/site-packages/airflow/example_dags/tutorial_objectstorage.py for tasks to queue
[2025-09-20T21:50:50.618+0000] {logging_mixin.py:188} INFO - [2025-09-20T21:50:50.617+0000] {dagbag.py:538} INFO - Filling up the DagBag from /home/airflow/.local/lib/python3.8/site-packages/airflow/example_dags/tutorial_objectstorage.py
[2025-09-20T21:50:50.632+0000] {processor.py:840} INFO - DAG(s) 'tutorial_objectstorage' retrieved from /home/airflow/.local/lib/python3.8/site-packages/airflow/example_dags/tutorial_objectstorage.py
[2025-09-20T21:50:50.679+0000] {logging_mixin.py:188} INFO - [2025-09-20T21:50:50.678+0000] {dag.py:3036} INFO - Sync 1 DAGs
[2025-09-20T21:50:50.708+0000] {logging_mixin.py:188} INFO - [2025-09-20T21:50:50.707+0000] {dag.py:3823} INFO - Setting next_dagrun for tutorial_objectstorage to None, run_after=None
[2025-09-20T21:50:50.747+0000] {processor.py:183} INFO - Processing /home/airflow/.local/lib/python3.8/site-packages/airflow/example_dags/tutorial_objectstorage.py took 0.143 seconds
[2025-09-20T21:51:21.570+0000] {processor.py:161} INFO - Started process (PID=303) to work on /home/airflow/.local/lib/python3.8/site-packages/airflow/example_dags/tutorial_objectstorage.py
[2025-09-20T21:51:21.572+0000] {processor.py:830} INFO - Processing file /home/airflow/.local/lib/python3.8/site-packages/airflow/example_dags/tutorial_objectstorage.py for tasks to queue
[2025-09-20T21:51:21.578+0000] {logging_mixin.py:188} INFO - [2025-09-20T21:51:21.577+0000] {dagbag.py:538} INFO - Filling up the DagBag from /home/airflow/.local/lib/python3.8/site-packages/airflow/example_dags/tutorial_objectstorage.py
[2025-09-20T21:51:21.595+0000] {processor.py:840} INFO - DAG(s) 'tutorial_objectstorage' retrieved from /home/airflow/.local/lib/python3.8/site-packages/airflow/example_dags/tutorial_objectstorage.py
[2025-09-20T21:51:21.646+0000] {logging_mixin.py:188} INFO - [2025-09-20T21:51:21.645+0000] {dag.py:3036} INFO - Sync 1 DAGs
[2025-09-20T21:51:21.674+0000] {logging_mixin.py:188} INFO - [2025-09-20T21:51:21.674+0000] {dag.py:3823} INFO - Setting next_dagrun for tutorial_objectstorage to None, run_after=None
[2025-09-20T21:51:21.709+0000] {processor.py:183} INFO - Processing /home/airflow/.local/lib/python3.8/site-packages/airflow/example_dags/tutorial_objectstorage.py took 0.148 seconds
[2025-09-20T21:51:52.166+0000] {processor.py:161} INFO - Started process (PID=361) to work on /home/airflow/.local/lib/python3.8/site-packages/airflow/example_dags/tutorial_objectstorage.py
[2025-09-20T21:51:52.168+0000] {processor.py:830} INFO - Processing file /home/airflow/.local/lib/python3.8/site-packages/airflow/example_dags/tutorial_objectstorage.py for tasks to queue
[2025-09-20T21:51:52.171+0000] {logging_mixin.py:188} INFO - [2025-09-20T21:51:52.171+0000] {dagbag.py:538} INFO - Filling up the DagBag from /home/airflow/.local/lib/python3.8/site-packages/airflow/example_dags/tutorial_objectstorage.py
[2025-09-20T21:51:52.184+0000] {processor.py:840} INFO - DAG(s) 'tutorial_objectstorage' retrieved from /home/airflow/.local/lib/python3.8/site-packages/airflow/example_dags/tutorial_objectstorage.py
[2025-09-20T21:51:52.222+0000] {logging_mixin.py:188} INFO - [2025-09-20T21:51:52.221+0000] {dag.py:3036} INFO - Sync 1 DAGs
[2025-09-20T21:51:52.244+0000] {logging_mixin.py:188} INFO - [2025-09-20T21:51:52.244+0000] {dag.py:3823} INFO - Setting next_dagrun for tutorial_objectstorage to None, run_after=None
[2025-09-20T21:51:52.286+0000] {processor.py:183} INFO - Processing /home/airflow/.local/lib/python3.8/site-packages/airflow/example_dags/tutorial_objectstorage.py took 0.126 seconds
[2025-09-20T21:52:22.729+0000] {processor.py:161} INFO - Started process (PID=419) to work on /home/airflow/.local/lib/python3.8/site-packages/airflow/example_dags/tutorial_objectstorage.py
[2025-09-20T21:52:22.731+0000] {processor.py:830} INFO - Processing file /home/airflow/.local/lib/python3.8/site-packages/airflow/example_dags/tutorial_objectstorage.py for tasks to queue
[2025-09-20T21:52:22.734+0000] {logging_mixin.py:188} INFO - [2025-09-20T21:52:22.734+0000] {dagbag.py:538} INFO - Filling up the DagBag from /home/airflow/.local/lib/python3.8/site-packages/airflow/example_dags/tutorial_objectstorage.py
[2025-09-20T21:52:22.747+0000] {processor.py:840} INFO - DAG(s) 'tutorial_objectstorage' retrieved from /home/airflow/.local/lib/python3.8/site-packages/airflow/example_dags/tutorial_objectstorage.py
[2025-09-20T21:52:22.783+0000] {logging_mixin.py:188} INFO - [2025-09-20T21:52:22.783+0000] {dag.py:3036} INFO - Sync 1 DAGs
[2025-09-20T21:52:22.825+0000] {logging_mixin.py:188} INFO - [2025-09-20T21:52:22.825+0000] {dag.py:3823} INFO - Setting next_dagrun for tutorial_objectstorage to None, run_after=None
[2025-09-20T21:52:22.912+0000] {processor.py:183} INFO - Processing /home/airflow/.local/lib/python3.8/site-packages/airflow/example_dags/tutorial_objectstorage.py took 0.191 seconds
[2025-09-20T21:52:53.059+0000] {processor.py:161} INFO - Started process (PID=475) to work on /home/airflow/.local/lib/python3.8/site-packages/airflow/example_dags/tutorial_objectstorage.py
[2025-09-20T21:52:53.061+0000] {processor.py:830} INFO - Processing file /home/airflow/.local/lib/python3.8/site-packages/airflow/example_dags/tutorial_objectstorage.py for tasks to queue
[2025-09-20T21:52:53.065+0000] {logging_mixin.py:188} INFO - [2025-09-20T21:52:53.064+0000] {dagbag.py:538} INFO - Filling up the DagBag from /home/airflow/.local/lib/python3.8/site-packages/airflow/example_dags/tutorial_objectstorage.py
[2025-09-20T21:52:53.078+0000] {processor.py:840} INFO - DAG(s) 'tutorial_objectstorage' retrieved from /home/airflow/.local/lib/python3.8/site-packages/airflow/example_dags/tutorial_objectstorage.py
[2025-09-20T21:52:53.114+0000] {logging_mixin.py:188} INFO - [2025-09-20T21:52:53.113+0000] {dag.py:3036} INFO - Sync 1 DAGs
[2025-09-20T21:52:53.137+0000] {logging_mixin.py:188} INFO - [2025-09-20T21:52:53.137+0000] {dag.py:3823} INFO - Setting next_dagrun for tutorial_objectstorage to None, run_after=None
[2025-09-20T21:52:53.186+0000] {processor.py:183} INFO - Processing /home/airflow/.local/lib/python3.8/site-packages/airflow/example_dags/tutorial_objectstorage.py took 0.133 seconds
[2025-09-20T21:53:23.572+0000] {processor.py:161} INFO - Started process (PID=533) to work on /home/airflow/.local/lib/python3.8/site-packages/airflow/example_dags/tutorial_objectstorage.py
[2025-09-20T21:53:23.574+0000] {processor.py:830} INFO - Processing file /home/airflow/.local/lib/python3.8/site-packages/airflow/example_dags/tutorial_objectstorage.py for tasks to queue
[2025-09-20T21:53:23.578+0000] {logging_mixin.py:188} INFO - [2025-09-20T21:53:23.577+0000] {dagbag.py:538} INFO - Filling up the DagBag from /home/airflow/.local/lib/python3.8/site-packages/airflow/example_dags/tutorial_objectstorage.py
[2025-09-20T21:53:23.590+0000] {processor.py:840} INFO - DAG(s) 'tutorial_objectstorage' retrieved from /home/airflow/.local/lib/python3.8/site-packages/airflow/example_dags/tutorial_objectstorage.py
[2025-09-20T21:53:23.634+0000] {logging_mixin.py:188} INFO - [2025-09-20T21:53:23.634+0000] {dag.py:3036} INFO - Sync 1 DAGs
[2025-09-20T21:53:23.664+0000] {logging_mixin.py:188} INFO - [2025-09-20T21:53:23.663+0000] {dag.py:3823} INFO - Setting next_dagrun for tutorial_objectstorage to None, run_after=None
[2025-09-20T21:53:23.705+0000] {processor.py:183} INFO - Processing /home/airflow/.local/lib/python3.8/site-packages/airflow/example_dags/tutorial_objectstorage.py took 0.139 seconds
[2025-09-20T21:53:54.311+0000] {processor.py:161} INFO - Started process (PID=591) to work on /home/airflow/.local/lib/python3.8/site-packages/airflow/example_dags/tutorial_objectstorage.py
[2025-09-20T21:53:54.313+0000] {processor.py:830} INFO - Processing file /home/airflow/.local/lib/python3.8/site-packages/airflow/example_dags/tutorial_objectstorage.py for tasks to queue
[2025-09-20T21:53:54.317+0000] {logging_mixin.py:188} INFO - [2025-09-20T21:53:54.316+0000] {dagbag.py:538} INFO - Filling up the DagBag from /home/airflow/.local/lib/python3.8/site-packages/airflow/example_dags/tutorial_objectstorage.py
[2025-09-20T21:53:54.333+0000] {processor.py:840} INFO - DAG(s) 'tutorial_objectstorage' retrieved from /home/airflow/.local/lib/python3.8/site-packages/airflow/example_dags/tutorial_objectstorage.py
[2025-09-20T21:53:54.371+0000] {logging_mixin.py:188} INFO - [2025-09-20T21:53:54.370+0000] {dag.py:3036} INFO - Sync 1 DAGs
[2025-09-20T21:53:54.406+0000] {logging_mixin.py:188} INFO - [2025-09-20T21:53:54.405+0000] {dag.py:3823} INFO - Setting next_dagrun for tutorial_objectstorage to None, run_after=None
[2025-09-20T21:53:54.471+0000] {processor.py:183} INFO - Processing /home/airflow/.local/lib/python3.8/site-packages/airflow/example_dags/tutorial_objectstorage.py took 0.169 seconds
[2025-09-20T21:54:24.623+0000] {processor.py:161} INFO - Started process (PID=649) to work on /home/airflow/.local/lib/python3.8/site-packages/airflow/example_dags/tutorial_objectstorage.py
[2025-09-20T21:54:24.625+0000] {processor.py:830} INFO - Processing file /home/airflow/.local/lib/python3.8/site-packages/airflow/example_dags/tutorial_objectstorage.py for tasks to queue
[2025-09-20T21:54:24.629+0000] {logging_mixin.py:188} INFO - [2025-09-20T21:54:24.628+0000] {dagbag.py:538} INFO - Filling up the DagBag from /home/airflow/.local/lib/python3.8/site-packages/airflow/example_dags/tutorial_objectstorage.py
[2025-09-20T21:54:24.641+0000] {processor.py:840} INFO - DAG(s) 'tutorial_objectstorage' retrieved from /home/airflow/.local/lib/python3.8/site-packages/airflow/example_dags/tutorial_objectstorage.py
[2025-09-20T21:54:24.675+0000] {logging_mixin.py:188} INFO - [2025-09-20T21:54:24.674+0000] {dag.py:3036} INFO - Sync 1 DAGs
[2025-09-20T21:54:24.697+0000] {logging_mixin.py:188} INFO - [2025-09-20T21:54:24.696+0000] {dag.py:3823} INFO - Setting next_dagrun for tutorial_objectstorage to None, run_after=None
[2025-09-20T21:54:24.731+0000] {processor.py:183} INFO - Processing /home/airflow/.local/lib/python3.8/site-packages/airflow/example_dags/tutorial_objectstorage.py took 0.113 seconds
[2025-09-20T21:54:55.486+0000] {processor.py:161} INFO - Started process (PID=707) to work on /home/airflow/.local/lib/python3.8/site-packages/airflow/example_dags/tutorial_objectstorage.py
[2025-09-20T21:54:55.488+0000] {processor.py:830} INFO - Processing file /home/airflow/.local/lib/python3.8/site-packages/airflow/example_dags/tutorial_objectstorage.py for tasks to queue
[2025-09-20T21:54:55.492+0000] {logging_mixin.py:188} INFO - [2025-09-20T21:54:55.492+0000] {dagbag.py:538} INFO - Filling up the DagBag from /home/airflow/.local/lib/python3.8/site-packages/airflow/example_dags/tutorial_objectstorage.py
[2025-09-20T21:54:55.506+0000] {processor.py:840} INFO - DAG(s) 'tutorial_objectstorage' retrieved from /home/airflow/.local/lib/python3.8/site-packages/airflow/example_dags/tutorial_objectstorage.py
[2025-09-20T21:54:55.539+0000] {logging_mixin.py:188} INFO - [2025-09-20T21:54:55.539+0000] {dag.py:3036} INFO - Sync 1 DAGs
[2025-09-20T21:54:55.563+0000] {logging_mixin.py:188} INFO - [2025-09-20T21:54:55.563+0000] {dag.py:3823} INFO - Setting next_dagrun for tutorial_objectstorage to None, run_after=None
[2025-09-20T21:54:55.598+0000] {processor.py:183} INFO - Processing /home/airflow/.local/lib/python3.8/site-packages/airflow/example_dags/tutorial_objectstorage.py took 0.120 seconds
[2025-09-20T21:55:26.498+0000] {processor.py:161} INFO - Started process (PID=769) to work on /home/airflow/.local/lib/python3.8/site-packages/airflow/example_dags/tutorial_objectstorage.py
[2025-09-20T21:55:26.501+0000] {processor.py:830} INFO - Processing file /home/airflow/.local/lib/python3.8/site-packages/airflow/example_dags/tutorial_objectstorage.py for tasks to queue
[2025-09-20T21:55:26.504+0000] {logging_mixin.py:188} INFO - [2025-09-20T21:55:26.504+0000] {dagbag.py:538} INFO - Filling up the DagBag from /home/airflow/.local/lib/python3.8/site-packages/airflow/example_dags/tutorial_objectstorage.py
[2025-09-20T21:55:26.519+0000] {processor.py:840} INFO - DAG(s) 'tutorial_objectstorage' retrieved from /home/airflow/.local/lib/python3.8/site-packages/airflow/example_dags/tutorial_objectstorage.py
[2025-09-20T21:55:26.553+0000] {logging_mixin.py:188} INFO - [2025-09-20T21:55:26.553+0000] {dag.py:3036} INFO - Sync 1 DAGs
[2025-09-20T21:55:26.582+0000] {logging_mixin.py:188} INFO - [2025-09-20T21:55:26.582+0000] {dag.py:3823} INFO - Setting next_dagrun for tutorial_objectstorage to None, run_after=None
[2025-09-20T21:55:26.623+0000] {processor.py:183} INFO - Processing /home/airflow/.local/lib/python3.8/site-packages/airflow/example_dags/tutorial_objectstorage.py took 0.131 seconds
[2025-09-20T21:55:56.959+0000] {processor.py:161} INFO - Started process (PID=831) to work on /home/airflow/.local/lib/python3.8/site-packages/airflow/example_dags/tutorial_objectstorage.py
[2025-09-20T21:55:56.961+0000] {processor.py:830} INFO - Processing file /home/airflow/.local/lib/python3.8/site-packages/airflow/example_dags/tutorial_objectstorage.py for tasks to queue
[2025-09-20T21:55:56.964+0000] {logging_mixin.py:188} INFO - [2025-09-20T21:55:56.964+0000] {dagbag.py:538} INFO - Filling up the DagBag from /home/airflow/.local/lib/python3.8/site-packages/airflow/example_dags/tutorial_objectstorage.py
[2025-09-20T21:55:56.979+0000] {processor.py:840} INFO - DAG(s) 'tutorial_objectstorage' retrieved from /home/airflow/.local/lib/python3.8/site-packages/airflow/example_dags/tutorial_objectstorage.py
[2025-09-20T21:55:57.015+0000] {logging_mixin.py:188} INFO - [2025-09-20T21:55:57.015+0000] {dag.py:3036} INFO - Sync 1 DAGs
[2025-09-20T21:55:57.046+0000] {logging_mixin.py:188} INFO - [2025-09-20T21:55:57.046+0000] {dag.py:3823} INFO - Setting next_dagrun for tutorial_objectstorage to None, run_after=None
[2025-09-20T21:55:57.091+0000] {processor.py:183} INFO - Processing /home/airflow/.local/lib/python3.8/site-packages/airflow/example_dags/tutorial_objectstorage.py took 0.139 seconds
[2025-09-20T21:56:27.401+0000] {processor.py:161} INFO - Started process (PID=889) to work on /home/airflow/.local/lib/python3.8/site-packages/airflow/example_dags/tutorial_objectstorage.py
[2025-09-20T21:56:27.403+0000] {processor.py:830} INFO - Processing file /home/airflow/.local/lib/python3.8/site-packages/airflow/example_dags/tutorial_objectstorage.py for tasks to queue
[2025-09-20T21:56:27.406+0000] {logging_mixin.py:188} INFO - [2025-09-20T21:56:27.406+0000] {dagbag.py:538} INFO - Filling up the DagBag from /home/airflow/.local/lib/python3.8/site-packages/airflow/example_dags/tutorial_objectstorage.py
[2025-09-20T21:56:27.419+0000] {processor.py:840} INFO - DAG(s) 'tutorial_objectstorage' retrieved from /home/airflow/.local/lib/python3.8/site-packages/airflow/example_dags/tutorial_objectstorage.py
[2025-09-20T21:56:27.452+0000] {logging_mixin.py:188} INFO - [2025-09-20T21:56:27.452+0000] {dag.py:3036} INFO - Sync 1 DAGs
[2025-09-20T21:56:27.474+0000] {logging_mixin.py:188} INFO - [2025-09-20T21:56:27.474+0000] {dag.py:3823} INFO - Setting next_dagrun for tutorial_objectstorage to None, run_after=None
[2025-09-20T21:56:27.510+0000] {processor.py:183} INFO - Processing /home/airflow/.local/lib/python3.8/site-packages/airflow/example_dags/tutorial_objectstorage.py took 0.115 seconds
[2025-09-20T21:56:57.695+0000] {processor.py:161} INFO - Started process (PID=947) to work on /home/airflow/.local/lib/python3.8/site-packages/airflow/example_dags/tutorial_objectstorage.py
[2025-09-20T21:56:57.698+0000] {processor.py:830} INFO - Processing file /home/airflow/.local/lib/python3.8/site-packages/airflow/example_dags/tutorial_objectstorage.py for tasks to queue
[2025-09-20T21:56:57.701+0000] {logging_mixin.py:188} INFO - [2025-09-20T21:56:57.701+0000] {dagbag.py:538} INFO - Filling up the DagBag from /home/airflow/.local/lib/python3.8/site-packages/airflow/example_dags/tutorial_objectstorage.py
[2025-09-20T21:56:57.714+0000] {processor.py:840} INFO - DAG(s) 'tutorial_objectstorage' retrieved from /home/airflow/.local/lib/python3.8/site-packages/airflow/example_dags/tutorial_objectstorage.py
[2025-09-20T21:56:57.750+0000] {logging_mixin.py:188} INFO - [2025-09-20T21:56:57.750+0000] {dag.py:3036} INFO - Sync 1 DAGs
[2025-09-20T21:56:57.776+0000] {logging_mixin.py:188} INFO - [2025-09-20T21:56:57.775+0000] {dag.py:3823} INFO - Setting next_dagrun for tutorial_objectstorage to None, run_after=None
[2025-09-20T21:56:57.813+0000] {processor.py:183} INFO - Processing /home/airflow/.local/lib/python3.8/site-packages/airflow/example_dags/tutorial_objectstorage.py took 0.124 seconds
[2025-09-20T21:57:28.047+0000] {processor.py:161} INFO - Started process (PID=1005) to work on /home/airflow/.local/lib/python3.8/site-packages/airflow/example_dags/tutorial_objectstorage.py
[2025-09-20T21:57:28.049+0000] {processor.py:830} INFO - Processing file /home/airflow/.local/lib/python3.8/site-packages/airflow/example_dags/tutorial_objectstorage.py for tasks to queue
[2025-09-20T21:57:28.052+0000] {logging_mixin.py:188} INFO - [2025-09-20T21:57:28.052+0000] {dagbag.py:538} INFO - Filling up the DagBag from /home/airflow/.local/lib/python3.8/site-packages/airflow/example_dags/tutorial_objectstorage.py
[2025-09-20T21:57:28.066+0000] {processor.py:840} INFO - DAG(s) 'tutorial_objectstorage' retrieved from /home/airflow/.local/lib/python3.8/site-packages/airflow/example_dags/tutorial_objectstorage.py
[2025-09-20T21:57:28.103+0000] {logging_mixin.py:188} INFO - [2025-09-20T21:57:28.103+0000] {dag.py:3036} INFO - Sync 1 DAGs
[2025-09-20T21:57:28.129+0000] {logging_mixin.py:188} INFO - [2025-09-20T21:57:28.128+0000] {dag.py:3823} INFO - Setting next_dagrun for tutorial_objectstorage to None, run_after=None
[2025-09-20T21:57:28.166+0000] {processor.py:183} INFO - Processing /home/airflow/.local/lib/python3.8/site-packages/airflow/example_dags/tutorial_objectstorage.py took 0.127 seconds
[2025-09-20T21:57:58.292+0000] {processor.py:161} INFO - Started process (PID=1063) to work on /home/airflow/.local/lib/python3.8/site-packages/airflow/example_dags/tutorial_objectstorage.py
[2025-09-20T21:57:58.294+0000] {processor.py:830} INFO - Processing file /home/airflow/.local/lib/python3.8/site-packages/airflow/example_dags/tutorial_objectstorage.py for tasks to queue
[2025-09-20T21:57:58.297+0000] {logging_mixin.py:188} INFO - [2025-09-20T21:57:58.297+0000] {dagbag.py:538} INFO - Filling up the DagBag from /home/airflow/.local/lib/python3.8/site-packages/airflow/example_dags/tutorial_objectstorage.py
[2025-09-20T21:57:58.310+0000] {processor.py:840} INFO - DAG(s) 'tutorial_objectstorage' retrieved from /home/airflow/.local/lib/python3.8/site-packages/airflow/example_dags/tutorial_objectstorage.py
[2025-09-20T21:57:58.345+0000] {logging_mixin.py:188} INFO - [2025-09-20T21:57:58.345+0000] {dag.py:3036} INFO - Sync 1 DAGs
[2025-09-20T21:57:58.369+0000] {logging_mixin.py:188} INFO - [2025-09-20T21:57:58.369+0000] {dag.py:3823} INFO - Setting next_dagrun for tutorial_objectstorage to None, run_after=None
[2025-09-20T21:57:58.407+0000] {processor.py:183} INFO - Processing /home/airflow/.local/lib/python3.8/site-packages/airflow/example_dags/tutorial_objectstorage.py took 0.121 seconds
[2025-09-20T21:58:29.316+0000] {processor.py:161} INFO - Started process (PID=1121) to work on /home/airflow/.local/lib/python3.8/site-packages/airflow/example_dags/tutorial_objectstorage.py
[2025-09-20T21:58:29.318+0000] {processor.py:830} INFO - Processing file /home/airflow/.local/lib/python3.8/site-packages/airflow/example_dags/tutorial_objectstorage.py for tasks to queue
[2025-09-20T21:58:29.321+0000] {logging_mixin.py:188} INFO - [2025-09-20T21:58:29.321+0000] {dagbag.py:538} INFO - Filling up the DagBag from /home/airflow/.local/lib/python3.8/site-packages/airflow/example_dags/tutorial_objectstorage.py
[2025-09-20T21:58:29.334+0000] {processor.py:840} INFO - DAG(s) 'tutorial_objectstorage' retrieved from /home/airflow/.local/lib/python3.8/site-packages/airflow/example_dags/tutorial_objectstorage.py
[2025-09-20T21:58:29.371+0000] {logging_mixin.py:188} INFO - [2025-09-20T21:58:29.370+0000] {dag.py:3036} INFO - Sync 1 DAGs
[2025-09-20T21:58:29.395+0000] {logging_mixin.py:188} INFO - [2025-09-20T21:58:29.395+0000] {dag.py:3823} INFO - Setting next_dagrun for tutorial_objectstorage to None, run_after=None
[2025-09-20T21:58:29.436+0000] {processor.py:183} INFO - Processing /home/airflow/.local/lib/python3.8/site-packages/airflow/example_dags/tutorial_objectstorage.py took 0.127 seconds
[2025-09-20T21:58:59.565+0000] {processor.py:161} INFO - Started process (PID=1179) to work on /home/airflow/.local/lib/python3.8/site-packages/airflow/example_dags/tutorial_objectstorage.py
[2025-09-20T21:58:59.567+0000] {processor.py:830} INFO - Processing file /home/airflow/.local/lib/python3.8/site-packages/airflow/example_dags/tutorial_objectstorage.py for tasks to queue
[2025-09-20T21:58:59.570+0000] {logging_mixin.py:188} INFO - [2025-09-20T21:58:59.570+0000] {dagbag.py:538} INFO - Filling up the DagBag from /home/airflow/.local/lib/python3.8/site-packages/airflow/example_dags/tutorial_objectstorage.py
[2025-09-20T21:58:59.583+0000] {processor.py:840} INFO - DAG(s) 'tutorial_objectstorage' retrieved from /home/airflow/.local/lib/python3.8/site-packages/airflow/example_dags/tutorial_objectstorage.py
[2025-09-20T21:58:59.618+0000] {logging_mixin.py:188} INFO - [2025-09-20T21:58:59.618+0000] {dag.py:3036} INFO - Sync 1 DAGs
[2025-09-20T21:58:59.640+0000] {logging_mixin.py:188} INFO - [2025-09-20T21:58:59.640+0000] {dag.py:3823} INFO - Setting next_dagrun for tutorial_objectstorage to None, run_after=None
[2025-09-20T21:58:59.684+0000] {processor.py:183} INFO - Processing /home/airflow/.local/lib/python3.8/site-packages/airflow/example_dags/tutorial_objectstorage.py took 0.126 seconds
[2025-09-20T21:59:30.077+0000] {processor.py:161} INFO - Started process (PID=1237) to work on /home/airflow/.local/lib/python3.8/site-packages/airflow/example_dags/tutorial_objectstorage.py
[2025-09-20T21:59:30.079+0000] {processor.py:830} INFO - Processing file /home/airflow/.local/lib/python3.8/site-packages/airflow/example_dags/tutorial_objectstorage.py for tasks to queue
[2025-09-20T21:59:30.084+0000] {logging_mixin.py:188} INFO - [2025-09-20T21:59:30.083+0000] {dagbag.py:538} INFO - Filling up the DagBag from /home/airflow/.local/lib/python3.8/site-packages/airflow/example_dags/tutorial_objectstorage.py
[2025-09-20T21:59:30.098+0000] {processor.py:840} INFO - DAG(s) 'tutorial_objectstorage' retrieved from /home/airflow/.local/lib/python3.8/site-packages/airflow/example_dags/tutorial_objectstorage.py
[2025-09-20T21:59:30.136+0000] {logging_mixin.py:188} INFO - [2025-09-20T21:59:30.136+0000] {dag.py:3036} INFO - Sync 1 DAGs
[2025-09-20T21:59:30.158+0000] {logging_mixin.py:188} INFO - [2025-09-20T21:59:30.157+0000] {dag.py:3823} INFO - Setting next_dagrun for tutorial_objectstorage to None, run_after=None
[2025-09-20T21:59:30.193+0000] {processor.py:183} INFO - Processing /home/airflow/.local/lib/python3.8/site-packages/airflow/example_dags/tutorial_objectstorage.py took 0.123 seconds
[2025-09-20T22:00:00.336+0000] {processor.py:161} INFO - Started process (PID=1295) to work on /home/airflow/.local/lib/python3.8/site-packages/airflow/example_dags/tutorial_objectstorage.py
[2025-09-20T22:00:00.339+0000] {processor.py:830} INFO - Processing file /home/airflow/.local/lib/python3.8/site-packages/airflow/example_dags/tutorial_objectstorage.py for tasks to queue
[2025-09-20T22:00:00.343+0000] {logging_mixin.py:188} INFO - [2025-09-20T22:00:00.342+0000] {dagbag.py:538} INFO - Filling up the DagBag from /home/airflow/.local/lib/python3.8/site-packages/airflow/example_dags/tutorial_objectstorage.py
[2025-09-20T22:00:00.356+0000] {processor.py:840} INFO - DAG(s) 'tutorial_objectstorage' retrieved from /home/airflow/.local/lib/python3.8/site-packages/airflow/example_dags/tutorial_objectstorage.py
[2025-09-20T22:00:00.399+0000] {logging_mixin.py:188} INFO - [2025-09-20T22:00:00.399+0000] {dag.py:3036} INFO - Sync 1 DAGs
[2025-09-20T22:00:00.428+0000] {logging_mixin.py:188} INFO - [2025-09-20T22:00:00.428+0000] {dag.py:3823} INFO - Setting next_dagrun for tutorial_objectstorage to None, run_after=None
[2025-09-20T22:00:00.468+0000] {processor.py:183} INFO - Processing /home/airflow/.local/lib/python3.8/site-packages/airflow/example_dags/tutorial_objectstorage.py took 0.139 seconds
[2025-09-20T22:00:30.590+0000] {processor.py:161} INFO - Started process (PID=1352) to work on /home/airflow/.local/lib/python3.8/site-packages/airflow/example_dags/tutorial_objectstorage.py
[2025-09-20T22:00:30.601+0000] {processor.py:830} INFO - Processing file /home/airflow/.local/lib/python3.8/site-packages/airflow/example_dags/tutorial_objectstorage.py for tasks to queue
[2025-09-20T22:00:30.604+0000] {logging_mixin.py:188} INFO - [2025-09-20T22:00:30.603+0000] {dagbag.py:538} INFO - Filling up the DagBag from /home/airflow/.local/lib/python3.8/site-packages/airflow/example_dags/tutorial_objectstorage.py
[2025-09-20T22:00:30.618+0000] {processor.py:840} INFO - DAG(s) 'tutorial_objectstorage' retrieved from /home/airflow/.local/lib/python3.8/site-packages/airflow/example_dags/tutorial_objectstorage.py
[2025-09-20T22:00:30.654+0000] {logging_mixin.py:188} INFO - [2025-09-20T22:00:30.653+0000] {dag.py:3036} INFO - Sync 1 DAGs
[2025-09-20T22:00:30.681+0000] {logging_mixin.py:188} INFO - [2025-09-20T22:00:30.681+0000] {dag.py:3823} INFO - Setting next_dagrun for tutorial_objectstorage to None, run_after=None
[2025-09-20T22:00:30.720+0000] {processor.py:183} INFO - Processing /home/airflow/.local/lib/python3.8/site-packages/airflow/example_dags/tutorial_objectstorage.py took 0.136 seconds
[2025-09-20T22:01:01.316+0000] {processor.py:161} INFO - Started process (PID=1409) to work on /home/airflow/.local/lib/python3.8/site-packages/airflow/example_dags/tutorial_objectstorage.py
[2025-09-20T22:01:01.318+0000] {processor.py:830} INFO - Processing file /home/airflow/.local/lib/python3.8/site-packages/airflow/example_dags/tutorial_objectstorage.py for tasks to queue
[2025-09-20T22:01:01.321+0000] {logging_mixin.py:188} INFO - [2025-09-20T22:01:01.321+0000] {dagbag.py:538} INFO - Filling up the DagBag from /home/airflow/.local/lib/python3.8/site-packages/airflow/example_dags/tutorial_objectstorage.py
[2025-09-20T22:01:01.341+0000] {processor.py:840} INFO - DAG(s) 'tutorial_objectstorage' retrieved from /home/airflow/.local/lib/python3.8/site-packages/airflow/example_dags/tutorial_objectstorage.py
[2025-09-20T22:01:01.386+0000] {logging_mixin.py:188} INFO - [2025-09-20T22:01:01.385+0000] {dag.py:3036} INFO - Sync 1 DAGs
[2025-09-20T22:01:01.419+0000] {logging_mixin.py:188} INFO - [2025-09-20T22:01:01.419+0000] {dag.py:3823} INFO - Setting next_dagrun for tutorial_objectstorage to None, run_after=None
[2025-09-20T22:01:01.466+0000] {processor.py:183} INFO - Processing /home/airflow/.local/lib/python3.8/site-packages/airflow/example_dags/tutorial_objectstorage.py took 0.157 seconds
[2025-09-20T22:01:31.547+0000] {processor.py:161} INFO - Started process (PID=1467) to work on /home/airflow/.local/lib/python3.8/site-packages/airflow/example_dags/tutorial_objectstorage.py
[2025-09-20T22:01:31.549+0000] {processor.py:830} INFO - Processing file /home/airflow/.local/lib/python3.8/site-packages/airflow/example_dags/tutorial_objectstorage.py for tasks to queue
[2025-09-20T22:01:31.554+0000] {logging_mixin.py:188} INFO - [2025-09-20T22:01:31.553+0000] {dagbag.py:538} INFO - Filling up the DagBag from /home/airflow/.local/lib/python3.8/site-packages/airflow/example_dags/tutorial_objectstorage.py
[2025-09-20T22:01:31.567+0000] {processor.py:840} INFO - DAG(s) 'tutorial_objectstorage' retrieved from /home/airflow/.local/lib/python3.8/site-packages/airflow/example_dags/tutorial_objectstorage.py
[2025-09-20T22:01:31.604+0000] {logging_mixin.py:188} INFO - [2025-09-20T22:01:31.603+0000] {dag.py:3036} INFO - Sync 1 DAGs
[2025-09-20T22:01:31.627+0000] {logging_mixin.py:188} INFO - [2025-09-20T22:01:31.627+0000] {dag.py:3823} INFO - Setting next_dagrun for tutorial_objectstorage to None, run_after=None
[2025-09-20T22:01:31.664+0000] {processor.py:183} INFO - Processing /home/airflow/.local/lib/python3.8/site-packages/airflow/example_dags/tutorial_objectstorage.py took 0.123 seconds
[2025-09-20T22:02:01.945+0000] {processor.py:161} INFO - Started process (PID=1525) to work on /home/airflow/.local/lib/python3.8/site-packages/airflow/example_dags/tutorial_objectstorage.py
[2025-09-20T22:02:01.947+0000] {processor.py:830} INFO - Processing file /home/airflow/.local/lib/python3.8/site-packages/airflow/example_dags/tutorial_objectstorage.py for tasks to queue
[2025-09-20T22:02:01.950+0000] {logging_mixin.py:188} INFO - [2025-09-20T22:02:01.950+0000] {dagbag.py:538} INFO - Filling up the DagBag from /home/airflow/.local/lib/python3.8/site-packages/airflow/example_dags/tutorial_objectstorage.py
[2025-09-20T22:02:01.962+0000] {processor.py:840} INFO - DAG(s) 'tutorial_objectstorage' retrieved from /home/airflow/.local/lib/python3.8/site-packages/airflow/example_dags/tutorial_objectstorage.py
[2025-09-20T22:02:01.999+0000] {logging_mixin.py:188} INFO - [2025-09-20T22:02:01.999+0000] {dag.py:3036} INFO - Sync 1 DAGs
[2025-09-20T22:02:02.021+0000] {logging_mixin.py:188} INFO - [2025-09-20T22:02:02.021+0000] {dag.py:3823} INFO - Setting next_dagrun for tutorial_objectstorage to None, run_after=None
[2025-09-20T22:02:02.055+0000] {processor.py:183} INFO - Processing /home/airflow/.local/lib/python3.8/site-packages/airflow/example_dags/tutorial_objectstorage.py took 0.116 seconds
[2025-09-20T22:02:32.343+0000] {processor.py:161} INFO - Started process (PID=1583) to work on /home/airflow/.local/lib/python3.8/site-packages/airflow/example_dags/tutorial_objectstorage.py
[2025-09-20T22:02:32.345+0000] {processor.py:830} INFO - Processing file /home/airflow/.local/lib/python3.8/site-packages/airflow/example_dags/tutorial_objectstorage.py for tasks to queue
[2025-09-20T22:02:32.349+0000] {logging_mixin.py:188} INFO - [2025-09-20T22:02:32.349+0000] {dagbag.py:538} INFO - Filling up the DagBag from /home/airflow/.local/lib/python3.8/site-packages/airflow/example_dags/tutorial_objectstorage.py
[2025-09-20T22:02:32.362+0000] {processor.py:840} INFO - DAG(s) 'tutorial_objectstorage' retrieved from /home/airflow/.local/lib/python3.8/site-packages/airflow/example_dags/tutorial_objectstorage.py
[2025-09-20T22:02:32.398+0000] {logging_mixin.py:188} INFO - [2025-09-20T22:02:32.397+0000] {dag.py:3036} INFO - Sync 1 DAGs
[2025-09-20T22:02:32.424+0000] {logging_mixin.py:188} INFO - [2025-09-20T22:02:32.424+0000] {dag.py:3823} INFO - Setting next_dagrun for tutorial_objectstorage to None, run_after=None
[2025-09-20T22:02:32.465+0000] {processor.py:183} INFO - Processing /home/airflow/.local/lib/python3.8/site-packages/airflow/example_dags/tutorial_objectstorage.py took 0.130 seconds
[2025-09-20T22:03:02.750+0000] {processor.py:161} INFO - Started process (PID=1641) to work on /home/airflow/.local/lib/python3.8/site-packages/airflow/example_dags/tutorial_objectstorage.py
[2025-09-20T22:03:02.752+0000] {processor.py:830} INFO - Processing file /home/airflow/.local/lib/python3.8/site-packages/airflow/example_dags/tutorial_objectstorage.py for tasks to queue
[2025-09-20T22:03:02.756+0000] {logging_mixin.py:188} INFO - [2025-09-20T22:03:02.756+0000] {dagbag.py:538} INFO - Filling up the DagBag from /home/airflow/.local/lib/python3.8/site-packages/airflow/example_dags/tutorial_objectstorage.py
[2025-09-20T22:03:02.771+0000] {processor.py:840} INFO - DAG(s) 'tutorial_objectstorage' retrieved from /home/airflow/.local/lib/python3.8/site-packages/airflow/example_dags/tutorial_objectstorage.py
[2025-09-20T22:03:02.807+0000] {logging_mixin.py:188} INFO - [2025-09-20T22:03:02.807+0000] {dag.py:3036} INFO - Sync 1 DAGs
[2025-09-20T22:03:02.830+0000] {logging_mixin.py:188} INFO - [2025-09-20T22:03:02.829+0000] {dag.py:3823} INFO - Setting next_dagrun for tutorial_objectstorage to None, run_after=None
[2025-09-20T22:03:02.865+0000] {processor.py:183} INFO - Processing /home/airflow/.local/lib/python3.8/site-packages/airflow/example_dags/tutorial_objectstorage.py took 0.121 seconds
[2025-09-20T22:03:33.039+0000] {processor.py:161} INFO - Started process (PID=1699) to work on /home/airflow/.local/lib/python3.8/site-packages/airflow/example_dags/tutorial_objectstorage.py
[2025-09-20T22:03:33.041+0000] {processor.py:830} INFO - Processing file /home/airflow/.local/lib/python3.8/site-packages/airflow/example_dags/tutorial_objectstorage.py for tasks to queue
[2025-09-20T22:03:33.044+0000] {logging_mixin.py:188} INFO - [2025-09-20T22:03:33.044+0000] {dagbag.py:538} INFO - Filling up the DagBag from /home/airflow/.local/lib/python3.8/site-packages/airflow/example_dags/tutorial_objectstorage.py
[2025-09-20T22:03:33.057+0000] {processor.py:840} INFO - DAG(s) 'tutorial_objectstorage' retrieved from /home/airflow/.local/lib/python3.8/site-packages/airflow/example_dags/tutorial_objectstorage.py
[2025-09-20T22:03:33.091+0000] {logging_mixin.py:188} INFO - [2025-09-20T22:03:33.091+0000] {dag.py:3036} INFO - Sync 1 DAGs
[2025-09-20T22:03:33.113+0000] {logging_mixin.py:188} INFO - [2025-09-20T22:03:33.113+0000] {dag.py:3823} INFO - Setting next_dagrun for tutorial_objectstorage to None, run_after=None
[2025-09-20T22:03:33.152+0000] {processor.py:183} INFO - Processing /home/airflow/.local/lib/python3.8/site-packages/airflow/example_dags/tutorial_objectstorage.py took 0.119 seconds
[2025-09-20T22:04:03.528+0000] {processor.py:161} INFO - Started process (PID=1757) to work on /home/airflow/.local/lib/python3.8/site-packages/airflow/example_dags/tutorial_objectstorage.py
[2025-09-20T22:04:03.530+0000] {processor.py:830} INFO - Processing file /home/airflow/.local/lib/python3.8/site-packages/airflow/example_dags/tutorial_objectstorage.py for tasks to queue
[2025-09-20T22:04:03.533+0000] {logging_mixin.py:188} INFO - [2025-09-20T22:04:03.533+0000] {dagbag.py:538} INFO - Filling up the DagBag from /home/airflow/.local/lib/python3.8/site-packages/airflow/example_dags/tutorial_objectstorage.py
[2025-09-20T22:04:03.546+0000] {processor.py:840} INFO - DAG(s) 'tutorial_objectstorage' retrieved from /home/airflow/.local/lib/python3.8/site-packages/airflow/example_dags/tutorial_objectstorage.py
[2025-09-20T22:04:03.585+0000] {logging_mixin.py:188} INFO - [2025-09-20T22:04:03.584+0000] {dag.py:3036} INFO - Sync 1 DAGs
[2025-09-20T22:04:03.607+0000] {logging_mixin.py:188} INFO - [2025-09-20T22:04:03.606+0000] {dag.py:3823} INFO - Setting next_dagrun for tutorial_objectstorage to None, run_after=None
[2025-09-20T22:04:03.645+0000] {processor.py:183} INFO - Processing /home/airflow/.local/lib/python3.8/site-packages/airflow/example_dags/tutorial_objectstorage.py took 0.124 seconds
[2025-09-20T22:04:34.256+0000] {processor.py:161} INFO - Started process (PID=1815) to work on /home/airflow/.local/lib/python3.8/site-packages/airflow/example_dags/tutorial_objectstorage.py
[2025-09-20T22:04:34.257+0000] {processor.py:830} INFO - Processing file /home/airflow/.local/lib/python3.8/site-packages/airflow/example_dags/tutorial_objectstorage.py for tasks to queue
[2025-09-20T22:04:34.261+0000] {logging_mixin.py:188} INFO - [2025-09-20T22:04:34.260+0000] {dagbag.py:538} INFO - Filling up the DagBag from /home/airflow/.local/lib/python3.8/site-packages/airflow/example_dags/tutorial_objectstorage.py
[2025-09-20T22:04:34.273+0000] {processor.py:840} INFO - DAG(s) 'tutorial_objectstorage' retrieved from /home/airflow/.local/lib/python3.8/site-packages/airflow/example_dags/tutorial_objectstorage.py
[2025-09-20T22:04:34.311+0000] {logging_mixin.py:188} INFO - [2025-09-20T22:04:34.310+0000] {dag.py:3036} INFO - Sync 1 DAGs
[2025-09-20T22:04:34.338+0000] {logging_mixin.py:188} INFO - [2025-09-20T22:04:34.337+0000] {dag.py:3823} INFO - Setting next_dagrun for tutorial_objectstorage to None, run_after=None
[2025-09-20T22:04:34.375+0000] {processor.py:183} INFO - Processing /home/airflow/.local/lib/python3.8/site-packages/airflow/example_dags/tutorial_objectstorage.py took 0.126 seconds
[2025-09-20T22:05:04.608+0000] {processor.py:161} INFO - Started process (PID=1874) to work on /home/airflow/.local/lib/python3.8/site-packages/airflow/example_dags/tutorial_objectstorage.py
[2025-09-20T22:05:04.611+0000] {processor.py:830} INFO - Processing file /home/airflow/.local/lib/python3.8/site-packages/airflow/example_dags/tutorial_objectstorage.py for tasks to queue
[2025-09-20T22:05:04.616+0000] {logging_mixin.py:188} INFO - [2025-09-20T22:05:04.615+0000] {dagbag.py:538} INFO - Filling up the DagBag from /home/airflow/.local/lib/python3.8/site-packages/airflow/example_dags/tutorial_objectstorage.py
[2025-09-20T22:05:04.634+0000] {processor.py:840} INFO - DAG(s) 'tutorial_objectstorage' retrieved from /home/airflow/.local/lib/python3.8/site-packages/airflow/example_dags/tutorial_objectstorage.py
[2025-09-20T22:05:04.683+0000] {logging_mixin.py:188} INFO - [2025-09-20T22:05:04.682+0000] {dag.py:3036} INFO - Sync 1 DAGs
[2025-09-20T22:05:04.715+0000] {logging_mixin.py:188} INFO - [2025-09-20T22:05:04.715+0000] {dag.py:3823} INFO - Setting next_dagrun for tutorial_objectstorage to None, run_after=None
[2025-09-20T22:05:04.759+0000] {processor.py:183} INFO - Processing /home/airflow/.local/lib/python3.8/site-packages/airflow/example_dags/tutorial_objectstorage.py took 0.166 seconds
[2025-09-20T22:05:35.424+0000] {processor.py:161} INFO - Started process (PID=1932) to work on /home/airflow/.local/lib/python3.8/site-packages/airflow/example_dags/tutorial_objectstorage.py
[2025-09-20T22:05:35.426+0000] {processor.py:830} INFO - Processing file /home/airflow/.local/lib/python3.8/site-packages/airflow/example_dags/tutorial_objectstorage.py for tasks to queue
[2025-09-20T22:05:35.430+0000] {logging_mixin.py:188} INFO - [2025-09-20T22:05:35.430+0000] {dagbag.py:538} INFO - Filling up the DagBag from /home/airflow/.local/lib/python3.8/site-packages/airflow/example_dags/tutorial_objectstorage.py
[2025-09-20T22:05:35.443+0000] {processor.py:840} INFO - DAG(s) 'tutorial_objectstorage' retrieved from /home/airflow/.local/lib/python3.8/site-packages/airflow/example_dags/tutorial_objectstorage.py
[2025-09-20T22:05:35.477+0000] {logging_mixin.py:188} INFO - [2025-09-20T22:05:35.477+0000] {dag.py:3036} INFO - Sync 1 DAGs
[2025-09-20T22:05:35.501+0000] {logging_mixin.py:188} INFO - [2025-09-20T22:05:35.500+0000] {dag.py:3823} INFO - Setting next_dagrun for tutorial_objectstorage to None, run_after=None
[2025-09-20T22:05:35.538+0000] {processor.py:183} INFO - Processing /home/airflow/.local/lib/python3.8/site-packages/airflow/example_dags/tutorial_objectstorage.py took 0.121 seconds
[2025-09-20T22:06:05.982+0000] {processor.py:161} INFO - Started process (PID=1990) to work on /home/airflow/.local/lib/python3.8/site-packages/airflow/example_dags/tutorial_objectstorage.py
[2025-09-20T22:06:05.983+0000] {processor.py:830} INFO - Processing file /home/airflow/.local/lib/python3.8/site-packages/airflow/example_dags/tutorial_objectstorage.py for tasks to queue
[2025-09-20T22:06:05.987+0000] {logging_mixin.py:188} INFO - [2025-09-20T22:06:05.986+0000] {dagbag.py:538} INFO - Filling up the DagBag from /home/airflow/.local/lib/python3.8/site-packages/airflow/example_dags/tutorial_objectstorage.py
[2025-09-20T22:06:05.999+0000] {processor.py:840} INFO - DAG(s) 'tutorial_objectstorage' retrieved from /home/airflow/.local/lib/python3.8/site-packages/airflow/example_dags/tutorial_objectstorage.py
[2025-09-20T22:06:06.033+0000] {logging_mixin.py:188} INFO - [2025-09-20T22:06:06.032+0000] {dag.py:3036} INFO - Sync 1 DAGs
[2025-09-20T22:06:06.055+0000] {logging_mixin.py:188} INFO - [2025-09-20T22:06:06.054+0000] {dag.py:3823} INFO - Setting next_dagrun for tutorial_objectstorage to None, run_after=None
[2025-09-20T22:06:06.088+0000] {processor.py:183} INFO - Processing /home/airflow/.local/lib/python3.8/site-packages/airflow/example_dags/tutorial_objectstorage.py took 0.113 seconds
[2025-09-20T22:06:36.433+0000] {processor.py:161} INFO - Started process (PID=2046) to work on /home/airflow/.local/lib/python3.8/site-packages/airflow/example_dags/tutorial_objectstorage.py
[2025-09-20T22:06:36.435+0000] {processor.py:830} INFO - Processing file /home/airflow/.local/lib/python3.8/site-packages/airflow/example_dags/tutorial_objectstorage.py for tasks to queue
[2025-09-20T22:06:36.439+0000] {logging_mixin.py:188} INFO - [2025-09-20T22:06:36.438+0000] {dagbag.py:538} INFO - Filling up the DagBag from /home/airflow/.local/lib/python3.8/site-packages/airflow/example_dags/tutorial_objectstorage.py
[2025-09-20T22:06:36.451+0000] {processor.py:840} INFO - DAG(s) 'tutorial_objectstorage' retrieved from /home/airflow/.local/lib/python3.8/site-packages/airflow/example_dags/tutorial_objectstorage.py
[2025-09-20T22:06:36.490+0000] {logging_mixin.py:188} INFO - [2025-09-20T22:06:36.489+0000] {dag.py:3036} INFO - Sync 1 DAGs
[2025-09-20T22:06:36.515+0000] {logging_mixin.py:188} INFO - [2025-09-20T22:06:36.514+0000] {dag.py:3823} INFO - Setting next_dagrun for tutorial_objectstorage to None, run_after=None
[2025-09-20T22:06:36.561+0000] {processor.py:183} INFO - Processing /home/airflow/.local/lib/python3.8/site-packages/airflow/example_dags/tutorial_objectstorage.py took 0.135 seconds
[2025-09-20T22:07:07.398+0000] {processor.py:161} INFO - Started process (PID=2104) to work on /home/airflow/.local/lib/python3.8/site-packages/airflow/example_dags/tutorial_objectstorage.py
[2025-09-20T22:07:07.401+0000] {processor.py:830} INFO - Processing file /home/airflow/.local/lib/python3.8/site-packages/airflow/example_dags/tutorial_objectstorage.py for tasks to queue
[2025-09-20T22:07:07.404+0000] {logging_mixin.py:188} INFO - [2025-09-20T22:07:07.404+0000] {dagbag.py:538} INFO - Filling up the DagBag from /home/airflow/.local/lib/python3.8/site-packages/airflow/example_dags/tutorial_objectstorage.py
[2025-09-20T22:07:07.417+0000] {processor.py:840} INFO - DAG(s) 'tutorial_objectstorage' retrieved from /home/airflow/.local/lib/python3.8/site-packages/airflow/example_dags/tutorial_objectstorage.py
[2025-09-20T22:07:07.455+0000] {logging_mixin.py:188} INFO - [2025-09-20T22:07:07.455+0000] {dag.py:3036} INFO - Sync 1 DAGs
[2025-09-20T22:07:07.478+0000] {logging_mixin.py:188} INFO - [2025-09-20T22:07:07.478+0000] {dag.py:3823} INFO - Setting next_dagrun for tutorial_objectstorage to None, run_after=None
[2025-09-20T22:07:07.514+0000] {processor.py:183} INFO - Processing /home/airflow/.local/lib/python3.8/site-packages/airflow/example_dags/tutorial_objectstorage.py took 0.124 seconds
[2025-09-20T22:07:38.452+0000] {processor.py:161} INFO - Started process (PID=2162) to work on /home/airflow/.local/lib/python3.8/site-packages/airflow/example_dags/tutorial_objectstorage.py
[2025-09-20T22:07:38.454+0000] {processor.py:830} INFO - Processing file /home/airflow/.local/lib/python3.8/site-packages/airflow/example_dags/tutorial_objectstorage.py for tasks to queue
[2025-09-20T22:07:38.459+0000] {logging_mixin.py:188} INFO - [2025-09-20T22:07:38.458+0000] {dagbag.py:538} INFO - Filling up the DagBag from /home/airflow/.local/lib/python3.8/site-packages/airflow/example_dags/tutorial_objectstorage.py
[2025-09-20T22:07:38.471+0000] {processor.py:840} INFO - DAG(s) 'tutorial_objectstorage' retrieved from /home/airflow/.local/lib/python3.8/site-packages/airflow/example_dags/tutorial_objectstorage.py
[2025-09-20T22:07:38.508+0000] {logging_mixin.py:188} INFO - [2025-09-20T22:07:38.508+0000] {dag.py:3036} INFO - Sync 1 DAGs
[2025-09-20T22:07:38.530+0000] {logging_mixin.py:188} INFO - [2025-09-20T22:07:38.530+0000] {dag.py:3823} INFO - Setting next_dagrun for tutorial_objectstorage to None, run_after=None
[2025-09-20T22:07:38.566+0000] {processor.py:183} INFO - Processing /home/airflow/.local/lib/python3.8/site-packages/airflow/example_dags/tutorial_objectstorage.py took 0.120 seconds
[2025-09-20T22:08:09.539+0000] {processor.py:161} INFO - Started process (PID=2220) to work on /home/airflow/.local/lib/python3.8/site-packages/airflow/example_dags/tutorial_objectstorage.py
[2025-09-20T22:08:09.541+0000] {processor.py:830} INFO - Processing file /home/airflow/.local/lib/python3.8/site-packages/airflow/example_dags/tutorial_objectstorage.py for tasks to queue
[2025-09-20T22:08:09.545+0000] {logging_mixin.py:188} INFO - [2025-09-20T22:08:09.544+0000] {dagbag.py:538} INFO - Filling up the DagBag from /home/airflow/.local/lib/python3.8/site-packages/airflow/example_dags/tutorial_objectstorage.py
[2025-09-20T22:08:09.557+0000] {processor.py:840} INFO - DAG(s) 'tutorial_objectstorage' retrieved from /home/airflow/.local/lib/python3.8/site-packages/airflow/example_dags/tutorial_objectstorage.py
[2025-09-20T22:08:09.591+0000] {logging_mixin.py:188} INFO - [2025-09-20T22:08:09.591+0000] {dag.py:3036} INFO - Sync 1 DAGs
[2025-09-20T22:08:09.613+0000] {logging_mixin.py:188} INFO - [2025-09-20T22:08:09.613+0000] {dag.py:3823} INFO - Setting next_dagrun for tutorial_objectstorage to None, run_after=None
[2025-09-20T22:08:09.647+0000] {processor.py:183} INFO - Processing /home/airflow/.local/lib/python3.8/site-packages/airflow/example_dags/tutorial_objectstorage.py took 0.114 seconds
[2025-09-20T22:08:40.484+0000] {processor.py:161} INFO - Started process (PID=2278) to work on /home/airflow/.local/lib/python3.8/site-packages/airflow/example_dags/tutorial_objectstorage.py
[2025-09-20T22:08:40.486+0000] {processor.py:830} INFO - Processing file /home/airflow/.local/lib/python3.8/site-packages/airflow/example_dags/tutorial_objectstorage.py for tasks to queue
[2025-09-20T22:08:40.489+0000] {logging_mixin.py:188} INFO - [2025-09-20T22:08:40.489+0000] {dagbag.py:538} INFO - Filling up the DagBag from /home/airflow/.local/lib/python3.8/site-packages/airflow/example_dags/tutorial_objectstorage.py
[2025-09-20T22:08:40.502+0000] {processor.py:840} INFO - DAG(s) 'tutorial_objectstorage' retrieved from /home/airflow/.local/lib/python3.8/site-packages/airflow/example_dags/tutorial_objectstorage.py
[2025-09-20T22:08:40.541+0000] {logging_mixin.py:188} INFO - [2025-09-20T22:08:40.541+0000] {dag.py:3036} INFO - Sync 1 DAGs
[2025-09-20T22:08:40.565+0000] {logging_mixin.py:188} INFO - [2025-09-20T22:08:40.565+0000] {dag.py:3823} INFO - Setting next_dagrun for tutorial_objectstorage to None, run_after=None
[2025-09-20T22:08:40.604+0000] {processor.py:183} INFO - Processing /home/airflow/.local/lib/python3.8/site-packages/airflow/example_dags/tutorial_objectstorage.py took 0.126 seconds
[2025-09-20T22:09:11.230+0000] {processor.py:161} INFO - Started process (PID=2335) to work on /home/airflow/.local/lib/python3.8/site-packages/airflow/example_dags/tutorial_objectstorage.py
[2025-09-20T22:09:11.232+0000] {processor.py:830} INFO - Processing file /home/airflow/.local/lib/python3.8/site-packages/airflow/example_dags/tutorial_objectstorage.py for tasks to queue
[2025-09-20T22:09:11.236+0000] {logging_mixin.py:188} INFO - [2025-09-20T22:09:11.235+0000] {dagbag.py:538} INFO - Filling up the DagBag from /home/airflow/.local/lib/python3.8/site-packages/airflow/example_dags/tutorial_objectstorage.py
[2025-09-20T22:09:11.251+0000] {processor.py:840} INFO - DAG(s) 'tutorial_objectstorage' retrieved from /home/airflow/.local/lib/python3.8/site-packages/airflow/example_dags/tutorial_objectstorage.py
[2025-09-20T22:09:11.285+0000] {logging_mixin.py:188} INFO - [2025-09-20T22:09:11.285+0000] {dag.py:3036} INFO - Sync 1 DAGs
[2025-09-20T22:09:11.542+0000] {logging_mixin.py:188} INFO - [2025-09-20T22:09:11.541+0000] {dag.py:3823} INFO - Setting next_dagrun for tutorial_objectstorage to None, run_after=None
[2025-09-20T22:09:11.581+0000] {processor.py:183} INFO - Processing /home/airflow/.local/lib/python3.8/site-packages/airflow/example_dags/tutorial_objectstorage.py took 0.357 seconds
[2025-09-20T22:09:42.399+0000] {processor.py:161} INFO - Started process (PID=2393) to work on /home/airflow/.local/lib/python3.8/site-packages/airflow/example_dags/tutorial_objectstorage.py
[2025-09-20T22:09:42.400+0000] {processor.py:830} INFO - Processing file /home/airflow/.local/lib/python3.8/site-packages/airflow/example_dags/tutorial_objectstorage.py for tasks to queue
[2025-09-20T22:09:42.404+0000] {logging_mixin.py:188} INFO - [2025-09-20T22:09:42.403+0000] {dagbag.py:538} INFO - Filling up the DagBag from /home/airflow/.local/lib/python3.8/site-packages/airflow/example_dags/tutorial_objectstorage.py
[2025-09-20T22:09:42.422+0000] {processor.py:840} INFO - DAG(s) 'tutorial_objectstorage' retrieved from /home/airflow/.local/lib/python3.8/site-packages/airflow/example_dags/tutorial_objectstorage.py
[2025-09-20T22:09:42.652+0000] {logging_mixin.py:188} INFO - [2025-09-20T22:09:42.651+0000] {dag.py:3036} INFO - Sync 1 DAGs
[2025-09-20T22:09:42.674+0000] {logging_mixin.py:188} INFO - [2025-09-20T22:09:42.673+0000] {dag.py:3823} INFO - Setting next_dagrun for tutorial_objectstorage to None, run_after=None
[2025-09-20T22:09:42.706+0000] {processor.py:183} INFO - Processing /home/airflow/.local/lib/python3.8/site-packages/airflow/example_dags/tutorial_objectstorage.py took 0.313 seconds
[2025-09-20T22:10:12.946+0000] {processor.py:161} INFO - Started process (PID=2451) to work on /home/airflow/.local/lib/python3.8/site-packages/airflow/example_dags/tutorial_objectstorage.py
[2025-09-20T22:10:12.948+0000] {processor.py:830} INFO - Processing file /home/airflow/.local/lib/python3.8/site-packages/airflow/example_dags/tutorial_objectstorage.py for tasks to queue
[2025-09-20T22:10:12.951+0000] {logging_mixin.py:188} INFO - [2025-09-20T22:10:12.951+0000] {dagbag.py:538} INFO - Filling up the DagBag from /home/airflow/.local/lib/python3.8/site-packages/airflow/example_dags/tutorial_objectstorage.py
[2025-09-20T22:10:12.963+0000] {processor.py:840} INFO - DAG(s) 'tutorial_objectstorage' retrieved from /home/airflow/.local/lib/python3.8/site-packages/airflow/example_dags/tutorial_objectstorage.py
[2025-09-20T22:10:13.201+0000] {logging_mixin.py:188} INFO - [2025-09-20T22:10:13.201+0000] {dag.py:3036} INFO - Sync 1 DAGs
[2025-09-20T22:10:13.238+0000] {logging_mixin.py:188} INFO - [2025-09-20T22:10:13.238+0000] {dag.py:3823} INFO - Setting next_dagrun for tutorial_objectstorage to None, run_after=None
[2025-09-20T22:10:13.287+0000] {processor.py:183} INFO - Processing /home/airflow/.local/lib/python3.8/site-packages/airflow/example_dags/tutorial_objectstorage.py took 0.347 seconds
[2025-09-20T22:10:44.197+0000] {processor.py:161} INFO - Started process (PID=2509) to work on /home/airflow/.local/lib/python3.8/site-packages/airflow/example_dags/tutorial_objectstorage.py
[2025-09-20T22:10:44.199+0000] {processor.py:830} INFO - Processing file /home/airflow/.local/lib/python3.8/site-packages/airflow/example_dags/tutorial_objectstorage.py for tasks to queue
[2025-09-20T22:10:44.202+0000] {logging_mixin.py:188} INFO - [2025-09-20T22:10:44.201+0000] {dagbag.py:538} INFO - Filling up the DagBag from /home/airflow/.local/lib/python3.8/site-packages/airflow/example_dags/tutorial_objectstorage.py
[2025-09-20T22:10:44.214+0000] {processor.py:840} INFO - DAG(s) 'tutorial_objectstorage' retrieved from /home/airflow/.local/lib/python3.8/site-packages/airflow/example_dags/tutorial_objectstorage.py
[2025-09-20T22:10:44.248+0000] {logging_mixin.py:188} INFO - [2025-09-20T22:10:44.248+0000] {dag.py:3036} INFO - Sync 1 DAGs
[2025-09-20T22:10:44.272+0000] {logging_mixin.py:188} INFO - [2025-09-20T22:10:44.271+0000] {dag.py:3823} INFO - Setting next_dagrun for tutorial_objectstorage to None, run_after=None
[2025-09-20T22:10:44.311+0000] {processor.py:183} INFO - Processing /home/airflow/.local/lib/python3.8/site-packages/airflow/example_dags/tutorial_objectstorage.py took 0.120 seconds
[2025-09-20T22:11:14.937+0000] {processor.py:161} INFO - Started process (PID=2568) to work on /home/airflow/.local/lib/python3.8/site-packages/airflow/example_dags/tutorial_objectstorage.py
[2025-09-20T22:11:14.939+0000] {processor.py:830} INFO - Processing file /home/airflow/.local/lib/python3.8/site-packages/airflow/example_dags/tutorial_objectstorage.py for tasks to queue
[2025-09-20T22:11:14.943+0000] {logging_mixin.py:188} INFO - [2025-09-20T22:11:14.942+0000] {dagbag.py:538} INFO - Filling up the DagBag from /home/airflow/.local/lib/python3.8/site-packages/airflow/example_dags/tutorial_objectstorage.py
[2025-09-20T22:11:14.957+0000] {processor.py:840} INFO - DAG(s) 'tutorial_objectstorage' retrieved from /home/airflow/.local/lib/python3.8/site-packages/airflow/example_dags/tutorial_objectstorage.py
[2025-09-20T22:11:14.998+0000] {logging_mixin.py:188} INFO - [2025-09-20T22:11:14.998+0000] {dag.py:3036} INFO - Sync 1 DAGs
[2025-09-20T22:11:15.029+0000] {logging_mixin.py:188} INFO - [2025-09-20T22:11:15.028+0000] {dag.py:3823} INFO - Setting next_dagrun for tutorial_objectstorage to None, run_after=None
[2025-09-20T22:11:15.069+0000] {processor.py:183} INFO - Processing /home/airflow/.local/lib/python3.8/site-packages/airflow/example_dags/tutorial_objectstorage.py took 0.139 seconds
[2025-09-20T22:11:45.195+0000] {processor.py:161} INFO - Started process (PID=2626) to work on /home/airflow/.local/lib/python3.8/site-packages/airflow/example_dags/tutorial_objectstorage.py
[2025-09-20T22:11:45.197+0000] {processor.py:830} INFO - Processing file /home/airflow/.local/lib/python3.8/site-packages/airflow/example_dags/tutorial_objectstorage.py for tasks to queue
[2025-09-20T22:11:45.201+0000] {logging_mixin.py:188} INFO - [2025-09-20T22:11:45.200+0000] {dagbag.py:538} INFO - Filling up the DagBag from /home/airflow/.local/lib/python3.8/site-packages/airflow/example_dags/tutorial_objectstorage.py
[2025-09-20T22:11:45.216+0000] {processor.py:840} INFO - DAG(s) 'tutorial_objectstorage' retrieved from /home/airflow/.local/lib/python3.8/site-packages/airflow/example_dags/tutorial_objectstorage.py
[2025-09-20T22:11:45.255+0000] {logging_mixin.py:188} INFO - [2025-09-20T22:11:45.254+0000] {dag.py:3036} INFO - Sync 1 DAGs
[2025-09-20T22:11:45.279+0000] {logging_mixin.py:188} INFO - [2025-09-20T22:11:45.279+0000] {dag.py:3823} INFO - Setting next_dagrun for tutorial_objectstorage to None, run_after=None
[2025-09-20T22:11:45.315+0000] {processor.py:183} INFO - Processing /home/airflow/.local/lib/python3.8/site-packages/airflow/example_dags/tutorial_objectstorage.py took 0.126 seconds
[2025-09-20T22:12:15.833+0000] {processor.py:161} INFO - Started process (PID=2684) to work on /home/airflow/.local/lib/python3.8/site-packages/airflow/example_dags/tutorial_objectstorage.py
[2025-09-20T22:12:15.834+0000] {processor.py:830} INFO - Processing file /home/airflow/.local/lib/python3.8/site-packages/airflow/example_dags/tutorial_objectstorage.py for tasks to queue
[2025-09-20T22:12:15.838+0000] {logging_mixin.py:188} INFO - [2025-09-20T22:12:15.837+0000] {dagbag.py:538} INFO - Filling up the DagBag from /home/airflow/.local/lib/python3.8/site-packages/airflow/example_dags/tutorial_objectstorage.py
[2025-09-20T22:12:15.850+0000] {processor.py:840} INFO - DAG(s) 'tutorial_objectstorage' retrieved from /home/airflow/.local/lib/python3.8/site-packages/airflow/example_dags/tutorial_objectstorage.py
[2025-09-20T22:12:15.888+0000] {logging_mixin.py:188} INFO - [2025-09-20T22:12:15.888+0000] {dag.py:3036} INFO - Sync 1 DAGs
[2025-09-20T22:12:15.912+0000] {logging_mixin.py:188} INFO - [2025-09-20T22:12:15.911+0000] {dag.py:3823} INFO - Setting next_dagrun for tutorial_objectstorage to None, run_after=None
[2025-09-20T22:12:15.952+0000] {processor.py:183} INFO - Processing /home/airflow/.local/lib/python3.8/site-packages/airflow/example_dags/tutorial_objectstorage.py took 0.125 seconds
[2025-09-20T22:12:46.179+0000] {processor.py:161} INFO - Started process (PID=2742) to work on /home/airflow/.local/lib/python3.8/site-packages/airflow/example_dags/tutorial_objectstorage.py
[2025-09-20T22:12:46.181+0000] {processor.py:830} INFO - Processing file /home/airflow/.local/lib/python3.8/site-packages/airflow/example_dags/tutorial_objectstorage.py for tasks to queue
[2025-09-20T22:12:46.184+0000] {logging_mixin.py:188} INFO - [2025-09-20T22:12:46.184+0000] {dagbag.py:538} INFO - Filling up the DagBag from /home/airflow/.local/lib/python3.8/site-packages/airflow/example_dags/tutorial_objectstorage.py
[2025-09-20T22:12:46.197+0000] {processor.py:840} INFO - DAG(s) 'tutorial_objectstorage' retrieved from /home/airflow/.local/lib/python3.8/site-packages/airflow/example_dags/tutorial_objectstorage.py
[2025-09-20T22:12:46.233+0000] {logging_mixin.py:188} INFO - [2025-09-20T22:12:46.232+0000] {dag.py:3036} INFO - Sync 1 DAGs
[2025-09-20T22:12:46.255+0000] {logging_mixin.py:188} INFO - [2025-09-20T22:12:46.255+0000] {dag.py:3823} INFO - Setting next_dagrun for tutorial_objectstorage to None, run_after=None
[2025-09-20T22:12:46.294+0000] {processor.py:183} INFO - Processing /home/airflow/.local/lib/python3.8/site-packages/airflow/example_dags/tutorial_objectstorage.py took 0.121 seconds
[2025-09-20T22:13:16.586+0000] {processor.py:161} INFO - Started process (PID=2800) to work on /home/airflow/.local/lib/python3.8/site-packages/airflow/example_dags/tutorial_objectstorage.py
[2025-09-20T22:13:16.587+0000] {processor.py:830} INFO - Processing file /home/airflow/.local/lib/python3.8/site-packages/airflow/example_dags/tutorial_objectstorage.py for tasks to queue
[2025-09-20T22:13:16.591+0000] {logging_mixin.py:188} INFO - [2025-09-20T22:13:16.590+0000] {dagbag.py:538} INFO - Filling up the DagBag from /home/airflow/.local/lib/python3.8/site-packages/airflow/example_dags/tutorial_objectstorage.py
[2025-09-20T22:13:16.607+0000] {processor.py:840} INFO - DAG(s) 'tutorial_objectstorage' retrieved from /home/airflow/.local/lib/python3.8/site-packages/airflow/example_dags/tutorial_objectstorage.py
[2025-09-20T22:13:16.644+0000] {logging_mixin.py:188} INFO - [2025-09-20T22:13:16.643+0000] {dag.py:3036} INFO - Sync 1 DAGs
[2025-09-20T22:13:16.668+0000] {logging_mixin.py:188} INFO - [2025-09-20T22:13:16.667+0000] {dag.py:3823} INFO - Setting next_dagrun for tutorial_objectstorage to None, run_after=None
[2025-09-20T22:13:16.704+0000] {processor.py:183} INFO - Processing /home/airflow/.local/lib/python3.8/site-packages/airflow/example_dags/tutorial_objectstorage.py took 0.125 seconds
[2025-09-20T22:13:46.841+0000] {processor.py:161} INFO - Started process (PID=2858) to work on /home/airflow/.local/lib/python3.8/site-packages/airflow/example_dags/tutorial_objectstorage.py
[2025-09-20T22:13:46.843+0000] {processor.py:830} INFO - Processing file /home/airflow/.local/lib/python3.8/site-packages/airflow/example_dags/tutorial_objectstorage.py for tasks to queue
[2025-09-20T22:13:46.846+0000] {logging_mixin.py:188} INFO - [2025-09-20T22:13:46.846+0000] {dagbag.py:538} INFO - Filling up the DagBag from /home/airflow/.local/lib/python3.8/site-packages/airflow/example_dags/tutorial_objectstorage.py
[2025-09-20T22:13:46.858+0000] {processor.py:840} INFO - DAG(s) 'tutorial_objectstorage' retrieved from /home/airflow/.local/lib/python3.8/site-packages/airflow/example_dags/tutorial_objectstorage.py
[2025-09-20T22:13:46.892+0000] {logging_mixin.py:188} INFO - [2025-09-20T22:13:46.892+0000] {dag.py:3036} INFO - Sync 1 DAGs
[2025-09-20T22:13:46.916+0000] {logging_mixin.py:188} INFO - [2025-09-20T22:13:46.915+0000] {dag.py:3823} INFO - Setting next_dagrun for tutorial_objectstorage to None, run_after=None
[2025-09-20T22:13:46.955+0000] {processor.py:183} INFO - Processing /home/airflow/.local/lib/python3.8/site-packages/airflow/example_dags/tutorial_objectstorage.py took 0.120 seconds
[2025-09-20T22:14:17.583+0000] {processor.py:161} INFO - Started process (PID=2916) to work on /home/airflow/.local/lib/python3.8/site-packages/airflow/example_dags/tutorial_objectstorage.py
[2025-09-20T22:14:17.585+0000] {processor.py:830} INFO - Processing file /home/airflow/.local/lib/python3.8/site-packages/airflow/example_dags/tutorial_objectstorage.py for tasks to queue
[2025-09-20T22:14:17.589+0000] {logging_mixin.py:188} INFO - [2025-09-20T22:14:17.588+0000] {dagbag.py:538} INFO - Filling up the DagBag from /home/airflow/.local/lib/python3.8/site-packages/airflow/example_dags/tutorial_objectstorage.py
[2025-09-20T22:14:17.601+0000] {processor.py:840} INFO - DAG(s) 'tutorial_objectstorage' retrieved from /home/airflow/.local/lib/python3.8/site-packages/airflow/example_dags/tutorial_objectstorage.py
[2025-09-20T22:14:17.639+0000] {logging_mixin.py:188} INFO - [2025-09-20T22:14:17.639+0000] {dag.py:3036} INFO - Sync 1 DAGs
[2025-09-20T22:14:17.663+0000] {logging_mixin.py:188} INFO - [2025-09-20T22:14:17.663+0000] {dag.py:3823} INFO - Setting next_dagrun for tutorial_objectstorage to None, run_after=None
[2025-09-20T22:14:17.703+0000] {processor.py:183} INFO - Processing /home/airflow/.local/lib/python3.8/site-packages/airflow/example_dags/tutorial_objectstorage.py took 0.128 seconds
[2025-09-20T22:14:48.237+0000] {processor.py:161} INFO - Started process (PID=2974) to work on /home/airflow/.local/lib/python3.8/site-packages/airflow/example_dags/tutorial_objectstorage.py
[2025-09-20T22:14:48.240+0000] {processor.py:830} INFO - Processing file /home/airflow/.local/lib/python3.8/site-packages/airflow/example_dags/tutorial_objectstorage.py for tasks to queue
[2025-09-20T22:14:48.243+0000] {logging_mixin.py:188} INFO - [2025-09-20T22:14:48.242+0000] {dagbag.py:538} INFO - Filling up the DagBag from /home/airflow/.local/lib/python3.8/site-packages/airflow/example_dags/tutorial_objectstorage.py
[2025-09-20T22:14:48.256+0000] {processor.py:840} INFO - DAG(s) 'tutorial_objectstorage' retrieved from /home/airflow/.local/lib/python3.8/site-packages/airflow/example_dags/tutorial_objectstorage.py
[2025-09-20T22:14:48.291+0000] {logging_mixin.py:188} INFO - [2025-09-20T22:14:48.291+0000] {dag.py:3036} INFO - Sync 1 DAGs
[2025-09-20T22:14:48.315+0000] {logging_mixin.py:188} INFO - [2025-09-20T22:14:48.315+0000] {dag.py:3823} INFO - Setting next_dagrun for tutorial_objectstorage to None, run_after=None
[2025-09-20T22:14:48.355+0000] {processor.py:183} INFO - Processing /home/airflow/.local/lib/python3.8/site-packages/airflow/example_dags/tutorial_objectstorage.py took 0.124 seconds
[2025-09-20T22:15:18.593+0000] {processor.py:161} INFO - Started process (PID=3032) to work on /home/airflow/.local/lib/python3.8/site-packages/airflow/example_dags/tutorial_objectstorage.py
[2025-09-20T22:15:18.595+0000] {processor.py:830} INFO - Processing file /home/airflow/.local/lib/python3.8/site-packages/airflow/example_dags/tutorial_objectstorage.py for tasks to queue
[2025-09-20T22:15:18.599+0000] {logging_mixin.py:188} INFO - [2025-09-20T22:15:18.599+0000] {dagbag.py:538} INFO - Filling up the DagBag from /home/airflow/.local/lib/python3.8/site-packages/airflow/example_dags/tutorial_objectstorage.py
[2025-09-20T22:15:18.612+0000] {processor.py:840} INFO - DAG(s) 'tutorial_objectstorage' retrieved from /home/airflow/.local/lib/python3.8/site-packages/airflow/example_dags/tutorial_objectstorage.py
[2025-09-20T22:15:18.653+0000] {logging_mixin.py:188} INFO - [2025-09-20T22:15:18.652+0000] {dag.py:3036} INFO - Sync 1 DAGs
[2025-09-20T22:15:18.679+0000] {logging_mixin.py:188} INFO - [2025-09-20T22:15:18.679+0000] {dag.py:3823} INFO - Setting next_dagrun for tutorial_objectstorage to None, run_after=None
[2025-09-20T22:15:18.721+0000] {processor.py:183} INFO - Processing /home/airflow/.local/lib/python3.8/site-packages/airflow/example_dags/tutorial_objectstorage.py took 0.136 seconds
[2025-09-20T22:15:49.160+0000] {processor.py:161} INFO - Started process (PID=3090) to work on /home/airflow/.local/lib/python3.8/site-packages/airflow/example_dags/tutorial_objectstorage.py
[2025-09-20T22:15:49.162+0000] {processor.py:830} INFO - Processing file /home/airflow/.local/lib/python3.8/site-packages/airflow/example_dags/tutorial_objectstorage.py for tasks to queue
[2025-09-20T22:15:49.165+0000] {logging_mixin.py:188} INFO - [2025-09-20T22:15:49.165+0000] {dagbag.py:538} INFO - Filling up the DagBag from /home/airflow/.local/lib/python3.8/site-packages/airflow/example_dags/tutorial_objectstorage.py
[2025-09-20T22:15:49.178+0000] {processor.py:840} INFO - DAG(s) 'tutorial_objectstorage' retrieved from /home/airflow/.local/lib/python3.8/site-packages/airflow/example_dags/tutorial_objectstorage.py
[2025-09-20T22:15:49.213+0000] {logging_mixin.py:188} INFO - [2025-09-20T22:15:49.212+0000] {dag.py:3036} INFO - Sync 1 DAGs
[2025-09-20T22:15:49.235+0000] {logging_mixin.py:188} INFO - [2025-09-20T22:15:49.235+0000] {dag.py:3823} INFO - Setting next_dagrun for tutorial_objectstorage to None, run_after=None
[2025-09-20T22:15:49.274+0000] {processor.py:183} INFO - Processing /home/airflow/.local/lib/python3.8/site-packages/airflow/example_dags/tutorial_objectstorage.py took 0.120 seconds
[2025-09-20T22:16:19.430+0000] {processor.py:161} INFO - Started process (PID=3148) to work on /home/airflow/.local/lib/python3.8/site-packages/airflow/example_dags/tutorial_objectstorage.py
[2025-09-20T22:16:19.432+0000] {processor.py:830} INFO - Processing file /home/airflow/.local/lib/python3.8/site-packages/airflow/example_dags/tutorial_objectstorage.py for tasks to queue
[2025-09-20T22:16:19.435+0000] {logging_mixin.py:188} INFO - [2025-09-20T22:16:19.435+0000] {dagbag.py:538} INFO - Filling up the DagBag from /home/airflow/.local/lib/python3.8/site-packages/airflow/example_dags/tutorial_objectstorage.py
[2025-09-20T22:16:19.451+0000] {processor.py:840} INFO - DAG(s) 'tutorial_objectstorage' retrieved from /home/airflow/.local/lib/python3.8/site-packages/airflow/example_dags/tutorial_objectstorage.py
[2025-09-20T22:16:19.491+0000] {logging_mixin.py:188} INFO - [2025-09-20T22:16:19.491+0000] {dag.py:3036} INFO - Sync 1 DAGs
[2025-09-20T22:16:19.524+0000] {logging_mixin.py:188} INFO - [2025-09-20T22:16:19.523+0000] {dag.py:3823} INFO - Setting next_dagrun for tutorial_objectstorage to None, run_after=None
[2025-09-20T22:16:19.581+0000] {processor.py:183} INFO - Processing /home/airflow/.local/lib/python3.8/site-packages/airflow/example_dags/tutorial_objectstorage.py took 0.157 seconds
[2025-09-20T22:16:49.766+0000] {processor.py:161} INFO - Started process (PID=3206) to work on /home/airflow/.local/lib/python3.8/site-packages/airflow/example_dags/tutorial_objectstorage.py
[2025-09-20T22:16:49.768+0000] {processor.py:830} INFO - Processing file /home/airflow/.local/lib/python3.8/site-packages/airflow/example_dags/tutorial_objectstorage.py for tasks to queue
[2025-09-20T22:16:49.771+0000] {logging_mixin.py:188} INFO - [2025-09-20T22:16:49.771+0000] {dagbag.py:538} INFO - Filling up the DagBag from /home/airflow/.local/lib/python3.8/site-packages/airflow/example_dags/tutorial_objectstorage.py
[2025-09-20T22:16:49.783+0000] {processor.py:840} INFO - DAG(s) 'tutorial_objectstorage' retrieved from /home/airflow/.local/lib/python3.8/site-packages/airflow/example_dags/tutorial_objectstorage.py
[2025-09-20T22:16:49.818+0000] {logging_mixin.py:188} INFO - [2025-09-20T22:16:49.817+0000] {dag.py:3036} INFO - Sync 1 DAGs
[2025-09-20T22:16:49.840+0000] {logging_mixin.py:188} INFO - [2025-09-20T22:16:49.839+0000] {dag.py:3823} INFO - Setting next_dagrun for tutorial_objectstorage to None, run_after=None
[2025-09-20T22:16:49.880+0000] {processor.py:183} INFO - Processing /home/airflow/.local/lib/python3.8/site-packages/airflow/example_dags/tutorial_objectstorage.py took 0.120 seconds
[2025-09-20T22:17:20.601+0000] {processor.py:161} INFO - Started process (PID=3270) to work on /home/airflow/.local/lib/python3.8/site-packages/airflow/example_dags/tutorial_objectstorage.py
[2025-09-20T22:17:20.603+0000] {processor.py:830} INFO - Processing file /home/airflow/.local/lib/python3.8/site-packages/airflow/example_dags/tutorial_objectstorage.py for tasks to queue
[2025-09-20T22:17:20.607+0000] {logging_mixin.py:188} INFO - [2025-09-20T22:17:20.606+0000] {dagbag.py:538} INFO - Filling up the DagBag from /home/airflow/.local/lib/python3.8/site-packages/airflow/example_dags/tutorial_objectstorage.py
[2025-09-20T22:17:20.622+0000] {processor.py:840} INFO - DAG(s) 'tutorial_objectstorage' retrieved from /home/airflow/.local/lib/python3.8/site-packages/airflow/example_dags/tutorial_objectstorage.py
[2025-09-20T22:17:20.661+0000] {logging_mixin.py:188} INFO - [2025-09-20T22:17:20.660+0000] {dag.py:3036} INFO - Sync 1 DAGs
[2025-09-20T22:17:20.689+0000] {logging_mixin.py:188} INFO - [2025-09-20T22:17:20.688+0000] {dag.py:3823} INFO - Setting next_dagrun for tutorial_objectstorage to None, run_after=None
[2025-09-20T22:17:20.734+0000] {processor.py:183} INFO - Processing /home/airflow/.local/lib/python3.8/site-packages/airflow/example_dags/tutorial_objectstorage.py took 0.141 seconds
[2025-09-20T22:17:51.055+0000] {processor.py:161} INFO - Started process (PID=3328) to work on /home/airflow/.local/lib/python3.8/site-packages/airflow/example_dags/tutorial_objectstorage.py
[2025-09-20T22:17:51.057+0000] {processor.py:830} INFO - Processing file /home/airflow/.local/lib/python3.8/site-packages/airflow/example_dags/tutorial_objectstorage.py for tasks to queue
[2025-09-20T22:17:51.061+0000] {logging_mixin.py:188} INFO - [2025-09-20T22:17:51.060+0000] {dagbag.py:538} INFO - Filling up the DagBag from /home/airflow/.local/lib/python3.8/site-packages/airflow/example_dags/tutorial_objectstorage.py
[2025-09-20T22:17:51.073+0000] {processor.py:840} INFO - DAG(s) 'tutorial_objectstorage' retrieved from /home/airflow/.local/lib/python3.8/site-packages/airflow/example_dags/tutorial_objectstorage.py
[2025-09-20T22:17:51.110+0000] {logging_mixin.py:188} INFO - [2025-09-20T22:17:51.109+0000] {dag.py:3036} INFO - Sync 1 DAGs
[2025-09-20T22:17:51.132+0000] {logging_mixin.py:188} INFO - [2025-09-20T22:17:51.132+0000] {dag.py:3823} INFO - Setting next_dagrun for tutorial_objectstorage to None, run_after=None
[2025-09-20T22:17:51.171+0000] {processor.py:183} INFO - Processing /home/airflow/.local/lib/python3.8/site-packages/airflow/example_dags/tutorial_objectstorage.py took 0.122 seconds
[2025-09-20T22:18:21.493+0000] {processor.py:161} INFO - Started process (PID=3386) to work on /home/airflow/.local/lib/python3.8/site-packages/airflow/example_dags/tutorial_objectstorage.py
[2025-09-20T22:18:21.495+0000] {processor.py:830} INFO - Processing file /home/airflow/.local/lib/python3.8/site-packages/airflow/example_dags/tutorial_objectstorage.py for tasks to queue
[2025-09-20T22:18:21.498+0000] {logging_mixin.py:188} INFO - [2025-09-20T22:18:21.498+0000] {dagbag.py:538} INFO - Filling up the DagBag from /home/airflow/.local/lib/python3.8/site-packages/airflow/example_dags/tutorial_objectstorage.py
[2025-09-20T22:18:21.511+0000] {processor.py:840} INFO - DAG(s) 'tutorial_objectstorage' retrieved from /home/airflow/.local/lib/python3.8/site-packages/airflow/example_dags/tutorial_objectstorage.py
[2025-09-20T22:18:21.545+0000] {logging_mixin.py:188} INFO - [2025-09-20T22:18:21.545+0000] {dag.py:3036} INFO - Sync 1 DAGs
[2025-09-20T22:18:21.567+0000] {logging_mixin.py:188} INFO - [2025-09-20T22:18:21.567+0000] {dag.py:3823} INFO - Setting next_dagrun for tutorial_objectstorage to None, run_after=None
[2025-09-20T22:18:21.608+0000] {processor.py:183} INFO - Processing /home/airflow/.local/lib/python3.8/site-packages/airflow/example_dags/tutorial_objectstorage.py took 0.121 seconds
[2025-09-20T22:18:52.011+0000] {processor.py:161} INFO - Started process (PID=3444) to work on /home/airflow/.local/lib/python3.8/site-packages/airflow/example_dags/tutorial_objectstorage.py
[2025-09-20T22:18:52.014+0000] {processor.py:830} INFO - Processing file /home/airflow/.local/lib/python3.8/site-packages/airflow/example_dags/tutorial_objectstorage.py for tasks to queue
[2025-09-20T22:18:52.017+0000] {logging_mixin.py:188} INFO - [2025-09-20T22:18:52.017+0000] {dagbag.py:538} INFO - Filling up the DagBag from /home/airflow/.local/lib/python3.8/site-packages/airflow/example_dags/tutorial_objectstorage.py
[2025-09-20T22:18:52.029+0000] {processor.py:840} INFO - DAG(s) 'tutorial_objectstorage' retrieved from /home/airflow/.local/lib/python3.8/site-packages/airflow/example_dags/tutorial_objectstorage.py
[2025-09-20T22:18:52.066+0000] {logging_mixin.py:188} INFO - [2025-09-20T22:18:52.066+0000] {dag.py:3036} INFO - Sync 1 DAGs
[2025-09-20T22:18:52.090+0000] {logging_mixin.py:188} INFO - [2025-09-20T22:18:52.090+0000] {dag.py:3823} INFO - Setting next_dagrun for tutorial_objectstorage to None, run_after=None
[2025-09-20T22:18:52.127+0000] {processor.py:183} INFO - Processing /home/airflow/.local/lib/python3.8/site-packages/airflow/example_dags/tutorial_objectstorage.py took 0.124 seconds
[2025-09-20T22:19:22.419+0000] {processor.py:161} INFO - Started process (PID=3502) to work on /home/airflow/.local/lib/python3.8/site-packages/airflow/example_dags/tutorial_objectstorage.py
[2025-09-20T22:19:22.421+0000] {processor.py:830} INFO - Processing file /home/airflow/.local/lib/python3.8/site-packages/airflow/example_dags/tutorial_objectstorage.py for tasks to queue
[2025-09-20T22:19:22.425+0000] {logging_mixin.py:188} INFO - [2025-09-20T22:19:22.424+0000] {dagbag.py:538} INFO - Filling up the DagBag from /home/airflow/.local/lib/python3.8/site-packages/airflow/example_dags/tutorial_objectstorage.py
[2025-09-20T22:19:22.438+0000] {processor.py:840} INFO - DAG(s) 'tutorial_objectstorage' retrieved from /home/airflow/.local/lib/python3.8/site-packages/airflow/example_dags/tutorial_objectstorage.py
[2025-09-20T22:19:22.476+0000] {logging_mixin.py:188} INFO - [2025-09-20T22:19:22.475+0000] {dag.py:3036} INFO - Sync 1 DAGs
[2025-09-20T22:19:22.502+0000] {logging_mixin.py:188} INFO - [2025-09-20T22:19:22.502+0000] {dag.py:3823} INFO - Setting next_dagrun for tutorial_objectstorage to None, run_after=None
[2025-09-20T22:19:22.542+0000] {processor.py:183} INFO - Processing /home/airflow/.local/lib/python3.8/site-packages/airflow/example_dags/tutorial_objectstorage.py took 0.129 seconds
[2025-09-20T22:19:53.254+0000] {processor.py:161} INFO - Started process (PID=3560) to work on /home/airflow/.local/lib/python3.8/site-packages/airflow/example_dags/tutorial_objectstorage.py
[2025-09-20T22:19:53.256+0000] {processor.py:830} INFO - Processing file /home/airflow/.local/lib/python3.8/site-packages/airflow/example_dags/tutorial_objectstorage.py for tasks to queue
[2025-09-20T22:19:53.261+0000] {logging_mixin.py:188} INFO - [2025-09-20T22:19:53.260+0000] {dagbag.py:538} INFO - Filling up the DagBag from /home/airflow/.local/lib/python3.8/site-packages/airflow/example_dags/tutorial_objectstorage.py
[2025-09-20T22:19:53.279+0000] {processor.py:840} INFO - DAG(s) 'tutorial_objectstorage' retrieved from /home/airflow/.local/lib/python3.8/site-packages/airflow/example_dags/tutorial_objectstorage.py
[2025-09-20T22:19:53.315+0000] {logging_mixin.py:188} INFO - [2025-09-20T22:19:53.315+0000] {dag.py:3036} INFO - Sync 1 DAGs
[2025-09-20T22:19:53.340+0000] {logging_mixin.py:188} INFO - [2025-09-20T22:19:53.339+0000] {dag.py:3823} INFO - Setting next_dagrun for tutorial_objectstorage to None, run_after=None
[2025-09-20T22:19:53.374+0000] {processor.py:183} INFO - Processing /home/airflow/.local/lib/python3.8/site-packages/airflow/example_dags/tutorial_objectstorage.py took 0.129 seconds
[2025-09-20T22:20:23.772+0000] {processor.py:161} INFO - Started process (PID=3618) to work on /home/airflow/.local/lib/python3.8/site-packages/airflow/example_dags/tutorial_objectstorage.py
[2025-09-20T22:20:23.774+0000] {processor.py:830} INFO - Processing file /home/airflow/.local/lib/python3.8/site-packages/airflow/example_dags/tutorial_objectstorage.py for tasks to queue
[2025-09-20T22:20:23.777+0000] {logging_mixin.py:188} INFO - [2025-09-20T22:20:23.777+0000] {dagbag.py:538} INFO - Filling up the DagBag from /home/airflow/.local/lib/python3.8/site-packages/airflow/example_dags/tutorial_objectstorage.py
[2025-09-20T22:20:23.789+0000] {processor.py:840} INFO - DAG(s) 'tutorial_objectstorage' retrieved from /home/airflow/.local/lib/python3.8/site-packages/airflow/example_dags/tutorial_objectstorage.py
[2025-09-20T22:20:23.824+0000] {logging_mixin.py:188} INFO - [2025-09-20T22:20:23.823+0000] {dag.py:3036} INFO - Sync 1 DAGs
[2025-09-20T22:20:23.846+0000] {logging_mixin.py:188} INFO - [2025-09-20T22:20:23.846+0000] {dag.py:3823} INFO - Setting next_dagrun for tutorial_objectstorage to None, run_after=None
[2025-09-20T22:20:23.885+0000] {processor.py:183} INFO - Processing /home/airflow/.local/lib/python3.8/site-packages/airflow/example_dags/tutorial_objectstorage.py took 0.119 seconds
[2025-09-20T22:20:54.308+0000] {processor.py:161} INFO - Started process (PID=3676) to work on /home/airflow/.local/lib/python3.8/site-packages/airflow/example_dags/tutorial_objectstorage.py
[2025-09-20T22:20:54.310+0000] {processor.py:830} INFO - Processing file /home/airflow/.local/lib/python3.8/site-packages/airflow/example_dags/tutorial_objectstorage.py for tasks to queue
[2025-09-20T22:20:54.314+0000] {logging_mixin.py:188} INFO - [2025-09-20T22:20:54.313+0000] {dagbag.py:538} INFO - Filling up the DagBag from /home/airflow/.local/lib/python3.8/site-packages/airflow/example_dags/tutorial_objectstorage.py
[2025-09-20T22:20:54.325+0000] {processor.py:840} INFO - DAG(s) 'tutorial_objectstorage' retrieved from /home/airflow/.local/lib/python3.8/site-packages/airflow/example_dags/tutorial_objectstorage.py
[2025-09-20T22:20:54.361+0000] {logging_mixin.py:188} INFO - [2025-09-20T22:20:54.360+0000] {dag.py:3036} INFO - Sync 1 DAGs
[2025-09-20T22:20:54.384+0000] {logging_mixin.py:188} INFO - [2025-09-20T22:20:54.383+0000] {dag.py:3823} INFO - Setting next_dagrun for tutorial_objectstorage to None, run_after=None
[2025-09-20T22:20:54.417+0000] {processor.py:183} INFO - Processing /home/airflow/.local/lib/python3.8/site-packages/airflow/example_dags/tutorial_objectstorage.py took 0.117 seconds
[2025-09-20T22:21:24.464+0000] {processor.py:161} INFO - Started process (PID=3734) to work on /home/airflow/.local/lib/python3.8/site-packages/airflow/example_dags/tutorial_objectstorage.py
[2025-09-20T22:21:24.466+0000] {processor.py:830} INFO - Processing file /home/airflow/.local/lib/python3.8/site-packages/airflow/example_dags/tutorial_objectstorage.py for tasks to queue
[2025-09-20T22:21:24.470+0000] {logging_mixin.py:188} INFO - [2025-09-20T22:21:24.469+0000] {dagbag.py:538} INFO - Filling up the DagBag from /home/airflow/.local/lib/python3.8/site-packages/airflow/example_dags/tutorial_objectstorage.py
[2025-09-20T22:21:24.482+0000] {processor.py:840} INFO - DAG(s) 'tutorial_objectstorage' retrieved from /home/airflow/.local/lib/python3.8/site-packages/airflow/example_dags/tutorial_objectstorage.py
[2025-09-20T22:21:24.517+0000] {logging_mixin.py:188} INFO - [2025-09-20T22:21:24.517+0000] {dag.py:3036} INFO - Sync 1 DAGs
[2025-09-20T22:21:24.541+0000] {logging_mixin.py:188} INFO - [2025-09-20T22:21:24.540+0000] {dag.py:3823} INFO - Setting next_dagrun for tutorial_objectstorage to None, run_after=None
[2025-09-20T22:21:24.577+0000] {processor.py:183} INFO - Processing /home/airflow/.local/lib/python3.8/site-packages/airflow/example_dags/tutorial_objectstorage.py took 0.118 seconds
[2025-09-20T22:21:55.284+0000] {processor.py:161} INFO - Started process (PID=3792) to work on /home/airflow/.local/lib/python3.8/site-packages/airflow/example_dags/tutorial_objectstorage.py
[2025-09-20T22:21:55.286+0000] {processor.py:830} INFO - Processing file /home/airflow/.local/lib/python3.8/site-packages/airflow/example_dags/tutorial_objectstorage.py for tasks to queue
[2025-09-20T22:21:55.290+0000] {logging_mixin.py:188} INFO - [2025-09-20T22:21:55.290+0000] {dagbag.py:538} INFO - Filling up the DagBag from /home/airflow/.local/lib/python3.8/site-packages/airflow/example_dags/tutorial_objectstorage.py
[2025-09-20T22:21:55.302+0000] {processor.py:840} INFO - DAG(s) 'tutorial_objectstorage' retrieved from /home/airflow/.local/lib/python3.8/site-packages/airflow/example_dags/tutorial_objectstorage.py
[2025-09-20T22:21:55.337+0000] {logging_mixin.py:188} INFO - [2025-09-20T22:21:55.337+0000] {dag.py:3036} INFO - Sync 1 DAGs
[2025-09-20T22:21:55.362+0000] {logging_mixin.py:188} INFO - [2025-09-20T22:21:55.361+0000] {dag.py:3823} INFO - Setting next_dagrun for tutorial_objectstorage to None, run_after=None
[2025-09-20T22:21:55.398+0000] {processor.py:183} INFO - Processing /home/airflow/.local/lib/python3.8/site-packages/airflow/example_dags/tutorial_objectstorage.py took 0.120 seconds
[2025-09-20T22:22:25.541+0000] {processor.py:161} INFO - Started process (PID=3850) to work on /home/airflow/.local/lib/python3.8/site-packages/airflow/example_dags/tutorial_objectstorage.py
[2025-09-20T22:22:25.543+0000] {processor.py:830} INFO - Processing file /home/airflow/.local/lib/python3.8/site-packages/airflow/example_dags/tutorial_objectstorage.py for tasks to queue
[2025-09-20T22:22:25.547+0000] {logging_mixin.py:188} INFO - [2025-09-20T22:22:25.547+0000] {dagbag.py:538} INFO - Filling up the DagBag from /home/airflow/.local/lib/python3.8/site-packages/airflow/example_dags/tutorial_objectstorage.py
[2025-09-20T22:22:25.559+0000] {processor.py:840} INFO - DAG(s) 'tutorial_objectstorage' retrieved from /home/airflow/.local/lib/python3.8/site-packages/airflow/example_dags/tutorial_objectstorage.py
[2025-09-20T22:22:25.593+0000] {logging_mixin.py:188} INFO - [2025-09-20T22:22:25.593+0000] {dag.py:3036} INFO - Sync 1 DAGs
[2025-09-20T22:22:25.616+0000] {logging_mixin.py:188} INFO - [2025-09-20T22:22:25.616+0000] {dag.py:3823} INFO - Setting next_dagrun for tutorial_objectstorage to None, run_after=None
[2025-09-20T22:22:25.656+0000] {processor.py:183} INFO - Processing /home/airflow/.local/lib/python3.8/site-packages/airflow/example_dags/tutorial_objectstorage.py took 0.120 seconds
[2025-09-20T22:22:55.799+0000] {processor.py:161} INFO - Started process (PID=3908) to work on /home/airflow/.local/lib/python3.8/site-packages/airflow/example_dags/tutorial_objectstorage.py
[2025-09-20T22:22:55.801+0000] {processor.py:830} INFO - Processing file /home/airflow/.local/lib/python3.8/site-packages/airflow/example_dags/tutorial_objectstorage.py for tasks to queue
[2025-09-20T22:22:55.804+0000] {logging_mixin.py:188} INFO - [2025-09-20T22:22:55.804+0000] {dagbag.py:538} INFO - Filling up the DagBag from /home/airflow/.local/lib/python3.8/site-packages/airflow/example_dags/tutorial_objectstorage.py
[2025-09-20T22:22:55.818+0000] {processor.py:840} INFO - DAG(s) 'tutorial_objectstorage' retrieved from /home/airflow/.local/lib/python3.8/site-packages/airflow/example_dags/tutorial_objectstorage.py
[2025-09-20T22:22:55.852+0000] {logging_mixin.py:188} INFO - [2025-09-20T22:22:55.852+0000] {dag.py:3036} INFO - Sync 1 DAGs
[2025-09-20T22:22:55.874+0000] {logging_mixin.py:188} INFO - [2025-09-20T22:22:55.874+0000] {dag.py:3823} INFO - Setting next_dagrun for tutorial_objectstorage to None, run_after=None
[2025-09-20T22:22:55.913+0000] {processor.py:183} INFO - Processing /home/airflow/.local/lib/python3.8/site-packages/airflow/example_dags/tutorial_objectstorage.py took 0.120 seconds
[2025-09-20T22:23:26.036+0000] {processor.py:161} INFO - Started process (PID=3966) to work on /home/airflow/.local/lib/python3.8/site-packages/airflow/example_dags/tutorial_objectstorage.py
[2025-09-20T22:23:26.038+0000] {processor.py:830} INFO - Processing file /home/airflow/.local/lib/python3.8/site-packages/airflow/example_dags/tutorial_objectstorage.py for tasks to queue
[2025-09-20T22:23:26.041+0000] {logging_mixin.py:188} INFO - [2025-09-20T22:23:26.041+0000] {dagbag.py:538} INFO - Filling up the DagBag from /home/airflow/.local/lib/python3.8/site-packages/airflow/example_dags/tutorial_objectstorage.py
[2025-09-20T22:23:26.053+0000] {processor.py:840} INFO - DAG(s) 'tutorial_objectstorage' retrieved from /home/airflow/.local/lib/python3.8/site-packages/airflow/example_dags/tutorial_objectstorage.py
[2025-09-20T22:23:26.088+0000] {logging_mixin.py:188} INFO - [2025-09-20T22:23:26.087+0000] {dag.py:3036} INFO - Sync 1 DAGs
[2025-09-20T22:23:26.111+0000] {logging_mixin.py:188} INFO - [2025-09-20T22:23:26.110+0000] {dag.py:3823} INFO - Setting next_dagrun for tutorial_objectstorage to None, run_after=None
[2025-09-20T22:23:26.149+0000] {processor.py:183} INFO - Processing /home/airflow/.local/lib/python3.8/site-packages/airflow/example_dags/tutorial_objectstorage.py took 0.119 seconds
[2025-09-20T22:23:56.343+0000] {processor.py:161} INFO - Started process (PID=4024) to work on /home/airflow/.local/lib/python3.8/site-packages/airflow/example_dags/tutorial_objectstorage.py
[2025-09-20T22:23:56.345+0000] {processor.py:830} INFO - Processing file /home/airflow/.local/lib/python3.8/site-packages/airflow/example_dags/tutorial_objectstorage.py for tasks to queue
[2025-09-20T22:23:56.349+0000] {logging_mixin.py:188} INFO - [2025-09-20T22:23:56.348+0000] {dagbag.py:538} INFO - Filling up the DagBag from /home/airflow/.local/lib/python3.8/site-packages/airflow/example_dags/tutorial_objectstorage.py
[2025-09-20T22:23:56.361+0000] {processor.py:840} INFO - DAG(s) 'tutorial_objectstorage' retrieved from /home/airflow/.local/lib/python3.8/site-packages/airflow/example_dags/tutorial_objectstorage.py
[2025-09-20T22:23:56.397+0000] {logging_mixin.py:188} INFO - [2025-09-20T22:23:56.397+0000] {dag.py:3036} INFO - Sync 1 DAGs
[2025-09-20T22:23:56.423+0000] {logging_mixin.py:188} INFO - [2025-09-20T22:23:56.422+0000] {dag.py:3823} INFO - Setting next_dagrun for tutorial_objectstorage to None, run_after=None
[2025-09-20T22:23:56.462+0000] {processor.py:183} INFO - Processing /home/airflow/.local/lib/python3.8/site-packages/airflow/example_dags/tutorial_objectstorage.py took 0.125 seconds
[2025-09-20T22:24:27.321+0000] {processor.py:161} INFO - Started process (PID=4082) to work on /home/airflow/.local/lib/python3.8/site-packages/airflow/example_dags/tutorial_objectstorage.py
[2025-09-20T22:24:27.323+0000] {processor.py:830} INFO - Processing file /home/airflow/.local/lib/python3.8/site-packages/airflow/example_dags/tutorial_objectstorage.py for tasks to queue
[2025-09-20T22:24:27.327+0000] {logging_mixin.py:188} INFO - [2025-09-20T22:24:27.326+0000] {dagbag.py:538} INFO - Filling up the DagBag from /home/airflow/.local/lib/python3.8/site-packages/airflow/example_dags/tutorial_objectstorage.py
[2025-09-20T22:24:27.342+0000] {processor.py:840} INFO - DAG(s) 'tutorial_objectstorage' retrieved from /home/airflow/.local/lib/python3.8/site-packages/airflow/example_dags/tutorial_objectstorage.py
[2025-09-20T22:24:27.378+0000] {logging_mixin.py:188} INFO - [2025-09-20T22:24:27.377+0000] {dag.py:3036} INFO - Sync 1 DAGs
[2025-09-20T22:24:27.402+0000] {logging_mixin.py:188} INFO - [2025-09-20T22:24:27.402+0000] {dag.py:3823} INFO - Setting next_dagrun for tutorial_objectstorage to None, run_after=None
[2025-09-20T22:24:27.447+0000] {processor.py:183} INFO - Processing /home/airflow/.local/lib/python3.8/site-packages/airflow/example_dags/tutorial_objectstorage.py took 0.132 seconds
[2025-09-20T22:24:57.927+0000] {processor.py:161} INFO - Started process (PID=4140) to work on /home/airflow/.local/lib/python3.8/site-packages/airflow/example_dags/tutorial_objectstorage.py
[2025-09-20T22:24:57.929+0000] {processor.py:830} INFO - Processing file /home/airflow/.local/lib/python3.8/site-packages/airflow/example_dags/tutorial_objectstorage.py for tasks to queue
[2025-09-20T22:24:57.933+0000] {logging_mixin.py:188} INFO - [2025-09-20T22:24:57.932+0000] {dagbag.py:538} INFO - Filling up the DagBag from /home/airflow/.local/lib/python3.8/site-packages/airflow/example_dags/tutorial_objectstorage.py
[2025-09-20T22:24:57.945+0000] {processor.py:840} INFO - DAG(s) 'tutorial_objectstorage' retrieved from /home/airflow/.local/lib/python3.8/site-packages/airflow/example_dags/tutorial_objectstorage.py
[2025-09-20T22:24:57.979+0000] {logging_mixin.py:188} INFO - [2025-09-20T22:24:57.979+0000] {dag.py:3036} INFO - Sync 1 DAGs
[2025-09-20T22:24:58.002+0000] {logging_mixin.py:188} INFO - [2025-09-20T22:24:58.002+0000] {dag.py:3823} INFO - Setting next_dagrun for tutorial_objectstorage to None, run_after=None
[2025-09-20T22:24:58.036+0000] {processor.py:183} INFO - Processing /home/airflow/.local/lib/python3.8/site-packages/airflow/example_dags/tutorial_objectstorage.py took 0.114 seconds
[2025-09-20T22:25:28.395+0000] {processor.py:161} INFO - Started process (PID=4199) to work on /home/airflow/.local/lib/python3.8/site-packages/airflow/example_dags/tutorial_objectstorage.py
[2025-09-20T22:25:28.397+0000] {processor.py:830} INFO - Processing file /home/airflow/.local/lib/python3.8/site-packages/airflow/example_dags/tutorial_objectstorage.py for tasks to queue
[2025-09-20T22:25:28.400+0000] {logging_mixin.py:188} INFO - [2025-09-20T22:25:28.400+0000] {dagbag.py:538} INFO - Filling up the DagBag from /home/airflow/.local/lib/python3.8/site-packages/airflow/example_dags/tutorial_objectstorage.py
[2025-09-20T22:25:28.412+0000] {processor.py:840} INFO - DAG(s) 'tutorial_objectstorage' retrieved from /home/airflow/.local/lib/python3.8/site-packages/airflow/example_dags/tutorial_objectstorage.py
[2025-09-20T22:25:28.448+0000] {logging_mixin.py:188} INFO - [2025-09-20T22:25:28.448+0000] {dag.py:3036} INFO - Sync 1 DAGs
[2025-09-20T22:25:28.476+0000] {logging_mixin.py:188} INFO - [2025-09-20T22:25:28.476+0000] {dag.py:3823} INFO - Setting next_dagrun for tutorial_objectstorage to None, run_after=None
[2025-09-20T22:25:28.511+0000] {processor.py:183} INFO - Processing /home/airflow/.local/lib/python3.8/site-packages/airflow/example_dags/tutorial_objectstorage.py took 0.123 seconds
[2025-09-20T22:25:58.672+0000] {processor.py:161} INFO - Started process (PID=4257) to work on /home/airflow/.local/lib/python3.8/site-packages/airflow/example_dags/tutorial_objectstorage.py
[2025-09-20T22:25:58.674+0000] {processor.py:830} INFO - Processing file /home/airflow/.local/lib/python3.8/site-packages/airflow/example_dags/tutorial_objectstorage.py for tasks to queue
[2025-09-20T22:25:58.678+0000] {logging_mixin.py:188} INFO - [2025-09-20T22:25:58.677+0000] {dagbag.py:538} INFO - Filling up the DagBag from /home/airflow/.local/lib/python3.8/site-packages/airflow/example_dags/tutorial_objectstorage.py
[2025-09-20T22:25:58.691+0000] {processor.py:840} INFO - DAG(s) 'tutorial_objectstorage' retrieved from /home/airflow/.local/lib/python3.8/site-packages/airflow/example_dags/tutorial_objectstorage.py
[2025-09-20T22:25:58.727+0000] {logging_mixin.py:188} INFO - [2025-09-20T22:25:58.727+0000] {dag.py:3036} INFO - Sync 1 DAGs
[2025-09-20T22:25:58.751+0000] {logging_mixin.py:188} INFO - [2025-09-20T22:25:58.751+0000] {dag.py:3823} INFO - Setting next_dagrun for tutorial_objectstorage to None, run_after=None
[2025-09-20T22:25:58.787+0000] {processor.py:183} INFO - Processing /home/airflow/.local/lib/python3.8/site-packages/airflow/example_dags/tutorial_objectstorage.py took 0.121 seconds
[2025-09-20T22:26:29.595+0000] {processor.py:161} INFO - Started process (PID=4315) to work on /home/airflow/.local/lib/python3.8/site-packages/airflow/example_dags/tutorial_objectstorage.py
[2025-09-20T22:26:29.597+0000] {processor.py:830} INFO - Processing file /home/airflow/.local/lib/python3.8/site-packages/airflow/example_dags/tutorial_objectstorage.py for tasks to queue
[2025-09-20T22:26:29.601+0000] {logging_mixin.py:188} INFO - [2025-09-20T22:26:29.600+0000] {dagbag.py:538} INFO - Filling up the DagBag from /home/airflow/.local/lib/python3.8/site-packages/airflow/example_dags/tutorial_objectstorage.py
[2025-09-20T22:26:29.615+0000] {processor.py:840} INFO - DAG(s) 'tutorial_objectstorage' retrieved from /home/airflow/.local/lib/python3.8/site-packages/airflow/example_dags/tutorial_objectstorage.py
[2025-09-20T22:26:29.656+0000] {logging_mixin.py:188} INFO - [2025-09-20T22:26:29.655+0000] {dag.py:3036} INFO - Sync 1 DAGs
[2025-09-20T22:26:29.683+0000] {logging_mixin.py:188} INFO - [2025-09-20T22:26:29.682+0000] {dag.py:3823} INFO - Setting next_dagrun for tutorial_objectstorage to None, run_after=None
[2025-09-20T22:26:29.724+0000] {processor.py:183} INFO - Processing /home/airflow/.local/lib/python3.8/site-packages/airflow/example_dags/tutorial_objectstorage.py took 0.137 seconds
[2025-09-20T22:26:59.853+0000] {processor.py:161} INFO - Started process (PID=4373) to work on /home/airflow/.local/lib/python3.8/site-packages/airflow/example_dags/tutorial_objectstorage.py
[2025-09-20T22:26:59.855+0000] {processor.py:830} INFO - Processing file /home/airflow/.local/lib/python3.8/site-packages/airflow/example_dags/tutorial_objectstorage.py for tasks to queue
[2025-09-20T22:26:59.858+0000] {logging_mixin.py:188} INFO - [2025-09-20T22:26:59.858+0000] {dagbag.py:538} INFO - Filling up the DagBag from /home/airflow/.local/lib/python3.8/site-packages/airflow/example_dags/tutorial_objectstorage.py
[2025-09-20T22:26:59.871+0000] {processor.py:840} INFO - DAG(s) 'tutorial_objectstorage' retrieved from /home/airflow/.local/lib/python3.8/site-packages/airflow/example_dags/tutorial_objectstorage.py
[2025-09-20T22:26:59.905+0000] {logging_mixin.py:188} INFO - [2025-09-20T22:26:59.904+0000] {dag.py:3036} INFO - Sync 1 DAGs
[2025-09-20T22:26:59.927+0000] {logging_mixin.py:188} INFO - [2025-09-20T22:26:59.927+0000] {dag.py:3823} INFO - Setting next_dagrun for tutorial_objectstorage to None, run_after=None
[2025-09-20T22:26:59.961+0000] {processor.py:183} INFO - Processing /home/airflow/.local/lib/python3.8/site-packages/airflow/example_dags/tutorial_objectstorage.py took 0.115 seconds
[2025-09-20T22:27:30.084+0000] {processor.py:161} INFO - Started process (PID=4431) to work on /home/airflow/.local/lib/python3.8/site-packages/airflow/example_dags/tutorial_objectstorage.py
[2025-09-20T22:27:30.086+0000] {processor.py:830} INFO - Processing file /home/airflow/.local/lib/python3.8/site-packages/airflow/example_dags/tutorial_objectstorage.py for tasks to queue
[2025-09-20T22:27:30.089+0000] {logging_mixin.py:188} INFO - [2025-09-20T22:27:30.089+0000] {dagbag.py:538} INFO - Filling up the DagBag from /home/airflow/.local/lib/python3.8/site-packages/airflow/example_dags/tutorial_objectstorage.py
[2025-09-20T22:27:30.102+0000] {processor.py:840} INFO - DAG(s) 'tutorial_objectstorage' retrieved from /home/airflow/.local/lib/python3.8/site-packages/airflow/example_dags/tutorial_objectstorage.py
[2025-09-20T22:27:30.139+0000] {logging_mixin.py:188} INFO - [2025-09-20T22:27:30.139+0000] {dag.py:3036} INFO - Sync 1 DAGs
[2025-09-20T22:27:30.162+0000] {logging_mixin.py:188} INFO - [2025-09-20T22:27:30.161+0000] {dag.py:3823} INFO - Setting next_dagrun for tutorial_objectstorage to None, run_after=None
[2025-09-20T22:27:30.199+0000] {processor.py:183} INFO - Processing /home/airflow/.local/lib/python3.8/site-packages/airflow/example_dags/tutorial_objectstorage.py took 0.121 seconds
[2025-09-20T22:28:00.805+0000] {processor.py:161} INFO - Started process (PID=4489) to work on /home/airflow/.local/lib/python3.8/site-packages/airflow/example_dags/tutorial_objectstorage.py
[2025-09-20T22:28:00.807+0000] {processor.py:830} INFO - Processing file /home/airflow/.local/lib/python3.8/site-packages/airflow/example_dags/tutorial_objectstorage.py for tasks to queue
[2025-09-20T22:28:00.810+0000] {logging_mixin.py:188} INFO - [2025-09-20T22:28:00.810+0000] {dagbag.py:538} INFO - Filling up the DagBag from /home/airflow/.local/lib/python3.8/site-packages/airflow/example_dags/tutorial_objectstorage.py
[2025-09-20T22:28:00.822+0000] {processor.py:840} INFO - DAG(s) 'tutorial_objectstorage' retrieved from /home/airflow/.local/lib/python3.8/site-packages/airflow/example_dags/tutorial_objectstorage.py
[2025-09-20T22:28:00.857+0000] {logging_mixin.py:188} INFO - [2025-09-20T22:28:00.856+0000] {dag.py:3036} INFO - Sync 1 DAGs
[2025-09-20T22:28:00.880+0000] {logging_mixin.py:188} INFO - [2025-09-20T22:28:00.880+0000] {dag.py:3823} INFO - Setting next_dagrun for tutorial_objectstorage to None, run_after=None
[2025-09-20T22:28:00.919+0000] {processor.py:183} INFO - Processing /home/airflow/.local/lib/python3.8/site-packages/airflow/example_dags/tutorial_objectstorage.py took 0.120 seconds
[2025-09-20T22:28:31.617+0000] {processor.py:161} INFO - Started process (PID=4547) to work on /home/airflow/.local/lib/python3.8/site-packages/airflow/example_dags/tutorial_objectstorage.py
[2025-09-20T22:28:31.619+0000] {processor.py:830} INFO - Processing file /home/airflow/.local/lib/python3.8/site-packages/airflow/example_dags/tutorial_objectstorage.py for tasks to queue
[2025-09-20T22:28:31.623+0000] {logging_mixin.py:188} INFO - [2025-09-20T22:28:31.622+0000] {dagbag.py:538} INFO - Filling up the DagBag from /home/airflow/.local/lib/python3.8/site-packages/airflow/example_dags/tutorial_objectstorage.py
[2025-09-20T22:28:31.640+0000] {processor.py:840} INFO - DAG(s) 'tutorial_objectstorage' retrieved from /home/airflow/.local/lib/python3.8/site-packages/airflow/example_dags/tutorial_objectstorage.py
[2025-09-20T22:28:31.677+0000] {logging_mixin.py:188} INFO - [2025-09-20T22:28:31.676+0000] {dag.py:3036} INFO - Sync 1 DAGs
[2025-09-20T22:28:31.705+0000] {logging_mixin.py:188} INFO - [2025-09-20T22:28:31.704+0000] {dag.py:3823} INFO - Setting next_dagrun for tutorial_objectstorage to None, run_after=None
[2025-09-20T22:28:31.746+0000] {processor.py:183} INFO - Processing /home/airflow/.local/lib/python3.8/site-packages/airflow/example_dags/tutorial_objectstorage.py took 0.137 seconds
[2025-09-20T22:29:02.326+0000] {processor.py:161} INFO - Started process (PID=4605) to work on /home/airflow/.local/lib/python3.8/site-packages/airflow/example_dags/tutorial_objectstorage.py
[2025-09-20T22:29:02.328+0000] {processor.py:830} INFO - Processing file /home/airflow/.local/lib/python3.8/site-packages/airflow/example_dags/tutorial_objectstorage.py for tasks to queue
[2025-09-20T22:29:02.331+0000] {logging_mixin.py:188} INFO - [2025-09-20T22:29:02.331+0000] {dagbag.py:538} INFO - Filling up the DagBag from /home/airflow/.local/lib/python3.8/site-packages/airflow/example_dags/tutorial_objectstorage.py
[2025-09-20T22:29:02.343+0000] {processor.py:840} INFO - DAG(s) 'tutorial_objectstorage' retrieved from /home/airflow/.local/lib/python3.8/site-packages/airflow/example_dags/tutorial_objectstorage.py
[2025-09-20T22:29:02.378+0000] {logging_mixin.py:188} INFO - [2025-09-20T22:29:02.377+0000] {dag.py:3036} INFO - Sync 1 DAGs
[2025-09-20T22:29:02.400+0000] {logging_mixin.py:188} INFO - [2025-09-20T22:29:02.400+0000] {dag.py:3823} INFO - Setting next_dagrun for tutorial_objectstorage to None, run_after=None
[2025-09-20T22:29:02.439+0000] {processor.py:183} INFO - Processing /home/airflow/.local/lib/python3.8/site-packages/airflow/example_dags/tutorial_objectstorage.py took 0.119 seconds
[2025-09-20T22:29:32.648+0000] {processor.py:161} INFO - Started process (PID=4663) to work on /home/airflow/.local/lib/python3.8/site-packages/airflow/example_dags/tutorial_objectstorage.py
[2025-09-20T22:29:32.650+0000] {processor.py:830} INFO - Processing file /home/airflow/.local/lib/python3.8/site-packages/airflow/example_dags/tutorial_objectstorage.py for tasks to queue
[2025-09-20T22:29:32.654+0000] {logging_mixin.py:188} INFO - [2025-09-20T22:29:32.654+0000] {dagbag.py:538} INFO - Filling up the DagBag from /home/airflow/.local/lib/python3.8/site-packages/airflow/example_dags/tutorial_objectstorage.py
[2025-09-20T22:29:32.669+0000] {processor.py:840} INFO - DAG(s) 'tutorial_objectstorage' retrieved from /home/airflow/.local/lib/python3.8/site-packages/airflow/example_dags/tutorial_objectstorage.py
[2025-09-20T22:29:32.702+0000] {logging_mixin.py:188} INFO - [2025-09-20T22:29:32.702+0000] {dag.py:3036} INFO - Sync 1 DAGs
[2025-09-20T22:29:32.727+0000] {logging_mixin.py:188} INFO - [2025-09-20T22:29:32.726+0000] {dag.py:3823} INFO - Setting next_dagrun for tutorial_objectstorage to None, run_after=None
[2025-09-20T22:29:32.765+0000] {processor.py:183} INFO - Processing /home/airflow/.local/lib/python3.8/site-packages/airflow/example_dags/tutorial_objectstorage.py took 0.124 seconds
[2025-09-20T22:30:03.932+0000] {processor.py:161} INFO - Started process (PID=4721) to work on /home/airflow/.local/lib/python3.8/site-packages/airflow/example_dags/tutorial_objectstorage.py
[2025-09-20T22:30:03.934+0000] {processor.py:830} INFO - Processing file /home/airflow/.local/lib/python3.8/site-packages/airflow/example_dags/tutorial_objectstorage.py for tasks to queue
[2025-09-20T22:30:03.939+0000] {logging_mixin.py:188} INFO - [2025-09-20T22:30:03.938+0000] {dagbag.py:538} INFO - Filling up the DagBag from /home/airflow/.local/lib/python3.8/site-packages/airflow/example_dags/tutorial_objectstorage.py
[2025-09-20T22:30:03.955+0000] {processor.py:840} INFO - DAG(s) 'tutorial_objectstorage' retrieved from /home/airflow/.local/lib/python3.8/site-packages/airflow/example_dags/tutorial_objectstorage.py
[2025-09-20T22:30:03.998+0000] {logging_mixin.py:188} INFO - [2025-09-20T22:30:03.997+0000] {dag.py:3036} INFO - Sync 1 DAGs
[2025-09-20T22:30:04.028+0000] {logging_mixin.py:188} INFO - [2025-09-20T22:30:04.027+0000] {dag.py:3823} INFO - Setting next_dagrun for tutorial_objectstorage to None, run_after=None
[2025-09-20T22:30:04.071+0000] {processor.py:183} INFO - Processing /home/airflow/.local/lib/python3.8/site-packages/airflow/example_dags/tutorial_objectstorage.py took 0.147 seconds
[2025-09-20T22:30:34.830+0000] {processor.py:161} INFO - Started process (PID=4779) to work on /home/airflow/.local/lib/python3.8/site-packages/airflow/example_dags/tutorial_objectstorage.py
[2025-09-20T22:30:34.832+0000] {processor.py:830} INFO - Processing file /home/airflow/.local/lib/python3.8/site-packages/airflow/example_dags/tutorial_objectstorage.py for tasks to queue
[2025-09-20T22:30:34.835+0000] {logging_mixin.py:188} INFO - [2025-09-20T22:30:34.834+0000] {dagbag.py:538} INFO - Filling up the DagBag from /home/airflow/.local/lib/python3.8/site-packages/airflow/example_dags/tutorial_objectstorage.py
[2025-09-20T22:30:34.847+0000] {processor.py:840} INFO - DAG(s) 'tutorial_objectstorage' retrieved from /home/airflow/.local/lib/python3.8/site-packages/airflow/example_dags/tutorial_objectstorage.py
[2025-09-20T22:30:34.884+0000] {logging_mixin.py:188} INFO - [2025-09-20T22:30:34.883+0000] {dag.py:3036} INFO - Sync 1 DAGs
[2025-09-20T22:30:34.907+0000] {logging_mixin.py:188} INFO - [2025-09-20T22:30:34.906+0000] {dag.py:3823} INFO - Setting next_dagrun for tutorial_objectstorage to None, run_after=None
[2025-09-20T22:30:34.941+0000] {processor.py:183} INFO - Processing /home/airflow/.local/lib/python3.8/site-packages/airflow/example_dags/tutorial_objectstorage.py took 0.117 seconds
[2025-09-20T22:31:05.319+0000] {processor.py:161} INFO - Started process (PID=4837) to work on /home/airflow/.local/lib/python3.8/site-packages/airflow/example_dags/tutorial_objectstorage.py
[2025-09-20T22:31:05.321+0000] {processor.py:830} INFO - Processing file /home/airflow/.local/lib/python3.8/site-packages/airflow/example_dags/tutorial_objectstorage.py for tasks to queue
[2025-09-20T22:31:05.325+0000] {logging_mixin.py:188} INFO - [2025-09-20T22:31:05.325+0000] {dagbag.py:538} INFO - Filling up the DagBag from /home/airflow/.local/lib/python3.8/site-packages/airflow/example_dags/tutorial_objectstorage.py
[2025-09-20T22:31:05.339+0000] {processor.py:840} INFO - DAG(s) 'tutorial_objectstorage' retrieved from /home/airflow/.local/lib/python3.8/site-packages/airflow/example_dags/tutorial_objectstorage.py
[2025-09-20T22:31:05.378+0000] {logging_mixin.py:188} INFO - [2025-09-20T22:31:05.377+0000] {dag.py:3036} INFO - Sync 1 DAGs
[2025-09-20T22:31:05.403+0000] {logging_mixin.py:188} INFO - [2025-09-20T22:31:05.402+0000] {dag.py:3823} INFO - Setting next_dagrun for tutorial_objectstorage to None, run_after=None
[2025-09-20T22:31:05.437+0000] {processor.py:183} INFO - Processing /home/airflow/.local/lib/python3.8/site-packages/airflow/example_dags/tutorial_objectstorage.py took 0.124 seconds
[2025-09-20T22:31:35.560+0000] {processor.py:161} INFO - Started process (PID=4894) to work on /home/airflow/.local/lib/python3.8/site-packages/airflow/example_dags/tutorial_objectstorage.py
[2025-09-20T22:31:35.562+0000] {processor.py:830} INFO - Processing file /home/airflow/.local/lib/python3.8/site-packages/airflow/example_dags/tutorial_objectstorage.py for tasks to queue
[2025-09-20T22:31:35.565+0000] {logging_mixin.py:188} INFO - [2025-09-20T22:31:35.564+0000] {dagbag.py:538} INFO - Filling up the DagBag from /home/airflow/.local/lib/python3.8/site-packages/airflow/example_dags/tutorial_objectstorage.py
[2025-09-20T22:31:35.578+0000] {processor.py:840} INFO - DAG(s) 'tutorial_objectstorage' retrieved from /home/airflow/.local/lib/python3.8/site-packages/airflow/example_dags/tutorial_objectstorage.py
[2025-09-20T22:31:35.613+0000] {logging_mixin.py:188} INFO - [2025-09-20T22:31:35.613+0000] {dag.py:3036} INFO - Sync 1 DAGs
[2025-09-20T22:31:35.637+0000] {logging_mixin.py:188} INFO - [2025-09-20T22:31:35.636+0000] {dag.py:3823} INFO - Setting next_dagrun for tutorial_objectstorage to None, run_after=None
[2025-09-20T22:31:35.684+0000] {processor.py:183} INFO - Processing /home/airflow/.local/lib/python3.8/site-packages/airflow/example_dags/tutorial_objectstorage.py took 0.130 seconds
[2025-09-20T22:32:05.961+0000] {processor.py:161} INFO - Started process (PID=4951) to work on /home/airflow/.local/lib/python3.8/site-packages/airflow/example_dags/tutorial_objectstorage.py
[2025-09-20T22:32:05.963+0000] {processor.py:830} INFO - Processing file /home/airflow/.local/lib/python3.8/site-packages/airflow/example_dags/tutorial_objectstorage.py for tasks to queue
[2025-09-20T22:32:05.969+0000] {logging_mixin.py:188} INFO - [2025-09-20T22:32:05.968+0000] {dagbag.py:538} INFO - Filling up the DagBag from /home/airflow/.local/lib/python3.8/site-packages/airflow/example_dags/tutorial_objectstorage.py
[2025-09-20T22:32:05.981+0000] {processor.py:840} INFO - DAG(s) 'tutorial_objectstorage' retrieved from /home/airflow/.local/lib/python3.8/site-packages/airflow/example_dags/tutorial_objectstorage.py
[2025-09-20T22:32:06.018+0000] {logging_mixin.py:188} INFO - [2025-09-20T22:32:06.017+0000] {dag.py:3036} INFO - Sync 1 DAGs
[2025-09-20T22:32:06.041+0000] {logging_mixin.py:188} INFO - [2025-09-20T22:32:06.041+0000] {dag.py:3823} INFO - Setting next_dagrun for tutorial_objectstorage to None, run_after=None
[2025-09-20T22:32:06.083+0000] {processor.py:183} INFO - Processing /home/airflow/.local/lib/python3.8/site-packages/airflow/example_dags/tutorial_objectstorage.py took 0.129 seconds
[2025-09-20T22:32:36.276+0000] {processor.py:161} INFO - Started process (PID=5009) to work on /home/airflow/.local/lib/python3.8/site-packages/airflow/example_dags/tutorial_objectstorage.py
[2025-09-20T22:32:36.278+0000] {processor.py:830} INFO - Processing file /home/airflow/.local/lib/python3.8/site-packages/airflow/example_dags/tutorial_objectstorage.py for tasks to queue
[2025-09-20T22:32:36.281+0000] {logging_mixin.py:188} INFO - [2025-09-20T22:32:36.280+0000] {dagbag.py:538} INFO - Filling up the DagBag from /home/airflow/.local/lib/python3.8/site-packages/airflow/example_dags/tutorial_objectstorage.py
[2025-09-20T22:32:36.293+0000] {processor.py:840} INFO - DAG(s) 'tutorial_objectstorage' retrieved from /home/airflow/.local/lib/python3.8/site-packages/airflow/example_dags/tutorial_objectstorage.py
[2025-09-20T22:32:36.328+0000] {logging_mixin.py:188} INFO - [2025-09-20T22:32:36.328+0000] {dag.py:3036} INFO - Sync 1 DAGs
[2025-09-20T22:32:36.351+0000] {logging_mixin.py:188} INFO - [2025-09-20T22:32:36.351+0000] {dag.py:3823} INFO - Setting next_dagrun for tutorial_objectstorage to None, run_after=None
[2025-09-20T22:32:36.391+0000] {processor.py:183} INFO - Processing /home/airflow/.local/lib/python3.8/site-packages/airflow/example_dags/tutorial_objectstorage.py took 0.122 seconds
[2025-09-20T22:33:06.466+0000] {processor.py:161} INFO - Started process (PID=5067) to work on /home/airflow/.local/lib/python3.8/site-packages/airflow/example_dags/tutorial_objectstorage.py
[2025-09-20T22:33:06.467+0000] {processor.py:830} INFO - Processing file /home/airflow/.local/lib/python3.8/site-packages/airflow/example_dags/tutorial_objectstorage.py for tasks to queue
[2025-09-20T22:33:06.471+0000] {logging_mixin.py:188} INFO - [2025-09-20T22:33:06.470+0000] {dagbag.py:538} INFO - Filling up the DagBag from /home/airflow/.local/lib/python3.8/site-packages/airflow/example_dags/tutorial_objectstorage.py
[2025-09-20T22:33:06.483+0000] {processor.py:840} INFO - DAG(s) 'tutorial_objectstorage' retrieved from /home/airflow/.local/lib/python3.8/site-packages/airflow/example_dags/tutorial_objectstorage.py
[2025-09-20T22:33:06.518+0000] {logging_mixin.py:188} INFO - [2025-09-20T22:33:06.518+0000] {dag.py:3036} INFO - Sync 1 DAGs
[2025-09-20T22:33:06.543+0000] {logging_mixin.py:188} INFO - [2025-09-20T22:33:06.542+0000] {dag.py:3823} INFO - Setting next_dagrun for tutorial_objectstorage to None, run_after=None
[2025-09-20T22:33:06.583+0000] {processor.py:183} INFO - Processing /home/airflow/.local/lib/python3.8/site-packages/airflow/example_dags/tutorial_objectstorage.py took 0.123 seconds
[2025-09-20T22:33:36.671+0000] {processor.py:161} INFO - Started process (PID=5125) to work on /home/airflow/.local/lib/python3.8/site-packages/airflow/example_dags/tutorial_objectstorage.py
[2025-09-20T22:33:36.673+0000] {processor.py:830} INFO - Processing file /home/airflow/.local/lib/python3.8/site-packages/airflow/example_dags/tutorial_objectstorage.py for tasks to queue
[2025-09-20T22:33:36.677+0000] {logging_mixin.py:188} INFO - [2025-09-20T22:33:36.676+0000] {dagbag.py:538} INFO - Filling up the DagBag from /home/airflow/.local/lib/python3.8/site-packages/airflow/example_dags/tutorial_objectstorage.py
[2025-09-20T22:33:36.689+0000] {processor.py:840} INFO - DAG(s) 'tutorial_objectstorage' retrieved from /home/airflow/.local/lib/python3.8/site-packages/airflow/example_dags/tutorial_objectstorage.py
[2025-09-20T22:33:36.724+0000] {logging_mixin.py:188} INFO - [2025-09-20T22:33:36.723+0000] {dag.py:3036} INFO - Sync 1 DAGs
[2025-09-20T22:33:36.747+0000] {logging_mixin.py:188} INFO - [2025-09-20T22:33:36.747+0000] {dag.py:3823} INFO - Setting next_dagrun for tutorial_objectstorage to None, run_after=None
[2025-09-20T22:33:36.787+0000] {processor.py:183} INFO - Processing /home/airflow/.local/lib/python3.8/site-packages/airflow/example_dags/tutorial_objectstorage.py took 0.122 seconds
[2025-09-20T22:34:07.981+0000] {processor.py:161} INFO - Started process (PID=5183) to work on /home/airflow/.local/lib/python3.8/site-packages/airflow/example_dags/tutorial_objectstorage.py
[2025-09-20T22:34:07.984+0000] {processor.py:830} INFO - Processing file /home/airflow/.local/lib/python3.8/site-packages/airflow/example_dags/tutorial_objectstorage.py for tasks to queue
[2025-09-20T22:34:07.988+0000] {logging_mixin.py:188} INFO - [2025-09-20T22:34:07.987+0000] {dagbag.py:538} INFO - Filling up the DagBag from /home/airflow/.local/lib/python3.8/site-packages/airflow/example_dags/tutorial_objectstorage.py
[2025-09-20T22:34:08.003+0000] {processor.py:840} INFO - DAG(s) 'tutorial_objectstorage' retrieved from /home/airflow/.local/lib/python3.8/site-packages/airflow/example_dags/tutorial_objectstorage.py
[2025-09-20T22:34:08.053+0000] {logging_mixin.py:188} INFO - [2025-09-20T22:34:08.052+0000] {dag.py:3036} INFO - Sync 1 DAGs
[2025-09-20T22:34:08.084+0000] {logging_mixin.py:188} INFO - [2025-09-20T22:34:08.083+0000] {dag.py:3823} INFO - Setting next_dagrun for tutorial_objectstorage to None, run_after=None
[2025-09-20T22:34:08.128+0000] {processor.py:183} INFO - Processing /home/airflow/.local/lib/python3.8/site-packages/airflow/example_dags/tutorial_objectstorage.py took 0.156 seconds
[2025-09-20T22:34:38.587+0000] {processor.py:161} INFO - Started process (PID=5241) to work on /home/airflow/.local/lib/python3.8/site-packages/airflow/example_dags/tutorial_objectstorage.py
[2025-09-20T22:34:38.589+0000] {processor.py:830} INFO - Processing file /home/airflow/.local/lib/python3.8/site-packages/airflow/example_dags/tutorial_objectstorage.py for tasks to queue
[2025-09-20T22:34:38.593+0000] {logging_mixin.py:188} INFO - [2025-09-20T22:34:38.592+0000] {dagbag.py:538} INFO - Filling up the DagBag from /home/airflow/.local/lib/python3.8/site-packages/airflow/example_dags/tutorial_objectstorage.py
[2025-09-20T22:34:38.605+0000] {processor.py:840} INFO - DAG(s) 'tutorial_objectstorage' retrieved from /home/airflow/.local/lib/python3.8/site-packages/airflow/example_dags/tutorial_objectstorage.py
[2025-09-20T22:34:38.641+0000] {logging_mixin.py:188} INFO - [2025-09-20T22:34:38.640+0000] {dag.py:3036} INFO - Sync 1 DAGs
[2025-09-20T22:34:38.667+0000] {logging_mixin.py:188} INFO - [2025-09-20T22:34:38.667+0000] {dag.py:3823} INFO - Setting next_dagrun for tutorial_objectstorage to None, run_after=None
[2025-09-20T22:34:38.707+0000] {processor.py:183} INFO - Processing /home/airflow/.local/lib/python3.8/site-packages/airflow/example_dags/tutorial_objectstorage.py took 0.126 seconds
[2025-09-20T22:35:09.291+0000] {processor.py:161} INFO - Started process (PID=5299) to work on /home/airflow/.local/lib/python3.8/site-packages/airflow/example_dags/tutorial_objectstorage.py
[2025-09-20T22:35:09.293+0000] {processor.py:830} INFO - Processing file /home/airflow/.local/lib/python3.8/site-packages/airflow/example_dags/tutorial_objectstorage.py for tasks to queue
[2025-09-20T22:35:09.297+0000] {logging_mixin.py:188} INFO - [2025-09-20T22:35:09.296+0000] {dagbag.py:538} INFO - Filling up the DagBag from /home/airflow/.local/lib/python3.8/site-packages/airflow/example_dags/tutorial_objectstorage.py
[2025-09-20T22:35:09.313+0000] {processor.py:840} INFO - DAG(s) 'tutorial_objectstorage' retrieved from /home/airflow/.local/lib/python3.8/site-packages/airflow/example_dags/tutorial_objectstorage.py
[2025-09-20T22:35:09.350+0000] {logging_mixin.py:188} INFO - [2025-09-20T22:35:09.349+0000] {dag.py:3036} INFO - Sync 1 DAGs
[2025-09-20T22:35:09.380+0000] {logging_mixin.py:188} INFO - [2025-09-20T22:35:09.379+0000] {dag.py:3823} INFO - Setting next_dagrun for tutorial_objectstorage to None, run_after=None
[2025-09-20T22:35:09.422+0000] {processor.py:183} INFO - Processing /home/airflow/.local/lib/python3.8/site-packages/airflow/example_dags/tutorial_objectstorage.py took 0.138 seconds
[2025-09-20T22:35:39.908+0000] {processor.py:161} INFO - Started process (PID=5355) to work on /home/airflow/.local/lib/python3.8/site-packages/airflow/example_dags/tutorial_objectstorage.py
[2025-09-20T22:35:39.910+0000] {processor.py:830} INFO - Processing file /home/airflow/.local/lib/python3.8/site-packages/airflow/example_dags/tutorial_objectstorage.py for tasks to queue
[2025-09-20T22:35:39.914+0000] {logging_mixin.py:188} INFO - [2025-09-20T22:35:39.913+0000] {dagbag.py:538} INFO - Filling up the DagBag from /home/airflow/.local/lib/python3.8/site-packages/airflow/example_dags/tutorial_objectstorage.py
[2025-09-20T22:35:39.927+0000] {processor.py:840} INFO - DAG(s) 'tutorial_objectstorage' retrieved from /home/airflow/.local/lib/python3.8/site-packages/airflow/example_dags/tutorial_objectstorage.py
[2025-09-20T22:35:39.964+0000] {logging_mixin.py:188} INFO - [2025-09-20T22:35:39.964+0000] {dag.py:3036} INFO - Sync 1 DAGs
[2025-09-20T22:35:39.992+0000] {logging_mixin.py:188} INFO - [2025-09-20T22:35:39.992+0000] {dag.py:3823} INFO - Setting next_dagrun for tutorial_objectstorage to None, run_after=None
[2025-09-20T22:35:40.035+0000] {processor.py:183} INFO - Processing /home/airflow/.local/lib/python3.8/site-packages/airflow/example_dags/tutorial_objectstorage.py took 0.132 seconds
[2025-09-20T22:36:10.514+0000] {processor.py:161} INFO - Started process (PID=5413) to work on /home/airflow/.local/lib/python3.8/site-packages/airflow/example_dags/tutorial_objectstorage.py
[2025-09-20T22:36:10.516+0000] {processor.py:830} INFO - Processing file /home/airflow/.local/lib/python3.8/site-packages/airflow/example_dags/tutorial_objectstorage.py for tasks to queue
[2025-09-20T22:36:10.519+0000] {logging_mixin.py:188} INFO - [2025-09-20T22:36:10.519+0000] {dagbag.py:538} INFO - Filling up the DagBag from /home/airflow/.local/lib/python3.8/site-packages/airflow/example_dags/tutorial_objectstorage.py
[2025-09-20T22:36:10.534+0000] {processor.py:840} INFO - DAG(s) 'tutorial_objectstorage' retrieved from /home/airflow/.local/lib/python3.8/site-packages/airflow/example_dags/tutorial_objectstorage.py
[2025-09-20T22:36:10.570+0000] {logging_mixin.py:188} INFO - [2025-09-20T22:36:10.570+0000] {dag.py:3036} INFO - Sync 1 DAGs
[2025-09-20T22:36:10.594+0000] {logging_mixin.py:188} INFO - [2025-09-20T22:36:10.593+0000] {dag.py:3823} INFO - Setting next_dagrun for tutorial_objectstorage to None, run_after=None
[2025-09-20T22:36:10.634+0000] {processor.py:183} INFO - Processing /home/airflow/.local/lib/python3.8/site-packages/airflow/example_dags/tutorial_objectstorage.py took 0.126 seconds
[2025-09-20T22:36:40.809+0000] {processor.py:161} INFO - Started process (PID=5471) to work on /home/airflow/.local/lib/python3.8/site-packages/airflow/example_dags/tutorial_objectstorage.py
[2025-09-20T22:36:40.811+0000] {processor.py:830} INFO - Processing file /home/airflow/.local/lib/python3.8/site-packages/airflow/example_dags/tutorial_objectstorage.py for tasks to queue
[2025-09-20T22:36:40.814+0000] {logging_mixin.py:188} INFO - [2025-09-20T22:36:40.814+0000] {dagbag.py:538} INFO - Filling up the DagBag from /home/airflow/.local/lib/python3.8/site-packages/airflow/example_dags/tutorial_objectstorage.py
[2025-09-20T22:36:40.826+0000] {processor.py:840} INFO - DAG(s) 'tutorial_objectstorage' retrieved from /home/airflow/.local/lib/python3.8/site-packages/airflow/example_dags/tutorial_objectstorage.py
[2025-09-20T22:36:40.861+0000] {logging_mixin.py:188} INFO - [2025-09-20T22:36:40.861+0000] {dag.py:3036} INFO - Sync 1 DAGs
[2025-09-20T22:36:40.884+0000] {logging_mixin.py:188} INFO - [2025-09-20T22:36:40.884+0000] {dag.py:3823} INFO - Setting next_dagrun for tutorial_objectstorage to None, run_after=None
[2025-09-20T22:36:40.918+0000] {processor.py:183} INFO - Processing /home/airflow/.local/lib/python3.8/site-packages/airflow/example_dags/tutorial_objectstorage.py took 0.115 seconds
[2025-09-20T22:37:11.194+0000] {processor.py:161} INFO - Started process (PID=5529) to work on /home/airflow/.local/lib/python3.8/site-packages/airflow/example_dags/tutorial_objectstorage.py
[2025-09-20T22:37:11.196+0000] {processor.py:830} INFO - Processing file /home/airflow/.local/lib/python3.8/site-packages/airflow/example_dags/tutorial_objectstorage.py for tasks to queue
[2025-09-20T22:37:11.199+0000] {logging_mixin.py:188} INFO - [2025-09-20T22:37:11.199+0000] {dagbag.py:538} INFO - Filling up the DagBag from /home/airflow/.local/lib/python3.8/site-packages/airflow/example_dags/tutorial_objectstorage.py
[2025-09-20T22:37:11.212+0000] {processor.py:840} INFO - DAG(s) 'tutorial_objectstorage' retrieved from /home/airflow/.local/lib/python3.8/site-packages/airflow/example_dags/tutorial_objectstorage.py
[2025-09-20T22:37:11.248+0000] {logging_mixin.py:188} INFO - [2025-09-20T22:37:11.247+0000] {dag.py:3036} INFO - Sync 1 DAGs
[2025-09-20T22:37:11.271+0000] {logging_mixin.py:188} INFO - [2025-09-20T22:37:11.271+0000] {dag.py:3823} INFO - Setting next_dagrun for tutorial_objectstorage to None, run_after=None
[2025-09-20T22:37:11.309+0000] {processor.py:183} INFO - Processing /home/airflow/.local/lib/python3.8/site-packages/airflow/example_dags/tutorial_objectstorage.py took 0.121 seconds
[2025-09-20T22:37:41.753+0000] {processor.py:161} INFO - Started process (PID=5587) to work on /home/airflow/.local/lib/python3.8/site-packages/airflow/example_dags/tutorial_objectstorage.py
[2025-09-20T22:37:41.756+0000] {processor.py:830} INFO - Processing file /home/airflow/.local/lib/python3.8/site-packages/airflow/example_dags/tutorial_objectstorage.py for tasks to queue
[2025-09-20T22:37:41.759+0000] {logging_mixin.py:188} INFO - [2025-09-20T22:37:41.759+0000] {dagbag.py:538} INFO - Filling up the DagBag from /home/airflow/.local/lib/python3.8/site-packages/airflow/example_dags/tutorial_objectstorage.py
[2025-09-20T22:37:41.772+0000] {processor.py:840} INFO - DAG(s) 'tutorial_objectstorage' retrieved from /home/airflow/.local/lib/python3.8/site-packages/airflow/example_dags/tutorial_objectstorage.py
[2025-09-20T22:37:41.810+0000] {logging_mixin.py:188} INFO - [2025-09-20T22:37:41.809+0000] {dag.py:3036} INFO - Sync 1 DAGs
[2025-09-20T22:37:41.835+0000] {logging_mixin.py:188} INFO - [2025-09-20T22:37:41.834+0000] {dag.py:3823} INFO - Setting next_dagrun for tutorial_objectstorage to None, run_after=None
[2025-09-20T22:37:41.872+0000] {processor.py:183} INFO - Processing /home/airflow/.local/lib/python3.8/site-packages/airflow/example_dags/tutorial_objectstorage.py took 0.125 seconds
[2025-09-20T22:38:12.093+0000] {processor.py:161} INFO - Started process (PID=5645) to work on /home/airflow/.local/lib/python3.8/site-packages/airflow/example_dags/tutorial_objectstorage.py
[2025-09-20T22:38:12.095+0000] {processor.py:830} INFO - Processing file /home/airflow/.local/lib/python3.8/site-packages/airflow/example_dags/tutorial_objectstorage.py for tasks to queue
[2025-09-20T22:38:12.099+0000] {logging_mixin.py:188} INFO - [2025-09-20T22:38:12.099+0000] {dagbag.py:538} INFO - Filling up the DagBag from /home/airflow/.local/lib/python3.8/site-packages/airflow/example_dags/tutorial_objectstorage.py
[2025-09-20T22:38:12.112+0000] {processor.py:840} INFO - DAG(s) 'tutorial_objectstorage' retrieved from /home/airflow/.local/lib/python3.8/site-packages/airflow/example_dags/tutorial_objectstorage.py
[2025-09-20T22:38:12.149+0000] {logging_mixin.py:188} INFO - [2025-09-20T22:38:12.148+0000] {dag.py:3036} INFO - Sync 1 DAGs
[2025-09-20T22:38:12.171+0000] {logging_mixin.py:188} INFO - [2025-09-20T22:38:12.171+0000] {dag.py:3823} INFO - Setting next_dagrun for tutorial_objectstorage to None, run_after=None
[2025-09-20T22:38:12.205+0000] {processor.py:183} INFO - Processing /home/airflow/.local/lib/python3.8/site-packages/airflow/example_dags/tutorial_objectstorage.py took 0.118 seconds
[2025-09-20T22:38:42.999+0000] {processor.py:161} INFO - Started process (PID=5703) to work on /home/airflow/.local/lib/python3.8/site-packages/airflow/example_dags/tutorial_objectstorage.py
[2025-09-20T22:38:43.001+0000] {processor.py:830} INFO - Processing file /home/airflow/.local/lib/python3.8/site-packages/airflow/example_dags/tutorial_objectstorage.py for tasks to queue
[2025-09-20T22:38:43.006+0000] {logging_mixin.py:188} INFO - [2025-09-20T22:38:43.005+0000] {dagbag.py:538} INFO - Filling up the DagBag from /home/airflow/.local/lib/python3.8/site-packages/airflow/example_dags/tutorial_objectstorage.py
[2025-09-20T22:38:43.020+0000] {processor.py:840} INFO - DAG(s) 'tutorial_objectstorage' retrieved from /home/airflow/.local/lib/python3.8/site-packages/airflow/example_dags/tutorial_objectstorage.py
[2025-09-20T22:38:43.058+0000] {logging_mixin.py:188} INFO - [2025-09-20T22:38:43.058+0000] {dag.py:3036} INFO - Sync 1 DAGs
[2025-09-20T22:38:43.082+0000] {logging_mixin.py:188} INFO - [2025-09-20T22:38:43.082+0000] {dag.py:3823} INFO - Setting next_dagrun for tutorial_objectstorage to None, run_after=None
[2025-09-20T22:38:43.127+0000] {processor.py:183} INFO - Processing /home/airflow/.local/lib/python3.8/site-packages/airflow/example_dags/tutorial_objectstorage.py took 0.135 seconds
[2025-09-20T22:39:13.697+0000] {processor.py:161} INFO - Started process (PID=5761) to work on /home/airflow/.local/lib/python3.8/site-packages/airflow/example_dags/tutorial_objectstorage.py
[2025-09-20T22:39:13.699+0000] {processor.py:830} INFO - Processing file /home/airflow/.local/lib/python3.8/site-packages/airflow/example_dags/tutorial_objectstorage.py for tasks to queue
[2025-09-20T22:39:13.704+0000] {logging_mixin.py:188} INFO - [2025-09-20T22:39:13.703+0000] {dagbag.py:538} INFO - Filling up the DagBag from /home/airflow/.local/lib/python3.8/site-packages/airflow/example_dags/tutorial_objectstorage.py
[2025-09-20T22:39:13.719+0000] {processor.py:840} INFO - DAG(s) 'tutorial_objectstorage' retrieved from /home/airflow/.local/lib/python3.8/site-packages/airflow/example_dags/tutorial_objectstorage.py
[2025-09-20T22:39:13.759+0000] {logging_mixin.py:188} INFO - [2025-09-20T22:39:13.758+0000] {dag.py:3036} INFO - Sync 1 DAGs
[2025-09-20T22:39:13.789+0000] {logging_mixin.py:188} INFO - [2025-09-20T22:39:13.789+0000] {dag.py:3823} INFO - Setting next_dagrun for tutorial_objectstorage to None, run_after=None
[2025-09-20T22:39:13.830+0000] {processor.py:183} INFO - Processing /home/airflow/.local/lib/python3.8/site-packages/airflow/example_dags/tutorial_objectstorage.py took 0.140 seconds
