[2025-09-21T11:12:53.423+0000] {processor.py:161} INFO - Started process (PID=78) to work on /home/airflow/.local/lib/python3.8/site-packages/airflow/example_dags/example_branch_python_dop_operator_3.py
[2025-09-21T11:12:53.426+0000] {processor.py:830} INFO - Processing file /home/airflow/.local/lib/python3.8/site-packages/airflow/example_dags/example_branch_python_dop_operator_3.py for tasks to queue
[2025-09-21T11:12:53.431+0000] {logging_mixin.py:188} INFO - [2025-09-21T11:12:53.430+0000] {dagbag.py:538} INFO - Filling up the DagBag from /home/airflow/.local/lib/python3.8/site-packages/airflow/example_dags/example_branch_python_dop_operator_3.py
[2025-09-21T11:12:53.466+0000] {processor.py:840} INFO - DAG(s) 'example_branch_dop_operator_v3' retrieved from /home/airflow/.local/lib/python3.8/site-packages/airflow/example_dags/example_branch_python_dop_operator_3.py
[2025-09-21T11:12:53.537+0000] {logging_mixin.py:188} INFO - [2025-09-21T11:12:53.536+0000] {dag.py:3036} INFO - Sync 1 DAGs
[2025-09-21T11:12:53.628+0000] {logging_mixin.py:188} INFO - [2025-09-21T11:12:53.628+0000] {dag.py:3823} INFO - Setting next_dagrun for example_branch_dop_operator_v3 to 2025-09-21 11:11:00+00:00, run_after=2025-09-21 11:12:00+00:00
[2025-09-21T11:12:53.674+0000] {processor.py:183} INFO - Processing /home/airflow/.local/lib/python3.8/site-packages/airflow/example_dags/example_branch_python_dop_operator_3.py took 0.261 seconds
[2025-09-21T11:13:24.270+0000] {processor.py:161} INFO - Started process (PID=136) to work on /home/airflow/.local/lib/python3.8/site-packages/airflow/example_dags/example_branch_python_dop_operator_3.py
[2025-09-21T11:13:24.272+0000] {processor.py:830} INFO - Processing file /home/airflow/.local/lib/python3.8/site-packages/airflow/example_dags/example_branch_python_dop_operator_3.py for tasks to queue
[2025-09-21T11:13:24.275+0000] {logging_mixin.py:188} INFO - [2025-09-21T11:13:24.275+0000] {dagbag.py:538} INFO - Filling up the DagBag from /home/airflow/.local/lib/python3.8/site-packages/airflow/example_dags/example_branch_python_dop_operator_3.py
[2025-09-21T11:13:24.293+0000] {processor.py:840} INFO - DAG(s) 'example_branch_dop_operator_v3' retrieved from /home/airflow/.local/lib/python3.8/site-packages/airflow/example_dags/example_branch_python_dop_operator_3.py
[2025-09-21T11:13:24.328+0000] {logging_mixin.py:188} INFO - [2025-09-21T11:13:24.328+0000] {dag.py:3036} INFO - Sync 1 DAGs
[2025-09-21T11:13:24.376+0000] {logging_mixin.py:188} INFO - [2025-09-21T11:13:24.376+0000] {dag.py:3823} INFO - Setting next_dagrun for example_branch_dop_operator_v3 to 2025-09-21 11:12:00+00:00, run_after=2025-09-21 11:13:00+00:00
[2025-09-21T11:13:24.410+0000] {processor.py:183} INFO - Processing /home/airflow/.local/lib/python3.8/site-packages/airflow/example_dags/example_branch_python_dop_operator_3.py took 0.146 seconds
[2025-09-21T11:13:55.412+0000] {processor.py:161} INFO - Started process (PID=194) to work on /home/airflow/.local/lib/python3.8/site-packages/airflow/example_dags/example_branch_python_dop_operator_3.py
[2025-09-21T11:13:55.414+0000] {processor.py:830} INFO - Processing file /home/airflow/.local/lib/python3.8/site-packages/airflow/example_dags/example_branch_python_dop_operator_3.py for tasks to queue
[2025-09-21T11:13:55.418+0000] {logging_mixin.py:188} INFO - [2025-09-21T11:13:55.417+0000] {dagbag.py:538} INFO - Filling up the DagBag from /home/airflow/.local/lib/python3.8/site-packages/airflow/example_dags/example_branch_python_dop_operator_3.py
[2025-09-21T11:13:55.433+0000] {processor.py:840} INFO - DAG(s) 'example_branch_dop_operator_v3' retrieved from /home/airflow/.local/lib/python3.8/site-packages/airflow/example_dags/example_branch_python_dop_operator_3.py
[2025-09-21T11:13:55.470+0000] {logging_mixin.py:188} INFO - [2025-09-21T11:13:55.469+0000] {dag.py:3036} INFO - Sync 1 DAGs
[2025-09-21T11:13:55.516+0000] {logging_mixin.py:188} INFO - [2025-09-21T11:13:55.515+0000] {dag.py:3823} INFO - Setting next_dagrun for example_branch_dop_operator_v3 to 2025-09-21 11:12:00+00:00, run_after=2025-09-21 11:13:00+00:00
[2025-09-21T11:13:55.553+0000] {processor.py:183} INFO - Processing /home/airflow/.local/lib/python3.8/site-packages/airflow/example_dags/example_branch_python_dop_operator_3.py took 0.147 seconds
[2025-09-21T11:14:25.957+0000] {processor.py:161} INFO - Started process (PID=252) to work on /home/airflow/.local/lib/python3.8/site-packages/airflow/example_dags/example_branch_python_dop_operator_3.py
[2025-09-21T11:14:25.958+0000] {processor.py:830} INFO - Processing file /home/airflow/.local/lib/python3.8/site-packages/airflow/example_dags/example_branch_python_dop_operator_3.py for tasks to queue
[2025-09-21T11:14:25.962+0000] {logging_mixin.py:188} INFO - [2025-09-21T11:14:25.962+0000] {dagbag.py:538} INFO - Filling up the DagBag from /home/airflow/.local/lib/python3.8/site-packages/airflow/example_dags/example_branch_python_dop_operator_3.py
[2025-09-21T11:14:25.979+0000] {processor.py:840} INFO - DAG(s) 'example_branch_dop_operator_v3' retrieved from /home/airflow/.local/lib/python3.8/site-packages/airflow/example_dags/example_branch_python_dop_operator_3.py
[2025-09-21T11:14:26.013+0000] {logging_mixin.py:188} INFO - [2025-09-21T11:14:26.013+0000] {dag.py:3036} INFO - Sync 1 DAGs
[2025-09-21T11:14:26.066+0000] {logging_mixin.py:188} INFO - [2025-09-21T11:14:26.066+0000] {dag.py:3823} INFO - Setting next_dagrun for example_branch_dop_operator_v3 to 2025-09-21 11:13:00+00:00, run_after=2025-09-21 11:14:00+00:00
[2025-09-21T11:14:26.106+0000] {processor.py:183} INFO - Processing /home/airflow/.local/lib/python3.8/site-packages/airflow/example_dags/example_branch_python_dop_operator_3.py took 0.155 seconds
[2025-09-21T11:14:56.606+0000] {processor.py:161} INFO - Started process (PID=310) to work on /home/airflow/.local/lib/python3.8/site-packages/airflow/example_dags/example_branch_python_dop_operator_3.py
[2025-09-21T11:14:56.608+0000] {processor.py:830} INFO - Processing file /home/airflow/.local/lib/python3.8/site-packages/airflow/example_dags/example_branch_python_dop_operator_3.py for tasks to queue
[2025-09-21T11:14:56.611+0000] {logging_mixin.py:188} INFO - [2025-09-21T11:14:56.611+0000] {dagbag.py:538} INFO - Filling up the DagBag from /home/airflow/.local/lib/python3.8/site-packages/airflow/example_dags/example_branch_python_dop_operator_3.py
[2025-09-21T11:14:56.628+0000] {processor.py:840} INFO - DAG(s) 'example_branch_dop_operator_v3' retrieved from /home/airflow/.local/lib/python3.8/site-packages/airflow/example_dags/example_branch_python_dop_operator_3.py
[2025-09-21T11:14:56.664+0000] {logging_mixin.py:188} INFO - [2025-09-21T11:14:56.663+0000] {dag.py:3036} INFO - Sync 1 DAGs
[2025-09-21T11:14:56.714+0000] {logging_mixin.py:188} INFO - [2025-09-21T11:14:56.713+0000] {dag.py:3823} INFO - Setting next_dagrun for example_branch_dop_operator_v3 to 2025-09-21 11:13:00+00:00, run_after=2025-09-21 11:14:00+00:00
[2025-09-21T11:14:56.757+0000] {processor.py:183} INFO - Processing /home/airflow/.local/lib/python3.8/site-packages/airflow/example_dags/example_branch_python_dop_operator_3.py took 0.157 seconds
[2025-09-21T11:15:27.633+0000] {processor.py:161} INFO - Started process (PID=369) to work on /home/airflow/.local/lib/python3.8/site-packages/airflow/example_dags/example_branch_python_dop_operator_3.py
[2025-09-21T11:15:27.635+0000] {processor.py:830} INFO - Processing file /home/airflow/.local/lib/python3.8/site-packages/airflow/example_dags/example_branch_python_dop_operator_3.py for tasks to queue
[2025-09-21T11:15:27.638+0000] {logging_mixin.py:188} INFO - [2025-09-21T11:15:27.638+0000] {dagbag.py:538} INFO - Filling up the DagBag from /home/airflow/.local/lib/python3.8/site-packages/airflow/example_dags/example_branch_python_dop_operator_3.py
[2025-09-21T11:15:27.653+0000] {processor.py:840} INFO - DAG(s) 'example_branch_dop_operator_v3' retrieved from /home/airflow/.local/lib/python3.8/site-packages/airflow/example_dags/example_branch_python_dop_operator_3.py
[2025-09-21T11:15:27.689+0000] {logging_mixin.py:188} INFO - [2025-09-21T11:15:27.689+0000] {dag.py:3036} INFO - Sync 1 DAGs
[2025-09-21T11:15:27.737+0000] {logging_mixin.py:188} INFO - [2025-09-21T11:15:27.737+0000] {dag.py:3823} INFO - Setting next_dagrun for example_branch_dop_operator_v3 to 2025-09-21 11:14:00+00:00, run_after=2025-09-21 11:15:00+00:00
[2025-09-21T11:15:27.779+0000] {processor.py:183} INFO - Processing /home/airflow/.local/lib/python3.8/site-packages/airflow/example_dags/example_branch_python_dop_operator_3.py took 0.152 seconds
[2025-09-21T11:15:58.949+0000] {processor.py:161} INFO - Started process (PID=427) to work on /home/airflow/.local/lib/python3.8/site-packages/airflow/example_dags/example_branch_python_dop_operator_3.py
[2025-09-21T11:15:58.951+0000] {processor.py:830} INFO - Processing file /home/airflow/.local/lib/python3.8/site-packages/airflow/example_dags/example_branch_python_dop_operator_3.py for tasks to queue
[2025-09-21T11:15:58.956+0000] {logging_mixin.py:188} INFO - [2025-09-21T11:15:58.955+0000] {dagbag.py:538} INFO - Filling up the DagBag from /home/airflow/.local/lib/python3.8/site-packages/airflow/example_dags/example_branch_python_dop_operator_3.py
[2025-09-21T11:15:58.988+0000] {processor.py:840} INFO - DAG(s) 'example_branch_dop_operator_v3' retrieved from /home/airflow/.local/lib/python3.8/site-packages/airflow/example_dags/example_branch_python_dop_operator_3.py
[2025-09-21T11:15:59.027+0000] {logging_mixin.py:188} INFO - [2025-09-21T11:15:59.026+0000] {dag.py:3036} INFO - Sync 1 DAGs
[2025-09-21T11:15:59.086+0000] {logging_mixin.py:188} INFO - [2025-09-21T11:15:59.085+0000] {dag.py:3823} INFO - Setting next_dagrun for example_branch_dop_operator_v3 to 2025-09-21 11:14:00+00:00, run_after=2025-09-21 11:15:00+00:00
[2025-09-21T11:15:59.124+0000] {processor.py:183} INFO - Processing /home/airflow/.local/lib/python3.8/site-packages/airflow/example_dags/example_branch_python_dop_operator_3.py took 0.183 seconds
[2025-09-21T11:16:29.452+0000] {processor.py:161} INFO - Started process (PID=486) to work on /home/airflow/.local/lib/python3.8/site-packages/airflow/example_dags/example_branch_python_dop_operator_3.py
[2025-09-21T11:16:29.454+0000] {processor.py:830} INFO - Processing file /home/airflow/.local/lib/python3.8/site-packages/airflow/example_dags/example_branch_python_dop_operator_3.py for tasks to queue
[2025-09-21T11:16:29.457+0000] {logging_mixin.py:188} INFO - [2025-09-21T11:16:29.457+0000] {dagbag.py:538} INFO - Filling up the DagBag from /home/airflow/.local/lib/python3.8/site-packages/airflow/example_dags/example_branch_python_dop_operator_3.py
[2025-09-21T11:16:29.478+0000] {processor.py:840} INFO - DAG(s) 'example_branch_dop_operator_v3' retrieved from /home/airflow/.local/lib/python3.8/site-packages/airflow/example_dags/example_branch_python_dop_operator_3.py
[2025-09-21T11:16:29.512+0000] {logging_mixin.py:188} INFO - [2025-09-21T11:16:29.512+0000] {dag.py:3036} INFO - Sync 1 DAGs
[2025-09-21T11:16:29.561+0000] {logging_mixin.py:188} INFO - [2025-09-21T11:16:29.561+0000] {dag.py:3823} INFO - Setting next_dagrun for example_branch_dop_operator_v3 to 2025-09-21 11:15:00+00:00, run_after=2025-09-21 11:16:00+00:00
[2025-09-21T11:16:29.599+0000] {processor.py:183} INFO - Processing /home/airflow/.local/lib/python3.8/site-packages/airflow/example_dags/example_branch_python_dop_operator_3.py took 0.152 seconds
[2025-09-21T11:17:00.194+0000] {processor.py:161} INFO - Started process (PID=542) to work on /home/airflow/.local/lib/python3.8/site-packages/airflow/example_dags/example_branch_python_dop_operator_3.py
[2025-09-21T11:17:00.196+0000] {processor.py:830} INFO - Processing file /home/airflow/.local/lib/python3.8/site-packages/airflow/example_dags/example_branch_python_dop_operator_3.py for tasks to queue
[2025-09-21T11:17:00.200+0000] {logging_mixin.py:188} INFO - [2025-09-21T11:17:00.199+0000] {dagbag.py:538} INFO - Filling up the DagBag from /home/airflow/.local/lib/python3.8/site-packages/airflow/example_dags/example_branch_python_dop_operator_3.py
[2025-09-21T11:17:00.215+0000] {processor.py:840} INFO - DAG(s) 'example_branch_dop_operator_v3' retrieved from /home/airflow/.local/lib/python3.8/site-packages/airflow/example_dags/example_branch_python_dop_operator_3.py
[2025-09-21T11:17:00.254+0000] {logging_mixin.py:188} INFO - [2025-09-21T11:17:00.253+0000] {dag.py:3036} INFO - Sync 1 DAGs
[2025-09-21T11:17:00.301+0000] {logging_mixin.py:188} INFO - [2025-09-21T11:17:00.300+0000] {dag.py:3823} INFO - Setting next_dagrun for example_branch_dop_operator_v3 to 2025-09-21 11:16:00+00:00, run_after=2025-09-21 11:17:00+00:00
[2025-09-21T11:17:00.335+0000] {processor.py:183} INFO - Processing /home/airflow/.local/lib/python3.8/site-packages/airflow/example_dags/example_branch_python_dop_operator_3.py took 0.146 seconds
[2025-09-21T11:17:30.503+0000] {processor.py:161} INFO - Started process (PID=600) to work on /home/airflow/.local/lib/python3.8/site-packages/airflow/example_dags/example_branch_python_dop_operator_3.py
[2025-09-21T11:17:30.505+0000] {processor.py:830} INFO - Processing file /home/airflow/.local/lib/python3.8/site-packages/airflow/example_dags/example_branch_python_dop_operator_3.py for tasks to queue
[2025-09-21T11:17:30.508+0000] {logging_mixin.py:188} INFO - [2025-09-21T11:17:30.508+0000] {dagbag.py:538} INFO - Filling up the DagBag from /home/airflow/.local/lib/python3.8/site-packages/airflow/example_dags/example_branch_python_dop_operator_3.py
[2025-09-21T11:17:30.524+0000] {processor.py:840} INFO - DAG(s) 'example_branch_dop_operator_v3' retrieved from /home/airflow/.local/lib/python3.8/site-packages/airflow/example_dags/example_branch_python_dop_operator_3.py
[2025-09-21T11:17:30.563+0000] {logging_mixin.py:188} INFO - [2025-09-21T11:17:30.563+0000] {dag.py:3036} INFO - Sync 1 DAGs
[2025-09-21T11:17:30.609+0000] {logging_mixin.py:188} INFO - [2025-09-21T11:17:30.608+0000] {dag.py:3823} INFO - Setting next_dagrun for example_branch_dop_operator_v3 to 2025-09-21 11:16:00+00:00, run_after=2025-09-21 11:17:00+00:00
[2025-09-21T11:17:30.648+0000] {processor.py:183} INFO - Processing /home/airflow/.local/lib/python3.8/site-packages/airflow/example_dags/example_branch_python_dop_operator_3.py took 0.150 seconds
[2025-09-21T11:18:00.787+0000] {processor.py:161} INFO - Started process (PID=657) to work on /home/airflow/.local/lib/python3.8/site-packages/airflow/example_dags/example_branch_python_dop_operator_3.py
[2025-09-21T11:18:00.789+0000] {processor.py:830} INFO - Processing file /home/airflow/.local/lib/python3.8/site-packages/airflow/example_dags/example_branch_python_dop_operator_3.py for tasks to queue
[2025-09-21T11:18:00.792+0000] {logging_mixin.py:188} INFO - [2025-09-21T11:18:00.792+0000] {dagbag.py:538} INFO - Filling up the DagBag from /home/airflow/.local/lib/python3.8/site-packages/airflow/example_dags/example_branch_python_dop_operator_3.py
[2025-09-21T11:18:00.808+0000] {processor.py:840} INFO - DAG(s) 'example_branch_dop_operator_v3' retrieved from /home/airflow/.local/lib/python3.8/site-packages/airflow/example_dags/example_branch_python_dop_operator_3.py
[2025-09-21T11:18:00.840+0000] {logging_mixin.py:188} INFO - [2025-09-21T11:18:00.840+0000] {dag.py:3036} INFO - Sync 1 DAGs
[2025-09-21T11:18:00.886+0000] {logging_mixin.py:188} INFO - [2025-09-21T11:18:00.886+0000] {dag.py:3823} INFO - Setting next_dagrun for example_branch_dop_operator_v3 to 2025-09-21 11:17:00+00:00, run_after=2025-09-21 11:18:00+00:00
[2025-09-21T11:18:00.924+0000] {processor.py:183} INFO - Processing /home/airflow/.local/lib/python3.8/site-packages/airflow/example_dags/example_branch_python_dop_operator_3.py took 0.142 seconds
[2025-09-21T11:18:31.078+0000] {processor.py:161} INFO - Started process (PID=715) to work on /home/airflow/.local/lib/python3.8/site-packages/airflow/example_dags/example_branch_python_dop_operator_3.py
[2025-09-21T11:18:31.082+0000] {processor.py:830} INFO - Processing file /home/airflow/.local/lib/python3.8/site-packages/airflow/example_dags/example_branch_python_dop_operator_3.py for tasks to queue
[2025-09-21T11:18:31.087+0000] {logging_mixin.py:188} INFO - [2025-09-21T11:18:31.086+0000] {dagbag.py:538} INFO - Filling up the DagBag from /home/airflow/.local/lib/python3.8/site-packages/airflow/example_dags/example_branch_python_dop_operator_3.py
[2025-09-21T11:18:31.110+0000] {processor.py:840} INFO - DAG(s) 'example_branch_dop_operator_v3' retrieved from /home/airflow/.local/lib/python3.8/site-packages/airflow/example_dags/example_branch_python_dop_operator_3.py
[2025-09-21T11:18:31.143+0000] {logging_mixin.py:188} INFO - [2025-09-21T11:18:31.143+0000] {dag.py:3036} INFO - Sync 1 DAGs
[2025-09-21T11:18:31.189+0000] {logging_mixin.py:188} INFO - [2025-09-21T11:18:31.189+0000] {dag.py:3823} INFO - Setting next_dagrun for example_branch_dop_operator_v3 to 2025-09-21 11:17:00+00:00, run_after=2025-09-21 11:18:00+00:00
[2025-09-21T11:18:31.221+0000] {processor.py:183} INFO - Processing /home/airflow/.local/lib/python3.8/site-packages/airflow/example_dags/example_branch_python_dop_operator_3.py took 0.154 seconds
[2025-09-21T11:19:01.305+0000] {processor.py:161} INFO - Started process (PID=773) to work on /home/airflow/.local/lib/python3.8/site-packages/airflow/example_dags/example_branch_python_dop_operator_3.py
[2025-09-21T11:19:01.307+0000] {processor.py:830} INFO - Processing file /home/airflow/.local/lib/python3.8/site-packages/airflow/example_dags/example_branch_python_dop_operator_3.py for tasks to queue
[2025-09-21T11:19:01.310+0000] {logging_mixin.py:188} INFO - [2025-09-21T11:19:01.310+0000] {dagbag.py:538} INFO - Filling up the DagBag from /home/airflow/.local/lib/python3.8/site-packages/airflow/example_dags/example_branch_python_dop_operator_3.py
[2025-09-21T11:19:01.328+0000] {processor.py:840} INFO - DAG(s) 'example_branch_dop_operator_v3' retrieved from /home/airflow/.local/lib/python3.8/site-packages/airflow/example_dags/example_branch_python_dop_operator_3.py
[2025-09-21T11:19:01.371+0000] {logging_mixin.py:188} INFO - [2025-09-21T11:19:01.370+0000] {dag.py:3036} INFO - Sync 1 DAGs
[2025-09-21T11:19:01.425+0000] {logging_mixin.py:188} INFO - [2025-09-21T11:19:01.425+0000] {dag.py:3823} INFO - Setting next_dagrun for example_branch_dop_operator_v3 to 2025-09-21 11:18:00+00:00, run_after=2025-09-21 11:19:00+00:00
[2025-09-21T11:19:01.465+0000] {processor.py:183} INFO - Processing /home/airflow/.local/lib/python3.8/site-packages/airflow/example_dags/example_branch_python_dop_operator_3.py took 0.166 seconds
[2025-09-21T11:19:31.661+0000] {processor.py:161} INFO - Started process (PID=831) to work on /home/airflow/.local/lib/python3.8/site-packages/airflow/example_dags/example_branch_python_dop_operator_3.py
[2025-09-21T11:19:31.663+0000] {processor.py:830} INFO - Processing file /home/airflow/.local/lib/python3.8/site-packages/airflow/example_dags/example_branch_python_dop_operator_3.py for tasks to queue
[2025-09-21T11:19:31.666+0000] {logging_mixin.py:188} INFO - [2025-09-21T11:19:31.666+0000] {dagbag.py:538} INFO - Filling up the DagBag from /home/airflow/.local/lib/python3.8/site-packages/airflow/example_dags/example_branch_python_dop_operator_3.py
[2025-09-21T11:19:31.683+0000] {processor.py:840} INFO - DAG(s) 'example_branch_dop_operator_v3' retrieved from /home/airflow/.local/lib/python3.8/site-packages/airflow/example_dags/example_branch_python_dop_operator_3.py
[2025-09-21T11:19:31.722+0000] {logging_mixin.py:188} INFO - [2025-09-21T11:19:31.722+0000] {dag.py:3036} INFO - Sync 1 DAGs
[2025-09-21T11:19:31.772+0000] {logging_mixin.py:188} INFO - [2025-09-21T11:19:31.772+0000] {dag.py:3823} INFO - Setting next_dagrun for example_branch_dop_operator_v3 to 2025-09-21 11:18:00+00:00, run_after=2025-09-21 11:19:00+00:00
[2025-09-21T11:19:31.809+0000] {processor.py:183} INFO - Processing /home/airflow/.local/lib/python3.8/site-packages/airflow/example_dags/example_branch_python_dop_operator_3.py took 0.154 seconds
[2025-09-21T11:20:02.400+0000] {processor.py:161} INFO - Started process (PID=889) to work on /home/airflow/.local/lib/python3.8/site-packages/airflow/example_dags/example_branch_python_dop_operator_3.py
[2025-09-21T11:20:02.402+0000] {processor.py:830} INFO - Processing file /home/airflow/.local/lib/python3.8/site-packages/airflow/example_dags/example_branch_python_dop_operator_3.py for tasks to queue
[2025-09-21T11:20:02.406+0000] {logging_mixin.py:188} INFO - [2025-09-21T11:20:02.405+0000] {dagbag.py:538} INFO - Filling up the DagBag from /home/airflow/.local/lib/python3.8/site-packages/airflow/example_dags/example_branch_python_dop_operator_3.py
[2025-09-21T11:20:02.421+0000] {processor.py:840} INFO - DAG(s) 'example_branch_dop_operator_v3' retrieved from /home/airflow/.local/lib/python3.8/site-packages/airflow/example_dags/example_branch_python_dop_operator_3.py
[2025-09-21T11:20:02.455+0000] {logging_mixin.py:188} INFO - [2025-09-21T11:20:02.455+0000] {dag.py:3036} INFO - Sync 1 DAGs
[2025-09-21T11:20:02.502+0000] {logging_mixin.py:188} INFO - [2025-09-21T11:20:02.502+0000] {dag.py:3823} INFO - Setting next_dagrun for example_branch_dop_operator_v3 to 2025-09-21 11:19:00+00:00, run_after=2025-09-21 11:20:00+00:00
[2025-09-21T11:20:02.536+0000] {processor.py:183} INFO - Processing /home/airflow/.local/lib/python3.8/site-packages/airflow/example_dags/example_branch_python_dop_operator_3.py took 0.141 seconds
[2025-09-21T11:20:33.085+0000] {processor.py:161} INFO - Started process (PID=947) to work on /home/airflow/.local/lib/python3.8/site-packages/airflow/example_dags/example_branch_python_dop_operator_3.py
[2025-09-21T11:20:33.087+0000] {processor.py:830} INFO - Processing file /home/airflow/.local/lib/python3.8/site-packages/airflow/example_dags/example_branch_python_dop_operator_3.py for tasks to queue
[2025-09-21T11:20:33.090+0000] {logging_mixin.py:188} INFO - [2025-09-21T11:20:33.089+0000] {dagbag.py:538} INFO - Filling up the DagBag from /home/airflow/.local/lib/python3.8/site-packages/airflow/example_dags/example_branch_python_dop_operator_3.py
[2025-09-21T11:20:33.106+0000] {processor.py:840} INFO - DAG(s) 'example_branch_dop_operator_v3' retrieved from /home/airflow/.local/lib/python3.8/site-packages/airflow/example_dags/example_branch_python_dop_operator_3.py
[2025-09-21T11:20:33.140+0000] {logging_mixin.py:188} INFO - [2025-09-21T11:20:33.140+0000] {dag.py:3036} INFO - Sync 1 DAGs
[2025-09-21T11:20:33.186+0000] {logging_mixin.py:188} INFO - [2025-09-21T11:20:33.186+0000] {dag.py:3823} INFO - Setting next_dagrun for example_branch_dop_operator_v3 to 2025-09-21 11:19:00+00:00, run_after=2025-09-21 11:20:00+00:00
[2025-09-21T11:20:33.221+0000] {processor.py:183} INFO - Processing /home/airflow/.local/lib/python3.8/site-packages/airflow/example_dags/example_branch_python_dop_operator_3.py took 0.142 seconds
[2025-09-21T11:21:03.979+0000] {processor.py:161} INFO - Started process (PID=1005) to work on /home/airflow/.local/lib/python3.8/site-packages/airflow/example_dags/example_branch_python_dop_operator_3.py
[2025-09-21T11:21:03.981+0000] {processor.py:830} INFO - Processing file /home/airflow/.local/lib/python3.8/site-packages/airflow/example_dags/example_branch_python_dop_operator_3.py for tasks to queue
[2025-09-21T11:21:03.985+0000] {logging_mixin.py:188} INFO - [2025-09-21T11:21:03.985+0000] {dagbag.py:538} INFO - Filling up the DagBag from /home/airflow/.local/lib/python3.8/site-packages/airflow/example_dags/example_branch_python_dop_operator_3.py
[2025-09-21T11:21:04.003+0000] {processor.py:840} INFO - DAG(s) 'example_branch_dop_operator_v3' retrieved from /home/airflow/.local/lib/python3.8/site-packages/airflow/example_dags/example_branch_python_dop_operator_3.py
[2025-09-21T11:21:04.042+0000] {logging_mixin.py:188} INFO - [2025-09-21T11:21:04.041+0000] {dag.py:3036} INFO - Sync 1 DAGs
[2025-09-21T11:21:04.089+0000] {logging_mixin.py:188} INFO - [2025-09-21T11:21:04.088+0000] {dag.py:3823} INFO - Setting next_dagrun for example_branch_dop_operator_v3 to 2025-09-21 11:20:00+00:00, run_after=2025-09-21 11:21:00+00:00
[2025-09-21T11:21:04.124+0000] {processor.py:183} INFO - Processing /home/airflow/.local/lib/python3.8/site-packages/airflow/example_dags/example_branch_python_dop_operator_3.py took 0.151 seconds
[2025-09-21T11:21:34.512+0000] {processor.py:161} INFO - Started process (PID=1063) to work on /home/airflow/.local/lib/python3.8/site-packages/airflow/example_dags/example_branch_python_dop_operator_3.py
[2025-09-21T11:21:34.514+0000] {processor.py:830} INFO - Processing file /home/airflow/.local/lib/python3.8/site-packages/airflow/example_dags/example_branch_python_dop_operator_3.py for tasks to queue
[2025-09-21T11:21:34.519+0000] {logging_mixin.py:188} INFO - [2025-09-21T11:21:34.518+0000] {dagbag.py:538} INFO - Filling up the DagBag from /home/airflow/.local/lib/python3.8/site-packages/airflow/example_dags/example_branch_python_dop_operator_3.py
[2025-09-21T11:21:34.535+0000] {processor.py:840} INFO - DAG(s) 'example_branch_dop_operator_v3' retrieved from /home/airflow/.local/lib/python3.8/site-packages/airflow/example_dags/example_branch_python_dop_operator_3.py
[2025-09-21T11:21:34.571+0000] {logging_mixin.py:188} INFO - [2025-09-21T11:21:34.570+0000] {dag.py:3036} INFO - Sync 1 DAGs
[2025-09-21T11:21:34.618+0000] {logging_mixin.py:188} INFO - [2025-09-21T11:21:34.618+0000] {dag.py:3823} INFO - Setting next_dagrun for example_branch_dop_operator_v3 to 2025-09-21 11:20:00+00:00, run_after=2025-09-21 11:21:00+00:00
[2025-09-21T11:21:34.652+0000] {processor.py:183} INFO - Processing /home/airflow/.local/lib/python3.8/site-packages/airflow/example_dags/example_branch_python_dop_operator_3.py took 0.146 seconds
[2025-09-21T11:22:04.845+0000] {processor.py:161} INFO - Started process (PID=1121) to work on /home/airflow/.local/lib/python3.8/site-packages/airflow/example_dags/example_branch_python_dop_operator_3.py
[2025-09-21T11:22:04.847+0000] {processor.py:830} INFO - Processing file /home/airflow/.local/lib/python3.8/site-packages/airflow/example_dags/example_branch_python_dop_operator_3.py for tasks to queue
[2025-09-21T11:22:04.850+0000] {logging_mixin.py:188} INFO - [2025-09-21T11:22:04.850+0000] {dagbag.py:538} INFO - Filling up the DagBag from /home/airflow/.local/lib/python3.8/site-packages/airflow/example_dags/example_branch_python_dop_operator_3.py
[2025-09-21T11:22:04.866+0000] {processor.py:840} INFO - DAG(s) 'example_branch_dop_operator_v3' retrieved from /home/airflow/.local/lib/python3.8/site-packages/airflow/example_dags/example_branch_python_dop_operator_3.py
[2025-09-21T11:22:04.902+0000] {logging_mixin.py:188} INFO - [2025-09-21T11:22:04.902+0000] {dag.py:3036} INFO - Sync 1 DAGs
[2025-09-21T11:22:04.951+0000] {logging_mixin.py:188} INFO - [2025-09-21T11:22:04.951+0000] {dag.py:3823} INFO - Setting next_dagrun for example_branch_dop_operator_v3 to 2025-09-21 11:21:00+00:00, run_after=2025-09-21 11:22:00+00:00
[2025-09-21T11:22:04.989+0000] {processor.py:183} INFO - Processing /home/airflow/.local/lib/python3.8/site-packages/airflow/example_dags/example_branch_python_dop_operator_3.py took 0.150 seconds
[2025-09-21T11:22:35.306+0000] {processor.py:161} INFO - Started process (PID=1179) to work on /home/airflow/.local/lib/python3.8/site-packages/airflow/example_dags/example_branch_python_dop_operator_3.py
[2025-09-21T11:22:35.308+0000] {processor.py:830} INFO - Processing file /home/airflow/.local/lib/python3.8/site-packages/airflow/example_dags/example_branch_python_dop_operator_3.py for tasks to queue
[2025-09-21T11:22:35.311+0000] {logging_mixin.py:188} INFO - [2025-09-21T11:22:35.311+0000] {dagbag.py:538} INFO - Filling up the DagBag from /home/airflow/.local/lib/python3.8/site-packages/airflow/example_dags/example_branch_python_dop_operator_3.py
[2025-09-21T11:22:35.327+0000] {processor.py:840} INFO - DAG(s) 'example_branch_dop_operator_v3' retrieved from /home/airflow/.local/lib/python3.8/site-packages/airflow/example_dags/example_branch_python_dop_operator_3.py
[2025-09-21T11:22:35.361+0000] {logging_mixin.py:188} INFO - [2025-09-21T11:22:35.361+0000] {dag.py:3036} INFO - Sync 1 DAGs
[2025-09-21T11:22:35.408+0000] {logging_mixin.py:188} INFO - [2025-09-21T11:22:35.407+0000] {dag.py:3823} INFO - Setting next_dagrun for example_branch_dop_operator_v3 to 2025-09-21 11:21:00+00:00, run_after=2025-09-21 11:22:00+00:00
[2025-09-21T11:22:35.441+0000] {processor.py:183} INFO - Processing /home/airflow/.local/lib/python3.8/site-packages/airflow/example_dags/example_branch_python_dop_operator_3.py took 0.141 seconds
[2025-09-21T11:23:05.944+0000] {processor.py:161} INFO - Started process (PID=1237) to work on /home/airflow/.local/lib/python3.8/site-packages/airflow/example_dags/example_branch_python_dop_operator_3.py
[2025-09-21T11:23:05.945+0000] {processor.py:830} INFO - Processing file /home/airflow/.local/lib/python3.8/site-packages/airflow/example_dags/example_branch_python_dop_operator_3.py for tasks to queue
[2025-09-21T11:23:05.949+0000] {logging_mixin.py:188} INFO - [2025-09-21T11:23:05.948+0000] {dagbag.py:538} INFO - Filling up the DagBag from /home/airflow/.local/lib/python3.8/site-packages/airflow/example_dags/example_branch_python_dop_operator_3.py
[2025-09-21T11:23:05.965+0000] {processor.py:840} INFO - DAG(s) 'example_branch_dop_operator_v3' retrieved from /home/airflow/.local/lib/python3.8/site-packages/airflow/example_dags/example_branch_python_dop_operator_3.py
[2025-09-21T11:23:05.999+0000] {logging_mixin.py:188} INFO - [2025-09-21T11:23:05.999+0000] {dag.py:3036} INFO - Sync 1 DAGs
[2025-09-21T11:23:06.046+0000] {logging_mixin.py:188} INFO - [2025-09-21T11:23:06.046+0000] {dag.py:3823} INFO - Setting next_dagrun for example_branch_dop_operator_v3 to 2025-09-21 11:22:00+00:00, run_after=2025-09-21 11:23:00+00:00
[2025-09-21T11:23:06.083+0000] {processor.py:183} INFO - Processing /home/airflow/.local/lib/python3.8/site-packages/airflow/example_dags/example_branch_python_dop_operator_3.py took 0.145 seconds
[2025-09-21T11:23:36.530+0000] {processor.py:161} INFO - Started process (PID=1295) to work on /home/airflow/.local/lib/python3.8/site-packages/airflow/example_dags/example_branch_python_dop_operator_3.py
[2025-09-21T11:23:36.532+0000] {processor.py:830} INFO - Processing file /home/airflow/.local/lib/python3.8/site-packages/airflow/example_dags/example_branch_python_dop_operator_3.py for tasks to queue
[2025-09-21T11:23:36.536+0000] {logging_mixin.py:188} INFO - [2025-09-21T11:23:36.536+0000] {dagbag.py:538} INFO - Filling up the DagBag from /home/airflow/.local/lib/python3.8/site-packages/airflow/example_dags/example_branch_python_dop_operator_3.py
[2025-09-21T11:23:36.554+0000] {processor.py:840} INFO - DAG(s) 'example_branch_dop_operator_v3' retrieved from /home/airflow/.local/lib/python3.8/site-packages/airflow/example_dags/example_branch_python_dop_operator_3.py
[2025-09-21T11:23:36.602+0000] {logging_mixin.py:188} INFO - [2025-09-21T11:23:36.601+0000] {dag.py:3036} INFO - Sync 1 DAGs
[2025-09-21T11:23:36.657+0000] {logging_mixin.py:188} INFO - [2025-09-21T11:23:36.657+0000] {dag.py:3823} INFO - Setting next_dagrun for example_branch_dop_operator_v3 to 2025-09-21 11:22:00+00:00, run_after=2025-09-21 11:23:00+00:00
[2025-09-21T11:23:36.698+0000] {processor.py:183} INFO - Processing /home/airflow/.local/lib/python3.8/site-packages/airflow/example_dags/example_branch_python_dop_operator_3.py took 0.173 seconds
[2025-09-21T11:24:07.473+0000] {processor.py:161} INFO - Started process (PID=1359) to work on /home/airflow/.local/lib/python3.8/site-packages/airflow/example_dags/example_branch_python_dop_operator_3.py
[2025-09-21T11:24:07.475+0000] {processor.py:830} INFO - Processing file /home/airflow/.local/lib/python3.8/site-packages/airflow/example_dags/example_branch_python_dop_operator_3.py for tasks to queue
[2025-09-21T11:24:07.479+0000] {logging_mixin.py:188} INFO - [2025-09-21T11:24:07.479+0000] {dagbag.py:538} INFO - Filling up the DagBag from /home/airflow/.local/lib/python3.8/site-packages/airflow/example_dags/example_branch_python_dop_operator_3.py
[2025-09-21T11:24:07.495+0000] {processor.py:840} INFO - DAG(s) 'example_branch_dop_operator_v3' retrieved from /home/airflow/.local/lib/python3.8/site-packages/airflow/example_dags/example_branch_python_dop_operator_3.py
[2025-09-21T11:24:07.534+0000] {logging_mixin.py:188} INFO - [2025-09-21T11:24:07.534+0000] {dag.py:3036} INFO - Sync 1 DAGs
[2025-09-21T11:24:07.606+0000] {logging_mixin.py:188} INFO - [2025-09-21T11:24:07.605+0000] {dag.py:3823} INFO - Setting next_dagrun for example_branch_dop_operator_v3 to 2025-09-21 11:23:00+00:00, run_after=2025-09-21 11:24:00+00:00
[2025-09-21T11:24:07.646+0000] {processor.py:183} INFO - Processing /home/airflow/.local/lib/python3.8/site-packages/airflow/example_dags/example_branch_python_dop_operator_3.py took 0.181 seconds
[2025-09-21T11:24:37.899+0000] {processor.py:161} INFO - Started process (PID=1417) to work on /home/airflow/.local/lib/python3.8/site-packages/airflow/example_dags/example_branch_python_dop_operator_3.py
[2025-09-21T11:24:37.901+0000] {processor.py:830} INFO - Processing file /home/airflow/.local/lib/python3.8/site-packages/airflow/example_dags/example_branch_python_dop_operator_3.py for tasks to queue
[2025-09-21T11:24:37.904+0000] {logging_mixin.py:188} INFO - [2025-09-21T11:24:37.904+0000] {dagbag.py:538} INFO - Filling up the DagBag from /home/airflow/.local/lib/python3.8/site-packages/airflow/example_dags/example_branch_python_dop_operator_3.py
[2025-09-21T11:24:37.920+0000] {processor.py:840} INFO - DAG(s) 'example_branch_dop_operator_v3' retrieved from /home/airflow/.local/lib/python3.8/site-packages/airflow/example_dags/example_branch_python_dop_operator_3.py
[2025-09-21T11:24:37.954+0000] {logging_mixin.py:188} INFO - [2025-09-21T11:24:37.954+0000] {dag.py:3036} INFO - Sync 1 DAGs
[2025-09-21T11:24:38.002+0000] {logging_mixin.py:188} INFO - [2025-09-21T11:24:38.002+0000] {dag.py:3823} INFO - Setting next_dagrun for example_branch_dop_operator_v3 to 2025-09-21 11:23:00+00:00, run_after=2025-09-21 11:24:00+00:00
[2025-09-21T11:24:38.035+0000] {processor.py:183} INFO - Processing /home/airflow/.local/lib/python3.8/site-packages/airflow/example_dags/example_branch_python_dop_operator_3.py took 0.142 seconds
[2025-09-21T11:25:08.211+0000] {processor.py:161} INFO - Started process (PID=1475) to work on /home/airflow/.local/lib/python3.8/site-packages/airflow/example_dags/example_branch_python_dop_operator_3.py
[2025-09-21T11:25:08.214+0000] {processor.py:830} INFO - Processing file /home/airflow/.local/lib/python3.8/site-packages/airflow/example_dags/example_branch_python_dop_operator_3.py for tasks to queue
[2025-09-21T11:25:08.217+0000] {logging_mixin.py:188} INFO - [2025-09-21T11:25:08.217+0000] {dagbag.py:538} INFO - Filling up the DagBag from /home/airflow/.local/lib/python3.8/site-packages/airflow/example_dags/example_branch_python_dop_operator_3.py
[2025-09-21T11:25:08.236+0000] {processor.py:840} INFO - DAG(s) 'example_branch_dop_operator_v3' retrieved from /home/airflow/.local/lib/python3.8/site-packages/airflow/example_dags/example_branch_python_dop_operator_3.py
[2025-09-21T11:25:08.269+0000] {logging_mixin.py:188} INFO - [2025-09-21T11:25:08.269+0000] {dag.py:3036} INFO - Sync 1 DAGs
[2025-09-21T11:25:08.316+0000] {logging_mixin.py:188} INFO - [2025-09-21T11:25:08.316+0000] {dag.py:3823} INFO - Setting next_dagrun for example_branch_dop_operator_v3 to 2025-09-21 11:24:00+00:00, run_after=2025-09-21 11:25:00+00:00
[2025-09-21T11:25:08.351+0000] {processor.py:183} INFO - Processing /home/airflow/.local/lib/python3.8/site-packages/airflow/example_dags/example_branch_python_dop_operator_3.py took 0.147 seconds
[2025-09-21T11:25:38.895+0000] {processor.py:161} INFO - Started process (PID=1533) to work on /home/airflow/.local/lib/python3.8/site-packages/airflow/example_dags/example_branch_python_dop_operator_3.py
[2025-09-21T11:25:38.897+0000] {processor.py:830} INFO - Processing file /home/airflow/.local/lib/python3.8/site-packages/airflow/example_dags/example_branch_python_dop_operator_3.py for tasks to queue
[2025-09-21T11:25:38.900+0000] {logging_mixin.py:188} INFO - [2025-09-21T11:25:38.900+0000] {dagbag.py:538} INFO - Filling up the DagBag from /home/airflow/.local/lib/python3.8/site-packages/airflow/example_dags/example_branch_python_dop_operator_3.py
[2025-09-21T11:25:38.917+0000] {processor.py:840} INFO - DAG(s) 'example_branch_dop_operator_v3' retrieved from /home/airflow/.local/lib/python3.8/site-packages/airflow/example_dags/example_branch_python_dop_operator_3.py
[2025-09-21T11:25:38.954+0000] {logging_mixin.py:188} INFO - [2025-09-21T11:25:38.953+0000] {dag.py:3036} INFO - Sync 1 DAGs
[2025-09-21T11:25:39.003+0000] {logging_mixin.py:188} INFO - [2025-09-21T11:25:39.003+0000] {dag.py:3823} INFO - Setting next_dagrun for example_branch_dop_operator_v3 to 2025-09-21 11:24:00+00:00, run_after=2025-09-21 11:25:00+00:00
[2025-09-21T11:25:39.038+0000] {processor.py:183} INFO - Processing /home/airflow/.local/lib/python3.8/site-packages/airflow/example_dags/example_branch_python_dop_operator_3.py took 0.149 seconds
[2025-09-21T11:26:09.641+0000] {processor.py:161} INFO - Started process (PID=1591) to work on /home/airflow/.local/lib/python3.8/site-packages/airflow/example_dags/example_branch_python_dop_operator_3.py
[2025-09-21T11:26:09.643+0000] {processor.py:830} INFO - Processing file /home/airflow/.local/lib/python3.8/site-packages/airflow/example_dags/example_branch_python_dop_operator_3.py for tasks to queue
[2025-09-21T11:26:09.647+0000] {logging_mixin.py:188} INFO - [2025-09-21T11:26:09.646+0000] {dagbag.py:538} INFO - Filling up the DagBag from /home/airflow/.local/lib/python3.8/site-packages/airflow/example_dags/example_branch_python_dop_operator_3.py
[2025-09-21T11:26:09.663+0000] {processor.py:840} INFO - DAG(s) 'example_branch_dop_operator_v3' retrieved from /home/airflow/.local/lib/python3.8/site-packages/airflow/example_dags/example_branch_python_dop_operator_3.py
[2025-09-21T11:26:09.697+0000] {logging_mixin.py:188} INFO - [2025-09-21T11:26:09.697+0000] {dag.py:3036} INFO - Sync 1 DAGs
[2025-09-21T11:26:09.754+0000] {logging_mixin.py:188} INFO - [2025-09-21T11:26:09.754+0000] {dag.py:3823} INFO - Setting next_dagrun for example_branch_dop_operator_v3 to 2025-09-21 11:25:00+00:00, run_after=2025-09-21 11:26:00+00:00
[2025-09-21T11:26:09.791+0000] {processor.py:183} INFO - Processing /home/airflow/.local/lib/python3.8/site-packages/airflow/example_dags/example_branch_python_dop_operator_3.py took 0.155 seconds
[2025-09-21T11:26:40.363+0000] {processor.py:161} INFO - Started process (PID=1649) to work on /home/airflow/.local/lib/python3.8/site-packages/airflow/example_dags/example_branch_python_dop_operator_3.py
[2025-09-21T11:26:40.365+0000] {processor.py:830} INFO - Processing file /home/airflow/.local/lib/python3.8/site-packages/airflow/example_dags/example_branch_python_dop_operator_3.py for tasks to queue
[2025-09-21T11:26:40.369+0000] {logging_mixin.py:188} INFO - [2025-09-21T11:26:40.368+0000] {dagbag.py:538} INFO - Filling up the DagBag from /home/airflow/.local/lib/python3.8/site-packages/airflow/example_dags/example_branch_python_dop_operator_3.py
[2025-09-21T11:26:40.385+0000] {processor.py:840} INFO - DAG(s) 'example_branch_dop_operator_v3' retrieved from /home/airflow/.local/lib/python3.8/site-packages/airflow/example_dags/example_branch_python_dop_operator_3.py
[2025-09-21T11:26:40.423+0000] {logging_mixin.py:188} INFO - [2025-09-21T11:26:40.423+0000] {dag.py:3036} INFO - Sync 1 DAGs
[2025-09-21T11:26:40.491+0000] {logging_mixin.py:188} INFO - [2025-09-21T11:26:40.491+0000] {dag.py:3823} INFO - Setting next_dagrun for example_branch_dop_operator_v3 to 2025-09-21 11:25:00+00:00, run_after=2025-09-21 11:26:00+00:00
[2025-09-21T11:26:40.526+0000] {processor.py:183} INFO - Processing /home/airflow/.local/lib/python3.8/site-packages/airflow/example_dags/example_branch_python_dop_operator_3.py took 0.169 seconds
[2025-09-21T11:27:11.145+0000] {processor.py:161} INFO - Started process (PID=1707) to work on /home/airflow/.local/lib/python3.8/site-packages/airflow/example_dags/example_branch_python_dop_operator_3.py
[2025-09-21T11:27:11.147+0000] {processor.py:830} INFO - Processing file /home/airflow/.local/lib/python3.8/site-packages/airflow/example_dags/example_branch_python_dop_operator_3.py for tasks to queue
[2025-09-21T11:27:11.150+0000] {logging_mixin.py:188} INFO - [2025-09-21T11:27:11.149+0000] {dagbag.py:538} INFO - Filling up the DagBag from /home/airflow/.local/lib/python3.8/site-packages/airflow/example_dags/example_branch_python_dop_operator_3.py
[2025-09-21T11:27:11.165+0000] {processor.py:840} INFO - DAG(s) 'example_branch_dop_operator_v3' retrieved from /home/airflow/.local/lib/python3.8/site-packages/airflow/example_dags/example_branch_python_dop_operator_3.py
[2025-09-21T11:27:11.202+0000] {logging_mixin.py:188} INFO - [2025-09-21T11:27:11.201+0000] {dag.py:3036} INFO - Sync 1 DAGs
[2025-09-21T11:27:11.250+0000] {logging_mixin.py:188} INFO - [2025-09-21T11:27:11.250+0000] {dag.py:3823} INFO - Setting next_dagrun for example_branch_dop_operator_v3 to 2025-09-21 11:26:00+00:00, run_after=2025-09-21 11:27:00+00:00
[2025-09-21T11:27:11.284+0000] {processor.py:183} INFO - Processing /home/airflow/.local/lib/python3.8/site-packages/airflow/example_dags/example_branch_python_dop_operator_3.py took 0.144 seconds
[2025-09-21T11:27:41.585+0000] {processor.py:161} INFO - Started process (PID=1765) to work on /home/airflow/.local/lib/python3.8/site-packages/airflow/example_dags/example_branch_python_dop_operator_3.py
[2025-09-21T11:27:41.587+0000] {processor.py:830} INFO - Processing file /home/airflow/.local/lib/python3.8/site-packages/airflow/example_dags/example_branch_python_dop_operator_3.py for tasks to queue
[2025-09-21T11:27:41.590+0000] {logging_mixin.py:188} INFO - [2025-09-21T11:27:41.590+0000] {dagbag.py:538} INFO - Filling up the DagBag from /home/airflow/.local/lib/python3.8/site-packages/airflow/example_dags/example_branch_python_dop_operator_3.py
[2025-09-21T11:27:41.606+0000] {processor.py:840} INFO - DAG(s) 'example_branch_dop_operator_v3' retrieved from /home/airflow/.local/lib/python3.8/site-packages/airflow/example_dags/example_branch_python_dop_operator_3.py
[2025-09-21T11:27:41.653+0000] {logging_mixin.py:188} INFO - [2025-09-21T11:27:41.653+0000] {dag.py:3036} INFO - Sync 1 DAGs
[2025-09-21T11:27:41.700+0000] {logging_mixin.py:188} INFO - [2025-09-21T11:27:41.699+0000] {dag.py:3823} INFO - Setting next_dagrun for example_branch_dop_operator_v3 to 2025-09-21 11:26:00+00:00, run_after=2025-09-21 11:27:00+00:00
[2025-09-21T11:27:41.736+0000] {processor.py:183} INFO - Processing /home/airflow/.local/lib/python3.8/site-packages/airflow/example_dags/example_branch_python_dop_operator_3.py took 0.157 seconds
[2025-09-21T11:28:12.140+0000] {processor.py:161} INFO - Started process (PID=1823) to work on /home/airflow/.local/lib/python3.8/site-packages/airflow/example_dags/example_branch_python_dop_operator_3.py
[2025-09-21T11:28:12.143+0000] {processor.py:830} INFO - Processing file /home/airflow/.local/lib/python3.8/site-packages/airflow/example_dags/example_branch_python_dop_operator_3.py for tasks to queue
[2025-09-21T11:28:12.147+0000] {logging_mixin.py:188} INFO - [2025-09-21T11:28:12.146+0000] {dagbag.py:538} INFO - Filling up the DagBag from /home/airflow/.local/lib/python3.8/site-packages/airflow/example_dags/example_branch_python_dop_operator_3.py
[2025-09-21T11:28:12.165+0000] {processor.py:840} INFO - DAG(s) 'example_branch_dop_operator_v3' retrieved from /home/airflow/.local/lib/python3.8/site-packages/airflow/example_dags/example_branch_python_dop_operator_3.py
[2025-09-21T11:28:12.203+0000] {logging_mixin.py:188} INFO - [2025-09-21T11:28:12.203+0000] {dag.py:3036} INFO - Sync 1 DAGs
[2025-09-21T11:28:12.255+0000] {logging_mixin.py:188} INFO - [2025-09-21T11:28:12.255+0000] {dag.py:3823} INFO - Setting next_dagrun for example_branch_dop_operator_v3 to 2025-09-21 11:27:00+00:00, run_after=2025-09-21 11:28:00+00:00
[2025-09-21T11:28:12.300+0000] {processor.py:183} INFO - Processing /home/airflow/.local/lib/python3.8/site-packages/airflow/example_dags/example_branch_python_dop_operator_3.py took 0.168 seconds
[2025-09-21T11:28:42.978+0000] {processor.py:161} INFO - Started process (PID=1881) to work on /home/airflow/.local/lib/python3.8/site-packages/airflow/example_dags/example_branch_python_dop_operator_3.py
[2025-09-21T11:28:42.980+0000] {processor.py:830} INFO - Processing file /home/airflow/.local/lib/python3.8/site-packages/airflow/example_dags/example_branch_python_dop_operator_3.py for tasks to queue
[2025-09-21T11:28:42.983+0000] {logging_mixin.py:188} INFO - [2025-09-21T11:28:42.982+0000] {dagbag.py:538} INFO - Filling up the DagBag from /home/airflow/.local/lib/python3.8/site-packages/airflow/example_dags/example_branch_python_dop_operator_3.py
[2025-09-21T11:28:43.000+0000] {processor.py:840} INFO - DAG(s) 'example_branch_dop_operator_v3' retrieved from /home/airflow/.local/lib/python3.8/site-packages/airflow/example_dags/example_branch_python_dop_operator_3.py
[2025-09-21T11:28:43.038+0000] {logging_mixin.py:188} INFO - [2025-09-21T11:28:43.038+0000] {dag.py:3036} INFO - Sync 1 DAGs
[2025-09-21T11:28:43.085+0000] {logging_mixin.py:188} INFO - [2025-09-21T11:28:43.085+0000] {dag.py:3823} INFO - Setting next_dagrun for example_branch_dop_operator_v3 to 2025-09-21 11:27:00+00:00, run_after=2025-09-21 11:28:00+00:00
[2025-09-21T11:28:43.120+0000] {processor.py:183} INFO - Processing /home/airflow/.local/lib/python3.8/site-packages/airflow/example_dags/example_branch_python_dop_operator_3.py took 0.148 seconds
[2025-09-21T11:29:13.446+0000] {processor.py:161} INFO - Started process (PID=1940) to work on /home/airflow/.local/lib/python3.8/site-packages/airflow/example_dags/example_branch_python_dop_operator_3.py
[2025-09-21T11:29:13.448+0000] {processor.py:830} INFO - Processing file /home/airflow/.local/lib/python3.8/site-packages/airflow/example_dags/example_branch_python_dop_operator_3.py for tasks to queue
[2025-09-21T11:29:13.451+0000] {logging_mixin.py:188} INFO - [2025-09-21T11:29:13.451+0000] {dagbag.py:538} INFO - Filling up the DagBag from /home/airflow/.local/lib/python3.8/site-packages/airflow/example_dags/example_branch_python_dop_operator_3.py
[2025-09-21T11:29:13.467+0000] {processor.py:840} INFO - DAG(s) 'example_branch_dop_operator_v3' retrieved from /home/airflow/.local/lib/python3.8/site-packages/airflow/example_dags/example_branch_python_dop_operator_3.py
[2025-09-21T11:29:13.501+0000] {logging_mixin.py:188} INFO - [2025-09-21T11:29:13.501+0000] {dag.py:3036} INFO - Sync 1 DAGs
[2025-09-21T11:29:13.552+0000] {logging_mixin.py:188} INFO - [2025-09-21T11:29:13.551+0000] {dag.py:3823} INFO - Setting next_dagrun for example_branch_dop_operator_v3 to 2025-09-21 11:28:00+00:00, run_after=2025-09-21 11:29:00+00:00
[2025-09-21T11:29:13.587+0000] {processor.py:183} INFO - Processing /home/airflow/.local/lib/python3.8/site-packages/airflow/example_dags/example_branch_python_dop_operator_3.py took 0.149 seconds
[2025-09-21T11:29:44.099+0000] {processor.py:161} INFO - Started process (PID=1998) to work on /home/airflow/.local/lib/python3.8/site-packages/airflow/example_dags/example_branch_python_dop_operator_3.py
[2025-09-21T11:29:44.101+0000] {processor.py:830} INFO - Processing file /home/airflow/.local/lib/python3.8/site-packages/airflow/example_dags/example_branch_python_dop_operator_3.py for tasks to queue
[2025-09-21T11:29:44.105+0000] {logging_mixin.py:188} INFO - [2025-09-21T11:29:44.104+0000] {dagbag.py:538} INFO - Filling up the DagBag from /home/airflow/.local/lib/python3.8/site-packages/airflow/example_dags/example_branch_python_dop_operator_3.py
[2025-09-21T11:29:44.120+0000] {processor.py:840} INFO - DAG(s) 'example_branch_dop_operator_v3' retrieved from /home/airflow/.local/lib/python3.8/site-packages/airflow/example_dags/example_branch_python_dop_operator_3.py
[2025-09-21T11:29:44.154+0000] {logging_mixin.py:188} INFO - [2025-09-21T11:29:44.154+0000] {dag.py:3036} INFO - Sync 1 DAGs
[2025-09-21T11:29:44.206+0000] {logging_mixin.py:188} INFO - [2025-09-21T11:29:44.206+0000] {dag.py:3823} INFO - Setting next_dagrun for example_branch_dop_operator_v3 to 2025-09-21 11:28:00+00:00, run_after=2025-09-21 11:29:00+00:00
[2025-09-21T11:29:44.240+0000] {processor.py:183} INFO - Processing /home/airflow/.local/lib/python3.8/site-packages/airflow/example_dags/example_branch_python_dop_operator_3.py took 0.147 seconds
[2025-09-21T11:30:14.404+0000] {processor.py:161} INFO - Started process (PID=2056) to work on /home/airflow/.local/lib/python3.8/site-packages/airflow/example_dags/example_branch_python_dop_operator_3.py
[2025-09-21T11:30:14.406+0000] {processor.py:830} INFO - Processing file /home/airflow/.local/lib/python3.8/site-packages/airflow/example_dags/example_branch_python_dop_operator_3.py for tasks to queue
[2025-09-21T11:30:14.409+0000] {logging_mixin.py:188} INFO - [2025-09-21T11:30:14.409+0000] {dagbag.py:538} INFO - Filling up the DagBag from /home/airflow/.local/lib/python3.8/site-packages/airflow/example_dags/example_branch_python_dop_operator_3.py
[2025-09-21T11:30:14.426+0000] {processor.py:840} INFO - DAG(s) 'example_branch_dop_operator_v3' retrieved from /home/airflow/.local/lib/python3.8/site-packages/airflow/example_dags/example_branch_python_dop_operator_3.py
[2025-09-21T11:30:14.460+0000] {logging_mixin.py:188} INFO - [2025-09-21T11:30:14.460+0000] {dag.py:3036} INFO - Sync 1 DAGs
[2025-09-21T11:30:14.509+0000] {logging_mixin.py:188} INFO - [2025-09-21T11:30:14.509+0000] {dag.py:3823} INFO - Setting next_dagrun for example_branch_dop_operator_v3 to 2025-09-21 11:29:00+00:00, run_after=2025-09-21 11:30:00+00:00
[2025-09-21T11:30:14.547+0000] {processor.py:183} INFO - Processing /home/airflow/.local/lib/python3.8/site-packages/airflow/example_dags/example_branch_python_dop_operator_3.py took 0.149 seconds
[2025-09-21T11:30:44.870+0000] {processor.py:161} INFO - Started process (PID=2114) to work on /home/airflow/.local/lib/python3.8/site-packages/airflow/example_dags/example_branch_python_dop_operator_3.py
[2025-09-21T11:30:44.872+0000] {processor.py:830} INFO - Processing file /home/airflow/.local/lib/python3.8/site-packages/airflow/example_dags/example_branch_python_dop_operator_3.py for tasks to queue
[2025-09-21T11:30:44.879+0000] {logging_mixin.py:188} INFO - [2025-09-21T11:30:44.878+0000] {dagbag.py:538} INFO - Filling up the DagBag from /home/airflow/.local/lib/python3.8/site-packages/airflow/example_dags/example_branch_python_dop_operator_3.py
[2025-09-21T11:30:44.895+0000] {processor.py:840} INFO - DAG(s) 'example_branch_dop_operator_v3' retrieved from /home/airflow/.local/lib/python3.8/site-packages/airflow/example_dags/example_branch_python_dop_operator_3.py
[2025-09-21T11:30:44.930+0000] {logging_mixin.py:188} INFO - [2025-09-21T11:30:44.930+0000] {dag.py:3036} INFO - Sync 1 DAGs
[2025-09-21T11:30:44.978+0000] {logging_mixin.py:188} INFO - [2025-09-21T11:30:44.978+0000] {dag.py:3823} INFO - Setting next_dagrun for example_branch_dop_operator_v3 to 2025-09-21 11:29:00+00:00, run_after=2025-09-21 11:30:00+00:00
[2025-09-21T11:30:45.011+0000] {processor.py:183} INFO - Processing /home/airflow/.local/lib/python3.8/site-packages/airflow/example_dags/example_branch_python_dop_operator_3.py took 0.147 seconds
[2025-09-21T11:31:15.176+0000] {processor.py:161} INFO - Started process (PID=2172) to work on /home/airflow/.local/lib/python3.8/site-packages/airflow/example_dags/example_branch_python_dop_operator_3.py
[2025-09-21T11:31:15.178+0000] {processor.py:830} INFO - Processing file /home/airflow/.local/lib/python3.8/site-packages/airflow/example_dags/example_branch_python_dop_operator_3.py for tasks to queue
[2025-09-21T11:31:15.181+0000] {logging_mixin.py:188} INFO - [2025-09-21T11:31:15.181+0000] {dagbag.py:538} INFO - Filling up the DagBag from /home/airflow/.local/lib/python3.8/site-packages/airflow/example_dags/example_branch_python_dop_operator_3.py
[2025-09-21T11:31:15.197+0000] {processor.py:840} INFO - DAG(s) 'example_branch_dop_operator_v3' retrieved from /home/airflow/.local/lib/python3.8/site-packages/airflow/example_dags/example_branch_python_dop_operator_3.py
[2025-09-21T11:31:15.232+0000] {logging_mixin.py:188} INFO - [2025-09-21T11:31:15.232+0000] {dag.py:3036} INFO - Sync 1 DAGs
[2025-09-21T11:31:15.279+0000] {logging_mixin.py:188} INFO - [2025-09-21T11:31:15.279+0000] {dag.py:3823} INFO - Setting next_dagrun for example_branch_dop_operator_v3 to 2025-09-21 11:30:00+00:00, run_after=2025-09-21 11:31:00+00:00
[2025-09-21T11:31:15.312+0000] {processor.py:183} INFO - Processing /home/airflow/.local/lib/python3.8/site-packages/airflow/example_dags/example_branch_python_dop_operator_3.py took 0.142 seconds
[2025-09-21T11:31:45.770+0000] {processor.py:161} INFO - Started process (PID=2230) to work on /home/airflow/.local/lib/python3.8/site-packages/airflow/example_dags/example_branch_python_dop_operator_3.py
[2025-09-21T11:31:45.772+0000] {processor.py:830} INFO - Processing file /home/airflow/.local/lib/python3.8/site-packages/airflow/example_dags/example_branch_python_dop_operator_3.py for tasks to queue
[2025-09-21T11:31:45.775+0000] {logging_mixin.py:188} INFO - [2025-09-21T11:31:45.774+0000] {dagbag.py:538} INFO - Filling up the DagBag from /home/airflow/.local/lib/python3.8/site-packages/airflow/example_dags/example_branch_python_dop_operator_3.py
[2025-09-21T11:31:45.791+0000] {processor.py:840} INFO - DAG(s) 'example_branch_dop_operator_v3' retrieved from /home/airflow/.local/lib/python3.8/site-packages/airflow/example_dags/example_branch_python_dop_operator_3.py
[2025-09-21T11:31:45.826+0000] {logging_mixin.py:188} INFO - [2025-09-21T11:31:45.825+0000] {dag.py:3036} INFO - Sync 1 DAGs
[2025-09-21T11:31:45.873+0000] {logging_mixin.py:188} INFO - [2025-09-21T11:31:45.872+0000] {dag.py:3823} INFO - Setting next_dagrun for example_branch_dop_operator_v3 to 2025-09-21 11:30:00+00:00, run_after=2025-09-21 11:31:00+00:00
[2025-09-21T11:31:45.906+0000] {processor.py:183} INFO - Processing /home/airflow/.local/lib/python3.8/site-packages/airflow/example_dags/example_branch_python_dop_operator_3.py took 0.141 seconds
[2025-09-21T11:32:16.027+0000] {processor.py:161} INFO - Started process (PID=2288) to work on /home/airflow/.local/lib/python3.8/site-packages/airflow/example_dags/example_branch_python_dop_operator_3.py
[2025-09-21T11:32:16.029+0000] {processor.py:830} INFO - Processing file /home/airflow/.local/lib/python3.8/site-packages/airflow/example_dags/example_branch_python_dop_operator_3.py for tasks to queue
[2025-09-21T11:32:16.032+0000] {logging_mixin.py:188} INFO - [2025-09-21T11:32:16.031+0000] {dagbag.py:538} INFO - Filling up the DagBag from /home/airflow/.local/lib/python3.8/site-packages/airflow/example_dags/example_branch_python_dop_operator_3.py
[2025-09-21T11:32:16.049+0000] {processor.py:840} INFO - DAG(s) 'example_branch_dop_operator_v3' retrieved from /home/airflow/.local/lib/python3.8/site-packages/airflow/example_dags/example_branch_python_dop_operator_3.py
[2025-09-21T11:32:16.088+0000] {logging_mixin.py:188} INFO - [2025-09-21T11:32:16.087+0000] {dag.py:3036} INFO - Sync 1 DAGs
[2025-09-21T11:32:16.137+0000] {logging_mixin.py:188} INFO - [2025-09-21T11:32:16.137+0000] {dag.py:3823} INFO - Setting next_dagrun for example_branch_dop_operator_v3 to 2025-09-21 11:31:00+00:00, run_after=2025-09-21 11:32:00+00:00
[2025-09-21T11:32:16.173+0000] {processor.py:183} INFO - Processing /home/airflow/.local/lib/python3.8/site-packages/airflow/example_dags/example_branch_python_dop_operator_3.py took 0.152 seconds
[2025-09-21T11:32:46.729+0000] {processor.py:161} INFO - Started process (PID=2346) to work on /home/airflow/.local/lib/python3.8/site-packages/airflow/example_dags/example_branch_python_dop_operator_3.py
[2025-09-21T11:32:46.731+0000] {processor.py:830} INFO - Processing file /home/airflow/.local/lib/python3.8/site-packages/airflow/example_dags/example_branch_python_dop_operator_3.py for tasks to queue
[2025-09-21T11:32:46.734+0000] {logging_mixin.py:188} INFO - [2025-09-21T11:32:46.734+0000] {dagbag.py:538} INFO - Filling up the DagBag from /home/airflow/.local/lib/python3.8/site-packages/airflow/example_dags/example_branch_python_dop_operator_3.py
[2025-09-21T11:32:46.755+0000] {processor.py:840} INFO - DAG(s) 'example_branch_dop_operator_v3' retrieved from /home/airflow/.local/lib/python3.8/site-packages/airflow/example_dags/example_branch_python_dop_operator_3.py
[2025-09-21T11:32:46.796+0000] {logging_mixin.py:188} INFO - [2025-09-21T11:32:46.796+0000] {dag.py:3036} INFO - Sync 1 DAGs
[2025-09-21T11:32:46.844+0000] {logging_mixin.py:188} INFO - [2025-09-21T11:32:46.843+0000] {dag.py:3823} INFO - Setting next_dagrun for example_branch_dop_operator_v3 to 2025-09-21 11:31:00+00:00, run_after=2025-09-21 11:32:00+00:00
[2025-09-21T11:32:46.881+0000] {processor.py:183} INFO - Processing /home/airflow/.local/lib/python3.8/site-packages/airflow/example_dags/example_branch_python_dop_operator_3.py took 0.158 seconds
[2025-09-21T11:33:17.524+0000] {processor.py:161} INFO - Started process (PID=2404) to work on /home/airflow/.local/lib/python3.8/site-packages/airflow/example_dags/example_branch_python_dop_operator_3.py
[2025-09-21T11:33:17.526+0000] {processor.py:830} INFO - Processing file /home/airflow/.local/lib/python3.8/site-packages/airflow/example_dags/example_branch_python_dop_operator_3.py for tasks to queue
[2025-09-21T11:33:17.530+0000] {logging_mixin.py:188} INFO - [2025-09-21T11:33:17.529+0000] {dagbag.py:538} INFO - Filling up the DagBag from /home/airflow/.local/lib/python3.8/site-packages/airflow/example_dags/example_branch_python_dop_operator_3.py
[2025-09-21T11:33:17.546+0000] {processor.py:840} INFO - DAG(s) 'example_branch_dop_operator_v3' retrieved from /home/airflow/.local/lib/python3.8/site-packages/airflow/example_dags/example_branch_python_dop_operator_3.py
[2025-09-21T11:33:17.581+0000] {logging_mixin.py:188} INFO - [2025-09-21T11:33:17.581+0000] {dag.py:3036} INFO - Sync 1 DAGs
[2025-09-21T11:33:17.630+0000] {logging_mixin.py:188} INFO - [2025-09-21T11:33:17.630+0000] {dag.py:3823} INFO - Setting next_dagrun for example_branch_dop_operator_v3 to 2025-09-21 11:32:00+00:00, run_after=2025-09-21 11:33:00+00:00
[2025-09-21T11:33:17.666+0000] {processor.py:183} INFO - Processing /home/airflow/.local/lib/python3.8/site-packages/airflow/example_dags/example_branch_python_dop_operator_3.py took 0.148 seconds
[2025-09-21T11:33:47.881+0000] {processor.py:161} INFO - Started process (PID=2462) to work on /home/airflow/.local/lib/python3.8/site-packages/airflow/example_dags/example_branch_python_dop_operator_3.py
[2025-09-21T11:33:47.883+0000] {processor.py:830} INFO - Processing file /home/airflow/.local/lib/python3.8/site-packages/airflow/example_dags/example_branch_python_dop_operator_3.py for tasks to queue
[2025-09-21T11:33:47.886+0000] {logging_mixin.py:188} INFO - [2025-09-21T11:33:47.886+0000] {dagbag.py:538} INFO - Filling up the DagBag from /home/airflow/.local/lib/python3.8/site-packages/airflow/example_dags/example_branch_python_dop_operator_3.py
[2025-09-21T11:33:47.903+0000] {processor.py:840} INFO - DAG(s) 'example_branch_dop_operator_v3' retrieved from /home/airflow/.local/lib/python3.8/site-packages/airflow/example_dags/example_branch_python_dop_operator_3.py
[2025-09-21T11:33:47.938+0000] {logging_mixin.py:188} INFO - [2025-09-21T11:33:47.938+0000] {dag.py:3036} INFO - Sync 1 DAGs
[2025-09-21T11:33:47.993+0000] {logging_mixin.py:188} INFO - [2025-09-21T11:33:47.993+0000] {dag.py:3823} INFO - Setting next_dagrun for example_branch_dop_operator_v3 to 2025-09-21 11:32:00+00:00, run_after=2025-09-21 11:33:00+00:00
[2025-09-21T11:33:48.028+0000] {processor.py:183} INFO - Processing /home/airflow/.local/lib/python3.8/site-packages/airflow/example_dags/example_branch_python_dop_operator_3.py took 0.153 seconds
[2025-09-21T11:34:18.462+0000] {processor.py:161} INFO - Started process (PID=2520) to work on /home/airflow/.local/lib/python3.8/site-packages/airflow/example_dags/example_branch_python_dop_operator_3.py
[2025-09-21T11:34:18.464+0000] {processor.py:830} INFO - Processing file /home/airflow/.local/lib/python3.8/site-packages/airflow/example_dags/example_branch_python_dop_operator_3.py for tasks to queue
[2025-09-21T11:34:18.467+0000] {logging_mixin.py:188} INFO - [2025-09-21T11:34:18.467+0000] {dagbag.py:538} INFO - Filling up the DagBag from /home/airflow/.local/lib/python3.8/site-packages/airflow/example_dags/example_branch_python_dop_operator_3.py
[2025-09-21T11:34:18.487+0000] {processor.py:840} INFO - DAG(s) 'example_branch_dop_operator_v3' retrieved from /home/airflow/.local/lib/python3.8/site-packages/airflow/example_dags/example_branch_python_dop_operator_3.py
[2025-09-21T11:34:18.522+0000] {logging_mixin.py:188} INFO - [2025-09-21T11:34:18.522+0000] {dag.py:3036} INFO - Sync 1 DAGs
[2025-09-21T11:34:18.569+0000] {logging_mixin.py:188} INFO - [2025-09-21T11:34:18.569+0000] {dag.py:3823} INFO - Setting next_dagrun for example_branch_dop_operator_v3 to 2025-09-21 11:33:00+00:00, run_after=2025-09-21 11:34:00+00:00
[2025-09-21T11:34:18.604+0000] {processor.py:183} INFO - Processing /home/airflow/.local/lib/python3.8/site-packages/airflow/example_dags/example_branch_python_dop_operator_3.py took 0.148 seconds
[2025-09-21T11:34:48.817+0000] {processor.py:161} INFO - Started process (PID=2578) to work on /home/airflow/.local/lib/python3.8/site-packages/airflow/example_dags/example_branch_python_dop_operator_3.py
[2025-09-21T11:34:48.819+0000] {processor.py:830} INFO - Processing file /home/airflow/.local/lib/python3.8/site-packages/airflow/example_dags/example_branch_python_dop_operator_3.py for tasks to queue
[2025-09-21T11:34:48.824+0000] {logging_mixin.py:188} INFO - [2025-09-21T11:34:48.823+0000] {dagbag.py:538} INFO - Filling up the DagBag from /home/airflow/.local/lib/python3.8/site-packages/airflow/example_dags/example_branch_python_dop_operator_3.py
[2025-09-21T11:34:48.840+0000] {processor.py:840} INFO - DAG(s) 'example_branch_dop_operator_v3' retrieved from /home/airflow/.local/lib/python3.8/site-packages/airflow/example_dags/example_branch_python_dop_operator_3.py
[2025-09-21T11:34:48.875+0000] {logging_mixin.py:188} INFO - [2025-09-21T11:34:48.874+0000] {dag.py:3036} INFO - Sync 1 DAGs
[2025-09-21T11:34:48.922+0000] {logging_mixin.py:188} INFO - [2025-09-21T11:34:48.922+0000] {dag.py:3823} INFO - Setting next_dagrun for example_branch_dop_operator_v3 to 2025-09-21 11:33:00+00:00, run_after=2025-09-21 11:34:00+00:00
[2025-09-21T11:34:48.957+0000] {processor.py:183} INFO - Processing /home/airflow/.local/lib/python3.8/site-packages/airflow/example_dags/example_branch_python_dop_operator_3.py took 0.146 seconds
[2025-09-21T11:35:19.700+0000] {processor.py:161} INFO - Started process (PID=2636) to work on /home/airflow/.local/lib/python3.8/site-packages/airflow/example_dags/example_branch_python_dop_operator_3.py
[2025-09-21T11:35:19.702+0000] {processor.py:830} INFO - Processing file /home/airflow/.local/lib/python3.8/site-packages/airflow/example_dags/example_branch_python_dop_operator_3.py for tasks to queue
[2025-09-21T11:35:19.705+0000] {logging_mixin.py:188} INFO - [2025-09-21T11:35:19.705+0000] {dagbag.py:538} INFO - Filling up the DagBag from /home/airflow/.local/lib/python3.8/site-packages/airflow/example_dags/example_branch_python_dop_operator_3.py
[2025-09-21T11:35:19.728+0000] {processor.py:840} INFO - DAG(s) 'example_branch_dop_operator_v3' retrieved from /home/airflow/.local/lib/python3.8/site-packages/airflow/example_dags/example_branch_python_dop_operator_3.py
[2025-09-21T11:35:19.771+0000] {logging_mixin.py:188} INFO - [2025-09-21T11:35:19.771+0000] {dag.py:3036} INFO - Sync 1 DAGs
[2025-09-21T11:35:19.843+0000] {logging_mixin.py:188} INFO - [2025-09-21T11:35:19.842+0000] {dag.py:3823} INFO - Setting next_dagrun for example_branch_dop_operator_v3 to 2025-09-21 11:34:00+00:00, run_after=2025-09-21 11:35:00+00:00
[2025-09-21T11:35:19.884+0000] {processor.py:183} INFO - Processing /home/airflow/.local/lib/python3.8/site-packages/airflow/example_dags/example_branch_python_dop_operator_3.py took 0.191 seconds
[2025-09-21T11:35:50.195+0000] {processor.py:161} INFO - Started process (PID=2694) to work on /home/airflow/.local/lib/python3.8/site-packages/airflow/example_dags/example_branch_python_dop_operator_3.py
[2025-09-21T11:35:50.197+0000] {processor.py:830} INFO - Processing file /home/airflow/.local/lib/python3.8/site-packages/airflow/example_dags/example_branch_python_dop_operator_3.py for tasks to queue
[2025-09-21T11:35:50.201+0000] {logging_mixin.py:188} INFO - [2025-09-21T11:35:50.200+0000] {dagbag.py:538} INFO - Filling up the DagBag from /home/airflow/.local/lib/python3.8/site-packages/airflow/example_dags/example_branch_python_dop_operator_3.py
[2025-09-21T11:35:50.221+0000] {processor.py:840} INFO - DAG(s) 'example_branch_dop_operator_v3' retrieved from /home/airflow/.local/lib/python3.8/site-packages/airflow/example_dags/example_branch_python_dop_operator_3.py
[2025-09-21T11:35:50.257+0000] {logging_mixin.py:188} INFO - [2025-09-21T11:35:50.257+0000] {dag.py:3036} INFO - Sync 1 DAGs
[2025-09-21T11:35:50.308+0000] {logging_mixin.py:188} INFO - [2025-09-21T11:35:50.308+0000] {dag.py:3823} INFO - Setting next_dagrun for example_branch_dop_operator_v3 to 2025-09-21 11:34:00+00:00, run_after=2025-09-21 11:35:00+00:00
[2025-09-21T11:35:50.345+0000] {processor.py:183} INFO - Processing /home/airflow/.local/lib/python3.8/site-packages/airflow/example_dags/example_branch_python_dop_operator_3.py took 0.156 seconds
[2025-09-21T11:36:20.859+0000] {processor.py:161} INFO - Started process (PID=2750) to work on /home/airflow/.local/lib/python3.8/site-packages/airflow/example_dags/example_branch_python_dop_operator_3.py
[2025-09-21T11:36:20.860+0000] {processor.py:830} INFO - Processing file /home/airflow/.local/lib/python3.8/site-packages/airflow/example_dags/example_branch_python_dop_operator_3.py for tasks to queue
[2025-09-21T11:36:20.864+0000] {logging_mixin.py:188} INFO - [2025-09-21T11:36:20.863+0000] {dagbag.py:538} INFO - Filling up the DagBag from /home/airflow/.local/lib/python3.8/site-packages/airflow/example_dags/example_branch_python_dop_operator_3.py
[2025-09-21T11:36:20.880+0000] {processor.py:840} INFO - DAG(s) 'example_branch_dop_operator_v3' retrieved from /home/airflow/.local/lib/python3.8/site-packages/airflow/example_dags/example_branch_python_dop_operator_3.py
[2025-09-21T11:36:20.921+0000] {logging_mixin.py:188} INFO - [2025-09-21T11:36:20.921+0000] {dag.py:3036} INFO - Sync 1 DAGs
[2025-09-21T11:36:20.970+0000] {logging_mixin.py:188} INFO - [2025-09-21T11:36:20.969+0000] {dag.py:3823} INFO - Setting next_dagrun for example_branch_dop_operator_v3 to 2025-09-21 11:35:00+00:00, run_after=2025-09-21 11:36:00+00:00
[2025-09-21T11:36:21.008+0000] {processor.py:183} INFO - Processing /home/airflow/.local/lib/python3.8/site-packages/airflow/example_dags/example_branch_python_dop_operator_3.py took 0.156 seconds
[2025-09-21T11:36:51.098+0000] {processor.py:161} INFO - Started process (PID=2806) to work on /home/airflow/.local/lib/python3.8/site-packages/airflow/example_dags/example_branch_python_dop_operator_3.py
[2025-09-21T11:36:51.100+0000] {processor.py:830} INFO - Processing file /home/airflow/.local/lib/python3.8/site-packages/airflow/example_dags/example_branch_python_dop_operator_3.py for tasks to queue
[2025-09-21T11:36:51.104+0000] {logging_mixin.py:188} INFO - [2025-09-21T11:36:51.103+0000] {dagbag.py:538} INFO - Filling up the DagBag from /home/airflow/.local/lib/python3.8/site-packages/airflow/example_dags/example_branch_python_dop_operator_3.py
[2025-09-21T11:36:51.120+0000] {processor.py:840} INFO - DAG(s) 'example_branch_dop_operator_v3' retrieved from /home/airflow/.local/lib/python3.8/site-packages/airflow/example_dags/example_branch_python_dop_operator_3.py
[2025-09-21T11:36:51.153+0000] {logging_mixin.py:188} INFO - [2025-09-21T11:36:51.153+0000] {dag.py:3036} INFO - Sync 1 DAGs
[2025-09-21T11:36:51.201+0000] {logging_mixin.py:188} INFO - [2025-09-21T11:36:51.201+0000] {dag.py:3823} INFO - Setting next_dagrun for example_branch_dop_operator_v3 to 2025-09-21 11:35:00+00:00, run_after=2025-09-21 11:36:00+00:00
[2025-09-21T11:36:51.234+0000] {processor.py:183} INFO - Processing /home/airflow/.local/lib/python3.8/site-packages/airflow/example_dags/example_branch_python_dop_operator_3.py took 0.141 seconds
[2025-09-21T11:37:21.989+0000] {processor.py:161} INFO - Started process (PID=2864) to work on /home/airflow/.local/lib/python3.8/site-packages/airflow/example_dags/example_branch_python_dop_operator_3.py
[2025-09-21T11:37:21.991+0000] {processor.py:830} INFO - Processing file /home/airflow/.local/lib/python3.8/site-packages/airflow/example_dags/example_branch_python_dop_operator_3.py for tasks to queue
[2025-09-21T11:37:21.995+0000] {logging_mixin.py:188} INFO - [2025-09-21T11:37:21.994+0000] {dagbag.py:538} INFO - Filling up the DagBag from /home/airflow/.local/lib/python3.8/site-packages/airflow/example_dags/example_branch_python_dop_operator_3.py
[2025-09-21T11:37:22.016+0000] {processor.py:840} INFO - DAG(s) 'example_branch_dop_operator_v3' retrieved from /home/airflow/.local/lib/python3.8/site-packages/airflow/example_dags/example_branch_python_dop_operator_3.py
[2025-09-21T11:37:22.082+0000] {logging_mixin.py:188} INFO - [2025-09-21T11:37:22.082+0000] {dag.py:3036} INFO - Sync 1 DAGs
[2025-09-21T11:37:22.146+0000] {logging_mixin.py:188} INFO - [2025-09-21T11:37:22.146+0000] {dag.py:3823} INFO - Setting next_dagrun for example_branch_dop_operator_v3 to 2025-09-21 11:36:00+00:00, run_after=2025-09-21 11:37:00+00:00
[2025-09-21T11:37:22.189+0000] {processor.py:183} INFO - Processing /home/airflow/.local/lib/python3.8/site-packages/airflow/example_dags/example_branch_python_dop_operator_3.py took 0.207 seconds
[2025-09-21T11:37:52.285+0000] {processor.py:161} INFO - Started process (PID=2922) to work on /home/airflow/.local/lib/python3.8/site-packages/airflow/example_dags/example_branch_python_dop_operator_3.py
[2025-09-21T11:37:52.287+0000] {processor.py:830} INFO - Processing file /home/airflow/.local/lib/python3.8/site-packages/airflow/example_dags/example_branch_python_dop_operator_3.py for tasks to queue
[2025-09-21T11:37:52.291+0000] {logging_mixin.py:188} INFO - [2025-09-21T11:37:52.290+0000] {dagbag.py:538} INFO - Filling up the DagBag from /home/airflow/.local/lib/python3.8/site-packages/airflow/example_dags/example_branch_python_dop_operator_3.py
[2025-09-21T11:37:52.306+0000] {processor.py:840} INFO - DAG(s) 'example_branch_dop_operator_v3' retrieved from /home/airflow/.local/lib/python3.8/site-packages/airflow/example_dags/example_branch_python_dop_operator_3.py
[2025-09-21T11:37:52.344+0000] {logging_mixin.py:188} INFO - [2025-09-21T11:37:52.344+0000] {dag.py:3036} INFO - Sync 1 DAGs
[2025-09-21T11:37:52.391+0000] {logging_mixin.py:188} INFO - [2025-09-21T11:37:52.391+0000] {dag.py:3823} INFO - Setting next_dagrun for example_branch_dop_operator_v3 to 2025-09-21 11:36:00+00:00, run_after=2025-09-21 11:37:00+00:00
[2025-09-21T11:37:52.425+0000] {processor.py:183} INFO - Processing /home/airflow/.local/lib/python3.8/site-packages/airflow/example_dags/example_branch_python_dop_operator_3.py took 0.146 seconds
[2025-09-21T11:38:22.573+0000] {processor.py:161} INFO - Started process (PID=2980) to work on /home/airflow/.local/lib/python3.8/site-packages/airflow/example_dags/example_branch_python_dop_operator_3.py
[2025-09-21T11:38:22.576+0000] {processor.py:830} INFO - Processing file /home/airflow/.local/lib/python3.8/site-packages/airflow/example_dags/example_branch_python_dop_operator_3.py for tasks to queue
[2025-09-21T11:38:22.580+0000] {logging_mixin.py:188} INFO - [2025-09-21T11:38:22.579+0000] {dagbag.py:538} INFO - Filling up the DagBag from /home/airflow/.local/lib/python3.8/site-packages/airflow/example_dags/example_branch_python_dop_operator_3.py
[2025-09-21T11:38:22.608+0000] {processor.py:840} INFO - DAG(s) 'example_branch_dop_operator_v3' retrieved from /home/airflow/.local/lib/python3.8/site-packages/airflow/example_dags/example_branch_python_dop_operator_3.py
[2025-09-21T11:38:22.644+0000] {logging_mixin.py:188} INFO - [2025-09-21T11:38:22.644+0000] {dag.py:3036} INFO - Sync 1 DAGs
[2025-09-21T11:38:22.700+0000] {logging_mixin.py:188} INFO - [2025-09-21T11:38:22.700+0000] {dag.py:3823} INFO - Setting next_dagrun for example_branch_dop_operator_v3 to 2025-09-21 11:37:00+00:00, run_after=2025-09-21 11:38:00+00:00
[2025-09-21T11:38:22.739+0000] {processor.py:183} INFO - Processing /home/airflow/.local/lib/python3.8/site-packages/airflow/example_dags/example_branch_python_dop_operator_3.py took 0.174 seconds
[2025-09-21T11:38:52.954+0000] {processor.py:161} INFO - Started process (PID=3038) to work on /home/airflow/.local/lib/python3.8/site-packages/airflow/example_dags/example_branch_python_dop_operator_3.py
[2025-09-21T11:38:52.956+0000] {processor.py:830} INFO - Processing file /home/airflow/.local/lib/python3.8/site-packages/airflow/example_dags/example_branch_python_dop_operator_3.py for tasks to queue
[2025-09-21T11:38:52.960+0000] {logging_mixin.py:188} INFO - [2025-09-21T11:38:52.959+0000] {dagbag.py:538} INFO - Filling up the DagBag from /home/airflow/.local/lib/python3.8/site-packages/airflow/example_dags/example_branch_python_dop_operator_3.py
[2025-09-21T11:38:52.982+0000] {processor.py:840} INFO - DAG(s) 'example_branch_dop_operator_v3' retrieved from /home/airflow/.local/lib/python3.8/site-packages/airflow/example_dags/example_branch_python_dop_operator_3.py
[2025-09-21T11:38:53.027+0000] {logging_mixin.py:188} INFO - [2025-09-21T11:38:53.027+0000] {dag.py:3036} INFO - Sync 1 DAGs
[2025-09-21T11:38:53.080+0000] {logging_mixin.py:188} INFO - [2025-09-21T11:38:53.080+0000] {dag.py:3823} INFO - Setting next_dagrun for example_branch_dop_operator_v3 to 2025-09-21 11:37:00+00:00, run_after=2025-09-21 11:38:00+00:00
[2025-09-21T11:38:53.119+0000] {processor.py:183} INFO - Processing /home/airflow/.local/lib/python3.8/site-packages/airflow/example_dags/example_branch_python_dop_operator_3.py took 0.172 seconds
[2025-09-21T11:39:23.545+0000] {processor.py:161} INFO - Started process (PID=3096) to work on /home/airflow/.local/lib/python3.8/site-packages/airflow/example_dags/example_branch_python_dop_operator_3.py
[2025-09-21T11:39:23.547+0000] {processor.py:830} INFO - Processing file /home/airflow/.local/lib/python3.8/site-packages/airflow/example_dags/example_branch_python_dop_operator_3.py for tasks to queue
[2025-09-21T11:39:23.551+0000] {logging_mixin.py:188} INFO - [2025-09-21T11:39:23.551+0000] {dagbag.py:538} INFO - Filling up the DagBag from /home/airflow/.local/lib/python3.8/site-packages/airflow/example_dags/example_branch_python_dop_operator_3.py
[2025-09-21T11:39:23.569+0000] {processor.py:840} INFO - DAG(s) 'example_branch_dop_operator_v3' retrieved from /home/airflow/.local/lib/python3.8/site-packages/airflow/example_dags/example_branch_python_dop_operator_3.py
[2025-09-21T11:39:23.606+0000] {logging_mixin.py:188} INFO - [2025-09-21T11:39:23.606+0000] {dag.py:3036} INFO - Sync 1 DAGs
[2025-09-21T11:39:23.661+0000] {logging_mixin.py:188} INFO - [2025-09-21T11:39:23.660+0000] {dag.py:3823} INFO - Setting next_dagrun for example_branch_dop_operator_v3 to 2025-09-21 11:38:00+00:00, run_after=2025-09-21 11:39:00+00:00
[2025-09-21T11:39:23.698+0000] {processor.py:183} INFO - Processing /home/airflow/.local/lib/python3.8/site-packages/airflow/example_dags/example_branch_python_dop_operator_3.py took 0.159 seconds
[2025-09-21T11:39:53.961+0000] {processor.py:161} INFO - Started process (PID=3154) to work on /home/airflow/.local/lib/python3.8/site-packages/airflow/example_dags/example_branch_python_dop_operator_3.py
[2025-09-21T11:39:53.963+0000] {processor.py:830} INFO - Processing file /home/airflow/.local/lib/python3.8/site-packages/airflow/example_dags/example_branch_python_dop_operator_3.py for tasks to queue
[2025-09-21T11:39:53.967+0000] {logging_mixin.py:188} INFO - [2025-09-21T11:39:53.966+0000] {dagbag.py:538} INFO - Filling up the DagBag from /home/airflow/.local/lib/python3.8/site-packages/airflow/example_dags/example_branch_python_dop_operator_3.py
[2025-09-21T11:39:53.983+0000] {processor.py:840} INFO - DAG(s) 'example_branch_dop_operator_v3' retrieved from /home/airflow/.local/lib/python3.8/site-packages/airflow/example_dags/example_branch_python_dop_operator_3.py
[2025-09-21T11:39:54.022+0000] {logging_mixin.py:188} INFO - [2025-09-21T11:39:54.022+0000] {dag.py:3036} INFO - Sync 1 DAGs
[2025-09-21T11:39:54.074+0000] {logging_mixin.py:188} INFO - [2025-09-21T11:39:54.074+0000] {dag.py:3823} INFO - Setting next_dagrun for example_branch_dop_operator_v3 to 2025-09-21 11:38:00+00:00, run_after=2025-09-21 11:39:00+00:00
[2025-09-21T11:39:54.111+0000] {processor.py:183} INFO - Processing /home/airflow/.local/lib/python3.8/site-packages/airflow/example_dags/example_branch_python_dop_operator_3.py took 0.155 seconds
[2025-09-21T11:40:24.185+0000] {processor.py:161} INFO - Started process (PID=3213) to work on /home/airflow/.local/lib/python3.8/site-packages/airflow/example_dags/example_branch_python_dop_operator_3.py
[2025-09-21T11:40:24.187+0000] {processor.py:830} INFO - Processing file /home/airflow/.local/lib/python3.8/site-packages/airflow/example_dags/example_branch_python_dop_operator_3.py for tasks to queue
[2025-09-21T11:40:24.190+0000] {logging_mixin.py:188} INFO - [2025-09-21T11:40:24.190+0000] {dagbag.py:538} INFO - Filling up the DagBag from /home/airflow/.local/lib/python3.8/site-packages/airflow/example_dags/example_branch_python_dop_operator_3.py
[2025-09-21T11:40:24.211+0000] {processor.py:840} INFO - DAG(s) 'example_branch_dop_operator_v3' retrieved from /home/airflow/.local/lib/python3.8/site-packages/airflow/example_dags/example_branch_python_dop_operator_3.py
[2025-09-21T11:40:24.248+0000] {logging_mixin.py:188} INFO - [2025-09-21T11:40:24.248+0000] {dag.py:3036} INFO - Sync 1 DAGs
[2025-09-21T11:40:24.298+0000] {logging_mixin.py:188} INFO - [2025-09-21T11:40:24.298+0000] {dag.py:3823} INFO - Setting next_dagrun for example_branch_dop_operator_v3 to 2025-09-21 11:39:00+00:00, run_after=2025-09-21 11:40:00+00:00
[2025-09-21T11:40:24.333+0000] {processor.py:183} INFO - Processing /home/airflow/.local/lib/python3.8/site-packages/airflow/example_dags/example_branch_python_dop_operator_3.py took 0.154 seconds
[2025-09-21T11:40:54.796+0000] {processor.py:161} INFO - Started process (PID=3271) to work on /home/airflow/.local/lib/python3.8/site-packages/airflow/example_dags/example_branch_python_dop_operator_3.py
[2025-09-21T11:40:54.797+0000] {processor.py:830} INFO - Processing file /home/airflow/.local/lib/python3.8/site-packages/airflow/example_dags/example_branch_python_dop_operator_3.py for tasks to queue
[2025-09-21T11:40:54.802+0000] {logging_mixin.py:188} INFO - [2025-09-21T11:40:54.801+0000] {dagbag.py:538} INFO - Filling up the DagBag from /home/airflow/.local/lib/python3.8/site-packages/airflow/example_dags/example_branch_python_dop_operator_3.py
[2025-09-21T11:40:54.819+0000] {processor.py:840} INFO - DAG(s) 'example_branch_dop_operator_v3' retrieved from /home/airflow/.local/lib/python3.8/site-packages/airflow/example_dags/example_branch_python_dop_operator_3.py
[2025-09-21T11:40:54.855+0000] {logging_mixin.py:188} INFO - [2025-09-21T11:40:54.855+0000] {dag.py:3036} INFO - Sync 1 DAGs
[2025-09-21T11:40:54.907+0000] {logging_mixin.py:188} INFO - [2025-09-21T11:40:54.906+0000] {dag.py:3823} INFO - Setting next_dagrun for example_branch_dop_operator_v3 to 2025-09-21 11:39:00+00:00, run_after=2025-09-21 11:40:00+00:00
[2025-09-21T11:40:54.940+0000] {processor.py:183} INFO - Processing /home/airflow/.local/lib/python3.8/site-packages/airflow/example_dags/example_branch_python_dop_operator_3.py took 0.151 seconds
[2025-09-21T11:41:25.053+0000] {processor.py:161} INFO - Started process (PID=3329) to work on /home/airflow/.local/lib/python3.8/site-packages/airflow/example_dags/example_branch_python_dop_operator_3.py
[2025-09-21T11:41:25.055+0000] {processor.py:830} INFO - Processing file /home/airflow/.local/lib/python3.8/site-packages/airflow/example_dags/example_branch_python_dop_operator_3.py for tasks to queue
[2025-09-21T11:41:25.059+0000] {logging_mixin.py:188} INFO - [2025-09-21T11:41:25.058+0000] {dagbag.py:538} INFO - Filling up the DagBag from /home/airflow/.local/lib/python3.8/site-packages/airflow/example_dags/example_branch_python_dop_operator_3.py
[2025-09-21T11:41:25.075+0000] {processor.py:840} INFO - DAG(s) 'example_branch_dop_operator_v3' retrieved from /home/airflow/.local/lib/python3.8/site-packages/airflow/example_dags/example_branch_python_dop_operator_3.py
[2025-09-21T11:41:25.115+0000] {logging_mixin.py:188} INFO - [2025-09-21T11:41:25.114+0000] {dag.py:3036} INFO - Sync 1 DAGs
[2025-09-21T11:41:25.162+0000] {logging_mixin.py:188} INFO - [2025-09-21T11:41:25.162+0000] {dag.py:3823} INFO - Setting next_dagrun for example_branch_dop_operator_v3 to 2025-09-21 11:40:00+00:00, run_after=2025-09-21 11:41:00+00:00
[2025-09-21T11:41:25.196+0000] {processor.py:183} INFO - Processing /home/airflow/.local/lib/python3.8/site-packages/airflow/example_dags/example_branch_python_dop_operator_3.py took 0.149 seconds
[2025-09-21T11:41:55.777+0000] {processor.py:161} INFO - Started process (PID=3387) to work on /home/airflow/.local/lib/python3.8/site-packages/airflow/example_dags/example_branch_python_dop_operator_3.py
[2025-09-21T11:41:55.780+0000] {processor.py:830} INFO - Processing file /home/airflow/.local/lib/python3.8/site-packages/airflow/example_dags/example_branch_python_dop_operator_3.py for tasks to queue
[2025-09-21T11:41:55.784+0000] {logging_mixin.py:188} INFO - [2025-09-21T11:41:55.783+0000] {dagbag.py:538} INFO - Filling up the DagBag from /home/airflow/.local/lib/python3.8/site-packages/airflow/example_dags/example_branch_python_dop_operator_3.py
[2025-09-21T11:41:55.802+0000] {processor.py:840} INFO - DAG(s) 'example_branch_dop_operator_v3' retrieved from /home/airflow/.local/lib/python3.8/site-packages/airflow/example_dags/example_branch_python_dop_operator_3.py
[2025-09-21T11:41:55.846+0000] {logging_mixin.py:188} INFO - [2025-09-21T11:41:55.846+0000] {dag.py:3036} INFO - Sync 1 DAGs
[2025-09-21T11:41:55.903+0000] {logging_mixin.py:188} INFO - [2025-09-21T11:41:55.903+0000] {dag.py:3823} INFO - Setting next_dagrun for example_branch_dop_operator_v3 to 2025-09-21 11:40:00+00:00, run_after=2025-09-21 11:41:00+00:00
[2025-09-21T11:41:55.942+0000] {processor.py:183} INFO - Processing /home/airflow/.local/lib/python3.8/site-packages/airflow/example_dags/example_branch_python_dop_operator_3.py took 0.171 seconds
[2025-09-21T11:42:26.165+0000] {processor.py:161} INFO - Started process (PID=3445) to work on /home/airflow/.local/lib/python3.8/site-packages/airflow/example_dags/example_branch_python_dop_operator_3.py
[2025-09-21T11:42:26.167+0000] {processor.py:830} INFO - Processing file /home/airflow/.local/lib/python3.8/site-packages/airflow/example_dags/example_branch_python_dop_operator_3.py for tasks to queue
[2025-09-21T11:42:26.170+0000] {logging_mixin.py:188} INFO - [2025-09-21T11:42:26.170+0000] {dagbag.py:538} INFO - Filling up the DagBag from /home/airflow/.local/lib/python3.8/site-packages/airflow/example_dags/example_branch_python_dop_operator_3.py
[2025-09-21T11:42:26.186+0000] {processor.py:840} INFO - DAG(s) 'example_branch_dop_operator_v3' retrieved from /home/airflow/.local/lib/python3.8/site-packages/airflow/example_dags/example_branch_python_dop_operator_3.py
[2025-09-21T11:42:26.223+0000] {logging_mixin.py:188} INFO - [2025-09-21T11:42:26.222+0000] {dag.py:3036} INFO - Sync 1 DAGs
[2025-09-21T11:42:26.271+0000] {logging_mixin.py:188} INFO - [2025-09-21T11:42:26.271+0000] {dag.py:3823} INFO - Setting next_dagrun for example_branch_dop_operator_v3 to 2025-09-21 11:41:00+00:00, run_after=2025-09-21 11:42:00+00:00
[2025-09-21T11:42:26.305+0000] {processor.py:183} INFO - Processing /home/airflow/.local/lib/python3.8/site-packages/airflow/example_dags/example_branch_python_dop_operator_3.py took 0.147 seconds
[2025-09-21T11:42:56.942+0000] {processor.py:161} INFO - Started process (PID=3503) to work on /home/airflow/.local/lib/python3.8/site-packages/airflow/example_dags/example_branch_python_dop_operator_3.py
[2025-09-21T11:42:56.943+0000] {processor.py:830} INFO - Processing file /home/airflow/.local/lib/python3.8/site-packages/airflow/example_dags/example_branch_python_dop_operator_3.py for tasks to queue
[2025-09-21T11:42:56.947+0000] {logging_mixin.py:188} INFO - [2025-09-21T11:42:56.946+0000] {dagbag.py:538} INFO - Filling up the DagBag from /home/airflow/.local/lib/python3.8/site-packages/airflow/example_dags/example_branch_python_dop_operator_3.py
[2025-09-21T11:42:56.963+0000] {processor.py:840} INFO - DAG(s) 'example_branch_dop_operator_v3' retrieved from /home/airflow/.local/lib/python3.8/site-packages/airflow/example_dags/example_branch_python_dop_operator_3.py
[2025-09-21T11:42:56.999+0000] {logging_mixin.py:188} INFO - [2025-09-21T11:42:56.999+0000] {dag.py:3036} INFO - Sync 1 DAGs
[2025-09-21T11:42:57.056+0000] {logging_mixin.py:188} INFO - [2025-09-21T11:42:57.055+0000] {dag.py:3823} INFO - Setting next_dagrun for example_branch_dop_operator_v3 to 2025-09-21 11:41:00+00:00, run_after=2025-09-21 11:42:00+00:00
[2025-09-21T11:42:57.090+0000] {processor.py:183} INFO - Processing /home/airflow/.local/lib/python3.8/site-packages/airflow/example_dags/example_branch_python_dop_operator_3.py took 0.154 seconds
[2025-09-21T11:43:27.328+0000] {processor.py:161} INFO - Started process (PID=3561) to work on /home/airflow/.local/lib/python3.8/site-packages/airflow/example_dags/example_branch_python_dop_operator_3.py
[2025-09-21T11:43:27.329+0000] {processor.py:830} INFO - Processing file /home/airflow/.local/lib/python3.8/site-packages/airflow/example_dags/example_branch_python_dop_operator_3.py for tasks to queue
[2025-09-21T11:43:27.333+0000] {logging_mixin.py:188} INFO - [2025-09-21T11:43:27.332+0000] {dagbag.py:538} INFO - Filling up the DagBag from /home/airflow/.local/lib/python3.8/site-packages/airflow/example_dags/example_branch_python_dop_operator_3.py
[2025-09-21T11:43:27.351+0000] {processor.py:840} INFO - DAG(s) 'example_branch_dop_operator_v3' retrieved from /home/airflow/.local/lib/python3.8/site-packages/airflow/example_dags/example_branch_python_dop_operator_3.py
[2025-09-21T11:43:27.395+0000] {logging_mixin.py:188} INFO - [2025-09-21T11:43:27.395+0000] {dag.py:3036} INFO - Sync 1 DAGs
[2025-09-21T11:43:27.446+0000] {logging_mixin.py:188} INFO - [2025-09-21T11:43:27.445+0000] {dag.py:3823} INFO - Setting next_dagrun for example_branch_dop_operator_v3 to 2025-09-21 11:42:00+00:00, run_after=2025-09-21 11:43:00+00:00
[2025-09-21T11:43:27.484+0000] {processor.py:183} INFO - Processing /home/airflow/.local/lib/python3.8/site-packages/airflow/example_dags/example_branch_python_dop_operator_3.py took 0.162 seconds
[2025-09-21T11:43:57.581+0000] {processor.py:161} INFO - Started process (PID=3619) to work on /home/airflow/.local/lib/python3.8/site-packages/airflow/example_dags/example_branch_python_dop_operator_3.py
[2025-09-21T11:43:57.583+0000] {processor.py:830} INFO - Processing file /home/airflow/.local/lib/python3.8/site-packages/airflow/example_dags/example_branch_python_dop_operator_3.py for tasks to queue
[2025-09-21T11:43:57.588+0000] {logging_mixin.py:188} INFO - [2025-09-21T11:43:57.587+0000] {dagbag.py:538} INFO - Filling up the DagBag from /home/airflow/.local/lib/python3.8/site-packages/airflow/example_dags/example_branch_python_dop_operator_3.py
[2025-09-21T11:43:57.607+0000] {processor.py:840} INFO - DAG(s) 'example_branch_dop_operator_v3' retrieved from /home/airflow/.local/lib/python3.8/site-packages/airflow/example_dags/example_branch_python_dop_operator_3.py
[2025-09-21T11:43:57.649+0000] {logging_mixin.py:188} INFO - [2025-09-21T11:43:57.648+0000] {dag.py:3036} INFO - Sync 1 DAGs
[2025-09-21T11:43:57.700+0000] {logging_mixin.py:188} INFO - [2025-09-21T11:43:57.700+0000] {dag.py:3823} INFO - Setting next_dagrun for example_branch_dop_operator_v3 to 2025-09-21 11:42:00+00:00, run_after=2025-09-21 11:43:00+00:00
[2025-09-21T11:43:57.741+0000] {processor.py:183} INFO - Processing /home/airflow/.local/lib/python3.8/site-packages/airflow/example_dags/example_branch_python_dop_operator_3.py took 0.166 seconds
[2025-09-21T11:46:05.008+0000] {processor.py:161} INFO - Started process (PID=78) to work on /home/airflow/.local/lib/python3.8/site-packages/airflow/example_dags/example_branch_python_dop_operator_3.py
[2025-09-21T11:46:05.011+0000] {processor.py:830} INFO - Processing file /home/airflow/.local/lib/python3.8/site-packages/airflow/example_dags/example_branch_python_dop_operator_3.py for tasks to queue
[2025-09-21T11:46:05.021+0000] {logging_mixin.py:188} INFO - [2025-09-21T11:46:05.020+0000] {dagbag.py:538} INFO - Filling up the DagBag from /home/airflow/.local/lib/python3.8/site-packages/airflow/example_dags/example_branch_python_dop_operator_3.py
[2025-09-21T11:46:05.062+0000] {processor.py:840} INFO - DAG(s) 'example_branch_dop_operator_v3' retrieved from /home/airflow/.local/lib/python3.8/site-packages/airflow/example_dags/example_branch_python_dop_operator_3.py
[2025-09-21T11:46:05.380+0000] {logging_mixin.py:188} INFO - [2025-09-21T11:46:05.379+0000] {dag.py:3036} INFO - Sync 1 DAGs
[2025-09-21T11:46:05.442+0000] {logging_mixin.py:188} INFO - [2025-09-21T11:46:05.442+0000] {dag.py:3823} INFO - Setting next_dagrun for example_branch_dop_operator_v3 to 2025-09-21 11:45:00+00:00, run_after=2025-09-21 11:46:00+00:00
[2025-09-21T11:46:05.519+0000] {processor.py:183} INFO - Processing /home/airflow/.local/lib/python3.8/site-packages/airflow/example_dags/example_branch_python_dop_operator_3.py took 0.524 seconds
[2025-09-21T11:46:37.008+0000] {processor.py:161} INFO - Started process (PID=136) to work on /home/airflow/.local/lib/python3.8/site-packages/airflow/example_dags/example_branch_python_dop_operator_3.py
[2025-09-21T11:46:37.010+0000] {processor.py:830} INFO - Processing file /home/airflow/.local/lib/python3.8/site-packages/airflow/example_dags/example_branch_python_dop_operator_3.py for tasks to queue
[2025-09-21T11:46:37.014+0000] {logging_mixin.py:188} INFO - [2025-09-21T11:46:37.013+0000] {dagbag.py:538} INFO - Filling up the DagBag from /home/airflow/.local/lib/python3.8/site-packages/airflow/example_dags/example_branch_python_dop_operator_3.py
[2025-09-21T11:46:37.032+0000] {processor.py:840} INFO - DAG(s) 'example_branch_dop_operator_v3' retrieved from /home/airflow/.local/lib/python3.8/site-packages/airflow/example_dags/example_branch_python_dop_operator_3.py
[2025-09-21T11:46:37.069+0000] {logging_mixin.py:188} INFO - [2025-09-21T11:46:37.069+0000] {dag.py:3036} INFO - Sync 1 DAGs
[2025-09-21T11:46:37.116+0000] {logging_mixin.py:188} INFO - [2025-09-21T11:46:37.116+0000] {dag.py:3823} INFO - Setting next_dagrun for example_branch_dop_operator_v3 to 2025-09-21 11:45:00+00:00, run_after=2025-09-21 11:46:00+00:00
[2025-09-21T11:46:37.307+0000] {processor.py:183} INFO - Processing /home/airflow/.local/lib/python3.8/site-packages/airflow/example_dags/example_branch_python_dop_operator_3.py took 0.305 seconds
[2025-09-21T11:47:07.477+0000] {processor.py:161} INFO - Started process (PID=194) to work on /home/airflow/.local/lib/python3.8/site-packages/airflow/example_dags/example_branch_python_dop_operator_3.py
[2025-09-21T11:47:07.479+0000] {processor.py:830} INFO - Processing file /home/airflow/.local/lib/python3.8/site-packages/airflow/example_dags/example_branch_python_dop_operator_3.py for tasks to queue
[2025-09-21T11:47:07.482+0000] {logging_mixin.py:188} INFO - [2025-09-21T11:47:07.482+0000] {dagbag.py:538} INFO - Filling up the DagBag from /home/airflow/.local/lib/python3.8/site-packages/airflow/example_dags/example_branch_python_dop_operator_3.py
[2025-09-21T11:47:07.503+0000] {processor.py:840} INFO - DAG(s) 'example_branch_dop_operator_v3' retrieved from /home/airflow/.local/lib/python3.8/site-packages/airflow/example_dags/example_branch_python_dop_operator_3.py
[2025-09-21T11:47:07.546+0000] {logging_mixin.py:188} INFO - [2025-09-21T11:47:07.545+0000] {dag.py:3036} INFO - Sync 1 DAGs
[2025-09-21T11:47:07.607+0000] {logging_mixin.py:188} INFO - [2025-09-21T11:47:07.607+0000] {dag.py:3823} INFO - Setting next_dagrun for example_branch_dop_operator_v3 to 2025-09-21 11:46:00+00:00, run_after=2025-09-21 11:47:00+00:00
[2025-09-21T11:47:07.638+0000] {processor.py:183} INFO - Processing /home/airflow/.local/lib/python3.8/site-packages/airflow/example_dags/example_branch_python_dop_operator_3.py took 0.167 seconds
[2025-09-21T11:47:38.656+0000] {processor.py:161} INFO - Started process (PID=252) to work on /home/airflow/.local/lib/python3.8/site-packages/airflow/example_dags/example_branch_python_dop_operator_3.py
[2025-09-21T11:47:38.658+0000] {processor.py:830} INFO - Processing file /home/airflow/.local/lib/python3.8/site-packages/airflow/example_dags/example_branch_python_dop_operator_3.py for tasks to queue
[2025-09-21T11:47:38.662+0000] {logging_mixin.py:188} INFO - [2025-09-21T11:47:38.661+0000] {dagbag.py:538} INFO - Filling up the DagBag from /home/airflow/.local/lib/python3.8/site-packages/airflow/example_dags/example_branch_python_dop_operator_3.py
[2025-09-21T11:47:38.684+0000] {processor.py:840} INFO - DAG(s) 'example_branch_dop_operator_v3' retrieved from /home/airflow/.local/lib/python3.8/site-packages/airflow/example_dags/example_branch_python_dop_operator_3.py
[2025-09-21T11:47:38.726+0000] {logging_mixin.py:188} INFO - [2025-09-21T11:47:38.725+0000] {dag.py:3036} INFO - Sync 1 DAGs
[2025-09-21T11:47:38.797+0000] {logging_mixin.py:188} INFO - [2025-09-21T11:47:38.796+0000] {dag.py:3823} INFO - Setting next_dagrun for example_branch_dop_operator_v3 to 2025-09-21 11:46:00+00:00, run_after=2025-09-21 11:47:00+00:00
[2025-09-21T11:47:38.839+0000] {processor.py:183} INFO - Processing /home/airflow/.local/lib/python3.8/site-packages/airflow/example_dags/example_branch_python_dop_operator_3.py took 0.190 seconds
[2025-09-21T11:48:09.698+0000] {processor.py:161} INFO - Started process (PID=310) to work on /home/airflow/.local/lib/python3.8/site-packages/airflow/example_dags/example_branch_python_dop_operator_3.py
[2025-09-21T11:48:09.700+0000] {processor.py:830} INFO - Processing file /home/airflow/.local/lib/python3.8/site-packages/airflow/example_dags/example_branch_python_dop_operator_3.py for tasks to queue
[2025-09-21T11:48:09.703+0000] {logging_mixin.py:188} INFO - [2025-09-21T11:48:09.702+0000] {dagbag.py:538} INFO - Filling up the DagBag from /home/airflow/.local/lib/python3.8/site-packages/airflow/example_dags/example_branch_python_dop_operator_3.py
[2025-09-21T11:48:09.719+0000] {processor.py:840} INFO - DAG(s) 'example_branch_dop_operator_v3' retrieved from /home/airflow/.local/lib/python3.8/site-packages/airflow/example_dags/example_branch_python_dop_operator_3.py
[2025-09-21T11:48:09.755+0000] {logging_mixin.py:188} INFO - [2025-09-21T11:48:09.754+0000] {dag.py:3036} INFO - Sync 1 DAGs
[2025-09-21T11:48:09.804+0000] {logging_mixin.py:188} INFO - [2025-09-21T11:48:09.803+0000] {dag.py:3823} INFO - Setting next_dagrun for example_branch_dop_operator_v3 to 2025-09-21 11:47:00+00:00, run_after=2025-09-21 11:48:00+00:00
[2025-09-21T11:48:09.840+0000] {processor.py:183} INFO - Processing /home/airflow/.local/lib/python3.8/site-packages/airflow/example_dags/example_branch_python_dop_operator_3.py took 0.148 seconds
[2025-09-21T11:48:40.258+0000] {processor.py:161} INFO - Started process (PID=368) to work on /home/airflow/.local/lib/python3.8/site-packages/airflow/example_dags/example_branch_python_dop_operator_3.py
[2025-09-21T11:48:40.260+0000] {processor.py:830} INFO - Processing file /home/airflow/.local/lib/python3.8/site-packages/airflow/example_dags/example_branch_python_dop_operator_3.py for tasks to queue
[2025-09-21T11:48:40.264+0000] {logging_mixin.py:188} INFO - [2025-09-21T11:48:40.263+0000] {dagbag.py:538} INFO - Filling up the DagBag from /home/airflow/.local/lib/python3.8/site-packages/airflow/example_dags/example_branch_python_dop_operator_3.py
[2025-09-21T11:48:40.285+0000] {processor.py:840} INFO - DAG(s) 'example_branch_dop_operator_v3' retrieved from /home/airflow/.local/lib/python3.8/site-packages/airflow/example_dags/example_branch_python_dop_operator_3.py
[2025-09-21T11:48:40.333+0000] {logging_mixin.py:188} INFO - [2025-09-21T11:48:40.332+0000] {dag.py:3036} INFO - Sync 1 DAGs
[2025-09-21T11:48:40.410+0000] {logging_mixin.py:188} INFO - [2025-09-21T11:48:40.409+0000] {dag.py:3823} INFO - Setting next_dagrun for example_branch_dop_operator_v3 to 2025-09-21 11:47:00+00:00, run_after=2025-09-21 11:48:00+00:00
[2025-09-21T11:48:40.455+0000] {processor.py:183} INFO - Processing /home/airflow/.local/lib/python3.8/site-packages/airflow/example_dags/example_branch_python_dop_operator_3.py took 0.206 seconds
[2025-09-21T11:49:11.594+0000] {processor.py:161} INFO - Started process (PID=426) to work on /home/airflow/.local/lib/python3.8/site-packages/airflow/example_dags/example_branch_python_dop_operator_3.py
[2025-09-21T11:49:11.596+0000] {processor.py:830} INFO - Processing file /home/airflow/.local/lib/python3.8/site-packages/airflow/example_dags/example_branch_python_dop_operator_3.py for tasks to queue
[2025-09-21T11:49:11.601+0000] {logging_mixin.py:188} INFO - [2025-09-21T11:49:11.600+0000] {dagbag.py:538} INFO - Filling up the DagBag from /home/airflow/.local/lib/python3.8/site-packages/airflow/example_dags/example_branch_python_dop_operator_3.py
[2025-09-21T11:49:11.620+0000] {processor.py:840} INFO - DAG(s) 'example_branch_dop_operator_v3' retrieved from /home/airflow/.local/lib/python3.8/site-packages/airflow/example_dags/example_branch_python_dop_operator_3.py
[2025-09-21T11:49:11.660+0000] {logging_mixin.py:188} INFO - [2025-09-21T11:49:11.660+0000] {dag.py:3036} INFO - Sync 1 DAGs
[2025-09-21T11:49:11.711+0000] {logging_mixin.py:188} INFO - [2025-09-21T11:49:11.710+0000] {dag.py:3823} INFO - Setting next_dagrun for example_branch_dop_operator_v3 to 2025-09-21 11:48:00+00:00, run_after=2025-09-21 11:49:00+00:00
[2025-09-21T11:49:11.748+0000] {processor.py:183} INFO - Processing /home/airflow/.local/lib/python3.8/site-packages/airflow/example_dags/example_branch_python_dop_operator_3.py took 0.160 seconds
[2025-09-21T11:49:42.528+0000] {processor.py:161} INFO - Started process (PID=484) to work on /home/airflow/.local/lib/python3.8/site-packages/airflow/example_dags/example_branch_python_dop_operator_3.py
[2025-09-21T11:49:42.531+0000] {processor.py:830} INFO - Processing file /home/airflow/.local/lib/python3.8/site-packages/airflow/example_dags/example_branch_python_dop_operator_3.py for tasks to queue
[2025-09-21T11:49:42.536+0000] {logging_mixin.py:188} INFO - [2025-09-21T11:49:42.535+0000] {dagbag.py:538} INFO - Filling up the DagBag from /home/airflow/.local/lib/python3.8/site-packages/airflow/example_dags/example_branch_python_dop_operator_3.py
[2025-09-21T11:49:42.561+0000] {processor.py:840} INFO - DAG(s) 'example_branch_dop_operator_v3' retrieved from /home/airflow/.local/lib/python3.8/site-packages/airflow/example_dags/example_branch_python_dop_operator_3.py
[2025-09-21T11:49:42.619+0000] {logging_mixin.py:188} INFO - [2025-09-21T11:49:42.618+0000] {dag.py:3036} INFO - Sync 1 DAGs
[2025-09-21T11:49:42.703+0000] {logging_mixin.py:188} INFO - [2025-09-21T11:49:42.702+0000] {dag.py:3823} INFO - Setting next_dagrun for example_branch_dop_operator_v3 to 2025-09-21 11:48:00+00:00, run_after=2025-09-21 11:49:00+00:00
[2025-09-21T11:49:42.755+0000] {processor.py:183} INFO - Processing /home/airflow/.local/lib/python3.8/site-packages/airflow/example_dags/example_branch_python_dop_operator_3.py took 0.236 seconds
[2025-09-21T11:50:13.214+0000] {processor.py:161} INFO - Started process (PID=542) to work on /home/airflow/.local/lib/python3.8/site-packages/airflow/example_dags/example_branch_python_dop_operator_3.py
[2025-09-21T11:50:13.216+0000] {processor.py:830} INFO - Processing file /home/airflow/.local/lib/python3.8/site-packages/airflow/example_dags/example_branch_python_dop_operator_3.py for tasks to queue
[2025-09-21T11:50:13.220+0000] {logging_mixin.py:188} INFO - [2025-09-21T11:50:13.220+0000] {dagbag.py:538} INFO - Filling up the DagBag from /home/airflow/.local/lib/python3.8/site-packages/airflow/example_dags/example_branch_python_dop_operator_3.py
[2025-09-21T11:50:13.239+0000] {processor.py:840} INFO - DAG(s) 'example_branch_dop_operator_v3' retrieved from /home/airflow/.local/lib/python3.8/site-packages/airflow/example_dags/example_branch_python_dop_operator_3.py
[2025-09-21T11:50:13.285+0000] {logging_mixin.py:188} INFO - [2025-09-21T11:50:13.285+0000] {dag.py:3036} INFO - Sync 1 DAGs
[2025-09-21T11:50:13.353+0000] {logging_mixin.py:188} INFO - [2025-09-21T11:50:13.353+0000] {dag.py:3823} INFO - Setting next_dagrun for example_branch_dop_operator_v3 to 2025-09-21 11:49:00+00:00, run_after=2025-09-21 11:50:00+00:00
[2025-09-21T11:50:13.398+0000] {processor.py:183} INFO - Processing /home/airflow/.local/lib/python3.8/site-packages/airflow/example_dags/example_branch_python_dop_operator_3.py took 0.191 seconds
[2025-09-21T11:50:44.379+0000] {processor.py:161} INFO - Started process (PID=601) to work on /home/airflow/.local/lib/python3.8/site-packages/airflow/example_dags/example_branch_python_dop_operator_3.py
[2025-09-21T11:50:44.382+0000] {processor.py:830} INFO - Processing file /home/airflow/.local/lib/python3.8/site-packages/airflow/example_dags/example_branch_python_dop_operator_3.py for tasks to queue
[2025-09-21T11:50:44.386+0000] {logging_mixin.py:188} INFO - [2025-09-21T11:50:44.385+0000] {dagbag.py:538} INFO - Filling up the DagBag from /home/airflow/.local/lib/python3.8/site-packages/airflow/example_dags/example_branch_python_dop_operator_3.py
[2025-09-21T11:50:44.407+0000] {processor.py:840} INFO - DAG(s) 'example_branch_dop_operator_v3' retrieved from /home/airflow/.local/lib/python3.8/site-packages/airflow/example_dags/example_branch_python_dop_operator_3.py
[2025-09-21T11:50:44.453+0000] {logging_mixin.py:188} INFO - [2025-09-21T11:50:44.452+0000] {dag.py:3036} INFO - Sync 1 DAGs
[2025-09-21T11:50:44.538+0000] {logging_mixin.py:188} INFO - [2025-09-21T11:50:44.538+0000] {dag.py:3823} INFO - Setting next_dagrun for example_branch_dop_operator_v3 to 2025-09-21 11:49:00+00:00, run_after=2025-09-21 11:50:00+00:00
[2025-09-21T11:50:44.606+0000] {processor.py:183} INFO - Processing /home/airflow/.local/lib/python3.8/site-packages/airflow/example_dags/example_branch_python_dop_operator_3.py took 0.233 seconds
[2025-09-21T11:51:15.706+0000] {processor.py:161} INFO - Started process (PID=659) to work on /home/airflow/.local/lib/python3.8/site-packages/airflow/example_dags/example_branch_python_dop_operator_3.py
[2025-09-21T11:51:15.709+0000] {processor.py:830} INFO - Processing file /home/airflow/.local/lib/python3.8/site-packages/airflow/example_dags/example_branch_python_dop_operator_3.py for tasks to queue
[2025-09-21T11:51:15.713+0000] {logging_mixin.py:188} INFO - [2025-09-21T11:51:15.712+0000] {dagbag.py:538} INFO - Filling up the DagBag from /home/airflow/.local/lib/python3.8/site-packages/airflow/example_dags/example_branch_python_dop_operator_3.py
[2025-09-21T11:51:15.738+0000] {processor.py:840} INFO - DAG(s) 'example_branch_dop_operator_v3' retrieved from /home/airflow/.local/lib/python3.8/site-packages/airflow/example_dags/example_branch_python_dop_operator_3.py
[2025-09-21T11:51:15.791+0000] {logging_mixin.py:188} INFO - [2025-09-21T11:51:15.791+0000] {dag.py:3036} INFO - Sync 1 DAGs
[2025-09-21T11:51:15.870+0000] {logging_mixin.py:188} INFO - [2025-09-21T11:51:15.870+0000] {dag.py:3823} INFO - Setting next_dagrun for example_branch_dop_operator_v3 to 2025-09-21 11:50:00+00:00, run_after=2025-09-21 11:51:00+00:00
[2025-09-21T11:51:15.922+0000] {processor.py:183} INFO - Processing /home/airflow/.local/lib/python3.8/site-packages/airflow/example_dags/example_branch_python_dop_operator_3.py took 0.224 seconds
[2025-09-21T11:51:47.487+0000] {processor.py:161} INFO - Started process (PID=717) to work on /home/airflow/.local/lib/python3.8/site-packages/airflow/example_dags/example_branch_python_dop_operator_3.py
[2025-09-21T11:51:47.489+0000] {processor.py:830} INFO - Processing file /home/airflow/.local/lib/python3.8/site-packages/airflow/example_dags/example_branch_python_dop_operator_3.py for tasks to queue
[2025-09-21T11:51:47.493+0000] {logging_mixin.py:188} INFO - [2025-09-21T11:51:47.492+0000] {dagbag.py:538} INFO - Filling up the DagBag from /home/airflow/.local/lib/python3.8/site-packages/airflow/example_dags/example_branch_python_dop_operator_3.py
[2025-09-21T11:51:47.509+0000] {processor.py:840} INFO - DAG(s) 'example_branch_dop_operator_v3' retrieved from /home/airflow/.local/lib/python3.8/site-packages/airflow/example_dags/example_branch_python_dop_operator_3.py
[2025-09-21T11:51:47.544+0000] {logging_mixin.py:188} INFO - [2025-09-21T11:51:47.544+0000] {dag.py:3036} INFO - Sync 1 DAGs
[2025-09-21T11:51:47.595+0000] {logging_mixin.py:188} INFO - [2025-09-21T11:51:47.595+0000] {dag.py:3823} INFO - Setting next_dagrun for example_branch_dop_operator_v3 to 2025-09-21 11:50:00+00:00, run_after=2025-09-21 11:51:00+00:00
[2025-09-21T11:51:47.632+0000] {processor.py:183} INFO - Processing /home/airflow/.local/lib/python3.8/site-packages/airflow/example_dags/example_branch_python_dop_operator_3.py took 0.152 seconds
[2025-09-21T11:52:18.545+0000] {processor.py:161} INFO - Started process (PID=775) to work on /home/airflow/.local/lib/python3.8/site-packages/airflow/example_dags/example_branch_python_dop_operator_3.py
[2025-09-21T11:52:18.547+0000] {processor.py:830} INFO - Processing file /home/airflow/.local/lib/python3.8/site-packages/airflow/example_dags/example_branch_python_dop_operator_3.py for tasks to queue
[2025-09-21T11:52:18.550+0000] {logging_mixin.py:188} INFO - [2025-09-21T11:52:18.550+0000] {dagbag.py:538} INFO - Filling up the DagBag from /home/airflow/.local/lib/python3.8/site-packages/airflow/example_dags/example_branch_python_dop_operator_3.py
[2025-09-21T11:52:18.567+0000] {processor.py:840} INFO - DAG(s) 'example_branch_dop_operator_v3' retrieved from /home/airflow/.local/lib/python3.8/site-packages/airflow/example_dags/example_branch_python_dop_operator_3.py
[2025-09-21T11:52:18.606+0000] {logging_mixin.py:188} INFO - [2025-09-21T11:52:18.605+0000] {dag.py:3036} INFO - Sync 1 DAGs
[2025-09-21T11:52:18.670+0000] {logging_mixin.py:188} INFO - [2025-09-21T11:52:18.670+0000] {dag.py:3823} INFO - Setting next_dagrun for example_branch_dop_operator_v3 to 2025-09-21 11:51:00+00:00, run_after=2025-09-21 11:52:00+00:00
[2025-09-21T11:52:18.705+0000] {processor.py:183} INFO - Processing /home/airflow/.local/lib/python3.8/site-packages/airflow/example_dags/example_branch_python_dop_operator_3.py took 0.165 seconds
[2025-09-21T11:52:49.988+0000] {processor.py:161} INFO - Started process (PID=833) to work on /home/airflow/.local/lib/python3.8/site-packages/airflow/example_dags/example_branch_python_dop_operator_3.py
[2025-09-21T11:52:49.993+0000] {processor.py:830} INFO - Processing file /home/airflow/.local/lib/python3.8/site-packages/airflow/example_dags/example_branch_python_dop_operator_3.py for tasks to queue
[2025-09-21T11:52:50.003+0000] {logging_mixin.py:188} INFO - [2025-09-21T11:52:50.002+0000] {dagbag.py:538} INFO - Filling up the DagBag from /home/airflow/.local/lib/python3.8/site-packages/airflow/example_dags/example_branch_python_dop_operator_3.py
[2025-09-21T11:52:50.042+0000] {processor.py:840} INFO - DAG(s) 'example_branch_dop_operator_v3' retrieved from /home/airflow/.local/lib/python3.8/site-packages/airflow/example_dags/example_branch_python_dop_operator_3.py
[2025-09-21T11:52:50.122+0000] {logging_mixin.py:188} INFO - [2025-09-21T11:52:50.121+0000] {dag.py:3036} INFO - Sync 1 DAGs
[2025-09-21T11:52:50.213+0000] {logging_mixin.py:188} INFO - [2025-09-21T11:52:50.213+0000] {dag.py:3823} INFO - Setting next_dagrun for example_branch_dop_operator_v3 to 2025-09-21 11:51:00+00:00, run_after=2025-09-21 11:52:00+00:00
[2025-09-21T11:52:50.257+0000] {processor.py:183} INFO - Processing /home/airflow/.local/lib/python3.8/site-packages/airflow/example_dags/example_branch_python_dop_operator_3.py took 0.283 seconds
[2025-09-21T11:53:20.975+0000] {processor.py:161} INFO - Started process (PID=889) to work on /home/airflow/.local/lib/python3.8/site-packages/airflow/example_dags/example_branch_python_dop_operator_3.py
[2025-09-21T11:53:20.978+0000] {processor.py:830} INFO - Processing file /home/airflow/.local/lib/python3.8/site-packages/airflow/example_dags/example_branch_python_dop_operator_3.py for tasks to queue
[2025-09-21T11:53:20.985+0000] {logging_mixin.py:188} INFO - [2025-09-21T11:53:20.984+0000] {dagbag.py:538} INFO - Filling up the DagBag from /home/airflow/.local/lib/python3.8/site-packages/airflow/example_dags/example_branch_python_dop_operator_3.py
[2025-09-21T11:53:21.017+0000] {processor.py:840} INFO - DAG(s) 'example_branch_dop_operator_v3' retrieved from /home/airflow/.local/lib/python3.8/site-packages/airflow/example_dags/example_branch_python_dop_operator_3.py
[2025-09-21T11:53:21.076+0000] {logging_mixin.py:188} INFO - [2025-09-21T11:53:21.075+0000] {dag.py:3036} INFO - Sync 1 DAGs
[2025-09-21T11:53:21.143+0000] {logging_mixin.py:188} INFO - [2025-09-21T11:53:21.143+0000] {dag.py:3823} INFO - Setting next_dagrun for example_branch_dop_operator_v3 to 2025-09-21 11:52:00+00:00, run_after=2025-09-21 11:53:00+00:00
[2025-09-21T11:53:21.188+0000] {processor.py:183} INFO - Processing /home/airflow/.local/lib/python3.8/site-packages/airflow/example_dags/example_branch_python_dop_operator_3.py took 0.222 seconds
[2025-09-21T11:53:51.892+0000] {processor.py:161} INFO - Started process (PID=947) to work on /home/airflow/.local/lib/python3.8/site-packages/airflow/example_dags/example_branch_python_dop_operator_3.py
[2025-09-21T11:53:51.897+0000] {processor.py:830} INFO - Processing file /home/airflow/.local/lib/python3.8/site-packages/airflow/example_dags/example_branch_python_dop_operator_3.py for tasks to queue
[2025-09-21T11:53:51.907+0000] {logging_mixin.py:188} INFO - [2025-09-21T11:53:51.905+0000] {dagbag.py:538} INFO - Filling up the DagBag from /home/airflow/.local/lib/python3.8/site-packages/airflow/example_dags/example_branch_python_dop_operator_3.py
[2025-09-21T11:53:51.959+0000] {processor.py:840} INFO - DAG(s) 'example_branch_dop_operator_v3' retrieved from /home/airflow/.local/lib/python3.8/site-packages/airflow/example_dags/example_branch_python_dop_operator_3.py
[2025-09-21T11:53:52.003+0000] {logging_mixin.py:188} INFO - [2025-09-21T11:53:52.002+0000] {dag.py:3036} INFO - Sync 1 DAGs
[2025-09-21T11:53:52.055+0000] {logging_mixin.py:188} INFO - [2025-09-21T11:53:52.054+0000] {dag.py:3823} INFO - Setting next_dagrun for example_branch_dop_operator_v3 to 2025-09-21 11:52:00+00:00, run_after=2025-09-21 11:53:00+00:00
[2025-09-21T11:53:52.095+0000] {processor.py:183} INFO - Processing /home/airflow/.local/lib/python3.8/site-packages/airflow/example_dags/example_branch_python_dop_operator_3.py took 0.219 seconds
[2025-09-21T11:54:22.457+0000] {processor.py:161} INFO - Started process (PID=1004) to work on /home/airflow/.local/lib/python3.8/site-packages/airflow/example_dags/example_branch_python_dop_operator_3.py
[2025-09-21T11:54:22.462+0000] {processor.py:830} INFO - Processing file /home/airflow/.local/lib/python3.8/site-packages/airflow/example_dags/example_branch_python_dop_operator_3.py for tasks to queue
[2025-09-21T11:54:22.472+0000] {logging_mixin.py:188} INFO - [2025-09-21T11:54:22.471+0000] {dagbag.py:538} INFO - Filling up the DagBag from /home/airflow/.local/lib/python3.8/site-packages/airflow/example_dags/example_branch_python_dop_operator_3.py
[2025-09-21T11:54:22.517+0000] {processor.py:840} INFO - DAG(s) 'example_branch_dop_operator_v3' retrieved from /home/airflow/.local/lib/python3.8/site-packages/airflow/example_dags/example_branch_python_dop_operator_3.py
[2025-09-21T11:54:22.604+0000] {logging_mixin.py:188} INFO - [2025-09-21T11:54:22.604+0000] {dag.py:3036} INFO - Sync 1 DAGs
[2025-09-21T11:54:22.730+0000] {logging_mixin.py:188} INFO - [2025-09-21T11:54:22.729+0000] {dag.py:3823} INFO - Setting next_dagrun for example_branch_dop_operator_v3 to 2025-09-21 11:53:00+00:00, run_after=2025-09-21 11:54:00+00:00
[2025-09-21T11:54:22.824+0000] {processor.py:183} INFO - Processing /home/airflow/.local/lib/python3.8/site-packages/airflow/example_dags/example_branch_python_dop_operator_3.py took 0.382 seconds
[2025-09-21T11:54:52.917+0000] {processor.py:161} INFO - Started process (PID=1062) to work on /home/airflow/.local/lib/python3.8/site-packages/airflow/example_dags/example_branch_python_dop_operator_3.py
[2025-09-21T11:54:52.919+0000] {processor.py:830} INFO - Processing file /home/airflow/.local/lib/python3.8/site-packages/airflow/example_dags/example_branch_python_dop_operator_3.py for tasks to queue
[2025-09-21T11:54:52.924+0000] {logging_mixin.py:188} INFO - [2025-09-21T11:54:52.923+0000] {dagbag.py:538} INFO - Filling up the DagBag from /home/airflow/.local/lib/python3.8/site-packages/airflow/example_dags/example_branch_python_dop_operator_3.py
[2025-09-21T11:54:52.945+0000] {processor.py:840} INFO - DAG(s) 'example_branch_dop_operator_v3' retrieved from /home/airflow/.local/lib/python3.8/site-packages/airflow/example_dags/example_branch_python_dop_operator_3.py
[2025-09-21T11:54:52.990+0000] {logging_mixin.py:188} INFO - [2025-09-21T11:54:52.990+0000] {dag.py:3036} INFO - Sync 1 DAGs
[2025-09-21T11:54:53.058+0000] {logging_mixin.py:188} INFO - [2025-09-21T11:54:53.057+0000] {dag.py:3823} INFO - Setting next_dagrun for example_branch_dop_operator_v3 to 2025-09-21 11:53:00+00:00, run_after=2025-09-21 11:54:00+00:00
[2025-09-21T11:54:53.109+0000] {processor.py:183} INFO - Processing /home/airflow/.local/lib/python3.8/site-packages/airflow/example_dags/example_branch_python_dop_operator_3.py took 0.199 seconds
[2025-09-21T11:55:23.662+0000] {processor.py:161} INFO - Started process (PID=1119) to work on /home/airflow/.local/lib/python3.8/site-packages/airflow/example_dags/example_branch_python_dop_operator_3.py
[2025-09-21T11:55:23.671+0000] {processor.py:830} INFO - Processing file /home/airflow/.local/lib/python3.8/site-packages/airflow/example_dags/example_branch_python_dop_operator_3.py for tasks to queue
[2025-09-21T11:55:23.681+0000] {logging_mixin.py:188} INFO - [2025-09-21T11:55:23.680+0000] {dagbag.py:538} INFO - Filling up the DagBag from /home/airflow/.local/lib/python3.8/site-packages/airflow/example_dags/example_branch_python_dop_operator_3.py
[2025-09-21T11:55:23.726+0000] {processor.py:840} INFO - DAG(s) 'example_branch_dop_operator_v3' retrieved from /home/airflow/.local/lib/python3.8/site-packages/airflow/example_dags/example_branch_python_dop_operator_3.py
[2025-09-21T11:55:23.802+0000] {logging_mixin.py:188} INFO - [2025-09-21T11:55:23.801+0000] {dag.py:3036} INFO - Sync 1 DAGs
[2025-09-21T11:55:23.892+0000] {logging_mixin.py:188} INFO - [2025-09-21T11:55:23.892+0000] {dag.py:3823} INFO - Setting next_dagrun for example_branch_dop_operator_v3 to 2025-09-21 11:54:00+00:00, run_after=2025-09-21 11:55:00+00:00
[2025-09-21T11:55:23.951+0000] {processor.py:183} INFO - Processing /home/airflow/.local/lib/python3.8/site-packages/airflow/example_dags/example_branch_python_dop_operator_3.py took 0.302 seconds
[2025-09-21T11:55:54.550+0000] {processor.py:161} INFO - Started process (PID=1183) to work on /home/airflow/.local/lib/python3.8/site-packages/airflow/example_dags/example_branch_python_dop_operator_3.py
[2025-09-21T11:55:54.552+0000] {processor.py:830} INFO - Processing file /home/airflow/.local/lib/python3.8/site-packages/airflow/example_dags/example_branch_python_dop_operator_3.py for tasks to queue
[2025-09-21T11:55:54.557+0000] {logging_mixin.py:188} INFO - [2025-09-21T11:55:54.556+0000] {dagbag.py:538} INFO - Filling up the DagBag from /home/airflow/.local/lib/python3.8/site-packages/airflow/example_dags/example_branch_python_dop_operator_3.py
[2025-09-21T11:55:54.581+0000] {processor.py:840} INFO - DAG(s) 'example_branch_dop_operator_v3' retrieved from /home/airflow/.local/lib/python3.8/site-packages/airflow/example_dags/example_branch_python_dop_operator_3.py
[2025-09-21T11:55:54.621+0000] {logging_mixin.py:188} INFO - [2025-09-21T11:55:54.621+0000] {dag.py:3036} INFO - Sync 1 DAGs
[2025-09-21T11:55:54.683+0000] {logging_mixin.py:188} INFO - [2025-09-21T11:55:54.683+0000] {dag.py:3823} INFO - Setting next_dagrun for example_branch_dop_operator_v3 to 2025-09-21 11:54:00+00:00, run_after=2025-09-21 11:55:00+00:00
[2025-09-21T11:55:54.730+0000] {processor.py:183} INFO - Processing /home/airflow/.local/lib/python3.8/site-packages/airflow/example_dags/example_branch_python_dop_operator_3.py took 0.187 seconds
[2025-09-21T11:56:25.610+0000] {processor.py:161} INFO - Started process (PID=1241) to work on /home/airflow/.local/lib/python3.8/site-packages/airflow/example_dags/example_branch_python_dop_operator_3.py
[2025-09-21T11:56:25.614+0000] {processor.py:830} INFO - Processing file /home/airflow/.local/lib/python3.8/site-packages/airflow/example_dags/example_branch_python_dop_operator_3.py for tasks to queue
[2025-09-21T11:56:25.623+0000] {logging_mixin.py:188} INFO - [2025-09-21T11:56:25.622+0000] {dagbag.py:538} INFO - Filling up the DagBag from /home/airflow/.local/lib/python3.8/site-packages/airflow/example_dags/example_branch_python_dop_operator_3.py
[2025-09-21T11:56:25.662+0000] {processor.py:840} INFO - DAG(s) 'example_branch_dop_operator_v3' retrieved from /home/airflow/.local/lib/python3.8/site-packages/airflow/example_dags/example_branch_python_dop_operator_3.py
[2025-09-21T11:56:25.745+0000] {logging_mixin.py:188} INFO - [2025-09-21T11:56:25.744+0000] {dag.py:3036} INFO - Sync 1 DAGs
[2025-09-21T11:56:25.902+0000] {logging_mixin.py:188} INFO - [2025-09-21T11:56:25.902+0000] {dag.py:3823} INFO - Setting next_dagrun for example_branch_dop_operator_v3 to 2025-09-21 11:55:00+00:00, run_after=2025-09-21 11:56:00+00:00
[2025-09-21T11:56:26.361+0000] {processor.py:183} INFO - Processing /home/airflow/.local/lib/python3.8/site-packages/airflow/example_dags/example_branch_python_dop_operator_3.py took 0.763 seconds
[2025-09-21T11:56:56.541+0000] {processor.py:161} INFO - Started process (PID=1299) to work on /home/airflow/.local/lib/python3.8/site-packages/airflow/example_dags/example_branch_python_dop_operator_3.py
[2025-09-21T11:56:56.543+0000] {processor.py:830} INFO - Processing file /home/airflow/.local/lib/python3.8/site-packages/airflow/example_dags/example_branch_python_dop_operator_3.py for tasks to queue
[2025-09-21T11:56:56.548+0000] {logging_mixin.py:188} INFO - [2025-09-21T11:56:56.547+0000] {dagbag.py:538} INFO - Filling up the DagBag from /home/airflow/.local/lib/python3.8/site-packages/airflow/example_dags/example_branch_python_dop_operator_3.py
[2025-09-21T11:56:56.569+0000] {processor.py:840} INFO - DAG(s) 'example_branch_dop_operator_v3' retrieved from /home/airflow/.local/lib/python3.8/site-packages/airflow/example_dags/example_branch_python_dop_operator_3.py
[2025-09-21T11:56:56.612+0000] {logging_mixin.py:188} INFO - [2025-09-21T11:56:56.612+0000] {dag.py:3036} INFO - Sync 1 DAGs
[2025-09-21T11:56:56.678+0000] {logging_mixin.py:188} INFO - [2025-09-21T11:56:56.677+0000] {dag.py:3823} INFO - Setting next_dagrun for example_branch_dop_operator_v3 to 2025-09-21 11:55:00+00:00, run_after=2025-09-21 11:56:00+00:00
[2025-09-21T11:56:56.909+0000] {processor.py:183} INFO - Processing /home/airflow/.local/lib/python3.8/site-packages/airflow/example_dags/example_branch_python_dop_operator_3.py took 0.377 seconds
[2025-09-21T11:57:27.058+0000] {processor.py:161} INFO - Started process (PID=1357) to work on /home/airflow/.local/lib/python3.8/site-packages/airflow/example_dags/example_branch_python_dop_operator_3.py
[2025-09-21T11:57:27.062+0000] {processor.py:830} INFO - Processing file /home/airflow/.local/lib/python3.8/site-packages/airflow/example_dags/example_branch_python_dop_operator_3.py for tasks to queue
[2025-09-21T11:57:27.068+0000] {logging_mixin.py:188} INFO - [2025-09-21T11:57:27.067+0000] {dagbag.py:538} INFO - Filling up the DagBag from /home/airflow/.local/lib/python3.8/site-packages/airflow/example_dags/example_branch_python_dop_operator_3.py
[2025-09-21T11:57:27.099+0000] {processor.py:840} INFO - DAG(s) 'example_branch_dop_operator_v3' retrieved from /home/airflow/.local/lib/python3.8/site-packages/airflow/example_dags/example_branch_python_dop_operator_3.py
[2025-09-21T11:57:27.165+0000] {logging_mixin.py:188} INFO - [2025-09-21T11:57:27.164+0000] {dag.py:3036} INFO - Sync 1 DAGs
[2025-09-21T11:57:27.551+0000] {logging_mixin.py:188} INFO - [2025-09-21T11:57:27.550+0000] {dag.py:3823} INFO - Setting next_dagrun for example_branch_dop_operator_v3 to 2025-09-21 11:56:00+00:00, run_after=2025-09-21 11:57:00+00:00
[2025-09-21T11:57:27.614+0000] {processor.py:183} INFO - Processing /home/airflow/.local/lib/python3.8/site-packages/airflow/example_dags/example_branch_python_dop_operator_3.py took 0.566 seconds
[2025-09-21T11:57:57.823+0000] {processor.py:161} INFO - Started process (PID=1415) to work on /home/airflow/.local/lib/python3.8/site-packages/airflow/example_dags/example_branch_python_dop_operator_3.py
[2025-09-21T11:57:57.827+0000] {processor.py:830} INFO - Processing file /home/airflow/.local/lib/python3.8/site-packages/airflow/example_dags/example_branch_python_dop_operator_3.py for tasks to queue
[2025-09-21T11:57:57.836+0000] {logging_mixin.py:188} INFO - [2025-09-21T11:57:57.834+0000] {dagbag.py:538} INFO - Filling up the DagBag from /home/airflow/.local/lib/python3.8/site-packages/airflow/example_dags/example_branch_python_dop_operator_3.py
[2025-09-21T11:57:57.885+0000] {processor.py:840} INFO - DAG(s) 'example_branch_dop_operator_v3' retrieved from /home/airflow/.local/lib/python3.8/site-packages/airflow/example_dags/example_branch_python_dop_operator_3.py
[2025-09-21T11:57:57.973+0000] {logging_mixin.py:188} INFO - [2025-09-21T11:57:57.973+0000] {dag.py:3036} INFO - Sync 1 DAGs
[2025-09-21T11:57:58.357+0000] {logging_mixin.py:188} INFO - [2025-09-21T11:57:58.356+0000] {dag.py:3823} INFO - Setting next_dagrun for example_branch_dop_operator_v3 to 2025-09-21 11:56:00+00:00, run_after=2025-09-21 11:57:00+00:00
[2025-09-21T11:57:58.396+0000] {processor.py:183} INFO - Processing /home/airflow/.local/lib/python3.8/site-packages/airflow/example_dags/example_branch_python_dop_operator_3.py took 0.586 seconds
[2025-09-21T11:58:28.663+0000] {processor.py:161} INFO - Started process (PID=1473) to work on /home/airflow/.local/lib/python3.8/site-packages/airflow/example_dags/example_branch_python_dop_operator_3.py
[2025-09-21T11:58:28.666+0000] {processor.py:830} INFO - Processing file /home/airflow/.local/lib/python3.8/site-packages/airflow/example_dags/example_branch_python_dop_operator_3.py for tasks to queue
[2025-09-21T11:58:28.671+0000] {logging_mixin.py:188} INFO - [2025-09-21T11:58:28.670+0000] {dagbag.py:538} INFO - Filling up the DagBag from /home/airflow/.local/lib/python3.8/site-packages/airflow/example_dags/example_branch_python_dop_operator_3.py
[2025-09-21T11:58:28.716+0000] {processor.py:840} INFO - DAG(s) 'example_branch_dop_operator_v3' retrieved from /home/airflow/.local/lib/python3.8/site-packages/airflow/example_dags/example_branch_python_dop_operator_3.py
[2025-09-21T11:58:29.072+0000] {logging_mixin.py:188} INFO - [2025-09-21T11:58:29.072+0000] {dag.py:3036} INFO - Sync 1 DAGs
[2025-09-21T11:58:29.128+0000] {logging_mixin.py:188} INFO - [2025-09-21T11:58:29.128+0000] {dag.py:3823} INFO - Setting next_dagrun for example_branch_dop_operator_v3 to 2025-09-21 11:57:00+00:00, run_after=2025-09-21 11:58:00+00:00
[2025-09-21T11:58:29.171+0000] {processor.py:183} INFO - Processing /home/airflow/.local/lib/python3.8/site-packages/airflow/example_dags/example_branch_python_dop_operator_3.py took 0.523 seconds
[2025-09-21T11:58:59.306+0000] {processor.py:161} INFO - Started process (PID=1531) to work on /home/airflow/.local/lib/python3.8/site-packages/airflow/example_dags/example_branch_python_dop_operator_3.py
[2025-09-21T11:58:59.310+0000] {processor.py:830} INFO - Processing file /home/airflow/.local/lib/python3.8/site-packages/airflow/example_dags/example_branch_python_dop_operator_3.py for tasks to queue
[2025-09-21T11:58:59.318+0000] {logging_mixin.py:188} INFO - [2025-09-21T11:58:59.317+0000] {dagbag.py:538} INFO - Filling up the DagBag from /home/airflow/.local/lib/python3.8/site-packages/airflow/example_dags/example_branch_python_dop_operator_3.py
[2025-09-21T11:58:59.361+0000] {processor.py:840} INFO - DAG(s) 'example_branch_dop_operator_v3' retrieved from /home/airflow/.local/lib/python3.8/site-packages/airflow/example_dags/example_branch_python_dop_operator_3.py
[2025-09-21T11:58:59.857+0000] {logging_mixin.py:188} INFO - [2025-09-21T11:58:59.857+0000] {dag.py:3036} INFO - Sync 1 DAGs
[2025-09-21T11:58:59.917+0000] {logging_mixin.py:188} INFO - [2025-09-21T11:58:59.917+0000] {dag.py:3823} INFO - Setting next_dagrun for example_branch_dop_operator_v3 to 2025-09-21 11:57:00+00:00, run_after=2025-09-21 11:58:00+00:00
[2025-09-21T11:58:59.966+0000] {processor.py:183} INFO - Processing /home/airflow/.local/lib/python3.8/site-packages/airflow/example_dags/example_branch_python_dop_operator_3.py took 0.677 seconds
[2025-09-21T11:59:30.448+0000] {processor.py:161} INFO - Started process (PID=1589) to work on /home/airflow/.local/lib/python3.8/site-packages/airflow/example_dags/example_branch_python_dop_operator_3.py
[2025-09-21T11:59:30.451+0000] {processor.py:830} INFO - Processing file /home/airflow/.local/lib/python3.8/site-packages/airflow/example_dags/example_branch_python_dop_operator_3.py for tasks to queue
[2025-09-21T11:59:30.455+0000] {logging_mixin.py:188} INFO - [2025-09-21T11:59:30.455+0000] {dagbag.py:538} INFO - Filling up the DagBag from /home/airflow/.local/lib/python3.8/site-packages/airflow/example_dags/example_branch_python_dop_operator_3.py
[2025-09-21T11:59:30.486+0000] {processor.py:840} INFO - DAG(s) 'example_branch_dop_operator_v3' retrieved from /home/airflow/.local/lib/python3.8/site-packages/airflow/example_dags/example_branch_python_dop_operator_3.py
[2025-09-21T11:59:30.544+0000] {logging_mixin.py:188} INFO - [2025-09-21T11:59:30.543+0000] {dag.py:3036} INFO - Sync 1 DAGs
[2025-09-21T11:59:30.648+0000] {logging_mixin.py:188} INFO - [2025-09-21T11:59:30.648+0000] {dag.py:3823} INFO - Setting next_dagrun for example_branch_dop_operator_v3 to 2025-09-21 11:58:00+00:00, run_after=2025-09-21 11:59:00+00:00
[2025-09-21T11:59:30.692+0000] {processor.py:183} INFO - Processing /home/airflow/.local/lib/python3.8/site-packages/airflow/example_dags/example_branch_python_dop_operator_3.py took 0.254 seconds
[2025-09-21T12:00:01.418+0000] {processor.py:161} INFO - Started process (PID=1647) to work on /home/airflow/.local/lib/python3.8/site-packages/airflow/example_dags/example_branch_python_dop_operator_3.py
[2025-09-21T12:00:01.421+0000] {processor.py:830} INFO - Processing file /home/airflow/.local/lib/python3.8/site-packages/airflow/example_dags/example_branch_python_dop_operator_3.py for tasks to queue
[2025-09-21T12:00:01.424+0000] {logging_mixin.py:188} INFO - [2025-09-21T12:00:01.424+0000] {dagbag.py:538} INFO - Filling up the DagBag from /home/airflow/.local/lib/python3.8/site-packages/airflow/example_dags/example_branch_python_dop_operator_3.py
[2025-09-21T12:00:01.443+0000] {processor.py:840} INFO - DAG(s) 'example_branch_dop_operator_v3' retrieved from /home/airflow/.local/lib/python3.8/site-packages/airflow/example_dags/example_branch_python_dop_operator_3.py
[2025-09-21T12:00:01.484+0000] {logging_mixin.py:188} INFO - [2025-09-21T12:00:01.484+0000] {dag.py:3036} INFO - Sync 1 DAGs
[2025-09-21T12:00:01.533+0000] {logging_mixin.py:188} INFO - [2025-09-21T12:00:01.532+0000] {dag.py:3823} INFO - Setting next_dagrun for example_branch_dop_operator_v3 to 2025-09-21 11:59:00+00:00, run_after=2025-09-21 12:00:00+00:00
[2025-09-21T12:00:01.572+0000] {processor.py:183} INFO - Processing /home/airflow/.local/lib/python3.8/site-packages/airflow/example_dags/example_branch_python_dop_operator_3.py took 0.160 seconds
[2025-09-21T12:00:31.781+0000] {processor.py:161} INFO - Started process (PID=1705) to work on /home/airflow/.local/lib/python3.8/site-packages/airflow/example_dags/example_branch_python_dop_operator_3.py
[2025-09-21T12:00:31.783+0000] {processor.py:830} INFO - Processing file /home/airflow/.local/lib/python3.8/site-packages/airflow/example_dags/example_branch_python_dop_operator_3.py for tasks to queue
[2025-09-21T12:00:31.787+0000] {logging_mixin.py:188} INFO - [2025-09-21T12:00:31.786+0000] {dagbag.py:538} INFO - Filling up the DagBag from /home/airflow/.local/lib/python3.8/site-packages/airflow/example_dags/example_branch_python_dop_operator_3.py
[2025-09-21T12:00:31.804+0000] {processor.py:840} INFO - DAG(s) 'example_branch_dop_operator_v3' retrieved from /home/airflow/.local/lib/python3.8/site-packages/airflow/example_dags/example_branch_python_dop_operator_3.py
[2025-09-21T12:00:31.840+0000] {logging_mixin.py:188} INFO - [2025-09-21T12:00:31.840+0000] {dag.py:3036} INFO - Sync 1 DAGs
[2025-09-21T12:00:31.895+0000] {logging_mixin.py:188} INFO - [2025-09-21T12:00:31.894+0000] {dag.py:3823} INFO - Setting next_dagrun for example_branch_dop_operator_v3 to 2025-09-21 11:59:00+00:00, run_after=2025-09-21 12:00:00+00:00
[2025-09-21T12:00:31.942+0000] {processor.py:183} INFO - Processing /home/airflow/.local/lib/python3.8/site-packages/airflow/example_dags/example_branch_python_dop_operator_3.py took 0.167 seconds
[2025-09-21T12:01:02.641+0000] {processor.py:161} INFO - Started process (PID=1763) to work on /home/airflow/.local/lib/python3.8/site-packages/airflow/example_dags/example_branch_python_dop_operator_3.py
[2025-09-21T12:01:02.646+0000] {processor.py:830} INFO - Processing file /home/airflow/.local/lib/python3.8/site-packages/airflow/example_dags/example_branch_python_dop_operator_3.py for tasks to queue
[2025-09-21T12:01:02.654+0000] {logging_mixin.py:188} INFO - [2025-09-21T12:01:02.653+0000] {dagbag.py:538} INFO - Filling up the DagBag from /home/airflow/.local/lib/python3.8/site-packages/airflow/example_dags/example_branch_python_dop_operator_3.py
[2025-09-21T12:01:02.694+0000] {processor.py:840} INFO - DAG(s) 'example_branch_dop_operator_v3' retrieved from /home/airflow/.local/lib/python3.8/site-packages/airflow/example_dags/example_branch_python_dop_operator_3.py
[2025-09-21T12:01:02.785+0000] {logging_mixin.py:188} INFO - [2025-09-21T12:01:02.784+0000] {dag.py:3036} INFO - Sync 1 DAGs
[2025-09-21T12:01:02.913+0000] {logging_mixin.py:188} INFO - [2025-09-21T12:01:02.912+0000] {dag.py:3823} INFO - Setting next_dagrun for example_branch_dop_operator_v3 to 2025-09-21 12:00:00+00:00, run_after=2025-09-21 12:01:00+00:00
[2025-09-21T12:01:03.000+0000] {processor.py:183} INFO - Processing /home/airflow/.local/lib/python3.8/site-packages/airflow/example_dags/example_branch_python_dop_operator_3.py took 0.372 seconds
[2025-09-21T12:01:33.988+0000] {processor.py:161} INFO - Started process (PID=1821) to work on /home/airflow/.local/lib/python3.8/site-packages/airflow/example_dags/example_branch_python_dop_operator_3.py
[2025-09-21T12:01:33.991+0000] {processor.py:830} INFO - Processing file /home/airflow/.local/lib/python3.8/site-packages/airflow/example_dags/example_branch_python_dop_operator_3.py for tasks to queue
[2025-09-21T12:01:33.996+0000] {logging_mixin.py:188} INFO - [2025-09-21T12:01:33.995+0000] {dagbag.py:538} INFO - Filling up the DagBag from /home/airflow/.local/lib/python3.8/site-packages/airflow/example_dags/example_branch_python_dop_operator_3.py
[2025-09-21T12:01:34.018+0000] {processor.py:840} INFO - DAG(s) 'example_branch_dop_operator_v3' retrieved from /home/airflow/.local/lib/python3.8/site-packages/airflow/example_dags/example_branch_python_dop_operator_3.py
[2025-09-21T12:01:34.058+0000] {logging_mixin.py:188} INFO - [2025-09-21T12:01:34.058+0000] {dag.py:3036} INFO - Sync 1 DAGs
[2025-09-21T12:01:34.126+0000] {logging_mixin.py:188} INFO - [2025-09-21T12:01:34.126+0000] {dag.py:3823} INFO - Setting next_dagrun for example_branch_dop_operator_v3 to 2025-09-21 12:00:00+00:00, run_after=2025-09-21 12:01:00+00:00
[2025-09-21T12:01:34.168+0000] {processor.py:183} INFO - Processing /home/airflow/.local/lib/python3.8/site-packages/airflow/example_dags/example_branch_python_dop_operator_3.py took 0.194 seconds
[2025-09-21T12:02:04.778+0000] {processor.py:161} INFO - Started process (PID=1879) to work on /home/airflow/.local/lib/python3.8/site-packages/airflow/example_dags/example_branch_python_dop_operator_3.py
[2025-09-21T12:02:04.781+0000] {processor.py:830} INFO - Processing file /home/airflow/.local/lib/python3.8/site-packages/airflow/example_dags/example_branch_python_dop_operator_3.py for tasks to queue
[2025-09-21T12:02:04.786+0000] {logging_mixin.py:188} INFO - [2025-09-21T12:02:04.785+0000] {dagbag.py:538} INFO - Filling up the DagBag from /home/airflow/.local/lib/python3.8/site-packages/airflow/example_dags/example_branch_python_dop_operator_3.py
[2025-09-21T12:02:04.814+0000] {processor.py:840} INFO - DAG(s) 'example_branch_dop_operator_v3' retrieved from /home/airflow/.local/lib/python3.8/site-packages/airflow/example_dags/example_branch_python_dop_operator_3.py
[2025-09-21T12:02:04.870+0000] {logging_mixin.py:188} INFO - [2025-09-21T12:02:04.870+0000] {dag.py:3036} INFO - Sync 1 DAGs
[2025-09-21T12:02:04.950+0000] {logging_mixin.py:188} INFO - [2025-09-21T12:02:04.950+0000] {dag.py:3823} INFO - Setting next_dagrun for example_branch_dop_operator_v3 to 2025-09-21 12:01:00+00:00, run_after=2025-09-21 12:02:00+00:00
[2025-09-21T12:02:05.013+0000] {processor.py:183} INFO - Processing /home/airflow/.local/lib/python3.8/site-packages/airflow/example_dags/example_branch_python_dop_operator_3.py took 0.244 seconds
[2025-09-21T12:02:35.245+0000] {processor.py:161} INFO - Started process (PID=1937) to work on /home/airflow/.local/lib/python3.8/site-packages/airflow/example_dags/example_branch_python_dop_operator_3.py
[2025-09-21T12:02:35.249+0000] {processor.py:830} INFO - Processing file /home/airflow/.local/lib/python3.8/site-packages/airflow/example_dags/example_branch_python_dop_operator_3.py for tasks to queue
[2025-09-21T12:02:35.257+0000] {logging_mixin.py:188} INFO - [2025-09-21T12:02:35.256+0000] {dagbag.py:538} INFO - Filling up the DagBag from /home/airflow/.local/lib/python3.8/site-packages/airflow/example_dags/example_branch_python_dop_operator_3.py
[2025-09-21T12:02:35.295+0000] {processor.py:840} INFO - DAG(s) 'example_branch_dop_operator_v3' retrieved from /home/airflow/.local/lib/python3.8/site-packages/airflow/example_dags/example_branch_python_dop_operator_3.py
[2025-09-21T12:02:35.378+0000] {logging_mixin.py:188} INFO - [2025-09-21T12:02:35.378+0000] {dag.py:3036} INFO - Sync 1 DAGs
[2025-09-21T12:02:35.551+0000] {logging_mixin.py:188} INFO - [2025-09-21T12:02:35.550+0000] {dag.py:3823} INFO - Setting next_dagrun for example_branch_dop_operator_v3 to 2025-09-21 12:01:00+00:00, run_after=2025-09-21 12:02:00+00:00
[2025-09-21T12:02:35.623+0000] {processor.py:183} INFO - Processing /home/airflow/.local/lib/python3.8/site-packages/airflow/example_dags/example_branch_python_dop_operator_3.py took 0.392 seconds
[2025-09-21T12:03:05.734+0000] {processor.py:161} INFO - Started process (PID=1995) to work on /home/airflow/.local/lib/python3.8/site-packages/airflow/example_dags/example_branch_python_dop_operator_3.py
[2025-09-21T12:03:05.737+0000] {processor.py:830} INFO - Processing file /home/airflow/.local/lib/python3.8/site-packages/airflow/example_dags/example_branch_python_dop_operator_3.py for tasks to queue
[2025-09-21T12:03:05.742+0000] {logging_mixin.py:188} INFO - [2025-09-21T12:03:05.741+0000] {dagbag.py:538} INFO - Filling up the DagBag from /home/airflow/.local/lib/python3.8/site-packages/airflow/example_dags/example_branch_python_dop_operator_3.py
[2025-09-21T12:03:05.762+0000] {processor.py:840} INFO - DAG(s) 'example_branch_dop_operator_v3' retrieved from /home/airflow/.local/lib/python3.8/site-packages/airflow/example_dags/example_branch_python_dop_operator_3.py
[2025-09-21T12:03:05.803+0000] {logging_mixin.py:188} INFO - [2025-09-21T12:03:05.802+0000] {dag.py:3036} INFO - Sync 1 DAGs
[2025-09-21T12:03:05.872+0000] {logging_mixin.py:188} INFO - [2025-09-21T12:03:05.871+0000] {dag.py:3823} INFO - Setting next_dagrun for example_branch_dop_operator_v3 to 2025-09-21 12:02:00+00:00, run_after=2025-09-21 12:03:00+00:00
[2025-09-21T12:03:05.918+0000] {processor.py:183} INFO - Processing /home/airflow/.local/lib/python3.8/site-packages/airflow/example_dags/example_branch_python_dop_operator_3.py took 0.190 seconds
[2025-09-21T12:03:35.986+0000] {processor.py:161} INFO - Started process (PID=2053) to work on /home/airflow/.local/lib/python3.8/site-packages/airflow/example_dags/example_branch_python_dop_operator_3.py
[2025-09-21T12:03:35.988+0000] {processor.py:830} INFO - Processing file /home/airflow/.local/lib/python3.8/site-packages/airflow/example_dags/example_branch_python_dop_operator_3.py for tasks to queue
[2025-09-21T12:03:35.992+0000] {logging_mixin.py:188} INFO - [2025-09-21T12:03:35.991+0000] {dagbag.py:538} INFO - Filling up the DagBag from /home/airflow/.local/lib/python3.8/site-packages/airflow/example_dags/example_branch_python_dop_operator_3.py
[2025-09-21T12:03:36.016+0000] {processor.py:840} INFO - DAG(s) 'example_branch_dop_operator_v3' retrieved from /home/airflow/.local/lib/python3.8/site-packages/airflow/example_dags/example_branch_python_dop_operator_3.py
[2025-09-21T12:03:36.081+0000] {logging_mixin.py:188} INFO - [2025-09-21T12:03:36.080+0000] {dag.py:3036} INFO - Sync 1 DAGs
[2025-09-21T12:03:36.145+0000] {logging_mixin.py:188} INFO - [2025-09-21T12:03:36.144+0000] {dag.py:3823} INFO - Setting next_dagrun for example_branch_dop_operator_v3 to 2025-09-21 12:02:00+00:00, run_after=2025-09-21 12:03:00+00:00
[2025-09-21T12:03:36.197+0000] {processor.py:183} INFO - Processing /home/airflow/.local/lib/python3.8/site-packages/airflow/example_dags/example_branch_python_dop_operator_3.py took 0.218 seconds
[2025-09-21T12:04:06.762+0000] {processor.py:161} INFO - Started process (PID=2111) to work on /home/airflow/.local/lib/python3.8/site-packages/airflow/example_dags/example_branch_python_dop_operator_3.py
[2025-09-21T12:04:06.764+0000] {processor.py:830} INFO - Processing file /home/airflow/.local/lib/python3.8/site-packages/airflow/example_dags/example_branch_python_dop_operator_3.py for tasks to queue
[2025-09-21T12:04:06.769+0000] {logging_mixin.py:188} INFO - [2025-09-21T12:04:06.768+0000] {dagbag.py:538} INFO - Filling up the DagBag from /home/airflow/.local/lib/python3.8/site-packages/airflow/example_dags/example_branch_python_dop_operator_3.py
[2025-09-21T12:04:06.792+0000] {processor.py:840} INFO - DAG(s) 'example_branch_dop_operator_v3' retrieved from /home/airflow/.local/lib/python3.8/site-packages/airflow/example_dags/example_branch_python_dop_operator_3.py
[2025-09-21T12:04:06.833+0000] {logging_mixin.py:188} INFO - [2025-09-21T12:04:06.833+0000] {dag.py:3036} INFO - Sync 1 DAGs
[2025-09-21T12:04:06.895+0000] {logging_mixin.py:188} INFO - [2025-09-21T12:04:06.895+0000] {dag.py:3823} INFO - Setting next_dagrun for example_branch_dop_operator_v3 to 2025-09-21 12:03:00+00:00, run_after=2025-09-21 12:04:00+00:00
[2025-09-21T12:04:06.939+0000] {processor.py:183} INFO - Processing /home/airflow/.local/lib/python3.8/site-packages/airflow/example_dags/example_branch_python_dop_operator_3.py took 0.184 seconds
[2025-09-21T12:04:37.799+0000] {processor.py:161} INFO - Started process (PID=2169) to work on /home/airflow/.local/lib/python3.8/site-packages/airflow/example_dags/example_branch_python_dop_operator_3.py
[2025-09-21T12:04:37.803+0000] {processor.py:830} INFO - Processing file /home/airflow/.local/lib/python3.8/site-packages/airflow/example_dags/example_branch_python_dop_operator_3.py for tasks to queue
[2025-09-21T12:04:37.811+0000] {logging_mixin.py:188} INFO - [2025-09-21T12:04:37.810+0000] {dagbag.py:538} INFO - Filling up the DagBag from /home/airflow/.local/lib/python3.8/site-packages/airflow/example_dags/example_branch_python_dop_operator_3.py
[2025-09-21T12:04:37.845+0000] {processor.py:840} INFO - DAG(s) 'example_branch_dop_operator_v3' retrieved from /home/airflow/.local/lib/python3.8/site-packages/airflow/example_dags/example_branch_python_dop_operator_3.py
[2025-09-21T12:04:37.918+0000] {logging_mixin.py:188} INFO - [2025-09-21T12:04:37.917+0000] {dag.py:3036} INFO - Sync 1 DAGs
[2025-09-21T12:04:38.011+0000] {logging_mixin.py:188} INFO - [2025-09-21T12:04:38.011+0000] {dag.py:3823} INFO - Setting next_dagrun for example_branch_dop_operator_v3 to 2025-09-21 12:03:00+00:00, run_after=2025-09-21 12:04:00+00:00
[2025-09-21T12:04:38.073+0000] {processor.py:183} INFO - Processing /home/airflow/.local/lib/python3.8/site-packages/airflow/example_dags/example_branch_python_dop_operator_3.py took 0.287 seconds
[2025-09-21T12:05:08.173+0000] {processor.py:161} INFO - Started process (PID=2227) to work on /home/airflow/.local/lib/python3.8/site-packages/airflow/example_dags/example_branch_python_dop_operator_3.py
[2025-09-21T12:05:08.176+0000] {processor.py:830} INFO - Processing file /home/airflow/.local/lib/python3.8/site-packages/airflow/example_dags/example_branch_python_dop_operator_3.py for tasks to queue
[2025-09-21T12:05:08.180+0000] {logging_mixin.py:188} INFO - [2025-09-21T12:05:08.179+0000] {dagbag.py:538} INFO - Filling up the DagBag from /home/airflow/.local/lib/python3.8/site-packages/airflow/example_dags/example_branch_python_dop_operator_3.py
[2025-09-21T12:05:08.203+0000] {processor.py:840} INFO - DAG(s) 'example_branch_dop_operator_v3' retrieved from /home/airflow/.local/lib/python3.8/site-packages/airflow/example_dags/example_branch_python_dop_operator_3.py
[2025-09-21T12:05:08.247+0000] {logging_mixin.py:188} INFO - [2025-09-21T12:05:08.247+0000] {dag.py:3036} INFO - Sync 1 DAGs
[2025-09-21T12:05:08.316+0000] {logging_mixin.py:188} INFO - [2025-09-21T12:05:08.315+0000] {dag.py:3823} INFO - Setting next_dagrun for example_branch_dop_operator_v3 to 2025-09-21 12:04:00+00:00, run_after=2025-09-21 12:05:00+00:00
[2025-09-21T12:05:08.361+0000] {processor.py:183} INFO - Processing /home/airflow/.local/lib/python3.8/site-packages/airflow/example_dags/example_branch_python_dop_operator_3.py took 0.194 seconds
[2025-09-21T12:05:38.765+0000] {processor.py:161} INFO - Started process (PID=2285) to work on /home/airflow/.local/lib/python3.8/site-packages/airflow/example_dags/example_branch_python_dop_operator_3.py
[2025-09-21T12:05:38.768+0000] {processor.py:830} INFO - Processing file /home/airflow/.local/lib/python3.8/site-packages/airflow/example_dags/example_branch_python_dop_operator_3.py for tasks to queue
[2025-09-21T12:05:38.773+0000] {logging_mixin.py:188} INFO - [2025-09-21T12:05:38.772+0000] {dagbag.py:538} INFO - Filling up the DagBag from /home/airflow/.local/lib/python3.8/site-packages/airflow/example_dags/example_branch_python_dop_operator_3.py
[2025-09-21T12:05:38.796+0000] {processor.py:840} INFO - DAG(s) 'example_branch_dop_operator_v3' retrieved from /home/airflow/.local/lib/python3.8/site-packages/airflow/example_dags/example_branch_python_dop_operator_3.py
[2025-09-21T12:05:38.854+0000] {logging_mixin.py:188} INFO - [2025-09-21T12:05:38.853+0000] {dag.py:3036} INFO - Sync 1 DAGs
[2025-09-21T12:05:38.926+0000] {logging_mixin.py:188} INFO - [2025-09-21T12:05:38.926+0000] {dag.py:3823} INFO - Setting next_dagrun for example_branch_dop_operator_v3 to 2025-09-21 12:04:00+00:00, run_after=2025-09-21 12:05:00+00:00
[2025-09-21T12:05:38.994+0000] {processor.py:183} INFO - Processing /home/airflow/.local/lib/python3.8/site-packages/airflow/example_dags/example_branch_python_dop_operator_3.py took 0.236 seconds
[2025-09-21T12:06:09.614+0000] {processor.py:161} INFO - Started process (PID=2343) to work on /home/airflow/.local/lib/python3.8/site-packages/airflow/example_dags/example_branch_python_dop_operator_3.py
[2025-09-21T12:06:09.616+0000] {processor.py:830} INFO - Processing file /home/airflow/.local/lib/python3.8/site-packages/airflow/example_dags/example_branch_python_dop_operator_3.py for tasks to queue
[2025-09-21T12:06:09.620+0000] {logging_mixin.py:188} INFO - [2025-09-21T12:06:09.620+0000] {dagbag.py:538} INFO - Filling up the DagBag from /home/airflow/.local/lib/python3.8/site-packages/airflow/example_dags/example_branch_python_dop_operator_3.py
[2025-09-21T12:06:09.642+0000] {processor.py:840} INFO - DAG(s) 'example_branch_dop_operator_v3' retrieved from /home/airflow/.local/lib/python3.8/site-packages/airflow/example_dags/example_branch_python_dop_operator_3.py
[2025-09-21T12:06:09.682+0000] {logging_mixin.py:188} INFO - [2025-09-21T12:06:09.682+0000] {dag.py:3036} INFO - Sync 1 DAGs
[2025-09-21T12:06:09.739+0000] {logging_mixin.py:188} INFO - [2025-09-21T12:06:09.739+0000] {dag.py:3823} INFO - Setting next_dagrun for example_branch_dop_operator_v3 to 2025-09-21 12:05:00+00:00, run_after=2025-09-21 12:06:00+00:00
[2025-09-21T12:06:09.775+0000] {processor.py:183} INFO - Processing /home/airflow/.local/lib/python3.8/site-packages/airflow/example_dags/example_branch_python_dop_operator_3.py took 0.169 seconds
[2025-09-21T12:06:40.335+0000] {processor.py:161} INFO - Started process (PID=2401) to work on /home/airflow/.local/lib/python3.8/site-packages/airflow/example_dags/example_branch_python_dop_operator_3.py
[2025-09-21T12:06:40.339+0000] {processor.py:830} INFO - Processing file /home/airflow/.local/lib/python3.8/site-packages/airflow/example_dags/example_branch_python_dop_operator_3.py for tasks to queue
[2025-09-21T12:06:40.345+0000] {logging_mixin.py:188} INFO - [2025-09-21T12:06:40.344+0000] {dagbag.py:538} INFO - Filling up the DagBag from /home/airflow/.local/lib/python3.8/site-packages/airflow/example_dags/example_branch_python_dop_operator_3.py
[2025-09-21T12:06:40.375+0000] {processor.py:840} INFO - DAG(s) 'example_branch_dop_operator_v3' retrieved from /home/airflow/.local/lib/python3.8/site-packages/airflow/example_dags/example_branch_python_dop_operator_3.py
[2025-09-21T12:06:40.444+0000] {logging_mixin.py:188} INFO - [2025-09-21T12:06:40.443+0000] {dag.py:3036} INFO - Sync 1 DAGs
[2025-09-21T12:06:40.503+0000] {logging_mixin.py:188} INFO - [2025-09-21T12:06:40.503+0000] {dag.py:3823} INFO - Setting next_dagrun for example_branch_dop_operator_v3 to 2025-09-21 12:05:00+00:00, run_after=2025-09-21 12:06:00+00:00
[2025-09-21T12:06:40.546+0000] {processor.py:183} INFO - Processing /home/airflow/.local/lib/python3.8/site-packages/airflow/example_dags/example_branch_python_dop_operator_3.py took 0.223 seconds
[2025-09-21T12:07:10.693+0000] {processor.py:161} INFO - Started process (PID=2460) to work on /home/airflow/.local/lib/python3.8/site-packages/airflow/example_dags/example_branch_python_dop_operator_3.py
[2025-09-21T12:07:10.695+0000] {processor.py:830} INFO - Processing file /home/airflow/.local/lib/python3.8/site-packages/airflow/example_dags/example_branch_python_dop_operator_3.py for tasks to queue
[2025-09-21T12:07:10.699+0000] {logging_mixin.py:188} INFO - [2025-09-21T12:07:10.698+0000] {dagbag.py:538} INFO - Filling up the DagBag from /home/airflow/.local/lib/python3.8/site-packages/airflow/example_dags/example_branch_python_dop_operator_3.py
[2025-09-21T12:07:10.720+0000] {processor.py:840} INFO - DAG(s) 'example_branch_dop_operator_v3' retrieved from /home/airflow/.local/lib/python3.8/site-packages/airflow/example_dags/example_branch_python_dop_operator_3.py
[2025-09-21T12:07:10.764+0000] {logging_mixin.py:188} INFO - [2025-09-21T12:07:10.764+0000] {dag.py:3036} INFO - Sync 1 DAGs
[2025-09-21T12:07:10.819+0000] {logging_mixin.py:188} INFO - [2025-09-21T12:07:10.819+0000] {dag.py:3823} INFO - Setting next_dagrun for example_branch_dop_operator_v3 to 2025-09-21 12:06:00+00:00, run_after=2025-09-21 12:07:00+00:00
[2025-09-21T12:07:10.860+0000] {processor.py:183} INFO - Processing /home/airflow/.local/lib/python3.8/site-packages/airflow/example_dags/example_branch_python_dop_operator_3.py took 0.173 seconds
[2025-09-21T12:07:41.387+0000] {processor.py:161} INFO - Started process (PID=2516) to work on /home/airflow/.local/lib/python3.8/site-packages/airflow/example_dags/example_branch_python_dop_operator_3.py
[2025-09-21T12:07:41.389+0000] {processor.py:830} INFO - Processing file /home/airflow/.local/lib/python3.8/site-packages/airflow/example_dags/example_branch_python_dop_operator_3.py for tasks to queue
[2025-09-21T12:07:41.393+0000] {logging_mixin.py:188} INFO - [2025-09-21T12:07:41.392+0000] {dagbag.py:538} INFO - Filling up the DagBag from /home/airflow/.local/lib/python3.8/site-packages/airflow/example_dags/example_branch_python_dop_operator_3.py
[2025-09-21T12:07:41.414+0000] {processor.py:840} INFO - DAG(s) 'example_branch_dop_operator_v3' retrieved from /home/airflow/.local/lib/python3.8/site-packages/airflow/example_dags/example_branch_python_dop_operator_3.py
[2025-09-21T12:07:41.490+0000] {logging_mixin.py:188} INFO - [2025-09-21T12:07:41.489+0000] {dag.py:3036} INFO - Sync 1 DAGs
[2025-09-21T12:07:41.576+0000] {logging_mixin.py:188} INFO - [2025-09-21T12:07:41.576+0000] {dag.py:3823} INFO - Setting next_dagrun for example_branch_dop_operator_v3 to 2025-09-21 12:06:00+00:00, run_after=2025-09-21 12:07:00+00:00
[2025-09-21T12:07:41.638+0000] {processor.py:183} INFO - Processing /home/airflow/.local/lib/python3.8/site-packages/airflow/example_dags/example_branch_python_dop_operator_3.py took 0.257 seconds
[2025-09-21T12:08:12.606+0000] {processor.py:161} INFO - Started process (PID=2574) to work on /home/airflow/.local/lib/python3.8/site-packages/airflow/example_dags/example_branch_python_dop_operator_3.py
[2025-09-21T12:08:12.611+0000] {processor.py:830} INFO - Processing file /home/airflow/.local/lib/python3.8/site-packages/airflow/example_dags/example_branch_python_dop_operator_3.py for tasks to queue
[2025-09-21T12:08:12.619+0000] {logging_mixin.py:188} INFO - [2025-09-21T12:08:12.618+0000] {dagbag.py:538} INFO - Filling up the DagBag from /home/airflow/.local/lib/python3.8/site-packages/airflow/example_dags/example_branch_python_dop_operator_3.py
[2025-09-21T12:08:12.659+0000] {processor.py:840} INFO - DAG(s) 'example_branch_dop_operator_v3' retrieved from /home/airflow/.local/lib/python3.8/site-packages/airflow/example_dags/example_branch_python_dop_operator_3.py
[2025-09-21T12:08:12.734+0000] {logging_mixin.py:188} INFO - [2025-09-21T12:08:12.733+0000] {dag.py:3036} INFO - Sync 1 DAGs
[2025-09-21T12:08:12.818+0000] {logging_mixin.py:188} INFO - [2025-09-21T12:08:12.818+0000] {dag.py:3823} INFO - Setting next_dagrun for example_branch_dop_operator_v3 to 2025-09-21 12:07:00+00:00, run_after=2025-09-21 12:08:00+00:00
[2025-09-21T12:08:12.878+0000] {processor.py:183} INFO - Processing /home/airflow/.local/lib/python3.8/site-packages/airflow/example_dags/example_branch_python_dop_operator_3.py took 0.284 seconds
[2025-09-21T12:08:43.244+0000] {processor.py:161} INFO - Started process (PID=2632) to work on /home/airflow/.local/lib/python3.8/site-packages/airflow/example_dags/example_branch_python_dop_operator_3.py
[2025-09-21T12:08:43.246+0000] {processor.py:830} INFO - Processing file /home/airflow/.local/lib/python3.8/site-packages/airflow/example_dags/example_branch_python_dop_operator_3.py for tasks to queue
[2025-09-21T12:08:43.250+0000] {logging_mixin.py:188} INFO - [2025-09-21T12:08:43.249+0000] {dagbag.py:538} INFO - Filling up the DagBag from /home/airflow/.local/lib/python3.8/site-packages/airflow/example_dags/example_branch_python_dop_operator_3.py
[2025-09-21T12:08:43.266+0000] {processor.py:840} INFO - DAG(s) 'example_branch_dop_operator_v3' retrieved from /home/airflow/.local/lib/python3.8/site-packages/airflow/example_dags/example_branch_python_dop_operator_3.py
[2025-09-21T12:08:43.303+0000] {logging_mixin.py:188} INFO - [2025-09-21T12:08:43.303+0000] {dag.py:3036} INFO - Sync 1 DAGs
[2025-09-21T12:08:43.371+0000] {logging_mixin.py:188} INFO - [2025-09-21T12:08:43.371+0000] {dag.py:3823} INFO - Setting next_dagrun for example_branch_dop_operator_v3 to 2025-09-21 12:07:00+00:00, run_after=2025-09-21 12:08:00+00:00
[2025-09-21T12:08:43.415+0000] {processor.py:183} INFO - Processing /home/airflow/.local/lib/python3.8/site-packages/airflow/example_dags/example_branch_python_dop_operator_3.py took 0.180 seconds
[2025-09-21T12:09:14.368+0000] {processor.py:161} INFO - Started process (PID=2690) to work on /home/airflow/.local/lib/python3.8/site-packages/airflow/example_dags/example_branch_python_dop_operator_3.py
[2025-09-21T12:09:14.369+0000] {processor.py:830} INFO - Processing file /home/airflow/.local/lib/python3.8/site-packages/airflow/example_dags/example_branch_python_dop_operator_3.py for tasks to queue
[2025-09-21T12:09:14.374+0000] {logging_mixin.py:188} INFO - [2025-09-21T12:09:14.374+0000] {dagbag.py:538} INFO - Filling up the DagBag from /home/airflow/.local/lib/python3.8/site-packages/airflow/example_dags/example_branch_python_dop_operator_3.py
[2025-09-21T12:09:14.395+0000] {processor.py:840} INFO - DAG(s) 'example_branch_dop_operator_v3' retrieved from /home/airflow/.local/lib/python3.8/site-packages/airflow/example_dags/example_branch_python_dop_operator_3.py
[2025-09-21T12:09:14.432+0000] {logging_mixin.py:188} INFO - [2025-09-21T12:09:14.432+0000] {dag.py:3036} INFO - Sync 1 DAGs
[2025-09-21T12:09:14.483+0000] {logging_mixin.py:188} INFO - [2025-09-21T12:09:14.482+0000] {dag.py:3823} INFO - Setting next_dagrun for example_branch_dop_operator_v3 to 2025-09-21 12:08:00+00:00, run_after=2025-09-21 12:09:00+00:00
[2025-09-21T12:09:14.518+0000] {processor.py:183} INFO - Processing /home/airflow/.local/lib/python3.8/site-packages/airflow/example_dags/example_branch_python_dop_operator_3.py took 0.157 seconds
[2025-09-21T12:09:45.302+0000] {processor.py:161} INFO - Started process (PID=2749) to work on /home/airflow/.local/lib/python3.8/site-packages/airflow/example_dags/example_branch_python_dop_operator_3.py
[2025-09-21T12:09:45.304+0000] {processor.py:830} INFO - Processing file /home/airflow/.local/lib/python3.8/site-packages/airflow/example_dags/example_branch_python_dop_operator_3.py for tasks to queue
[2025-09-21T12:09:45.308+0000] {logging_mixin.py:188} INFO - [2025-09-21T12:09:45.307+0000] {dagbag.py:538} INFO - Filling up the DagBag from /home/airflow/.local/lib/python3.8/site-packages/airflow/example_dags/example_branch_python_dop_operator_3.py
[2025-09-21T12:09:45.325+0000] {processor.py:840} INFO - DAG(s) 'example_branch_dop_operator_v3' retrieved from /home/airflow/.local/lib/python3.8/site-packages/airflow/example_dags/example_branch_python_dop_operator_3.py
[2025-09-21T12:09:45.365+0000] {logging_mixin.py:188} INFO - [2025-09-21T12:09:45.364+0000] {dag.py:3036} INFO - Sync 1 DAGs
[2025-09-21T12:09:45.440+0000] {logging_mixin.py:188} INFO - [2025-09-21T12:09:45.439+0000] {dag.py:3823} INFO - Setting next_dagrun for example_branch_dop_operator_v3 to 2025-09-21 12:08:00+00:00, run_after=2025-09-21 12:09:00+00:00
[2025-09-21T12:09:45.494+0000] {processor.py:183} INFO - Processing /home/airflow/.local/lib/python3.8/site-packages/airflow/example_dags/example_branch_python_dop_operator_3.py took 0.199 seconds
[2025-09-21T12:10:15.947+0000] {processor.py:161} INFO - Started process (PID=2805) to work on /home/airflow/.local/lib/python3.8/site-packages/airflow/example_dags/example_branch_python_dop_operator_3.py
[2025-09-21T12:10:15.949+0000] {processor.py:830} INFO - Processing file /home/airflow/.local/lib/python3.8/site-packages/airflow/example_dags/example_branch_python_dop_operator_3.py for tasks to queue
[2025-09-21T12:10:15.953+0000] {logging_mixin.py:188} INFO - [2025-09-21T12:10:15.952+0000] {dagbag.py:538} INFO - Filling up the DagBag from /home/airflow/.local/lib/python3.8/site-packages/airflow/example_dags/example_branch_python_dop_operator_3.py
[2025-09-21T12:10:15.979+0000] {processor.py:840} INFO - DAG(s) 'example_branch_dop_operator_v3' retrieved from /home/airflow/.local/lib/python3.8/site-packages/airflow/example_dags/example_branch_python_dop_operator_3.py
[2025-09-21T12:10:16.020+0000] {logging_mixin.py:188} INFO - [2025-09-21T12:10:16.019+0000] {dag.py:3036} INFO - Sync 1 DAGs
[2025-09-21T12:10:16.086+0000] {logging_mixin.py:188} INFO - [2025-09-21T12:10:16.085+0000] {dag.py:3823} INFO - Setting next_dagrun for example_branch_dop_operator_v3 to 2025-09-21 12:09:00+00:00, run_after=2025-09-21 12:10:00+00:00
[2025-09-21T12:10:16.132+0000] {processor.py:183} INFO - Processing /home/airflow/.local/lib/python3.8/site-packages/airflow/example_dags/example_branch_python_dop_operator_3.py took 0.192 seconds
[2025-09-21T12:10:46.368+0000] {processor.py:161} INFO - Started process (PID=2863) to work on /home/airflow/.local/lib/python3.8/site-packages/airflow/example_dags/example_branch_python_dop_operator_3.py
[2025-09-21T12:10:46.370+0000] {processor.py:830} INFO - Processing file /home/airflow/.local/lib/python3.8/site-packages/airflow/example_dags/example_branch_python_dop_operator_3.py for tasks to queue
[2025-09-21T12:10:46.375+0000] {logging_mixin.py:188} INFO - [2025-09-21T12:10:46.375+0000] {dagbag.py:538} INFO - Filling up the DagBag from /home/airflow/.local/lib/python3.8/site-packages/airflow/example_dags/example_branch_python_dop_operator_3.py
[2025-09-21T12:10:46.400+0000] {processor.py:840} INFO - DAG(s) 'example_branch_dop_operator_v3' retrieved from /home/airflow/.local/lib/python3.8/site-packages/airflow/example_dags/example_branch_python_dop_operator_3.py
[2025-09-21T12:10:46.444+0000] {logging_mixin.py:188} INFO - [2025-09-21T12:10:46.444+0000] {dag.py:3036} INFO - Sync 1 DAGs
[2025-09-21T12:10:46.519+0000] {logging_mixin.py:188} INFO - [2025-09-21T12:10:46.518+0000] {dag.py:3823} INFO - Setting next_dagrun for example_branch_dop_operator_v3 to 2025-09-21 12:09:00+00:00, run_after=2025-09-21 12:10:00+00:00
[2025-09-21T12:10:46.568+0000] {processor.py:183} INFO - Processing /home/airflow/.local/lib/python3.8/site-packages/airflow/example_dags/example_branch_python_dop_operator_3.py took 0.208 seconds
[2025-09-21T12:11:17.043+0000] {processor.py:161} INFO - Started process (PID=2921) to work on /home/airflow/.local/lib/python3.8/site-packages/airflow/example_dags/example_branch_python_dop_operator_3.py
[2025-09-21T12:11:17.047+0000] {processor.py:830} INFO - Processing file /home/airflow/.local/lib/python3.8/site-packages/airflow/example_dags/example_branch_python_dop_operator_3.py for tasks to queue
[2025-09-21T12:11:17.056+0000] {logging_mixin.py:188} INFO - [2025-09-21T12:11:17.055+0000] {dagbag.py:538} INFO - Filling up the DagBag from /home/airflow/.local/lib/python3.8/site-packages/airflow/example_dags/example_branch_python_dop_operator_3.py
[2025-09-21T12:11:17.094+0000] {processor.py:840} INFO - DAG(s) 'example_branch_dop_operator_v3' retrieved from /home/airflow/.local/lib/python3.8/site-packages/airflow/example_dags/example_branch_python_dop_operator_3.py
[2025-09-21T12:11:17.165+0000] {logging_mixin.py:188} INFO - [2025-09-21T12:11:17.164+0000] {dag.py:3036} INFO - Sync 1 DAGs
[2025-09-21T12:11:17.269+0000] {logging_mixin.py:188} INFO - [2025-09-21T12:11:17.269+0000] {dag.py:3823} INFO - Setting next_dagrun for example_branch_dop_operator_v3 to 2025-09-21 12:10:00+00:00, run_after=2025-09-21 12:11:00+00:00
[2025-09-21T12:11:17.348+0000] {processor.py:183} INFO - Processing /home/airflow/.local/lib/python3.8/site-packages/airflow/example_dags/example_branch_python_dop_operator_3.py took 0.319 seconds
[2025-09-21T12:11:48.310+0000] {processor.py:161} INFO - Started process (PID=2979) to work on /home/airflow/.local/lib/python3.8/site-packages/airflow/example_dags/example_branch_python_dop_operator_3.py
[2025-09-21T12:11:48.312+0000] {processor.py:830} INFO - Processing file /home/airflow/.local/lib/python3.8/site-packages/airflow/example_dags/example_branch_python_dop_operator_3.py for tasks to queue
[2025-09-21T12:11:48.317+0000] {logging_mixin.py:188} INFO - [2025-09-21T12:11:48.316+0000] {dagbag.py:538} INFO - Filling up the DagBag from /home/airflow/.local/lib/python3.8/site-packages/airflow/example_dags/example_branch_python_dop_operator_3.py
[2025-09-21T12:11:48.342+0000] {processor.py:840} INFO - DAG(s) 'example_branch_dop_operator_v3' retrieved from /home/airflow/.local/lib/python3.8/site-packages/airflow/example_dags/example_branch_python_dop_operator_3.py
[2025-09-21T12:11:48.388+0000] {logging_mixin.py:188} INFO - [2025-09-21T12:11:48.387+0000] {dag.py:3036} INFO - Sync 1 DAGs
[2025-09-21T12:11:48.463+0000] {logging_mixin.py:188} INFO - [2025-09-21T12:11:48.462+0000] {dag.py:3823} INFO - Setting next_dagrun for example_branch_dop_operator_v3 to 2025-09-21 12:10:00+00:00, run_after=2025-09-21 12:11:00+00:00
[2025-09-21T12:11:48.509+0000] {processor.py:183} INFO - Processing /home/airflow/.local/lib/python3.8/site-packages/airflow/example_dags/example_branch_python_dop_operator_3.py took 0.206 seconds
[2025-09-21T12:12:19.073+0000] {processor.py:161} INFO - Started process (PID=3037) to work on /home/airflow/.local/lib/python3.8/site-packages/airflow/example_dags/example_branch_python_dop_operator_3.py
[2025-09-21T12:12:19.076+0000] {processor.py:830} INFO - Processing file /home/airflow/.local/lib/python3.8/site-packages/airflow/example_dags/example_branch_python_dop_operator_3.py for tasks to queue
[2025-09-21T12:12:19.080+0000] {logging_mixin.py:188} INFO - [2025-09-21T12:12:19.079+0000] {dagbag.py:538} INFO - Filling up the DagBag from /home/airflow/.local/lib/python3.8/site-packages/airflow/example_dags/example_branch_python_dop_operator_3.py
[2025-09-21T12:12:19.099+0000] {processor.py:840} INFO - DAG(s) 'example_branch_dop_operator_v3' retrieved from /home/airflow/.local/lib/python3.8/site-packages/airflow/example_dags/example_branch_python_dop_operator_3.py
[2025-09-21T12:12:19.163+0000] {logging_mixin.py:188} INFO - [2025-09-21T12:12:19.163+0000] {dag.py:3036} INFO - Sync 1 DAGs
[2025-09-21T12:12:19.225+0000] {logging_mixin.py:188} INFO - [2025-09-21T12:12:19.224+0000] {dag.py:3823} INFO - Setting next_dagrun for example_branch_dop_operator_v3 to 2025-09-21 12:11:00+00:00, run_after=2025-09-21 12:12:00+00:00
[2025-09-21T12:12:19.265+0000] {processor.py:183} INFO - Processing /home/airflow/.local/lib/python3.8/site-packages/airflow/example_dags/example_branch_python_dop_operator_3.py took 0.199 seconds
[2025-09-21T12:12:49.712+0000] {processor.py:161} INFO - Started process (PID=3095) to work on /home/airflow/.local/lib/python3.8/site-packages/airflow/example_dags/example_branch_python_dop_operator_3.py
[2025-09-21T12:12:49.714+0000] {processor.py:830} INFO - Processing file /home/airflow/.local/lib/python3.8/site-packages/airflow/example_dags/example_branch_python_dop_operator_3.py for tasks to queue
[2025-09-21T12:12:49.717+0000] {logging_mixin.py:188} INFO - [2025-09-21T12:12:49.717+0000] {dagbag.py:538} INFO - Filling up the DagBag from /home/airflow/.local/lib/python3.8/site-packages/airflow/example_dags/example_branch_python_dop_operator_3.py
[2025-09-21T12:12:49.734+0000] {processor.py:840} INFO - DAG(s) 'example_branch_dop_operator_v3' retrieved from /home/airflow/.local/lib/python3.8/site-packages/airflow/example_dags/example_branch_python_dop_operator_3.py
[2025-09-21T12:12:49.770+0000] {logging_mixin.py:188} INFO - [2025-09-21T12:12:49.770+0000] {dag.py:3036} INFO - Sync 1 DAGs
[2025-09-21T12:12:49.819+0000] {logging_mixin.py:188} INFO - [2025-09-21T12:12:49.819+0000] {dag.py:3823} INFO - Setting next_dagrun for example_branch_dop_operator_v3 to 2025-09-21 12:11:00+00:00, run_after=2025-09-21 12:12:00+00:00
[2025-09-21T12:12:49.859+0000] {processor.py:183} INFO - Processing /home/airflow/.local/lib/python3.8/site-packages/airflow/example_dags/example_branch_python_dop_operator_3.py took 0.153 seconds
[2025-09-21T12:13:20.574+0000] {processor.py:161} INFO - Started process (PID=3153) to work on /home/airflow/.local/lib/python3.8/site-packages/airflow/example_dags/example_branch_python_dop_operator_3.py
[2025-09-21T12:13:20.576+0000] {processor.py:830} INFO - Processing file /home/airflow/.local/lib/python3.8/site-packages/airflow/example_dags/example_branch_python_dop_operator_3.py for tasks to queue
[2025-09-21T12:13:20.580+0000] {logging_mixin.py:188} INFO - [2025-09-21T12:13:20.579+0000] {dagbag.py:538} INFO - Filling up the DagBag from /home/airflow/.local/lib/python3.8/site-packages/airflow/example_dags/example_branch_python_dop_operator_3.py
[2025-09-21T12:13:20.597+0000] {processor.py:840} INFO - DAG(s) 'example_branch_dop_operator_v3' retrieved from /home/airflow/.local/lib/python3.8/site-packages/airflow/example_dags/example_branch_python_dop_operator_3.py
[2025-09-21T12:13:20.643+0000] {logging_mixin.py:188} INFO - [2025-09-21T12:13:20.642+0000] {dag.py:3036} INFO - Sync 1 DAGs
[2025-09-21T12:13:20.708+0000] {logging_mixin.py:188} INFO - [2025-09-21T12:13:20.707+0000] {dag.py:3823} INFO - Setting next_dagrun for example_branch_dop_operator_v3 to 2025-09-21 12:12:00+00:00, run_after=2025-09-21 12:13:00+00:00
[2025-09-21T12:13:20.754+0000] {processor.py:183} INFO - Processing /home/airflow/.local/lib/python3.8/site-packages/airflow/example_dags/example_branch_python_dop_operator_3.py took 0.186 seconds
[2025-09-21T12:13:51.794+0000] {processor.py:161} INFO - Started process (PID=3211) to work on /home/airflow/.local/lib/python3.8/site-packages/airflow/example_dags/example_branch_python_dop_operator_3.py
[2025-09-21T12:13:51.796+0000] {processor.py:830} INFO - Processing file /home/airflow/.local/lib/python3.8/site-packages/airflow/example_dags/example_branch_python_dop_operator_3.py for tasks to queue
[2025-09-21T12:13:51.800+0000] {logging_mixin.py:188} INFO - [2025-09-21T12:13:51.800+0000] {dagbag.py:538} INFO - Filling up the DagBag from /home/airflow/.local/lib/python3.8/site-packages/airflow/example_dags/example_branch_python_dop_operator_3.py
[2025-09-21T12:13:51.823+0000] {processor.py:840} INFO - DAG(s) 'example_branch_dop_operator_v3' retrieved from /home/airflow/.local/lib/python3.8/site-packages/airflow/example_dags/example_branch_python_dop_operator_3.py
[2025-09-21T12:13:51.866+0000] {logging_mixin.py:188} INFO - [2025-09-21T12:13:51.865+0000] {dag.py:3036} INFO - Sync 1 DAGs
[2025-09-21T12:13:51.928+0000] {logging_mixin.py:188} INFO - [2025-09-21T12:13:51.928+0000] {dag.py:3823} INFO - Setting next_dagrun for example_branch_dop_operator_v3 to 2025-09-21 12:12:00+00:00, run_after=2025-09-21 12:13:00+00:00
[2025-09-21T12:13:51.966+0000] {processor.py:183} INFO - Processing /home/airflow/.local/lib/python3.8/site-packages/airflow/example_dags/example_branch_python_dop_operator_3.py took 0.180 seconds
[2025-09-21T12:14:22.052+0000] {processor.py:161} INFO - Started process (PID=3269) to work on /home/airflow/.local/lib/python3.8/site-packages/airflow/example_dags/example_branch_python_dop_operator_3.py
[2025-09-21T12:14:22.055+0000] {processor.py:830} INFO - Processing file /home/airflow/.local/lib/python3.8/site-packages/airflow/example_dags/example_branch_python_dop_operator_3.py for tasks to queue
[2025-09-21T12:14:22.059+0000] {logging_mixin.py:188} INFO - [2025-09-21T12:14:22.059+0000] {dagbag.py:538} INFO - Filling up the DagBag from /home/airflow/.local/lib/python3.8/site-packages/airflow/example_dags/example_branch_python_dop_operator_3.py
[2025-09-21T12:14:22.089+0000] {processor.py:840} INFO - DAG(s) 'example_branch_dop_operator_v3' retrieved from /home/airflow/.local/lib/python3.8/site-packages/airflow/example_dags/example_branch_python_dop_operator_3.py
[2025-09-21T12:14:22.140+0000] {logging_mixin.py:188} INFO - [2025-09-21T12:14:22.139+0000] {dag.py:3036} INFO - Sync 1 DAGs
[2025-09-21T12:14:22.210+0000] {logging_mixin.py:188} INFO - [2025-09-21T12:14:22.210+0000] {dag.py:3823} INFO - Setting next_dagrun for example_branch_dop_operator_v3 to 2025-09-21 12:13:00+00:00, run_after=2025-09-21 12:14:00+00:00
[2025-09-21T12:14:22.255+0000] {processor.py:183} INFO - Processing /home/airflow/.local/lib/python3.8/site-packages/airflow/example_dags/example_branch_python_dop_operator_3.py took 0.211 seconds
[2025-09-21T12:14:52.479+0000] {processor.py:161} INFO - Started process (PID=3327) to work on /home/airflow/.local/lib/python3.8/site-packages/airflow/example_dags/example_branch_python_dop_operator_3.py
[2025-09-21T12:14:52.481+0000] {processor.py:830} INFO - Processing file /home/airflow/.local/lib/python3.8/site-packages/airflow/example_dags/example_branch_python_dop_operator_3.py for tasks to queue
[2025-09-21T12:14:52.485+0000] {logging_mixin.py:188} INFO - [2025-09-21T12:14:52.485+0000] {dagbag.py:538} INFO - Filling up the DagBag from /home/airflow/.local/lib/python3.8/site-packages/airflow/example_dags/example_branch_python_dop_operator_3.py
[2025-09-21T12:14:52.509+0000] {processor.py:840} INFO - DAG(s) 'example_branch_dop_operator_v3' retrieved from /home/airflow/.local/lib/python3.8/site-packages/airflow/example_dags/example_branch_python_dop_operator_3.py
[2025-09-21T12:14:52.561+0000] {logging_mixin.py:188} INFO - [2025-09-21T12:14:52.560+0000] {dag.py:3036} INFO - Sync 1 DAGs
[2025-09-21T12:14:52.643+0000] {logging_mixin.py:188} INFO - [2025-09-21T12:14:52.642+0000] {dag.py:3823} INFO - Setting next_dagrun for example_branch_dop_operator_v3 to 2025-09-21 12:13:00+00:00, run_after=2025-09-21 12:14:00+00:00
[2025-09-21T12:14:52.694+0000] {processor.py:183} INFO - Processing /home/airflow/.local/lib/python3.8/site-packages/airflow/example_dags/example_branch_python_dop_operator_3.py took 0.223 seconds
[2025-09-21T12:15:22.909+0000] {processor.py:161} INFO - Started process (PID=3385) to work on /home/airflow/.local/lib/python3.8/site-packages/airflow/example_dags/example_branch_python_dop_operator_3.py
[2025-09-21T12:15:22.912+0000] {processor.py:830} INFO - Processing file /home/airflow/.local/lib/python3.8/site-packages/airflow/example_dags/example_branch_python_dop_operator_3.py for tasks to queue
[2025-09-21T12:15:22.916+0000] {logging_mixin.py:188} INFO - [2025-09-21T12:15:22.916+0000] {dagbag.py:538} INFO - Filling up the DagBag from /home/airflow/.local/lib/python3.8/site-packages/airflow/example_dags/example_branch_python_dop_operator_3.py
[2025-09-21T12:15:22.938+0000] {processor.py:840} INFO - DAG(s) 'example_branch_dop_operator_v3' retrieved from /home/airflow/.local/lib/python3.8/site-packages/airflow/example_dags/example_branch_python_dop_operator_3.py
[2025-09-21T12:15:22.983+0000] {logging_mixin.py:188} INFO - [2025-09-21T12:15:22.982+0000] {dag.py:3036} INFO - Sync 1 DAGs
[2025-09-21T12:15:23.049+0000] {logging_mixin.py:188} INFO - [2025-09-21T12:15:23.048+0000] {dag.py:3823} INFO - Setting next_dagrun for example_branch_dop_operator_v3 to 2025-09-21 12:14:00+00:00, run_after=2025-09-21 12:15:00+00:00
[2025-09-21T12:15:23.101+0000] {processor.py:183} INFO - Processing /home/airflow/.local/lib/python3.8/site-packages/airflow/example_dags/example_branch_python_dop_operator_3.py took 0.200 seconds
[2025-09-21T12:15:53.391+0000] {processor.py:161} INFO - Started process (PID=3443) to work on /home/airflow/.local/lib/python3.8/site-packages/airflow/example_dags/example_branch_python_dop_operator_3.py
[2025-09-21T12:15:53.394+0000] {processor.py:830} INFO - Processing file /home/airflow/.local/lib/python3.8/site-packages/airflow/example_dags/example_branch_python_dop_operator_3.py for tasks to queue
[2025-09-21T12:15:53.398+0000] {logging_mixin.py:188} INFO - [2025-09-21T12:15:53.398+0000] {dagbag.py:538} INFO - Filling up the DagBag from /home/airflow/.local/lib/python3.8/site-packages/airflow/example_dags/example_branch_python_dop_operator_3.py
[2025-09-21T12:15:53.416+0000] {processor.py:840} INFO - DAG(s) 'example_branch_dop_operator_v3' retrieved from /home/airflow/.local/lib/python3.8/site-packages/airflow/example_dags/example_branch_python_dop_operator_3.py
[2025-09-21T12:15:53.453+0000] {logging_mixin.py:188} INFO - [2025-09-21T12:15:53.453+0000] {dag.py:3036} INFO - Sync 1 DAGs
[2025-09-21T12:15:53.504+0000] {logging_mixin.py:188} INFO - [2025-09-21T12:15:53.503+0000] {dag.py:3823} INFO - Setting next_dagrun for example_branch_dop_operator_v3 to 2025-09-21 12:14:00+00:00, run_after=2025-09-21 12:15:00+00:00
[2025-09-21T12:15:53.537+0000] {processor.py:183} INFO - Processing /home/airflow/.local/lib/python3.8/site-packages/airflow/example_dags/example_branch_python_dop_operator_3.py took 0.155 seconds
[2025-09-21T12:16:23.658+0000] {processor.py:161} INFO - Started process (PID=3501) to work on /home/airflow/.local/lib/python3.8/site-packages/airflow/example_dags/example_branch_python_dop_operator_3.py
[2025-09-21T12:16:23.661+0000] {processor.py:830} INFO - Processing file /home/airflow/.local/lib/python3.8/site-packages/airflow/example_dags/example_branch_python_dop_operator_3.py for tasks to queue
[2025-09-21T12:16:23.665+0000] {logging_mixin.py:188} INFO - [2025-09-21T12:16:23.664+0000] {dagbag.py:538} INFO - Filling up the DagBag from /home/airflow/.local/lib/python3.8/site-packages/airflow/example_dags/example_branch_python_dop_operator_3.py
[2025-09-21T12:16:23.694+0000] {processor.py:840} INFO - DAG(s) 'example_branch_dop_operator_v3' retrieved from /home/airflow/.local/lib/python3.8/site-packages/airflow/example_dags/example_branch_python_dop_operator_3.py
[2025-09-21T12:16:23.744+0000] {logging_mixin.py:188} INFO - [2025-09-21T12:16:23.743+0000] {dag.py:3036} INFO - Sync 1 DAGs
[2025-09-21T12:16:23.810+0000] {logging_mixin.py:188} INFO - [2025-09-21T12:16:23.810+0000] {dag.py:3823} INFO - Setting next_dagrun for example_branch_dop_operator_v3 to 2025-09-21 12:15:00+00:00, run_after=2025-09-21 12:16:00+00:00
[2025-09-21T12:16:23.853+0000] {processor.py:183} INFO - Processing /home/airflow/.local/lib/python3.8/site-packages/airflow/example_dags/example_branch_python_dop_operator_3.py took 0.203 seconds
[2025-09-21T12:16:54.449+0000] {processor.py:161} INFO - Started process (PID=3559) to work on /home/airflow/.local/lib/python3.8/site-packages/airflow/example_dags/example_branch_python_dop_operator_3.py
[2025-09-21T12:16:54.453+0000] {processor.py:830} INFO - Processing file /home/airflow/.local/lib/python3.8/site-packages/airflow/example_dags/example_branch_python_dop_operator_3.py for tasks to queue
[2025-09-21T12:16:54.462+0000] {logging_mixin.py:188} INFO - [2025-09-21T12:16:54.461+0000] {dagbag.py:538} INFO - Filling up the DagBag from /home/airflow/.local/lib/python3.8/site-packages/airflow/example_dags/example_branch_python_dop_operator_3.py
[2025-09-21T12:16:54.505+0000] {processor.py:840} INFO - DAG(s) 'example_branch_dop_operator_v3' retrieved from /home/airflow/.local/lib/python3.8/site-packages/airflow/example_dags/example_branch_python_dop_operator_3.py
[2025-09-21T12:16:54.596+0000] {logging_mixin.py:188} INFO - [2025-09-21T12:16:54.595+0000] {dag.py:3036} INFO - Sync 1 DAGs
[2025-09-21T12:16:54.753+0000] {logging_mixin.py:188} INFO - [2025-09-21T12:16:54.753+0000] {dag.py:3823} INFO - Setting next_dagrun for example_branch_dop_operator_v3 to 2025-09-21 12:15:00+00:00, run_after=2025-09-21 12:16:00+00:00
[2025-09-21T12:16:54.805+0000] {processor.py:183} INFO - Processing /home/airflow/.local/lib/python3.8/site-packages/airflow/example_dags/example_branch_python_dop_operator_3.py took 0.372 seconds
[2025-09-21T12:17:25.426+0000] {processor.py:161} INFO - Started process (PID=3617) to work on /home/airflow/.local/lib/python3.8/site-packages/airflow/example_dags/example_branch_python_dop_operator_3.py
[2025-09-21T12:17:25.431+0000] {processor.py:830} INFO - Processing file /home/airflow/.local/lib/python3.8/site-packages/airflow/example_dags/example_branch_python_dop_operator_3.py for tasks to queue
[2025-09-21T12:17:25.439+0000] {logging_mixin.py:188} INFO - [2025-09-21T12:17:25.438+0000] {dagbag.py:538} INFO - Filling up the DagBag from /home/airflow/.local/lib/python3.8/site-packages/airflow/example_dags/example_branch_python_dop_operator_3.py
[2025-09-21T12:17:25.481+0000] {processor.py:840} INFO - DAG(s) 'example_branch_dop_operator_v3' retrieved from /home/airflow/.local/lib/python3.8/site-packages/airflow/example_dags/example_branch_python_dop_operator_3.py
[2025-09-21T12:17:25.570+0000] {logging_mixin.py:188} INFO - [2025-09-21T12:17:25.569+0000] {dag.py:3036} INFO - Sync 1 DAGs
[2025-09-21T12:17:25.686+0000] {logging_mixin.py:188} INFO - [2025-09-21T12:17:25.685+0000] {dag.py:3823} INFO - Setting next_dagrun for example_branch_dop_operator_v3 to 2025-09-21 12:16:00+00:00, run_after=2025-09-21 12:17:00+00:00
[2025-09-21T12:17:25.760+0000] {processor.py:183} INFO - Processing /home/airflow/.local/lib/python3.8/site-packages/airflow/example_dags/example_branch_python_dop_operator_3.py took 0.347 seconds
[2025-09-21T12:17:56.386+0000] {processor.py:161} INFO - Started process (PID=3675) to work on /home/airflow/.local/lib/python3.8/site-packages/airflow/example_dags/example_branch_python_dop_operator_3.py
[2025-09-21T12:17:56.388+0000] {processor.py:830} INFO - Processing file /home/airflow/.local/lib/python3.8/site-packages/airflow/example_dags/example_branch_python_dop_operator_3.py for tasks to queue
[2025-09-21T12:17:56.393+0000] {logging_mixin.py:188} INFO - [2025-09-21T12:17:56.392+0000] {dagbag.py:538} INFO - Filling up the DagBag from /home/airflow/.local/lib/python3.8/site-packages/airflow/example_dags/example_branch_python_dop_operator_3.py
[2025-09-21T12:17:56.419+0000] {processor.py:840} INFO - DAG(s) 'example_branch_dop_operator_v3' retrieved from /home/airflow/.local/lib/python3.8/site-packages/airflow/example_dags/example_branch_python_dop_operator_3.py
[2025-09-21T12:17:56.464+0000] {logging_mixin.py:188} INFO - [2025-09-21T12:17:56.464+0000] {dag.py:3036} INFO - Sync 1 DAGs
[2025-09-21T12:17:56.545+0000] {logging_mixin.py:188} INFO - [2025-09-21T12:17:56.545+0000] {dag.py:3823} INFO - Setting next_dagrun for example_branch_dop_operator_v3 to 2025-09-21 12:16:00+00:00, run_after=2025-09-21 12:17:00+00:00
[2025-09-21T12:17:56.596+0000] {processor.py:183} INFO - Processing /home/airflow/.local/lib/python3.8/site-packages/airflow/example_dags/example_branch_python_dop_operator_3.py took 0.224 seconds
[2025-09-21T12:18:26.672+0000] {processor.py:161} INFO - Started process (PID=3733) to work on /home/airflow/.local/lib/python3.8/site-packages/airflow/example_dags/example_branch_python_dop_operator_3.py
[2025-09-21T12:18:26.674+0000] {processor.py:830} INFO - Processing file /home/airflow/.local/lib/python3.8/site-packages/airflow/example_dags/example_branch_python_dop_operator_3.py for tasks to queue
[2025-09-21T12:18:26.677+0000] {logging_mixin.py:188} INFO - [2025-09-21T12:18:26.677+0000] {dagbag.py:538} INFO - Filling up the DagBag from /home/airflow/.local/lib/python3.8/site-packages/airflow/example_dags/example_branch_python_dop_operator_3.py
[2025-09-21T12:18:26.704+0000] {processor.py:840} INFO - DAG(s) 'example_branch_dop_operator_v3' retrieved from /home/airflow/.local/lib/python3.8/site-packages/airflow/example_dags/example_branch_python_dop_operator_3.py
[2025-09-21T12:18:26.760+0000] {logging_mixin.py:188} INFO - [2025-09-21T12:18:26.759+0000] {dag.py:3036} INFO - Sync 1 DAGs
[2025-09-21T12:18:26.826+0000] {logging_mixin.py:188} INFO - [2025-09-21T12:18:26.825+0000] {dag.py:3823} INFO - Setting next_dagrun for example_branch_dop_operator_v3 to 2025-09-21 12:17:00+00:00, run_after=2025-09-21 12:18:00+00:00
[2025-09-21T12:18:26.876+0000] {processor.py:183} INFO - Processing /home/airflow/.local/lib/python3.8/site-packages/airflow/example_dags/example_branch_python_dop_operator_3.py took 0.211 seconds
[2025-09-21T12:18:57.721+0000] {processor.py:161} INFO - Started process (PID=3791) to work on /home/airflow/.local/lib/python3.8/site-packages/airflow/example_dags/example_branch_python_dop_operator_3.py
[2025-09-21T12:18:57.725+0000] {processor.py:830} INFO - Processing file /home/airflow/.local/lib/python3.8/site-packages/airflow/example_dags/example_branch_python_dop_operator_3.py for tasks to queue
[2025-09-21T12:18:57.731+0000] {logging_mixin.py:188} INFO - [2025-09-21T12:18:57.730+0000] {dagbag.py:538} INFO - Filling up the DagBag from /home/airflow/.local/lib/python3.8/site-packages/airflow/example_dags/example_branch_python_dop_operator_3.py
[2025-09-21T12:18:57.756+0000] {processor.py:840} INFO - DAG(s) 'example_branch_dop_operator_v3' retrieved from /home/airflow/.local/lib/python3.8/site-packages/airflow/example_dags/example_branch_python_dop_operator_3.py
[2025-09-21T12:18:57.825+0000] {logging_mixin.py:188} INFO - [2025-09-21T12:18:57.824+0000] {dag.py:3036} INFO - Sync 1 DAGs
[2025-09-21T12:18:57.909+0000] {logging_mixin.py:188} INFO - [2025-09-21T12:18:57.908+0000] {dag.py:3823} INFO - Setting next_dagrun for example_branch_dop_operator_v3 to 2025-09-21 12:17:00+00:00, run_after=2025-09-21 12:18:00+00:00
[2025-09-21T12:18:57.956+0000] {processor.py:183} INFO - Processing /home/airflow/.local/lib/python3.8/site-packages/airflow/example_dags/example_branch_python_dop_operator_3.py took 0.244 seconds
[2025-09-21T12:21:57.736+0000] {processor.py:161} INFO - Started process (PID=87) to work on /home/airflow/.local/lib/python3.8/site-packages/airflow/example_dags/example_branch_python_dop_operator_3.py
[2025-09-21T12:21:57.738+0000] {processor.py:830} INFO - Processing file /home/airflow/.local/lib/python3.8/site-packages/airflow/example_dags/example_branch_python_dop_operator_3.py for tasks to queue
[2025-09-21T12:21:57.743+0000] {logging_mixin.py:188} INFO - [2025-09-21T12:21:57.742+0000] {dagbag.py:538} INFO - Filling up the DagBag from /home/airflow/.local/lib/python3.8/site-packages/airflow/example_dags/example_branch_python_dop_operator_3.py
[2025-09-21T12:21:57.770+0000] {processor.py:840} INFO - DAG(s) 'example_branch_dop_operator_v3' retrieved from /home/airflow/.local/lib/python3.8/site-packages/airflow/example_dags/example_branch_python_dop_operator_3.py
[2025-09-21T12:21:57.978+0000] {logging_mixin.py:188} INFO - [2025-09-21T12:21:57.977+0000] {override.py:1769} INFO - Created Permission View: can delete on DAG:example_branch_dop_operator_v3
[2025-09-21T12:21:57.998+0000] {logging_mixin.py:188} INFO - [2025-09-21T12:21:57.998+0000] {override.py:1769} INFO - Created Permission View: can edit on DAG:example_branch_dop_operator_v3
[2025-09-21T12:21:58.012+0000] {logging_mixin.py:188} INFO - [2025-09-21T12:21:58.012+0000] {override.py:1769} INFO - Created Permission View: can read on DAG:example_branch_dop_operator_v3
[2025-09-21T12:21:58.014+0000] {logging_mixin.py:188} INFO - [2025-09-21T12:21:58.013+0000] {dag.py:3036} INFO - Sync 1 DAGs
[2025-09-21T12:21:58.039+0000] {logging_mixin.py:188} INFO - [2025-09-21T12:21:58.039+0000] {dag.py:3058} INFO - Creating ORM DAG for example_branch_dop_operator_v3
[2025-09-21T12:21:58.067+0000] {logging_mixin.py:188} INFO - [2025-09-21T12:21:58.066+0000] {dag.py:3823} INFO - Setting next_dagrun for example_branch_dop_operator_v3 to 2025-09-21 12:20:00+00:00, run_after=2025-09-21 12:21:00+00:00
[2025-09-21T12:21:58.104+0000] {processor.py:183} INFO - Processing /home/airflow/.local/lib/python3.8/site-packages/airflow/example_dags/example_branch_python_dop_operator_3.py took 0.373 seconds
[2025-09-21T12:22:29.036+0000] {processor.py:161} INFO - Started process (PID=145) to work on /home/airflow/.local/lib/python3.8/site-packages/airflow/example_dags/example_branch_python_dop_operator_3.py
[2025-09-21T12:22:29.042+0000] {processor.py:830} INFO - Processing file /home/airflow/.local/lib/python3.8/site-packages/airflow/example_dags/example_branch_python_dop_operator_3.py for tasks to queue
[2025-09-21T12:22:29.050+0000] {logging_mixin.py:188} INFO - [2025-09-21T12:22:29.048+0000] {dagbag.py:538} INFO - Filling up the DagBag from /home/airflow/.local/lib/python3.8/site-packages/airflow/example_dags/example_branch_python_dop_operator_3.py
[2025-09-21T12:22:29.086+0000] {processor.py:840} INFO - DAG(s) 'example_branch_dop_operator_v3' retrieved from /home/airflow/.local/lib/python3.8/site-packages/airflow/example_dags/example_branch_python_dop_operator_3.py
[2025-09-21T12:22:29.128+0000] {logging_mixin.py:188} INFO - [2025-09-21T12:22:29.128+0000] {dag.py:3036} INFO - Sync 1 DAGs
[2025-09-21T12:22:29.184+0000] {logging_mixin.py:188} INFO - [2025-09-21T12:22:29.183+0000] {dag.py:3823} INFO - Setting next_dagrun for example_branch_dop_operator_v3 to 2025-09-21 12:21:00+00:00, run_after=2025-09-21 12:22:00+00:00
[2025-09-21T12:22:29.227+0000] {processor.py:183} INFO - Processing /home/airflow/.local/lib/python3.8/site-packages/airflow/example_dags/example_branch_python_dop_operator_3.py took 0.203 seconds
[2025-09-21T12:23:00.596+0000] {processor.py:161} INFO - Started process (PID=203) to work on /home/airflow/.local/lib/python3.8/site-packages/airflow/example_dags/example_branch_python_dop_operator_3.py
[2025-09-21T12:23:00.598+0000] {processor.py:830} INFO - Processing file /home/airflow/.local/lib/python3.8/site-packages/airflow/example_dags/example_branch_python_dop_operator_3.py for tasks to queue
[2025-09-21T12:23:00.602+0000] {logging_mixin.py:188} INFO - [2025-09-21T12:23:00.602+0000] {dagbag.py:538} INFO - Filling up the DagBag from /home/airflow/.local/lib/python3.8/site-packages/airflow/example_dags/example_branch_python_dop_operator_3.py
[2025-09-21T12:23:00.634+0000] {processor.py:840} INFO - DAG(s) 'example_branch_dop_operator_v3' retrieved from /home/airflow/.local/lib/python3.8/site-packages/airflow/example_dags/example_branch_python_dop_operator_3.py
[2025-09-21T12:23:00.697+0000] {logging_mixin.py:188} INFO - [2025-09-21T12:23:00.696+0000] {dag.py:3036} INFO - Sync 1 DAGs
[2025-09-21T12:23:00.759+0000] {logging_mixin.py:188} INFO - [2025-09-21T12:23:00.758+0000] {dag.py:3823} INFO - Setting next_dagrun for example_branch_dop_operator_v3 to 2025-09-21 12:22:00+00:00, run_after=2025-09-21 12:23:00+00:00
[2025-09-21T12:23:00.804+0000] {processor.py:183} INFO - Processing /home/airflow/.local/lib/python3.8/site-packages/airflow/example_dags/example_branch_python_dop_operator_3.py took 0.217 seconds
[2025-09-21T12:23:31.996+0000] {processor.py:161} INFO - Started process (PID=261) to work on /home/airflow/.local/lib/python3.8/site-packages/airflow/example_dags/example_branch_python_dop_operator_3.py
[2025-09-21T12:23:31.999+0000] {processor.py:830} INFO - Processing file /home/airflow/.local/lib/python3.8/site-packages/airflow/example_dags/example_branch_python_dop_operator_3.py for tasks to queue
[2025-09-21T12:23:32.004+0000] {logging_mixin.py:188} INFO - [2025-09-21T12:23:32.003+0000] {dagbag.py:538} INFO - Filling up the DagBag from /home/airflow/.local/lib/python3.8/site-packages/airflow/example_dags/example_branch_python_dop_operator_3.py
[2025-09-21T12:23:32.028+0000] {processor.py:840} INFO - DAG(s) 'example_branch_dop_operator_v3' retrieved from /home/airflow/.local/lib/python3.8/site-packages/airflow/example_dags/example_branch_python_dop_operator_3.py
[2025-09-21T12:23:32.071+0000] {logging_mixin.py:188} INFO - [2025-09-21T12:23:32.071+0000] {dag.py:3036} INFO - Sync 1 DAGs
[2025-09-21T12:23:32.138+0000] {logging_mixin.py:188} INFO - [2025-09-21T12:23:32.137+0000] {dag.py:3823} INFO - Setting next_dagrun for example_branch_dop_operator_v3 to 2025-09-21 12:22:00+00:00, run_after=2025-09-21 12:23:00+00:00
[2025-09-21T12:23:32.180+0000] {processor.py:183} INFO - Processing /home/airflow/.local/lib/python3.8/site-packages/airflow/example_dags/example_branch_python_dop_operator_3.py took 0.194 seconds
[2025-09-21T12:24:03.184+0000] {processor.py:161} INFO - Started process (PID=319) to work on /home/airflow/.local/lib/python3.8/site-packages/airflow/example_dags/example_branch_python_dop_operator_3.py
[2025-09-21T12:24:03.186+0000] {processor.py:830} INFO - Processing file /home/airflow/.local/lib/python3.8/site-packages/airflow/example_dags/example_branch_python_dop_operator_3.py for tasks to queue
[2025-09-21T12:24:03.191+0000] {logging_mixin.py:188} INFO - [2025-09-21T12:24:03.190+0000] {dagbag.py:538} INFO - Filling up the DagBag from /home/airflow/.local/lib/python3.8/site-packages/airflow/example_dags/example_branch_python_dop_operator_3.py
[2025-09-21T12:24:03.214+0000] {processor.py:840} INFO - DAG(s) 'example_branch_dop_operator_v3' retrieved from /home/airflow/.local/lib/python3.8/site-packages/airflow/example_dags/example_branch_python_dop_operator_3.py
[2025-09-21T12:24:03.286+0000] {logging_mixin.py:188} INFO - [2025-09-21T12:24:03.285+0000] {dag.py:3036} INFO - Sync 1 DAGs
[2025-09-21T12:24:03.414+0000] {logging_mixin.py:188} INFO - [2025-09-21T12:24:03.413+0000] {dag.py:3823} INFO - Setting next_dagrun for example_branch_dop_operator_v3 to 2025-09-21 12:23:00+00:00, run_after=2025-09-21 12:24:00+00:00
[2025-09-21T12:24:03.460+0000] {processor.py:183} INFO - Processing /home/airflow/.local/lib/python3.8/site-packages/airflow/example_dags/example_branch_python_dop_operator_3.py took 0.284 seconds
[2025-09-21T12:24:33.682+0000] {processor.py:161} INFO - Started process (PID=375) to work on /home/airflow/.local/lib/python3.8/site-packages/airflow/example_dags/example_branch_python_dop_operator_3.py
[2025-09-21T12:24:33.693+0000] {processor.py:830} INFO - Processing file /home/airflow/.local/lib/python3.8/site-packages/airflow/example_dags/example_branch_python_dop_operator_3.py for tasks to queue
[2025-09-21T12:24:33.708+0000] {logging_mixin.py:188} INFO - [2025-09-21T12:24:33.699+0000] {dagbag.py:538} INFO - Filling up the DagBag from /home/airflow/.local/lib/python3.8/site-packages/airflow/example_dags/example_branch_python_dop_operator_3.py
[2025-09-21T12:24:33.742+0000] {processor.py:840} INFO - DAG(s) 'example_branch_dop_operator_v3' retrieved from /home/airflow/.local/lib/python3.8/site-packages/airflow/example_dags/example_branch_python_dop_operator_3.py
[2025-09-21T12:24:33.793+0000] {logging_mixin.py:188} INFO - [2025-09-21T12:24:33.792+0000] {dag.py:3036} INFO - Sync 1 DAGs
[2025-09-21T12:24:33.867+0000] {logging_mixin.py:188} INFO - [2025-09-21T12:24:33.866+0000] {dag.py:3823} INFO - Setting next_dagrun for example_branch_dop_operator_v3 to 2025-09-21 12:23:00+00:00, run_after=2025-09-21 12:24:00+00:00
[2025-09-21T12:24:33.932+0000] {processor.py:183} INFO - Processing /home/airflow/.local/lib/python3.8/site-packages/airflow/example_dags/example_branch_python_dop_operator_3.py took 0.266 seconds
[2025-09-21T12:25:04.728+0000] {processor.py:161} INFO - Started process (PID=433) to work on /home/airflow/.local/lib/python3.8/site-packages/airflow/example_dags/example_branch_python_dop_operator_3.py
[2025-09-21T12:25:04.731+0000] {processor.py:830} INFO - Processing file /home/airflow/.local/lib/python3.8/site-packages/airflow/example_dags/example_branch_python_dop_operator_3.py for tasks to queue
[2025-09-21T12:25:04.734+0000] {logging_mixin.py:188} INFO - [2025-09-21T12:25:04.734+0000] {dagbag.py:538} INFO - Filling up the DagBag from /home/airflow/.local/lib/python3.8/site-packages/airflow/example_dags/example_branch_python_dop_operator_3.py
[2025-09-21T12:25:04.762+0000] {processor.py:840} INFO - DAG(s) 'example_branch_dop_operator_v3' retrieved from /home/airflow/.local/lib/python3.8/site-packages/airflow/example_dags/example_branch_python_dop_operator_3.py
[2025-09-21T12:25:04.808+0000] {logging_mixin.py:188} INFO - [2025-09-21T12:25:04.808+0000] {dag.py:3036} INFO - Sync 1 DAGs
[2025-09-21T12:25:04.878+0000] {logging_mixin.py:188} INFO - [2025-09-21T12:25:04.877+0000] {dag.py:3823} INFO - Setting next_dagrun for example_branch_dop_operator_v3 to 2025-09-21 12:24:00+00:00, run_after=2025-09-21 12:25:00+00:00
[2025-09-21T12:25:04.920+0000] {processor.py:183} INFO - Processing /home/airflow/.local/lib/python3.8/site-packages/airflow/example_dags/example_branch_python_dop_operator_3.py took 0.199 seconds
[2025-09-21T12:25:35.545+0000] {processor.py:161} INFO - Started process (PID=491) to work on /home/airflow/.local/lib/python3.8/site-packages/airflow/example_dags/example_branch_python_dop_operator_3.py
[2025-09-21T12:25:35.551+0000] {processor.py:830} INFO - Processing file /home/airflow/.local/lib/python3.8/site-packages/airflow/example_dags/example_branch_python_dop_operator_3.py for tasks to queue
[2025-09-21T12:25:35.562+0000] {logging_mixin.py:188} INFO - [2025-09-21T12:25:35.560+0000] {dagbag.py:538} INFO - Filling up the DagBag from /home/airflow/.local/lib/python3.8/site-packages/airflow/example_dags/example_branch_python_dop_operator_3.py
[2025-09-21T12:25:35.614+0000] {processor.py:840} INFO - DAG(s) 'example_branch_dop_operator_v3' retrieved from /home/airflow/.local/lib/python3.8/site-packages/airflow/example_dags/example_branch_python_dop_operator_3.py
[2025-09-21T12:25:35.702+0000] {logging_mixin.py:188} INFO - [2025-09-21T12:25:35.701+0000] {dag.py:3036} INFO - Sync 1 DAGs
[2025-09-21T12:25:35.850+0000] {logging_mixin.py:188} INFO - [2025-09-21T12:25:35.849+0000] {dag.py:3823} INFO - Setting next_dagrun for example_branch_dop_operator_v3 to 2025-09-21 12:24:00+00:00, run_after=2025-09-21 12:25:00+00:00
[2025-09-21T12:25:35.946+0000] {processor.py:183} INFO - Processing /home/airflow/.local/lib/python3.8/site-packages/airflow/example_dags/example_branch_python_dop_operator_3.py took 0.418 seconds
[2025-09-21T12:26:06.275+0000] {processor.py:161} INFO - Started process (PID=549) to work on /home/airflow/.local/lib/python3.8/site-packages/airflow/example_dags/example_branch_python_dop_operator_3.py
[2025-09-21T12:26:06.281+0000] {processor.py:830} INFO - Processing file /home/airflow/.local/lib/python3.8/site-packages/airflow/example_dags/example_branch_python_dop_operator_3.py for tasks to queue
[2025-09-21T12:26:06.289+0000] {logging_mixin.py:188} INFO - [2025-09-21T12:26:06.287+0000] {dagbag.py:538} INFO - Filling up the DagBag from /home/airflow/.local/lib/python3.8/site-packages/airflow/example_dags/example_branch_python_dop_operator_3.py
[2025-09-21T12:26:06.327+0000] {processor.py:840} INFO - DAG(s) 'example_branch_dop_operator_v3' retrieved from /home/airflow/.local/lib/python3.8/site-packages/airflow/example_dags/example_branch_python_dop_operator_3.py
[2025-09-21T12:26:06.414+0000] {logging_mixin.py:188} INFO - [2025-09-21T12:26:06.413+0000] {dag.py:3036} INFO - Sync 1 DAGs
[2025-09-21T12:26:06.511+0000] {logging_mixin.py:188} INFO - [2025-09-21T12:26:06.510+0000] {dag.py:3823} INFO - Setting next_dagrun for example_branch_dop_operator_v3 to 2025-09-21 12:25:00+00:00, run_after=2025-09-21 12:26:00+00:00
[2025-09-21T12:26:06.559+0000] {processor.py:183} INFO - Processing /home/airflow/.local/lib/python3.8/site-packages/airflow/example_dags/example_branch_python_dop_operator_3.py took 0.298 seconds
[2025-09-21T12:26:36.713+0000] {processor.py:161} INFO - Started process (PID=607) to work on /home/airflow/.local/lib/python3.8/site-packages/airflow/example_dags/example_branch_python_dop_operator_3.py
[2025-09-21T12:26:36.717+0000] {processor.py:830} INFO - Processing file /home/airflow/.local/lib/python3.8/site-packages/airflow/example_dags/example_branch_python_dop_operator_3.py for tasks to queue
[2025-09-21T12:26:36.726+0000] {logging_mixin.py:188} INFO - [2025-09-21T12:26:36.724+0000] {dagbag.py:538} INFO - Filling up the DagBag from /home/airflow/.local/lib/python3.8/site-packages/airflow/example_dags/example_branch_python_dop_operator_3.py
[2025-09-21T12:26:36.769+0000] {processor.py:840} INFO - DAG(s) 'example_branch_dop_operator_v3' retrieved from /home/airflow/.local/lib/python3.8/site-packages/airflow/example_dags/example_branch_python_dop_operator_3.py
[2025-09-21T12:26:36.858+0000] {logging_mixin.py:188} INFO - [2025-09-21T12:26:36.857+0000] {dag.py:3036} INFO - Sync 1 DAGs
[2025-09-21T12:26:36.992+0000] {logging_mixin.py:188} INFO - [2025-09-21T12:26:36.991+0000] {dag.py:3823} INFO - Setting next_dagrun for example_branch_dop_operator_v3 to 2025-09-21 12:25:00+00:00, run_after=2025-09-21 12:26:00+00:00
[2025-09-21T12:26:37.080+0000] {processor.py:183} INFO - Processing /home/airflow/.local/lib/python3.8/site-packages/airflow/example_dags/example_branch_python_dop_operator_3.py took 0.383 seconds
[2025-09-21T12:27:07.617+0000] {processor.py:161} INFO - Started process (PID=665) to work on /home/airflow/.local/lib/python3.8/site-packages/airflow/example_dags/example_branch_python_dop_operator_3.py
[2025-09-21T12:27:07.621+0000] {processor.py:830} INFO - Processing file /home/airflow/.local/lib/python3.8/site-packages/airflow/example_dags/example_branch_python_dop_operator_3.py for tasks to queue
[2025-09-21T12:27:07.628+0000] {logging_mixin.py:188} INFO - [2025-09-21T12:27:07.627+0000] {dagbag.py:538} INFO - Filling up the DagBag from /home/airflow/.local/lib/python3.8/site-packages/airflow/example_dags/example_branch_python_dop_operator_3.py
[2025-09-21T12:27:07.678+0000] {processor.py:840} INFO - DAG(s) 'example_branch_dop_operator_v3' retrieved from /home/airflow/.local/lib/python3.8/site-packages/airflow/example_dags/example_branch_python_dop_operator_3.py
[2025-09-21T12:27:07.756+0000] {logging_mixin.py:188} INFO - [2025-09-21T12:27:07.755+0000] {dag.py:3036} INFO - Sync 1 DAGs
[2025-09-21T12:27:07.864+0000] {logging_mixin.py:188} INFO - [2025-09-21T12:27:07.863+0000] {dag.py:3823} INFO - Setting next_dagrun for example_branch_dop_operator_v3 to 2025-09-21 12:26:00+00:00, run_after=2025-09-21 12:27:00+00:00
[2025-09-21T12:27:07.944+0000] {processor.py:183} INFO - Processing /home/airflow/.local/lib/python3.8/site-packages/airflow/example_dags/example_branch_python_dop_operator_3.py took 0.340 seconds
[2025-09-21T12:27:38.079+0000] {processor.py:161} INFO - Started process (PID=723) to work on /home/airflow/.local/lib/python3.8/site-packages/airflow/example_dags/example_branch_python_dop_operator_3.py
[2025-09-21T12:27:38.085+0000] {processor.py:830} INFO - Processing file /home/airflow/.local/lib/python3.8/site-packages/airflow/example_dags/example_branch_python_dop_operator_3.py for tasks to queue
[2025-09-21T12:27:38.095+0000] {logging_mixin.py:188} INFO - [2025-09-21T12:27:38.094+0000] {dagbag.py:538} INFO - Filling up the DagBag from /home/airflow/.local/lib/python3.8/site-packages/airflow/example_dags/example_branch_python_dop_operator_3.py
[2025-09-21T12:27:38.147+0000] {processor.py:840} INFO - DAG(s) 'example_branch_dop_operator_v3' retrieved from /home/airflow/.local/lib/python3.8/site-packages/airflow/example_dags/example_branch_python_dop_operator_3.py
[2025-09-21T12:27:38.240+0000] {logging_mixin.py:188} INFO - [2025-09-21T12:27:38.239+0000] {dag.py:3036} INFO - Sync 1 DAGs
[2025-09-21T12:27:38.380+0000] {logging_mixin.py:188} INFO - [2025-09-21T12:27:38.379+0000] {dag.py:3823} INFO - Setting next_dagrun for example_branch_dop_operator_v3 to 2025-09-21 12:26:00+00:00, run_after=2025-09-21 12:27:00+00:00
[2025-09-21T12:27:38.481+0000] {processor.py:183} INFO - Processing /home/airflow/.local/lib/python3.8/site-packages/airflow/example_dags/example_branch_python_dop_operator_3.py took 0.417 seconds
[2025-09-21T12:28:08.907+0000] {processor.py:161} INFO - Started process (PID=780) to work on /home/airflow/.local/lib/python3.8/site-packages/airflow/example_dags/example_branch_python_dop_operator_3.py
[2025-09-21T12:28:08.912+0000] {processor.py:830} INFO - Processing file /home/airflow/.local/lib/python3.8/site-packages/airflow/example_dags/example_branch_python_dop_operator_3.py for tasks to queue
[2025-09-21T12:28:08.921+0000] {logging_mixin.py:188} INFO - [2025-09-21T12:28:08.920+0000] {dagbag.py:538} INFO - Filling up the DagBag from /home/airflow/.local/lib/python3.8/site-packages/airflow/example_dags/example_branch_python_dop_operator_3.py
[2025-09-21T12:28:08.970+0000] {processor.py:840} INFO - DAG(s) 'example_branch_dop_operator_v3' retrieved from /home/airflow/.local/lib/python3.8/site-packages/airflow/example_dags/example_branch_python_dop_operator_3.py
[2025-09-21T12:28:09.067+0000] {logging_mixin.py:188} INFO - [2025-09-21T12:28:09.066+0000] {dag.py:3036} INFO - Sync 1 DAGs
[2025-09-21T12:28:09.190+0000] {logging_mixin.py:188} INFO - [2025-09-21T12:28:09.189+0000] {dag.py:3823} INFO - Setting next_dagrun for example_branch_dop_operator_v3 to 2025-09-21 12:27:00+00:00, run_after=2025-09-21 12:28:00+00:00
[2025-09-21T12:28:09.287+0000] {processor.py:183} INFO - Processing /home/airflow/.local/lib/python3.8/site-packages/airflow/example_dags/example_branch_python_dop_operator_3.py took 0.395 seconds
[2025-09-21T12:28:39.587+0000] {processor.py:161} INFO - Started process (PID=838) to work on /home/airflow/.local/lib/python3.8/site-packages/airflow/example_dags/example_branch_python_dop_operator_3.py
[2025-09-21T12:28:39.589+0000] {processor.py:830} INFO - Processing file /home/airflow/.local/lib/python3.8/site-packages/airflow/example_dags/example_branch_python_dop_operator_3.py for tasks to queue
[2025-09-21T12:28:39.593+0000] {logging_mixin.py:188} INFO - [2025-09-21T12:28:39.592+0000] {dagbag.py:538} INFO - Filling up the DagBag from /home/airflow/.local/lib/python3.8/site-packages/airflow/example_dags/example_branch_python_dop_operator_3.py
[2025-09-21T12:28:39.609+0000] {processor.py:840} INFO - DAG(s) 'example_branch_dop_operator_v3' retrieved from /home/airflow/.local/lib/python3.8/site-packages/airflow/example_dags/example_branch_python_dop_operator_3.py
[2025-09-21T12:28:39.645+0000] {logging_mixin.py:188} INFO - [2025-09-21T12:28:39.645+0000] {dag.py:3036} INFO - Sync 1 DAGs
[2025-09-21T12:28:39.695+0000] {logging_mixin.py:188} INFO - [2025-09-21T12:28:39.695+0000] {dag.py:3823} INFO - Setting next_dagrun for example_branch_dop_operator_v3 to 2025-09-21 12:27:00+00:00, run_after=2025-09-21 12:28:00+00:00
[2025-09-21T12:28:39.735+0000] {processor.py:183} INFO - Processing /home/airflow/.local/lib/python3.8/site-packages/airflow/example_dags/example_branch_python_dop_operator_3.py took 0.154 seconds
[2025-09-21T12:29:10.523+0000] {processor.py:161} INFO - Started process (PID=896) to work on /home/airflow/.local/lib/python3.8/site-packages/airflow/example_dags/example_branch_python_dop_operator_3.py
[2025-09-21T12:29:10.525+0000] {processor.py:830} INFO - Processing file /home/airflow/.local/lib/python3.8/site-packages/airflow/example_dags/example_branch_python_dop_operator_3.py for tasks to queue
[2025-09-21T12:29:10.530+0000] {logging_mixin.py:188} INFO - [2025-09-21T12:29:10.529+0000] {dagbag.py:538} INFO - Filling up the DagBag from /home/airflow/.local/lib/python3.8/site-packages/airflow/example_dags/example_branch_python_dop_operator_3.py
[2025-09-21T12:29:10.553+0000] {processor.py:840} INFO - DAG(s) 'example_branch_dop_operator_v3' retrieved from /home/airflow/.local/lib/python3.8/site-packages/airflow/example_dags/example_branch_python_dop_operator_3.py
[2025-09-21T12:29:10.600+0000] {logging_mixin.py:188} INFO - [2025-09-21T12:29:10.600+0000] {dag.py:3036} INFO - Sync 1 DAGs
[2025-09-21T12:29:10.702+0000] {logging_mixin.py:188} INFO - [2025-09-21T12:29:10.701+0000] {dag.py:3823} INFO - Setting next_dagrun for example_branch_dop_operator_v3 to 2025-09-21 12:28:00+00:00, run_after=2025-09-21 12:29:00+00:00
[2025-09-21T12:29:10.830+0000] {processor.py:183} INFO - Processing /home/airflow/.local/lib/python3.8/site-packages/airflow/example_dags/example_branch_python_dop_operator_3.py took 0.313 seconds
[2025-09-21T12:29:41.182+0000] {processor.py:161} INFO - Started process (PID=954) to work on /home/airflow/.local/lib/python3.8/site-packages/airflow/example_dags/example_branch_python_dop_operator_3.py
[2025-09-21T12:29:41.184+0000] {processor.py:830} INFO - Processing file /home/airflow/.local/lib/python3.8/site-packages/airflow/example_dags/example_branch_python_dop_operator_3.py for tasks to queue
[2025-09-21T12:29:41.188+0000] {logging_mixin.py:188} INFO - [2025-09-21T12:29:41.188+0000] {dagbag.py:538} INFO - Filling up the DagBag from /home/airflow/.local/lib/python3.8/site-packages/airflow/example_dags/example_branch_python_dop_operator_3.py
[2025-09-21T12:29:41.207+0000] {processor.py:840} INFO - DAG(s) 'example_branch_dop_operator_v3' retrieved from /home/airflow/.local/lib/python3.8/site-packages/airflow/example_dags/example_branch_python_dop_operator_3.py
[2025-09-21T12:29:41.245+0000] {logging_mixin.py:188} INFO - [2025-09-21T12:29:41.244+0000] {dag.py:3036} INFO - Sync 1 DAGs
[2025-09-21T12:29:41.295+0000] {logging_mixin.py:188} INFO - [2025-09-21T12:29:41.295+0000] {dag.py:3823} INFO - Setting next_dagrun for example_branch_dop_operator_v3 to 2025-09-21 12:28:00+00:00, run_after=2025-09-21 12:29:00+00:00
[2025-09-21T12:29:41.357+0000] {processor.py:183} INFO - Processing /home/airflow/.local/lib/python3.8/site-packages/airflow/example_dags/example_branch_python_dop_operator_3.py took 0.182 seconds
[2025-09-21T12:30:12.106+0000] {processor.py:161} INFO - Started process (PID=1012) to work on /home/airflow/.local/lib/python3.8/site-packages/airflow/example_dags/example_branch_python_dop_operator_3.py
[2025-09-21T12:30:12.111+0000] {processor.py:830} INFO - Processing file /home/airflow/.local/lib/python3.8/site-packages/airflow/example_dags/example_branch_python_dop_operator_3.py for tasks to queue
[2025-09-21T12:30:12.120+0000] {logging_mixin.py:188} INFO - [2025-09-21T12:30:12.119+0000] {dagbag.py:538} INFO - Filling up the DagBag from /home/airflow/.local/lib/python3.8/site-packages/airflow/example_dags/example_branch_python_dop_operator_3.py
[2025-09-21T12:30:12.181+0000] {processor.py:840} INFO - DAG(s) 'example_branch_dop_operator_v3' retrieved from /home/airflow/.local/lib/python3.8/site-packages/airflow/example_dags/example_branch_python_dop_operator_3.py
[2025-09-21T12:30:12.224+0000] {logging_mixin.py:188} INFO - [2025-09-21T12:30:12.224+0000] {dag.py:3036} INFO - Sync 1 DAGs
[2025-09-21T12:30:12.275+0000] {logging_mixin.py:188} INFO - [2025-09-21T12:30:12.274+0000] {dag.py:3823} INFO - Setting next_dagrun for example_branch_dop_operator_v3 to 2025-09-21 12:29:00+00:00, run_after=2025-09-21 12:30:00+00:00
[2025-09-21T12:30:12.317+0000] {processor.py:183} INFO - Processing /home/airflow/.local/lib/python3.8/site-packages/airflow/example_dags/example_branch_python_dop_operator_3.py took 0.226 seconds
[2025-09-21T12:30:43.134+0000] {processor.py:161} INFO - Started process (PID=1070) to work on /home/airflow/.local/lib/python3.8/site-packages/airflow/example_dags/example_branch_python_dop_operator_3.py
[2025-09-21T12:30:43.138+0000] {processor.py:830} INFO - Processing file /home/airflow/.local/lib/python3.8/site-packages/airflow/example_dags/example_branch_python_dop_operator_3.py for tasks to queue
[2025-09-21T12:30:43.144+0000] {logging_mixin.py:188} INFO - [2025-09-21T12:30:43.143+0000] {dagbag.py:538} INFO - Filling up the DagBag from /home/airflow/.local/lib/python3.8/site-packages/airflow/example_dags/example_branch_python_dop_operator_3.py
[2025-09-21T12:30:43.169+0000] {processor.py:840} INFO - DAG(s) 'example_branch_dop_operator_v3' retrieved from /home/airflow/.local/lib/python3.8/site-packages/airflow/example_dags/example_branch_python_dop_operator_3.py
[2025-09-21T12:30:43.209+0000] {logging_mixin.py:188} INFO - [2025-09-21T12:30:43.209+0000] {dag.py:3036} INFO - Sync 1 DAGs
[2025-09-21T12:30:43.265+0000] {logging_mixin.py:188} INFO - [2025-09-21T12:30:43.265+0000] {dag.py:3823} INFO - Setting next_dagrun for example_branch_dop_operator_v3 to 2025-09-21 12:29:00+00:00, run_after=2025-09-21 12:30:00+00:00
[2025-09-21T12:30:43.309+0000] {processor.py:183} INFO - Processing /home/airflow/.local/lib/python3.8/site-packages/airflow/example_dags/example_branch_python_dop_operator_3.py took 0.184 seconds
[2025-09-21T12:31:13.526+0000] {processor.py:161} INFO - Started process (PID=1128) to work on /home/airflow/.local/lib/python3.8/site-packages/airflow/example_dags/example_branch_python_dop_operator_3.py
[2025-09-21T12:31:13.529+0000] {processor.py:830} INFO - Processing file /home/airflow/.local/lib/python3.8/site-packages/airflow/example_dags/example_branch_python_dop_operator_3.py for tasks to queue
[2025-09-21T12:31:13.533+0000] {logging_mixin.py:188} INFO - [2025-09-21T12:31:13.532+0000] {dagbag.py:538} INFO - Filling up the DagBag from /home/airflow/.local/lib/python3.8/site-packages/airflow/example_dags/example_branch_python_dop_operator_3.py
[2025-09-21T12:31:13.555+0000] {processor.py:840} INFO - DAG(s) 'example_branch_dop_operator_v3' retrieved from /home/airflow/.local/lib/python3.8/site-packages/airflow/example_dags/example_branch_python_dop_operator_3.py
[2025-09-21T12:31:13.600+0000] {logging_mixin.py:188} INFO - [2025-09-21T12:31:13.599+0000] {dag.py:3036} INFO - Sync 1 DAGs
[2025-09-21T12:31:13.665+0000] {logging_mixin.py:188} INFO - [2025-09-21T12:31:13.664+0000] {dag.py:3823} INFO - Setting next_dagrun for example_branch_dop_operator_v3 to 2025-09-21 12:30:00+00:00, run_after=2025-09-21 12:31:00+00:00
[2025-09-21T12:31:13.718+0000] {processor.py:183} INFO - Processing /home/airflow/.local/lib/python3.8/site-packages/airflow/example_dags/example_branch_python_dop_operator_3.py took 0.198 seconds
[2025-09-21T12:31:44.214+0000] {processor.py:161} INFO - Started process (PID=1186) to work on /home/airflow/.local/lib/python3.8/site-packages/airflow/example_dags/example_branch_python_dop_operator_3.py
[2025-09-21T12:31:44.215+0000] {processor.py:830} INFO - Processing file /home/airflow/.local/lib/python3.8/site-packages/airflow/example_dags/example_branch_python_dop_operator_3.py for tasks to queue
[2025-09-21T12:31:44.220+0000] {logging_mixin.py:188} INFO - [2025-09-21T12:31:44.219+0000] {dagbag.py:538} INFO - Filling up the DagBag from /home/airflow/.local/lib/python3.8/site-packages/airflow/example_dags/example_branch_python_dop_operator_3.py
[2025-09-21T12:31:44.241+0000] {processor.py:840} INFO - DAG(s) 'example_branch_dop_operator_v3' retrieved from /home/airflow/.local/lib/python3.8/site-packages/airflow/example_dags/example_branch_python_dop_operator_3.py
[2025-09-21T12:31:44.278+0000] {logging_mixin.py:188} INFO - [2025-09-21T12:31:44.277+0000] {dag.py:3036} INFO - Sync 1 DAGs
[2025-09-21T12:31:44.337+0000] {logging_mixin.py:188} INFO - [2025-09-21T12:31:44.336+0000] {dag.py:3823} INFO - Setting next_dagrun for example_branch_dop_operator_v3 to 2025-09-21 12:30:00+00:00, run_after=2025-09-21 12:31:00+00:00
[2025-09-21T12:31:44.384+0000] {processor.py:183} INFO - Processing /home/airflow/.local/lib/python3.8/site-packages/airflow/example_dags/example_branch_python_dop_operator_3.py took 0.177 seconds
[2025-09-21T12:32:14.845+0000] {processor.py:161} INFO - Started process (PID=1244) to work on /home/airflow/.local/lib/python3.8/site-packages/airflow/example_dags/example_branch_python_dop_operator_3.py
[2025-09-21T12:32:14.847+0000] {processor.py:830} INFO - Processing file /home/airflow/.local/lib/python3.8/site-packages/airflow/example_dags/example_branch_python_dop_operator_3.py for tasks to queue
[2025-09-21T12:32:14.852+0000] {logging_mixin.py:188} INFO - [2025-09-21T12:32:14.852+0000] {dagbag.py:538} INFO - Filling up the DagBag from /home/airflow/.local/lib/python3.8/site-packages/airflow/example_dags/example_branch_python_dop_operator_3.py
[2025-09-21T12:32:14.871+0000] {processor.py:840} INFO - DAG(s) 'example_branch_dop_operator_v3' retrieved from /home/airflow/.local/lib/python3.8/site-packages/airflow/example_dags/example_branch_python_dop_operator_3.py
[2025-09-21T12:32:14.909+0000] {logging_mixin.py:188} INFO - [2025-09-21T12:32:14.908+0000] {dag.py:3036} INFO - Sync 1 DAGs
[2025-09-21T12:32:14.969+0000] {logging_mixin.py:188} INFO - [2025-09-21T12:32:14.969+0000] {dag.py:3823} INFO - Setting next_dagrun for example_branch_dop_operator_v3 to 2025-09-21 12:31:00+00:00, run_after=2025-09-21 12:32:00+00:00
[2025-09-21T12:32:15.014+0000] {processor.py:183} INFO - Processing /home/airflow/.local/lib/python3.8/site-packages/airflow/example_dags/example_branch_python_dop_operator_3.py took 0.177 seconds
[2025-09-21T12:32:45.455+0000] {processor.py:161} INFO - Started process (PID=1302) to work on /home/airflow/.local/lib/python3.8/site-packages/airflow/example_dags/example_branch_python_dop_operator_3.py
[2025-09-21T12:32:45.458+0000] {processor.py:830} INFO - Processing file /home/airflow/.local/lib/python3.8/site-packages/airflow/example_dags/example_branch_python_dop_operator_3.py for tasks to queue
[2025-09-21T12:32:45.462+0000] {logging_mixin.py:188} INFO - [2025-09-21T12:32:45.461+0000] {dagbag.py:538} INFO - Filling up the DagBag from /home/airflow/.local/lib/python3.8/site-packages/airflow/example_dags/example_branch_python_dop_operator_3.py
[2025-09-21T12:32:45.480+0000] {processor.py:840} INFO - DAG(s) 'example_branch_dop_operator_v3' retrieved from /home/airflow/.local/lib/python3.8/site-packages/airflow/example_dags/example_branch_python_dop_operator_3.py
[2025-09-21T12:32:45.516+0000] {logging_mixin.py:188} INFO - [2025-09-21T12:32:45.516+0000] {dag.py:3036} INFO - Sync 1 DAGs
[2025-09-21T12:32:45.567+0000] {logging_mixin.py:188} INFO - [2025-09-21T12:32:45.567+0000] {dag.py:3823} INFO - Setting next_dagrun for example_branch_dop_operator_v3 to 2025-09-21 12:31:00+00:00, run_after=2025-09-21 12:32:00+00:00
[2025-09-21T12:32:45.604+0000] {processor.py:183} INFO - Processing /home/airflow/.local/lib/python3.8/site-packages/airflow/example_dags/example_branch_python_dop_operator_3.py took 0.156 seconds
[2025-09-21T12:33:15.787+0000] {processor.py:161} INFO - Started process (PID=1360) to work on /home/airflow/.local/lib/python3.8/site-packages/airflow/example_dags/example_branch_python_dop_operator_3.py
[2025-09-21T12:33:15.789+0000] {processor.py:830} INFO - Processing file /home/airflow/.local/lib/python3.8/site-packages/airflow/example_dags/example_branch_python_dop_operator_3.py for tasks to queue
[2025-09-21T12:33:15.794+0000] {logging_mixin.py:188} INFO - [2025-09-21T12:33:15.793+0000] {dagbag.py:538} INFO - Filling up the DagBag from /home/airflow/.local/lib/python3.8/site-packages/airflow/example_dags/example_branch_python_dop_operator_3.py
[2025-09-21T12:33:15.822+0000] {processor.py:840} INFO - DAG(s) 'example_branch_dop_operator_v3' retrieved from /home/airflow/.local/lib/python3.8/site-packages/airflow/example_dags/example_branch_python_dop_operator_3.py
[2025-09-21T12:33:15.878+0000] {logging_mixin.py:188} INFO - [2025-09-21T12:33:15.878+0000] {dag.py:3036} INFO - Sync 1 DAGs
[2025-09-21T12:33:15.952+0000] {logging_mixin.py:188} INFO - [2025-09-21T12:33:15.951+0000] {dag.py:3823} INFO - Setting next_dagrun for example_branch_dop_operator_v3 to 2025-09-21 12:32:00+00:00, run_after=2025-09-21 12:33:00+00:00
[2025-09-21T12:33:16.011+0000] {processor.py:183} INFO - Processing /home/airflow/.local/lib/python3.8/site-packages/airflow/example_dags/example_branch_python_dop_operator_3.py took 0.232 seconds
[2025-09-21T12:33:47.061+0000] {processor.py:161} INFO - Started process (PID=1418) to work on /home/airflow/.local/lib/python3.8/site-packages/airflow/example_dags/example_branch_python_dop_operator_3.py
[2025-09-21T12:33:47.063+0000] {processor.py:830} INFO - Processing file /home/airflow/.local/lib/python3.8/site-packages/airflow/example_dags/example_branch_python_dop_operator_3.py for tasks to queue
[2025-09-21T12:33:47.067+0000] {logging_mixin.py:188} INFO - [2025-09-21T12:33:47.067+0000] {dagbag.py:538} INFO - Filling up the DagBag from /home/airflow/.local/lib/python3.8/site-packages/airflow/example_dags/example_branch_python_dop_operator_3.py
[2025-09-21T12:33:47.090+0000] {processor.py:840} INFO - DAG(s) 'example_branch_dop_operator_v3' retrieved from /home/airflow/.local/lib/python3.8/site-packages/airflow/example_dags/example_branch_python_dop_operator_3.py
[2025-09-21T12:33:47.137+0000] {logging_mixin.py:188} INFO - [2025-09-21T12:33:47.136+0000] {dag.py:3036} INFO - Sync 1 DAGs
[2025-09-21T12:33:47.191+0000] {logging_mixin.py:188} INFO - [2025-09-21T12:33:47.191+0000] {dag.py:3823} INFO - Setting next_dagrun for example_branch_dop_operator_v3 to 2025-09-21 12:32:00+00:00, run_after=2025-09-21 12:33:00+00:00
[2025-09-21T12:33:47.233+0000] {processor.py:183} INFO - Processing /home/airflow/.local/lib/python3.8/site-packages/airflow/example_dags/example_branch_python_dop_operator_3.py took 0.178 seconds
[2025-09-21T12:34:17.784+0000] {processor.py:161} INFO - Started process (PID=1476) to work on /home/airflow/.local/lib/python3.8/site-packages/airflow/example_dags/example_branch_python_dop_operator_3.py
[2025-09-21T12:34:17.786+0000] {processor.py:830} INFO - Processing file /home/airflow/.local/lib/python3.8/site-packages/airflow/example_dags/example_branch_python_dop_operator_3.py for tasks to queue
[2025-09-21T12:34:17.792+0000] {logging_mixin.py:188} INFO - [2025-09-21T12:34:17.792+0000] {dagbag.py:538} INFO - Filling up the DagBag from /home/airflow/.local/lib/python3.8/site-packages/airflow/example_dags/example_branch_python_dop_operator_3.py
[2025-09-21T12:34:17.819+0000] {processor.py:840} INFO - DAG(s) 'example_branch_dop_operator_v3' retrieved from /home/airflow/.local/lib/python3.8/site-packages/airflow/example_dags/example_branch_python_dop_operator_3.py
[2025-09-21T12:34:17.885+0000] {logging_mixin.py:188} INFO - [2025-09-21T12:34:17.884+0000] {dag.py:3036} INFO - Sync 1 DAGs
[2025-09-21T12:34:17.975+0000] {logging_mixin.py:188} INFO - [2025-09-21T12:34:17.974+0000] {dag.py:3823} INFO - Setting next_dagrun for example_branch_dop_operator_v3 to 2025-09-21 12:33:00+00:00, run_after=2025-09-21 12:34:00+00:00
[2025-09-21T12:34:18.020+0000] {processor.py:183} INFO - Processing /home/airflow/.local/lib/python3.8/site-packages/airflow/example_dags/example_branch_python_dop_operator_3.py took 0.245 seconds
[2025-09-21T12:34:49.041+0000] {processor.py:161} INFO - Started process (PID=1534) to work on /home/airflow/.local/lib/python3.8/site-packages/airflow/example_dags/example_branch_python_dop_operator_3.py
[2025-09-21T12:34:49.047+0000] {processor.py:830} INFO - Processing file /home/airflow/.local/lib/python3.8/site-packages/airflow/example_dags/example_branch_python_dop_operator_3.py for tasks to queue
[2025-09-21T12:34:49.052+0000] {logging_mixin.py:188} INFO - [2025-09-21T12:34:49.051+0000] {dagbag.py:538} INFO - Filling up the DagBag from /home/airflow/.local/lib/python3.8/site-packages/airflow/example_dags/example_branch_python_dop_operator_3.py
[2025-09-21T12:34:49.076+0000] {processor.py:840} INFO - DAG(s) 'example_branch_dop_operator_v3' retrieved from /home/airflow/.local/lib/python3.8/site-packages/airflow/example_dags/example_branch_python_dop_operator_3.py
[2025-09-21T12:34:49.123+0000] {logging_mixin.py:188} INFO - [2025-09-21T12:34:49.123+0000] {dag.py:3036} INFO - Sync 1 DAGs
[2025-09-21T12:34:49.179+0000] {logging_mixin.py:188} INFO - [2025-09-21T12:34:49.179+0000] {dag.py:3823} INFO - Setting next_dagrun for example_branch_dop_operator_v3 to 2025-09-21 12:33:00+00:00, run_after=2025-09-21 12:34:00+00:00
[2025-09-21T12:34:49.220+0000] {processor.py:183} INFO - Processing /home/airflow/.local/lib/python3.8/site-packages/airflow/example_dags/example_branch_python_dop_operator_3.py took 0.187 seconds
[2025-09-21T12:35:19.626+0000] {processor.py:161} INFO - Started process (PID=1592) to work on /home/airflow/.local/lib/python3.8/site-packages/airflow/example_dags/example_branch_python_dop_operator_3.py
[2025-09-21T12:35:19.628+0000] {processor.py:830} INFO - Processing file /home/airflow/.local/lib/python3.8/site-packages/airflow/example_dags/example_branch_python_dop_operator_3.py for tasks to queue
[2025-09-21T12:35:19.635+0000] {logging_mixin.py:188} INFO - [2025-09-21T12:35:19.634+0000] {dagbag.py:538} INFO - Filling up the DagBag from /home/airflow/.local/lib/python3.8/site-packages/airflow/example_dags/example_branch_python_dop_operator_3.py
[2025-09-21T12:35:19.666+0000] {processor.py:840} INFO - DAG(s) 'example_branch_dop_operator_v3' retrieved from /home/airflow/.local/lib/python3.8/site-packages/airflow/example_dags/example_branch_python_dop_operator_3.py
[2025-09-21T12:35:19.719+0000] {logging_mixin.py:188} INFO - [2025-09-21T12:35:19.718+0000] {dag.py:3036} INFO - Sync 1 DAGs
[2025-09-21T12:35:19.792+0000] {logging_mixin.py:188} INFO - [2025-09-21T12:35:19.791+0000] {dag.py:3823} INFO - Setting next_dagrun for example_branch_dop_operator_v3 to 2025-09-21 12:34:00+00:00, run_after=2025-09-21 12:35:00+00:00
[2025-09-21T12:35:19.843+0000] {processor.py:183} INFO - Processing /home/airflow/.local/lib/python3.8/site-packages/airflow/example_dags/example_branch_python_dop_operator_3.py took 0.224 seconds
[2025-09-21T12:35:50.952+0000] {processor.py:161} INFO - Started process (PID=1650) to work on /home/airflow/.local/lib/python3.8/site-packages/airflow/example_dags/example_branch_python_dop_operator_3.py
[2025-09-21T12:35:50.954+0000] {processor.py:830} INFO - Processing file /home/airflow/.local/lib/python3.8/site-packages/airflow/example_dags/example_branch_python_dop_operator_3.py for tasks to queue
[2025-09-21T12:35:50.959+0000] {logging_mixin.py:188} INFO - [2025-09-21T12:35:50.958+0000] {dagbag.py:538} INFO - Filling up the DagBag from /home/airflow/.local/lib/python3.8/site-packages/airflow/example_dags/example_branch_python_dop_operator_3.py
[2025-09-21T12:35:50.980+0000] {processor.py:840} INFO - DAG(s) 'example_branch_dop_operator_v3' retrieved from /home/airflow/.local/lib/python3.8/site-packages/airflow/example_dags/example_branch_python_dop_operator_3.py
[2025-09-21T12:35:51.020+0000] {logging_mixin.py:188} INFO - [2025-09-21T12:35:51.020+0000] {dag.py:3036} INFO - Sync 1 DAGs
[2025-09-21T12:35:51.086+0000] {logging_mixin.py:188} INFO - [2025-09-21T12:35:51.085+0000] {dag.py:3823} INFO - Setting next_dagrun for example_branch_dop_operator_v3 to 2025-09-21 12:34:00+00:00, run_after=2025-09-21 12:35:00+00:00
[2025-09-21T12:35:51.157+0000] {processor.py:183} INFO - Processing /home/airflow/.local/lib/python3.8/site-packages/airflow/example_dags/example_branch_python_dop_operator_3.py took 0.211 seconds
[2025-09-21T12:36:21.317+0000] {processor.py:161} INFO - Started process (PID=1708) to work on /home/airflow/.local/lib/python3.8/site-packages/airflow/example_dags/example_branch_python_dop_operator_3.py
[2025-09-21T12:36:21.319+0000] {processor.py:830} INFO - Processing file /home/airflow/.local/lib/python3.8/site-packages/airflow/example_dags/example_branch_python_dop_operator_3.py for tasks to queue
[2025-09-21T12:36:21.322+0000] {logging_mixin.py:188} INFO - [2025-09-21T12:36:21.322+0000] {dagbag.py:538} INFO - Filling up the DagBag from /home/airflow/.local/lib/python3.8/site-packages/airflow/example_dags/example_branch_python_dop_operator_3.py
[2025-09-21T12:36:21.339+0000] {processor.py:840} INFO - DAG(s) 'example_branch_dop_operator_v3' retrieved from /home/airflow/.local/lib/python3.8/site-packages/airflow/example_dags/example_branch_python_dop_operator_3.py
[2025-09-21T12:36:21.375+0000] {logging_mixin.py:188} INFO - [2025-09-21T12:36:21.375+0000] {dag.py:3036} INFO - Sync 1 DAGs
[2025-09-21T12:36:21.429+0000] {logging_mixin.py:188} INFO - [2025-09-21T12:36:21.429+0000] {dag.py:3823} INFO - Setting next_dagrun for example_branch_dop_operator_v3 to 2025-09-21 12:35:00+00:00, run_after=2025-09-21 12:36:00+00:00
[2025-09-21T12:36:21.476+0000] {processor.py:183} INFO - Processing /home/airflow/.local/lib/python3.8/site-packages/airflow/example_dags/example_branch_python_dop_operator_3.py took 0.168 seconds
[2025-09-21T12:36:53.448+0000] {processor.py:161} INFO - Started process (PID=1766) to work on /home/airflow/.local/lib/python3.8/site-packages/airflow/example_dags/example_branch_python_dop_operator_3.py
[2025-09-21T12:36:53.450+0000] {processor.py:830} INFO - Processing file /home/airflow/.local/lib/python3.8/site-packages/airflow/example_dags/example_branch_python_dop_operator_3.py for tasks to queue
[2025-09-21T12:36:53.455+0000] {logging_mixin.py:188} INFO - [2025-09-21T12:36:53.455+0000] {dagbag.py:538} INFO - Filling up the DagBag from /home/airflow/.local/lib/python3.8/site-packages/airflow/example_dags/example_branch_python_dop_operator_3.py
[2025-09-21T12:36:53.479+0000] {processor.py:840} INFO - DAG(s) 'example_branch_dop_operator_v3' retrieved from /home/airflow/.local/lib/python3.8/site-packages/airflow/example_dags/example_branch_python_dop_operator_3.py
[2025-09-21T12:36:53.529+0000] {logging_mixin.py:188} INFO - [2025-09-21T12:36:53.528+0000] {dag.py:3036} INFO - Sync 1 DAGs
[2025-09-21T12:36:53.594+0000] {logging_mixin.py:188} INFO - [2025-09-21T12:36:53.593+0000] {dag.py:3823} INFO - Setting next_dagrun for example_branch_dop_operator_v3 to 2025-09-21 12:35:00+00:00, run_after=2025-09-21 12:36:00+00:00
[2025-09-21T12:36:53.649+0000] {processor.py:183} INFO - Processing /home/airflow/.local/lib/python3.8/site-packages/airflow/example_dags/example_branch_python_dop_operator_3.py took 0.208 seconds
[2025-09-21T12:37:23.911+0000] {processor.py:161} INFO - Started process (PID=1824) to work on /home/airflow/.local/lib/python3.8/site-packages/airflow/example_dags/example_branch_python_dop_operator_3.py
[2025-09-21T12:37:23.914+0000] {processor.py:830} INFO - Processing file /home/airflow/.local/lib/python3.8/site-packages/airflow/example_dags/example_branch_python_dop_operator_3.py for tasks to queue
[2025-09-21T12:37:23.918+0000] {logging_mixin.py:188} INFO - [2025-09-21T12:37:23.917+0000] {dagbag.py:538} INFO - Filling up the DagBag from /home/airflow/.local/lib/python3.8/site-packages/airflow/example_dags/example_branch_python_dop_operator_3.py
[2025-09-21T12:37:23.937+0000] {processor.py:840} INFO - DAG(s) 'example_branch_dop_operator_v3' retrieved from /home/airflow/.local/lib/python3.8/site-packages/airflow/example_dags/example_branch_python_dop_operator_3.py
[2025-09-21T12:37:23.984+0000] {logging_mixin.py:188} INFO - [2025-09-21T12:37:23.984+0000] {dag.py:3036} INFO - Sync 1 DAGs
[2025-09-21T12:37:24.059+0000] {logging_mixin.py:188} INFO - [2025-09-21T12:37:24.058+0000] {dag.py:3823} INFO - Setting next_dagrun for example_branch_dop_operator_v3 to 2025-09-21 12:36:00+00:00, run_after=2025-09-21 12:37:00+00:00
[2025-09-21T12:37:24.107+0000] {processor.py:183} INFO - Processing /home/airflow/.local/lib/python3.8/site-packages/airflow/example_dags/example_branch_python_dop_operator_3.py took 0.203 seconds
[2025-09-21T12:37:55.213+0000] {processor.py:161} INFO - Started process (PID=1882) to work on /home/airflow/.local/lib/python3.8/site-packages/airflow/example_dags/example_branch_python_dop_operator_3.py
[2025-09-21T12:37:55.217+0000] {processor.py:830} INFO - Processing file /home/airflow/.local/lib/python3.8/site-packages/airflow/example_dags/example_branch_python_dop_operator_3.py for tasks to queue
[2025-09-21T12:37:55.225+0000] {logging_mixin.py:188} INFO - [2025-09-21T12:37:55.224+0000] {dagbag.py:538} INFO - Filling up the DagBag from /home/airflow/.local/lib/python3.8/site-packages/airflow/example_dags/example_branch_python_dop_operator_3.py
[2025-09-21T12:37:55.264+0000] {processor.py:840} INFO - DAG(s) 'example_branch_dop_operator_v3' retrieved from /home/airflow/.local/lib/python3.8/site-packages/airflow/example_dags/example_branch_python_dop_operator_3.py
[2025-09-21T12:37:55.345+0000] {logging_mixin.py:188} INFO - [2025-09-21T12:37:55.345+0000] {dag.py:3036} INFO - Sync 1 DAGs
[2025-09-21T12:37:55.440+0000] {logging_mixin.py:188} INFO - [2025-09-21T12:37:55.440+0000] {dag.py:3823} INFO - Setting next_dagrun for example_branch_dop_operator_v3 to 2025-09-21 12:36:00+00:00, run_after=2025-09-21 12:37:00+00:00
[2025-09-21T12:37:55.486+0000] {processor.py:183} INFO - Processing /home/airflow/.local/lib/python3.8/site-packages/airflow/example_dags/example_branch_python_dop_operator_3.py took 0.286 seconds
[2025-09-21T12:38:26.501+0000] {processor.py:161} INFO - Started process (PID=1940) to work on /home/airflow/.local/lib/python3.8/site-packages/airflow/example_dags/example_branch_python_dop_operator_3.py
[2025-09-21T12:38:26.504+0000] {processor.py:830} INFO - Processing file /home/airflow/.local/lib/python3.8/site-packages/airflow/example_dags/example_branch_python_dop_operator_3.py for tasks to queue
[2025-09-21T12:38:26.508+0000] {logging_mixin.py:188} INFO - [2025-09-21T12:38:26.507+0000] {dagbag.py:538} INFO - Filling up the DagBag from /home/airflow/.local/lib/python3.8/site-packages/airflow/example_dags/example_branch_python_dop_operator_3.py
[2025-09-21T12:38:26.526+0000] {processor.py:840} INFO - DAG(s) 'example_branch_dop_operator_v3' retrieved from /home/airflow/.local/lib/python3.8/site-packages/airflow/example_dags/example_branch_python_dop_operator_3.py
[2025-09-21T12:38:26.572+0000] {logging_mixin.py:188} INFO - [2025-09-21T12:38:26.572+0000] {dag.py:3036} INFO - Sync 1 DAGs
[2025-09-21T12:38:26.855+0000] {logging_mixin.py:188} INFO - [2025-09-21T12:38:26.855+0000] {dag.py:3823} INFO - Setting next_dagrun for example_branch_dop_operator_v3 to 2025-09-21 12:37:00+00:00, run_after=2025-09-21 12:38:00+00:00
[2025-09-21T12:38:26.896+0000] {processor.py:183} INFO - Processing /home/airflow/.local/lib/python3.8/site-packages/airflow/example_dags/example_branch_python_dop_operator_3.py took 0.402 seconds
[2025-09-21T12:38:58.206+0000] {processor.py:161} INFO - Started process (PID=1999) to work on /home/airflow/.local/lib/python3.8/site-packages/airflow/example_dags/example_branch_python_dop_operator_3.py
[2025-09-21T12:38:58.209+0000] {processor.py:830} INFO - Processing file /home/airflow/.local/lib/python3.8/site-packages/airflow/example_dags/example_branch_python_dop_operator_3.py for tasks to queue
[2025-09-21T12:38:58.213+0000] {logging_mixin.py:188} INFO - [2025-09-21T12:38:58.213+0000] {dagbag.py:538} INFO - Filling up the DagBag from /home/airflow/.local/lib/python3.8/site-packages/airflow/example_dags/example_branch_python_dop_operator_3.py
[2025-09-21T12:38:58.234+0000] {processor.py:840} INFO - DAG(s) 'example_branch_dop_operator_v3' retrieved from /home/airflow/.local/lib/python3.8/site-packages/airflow/example_dags/example_branch_python_dop_operator_3.py
[2025-09-21T12:38:58.273+0000] {logging_mixin.py:188} INFO - [2025-09-21T12:38:58.272+0000] {dag.py:3036} INFO - Sync 1 DAGs
[2025-09-21T12:38:58.538+0000] {logging_mixin.py:188} INFO - [2025-09-21T12:38:58.537+0000] {dag.py:3823} INFO - Setting next_dagrun for example_branch_dop_operator_v3 to 2025-09-21 12:37:00+00:00, run_after=2025-09-21 12:38:00+00:00
[2025-09-21T12:38:58.570+0000] {processor.py:183} INFO - Processing /home/airflow/.local/lib/python3.8/site-packages/airflow/example_dags/example_branch_python_dop_operator_3.py took 0.370 seconds
[2025-09-21T12:39:30.026+0000] {processor.py:161} INFO - Started process (PID=2063) to work on /home/airflow/.local/lib/python3.8/site-packages/airflow/example_dags/example_branch_python_dop_operator_3.py
[2025-09-21T12:39:30.029+0000] {processor.py:830} INFO - Processing file /home/airflow/.local/lib/python3.8/site-packages/airflow/example_dags/example_branch_python_dop_operator_3.py for tasks to queue
[2025-09-21T12:39:30.033+0000] {logging_mixin.py:188} INFO - [2025-09-21T12:39:30.033+0000] {dagbag.py:538} INFO - Filling up the DagBag from /home/airflow/.local/lib/python3.8/site-packages/airflow/example_dags/example_branch_python_dop_operator_3.py
[2025-09-21T12:39:30.063+0000] {processor.py:840} INFO - DAG(s) 'example_branch_dop_operator_v3' retrieved from /home/airflow/.local/lib/python3.8/site-packages/airflow/example_dags/example_branch_python_dop_operator_3.py
[2025-09-21T12:39:30.127+0000] {logging_mixin.py:188} INFO - [2025-09-21T12:39:30.126+0000] {dag.py:3036} INFO - Sync 1 DAGs
[2025-09-21T12:39:30.504+0000] {logging_mixin.py:188} INFO - [2025-09-21T12:39:30.504+0000] {dag.py:3823} INFO - Setting next_dagrun for example_branch_dop_operator_v3 to 2025-09-21 12:38:00+00:00, run_after=2025-09-21 12:39:00+00:00
[2025-09-21T12:39:30.548+0000] {processor.py:183} INFO - Processing /home/airflow/.local/lib/python3.8/site-packages/airflow/example_dags/example_branch_python_dop_operator_3.py took 0.531 seconds
[2025-09-21T12:40:00.628+0000] {processor.py:161} INFO - Started process (PID=2121) to work on /home/airflow/.local/lib/python3.8/site-packages/airflow/example_dags/example_branch_python_dop_operator_3.py
[2025-09-21T12:40:00.629+0000] {processor.py:830} INFO - Processing file /home/airflow/.local/lib/python3.8/site-packages/airflow/example_dags/example_branch_python_dop_operator_3.py for tasks to queue
[2025-09-21T12:40:00.633+0000] {logging_mixin.py:188} INFO - [2025-09-21T12:40:00.632+0000] {dagbag.py:538} INFO - Filling up the DagBag from /home/airflow/.local/lib/python3.8/site-packages/airflow/example_dags/example_branch_python_dop_operator_3.py
[2025-09-21T12:40:00.656+0000] {processor.py:840} INFO - DAG(s) 'example_branch_dop_operator_v3' retrieved from /home/airflow/.local/lib/python3.8/site-packages/airflow/example_dags/example_branch_python_dop_operator_3.py
[2025-09-21T12:40:00.690+0000] {logging_mixin.py:188} INFO - [2025-09-21T12:40:00.690+0000] {dag.py:3036} INFO - Sync 1 DAGs
[2025-09-21T12:40:00.739+0000] {logging_mixin.py:188} INFO - [2025-09-21T12:40:00.739+0000] {dag.py:3823} INFO - Setting next_dagrun for example_branch_dop_operator_v3 to 2025-09-21 12:39:00+00:00, run_after=2025-09-21 12:40:00+00:00
[2025-09-21T12:40:00.774+0000] {processor.py:183} INFO - Processing /home/airflow/.local/lib/python3.8/site-packages/airflow/example_dags/example_branch_python_dop_operator_3.py took 0.154 seconds
[2025-09-21T12:40:31.548+0000] {processor.py:161} INFO - Started process (PID=2179) to work on /home/airflow/.local/lib/python3.8/site-packages/airflow/example_dags/example_branch_python_dop_operator_3.py
[2025-09-21T12:40:31.550+0000] {processor.py:830} INFO - Processing file /home/airflow/.local/lib/python3.8/site-packages/airflow/example_dags/example_branch_python_dop_operator_3.py for tasks to queue
[2025-09-21T12:40:31.554+0000] {logging_mixin.py:188} INFO - [2025-09-21T12:40:31.553+0000] {dagbag.py:538} INFO - Filling up the DagBag from /home/airflow/.local/lib/python3.8/site-packages/airflow/example_dags/example_branch_python_dop_operator_3.py
[2025-09-21T12:40:31.575+0000] {processor.py:840} INFO - DAG(s) 'example_branch_dop_operator_v3' retrieved from /home/airflow/.local/lib/python3.8/site-packages/airflow/example_dags/example_branch_python_dop_operator_3.py
[2025-09-21T12:40:31.623+0000] {logging_mixin.py:188} INFO - [2025-09-21T12:40:31.622+0000] {dag.py:3036} INFO - Sync 1 DAGs
[2025-09-21T12:40:31.686+0000] {logging_mixin.py:188} INFO - [2025-09-21T12:40:31.686+0000] {dag.py:3823} INFO - Setting next_dagrun for example_branch_dop_operator_v3 to 2025-09-21 12:39:00+00:00, run_after=2025-09-21 12:40:00+00:00
[2025-09-21T12:40:31.725+0000] {processor.py:183} INFO - Processing /home/airflow/.local/lib/python3.8/site-packages/airflow/example_dags/example_branch_python_dop_operator_3.py took 0.184 seconds
[2025-09-21T12:41:02.294+0000] {processor.py:161} INFO - Started process (PID=2235) to work on /home/airflow/.local/lib/python3.8/site-packages/airflow/example_dags/example_branch_python_dop_operator_3.py
[2025-09-21T12:41:02.297+0000] {processor.py:830} INFO - Processing file /home/airflow/.local/lib/python3.8/site-packages/airflow/example_dags/example_branch_python_dop_operator_3.py for tasks to queue
[2025-09-21T12:41:02.302+0000] {logging_mixin.py:188} INFO - [2025-09-21T12:41:02.301+0000] {dagbag.py:538} INFO - Filling up the DagBag from /home/airflow/.local/lib/python3.8/site-packages/airflow/example_dags/example_branch_python_dop_operator_3.py
[2025-09-21T12:41:02.341+0000] {processor.py:840} INFO - DAG(s) 'example_branch_dop_operator_v3' retrieved from /home/airflow/.local/lib/python3.8/site-packages/airflow/example_dags/example_branch_python_dop_operator_3.py
[2025-09-21T12:41:02.428+0000] {logging_mixin.py:188} INFO - [2025-09-21T12:41:02.427+0000] {dag.py:3036} INFO - Sync 1 DAGs
[2025-09-21T12:41:02.487+0000] {logging_mixin.py:188} INFO - [2025-09-21T12:41:02.487+0000] {dag.py:3823} INFO - Setting next_dagrun for example_branch_dop_operator_v3 to 2025-09-21 12:40:00+00:00, run_after=2025-09-21 12:41:00+00:00
[2025-09-21T12:41:02.523+0000] {processor.py:183} INFO - Processing /home/airflow/.local/lib/python3.8/site-packages/airflow/example_dags/example_branch_python_dop_operator_3.py took 0.238 seconds
[2025-09-21T12:41:32.598+0000] {processor.py:161} INFO - Started process (PID=2291) to work on /home/airflow/.local/lib/python3.8/site-packages/airflow/example_dags/example_branch_python_dop_operator_3.py
[2025-09-21T12:41:32.605+0000] {processor.py:830} INFO - Processing file /home/airflow/.local/lib/python3.8/site-packages/airflow/example_dags/example_branch_python_dop_operator_3.py for tasks to queue
[2025-09-21T12:41:32.609+0000] {logging_mixin.py:188} INFO - [2025-09-21T12:41:32.609+0000] {dagbag.py:538} INFO - Filling up the DagBag from /home/airflow/.local/lib/python3.8/site-packages/airflow/example_dags/example_branch_python_dop_operator_3.py
[2025-09-21T12:41:32.627+0000] {processor.py:840} INFO - DAG(s) 'example_branch_dop_operator_v3' retrieved from /home/airflow/.local/lib/python3.8/site-packages/airflow/example_dags/example_branch_python_dop_operator_3.py
[2025-09-21T12:41:32.663+0000] {logging_mixin.py:188} INFO - [2025-09-21T12:41:32.663+0000] {dag.py:3036} INFO - Sync 1 DAGs
[2025-09-21T12:41:32.711+0000] {logging_mixin.py:188} INFO - [2025-09-21T12:41:32.711+0000] {dag.py:3823} INFO - Setting next_dagrun for example_branch_dop_operator_v3 to 2025-09-21 12:40:00+00:00, run_after=2025-09-21 12:41:00+00:00
[2025-09-21T12:41:32.749+0000] {processor.py:183} INFO - Processing /home/airflow/.local/lib/python3.8/site-packages/airflow/example_dags/example_branch_python_dop_operator_3.py took 0.156 seconds
[2025-09-21T12:42:02.829+0000] {processor.py:161} INFO - Started process (PID=2349) to work on /home/airflow/.local/lib/python3.8/site-packages/airflow/example_dags/example_branch_python_dop_operator_3.py
[2025-09-21T12:42:02.831+0000] {processor.py:830} INFO - Processing file /home/airflow/.local/lib/python3.8/site-packages/airflow/example_dags/example_branch_python_dop_operator_3.py for tasks to queue
[2025-09-21T12:42:02.835+0000] {logging_mixin.py:188} INFO - [2025-09-21T12:42:02.834+0000] {dagbag.py:538} INFO - Filling up the DagBag from /home/airflow/.local/lib/python3.8/site-packages/airflow/example_dags/example_branch_python_dop_operator_3.py
[2025-09-21T12:42:02.858+0000] {processor.py:840} INFO - DAG(s) 'example_branch_dop_operator_v3' retrieved from /home/airflow/.local/lib/python3.8/site-packages/airflow/example_dags/example_branch_python_dop_operator_3.py
[2025-09-21T12:42:02.896+0000] {logging_mixin.py:188} INFO - [2025-09-21T12:42:02.895+0000] {dag.py:3036} INFO - Sync 1 DAGs
[2025-09-21T12:42:02.957+0000] {logging_mixin.py:188} INFO - [2025-09-21T12:42:02.957+0000] {dag.py:3823} INFO - Setting next_dagrun for example_branch_dop_operator_v3 to 2025-09-21 12:41:00+00:00, run_after=2025-09-21 12:42:00+00:00
[2025-09-21T12:42:03.003+0000] {processor.py:183} INFO - Processing /home/airflow/.local/lib/python3.8/site-packages/airflow/example_dags/example_branch_python_dop_operator_3.py took 0.180 seconds
[2025-09-21T12:42:33.291+0000] {processor.py:161} INFO - Started process (PID=2407) to work on /home/airflow/.local/lib/python3.8/site-packages/airflow/example_dags/example_branch_python_dop_operator_3.py
[2025-09-21T12:42:33.297+0000] {processor.py:830} INFO - Processing file /home/airflow/.local/lib/python3.8/site-packages/airflow/example_dags/example_branch_python_dop_operator_3.py for tasks to queue
[2025-09-21T12:42:33.308+0000] {logging_mixin.py:188} INFO - [2025-09-21T12:42:33.306+0000] {dagbag.py:538} INFO - Filling up the DagBag from /home/airflow/.local/lib/python3.8/site-packages/airflow/example_dags/example_branch_python_dop_operator_3.py
[2025-09-21T12:42:33.360+0000] {processor.py:840} INFO - DAG(s) 'example_branch_dop_operator_v3' retrieved from /home/airflow/.local/lib/python3.8/site-packages/airflow/example_dags/example_branch_python_dop_operator_3.py
[2025-09-21T12:42:33.421+0000] {logging_mixin.py:188} INFO - [2025-09-21T12:42:33.420+0000] {dag.py:3036} INFO - Sync 1 DAGs
[2025-09-21T12:42:33.509+0000] {logging_mixin.py:188} INFO - [2025-09-21T12:42:33.509+0000] {dag.py:3823} INFO - Setting next_dagrun for example_branch_dop_operator_v3 to 2025-09-21 12:41:00+00:00, run_after=2025-09-21 12:42:00+00:00
[2025-09-21T12:42:33.591+0000] {processor.py:183} INFO - Processing /home/airflow/.local/lib/python3.8/site-packages/airflow/example_dags/example_branch_python_dop_operator_3.py took 0.318 seconds
[2025-09-21T12:43:03.754+0000] {processor.py:161} INFO - Started process (PID=2465) to work on /home/airflow/.local/lib/python3.8/site-packages/airflow/example_dags/example_branch_python_dop_operator_3.py
[2025-09-21T12:43:03.757+0000] {processor.py:830} INFO - Processing file /home/airflow/.local/lib/python3.8/site-packages/airflow/example_dags/example_branch_python_dop_operator_3.py for tasks to queue
[2025-09-21T12:43:03.761+0000] {logging_mixin.py:188} INFO - [2025-09-21T12:43:03.760+0000] {dagbag.py:538} INFO - Filling up the DagBag from /home/airflow/.local/lib/python3.8/site-packages/airflow/example_dags/example_branch_python_dop_operator_3.py
[2025-09-21T12:43:03.794+0000] {processor.py:840} INFO - DAG(s) 'example_branch_dop_operator_v3' retrieved from /home/airflow/.local/lib/python3.8/site-packages/airflow/example_dags/example_branch_python_dop_operator_3.py
[2025-09-21T12:43:03.830+0000] {logging_mixin.py:188} INFO - [2025-09-21T12:43:03.830+0000] {dag.py:3036} INFO - Sync 1 DAGs
[2025-09-21T12:43:03.884+0000] {logging_mixin.py:188} INFO - [2025-09-21T12:43:03.883+0000] {dag.py:3823} INFO - Setting next_dagrun for example_branch_dop_operator_v3 to 2025-09-21 12:42:00+00:00, run_after=2025-09-21 12:43:00+00:00
[2025-09-21T12:43:03.919+0000] {processor.py:183} INFO - Processing /home/airflow/.local/lib/python3.8/site-packages/airflow/example_dags/example_branch_python_dop_operator_3.py took 0.176 seconds
[2025-09-21T12:43:34.488+0000] {processor.py:161} INFO - Started process (PID=2523) to work on /home/airflow/.local/lib/python3.8/site-packages/airflow/example_dags/example_branch_python_dop_operator_3.py
[2025-09-21T12:43:34.491+0000] {processor.py:830} INFO - Processing file /home/airflow/.local/lib/python3.8/site-packages/airflow/example_dags/example_branch_python_dop_operator_3.py for tasks to queue
[2025-09-21T12:43:34.496+0000] {logging_mixin.py:188} INFO - [2025-09-21T12:43:34.496+0000] {dagbag.py:538} INFO - Filling up the DagBag from /home/airflow/.local/lib/python3.8/site-packages/airflow/example_dags/example_branch_python_dop_operator_3.py
[2025-09-21T12:43:34.520+0000] {processor.py:840} INFO - DAG(s) 'example_branch_dop_operator_v3' retrieved from /home/airflow/.local/lib/python3.8/site-packages/airflow/example_dags/example_branch_python_dop_operator_3.py
[2025-09-21T12:43:34.569+0000] {logging_mixin.py:188} INFO - [2025-09-21T12:43:34.568+0000] {dag.py:3036} INFO - Sync 1 DAGs
[2025-09-21T12:43:34.642+0000] {logging_mixin.py:188} INFO - [2025-09-21T12:43:34.642+0000] {dag.py:3823} INFO - Setting next_dagrun for example_branch_dop_operator_v3 to 2025-09-21 12:42:00+00:00, run_after=2025-09-21 12:43:00+00:00
[2025-09-21T12:43:34.689+0000] {processor.py:183} INFO - Processing /home/airflow/.local/lib/python3.8/site-packages/airflow/example_dags/example_branch_python_dop_operator_3.py took 0.210 seconds
[2025-09-21T12:44:05.210+0000] {processor.py:161} INFO - Started process (PID=2581) to work on /home/airflow/.local/lib/python3.8/site-packages/airflow/example_dags/example_branch_python_dop_operator_3.py
[2025-09-21T12:44:05.213+0000] {processor.py:830} INFO - Processing file /home/airflow/.local/lib/python3.8/site-packages/airflow/example_dags/example_branch_python_dop_operator_3.py for tasks to queue
[2025-09-21T12:44:05.218+0000] {logging_mixin.py:188} INFO - [2025-09-21T12:44:05.217+0000] {dagbag.py:538} INFO - Filling up the DagBag from /home/airflow/.local/lib/python3.8/site-packages/airflow/example_dags/example_branch_python_dop_operator_3.py
[2025-09-21T12:44:05.254+0000] {processor.py:840} INFO - DAG(s) 'example_branch_dop_operator_v3' retrieved from /home/airflow/.local/lib/python3.8/site-packages/airflow/example_dags/example_branch_python_dop_operator_3.py
[2025-09-21T12:44:05.311+0000] {logging_mixin.py:188} INFO - [2025-09-21T12:44:05.310+0000] {dag.py:3036} INFO - Sync 1 DAGs
[2025-09-21T12:44:05.391+0000] {logging_mixin.py:188} INFO - [2025-09-21T12:44:05.390+0000] {dag.py:3823} INFO - Setting next_dagrun for example_branch_dop_operator_v3 to 2025-09-21 12:43:00+00:00, run_after=2025-09-21 12:44:00+00:00
[2025-09-21T12:44:05.446+0000] {processor.py:183} INFO - Processing /home/airflow/.local/lib/python3.8/site-packages/airflow/example_dags/example_branch_python_dop_operator_3.py took 0.245 seconds
[2025-09-21T12:44:36.151+0000] {processor.py:161} INFO - Started process (PID=2639) to work on /home/airflow/.local/lib/python3.8/site-packages/airflow/example_dags/example_branch_python_dop_operator_3.py
[2025-09-21T12:44:36.154+0000] {processor.py:830} INFO - Processing file /home/airflow/.local/lib/python3.8/site-packages/airflow/example_dags/example_branch_python_dop_operator_3.py for tasks to queue
[2025-09-21T12:44:36.157+0000] {logging_mixin.py:188} INFO - [2025-09-21T12:44:36.157+0000] {dagbag.py:538} INFO - Filling up the DagBag from /home/airflow/.local/lib/python3.8/site-packages/airflow/example_dags/example_branch_python_dop_operator_3.py
[2025-09-21T12:44:36.175+0000] {processor.py:840} INFO - DAG(s) 'example_branch_dop_operator_v3' retrieved from /home/airflow/.local/lib/python3.8/site-packages/airflow/example_dags/example_branch_python_dop_operator_3.py
[2025-09-21T12:44:36.216+0000] {logging_mixin.py:188} INFO - [2025-09-21T12:44:36.216+0000] {dag.py:3036} INFO - Sync 1 DAGs
[2025-09-21T12:44:36.268+0000] {logging_mixin.py:188} INFO - [2025-09-21T12:44:36.268+0000] {dag.py:3823} INFO - Setting next_dagrun for example_branch_dop_operator_v3 to 2025-09-21 12:43:00+00:00, run_after=2025-09-21 12:44:00+00:00
[2025-09-21T12:44:36.309+0000] {processor.py:183} INFO - Processing /home/airflow/.local/lib/python3.8/site-packages/airflow/example_dags/example_branch_python_dop_operator_3.py took 0.164 seconds
[2025-09-21T12:45:07.001+0000] {processor.py:161} INFO - Started process (PID=2697) to work on /home/airflow/.local/lib/python3.8/site-packages/airflow/example_dags/example_branch_python_dop_operator_3.py
[2025-09-21T12:45:07.004+0000] {processor.py:830} INFO - Processing file /home/airflow/.local/lib/python3.8/site-packages/airflow/example_dags/example_branch_python_dop_operator_3.py for tasks to queue
[2025-09-21T12:45:07.008+0000] {logging_mixin.py:188} INFO - [2025-09-21T12:45:07.008+0000] {dagbag.py:538} INFO - Filling up the DagBag from /home/airflow/.local/lib/python3.8/site-packages/airflow/example_dags/example_branch_python_dop_operator_3.py
[2025-09-21T12:45:07.035+0000] {processor.py:840} INFO - DAG(s) 'example_branch_dop_operator_v3' retrieved from /home/airflow/.local/lib/python3.8/site-packages/airflow/example_dags/example_branch_python_dop_operator_3.py
[2025-09-21T12:45:07.096+0000] {logging_mixin.py:188} INFO - [2025-09-21T12:45:07.096+0000] {dag.py:3036} INFO - Sync 1 DAGs
[2025-09-21T12:45:07.162+0000] {logging_mixin.py:188} INFO - [2025-09-21T12:45:07.161+0000] {dag.py:3823} INFO - Setting next_dagrun for example_branch_dop_operator_v3 to 2025-09-21 12:44:00+00:00, run_after=2025-09-21 12:45:00+00:00
[2025-09-21T12:45:07.206+0000] {processor.py:183} INFO - Processing /home/airflow/.local/lib/python3.8/site-packages/airflow/example_dags/example_branch_python_dop_operator_3.py took 0.214 seconds
[2025-09-21T12:45:37.433+0000] {processor.py:161} INFO - Started process (PID=2755) to work on /home/airflow/.local/lib/python3.8/site-packages/airflow/example_dags/example_branch_python_dop_operator_3.py
[2025-09-21T12:45:37.435+0000] {processor.py:830} INFO - Processing file /home/airflow/.local/lib/python3.8/site-packages/airflow/example_dags/example_branch_python_dop_operator_3.py for tasks to queue
[2025-09-21T12:45:37.440+0000] {logging_mixin.py:188} INFO - [2025-09-21T12:45:37.439+0000] {dagbag.py:538} INFO - Filling up the DagBag from /home/airflow/.local/lib/python3.8/site-packages/airflow/example_dags/example_branch_python_dop_operator_3.py
[2025-09-21T12:45:37.463+0000] {processor.py:840} INFO - DAG(s) 'example_branch_dop_operator_v3' retrieved from /home/airflow/.local/lib/python3.8/site-packages/airflow/example_dags/example_branch_python_dop_operator_3.py
[2025-09-21T12:45:37.515+0000] {logging_mixin.py:188} INFO - [2025-09-21T12:45:37.514+0000] {dag.py:3036} INFO - Sync 1 DAGs
[2025-09-21T12:45:37.582+0000] {logging_mixin.py:188} INFO - [2025-09-21T12:45:37.581+0000] {dag.py:3823} INFO - Setting next_dagrun for example_branch_dop_operator_v3 to 2025-09-21 12:44:00+00:00, run_after=2025-09-21 12:45:00+00:00
[2025-09-21T12:45:37.632+0000] {processor.py:183} INFO - Processing /home/airflow/.local/lib/python3.8/site-packages/airflow/example_dags/example_branch_python_dop_operator_3.py took 0.207 seconds
[2025-09-21T12:46:08.146+0000] {processor.py:161} INFO - Started process (PID=2813) to work on /home/airflow/.local/lib/python3.8/site-packages/airflow/example_dags/example_branch_python_dop_operator_3.py
[2025-09-21T12:46:08.152+0000] {processor.py:830} INFO - Processing file /home/airflow/.local/lib/python3.8/site-packages/airflow/example_dags/example_branch_python_dop_operator_3.py for tasks to queue
[2025-09-21T12:46:08.162+0000] {logging_mixin.py:188} INFO - [2025-09-21T12:46:08.161+0000] {dagbag.py:538} INFO - Filling up the DagBag from /home/airflow/.local/lib/python3.8/site-packages/airflow/example_dags/example_branch_python_dop_operator_3.py
[2025-09-21T12:46:08.205+0000] {processor.py:840} INFO - DAG(s) 'example_branch_dop_operator_v3' retrieved from /home/airflow/.local/lib/python3.8/site-packages/airflow/example_dags/example_branch_python_dop_operator_3.py
[2025-09-21T12:46:08.286+0000] {logging_mixin.py:188} INFO - [2025-09-21T12:46:08.285+0000] {dag.py:3036} INFO - Sync 1 DAGs
[2025-09-21T12:46:08.400+0000] {logging_mixin.py:188} INFO - [2025-09-21T12:46:08.399+0000] {dag.py:3823} INFO - Setting next_dagrun for example_branch_dop_operator_v3 to 2025-09-21 12:45:00+00:00, run_after=2025-09-21 12:46:00+00:00
[2025-09-21T12:46:08.476+0000] {processor.py:183} INFO - Processing /home/airflow/.local/lib/python3.8/site-packages/airflow/example_dags/example_branch_python_dop_operator_3.py took 0.348 seconds
[2025-09-21T12:46:38.684+0000] {processor.py:161} INFO - Started process (PID=2871) to work on /home/airflow/.local/lib/python3.8/site-packages/airflow/example_dags/example_branch_python_dop_operator_3.py
[2025-09-21T12:46:38.687+0000] {processor.py:830} INFO - Processing file /home/airflow/.local/lib/python3.8/site-packages/airflow/example_dags/example_branch_python_dop_operator_3.py for tasks to queue
[2025-09-21T12:46:38.692+0000] {logging_mixin.py:188} INFO - [2025-09-21T12:46:38.691+0000] {dagbag.py:538} INFO - Filling up the DagBag from /home/airflow/.local/lib/python3.8/site-packages/airflow/example_dags/example_branch_python_dop_operator_3.py
[2025-09-21T12:46:38.717+0000] {processor.py:840} INFO - DAG(s) 'example_branch_dop_operator_v3' retrieved from /home/airflow/.local/lib/python3.8/site-packages/airflow/example_dags/example_branch_python_dop_operator_3.py
[2025-09-21T12:46:38.783+0000] {logging_mixin.py:188} INFO - [2025-09-21T12:46:38.782+0000] {dag.py:3036} INFO - Sync 1 DAGs
[2025-09-21T12:46:38.872+0000] {logging_mixin.py:188} INFO - [2025-09-21T12:46:38.872+0000] {dag.py:3823} INFO - Setting next_dagrun for example_branch_dop_operator_v3 to 2025-09-21 12:45:00+00:00, run_after=2025-09-21 12:46:00+00:00
[2025-09-21T12:46:38.934+0000] {processor.py:183} INFO - Processing /home/airflow/.local/lib/python3.8/site-packages/airflow/example_dags/example_branch_python_dop_operator_3.py took 0.259 seconds
[2025-09-21T12:47:09.269+0000] {processor.py:161} INFO - Started process (PID=2929) to work on /home/airflow/.local/lib/python3.8/site-packages/airflow/example_dags/example_branch_python_dop_operator_3.py
[2025-09-21T12:47:09.272+0000] {processor.py:830} INFO - Processing file /home/airflow/.local/lib/python3.8/site-packages/airflow/example_dags/example_branch_python_dop_operator_3.py for tasks to queue
[2025-09-21T12:47:09.278+0000] {logging_mixin.py:188} INFO - [2025-09-21T12:47:09.277+0000] {dagbag.py:538} INFO - Filling up the DagBag from /home/airflow/.local/lib/python3.8/site-packages/airflow/example_dags/example_branch_python_dop_operator_3.py
[2025-09-21T12:47:09.304+0000] {processor.py:840} INFO - DAG(s) 'example_branch_dop_operator_v3' retrieved from /home/airflow/.local/lib/python3.8/site-packages/airflow/example_dags/example_branch_python_dop_operator_3.py
[2025-09-21T12:47:09.363+0000] {logging_mixin.py:188} INFO - [2025-09-21T12:47:09.363+0000] {dag.py:3036} INFO - Sync 1 DAGs
[2025-09-21T12:47:09.443+0000] {logging_mixin.py:188} INFO - [2025-09-21T12:47:09.443+0000] {dag.py:3823} INFO - Setting next_dagrun for example_branch_dop_operator_v3 to 2025-09-21 12:46:00+00:00, run_after=2025-09-21 12:47:00+00:00
[2025-09-21T12:47:09.500+0000] {processor.py:183} INFO - Processing /home/airflow/.local/lib/python3.8/site-packages/airflow/example_dags/example_branch_python_dop_operator_3.py took 0.239 seconds
[2025-09-21T12:47:39.727+0000] {processor.py:161} INFO - Started process (PID=2987) to work on /home/airflow/.local/lib/python3.8/site-packages/airflow/example_dags/example_branch_python_dop_operator_3.py
[2025-09-21T12:47:39.729+0000] {processor.py:830} INFO - Processing file /home/airflow/.local/lib/python3.8/site-packages/airflow/example_dags/example_branch_python_dop_operator_3.py for tasks to queue
[2025-09-21T12:47:39.732+0000] {logging_mixin.py:188} INFO - [2025-09-21T12:47:39.732+0000] {dagbag.py:538} INFO - Filling up the DagBag from /home/airflow/.local/lib/python3.8/site-packages/airflow/example_dags/example_branch_python_dop_operator_3.py
[2025-09-21T12:47:39.754+0000] {processor.py:840} INFO - DAG(s) 'example_branch_dop_operator_v3' retrieved from /home/airflow/.local/lib/python3.8/site-packages/airflow/example_dags/example_branch_python_dop_operator_3.py
[2025-09-21T12:47:39.794+0000] {logging_mixin.py:188} INFO - [2025-09-21T12:47:39.794+0000] {dag.py:3036} INFO - Sync 1 DAGs
[2025-09-21T12:47:39.848+0000] {logging_mixin.py:188} INFO - [2025-09-21T12:47:39.847+0000] {dag.py:3823} INFO - Setting next_dagrun for example_branch_dop_operator_v3 to 2025-09-21 12:46:00+00:00, run_after=2025-09-21 12:47:00+00:00
[2025-09-21T12:47:39.905+0000] {processor.py:183} INFO - Processing /home/airflow/.local/lib/python3.8/site-packages/airflow/example_dags/example_branch_python_dop_operator_3.py took 0.184 seconds
[2025-09-21T12:48:10.065+0000] {processor.py:161} INFO - Started process (PID=3045) to work on /home/airflow/.local/lib/python3.8/site-packages/airflow/example_dags/example_branch_python_dop_operator_3.py
[2025-09-21T12:48:10.067+0000] {processor.py:830} INFO - Processing file /home/airflow/.local/lib/python3.8/site-packages/airflow/example_dags/example_branch_python_dop_operator_3.py for tasks to queue
[2025-09-21T12:48:10.072+0000] {logging_mixin.py:188} INFO - [2025-09-21T12:48:10.071+0000] {dagbag.py:538} INFO - Filling up the DagBag from /home/airflow/.local/lib/python3.8/site-packages/airflow/example_dags/example_branch_python_dop_operator_3.py
[2025-09-21T12:48:10.090+0000] {processor.py:840} INFO - DAG(s) 'example_branch_dop_operator_v3' retrieved from /home/airflow/.local/lib/python3.8/site-packages/airflow/example_dags/example_branch_python_dop_operator_3.py
[2025-09-21T12:48:10.128+0000] {logging_mixin.py:188} INFO - [2025-09-21T12:48:10.128+0000] {dag.py:3036} INFO - Sync 1 DAGs
[2025-09-21T12:48:10.186+0000] {logging_mixin.py:188} INFO - [2025-09-21T12:48:10.186+0000] {dag.py:3823} INFO - Setting next_dagrun for example_branch_dop_operator_v3 to 2025-09-21 12:47:00+00:00, run_after=2025-09-21 12:48:00+00:00
[2025-09-21T12:48:10.221+0000] {processor.py:183} INFO - Processing /home/airflow/.local/lib/python3.8/site-packages/airflow/example_dags/example_branch_python_dop_operator_3.py took 0.163 seconds
[2025-09-21T12:48:40.987+0000] {processor.py:161} INFO - Started process (PID=3103) to work on /home/airflow/.local/lib/python3.8/site-packages/airflow/example_dags/example_branch_python_dop_operator_3.py
[2025-09-21T12:48:40.989+0000] {processor.py:830} INFO - Processing file /home/airflow/.local/lib/python3.8/site-packages/airflow/example_dags/example_branch_python_dop_operator_3.py for tasks to queue
[2025-09-21T12:48:40.992+0000] {logging_mixin.py:188} INFO - [2025-09-21T12:48:40.991+0000] {dagbag.py:538} INFO - Filling up the DagBag from /home/airflow/.local/lib/python3.8/site-packages/airflow/example_dags/example_branch_python_dop_operator_3.py
[2025-09-21T12:48:41.009+0000] {processor.py:840} INFO - DAG(s) 'example_branch_dop_operator_v3' retrieved from /home/airflow/.local/lib/python3.8/site-packages/airflow/example_dags/example_branch_python_dop_operator_3.py
[2025-09-21T12:48:41.044+0000] {logging_mixin.py:188} INFO - [2025-09-21T12:48:41.043+0000] {dag.py:3036} INFO - Sync 1 DAGs
[2025-09-21T12:48:41.092+0000] {logging_mixin.py:188} INFO - [2025-09-21T12:48:41.092+0000] {dag.py:3823} INFO - Setting next_dagrun for example_branch_dop_operator_v3 to 2025-09-21 12:47:00+00:00, run_after=2025-09-21 12:48:00+00:00
[2025-09-21T12:48:41.127+0000] {processor.py:183} INFO - Processing /home/airflow/.local/lib/python3.8/site-packages/airflow/example_dags/example_branch_python_dop_operator_3.py took 0.146 seconds
[2025-09-21T12:49:12.035+0000] {processor.py:161} INFO - Started process (PID=3161) to work on /home/airflow/.local/lib/python3.8/site-packages/airflow/example_dags/example_branch_python_dop_operator_3.py
[2025-09-21T12:49:12.040+0000] {processor.py:830} INFO - Processing file /home/airflow/.local/lib/python3.8/site-packages/airflow/example_dags/example_branch_python_dop_operator_3.py for tasks to queue
[2025-09-21T12:49:12.049+0000] {logging_mixin.py:188} INFO - [2025-09-21T12:49:12.048+0000] {dagbag.py:538} INFO - Filling up the DagBag from /home/airflow/.local/lib/python3.8/site-packages/airflow/example_dags/example_branch_python_dop_operator_3.py
[2025-09-21T12:49:12.131+0000] {processor.py:840} INFO - DAG(s) 'example_branch_dop_operator_v3' retrieved from /home/airflow/.local/lib/python3.8/site-packages/airflow/example_dags/example_branch_python_dop_operator_3.py
[2025-09-21T12:49:12.222+0000] {logging_mixin.py:188} INFO - [2025-09-21T12:49:12.221+0000] {dag.py:3036} INFO - Sync 1 DAGs
[2025-09-21T12:49:12.299+0000] {logging_mixin.py:188} INFO - [2025-09-21T12:49:12.298+0000] {dag.py:3823} INFO - Setting next_dagrun for example_branch_dop_operator_v3 to 2025-09-21 12:48:00+00:00, run_after=2025-09-21 12:49:00+00:00
[2025-09-21T12:49:12.356+0000] {processor.py:183} INFO - Processing /home/airflow/.local/lib/python3.8/site-packages/airflow/example_dags/example_branch_python_dop_operator_3.py took 0.336 seconds
[2025-09-21T12:49:42.495+0000] {processor.py:161} INFO - Started process (PID=3220) to work on /home/airflow/.local/lib/python3.8/site-packages/airflow/example_dags/example_branch_python_dop_operator_3.py
[2025-09-21T12:49:42.498+0000] {processor.py:830} INFO - Processing file /home/airflow/.local/lib/python3.8/site-packages/airflow/example_dags/example_branch_python_dop_operator_3.py for tasks to queue
[2025-09-21T12:49:42.504+0000] {logging_mixin.py:188} INFO - [2025-09-21T12:49:42.503+0000] {dagbag.py:538} INFO - Filling up the DagBag from /home/airflow/.local/lib/python3.8/site-packages/airflow/example_dags/example_branch_python_dop_operator_3.py
[2025-09-21T12:49:42.535+0000] {processor.py:840} INFO - DAG(s) 'example_branch_dop_operator_v3' retrieved from /home/airflow/.local/lib/python3.8/site-packages/airflow/example_dags/example_branch_python_dop_operator_3.py
[2025-09-21T12:49:42.591+0000] {logging_mixin.py:188} INFO - [2025-09-21T12:49:42.590+0000] {dag.py:3036} INFO - Sync 1 DAGs
[2025-09-21T12:49:42.682+0000] {logging_mixin.py:188} INFO - [2025-09-21T12:49:42.682+0000] {dag.py:3823} INFO - Setting next_dagrun for example_branch_dop_operator_v3 to 2025-09-21 12:48:00+00:00, run_after=2025-09-21 12:49:00+00:00
[2025-09-21T12:49:42.727+0000] {processor.py:183} INFO - Processing /home/airflow/.local/lib/python3.8/site-packages/airflow/example_dags/example_branch_python_dop_operator_3.py took 0.246 seconds
[2025-09-21T12:50:12.814+0000] {processor.py:161} INFO - Started process (PID=3278) to work on /home/airflow/.local/lib/python3.8/site-packages/airflow/example_dags/example_branch_python_dop_operator_3.py
[2025-09-21T12:50:12.816+0000] {processor.py:830} INFO - Processing file /home/airflow/.local/lib/python3.8/site-packages/airflow/example_dags/example_branch_python_dop_operator_3.py for tasks to queue
[2025-09-21T12:50:12.822+0000] {logging_mixin.py:188} INFO - [2025-09-21T12:50:12.821+0000] {dagbag.py:538} INFO - Filling up the DagBag from /home/airflow/.local/lib/python3.8/site-packages/airflow/example_dags/example_branch_python_dop_operator_3.py
[2025-09-21T12:50:12.842+0000] {processor.py:840} INFO - DAG(s) 'example_branch_dop_operator_v3' retrieved from /home/airflow/.local/lib/python3.8/site-packages/airflow/example_dags/example_branch_python_dop_operator_3.py
[2025-09-21T12:50:12.879+0000] {logging_mixin.py:188} INFO - [2025-09-21T12:50:12.879+0000] {dag.py:3036} INFO - Sync 1 DAGs
[2025-09-21T12:50:12.940+0000] {logging_mixin.py:188} INFO - [2025-09-21T12:50:12.939+0000] {dag.py:3823} INFO - Setting next_dagrun for example_branch_dop_operator_v3 to 2025-09-21 12:49:00+00:00, run_after=2025-09-21 12:50:00+00:00
[2025-09-21T12:50:13.010+0000] {processor.py:183} INFO - Processing /home/airflow/.local/lib/python3.8/site-packages/airflow/example_dags/example_branch_python_dop_operator_3.py took 0.203 seconds
[2025-09-21T15:01:31.160+0000] {processor.py:161} INFO - Started process (PID=87) to work on /home/airflow/.local/lib/python3.8/site-packages/airflow/example_dags/example_branch_python_dop_operator_3.py
[2025-09-21T15:01:31.162+0000] {processor.py:830} INFO - Processing file /home/airflow/.local/lib/python3.8/site-packages/airflow/example_dags/example_branch_python_dop_operator_3.py for tasks to queue
[2025-09-21T15:01:31.166+0000] {logging_mixin.py:188} INFO - [2025-09-21T15:01:31.165+0000] {dagbag.py:538} INFO - Filling up the DagBag from /home/airflow/.local/lib/python3.8/site-packages/airflow/example_dags/example_branch_python_dop_operator_3.py
[2025-09-21T15:01:31.196+0000] {processor.py:840} INFO - DAG(s) 'example_branch_dop_operator_v3' retrieved from /home/airflow/.local/lib/python3.8/site-packages/airflow/example_dags/example_branch_python_dop_operator_3.py
[2025-09-21T15:01:31.426+0000] {logging_mixin.py:188} INFO - [2025-09-21T15:01:31.426+0000] {dag.py:3036} INFO - Sync 1 DAGs
[2025-09-21T15:01:31.492+0000] {logging_mixin.py:188} INFO - [2025-09-21T15:01:31.491+0000] {dag.py:3823} INFO - Setting next_dagrun for example_branch_dop_operator_v3 to 2025-09-21 15:00:00+00:00, run_after=2025-09-21 15:01:00+00:00
[2025-09-21T15:01:31.534+0000] {processor.py:183} INFO - Processing /home/airflow/.local/lib/python3.8/site-packages/airflow/example_dags/example_branch_python_dop_operator_3.py took 0.381 seconds
[2025-09-21T15:02:01.633+0000] {processor.py:161} INFO - Started process (PID=145) to work on /home/airflow/.local/lib/python3.8/site-packages/airflow/example_dags/example_branch_python_dop_operator_3.py
[2025-09-21T15:02:01.635+0000] {processor.py:830} INFO - Processing file /home/airflow/.local/lib/python3.8/site-packages/airflow/example_dags/example_branch_python_dop_operator_3.py for tasks to queue
[2025-09-21T15:02:01.638+0000] {logging_mixin.py:188} INFO - [2025-09-21T15:02:01.638+0000] {dagbag.py:538} INFO - Filling up the DagBag from /home/airflow/.local/lib/python3.8/site-packages/airflow/example_dags/example_branch_python_dop_operator_3.py
[2025-09-21T15:02:01.656+0000] {processor.py:840} INFO - DAG(s) 'example_branch_dop_operator_v3' retrieved from /home/airflow/.local/lib/python3.8/site-packages/airflow/example_dags/example_branch_python_dop_operator_3.py
[2025-09-21T15:02:01.695+0000] {logging_mixin.py:188} INFO - [2025-09-21T15:02:01.694+0000] {dag.py:3036} INFO - Sync 1 DAGs
[2025-09-21T15:02:01.775+0000] {logging_mixin.py:188} INFO - [2025-09-21T15:02:01.775+0000] {dag.py:3823} INFO - Setting next_dagrun for example_branch_dop_operator_v3 to 2025-09-21 15:01:00+00:00, run_after=2025-09-21 15:02:00+00:00
[2025-09-21T15:02:01.810+0000] {processor.py:183} INFO - Processing /home/airflow/.local/lib/python3.8/site-packages/airflow/example_dags/example_branch_python_dop_operator_3.py took 0.183 seconds
[2025-09-21T15:02:32.105+0000] {processor.py:161} INFO - Started process (PID=203) to work on /home/airflow/.local/lib/python3.8/site-packages/airflow/example_dags/example_branch_python_dop_operator_3.py
[2025-09-21T15:02:32.107+0000] {processor.py:830} INFO - Processing file /home/airflow/.local/lib/python3.8/site-packages/airflow/example_dags/example_branch_python_dop_operator_3.py for tasks to queue
[2025-09-21T15:02:32.110+0000] {logging_mixin.py:188} INFO - [2025-09-21T15:02:32.110+0000] {dagbag.py:538} INFO - Filling up the DagBag from /home/airflow/.local/lib/python3.8/site-packages/airflow/example_dags/example_branch_python_dop_operator_3.py
[2025-09-21T15:02:32.131+0000] {processor.py:840} INFO - DAG(s) 'example_branch_dop_operator_v3' retrieved from /home/airflow/.local/lib/python3.8/site-packages/airflow/example_dags/example_branch_python_dop_operator_3.py
[2025-09-21T15:02:32.171+0000] {logging_mixin.py:188} INFO - [2025-09-21T15:02:32.170+0000] {dag.py:3036} INFO - Sync 1 DAGs
[2025-09-21T15:02:32.226+0000] {logging_mixin.py:188} INFO - [2025-09-21T15:02:32.225+0000] {dag.py:3823} INFO - Setting next_dagrun for example_branch_dop_operator_v3 to 2025-09-21 15:01:00+00:00, run_after=2025-09-21 15:02:00+00:00
[2025-09-21T15:02:32.267+0000] {processor.py:183} INFO - Processing /home/airflow/.local/lib/python3.8/site-packages/airflow/example_dags/example_branch_python_dop_operator_3.py took 0.170 seconds
[2025-09-21T15:03:03.697+0000] {processor.py:161} INFO - Started process (PID=261) to work on /home/airflow/.local/lib/python3.8/site-packages/airflow/example_dags/example_branch_python_dop_operator_3.py
[2025-09-21T15:03:03.699+0000] {processor.py:830} INFO - Processing file /home/airflow/.local/lib/python3.8/site-packages/airflow/example_dags/example_branch_python_dop_operator_3.py for tasks to queue
[2025-09-21T15:03:03.705+0000] {logging_mixin.py:188} INFO - [2025-09-21T15:03:03.704+0000] {dagbag.py:538} INFO - Filling up the DagBag from /home/airflow/.local/lib/python3.8/site-packages/airflow/example_dags/example_branch_python_dop_operator_3.py
[2025-09-21T15:03:03.728+0000] {processor.py:840} INFO - DAG(s) 'example_branch_dop_operator_v3' retrieved from /home/airflow/.local/lib/python3.8/site-packages/airflow/example_dags/example_branch_python_dop_operator_3.py
[2025-09-21T15:03:03.801+0000] {logging_mixin.py:188} INFO - [2025-09-21T15:03:03.800+0000] {dag.py:3036} INFO - Sync 1 DAGs
[2025-09-21T15:03:03.881+0000] {logging_mixin.py:188} INFO - [2025-09-21T15:03:03.881+0000] {dag.py:3823} INFO - Setting next_dagrun for example_branch_dop_operator_v3 to 2025-09-21 15:02:00+00:00, run_after=2025-09-21 15:03:00+00:00
[2025-09-21T15:03:03.919+0000] {processor.py:183} INFO - Processing /home/airflow/.local/lib/python3.8/site-packages/airflow/example_dags/example_branch_python_dop_operator_3.py took 0.229 seconds
[2025-09-21T15:03:34.794+0000] {processor.py:161} INFO - Started process (PID=319) to work on /home/airflow/.local/lib/python3.8/site-packages/airflow/example_dags/example_branch_python_dop_operator_3.py
[2025-09-21T15:03:34.796+0000] {processor.py:830} INFO - Processing file /home/airflow/.local/lib/python3.8/site-packages/airflow/example_dags/example_branch_python_dop_operator_3.py for tasks to queue
[2025-09-21T15:03:34.800+0000] {logging_mixin.py:188} INFO - [2025-09-21T15:03:34.799+0000] {dagbag.py:538} INFO - Filling up the DagBag from /home/airflow/.local/lib/python3.8/site-packages/airflow/example_dags/example_branch_python_dop_operator_3.py
[2025-09-21T15:03:34.818+0000] {processor.py:840} INFO - DAG(s) 'example_branch_dop_operator_v3' retrieved from /home/airflow/.local/lib/python3.8/site-packages/airflow/example_dags/example_branch_python_dop_operator_3.py
[2025-09-21T15:03:34.861+0000] {logging_mixin.py:188} INFO - [2025-09-21T15:03:34.861+0000] {dag.py:3036} INFO - Sync 1 DAGs
[2025-09-21T15:03:34.909+0000] {logging_mixin.py:188} INFO - [2025-09-21T15:03:34.908+0000] {dag.py:3823} INFO - Setting next_dagrun for example_branch_dop_operator_v3 to 2025-09-21 15:02:00+00:00, run_after=2025-09-21 15:03:00+00:00
[2025-09-21T15:03:34.956+0000] {processor.py:183} INFO - Processing /home/airflow/.local/lib/python3.8/site-packages/airflow/example_dags/example_branch_python_dop_operator_3.py took 0.167 seconds
[2025-09-21T15:04:05.675+0000] {processor.py:161} INFO - Started process (PID=383) to work on /home/airflow/.local/lib/python3.8/site-packages/airflow/example_dags/example_branch_python_dop_operator_3.py
[2025-09-21T15:04:05.677+0000] {processor.py:830} INFO - Processing file /home/airflow/.local/lib/python3.8/site-packages/airflow/example_dags/example_branch_python_dop_operator_3.py for tasks to queue
[2025-09-21T15:04:05.683+0000] {logging_mixin.py:188} INFO - [2025-09-21T15:04:05.682+0000] {dagbag.py:538} INFO - Filling up the DagBag from /home/airflow/.local/lib/python3.8/site-packages/airflow/example_dags/example_branch_python_dop_operator_3.py
[2025-09-21T15:04:05.700+0000] {processor.py:840} INFO - DAG(s) 'example_branch_dop_operator_v3' retrieved from /home/airflow/.local/lib/python3.8/site-packages/airflow/example_dags/example_branch_python_dop_operator_3.py
[2025-09-21T15:04:05.758+0000] {logging_mixin.py:188} INFO - [2025-09-21T15:04:05.758+0000] {dag.py:3036} INFO - Sync 1 DAGs
[2025-09-21T15:04:05.823+0000] {logging_mixin.py:188} INFO - [2025-09-21T15:04:05.822+0000] {dag.py:3823} INFO - Setting next_dagrun for example_branch_dop_operator_v3 to 2025-09-21 15:03:00+00:00, run_after=2025-09-21 15:04:00+00:00
[2025-09-21T15:04:05.870+0000] {processor.py:183} INFO - Processing /home/airflow/.local/lib/python3.8/site-packages/airflow/example_dags/example_branch_python_dop_operator_3.py took 0.203 seconds
[2025-09-21T15:04:36.799+0000] {processor.py:161} INFO - Started process (PID=441) to work on /home/airflow/.local/lib/python3.8/site-packages/airflow/example_dags/example_branch_python_dop_operator_3.py
[2025-09-21T15:04:36.801+0000] {processor.py:830} INFO - Processing file /home/airflow/.local/lib/python3.8/site-packages/airflow/example_dags/example_branch_python_dop_operator_3.py for tasks to queue
[2025-09-21T15:04:36.804+0000] {logging_mixin.py:188} INFO - [2025-09-21T15:04:36.804+0000] {dagbag.py:538} INFO - Filling up the DagBag from /home/airflow/.local/lib/python3.8/site-packages/airflow/example_dags/example_branch_python_dop_operator_3.py
[2025-09-21T15:04:36.823+0000] {processor.py:840} INFO - DAG(s) 'example_branch_dop_operator_v3' retrieved from /home/airflow/.local/lib/python3.8/site-packages/airflow/example_dags/example_branch_python_dop_operator_3.py
[2025-09-21T15:04:36.861+0000] {logging_mixin.py:188} INFO - [2025-09-21T15:04:36.860+0000] {dag.py:3036} INFO - Sync 1 DAGs
[2025-09-21T15:04:36.909+0000] {logging_mixin.py:188} INFO - [2025-09-21T15:04:36.909+0000] {dag.py:3823} INFO - Setting next_dagrun for example_branch_dop_operator_v3 to 2025-09-21 15:03:00+00:00, run_after=2025-09-21 15:04:00+00:00
[2025-09-21T15:04:36.951+0000] {processor.py:183} INFO - Processing /home/airflow/.local/lib/python3.8/site-packages/airflow/example_dags/example_branch_python_dop_operator_3.py took 0.158 seconds
[2025-09-21T15:05:07.628+0000] {processor.py:161} INFO - Started process (PID=498) to work on /home/airflow/.local/lib/python3.8/site-packages/airflow/example_dags/example_branch_python_dop_operator_3.py
[2025-09-21T15:05:07.631+0000] {processor.py:830} INFO - Processing file /home/airflow/.local/lib/python3.8/site-packages/airflow/example_dags/example_branch_python_dop_operator_3.py for tasks to queue
[2025-09-21T15:05:07.636+0000] {logging_mixin.py:188} INFO - [2025-09-21T15:05:07.635+0000] {dagbag.py:538} INFO - Filling up the DagBag from /home/airflow/.local/lib/python3.8/site-packages/airflow/example_dags/example_branch_python_dop_operator_3.py
[2025-09-21T15:05:07.667+0000] {processor.py:840} INFO - DAG(s) 'example_branch_dop_operator_v3' retrieved from /home/airflow/.local/lib/python3.8/site-packages/airflow/example_dags/example_branch_python_dop_operator_3.py
[2025-09-21T15:05:07.727+0000] {logging_mixin.py:188} INFO - [2025-09-21T15:05:07.726+0000] {dag.py:3036} INFO - Sync 1 DAGs
[2025-09-21T15:05:07.827+0000] {logging_mixin.py:188} INFO - [2025-09-21T15:05:07.826+0000] {dag.py:3823} INFO - Setting next_dagrun for example_branch_dop_operator_v3 to 2025-09-21 15:04:00+00:00, run_after=2025-09-21 15:05:00+00:00
[2025-09-21T15:05:07.881+0000] {processor.py:183} INFO - Processing /home/airflow/.local/lib/python3.8/site-packages/airflow/example_dags/example_branch_python_dop_operator_3.py took 0.262 seconds
[2025-09-21T15:05:38.006+0000] {processor.py:161} INFO - Started process (PID=554) to work on /home/airflow/.local/lib/python3.8/site-packages/airflow/example_dags/example_branch_python_dop_operator_3.py
[2025-09-21T15:05:38.008+0000] {processor.py:830} INFO - Processing file /home/airflow/.local/lib/python3.8/site-packages/airflow/example_dags/example_branch_python_dop_operator_3.py for tasks to queue
[2025-09-21T15:05:38.011+0000] {logging_mixin.py:188} INFO - [2025-09-21T15:05:38.010+0000] {dagbag.py:538} INFO - Filling up the DagBag from /home/airflow/.local/lib/python3.8/site-packages/airflow/example_dags/example_branch_python_dop_operator_3.py
[2025-09-21T15:05:38.027+0000] {processor.py:840} INFO - DAG(s) 'example_branch_dop_operator_v3' retrieved from /home/airflow/.local/lib/python3.8/site-packages/airflow/example_dags/example_branch_python_dop_operator_3.py
[2025-09-21T15:05:38.063+0000] {logging_mixin.py:188} INFO - [2025-09-21T15:05:38.063+0000] {dag.py:3036} INFO - Sync 1 DAGs
[2025-09-21T15:05:38.110+0000] {logging_mixin.py:188} INFO - [2025-09-21T15:05:38.109+0000] {dag.py:3823} INFO - Setting next_dagrun for example_branch_dop_operator_v3 to 2025-09-21 15:04:00+00:00, run_after=2025-09-21 15:05:00+00:00
[2025-09-21T15:05:38.144+0000] {processor.py:183} INFO - Processing /home/airflow/.local/lib/python3.8/site-packages/airflow/example_dags/example_branch_python_dop_operator_3.py took 0.144 seconds
[2025-09-21T15:06:08.362+0000] {processor.py:161} INFO - Started process (PID=612) to work on /home/airflow/.local/lib/python3.8/site-packages/airflow/example_dags/example_branch_python_dop_operator_3.py
[2025-09-21T15:06:08.364+0000] {processor.py:830} INFO - Processing file /home/airflow/.local/lib/python3.8/site-packages/airflow/example_dags/example_branch_python_dop_operator_3.py for tasks to queue
[2025-09-21T15:06:08.368+0000] {logging_mixin.py:188} INFO - [2025-09-21T15:06:08.367+0000] {dagbag.py:538} INFO - Filling up the DagBag from /home/airflow/.local/lib/python3.8/site-packages/airflow/example_dags/example_branch_python_dop_operator_3.py
[2025-09-21T15:06:08.384+0000] {processor.py:840} INFO - DAG(s) 'example_branch_dop_operator_v3' retrieved from /home/airflow/.local/lib/python3.8/site-packages/airflow/example_dags/example_branch_python_dop_operator_3.py
[2025-09-21T15:06:08.423+0000] {logging_mixin.py:188} INFO - [2025-09-21T15:06:08.422+0000] {dag.py:3036} INFO - Sync 1 DAGs
[2025-09-21T15:06:08.471+0000] {logging_mixin.py:188} INFO - [2025-09-21T15:06:08.470+0000] {dag.py:3823} INFO - Setting next_dagrun for example_branch_dop_operator_v3 to 2025-09-21 15:05:00+00:00, run_after=2025-09-21 15:06:00+00:00
[2025-09-21T15:06:08.510+0000] {processor.py:183} INFO - Processing /home/airflow/.local/lib/python3.8/site-packages/airflow/example_dags/example_branch_python_dop_operator_3.py took 0.155 seconds
[2025-09-21T15:06:38.663+0000] {processor.py:161} INFO - Started process (PID=669) to work on /home/airflow/.local/lib/python3.8/site-packages/airflow/example_dags/example_branch_python_dop_operator_3.py
[2025-09-21T15:06:38.665+0000] {processor.py:830} INFO - Processing file /home/airflow/.local/lib/python3.8/site-packages/airflow/example_dags/example_branch_python_dop_operator_3.py for tasks to queue
[2025-09-21T15:06:38.669+0000] {logging_mixin.py:188} INFO - [2025-09-21T15:06:38.668+0000] {dagbag.py:538} INFO - Filling up the DagBag from /home/airflow/.local/lib/python3.8/site-packages/airflow/example_dags/example_branch_python_dop_operator_3.py
[2025-09-21T15:06:38.686+0000] {processor.py:840} INFO - DAG(s) 'example_branch_dop_operator_v3' retrieved from /home/airflow/.local/lib/python3.8/site-packages/airflow/example_dags/example_branch_python_dop_operator_3.py
[2025-09-21T15:06:38.727+0000] {logging_mixin.py:188} INFO - [2025-09-21T15:06:38.726+0000] {dag.py:3036} INFO - Sync 1 DAGs
[2025-09-21T15:06:38.777+0000] {logging_mixin.py:188} INFO - [2025-09-21T15:06:38.776+0000] {dag.py:3823} INFO - Setting next_dagrun for example_branch_dop_operator_v3 to 2025-09-21 15:05:00+00:00, run_after=2025-09-21 15:06:00+00:00
[2025-09-21T15:06:38.815+0000] {processor.py:183} INFO - Processing /home/airflow/.local/lib/python3.8/site-packages/airflow/example_dags/example_branch_python_dop_operator_3.py took 0.158 seconds
[2025-09-21T15:07:09.085+0000] {processor.py:161} INFO - Started process (PID=727) to work on /home/airflow/.local/lib/python3.8/site-packages/airflow/example_dags/example_branch_python_dop_operator_3.py
[2025-09-21T15:07:09.087+0000] {processor.py:830} INFO - Processing file /home/airflow/.local/lib/python3.8/site-packages/airflow/example_dags/example_branch_python_dop_operator_3.py for tasks to queue
[2025-09-21T15:07:09.091+0000] {logging_mixin.py:188} INFO - [2025-09-21T15:07:09.090+0000] {dagbag.py:538} INFO - Filling up the DagBag from /home/airflow/.local/lib/python3.8/site-packages/airflow/example_dags/example_branch_python_dop_operator_3.py
[2025-09-21T15:07:09.108+0000] {processor.py:840} INFO - DAG(s) 'example_branch_dop_operator_v3' retrieved from /home/airflow/.local/lib/python3.8/site-packages/airflow/example_dags/example_branch_python_dop_operator_3.py
[2025-09-21T15:07:09.150+0000] {logging_mixin.py:188} INFO - [2025-09-21T15:07:09.150+0000] {dag.py:3036} INFO - Sync 1 DAGs
[2025-09-21T15:07:09.201+0000] {logging_mixin.py:188} INFO - [2025-09-21T15:07:09.201+0000] {dag.py:3823} INFO - Setting next_dagrun for example_branch_dop_operator_v3 to 2025-09-21 15:06:00+00:00, run_after=2025-09-21 15:07:00+00:00
[2025-09-21T15:07:09.236+0000] {processor.py:183} INFO - Processing /home/airflow/.local/lib/python3.8/site-packages/airflow/example_dags/example_branch_python_dop_operator_3.py took 0.158 seconds
[2025-09-21T15:07:39.322+0000] {processor.py:161} INFO - Started process (PID=785) to work on /home/airflow/.local/lib/python3.8/site-packages/airflow/example_dags/example_branch_python_dop_operator_3.py
[2025-09-21T15:07:39.325+0000] {processor.py:830} INFO - Processing file /home/airflow/.local/lib/python3.8/site-packages/airflow/example_dags/example_branch_python_dop_operator_3.py for tasks to queue
[2025-09-21T15:07:39.330+0000] {logging_mixin.py:188} INFO - [2025-09-21T15:07:39.329+0000] {dagbag.py:538} INFO - Filling up the DagBag from /home/airflow/.local/lib/python3.8/site-packages/airflow/example_dags/example_branch_python_dop_operator_3.py
[2025-09-21T15:07:39.362+0000] {processor.py:840} INFO - DAG(s) 'example_branch_dop_operator_v3' retrieved from /home/airflow/.local/lib/python3.8/site-packages/airflow/example_dags/example_branch_python_dop_operator_3.py
[2025-09-21T15:07:39.421+0000] {logging_mixin.py:188} INFO - [2025-09-21T15:07:39.421+0000] {dag.py:3036} INFO - Sync 1 DAGs
[2025-09-21T15:07:39.547+0000] {logging_mixin.py:188} INFO - [2025-09-21T15:07:39.546+0000] {dag.py:3823} INFO - Setting next_dagrun for example_branch_dop_operator_v3 to 2025-09-21 15:06:00+00:00, run_after=2025-09-21 15:07:00+00:00
[2025-09-21T15:07:39.616+0000] {processor.py:183} INFO - Processing /home/airflow/.local/lib/python3.8/site-packages/airflow/example_dags/example_branch_python_dop_operator_3.py took 0.302 seconds
[2025-09-21T15:08:10.418+0000] {processor.py:161} INFO - Started process (PID=843) to work on /home/airflow/.local/lib/python3.8/site-packages/airflow/example_dags/example_branch_python_dop_operator_3.py
[2025-09-21T15:08:10.420+0000] {processor.py:830} INFO - Processing file /home/airflow/.local/lib/python3.8/site-packages/airflow/example_dags/example_branch_python_dop_operator_3.py for tasks to queue
[2025-09-21T15:08:10.423+0000] {logging_mixin.py:188} INFO - [2025-09-21T15:08:10.423+0000] {dagbag.py:538} INFO - Filling up the DagBag from /home/airflow/.local/lib/python3.8/site-packages/airflow/example_dags/example_branch_python_dop_operator_3.py
[2025-09-21T15:08:10.443+0000] {processor.py:840} INFO - DAG(s) 'example_branch_dop_operator_v3' retrieved from /home/airflow/.local/lib/python3.8/site-packages/airflow/example_dags/example_branch_python_dop_operator_3.py
[2025-09-21T15:08:10.488+0000] {logging_mixin.py:188} INFO - [2025-09-21T15:08:10.487+0000] {dag.py:3036} INFO - Sync 1 DAGs
[2025-09-21T15:08:10.545+0000] {logging_mixin.py:188} INFO - [2025-09-21T15:08:10.545+0000] {dag.py:3823} INFO - Setting next_dagrun for example_branch_dop_operator_v3 to 2025-09-21 15:07:00+00:00, run_after=2025-09-21 15:08:00+00:00
[2025-09-21T15:08:10.584+0000] {processor.py:183} INFO - Processing /home/airflow/.local/lib/python3.8/site-packages/airflow/example_dags/example_branch_python_dop_operator_3.py took 0.175 seconds
[2025-09-21T15:11:26.694+0000] {processor.py:161} INFO - Started process (PID=87) to work on /home/airflow/.local/lib/python3.8/site-packages/airflow/example_dags/example_branch_python_dop_operator_3.py
[2025-09-21T15:11:26.697+0000] {processor.py:830} INFO - Processing file /home/airflow/.local/lib/python3.8/site-packages/airflow/example_dags/example_branch_python_dop_operator_3.py for tasks to queue
[2025-09-21T15:11:26.701+0000] {logging_mixin.py:188} INFO - [2025-09-21T15:11:26.700+0000] {dagbag.py:538} INFO - Filling up the DagBag from /home/airflow/.local/lib/python3.8/site-packages/airflow/example_dags/example_branch_python_dop_operator_3.py
[2025-09-21T15:11:26.727+0000] {processor.py:840} INFO - DAG(s) 'example_branch_dop_operator_v3' retrieved from /home/airflow/.local/lib/python3.8/site-packages/airflow/example_dags/example_branch_python_dop_operator_3.py
[2025-09-21T15:11:26.977+0000] {logging_mixin.py:188} INFO - [2025-09-21T15:11:26.976+0000] {dag.py:3036} INFO - Sync 1 DAGs
[2025-09-21T15:11:27.028+0000] {logging_mixin.py:188} INFO - [2025-09-21T15:11:27.028+0000] {dag.py:3823} INFO - Setting next_dagrun for example_branch_dop_operator_v3 to 2025-09-21 15:10:00+00:00, run_after=2025-09-21 15:11:00+00:00
[2025-09-21T15:11:27.067+0000] {processor.py:183} INFO - Processing /home/airflow/.local/lib/python3.8/site-packages/airflow/example_dags/example_branch_python_dop_operator_3.py took 0.380 seconds
[2025-09-21T15:11:57.165+0000] {processor.py:161} INFO - Started process (PID=145) to work on /home/airflow/.local/lib/python3.8/site-packages/airflow/example_dags/example_branch_python_dop_operator_3.py
[2025-09-21T15:11:57.167+0000] {processor.py:830} INFO - Processing file /home/airflow/.local/lib/python3.8/site-packages/airflow/example_dags/example_branch_python_dop_operator_3.py for tasks to queue
[2025-09-21T15:11:57.170+0000] {logging_mixin.py:188} INFO - [2025-09-21T15:11:57.169+0000] {dagbag.py:538} INFO - Filling up the DagBag from /home/airflow/.local/lib/python3.8/site-packages/airflow/example_dags/example_branch_python_dop_operator_3.py
[2025-09-21T15:11:57.187+0000] {processor.py:840} INFO - DAG(s) 'example_branch_dop_operator_v3' retrieved from /home/airflow/.local/lib/python3.8/site-packages/airflow/example_dags/example_branch_python_dop_operator_3.py
[2025-09-21T15:11:57.230+0000] {logging_mixin.py:188} INFO - [2025-09-21T15:11:57.229+0000] {dag.py:3036} INFO - Sync 1 DAGs
[2025-09-21T15:11:57.275+0000] {logging_mixin.py:188} INFO - [2025-09-21T15:11:57.275+0000] {dag.py:3823} INFO - Setting next_dagrun for example_branch_dop_operator_v3 to 2025-09-21 15:10:00+00:00, run_after=2025-09-21 15:11:00+00:00
[2025-09-21T15:11:57.314+0000] {processor.py:183} INFO - Processing /home/airflow/.local/lib/python3.8/site-packages/airflow/example_dags/example_branch_python_dop_operator_3.py took 0.155 seconds
[2025-09-21T15:12:27.474+0000] {processor.py:161} INFO - Started process (PID=203) to work on /home/airflow/.local/lib/python3.8/site-packages/airflow/example_dags/example_branch_python_dop_operator_3.py
[2025-09-21T15:12:27.476+0000] {processor.py:830} INFO - Processing file /home/airflow/.local/lib/python3.8/site-packages/airflow/example_dags/example_branch_python_dop_operator_3.py for tasks to queue
[2025-09-21T15:12:27.480+0000] {logging_mixin.py:188} INFO - [2025-09-21T15:12:27.479+0000] {dagbag.py:538} INFO - Filling up the DagBag from /home/airflow/.local/lib/python3.8/site-packages/airflow/example_dags/example_branch_python_dop_operator_3.py
[2025-09-21T15:12:27.496+0000] {processor.py:840} INFO - DAG(s) 'example_branch_dop_operator_v3' retrieved from /home/airflow/.local/lib/python3.8/site-packages/airflow/example_dags/example_branch_python_dop_operator_3.py
[2025-09-21T15:12:27.531+0000] {logging_mixin.py:188} INFO - [2025-09-21T15:12:27.530+0000] {dag.py:3036} INFO - Sync 1 DAGs
[2025-09-21T15:12:27.583+0000] {logging_mixin.py:188} INFO - [2025-09-21T15:12:27.582+0000] {dag.py:3823} INFO - Setting next_dagrun for example_branch_dop_operator_v3 to 2025-09-21 15:11:00+00:00, run_after=2025-09-21 15:12:00+00:00
[2025-09-21T15:12:27.623+0000] {processor.py:183} INFO - Processing /home/airflow/.local/lib/python3.8/site-packages/airflow/example_dags/example_branch_python_dop_operator_3.py took 0.155 seconds
[2025-09-21T15:12:57.779+0000] {processor.py:161} INFO - Started process (PID=261) to work on /home/airflow/.local/lib/python3.8/site-packages/airflow/example_dags/example_branch_python_dop_operator_3.py
[2025-09-21T15:12:57.781+0000] {processor.py:830} INFO - Processing file /home/airflow/.local/lib/python3.8/site-packages/airflow/example_dags/example_branch_python_dop_operator_3.py for tasks to queue
[2025-09-21T15:12:57.785+0000] {logging_mixin.py:188} INFO - [2025-09-21T15:12:57.784+0000] {dagbag.py:538} INFO - Filling up the DagBag from /home/airflow/.local/lib/python3.8/site-packages/airflow/example_dags/example_branch_python_dop_operator_3.py
[2025-09-21T15:12:57.803+0000] {processor.py:840} INFO - DAG(s) 'example_branch_dop_operator_v3' retrieved from /home/airflow/.local/lib/python3.8/site-packages/airflow/example_dags/example_branch_python_dop_operator_3.py
[2025-09-21T15:12:57.841+0000] {logging_mixin.py:188} INFO - [2025-09-21T15:12:57.841+0000] {dag.py:3036} INFO - Sync 1 DAGs
[2025-09-21T15:12:57.898+0000] {logging_mixin.py:188} INFO - [2025-09-21T15:12:57.898+0000] {dag.py:3823} INFO - Setting next_dagrun for example_branch_dop_operator_v3 to 2025-09-21 15:11:00+00:00, run_after=2025-09-21 15:12:00+00:00
[2025-09-21T15:12:57.935+0000] {processor.py:183} INFO - Processing /home/airflow/.local/lib/python3.8/site-packages/airflow/example_dags/example_branch_python_dop_operator_3.py took 0.161 seconds
[2025-09-21T15:13:28.744+0000] {processor.py:161} INFO - Started process (PID=319) to work on /home/airflow/.local/lib/python3.8/site-packages/airflow/example_dags/example_branch_python_dop_operator_3.py
[2025-09-21T15:13:28.745+0000] {processor.py:830} INFO - Processing file /home/airflow/.local/lib/python3.8/site-packages/airflow/example_dags/example_branch_python_dop_operator_3.py for tasks to queue
[2025-09-21T15:13:28.750+0000] {logging_mixin.py:188} INFO - [2025-09-21T15:13:28.748+0000] {dagbag.py:538} INFO - Filling up the DagBag from /home/airflow/.local/lib/python3.8/site-packages/airflow/example_dags/example_branch_python_dop_operator_3.py
[2025-09-21T15:13:28.773+0000] {processor.py:840} INFO - DAG(s) 'example_branch_dop_operator_v3' retrieved from /home/airflow/.local/lib/python3.8/site-packages/airflow/example_dags/example_branch_python_dop_operator_3.py
[2025-09-21T15:13:28.813+0000] {logging_mixin.py:188} INFO - [2025-09-21T15:13:28.812+0000] {dag.py:3036} INFO - Sync 1 DAGs
[2025-09-21T15:13:28.868+0000] {logging_mixin.py:188} INFO - [2025-09-21T15:13:28.868+0000] {dag.py:3823} INFO - Setting next_dagrun for example_branch_dop_operator_v3 to 2025-09-21 15:12:00+00:00, run_after=2025-09-21 15:13:00+00:00
[2025-09-21T15:13:28.910+0000] {processor.py:183} INFO - Processing /home/airflow/.local/lib/python3.8/site-packages/airflow/example_dags/example_branch_python_dop_operator_3.py took 0.173 seconds
[2025-09-21T15:14:00.067+0000] {processor.py:161} INFO - Started process (PID=377) to work on /home/airflow/.local/lib/python3.8/site-packages/airflow/example_dags/example_branch_python_dop_operator_3.py
[2025-09-21T15:14:00.069+0000] {processor.py:830} INFO - Processing file /home/airflow/.local/lib/python3.8/site-packages/airflow/example_dags/example_branch_python_dop_operator_3.py for tasks to queue
[2025-09-21T15:14:00.073+0000] {logging_mixin.py:188} INFO - [2025-09-21T15:14:00.072+0000] {dagbag.py:538} INFO - Filling up the DagBag from /home/airflow/.local/lib/python3.8/site-packages/airflow/example_dags/example_branch_python_dop_operator_3.py
[2025-09-21T15:14:00.089+0000] {processor.py:840} INFO - DAG(s) 'example_branch_dop_operator_v3' retrieved from /home/airflow/.local/lib/python3.8/site-packages/airflow/example_dags/example_branch_python_dop_operator_3.py
[2025-09-21T15:14:00.123+0000] {logging_mixin.py:188} INFO - [2025-09-21T15:14:00.122+0000] {dag.py:3036} INFO - Sync 1 DAGs
[2025-09-21T15:14:00.173+0000] {logging_mixin.py:188} INFO - [2025-09-21T15:14:00.173+0000] {dag.py:3823} INFO - Setting next_dagrun for example_branch_dop_operator_v3 to 2025-09-21 15:13:00+00:00, run_after=2025-09-21 15:14:00+00:00
[2025-09-21T15:14:00.208+0000] {processor.py:183} INFO - Processing /home/airflow/.local/lib/python3.8/site-packages/airflow/example_dags/example_branch_python_dop_operator_3.py took 0.147 seconds
[2025-09-21T15:14:31.347+0000] {processor.py:161} INFO - Started process (PID=435) to work on /home/airflow/.local/lib/python3.8/site-packages/airflow/example_dags/example_branch_python_dop_operator_3.py
[2025-09-21T15:14:31.348+0000] {processor.py:830} INFO - Processing file /home/airflow/.local/lib/python3.8/site-packages/airflow/example_dags/example_branch_python_dop_operator_3.py for tasks to queue
[2025-09-21T15:14:31.352+0000] {logging_mixin.py:188} INFO - [2025-09-21T15:14:31.351+0000] {dagbag.py:538} INFO - Filling up the DagBag from /home/airflow/.local/lib/python3.8/site-packages/airflow/example_dags/example_branch_python_dop_operator_3.py
[2025-09-21T15:14:31.367+0000] {processor.py:840} INFO - DAG(s) 'example_branch_dop_operator_v3' retrieved from /home/airflow/.local/lib/python3.8/site-packages/airflow/example_dags/example_branch_python_dop_operator_3.py
[2025-09-21T15:14:31.401+0000] {logging_mixin.py:188} INFO - [2025-09-21T15:14:31.400+0000] {dag.py:3036} INFO - Sync 1 DAGs
[2025-09-21T15:14:31.447+0000] {logging_mixin.py:188} INFO - [2025-09-21T15:14:31.446+0000] {dag.py:3823} INFO - Setting next_dagrun for example_branch_dop_operator_v3 to 2025-09-21 15:13:00+00:00, run_after=2025-09-21 15:14:00+00:00
[2025-09-21T15:14:31.480+0000] {processor.py:183} INFO - Processing /home/airflow/.local/lib/python3.8/site-packages/airflow/example_dags/example_branch_python_dop_operator_3.py took 0.139 seconds
[2025-09-21T15:15:01.700+0000] {processor.py:161} INFO - Started process (PID=491) to work on /home/airflow/.local/lib/python3.8/site-packages/airflow/example_dags/example_branch_python_dop_operator_3.py
[2025-09-21T15:15:01.702+0000] {processor.py:830} INFO - Processing file /home/airflow/.local/lib/python3.8/site-packages/airflow/example_dags/example_branch_python_dop_operator_3.py for tasks to queue
[2025-09-21T15:15:01.705+0000] {logging_mixin.py:188} INFO - [2025-09-21T15:15:01.705+0000] {dagbag.py:538} INFO - Filling up the DagBag from /home/airflow/.local/lib/python3.8/site-packages/airflow/example_dags/example_branch_python_dop_operator_3.py
[2025-09-21T15:15:01.721+0000] {processor.py:840} INFO - DAG(s) 'example_branch_dop_operator_v3' retrieved from /home/airflow/.local/lib/python3.8/site-packages/airflow/example_dags/example_branch_python_dop_operator_3.py
[2025-09-21T15:15:01.757+0000] {logging_mixin.py:188} INFO - [2025-09-21T15:15:01.757+0000] {dag.py:3036} INFO - Sync 1 DAGs
[2025-09-21T15:15:01.808+0000] {logging_mixin.py:188} INFO - [2025-09-21T15:15:01.807+0000] {dag.py:3823} INFO - Setting next_dagrun for example_branch_dop_operator_v3 to 2025-09-21 15:14:00+00:00, run_after=2025-09-21 15:15:00+00:00
[2025-09-21T15:15:01.847+0000] {processor.py:183} INFO - Processing /home/airflow/.local/lib/python3.8/site-packages/airflow/example_dags/example_branch_python_dop_operator_3.py took 0.153 seconds
[2025-09-21T15:15:32.648+0000] {processor.py:161} INFO - Started process (PID=550) to work on /home/airflow/.local/lib/python3.8/site-packages/airflow/example_dags/example_branch_python_dop_operator_3.py
[2025-09-21T15:15:32.650+0000] {processor.py:830} INFO - Processing file /home/airflow/.local/lib/python3.8/site-packages/airflow/example_dags/example_branch_python_dop_operator_3.py for tasks to queue
[2025-09-21T15:15:32.654+0000] {logging_mixin.py:188} INFO - [2025-09-21T15:15:32.653+0000] {dagbag.py:538} INFO - Filling up the DagBag from /home/airflow/.local/lib/python3.8/site-packages/airflow/example_dags/example_branch_python_dop_operator_3.py
[2025-09-21T15:15:32.674+0000] {processor.py:840} INFO - DAG(s) 'example_branch_dop_operator_v3' retrieved from /home/airflow/.local/lib/python3.8/site-packages/airflow/example_dags/example_branch_python_dop_operator_3.py
[2025-09-21T15:15:32.717+0000] {logging_mixin.py:188} INFO - [2025-09-21T15:15:32.716+0000] {dag.py:3036} INFO - Sync 1 DAGs
[2025-09-21T15:15:32.783+0000] {logging_mixin.py:188} INFO - [2025-09-21T15:15:32.783+0000] {dag.py:3823} INFO - Setting next_dagrun for example_branch_dop_operator_v3 to 2025-09-21 15:14:00+00:00, run_after=2025-09-21 15:15:00+00:00
[2025-09-21T15:15:32.826+0000] {processor.py:183} INFO - Processing /home/airflow/.local/lib/python3.8/site-packages/airflow/example_dags/example_branch_python_dop_operator_3.py took 0.186 seconds
[2025-09-21T15:16:03.490+0000] {processor.py:161} INFO - Started process (PID=608) to work on /home/airflow/.local/lib/python3.8/site-packages/airflow/example_dags/example_branch_python_dop_operator_3.py
[2025-09-21T15:16:03.492+0000] {processor.py:830} INFO - Processing file /home/airflow/.local/lib/python3.8/site-packages/airflow/example_dags/example_branch_python_dop_operator_3.py for tasks to queue
[2025-09-21T15:16:03.495+0000] {logging_mixin.py:188} INFO - [2025-09-21T15:16:03.495+0000] {dagbag.py:538} INFO - Filling up the DagBag from /home/airflow/.local/lib/python3.8/site-packages/airflow/example_dags/example_branch_python_dop_operator_3.py
[2025-09-21T15:16:03.511+0000] {processor.py:840} INFO - DAG(s) 'example_branch_dop_operator_v3' retrieved from /home/airflow/.local/lib/python3.8/site-packages/airflow/example_dags/example_branch_python_dop_operator_3.py
[2025-09-21T15:16:03.552+0000] {logging_mixin.py:188} INFO - [2025-09-21T15:16:03.551+0000] {dag.py:3036} INFO - Sync 1 DAGs
[2025-09-21T15:16:03.600+0000] {logging_mixin.py:188} INFO - [2025-09-21T15:16:03.600+0000] {dag.py:3823} INFO - Setting next_dagrun for example_branch_dop_operator_v3 to 2025-09-21 15:15:00+00:00, run_after=2025-09-21 15:16:00+00:00
[2025-09-21T15:16:03.639+0000] {processor.py:183} INFO - Processing /home/airflow/.local/lib/python3.8/site-packages/airflow/example_dags/example_branch_python_dop_operator_3.py took 0.154 seconds
[2025-09-21T15:16:33.820+0000] {processor.py:161} INFO - Started process (PID=665) to work on /home/airflow/.local/lib/python3.8/site-packages/airflow/example_dags/example_branch_python_dop_operator_3.py
[2025-09-21T15:16:33.822+0000] {processor.py:830} INFO - Processing file /home/airflow/.local/lib/python3.8/site-packages/airflow/example_dags/example_branch_python_dop_operator_3.py for tasks to queue
[2025-09-21T15:16:33.826+0000] {logging_mixin.py:188} INFO - [2025-09-21T15:16:33.825+0000] {dagbag.py:538} INFO - Filling up the DagBag from /home/airflow/.local/lib/python3.8/site-packages/airflow/example_dags/example_branch_python_dop_operator_3.py
[2025-09-21T15:16:33.842+0000] {processor.py:840} INFO - DAG(s) 'example_branch_dop_operator_v3' retrieved from /home/airflow/.local/lib/python3.8/site-packages/airflow/example_dags/example_branch_python_dop_operator_3.py
[2025-09-21T15:16:33.890+0000] {logging_mixin.py:188} INFO - [2025-09-21T15:16:33.890+0000] {dag.py:3036} INFO - Sync 1 DAGs
[2025-09-21T15:16:33.945+0000] {logging_mixin.py:188} INFO - [2025-09-21T15:16:33.944+0000] {dag.py:3823} INFO - Setting next_dagrun for example_branch_dop_operator_v3 to 2025-09-21 15:15:00+00:00, run_after=2025-09-21 15:16:00+00:00
[2025-09-21T15:16:33.981+0000] {processor.py:183} INFO - Processing /home/airflow/.local/lib/python3.8/site-packages/airflow/example_dags/example_branch_python_dop_operator_3.py took 0.166 seconds
[2025-09-21T15:17:04.534+0000] {processor.py:161} INFO - Started process (PID=723) to work on /home/airflow/.local/lib/python3.8/site-packages/airflow/example_dags/example_branch_python_dop_operator_3.py
[2025-09-21T15:17:04.536+0000] {processor.py:830} INFO - Processing file /home/airflow/.local/lib/python3.8/site-packages/airflow/example_dags/example_branch_python_dop_operator_3.py for tasks to queue
[2025-09-21T15:17:04.539+0000] {logging_mixin.py:188} INFO - [2025-09-21T15:17:04.539+0000] {dagbag.py:538} INFO - Filling up the DagBag from /home/airflow/.local/lib/python3.8/site-packages/airflow/example_dags/example_branch_python_dop_operator_3.py
[2025-09-21T15:17:04.556+0000] {processor.py:840} INFO - DAG(s) 'example_branch_dop_operator_v3' retrieved from /home/airflow/.local/lib/python3.8/site-packages/airflow/example_dags/example_branch_python_dop_operator_3.py
[2025-09-21T15:17:04.591+0000] {logging_mixin.py:188} INFO - [2025-09-21T15:17:04.590+0000] {dag.py:3036} INFO - Sync 1 DAGs
[2025-09-21T15:17:04.636+0000] {logging_mixin.py:188} INFO - [2025-09-21T15:17:04.636+0000] {dag.py:3823} INFO - Setting next_dagrun for example_branch_dop_operator_v3 to 2025-09-21 15:16:00+00:00, run_after=2025-09-21 15:17:00+00:00
[2025-09-21T15:17:04.671+0000] {processor.py:183} INFO - Processing /home/airflow/.local/lib/python3.8/site-packages/airflow/example_dags/example_branch_python_dop_operator_3.py took 0.143 seconds
[2025-09-21T15:17:35.162+0000] {processor.py:161} INFO - Started process (PID=781) to work on /home/airflow/.local/lib/python3.8/site-packages/airflow/example_dags/example_branch_python_dop_operator_3.py
[2025-09-21T15:17:35.164+0000] {processor.py:830} INFO - Processing file /home/airflow/.local/lib/python3.8/site-packages/airflow/example_dags/example_branch_python_dop_operator_3.py for tasks to queue
[2025-09-21T15:17:35.167+0000] {logging_mixin.py:188} INFO - [2025-09-21T15:17:35.167+0000] {dagbag.py:538} INFO - Filling up the DagBag from /home/airflow/.local/lib/python3.8/site-packages/airflow/example_dags/example_branch_python_dop_operator_3.py
[2025-09-21T15:17:35.183+0000] {processor.py:840} INFO - DAG(s) 'example_branch_dop_operator_v3' retrieved from /home/airflow/.local/lib/python3.8/site-packages/airflow/example_dags/example_branch_python_dop_operator_3.py
[2025-09-21T15:17:35.220+0000] {logging_mixin.py:188} INFO - [2025-09-21T15:17:35.220+0000] {dag.py:3036} INFO - Sync 1 DAGs
[2025-09-21T15:17:35.272+0000] {logging_mixin.py:188} INFO - [2025-09-21T15:17:35.272+0000] {dag.py:3823} INFO - Setting next_dagrun for example_branch_dop_operator_v3 to 2025-09-21 15:16:00+00:00, run_after=2025-09-21 15:17:00+00:00
[2025-09-21T15:17:35.307+0000] {processor.py:183} INFO - Processing /home/airflow/.local/lib/python3.8/site-packages/airflow/example_dags/example_branch_python_dop_operator_3.py took 0.151 seconds
[2025-09-21T15:18:05.500+0000] {processor.py:161} INFO - Started process (PID=839) to work on /home/airflow/.local/lib/python3.8/site-packages/airflow/example_dags/example_branch_python_dop_operator_3.py
[2025-09-21T15:18:05.502+0000] {processor.py:830} INFO - Processing file /home/airflow/.local/lib/python3.8/site-packages/airflow/example_dags/example_branch_python_dop_operator_3.py for tasks to queue
[2025-09-21T15:18:05.505+0000] {logging_mixin.py:188} INFO - [2025-09-21T15:18:05.505+0000] {dagbag.py:538} INFO - Filling up the DagBag from /home/airflow/.local/lib/python3.8/site-packages/airflow/example_dags/example_branch_python_dop_operator_3.py
[2025-09-21T15:18:05.521+0000] {processor.py:840} INFO - DAG(s) 'example_branch_dop_operator_v3' retrieved from /home/airflow/.local/lib/python3.8/site-packages/airflow/example_dags/example_branch_python_dop_operator_3.py
[2025-09-21T15:18:05.558+0000] {logging_mixin.py:188} INFO - [2025-09-21T15:18:05.557+0000] {dag.py:3036} INFO - Sync 1 DAGs
[2025-09-21T15:18:05.606+0000] {logging_mixin.py:188} INFO - [2025-09-21T15:18:05.605+0000] {dag.py:3823} INFO - Setting next_dagrun for example_branch_dop_operator_v3 to 2025-09-21 15:17:00+00:00, run_after=2025-09-21 15:18:00+00:00
[2025-09-21T15:18:05.645+0000] {processor.py:183} INFO - Processing /home/airflow/.local/lib/python3.8/site-packages/airflow/example_dags/example_branch_python_dop_operator_3.py took 0.151 seconds
[2025-09-21T15:18:35.841+0000] {processor.py:161} INFO - Started process (PID=897) to work on /home/airflow/.local/lib/python3.8/site-packages/airflow/example_dags/example_branch_python_dop_operator_3.py
[2025-09-21T15:18:35.843+0000] {processor.py:830} INFO - Processing file /home/airflow/.local/lib/python3.8/site-packages/airflow/example_dags/example_branch_python_dop_operator_3.py for tasks to queue
[2025-09-21T15:18:35.848+0000] {logging_mixin.py:188} INFO - [2025-09-21T15:18:35.847+0000] {dagbag.py:538} INFO - Filling up the DagBag from /home/airflow/.local/lib/python3.8/site-packages/airflow/example_dags/example_branch_python_dop_operator_3.py
[2025-09-21T15:18:35.868+0000] {processor.py:840} INFO - DAG(s) 'example_branch_dop_operator_v3' retrieved from /home/airflow/.local/lib/python3.8/site-packages/airflow/example_dags/example_branch_python_dop_operator_3.py
[2025-09-21T15:18:35.933+0000] {logging_mixin.py:188} INFO - [2025-09-21T15:18:35.933+0000] {dag.py:3036} INFO - Sync 1 DAGs
[2025-09-21T15:18:36.006+0000] {logging_mixin.py:188} INFO - [2025-09-21T15:18:36.005+0000] {dag.py:3823} INFO - Setting next_dagrun for example_branch_dop_operator_v3 to 2025-09-21 15:17:00+00:00, run_after=2025-09-21 15:18:00+00:00
[2025-09-21T15:18:36.043+0000] {processor.py:183} INFO - Processing /home/airflow/.local/lib/python3.8/site-packages/airflow/example_dags/example_branch_python_dop_operator_3.py took 0.208 seconds
[2025-09-21T15:19:06.222+0000] {processor.py:161} INFO - Started process (PID=955) to work on /home/airflow/.local/lib/python3.8/site-packages/airflow/example_dags/example_branch_python_dop_operator_3.py
[2025-09-21T15:19:06.224+0000] {processor.py:830} INFO - Processing file /home/airflow/.local/lib/python3.8/site-packages/airflow/example_dags/example_branch_python_dop_operator_3.py for tasks to queue
[2025-09-21T15:19:06.228+0000] {logging_mixin.py:188} INFO - [2025-09-21T15:19:06.227+0000] {dagbag.py:538} INFO - Filling up the DagBag from /home/airflow/.local/lib/python3.8/site-packages/airflow/example_dags/example_branch_python_dop_operator_3.py
[2025-09-21T15:19:06.243+0000] {processor.py:840} INFO - DAG(s) 'example_branch_dop_operator_v3' retrieved from /home/airflow/.local/lib/python3.8/site-packages/airflow/example_dags/example_branch_python_dop_operator_3.py
[2025-09-21T15:19:06.279+0000] {logging_mixin.py:188} INFO - [2025-09-21T15:19:06.278+0000] {dag.py:3036} INFO - Sync 1 DAGs
[2025-09-21T15:19:06.325+0000] {logging_mixin.py:188} INFO - [2025-09-21T15:19:06.324+0000] {dag.py:3823} INFO - Setting next_dagrun for example_branch_dop_operator_v3 to 2025-09-21 15:18:00+00:00, run_after=2025-09-21 15:19:00+00:00
[2025-09-21T15:19:06.359+0000] {processor.py:183} INFO - Processing /home/airflow/.local/lib/python3.8/site-packages/airflow/example_dags/example_branch_python_dop_operator_3.py took 0.143 seconds
[2025-09-21T15:19:36.536+0000] {processor.py:161} INFO - Started process (PID=1013) to work on /home/airflow/.local/lib/python3.8/site-packages/airflow/example_dags/example_branch_python_dop_operator_3.py
[2025-09-21T15:19:36.538+0000] {processor.py:830} INFO - Processing file /home/airflow/.local/lib/python3.8/site-packages/airflow/example_dags/example_branch_python_dop_operator_3.py for tasks to queue
[2025-09-21T15:19:36.541+0000] {logging_mixin.py:188} INFO - [2025-09-21T15:19:36.541+0000] {dagbag.py:538} INFO - Filling up the DagBag from /home/airflow/.local/lib/python3.8/site-packages/airflow/example_dags/example_branch_python_dop_operator_3.py
[2025-09-21T15:19:36.561+0000] {processor.py:840} INFO - DAG(s) 'example_branch_dop_operator_v3' retrieved from /home/airflow/.local/lib/python3.8/site-packages/airflow/example_dags/example_branch_python_dop_operator_3.py
[2025-09-21T15:19:36.597+0000] {logging_mixin.py:188} INFO - [2025-09-21T15:19:36.597+0000] {dag.py:3036} INFO - Sync 1 DAGs
[2025-09-21T15:19:36.648+0000] {logging_mixin.py:188} INFO - [2025-09-21T15:19:36.648+0000] {dag.py:3823} INFO - Setting next_dagrun for example_branch_dop_operator_v3 to 2025-09-21 15:18:00+00:00, run_after=2025-09-21 15:19:00+00:00
[2025-09-21T15:19:36.683+0000] {processor.py:183} INFO - Processing /home/airflow/.local/lib/python3.8/site-packages/airflow/example_dags/example_branch_python_dop_operator_3.py took 0.154 seconds
[2025-09-21T15:20:06.818+0000] {processor.py:161} INFO - Started process (PID=1071) to work on /home/airflow/.local/lib/python3.8/site-packages/airflow/example_dags/example_branch_python_dop_operator_3.py
[2025-09-21T15:20:06.820+0000] {processor.py:830} INFO - Processing file /home/airflow/.local/lib/python3.8/site-packages/airflow/example_dags/example_branch_python_dop_operator_3.py for tasks to queue
[2025-09-21T15:20:06.823+0000] {logging_mixin.py:188} INFO - [2025-09-21T15:20:06.822+0000] {dagbag.py:538} INFO - Filling up the DagBag from /home/airflow/.local/lib/python3.8/site-packages/airflow/example_dags/example_branch_python_dop_operator_3.py
[2025-09-21T15:20:06.838+0000] {processor.py:840} INFO - DAG(s) 'example_branch_dop_operator_v3' retrieved from /home/airflow/.local/lib/python3.8/site-packages/airflow/example_dags/example_branch_python_dop_operator_3.py
[2025-09-21T15:20:06.874+0000] {logging_mixin.py:188} INFO - [2025-09-21T15:20:06.873+0000] {dag.py:3036} INFO - Sync 1 DAGs
[2025-09-21T15:20:06.921+0000] {logging_mixin.py:188} INFO - [2025-09-21T15:20:06.920+0000] {dag.py:3823} INFO - Setting next_dagrun for example_branch_dop_operator_v3 to 2025-09-21 15:19:00+00:00, run_after=2025-09-21 15:20:00+00:00
[2025-09-21T15:20:06.954+0000] {processor.py:183} INFO - Processing /home/airflow/.local/lib/python3.8/site-packages/airflow/example_dags/example_branch_python_dop_operator_3.py took 0.142 seconds
[2025-09-21T15:20:37.127+0000] {processor.py:161} INFO - Started process (PID=1129) to work on /home/airflow/.local/lib/python3.8/site-packages/airflow/example_dags/example_branch_python_dop_operator_3.py
[2025-09-21T15:20:37.129+0000] {processor.py:830} INFO - Processing file /home/airflow/.local/lib/python3.8/site-packages/airflow/example_dags/example_branch_python_dop_operator_3.py for tasks to queue
[2025-09-21T15:20:37.132+0000] {logging_mixin.py:188} INFO - [2025-09-21T15:20:37.132+0000] {dagbag.py:538} INFO - Filling up the DagBag from /home/airflow/.local/lib/python3.8/site-packages/airflow/example_dags/example_branch_python_dop_operator_3.py
[2025-09-21T15:20:37.150+0000] {processor.py:840} INFO - DAG(s) 'example_branch_dop_operator_v3' retrieved from /home/airflow/.local/lib/python3.8/site-packages/airflow/example_dags/example_branch_python_dop_operator_3.py
[2025-09-21T15:20:37.185+0000] {logging_mixin.py:188} INFO - [2025-09-21T15:20:37.185+0000] {dag.py:3036} INFO - Sync 1 DAGs
[2025-09-21T15:20:37.235+0000] {logging_mixin.py:188} INFO - [2025-09-21T15:20:37.235+0000] {dag.py:3823} INFO - Setting next_dagrun for example_branch_dop_operator_v3 to 2025-09-21 15:19:00+00:00, run_after=2025-09-21 15:20:00+00:00
[2025-09-21T15:20:37.269+0000] {processor.py:183} INFO - Processing /home/airflow/.local/lib/python3.8/site-packages/airflow/example_dags/example_branch_python_dop_operator_3.py took 0.149 seconds
[2025-09-21T15:21:07.504+0000] {processor.py:161} INFO - Started process (PID=1187) to work on /home/airflow/.local/lib/python3.8/site-packages/airflow/example_dags/example_branch_python_dop_operator_3.py
[2025-09-21T15:21:07.506+0000] {processor.py:830} INFO - Processing file /home/airflow/.local/lib/python3.8/site-packages/airflow/example_dags/example_branch_python_dop_operator_3.py for tasks to queue
[2025-09-21T15:21:07.509+0000] {logging_mixin.py:188} INFO - [2025-09-21T15:21:07.509+0000] {dagbag.py:538} INFO - Filling up the DagBag from /home/airflow/.local/lib/python3.8/site-packages/airflow/example_dags/example_branch_python_dop_operator_3.py
[2025-09-21T15:21:07.525+0000] {processor.py:840} INFO - DAG(s) 'example_branch_dop_operator_v3' retrieved from /home/airflow/.local/lib/python3.8/site-packages/airflow/example_dags/example_branch_python_dop_operator_3.py
[2025-09-21T15:21:07.560+0000] {logging_mixin.py:188} INFO - [2025-09-21T15:21:07.559+0000] {dag.py:3036} INFO - Sync 1 DAGs
[2025-09-21T15:21:07.611+0000] {logging_mixin.py:188} INFO - [2025-09-21T15:21:07.610+0000] {dag.py:3823} INFO - Setting next_dagrun for example_branch_dop_operator_v3 to 2025-09-21 15:20:00+00:00, run_after=2025-09-21 15:21:00+00:00
[2025-09-21T15:21:07.645+0000] {processor.py:183} INFO - Processing /home/airflow/.local/lib/python3.8/site-packages/airflow/example_dags/example_branch_python_dop_operator_3.py took 0.146 seconds
[2025-09-21T15:21:37.827+0000] {processor.py:161} INFO - Started process (PID=1245) to work on /home/airflow/.local/lib/python3.8/site-packages/airflow/example_dags/example_branch_python_dop_operator_3.py
[2025-09-21T15:21:37.829+0000] {processor.py:830} INFO - Processing file /home/airflow/.local/lib/python3.8/site-packages/airflow/example_dags/example_branch_python_dop_operator_3.py for tasks to queue
[2025-09-21T15:21:37.832+0000] {logging_mixin.py:188} INFO - [2025-09-21T15:21:37.831+0000] {dagbag.py:538} INFO - Filling up the DagBag from /home/airflow/.local/lib/python3.8/site-packages/airflow/example_dags/example_branch_python_dop_operator_3.py
[2025-09-21T15:21:37.852+0000] {processor.py:840} INFO - DAG(s) 'example_branch_dop_operator_v3' retrieved from /home/airflow/.local/lib/python3.8/site-packages/airflow/example_dags/example_branch_python_dop_operator_3.py
[2025-09-21T15:21:37.889+0000] {logging_mixin.py:188} INFO - [2025-09-21T15:21:37.889+0000] {dag.py:3036} INFO - Sync 1 DAGs
[2025-09-21T15:21:37.936+0000] {logging_mixin.py:188} INFO - [2025-09-21T15:21:37.935+0000] {dag.py:3823} INFO - Setting next_dagrun for example_branch_dop_operator_v3 to 2025-09-21 15:20:00+00:00, run_after=2025-09-21 15:21:00+00:00
[2025-09-21T15:21:37.969+0000] {processor.py:183} INFO - Processing /home/airflow/.local/lib/python3.8/site-packages/airflow/example_dags/example_branch_python_dop_operator_3.py took 0.148 seconds
[2025-09-21T15:22:08.166+0000] {processor.py:161} INFO - Started process (PID=1304) to work on /home/airflow/.local/lib/python3.8/site-packages/airflow/example_dags/example_branch_python_dop_operator_3.py
[2025-09-21T15:22:08.169+0000] {processor.py:830} INFO - Processing file /home/airflow/.local/lib/python3.8/site-packages/airflow/example_dags/example_branch_python_dop_operator_3.py for tasks to queue
[2025-09-21T15:22:08.173+0000] {logging_mixin.py:188} INFO - [2025-09-21T15:22:08.173+0000] {dagbag.py:538} INFO - Filling up the DagBag from /home/airflow/.local/lib/python3.8/site-packages/airflow/example_dags/example_branch_python_dop_operator_3.py
[2025-09-21T15:22:08.193+0000] {processor.py:840} INFO - DAG(s) 'example_branch_dop_operator_v3' retrieved from /home/airflow/.local/lib/python3.8/site-packages/airflow/example_dags/example_branch_python_dop_operator_3.py
[2025-09-21T15:22:08.239+0000] {logging_mixin.py:188} INFO - [2025-09-21T15:22:08.239+0000] {dag.py:3036} INFO - Sync 1 DAGs
[2025-09-21T15:22:08.304+0000] {logging_mixin.py:188} INFO - [2025-09-21T15:22:08.304+0000] {dag.py:3823} INFO - Setting next_dagrun for example_branch_dop_operator_v3 to 2025-09-21 15:21:00+00:00, run_after=2025-09-21 15:22:00+00:00
[2025-09-21T15:22:08.349+0000] {processor.py:183} INFO - Processing /home/airflow/.local/lib/python3.8/site-packages/airflow/example_dags/example_branch_python_dop_operator_3.py took 0.190 seconds
[2025-09-21T15:22:38.816+0000] {processor.py:161} INFO - Started process (PID=1362) to work on /home/airflow/.local/lib/python3.8/site-packages/airflow/example_dags/example_branch_python_dop_operator_3.py
[2025-09-21T15:22:38.818+0000] {processor.py:830} INFO - Processing file /home/airflow/.local/lib/python3.8/site-packages/airflow/example_dags/example_branch_python_dop_operator_3.py for tasks to queue
[2025-09-21T15:22:38.824+0000] {logging_mixin.py:188} INFO - [2025-09-21T15:22:38.822+0000] {dagbag.py:538} INFO - Filling up the DagBag from /home/airflow/.local/lib/python3.8/site-packages/airflow/example_dags/example_branch_python_dop_operator_3.py
[2025-09-21T15:22:38.862+0000] {processor.py:840} INFO - DAG(s) 'example_branch_dop_operator_v3' retrieved from /home/airflow/.local/lib/python3.8/site-packages/airflow/example_dags/example_branch_python_dop_operator_3.py
[2025-09-21T15:22:38.951+0000] {logging_mixin.py:188} INFO - [2025-09-21T15:22:38.951+0000] {dag.py:3036} INFO - Sync 1 DAGs
[2025-09-21T15:22:39.048+0000] {logging_mixin.py:188} INFO - [2025-09-21T15:22:39.047+0000] {dag.py:3823} INFO - Setting next_dagrun for example_branch_dop_operator_v3 to 2025-09-21 15:21:00+00:00, run_after=2025-09-21 15:22:00+00:00
[2025-09-21T15:22:39.128+0000] {processor.py:183} INFO - Processing /home/airflow/.local/lib/python3.8/site-packages/airflow/example_dags/example_branch_python_dop_operator_3.py took 0.321 seconds
[2025-09-21T15:23:09.384+0000] {processor.py:161} INFO - Started process (PID=1420) to work on /home/airflow/.local/lib/python3.8/site-packages/airflow/example_dags/example_branch_python_dop_operator_3.py
[2025-09-21T15:23:09.386+0000] {processor.py:830} INFO - Processing file /home/airflow/.local/lib/python3.8/site-packages/airflow/example_dags/example_branch_python_dop_operator_3.py for tasks to queue
[2025-09-21T15:23:09.390+0000] {logging_mixin.py:188} INFO - [2025-09-21T15:23:09.389+0000] {dagbag.py:538} INFO - Filling up the DagBag from /home/airflow/.local/lib/python3.8/site-packages/airflow/example_dags/example_branch_python_dop_operator_3.py
[2025-09-21T15:23:09.405+0000] {processor.py:840} INFO - DAG(s) 'example_branch_dop_operator_v3' retrieved from /home/airflow/.local/lib/python3.8/site-packages/airflow/example_dags/example_branch_python_dop_operator_3.py
[2025-09-21T15:23:09.440+0000] {logging_mixin.py:188} INFO - [2025-09-21T15:23:09.440+0000] {dag.py:3036} INFO - Sync 1 DAGs
[2025-09-21T15:23:09.487+0000] {logging_mixin.py:188} INFO - [2025-09-21T15:23:09.486+0000] {dag.py:3823} INFO - Setting next_dagrun for example_branch_dop_operator_v3 to 2025-09-21 15:22:00+00:00, run_after=2025-09-21 15:23:00+00:00
[2025-09-21T15:23:09.526+0000] {processor.py:183} INFO - Processing /home/airflow/.local/lib/python3.8/site-packages/airflow/example_dags/example_branch_python_dop_operator_3.py took 0.147 seconds
[2025-09-21T15:23:39.807+0000] {processor.py:161} INFO - Started process (PID=1478) to work on /home/airflow/.local/lib/python3.8/site-packages/airflow/example_dags/example_branch_python_dop_operator_3.py
[2025-09-21T15:23:39.809+0000] {processor.py:830} INFO - Processing file /home/airflow/.local/lib/python3.8/site-packages/airflow/example_dags/example_branch_python_dop_operator_3.py for tasks to queue
[2025-09-21T15:23:39.812+0000] {logging_mixin.py:188} INFO - [2025-09-21T15:23:39.812+0000] {dagbag.py:538} INFO - Filling up the DagBag from /home/airflow/.local/lib/python3.8/site-packages/airflow/example_dags/example_branch_python_dop_operator_3.py
[2025-09-21T15:23:39.828+0000] {processor.py:840} INFO - DAG(s) 'example_branch_dop_operator_v3' retrieved from /home/airflow/.local/lib/python3.8/site-packages/airflow/example_dags/example_branch_python_dop_operator_3.py
[2025-09-21T15:23:39.865+0000] {logging_mixin.py:188} INFO - [2025-09-21T15:23:39.865+0000] {dag.py:3036} INFO - Sync 1 DAGs
[2025-09-21T15:23:39.918+0000] {logging_mixin.py:188} INFO - [2025-09-21T15:23:39.918+0000] {dag.py:3823} INFO - Setting next_dagrun for example_branch_dop_operator_v3 to 2025-09-21 15:22:00+00:00, run_after=2025-09-21 15:23:00+00:00
[2025-09-21T15:23:39.953+0000] {processor.py:183} INFO - Processing /home/airflow/.local/lib/python3.8/site-packages/airflow/example_dags/example_branch_python_dop_operator_3.py took 0.152 seconds
[2025-09-21T15:24:10.123+0000] {processor.py:161} INFO - Started process (PID=1536) to work on /home/airflow/.local/lib/python3.8/site-packages/airflow/example_dags/example_branch_python_dop_operator_3.py
[2025-09-21T15:24:10.125+0000] {processor.py:830} INFO - Processing file /home/airflow/.local/lib/python3.8/site-packages/airflow/example_dags/example_branch_python_dop_operator_3.py for tasks to queue
[2025-09-21T15:24:10.129+0000] {logging_mixin.py:188} INFO - [2025-09-21T15:24:10.128+0000] {dagbag.py:538} INFO - Filling up the DagBag from /home/airflow/.local/lib/python3.8/site-packages/airflow/example_dags/example_branch_python_dop_operator_3.py
[2025-09-21T15:24:10.146+0000] {processor.py:840} INFO - DAG(s) 'example_branch_dop_operator_v3' retrieved from /home/airflow/.local/lib/python3.8/site-packages/airflow/example_dags/example_branch_python_dop_operator_3.py
[2025-09-21T15:24:10.184+0000] {logging_mixin.py:188} INFO - [2025-09-21T15:24:10.184+0000] {dag.py:3036} INFO - Sync 1 DAGs
[2025-09-21T15:24:10.239+0000] {logging_mixin.py:188} INFO - [2025-09-21T15:24:10.238+0000] {dag.py:3823} INFO - Setting next_dagrun for example_branch_dop_operator_v3 to 2025-09-21 15:23:00+00:00, run_after=2025-09-21 15:24:00+00:00
[2025-09-21T15:24:10.277+0000] {processor.py:183} INFO - Processing /home/airflow/.local/lib/python3.8/site-packages/airflow/example_dags/example_branch_python_dop_operator_3.py took 0.161 seconds
[2025-09-21T15:24:40.853+0000] {processor.py:161} INFO - Started process (PID=1594) to work on /home/airflow/.local/lib/python3.8/site-packages/airflow/example_dags/example_branch_python_dop_operator_3.py
[2025-09-21T15:24:40.855+0000] {processor.py:830} INFO - Processing file /home/airflow/.local/lib/python3.8/site-packages/airflow/example_dags/example_branch_python_dop_operator_3.py for tasks to queue
[2025-09-21T15:24:40.858+0000] {logging_mixin.py:188} INFO - [2025-09-21T15:24:40.858+0000] {dagbag.py:538} INFO - Filling up the DagBag from /home/airflow/.local/lib/python3.8/site-packages/airflow/example_dags/example_branch_python_dop_operator_3.py
[2025-09-21T15:24:40.874+0000] {processor.py:840} INFO - DAG(s) 'example_branch_dop_operator_v3' retrieved from /home/airflow/.local/lib/python3.8/site-packages/airflow/example_dags/example_branch_python_dop_operator_3.py
[2025-09-21T15:24:40.909+0000] {logging_mixin.py:188} INFO - [2025-09-21T15:24:40.908+0000] {dag.py:3036} INFO - Sync 1 DAGs
[2025-09-21T15:24:40.967+0000] {logging_mixin.py:188} INFO - [2025-09-21T15:24:40.966+0000] {dag.py:3823} INFO - Setting next_dagrun for example_branch_dop_operator_v3 to 2025-09-21 15:23:00+00:00, run_after=2025-09-21 15:24:00+00:00
[2025-09-21T15:24:41.002+0000] {processor.py:183} INFO - Processing /home/airflow/.local/lib/python3.8/site-packages/airflow/example_dags/example_branch_python_dop_operator_3.py took 0.155 seconds
[2025-09-21T15:25:11.353+0000] {processor.py:161} INFO - Started process (PID=1652) to work on /home/airflow/.local/lib/python3.8/site-packages/airflow/example_dags/example_branch_python_dop_operator_3.py
[2025-09-21T15:25:11.355+0000] {processor.py:830} INFO - Processing file /home/airflow/.local/lib/python3.8/site-packages/airflow/example_dags/example_branch_python_dop_operator_3.py for tasks to queue
[2025-09-21T15:25:11.359+0000] {logging_mixin.py:188} INFO - [2025-09-21T15:25:11.359+0000] {dagbag.py:538} INFO - Filling up the DagBag from /home/airflow/.local/lib/python3.8/site-packages/airflow/example_dags/example_branch_python_dop_operator_3.py
[2025-09-21T15:25:11.375+0000] {processor.py:840} INFO - DAG(s) 'example_branch_dop_operator_v3' retrieved from /home/airflow/.local/lib/python3.8/site-packages/airflow/example_dags/example_branch_python_dop_operator_3.py
[2025-09-21T15:25:11.413+0000] {logging_mixin.py:188} INFO - [2025-09-21T15:25:11.413+0000] {dag.py:3036} INFO - Sync 1 DAGs
[2025-09-21T15:25:11.473+0000] {logging_mixin.py:188} INFO - [2025-09-21T15:25:11.472+0000] {dag.py:3823} INFO - Setting next_dagrun for example_branch_dop_operator_v3 to 2025-09-21 15:24:00+00:00, run_after=2025-09-21 15:25:00+00:00
[2025-09-21T15:25:11.527+0000] {processor.py:183} INFO - Processing /home/airflow/.local/lib/python3.8/site-packages/airflow/example_dags/example_branch_python_dop_operator_3.py took 0.181 seconds
[2025-09-21T15:25:42.129+0000] {processor.py:161} INFO - Started process (PID=1711) to work on /home/airflow/.local/lib/python3.8/site-packages/airflow/example_dags/example_branch_python_dop_operator_3.py
[2025-09-21T15:25:42.131+0000] {processor.py:830} INFO - Processing file /home/airflow/.local/lib/python3.8/site-packages/airflow/example_dags/example_branch_python_dop_operator_3.py for tasks to queue
[2025-09-21T15:25:42.134+0000] {logging_mixin.py:188} INFO - [2025-09-21T15:25:42.134+0000] {dagbag.py:538} INFO - Filling up the DagBag from /home/airflow/.local/lib/python3.8/site-packages/airflow/example_dags/example_branch_python_dop_operator_3.py
[2025-09-21T15:25:42.150+0000] {processor.py:840} INFO - DAG(s) 'example_branch_dop_operator_v3' retrieved from /home/airflow/.local/lib/python3.8/site-packages/airflow/example_dags/example_branch_python_dop_operator_3.py
[2025-09-21T15:25:42.186+0000] {logging_mixin.py:188} INFO - [2025-09-21T15:25:42.185+0000] {dag.py:3036} INFO - Sync 1 DAGs
[2025-09-21T15:25:42.237+0000] {logging_mixin.py:188} INFO - [2025-09-21T15:25:42.237+0000] {dag.py:3823} INFO - Setting next_dagrun for example_branch_dop_operator_v3 to 2025-09-21 15:24:00+00:00, run_after=2025-09-21 15:25:00+00:00
[2025-09-21T15:25:42.273+0000] {processor.py:183} INFO - Processing /home/airflow/.local/lib/python3.8/site-packages/airflow/example_dags/example_branch_python_dop_operator_3.py took 0.151 seconds
[2025-09-21T15:26:12.392+0000] {processor.py:161} INFO - Started process (PID=1769) to work on /home/airflow/.local/lib/python3.8/site-packages/airflow/example_dags/example_branch_python_dop_operator_3.py
[2025-09-21T15:26:12.394+0000] {processor.py:830} INFO - Processing file /home/airflow/.local/lib/python3.8/site-packages/airflow/example_dags/example_branch_python_dop_operator_3.py for tasks to queue
[2025-09-21T15:26:12.397+0000] {logging_mixin.py:188} INFO - [2025-09-21T15:26:12.397+0000] {dagbag.py:538} INFO - Filling up the DagBag from /home/airflow/.local/lib/python3.8/site-packages/airflow/example_dags/example_branch_python_dop_operator_3.py
[2025-09-21T15:26:12.413+0000] {processor.py:840} INFO - DAG(s) 'example_branch_dop_operator_v3' retrieved from /home/airflow/.local/lib/python3.8/site-packages/airflow/example_dags/example_branch_python_dop_operator_3.py
[2025-09-21T15:26:12.460+0000] {logging_mixin.py:188} INFO - [2025-09-21T15:26:12.460+0000] {dag.py:3036} INFO - Sync 1 DAGs
[2025-09-21T15:26:12.581+0000] {logging_mixin.py:188} INFO - [2025-09-21T15:26:12.580+0000] {dag.py:3823} INFO - Setting next_dagrun for example_branch_dop_operator_v3 to 2025-09-21 15:25:00+00:00, run_after=2025-09-21 15:26:00+00:00
[2025-09-21T15:26:12.630+0000] {processor.py:183} INFO - Processing /home/airflow/.local/lib/python3.8/site-packages/airflow/example_dags/example_branch_python_dop_operator_3.py took 0.244 seconds
[2025-09-21T15:26:43.264+0000] {processor.py:161} INFO - Started process (PID=1827) to work on /home/airflow/.local/lib/python3.8/site-packages/airflow/example_dags/example_branch_python_dop_operator_3.py
[2025-09-21T15:26:43.266+0000] {processor.py:830} INFO - Processing file /home/airflow/.local/lib/python3.8/site-packages/airflow/example_dags/example_branch_python_dop_operator_3.py for tasks to queue
[2025-09-21T15:26:43.269+0000] {logging_mixin.py:188} INFO - [2025-09-21T15:26:43.269+0000] {dagbag.py:538} INFO - Filling up the DagBag from /home/airflow/.local/lib/python3.8/site-packages/airflow/example_dags/example_branch_python_dop_operator_3.py
[2025-09-21T15:26:43.286+0000] {processor.py:840} INFO - DAG(s) 'example_branch_dop_operator_v3' retrieved from /home/airflow/.local/lib/python3.8/site-packages/airflow/example_dags/example_branch_python_dop_operator_3.py
[2025-09-21T15:26:43.321+0000] {logging_mixin.py:188} INFO - [2025-09-21T15:26:43.321+0000] {dag.py:3036} INFO - Sync 1 DAGs
[2025-09-21T15:26:43.370+0000] {logging_mixin.py:188} INFO - [2025-09-21T15:26:43.369+0000] {dag.py:3823} INFO - Setting next_dagrun for example_branch_dop_operator_v3 to 2025-09-21 15:25:00+00:00, run_after=2025-09-21 15:26:00+00:00
[2025-09-21T15:26:43.406+0000] {processor.py:183} INFO - Processing /home/airflow/.local/lib/python3.8/site-packages/airflow/example_dags/example_branch_python_dop_operator_3.py took 0.148 seconds
[2025-09-21T15:27:14.073+0000] {processor.py:161} INFO - Started process (PID=1885) to work on /home/airflow/.local/lib/python3.8/site-packages/airflow/example_dags/example_branch_python_dop_operator_3.py
[2025-09-21T15:27:14.074+0000] {processor.py:830} INFO - Processing file /home/airflow/.local/lib/python3.8/site-packages/airflow/example_dags/example_branch_python_dop_operator_3.py for tasks to queue
[2025-09-21T15:27:14.080+0000] {logging_mixin.py:188} INFO - [2025-09-21T15:27:14.079+0000] {dagbag.py:538} INFO - Filling up the DagBag from /home/airflow/.local/lib/python3.8/site-packages/airflow/example_dags/example_branch_python_dop_operator_3.py
[2025-09-21T15:27:14.098+0000] {processor.py:840} INFO - DAG(s) 'example_branch_dop_operator_v3' retrieved from /home/airflow/.local/lib/python3.8/site-packages/airflow/example_dags/example_branch_python_dop_operator_3.py
[2025-09-21T15:27:14.139+0000] {logging_mixin.py:188} INFO - [2025-09-21T15:27:14.138+0000] {dag.py:3036} INFO - Sync 1 DAGs
[2025-09-21T15:27:14.199+0000] {logging_mixin.py:188} INFO - [2025-09-21T15:27:14.199+0000] {dag.py:3823} INFO - Setting next_dagrun for example_branch_dop_operator_v3 to 2025-09-21 15:26:00+00:00, run_after=2025-09-21 15:27:00+00:00
[2025-09-21T15:27:14.244+0000] {processor.py:183} INFO - Processing /home/airflow/.local/lib/python3.8/site-packages/airflow/example_dags/example_branch_python_dop_operator_3.py took 0.177 seconds
[2025-09-21T15:27:44.460+0000] {processor.py:161} INFO - Started process (PID=1943) to work on /home/airflow/.local/lib/python3.8/site-packages/airflow/example_dags/example_branch_python_dop_operator_3.py
[2025-09-21T15:27:44.462+0000] {processor.py:830} INFO - Processing file /home/airflow/.local/lib/python3.8/site-packages/airflow/example_dags/example_branch_python_dop_operator_3.py for tasks to queue
[2025-09-21T15:27:44.467+0000] {logging_mixin.py:188} INFO - [2025-09-21T15:27:44.466+0000] {dagbag.py:538} INFO - Filling up the DagBag from /home/airflow/.local/lib/python3.8/site-packages/airflow/example_dags/example_branch_python_dop_operator_3.py
[2025-09-21T15:27:44.497+0000] {processor.py:840} INFO - DAG(s) 'example_branch_dop_operator_v3' retrieved from /home/airflow/.local/lib/python3.8/site-packages/airflow/example_dags/example_branch_python_dop_operator_3.py
[2025-09-21T15:27:44.550+0000] {logging_mixin.py:188} INFO - [2025-09-21T15:27:44.549+0000] {dag.py:3036} INFO - Sync 1 DAGs
[2025-09-21T15:27:44.609+0000] {logging_mixin.py:188} INFO - [2025-09-21T15:27:44.609+0000] {dag.py:3823} INFO - Setting next_dagrun for example_branch_dop_operator_v3 to 2025-09-21 15:26:00+00:00, run_after=2025-09-21 15:27:00+00:00
[2025-09-21T15:27:44.650+0000] {processor.py:183} INFO - Processing /home/airflow/.local/lib/python3.8/site-packages/airflow/example_dags/example_branch_python_dop_operator_3.py took 0.196 seconds
[2025-09-21T15:28:15.170+0000] {processor.py:161} INFO - Started process (PID=1999) to work on /home/airflow/.local/lib/python3.8/site-packages/airflow/example_dags/example_branch_python_dop_operator_3.py
[2025-09-21T15:28:15.172+0000] {processor.py:830} INFO - Processing file /home/airflow/.local/lib/python3.8/site-packages/airflow/example_dags/example_branch_python_dop_operator_3.py for tasks to queue
[2025-09-21T15:28:15.175+0000] {logging_mixin.py:188} INFO - [2025-09-21T15:28:15.175+0000] {dagbag.py:538} INFO - Filling up the DagBag from /home/airflow/.local/lib/python3.8/site-packages/airflow/example_dags/example_branch_python_dop_operator_3.py
[2025-09-21T15:28:15.191+0000] {processor.py:840} INFO - DAG(s) 'example_branch_dop_operator_v3' retrieved from /home/airflow/.local/lib/python3.8/site-packages/airflow/example_dags/example_branch_python_dop_operator_3.py
[2025-09-21T15:28:15.228+0000] {logging_mixin.py:188} INFO - [2025-09-21T15:28:15.227+0000] {dag.py:3036} INFO - Sync 1 DAGs
[2025-09-21T15:28:15.280+0000] {logging_mixin.py:188} INFO - [2025-09-21T15:28:15.280+0000] {dag.py:3823} INFO - Setting next_dagrun for example_branch_dop_operator_v3 to 2025-09-21 15:27:00+00:00, run_after=2025-09-21 15:28:00+00:00
[2025-09-21T15:28:15.317+0000] {processor.py:183} INFO - Processing /home/airflow/.local/lib/python3.8/site-packages/airflow/example_dags/example_branch_python_dop_operator_3.py took 0.155 seconds
[2025-09-21T15:28:46.087+0000] {processor.py:161} INFO - Started process (PID=2057) to work on /home/airflow/.local/lib/python3.8/site-packages/airflow/example_dags/example_branch_python_dop_operator_3.py
[2025-09-21T15:28:46.089+0000] {processor.py:830} INFO - Processing file /home/airflow/.local/lib/python3.8/site-packages/airflow/example_dags/example_branch_python_dop_operator_3.py for tasks to queue
[2025-09-21T15:28:46.092+0000] {logging_mixin.py:188} INFO - [2025-09-21T15:28:46.092+0000] {dagbag.py:538} INFO - Filling up the DagBag from /home/airflow/.local/lib/python3.8/site-packages/airflow/example_dags/example_branch_python_dop_operator_3.py
[2025-09-21T15:28:46.108+0000] {processor.py:840} INFO - DAG(s) 'example_branch_dop_operator_v3' retrieved from /home/airflow/.local/lib/python3.8/site-packages/airflow/example_dags/example_branch_python_dop_operator_3.py
[2025-09-21T15:28:46.146+0000] {logging_mixin.py:188} INFO - [2025-09-21T15:28:46.146+0000] {dag.py:3036} INFO - Sync 1 DAGs
[2025-09-21T15:28:46.195+0000] {logging_mixin.py:188} INFO - [2025-09-21T15:28:46.194+0000] {dag.py:3823} INFO - Setting next_dagrun for example_branch_dop_operator_v3 to 2025-09-21 15:27:00+00:00, run_after=2025-09-21 15:28:00+00:00
[2025-09-21T15:28:46.237+0000] {processor.py:183} INFO - Processing /home/airflow/.local/lib/python3.8/site-packages/airflow/example_dags/example_branch_python_dop_operator_3.py took 0.155 seconds
[2025-09-21T15:29:16.904+0000] {processor.py:161} INFO - Started process (PID=2115) to work on /home/airflow/.local/lib/python3.8/site-packages/airflow/example_dags/example_branch_python_dop_operator_3.py
[2025-09-21T15:29:16.906+0000] {processor.py:830} INFO - Processing file /home/airflow/.local/lib/python3.8/site-packages/airflow/example_dags/example_branch_python_dop_operator_3.py for tasks to queue
[2025-09-21T15:29:16.909+0000] {logging_mixin.py:188} INFO - [2025-09-21T15:29:16.909+0000] {dagbag.py:538} INFO - Filling up the DagBag from /home/airflow/.local/lib/python3.8/site-packages/airflow/example_dags/example_branch_python_dop_operator_3.py
[2025-09-21T15:29:16.925+0000] {processor.py:840} INFO - DAG(s) 'example_branch_dop_operator_v3' retrieved from /home/airflow/.local/lib/python3.8/site-packages/airflow/example_dags/example_branch_python_dop_operator_3.py
[2025-09-21T15:29:16.962+0000] {logging_mixin.py:188} INFO - [2025-09-21T15:29:16.962+0000] {dag.py:3036} INFO - Sync 1 DAGs
[2025-09-21T15:29:17.010+0000] {logging_mixin.py:188} INFO - [2025-09-21T15:29:17.010+0000] {dag.py:3823} INFO - Setting next_dagrun for example_branch_dop_operator_v3 to 2025-09-21 15:28:00+00:00, run_after=2025-09-21 15:29:00+00:00
[2025-09-21T15:29:17.046+0000] {processor.py:183} INFO - Processing /home/airflow/.local/lib/python3.8/site-packages/airflow/example_dags/example_branch_python_dop_operator_3.py took 0.148 seconds
[2025-09-21T15:29:47.285+0000] {processor.py:161} INFO - Started process (PID=2173) to work on /home/airflow/.local/lib/python3.8/site-packages/airflow/example_dags/example_branch_python_dop_operator_3.py
[2025-09-21T15:29:47.286+0000] {processor.py:830} INFO - Processing file /home/airflow/.local/lib/python3.8/site-packages/airflow/example_dags/example_branch_python_dop_operator_3.py for tasks to queue
[2025-09-21T15:29:47.290+0000] {logging_mixin.py:188} INFO - [2025-09-21T15:29:47.289+0000] {dagbag.py:538} INFO - Filling up the DagBag from /home/airflow/.local/lib/python3.8/site-packages/airflow/example_dags/example_branch_python_dop_operator_3.py
[2025-09-21T15:29:47.306+0000] {processor.py:840} INFO - DAG(s) 'example_branch_dop_operator_v3' retrieved from /home/airflow/.local/lib/python3.8/site-packages/airflow/example_dags/example_branch_python_dop_operator_3.py
[2025-09-21T15:29:47.343+0000] {logging_mixin.py:188} INFO - [2025-09-21T15:29:47.343+0000] {dag.py:3036} INFO - Sync 1 DAGs
[2025-09-21T15:29:47.391+0000] {logging_mixin.py:188} INFO - [2025-09-21T15:29:47.390+0000] {dag.py:3823} INFO - Setting next_dagrun for example_branch_dop_operator_v3 to 2025-09-21 15:28:00+00:00, run_after=2025-09-21 15:29:00+00:00
[2025-09-21T15:29:47.433+0000] {processor.py:183} INFO - Processing /home/airflow/.local/lib/python3.8/site-packages/airflow/example_dags/example_branch_python_dop_operator_3.py took 0.153 seconds
[2025-09-21T15:30:18.235+0000] {processor.py:161} INFO - Started process (PID=2231) to work on /home/airflow/.local/lib/python3.8/site-packages/airflow/example_dags/example_branch_python_dop_operator_3.py
[2025-09-21T15:30:18.237+0000] {processor.py:830} INFO - Processing file /home/airflow/.local/lib/python3.8/site-packages/airflow/example_dags/example_branch_python_dop_operator_3.py for tasks to queue
[2025-09-21T15:30:18.241+0000] {logging_mixin.py:188} INFO - [2025-09-21T15:30:18.240+0000] {dagbag.py:538} INFO - Filling up the DagBag from /home/airflow/.local/lib/python3.8/site-packages/airflow/example_dags/example_branch_python_dop_operator_3.py
[2025-09-21T15:30:18.257+0000] {processor.py:840} INFO - DAG(s) 'example_branch_dop_operator_v3' retrieved from /home/airflow/.local/lib/python3.8/site-packages/airflow/example_dags/example_branch_python_dop_operator_3.py
[2025-09-21T15:30:18.298+0000] {logging_mixin.py:188} INFO - [2025-09-21T15:30:18.297+0000] {dag.py:3036} INFO - Sync 1 DAGs
[2025-09-21T15:30:18.349+0000] {logging_mixin.py:188} INFO - [2025-09-21T15:30:18.349+0000] {dag.py:3823} INFO - Setting next_dagrun for example_branch_dop_operator_v3 to 2025-09-21 15:29:00+00:00, run_after=2025-09-21 15:30:00+00:00
[2025-09-21T15:30:18.385+0000] {processor.py:183} INFO - Processing /home/airflow/.local/lib/python3.8/site-packages/airflow/example_dags/example_branch_python_dop_operator_3.py took 0.156 seconds
[2025-09-21T15:30:48.698+0000] {processor.py:161} INFO - Started process (PID=2289) to work on /home/airflow/.local/lib/python3.8/site-packages/airflow/example_dags/example_branch_python_dop_operator_3.py
[2025-09-21T15:30:48.700+0000] {processor.py:830} INFO - Processing file /home/airflow/.local/lib/python3.8/site-packages/airflow/example_dags/example_branch_python_dop_operator_3.py for tasks to queue
[2025-09-21T15:30:48.703+0000] {logging_mixin.py:188} INFO - [2025-09-21T15:30:48.703+0000] {dagbag.py:538} INFO - Filling up the DagBag from /home/airflow/.local/lib/python3.8/site-packages/airflow/example_dags/example_branch_python_dop_operator_3.py
[2025-09-21T15:30:48.719+0000] {processor.py:840} INFO - DAG(s) 'example_branch_dop_operator_v3' retrieved from /home/airflow/.local/lib/python3.8/site-packages/airflow/example_dags/example_branch_python_dop_operator_3.py
[2025-09-21T15:30:48.759+0000] {logging_mixin.py:188} INFO - [2025-09-21T15:30:48.759+0000] {dag.py:3036} INFO - Sync 1 DAGs
[2025-09-21T15:30:48.808+0000] {logging_mixin.py:188} INFO - [2025-09-21T15:30:48.808+0000] {dag.py:3823} INFO - Setting next_dagrun for example_branch_dop_operator_v3 to 2025-09-21 15:29:00+00:00, run_after=2025-09-21 15:30:00+00:00
[2025-09-21T15:30:48.842+0000] {processor.py:183} INFO - Processing /home/airflow/.local/lib/python3.8/site-packages/airflow/example_dags/example_branch_python_dop_operator_3.py took 0.149 seconds
[2025-09-21T15:31:19.155+0000] {processor.py:161} INFO - Started process (PID=2347) to work on /home/airflow/.local/lib/python3.8/site-packages/airflow/example_dags/example_branch_python_dop_operator_3.py
[2025-09-21T15:31:19.157+0000] {processor.py:830} INFO - Processing file /home/airflow/.local/lib/python3.8/site-packages/airflow/example_dags/example_branch_python_dop_operator_3.py for tasks to queue
[2025-09-21T15:31:19.160+0000] {logging_mixin.py:188} INFO - [2025-09-21T15:31:19.159+0000] {dagbag.py:538} INFO - Filling up the DagBag from /home/airflow/.local/lib/python3.8/site-packages/airflow/example_dags/example_branch_python_dop_operator_3.py
[2025-09-21T15:31:19.177+0000] {processor.py:840} INFO - DAG(s) 'example_branch_dop_operator_v3' retrieved from /home/airflow/.local/lib/python3.8/site-packages/airflow/example_dags/example_branch_python_dop_operator_3.py
[2025-09-21T15:31:19.213+0000] {logging_mixin.py:188} INFO - [2025-09-21T15:31:19.212+0000] {dag.py:3036} INFO - Sync 1 DAGs
[2025-09-21T15:31:19.263+0000] {logging_mixin.py:188} INFO - [2025-09-21T15:31:19.263+0000] {dag.py:3823} INFO - Setting next_dagrun for example_branch_dop_operator_v3 to 2025-09-21 15:30:00+00:00, run_after=2025-09-21 15:31:00+00:00
[2025-09-21T15:31:19.301+0000] {processor.py:183} INFO - Processing /home/airflow/.local/lib/python3.8/site-packages/airflow/example_dags/example_branch_python_dop_operator_3.py took 0.153 seconds
[2025-09-21T15:31:49.869+0000] {processor.py:161} INFO - Started process (PID=2405) to work on /home/airflow/.local/lib/python3.8/site-packages/airflow/example_dags/example_branch_python_dop_operator_3.py
[2025-09-21T15:31:49.871+0000] {processor.py:830} INFO - Processing file /home/airflow/.local/lib/python3.8/site-packages/airflow/example_dags/example_branch_python_dop_operator_3.py for tasks to queue
[2025-09-21T15:31:49.874+0000] {logging_mixin.py:188} INFO - [2025-09-21T15:31:49.874+0000] {dagbag.py:538} INFO - Filling up the DagBag from /home/airflow/.local/lib/python3.8/site-packages/airflow/example_dags/example_branch_python_dop_operator_3.py
[2025-09-21T15:31:49.891+0000] {processor.py:840} INFO - DAG(s) 'example_branch_dop_operator_v3' retrieved from /home/airflow/.local/lib/python3.8/site-packages/airflow/example_dags/example_branch_python_dop_operator_3.py
[2025-09-21T15:31:49.926+0000] {logging_mixin.py:188} INFO - [2025-09-21T15:31:49.925+0000] {dag.py:3036} INFO - Sync 1 DAGs
[2025-09-21T15:31:49.973+0000] {logging_mixin.py:188} INFO - [2025-09-21T15:31:49.973+0000] {dag.py:3823} INFO - Setting next_dagrun for example_branch_dop_operator_v3 to 2025-09-21 15:30:00+00:00, run_after=2025-09-21 15:31:00+00:00
[2025-09-21T15:31:50.008+0000] {processor.py:183} INFO - Processing /home/airflow/.local/lib/python3.8/site-packages/airflow/example_dags/example_branch_python_dop_operator_3.py took 0.147 seconds
[2025-09-21T15:32:20.083+0000] {processor.py:161} INFO - Started process (PID=2461) to work on /home/airflow/.local/lib/python3.8/site-packages/airflow/example_dags/example_branch_python_dop_operator_3.py
[2025-09-21T15:32:20.085+0000] {processor.py:830} INFO - Processing file /home/airflow/.local/lib/python3.8/site-packages/airflow/example_dags/example_branch_python_dop_operator_3.py for tasks to queue
[2025-09-21T15:32:20.089+0000] {logging_mixin.py:188} INFO - [2025-09-21T15:32:20.088+0000] {dagbag.py:538} INFO - Filling up the DagBag from /home/airflow/.local/lib/python3.8/site-packages/airflow/example_dags/example_branch_python_dop_operator_3.py
[2025-09-21T15:32:20.106+0000] {processor.py:840} INFO - DAG(s) 'example_branch_dop_operator_v3' retrieved from /home/airflow/.local/lib/python3.8/site-packages/airflow/example_dags/example_branch_python_dop_operator_3.py
[2025-09-21T15:32:20.146+0000] {logging_mixin.py:188} INFO - [2025-09-21T15:32:20.146+0000] {dag.py:3036} INFO - Sync 1 DAGs
[2025-09-21T15:32:20.200+0000] {logging_mixin.py:188} INFO - [2025-09-21T15:32:20.199+0000] {dag.py:3823} INFO - Setting next_dagrun for example_branch_dop_operator_v3 to 2025-09-21 15:31:00+00:00, run_after=2025-09-21 15:32:00+00:00
[2025-09-21T15:32:20.245+0000] {processor.py:183} INFO - Processing /home/airflow/.local/lib/python3.8/site-packages/airflow/example_dags/example_branch_python_dop_operator_3.py took 0.168 seconds
[2025-09-21T15:32:50.638+0000] {processor.py:161} INFO - Started process (PID=2519) to work on /home/airflow/.local/lib/python3.8/site-packages/airflow/example_dags/example_branch_python_dop_operator_3.py
[2025-09-21T15:32:50.640+0000] {processor.py:830} INFO - Processing file /home/airflow/.local/lib/python3.8/site-packages/airflow/example_dags/example_branch_python_dop_operator_3.py for tasks to queue
[2025-09-21T15:32:50.643+0000] {logging_mixin.py:188} INFO - [2025-09-21T15:32:50.643+0000] {dagbag.py:538} INFO - Filling up the DagBag from /home/airflow/.local/lib/python3.8/site-packages/airflow/example_dags/example_branch_python_dop_operator_3.py
[2025-09-21T15:32:50.659+0000] {processor.py:840} INFO - DAG(s) 'example_branch_dop_operator_v3' retrieved from /home/airflow/.local/lib/python3.8/site-packages/airflow/example_dags/example_branch_python_dop_operator_3.py
[2025-09-21T15:32:50.697+0000] {logging_mixin.py:188} INFO - [2025-09-21T15:32:50.697+0000] {dag.py:3036} INFO - Sync 1 DAGs
[2025-09-21T15:32:50.746+0000] {logging_mixin.py:188} INFO - [2025-09-21T15:32:50.746+0000] {dag.py:3823} INFO - Setting next_dagrun for example_branch_dop_operator_v3 to 2025-09-21 15:31:00+00:00, run_after=2025-09-21 15:32:00+00:00
[2025-09-21T15:32:50.783+0000] {processor.py:183} INFO - Processing /home/airflow/.local/lib/python3.8/site-packages/airflow/example_dags/example_branch_python_dop_operator_3.py took 0.151 seconds
[2025-09-21T15:33:20.856+0000] {processor.py:161} INFO - Started process (PID=2577) to work on /home/airflow/.local/lib/python3.8/site-packages/airflow/example_dags/example_branch_python_dop_operator_3.py
[2025-09-21T15:33:20.858+0000] {processor.py:830} INFO - Processing file /home/airflow/.local/lib/python3.8/site-packages/airflow/example_dags/example_branch_python_dop_operator_3.py for tasks to queue
[2025-09-21T15:33:20.861+0000] {logging_mixin.py:188} INFO - [2025-09-21T15:33:20.861+0000] {dagbag.py:538} INFO - Filling up the DagBag from /home/airflow/.local/lib/python3.8/site-packages/airflow/example_dags/example_branch_python_dop_operator_3.py
[2025-09-21T15:33:20.883+0000] {processor.py:840} INFO - DAG(s) 'example_branch_dop_operator_v3' retrieved from /home/airflow/.local/lib/python3.8/site-packages/airflow/example_dags/example_branch_python_dop_operator_3.py
[2025-09-21T15:33:20.920+0000] {logging_mixin.py:188} INFO - [2025-09-21T15:33:20.920+0000] {dag.py:3036} INFO - Sync 1 DAGs
[2025-09-21T15:33:20.969+0000] {logging_mixin.py:188} INFO - [2025-09-21T15:33:20.968+0000] {dag.py:3823} INFO - Setting next_dagrun for example_branch_dop_operator_v3 to 2025-09-21 15:32:00+00:00, run_after=2025-09-21 15:33:00+00:00
[2025-09-21T15:33:21.002+0000] {processor.py:183} INFO - Processing /home/airflow/.local/lib/python3.8/site-packages/airflow/example_dags/example_branch_python_dop_operator_3.py took 0.152 seconds
[2025-09-21T15:33:51.098+0000] {processor.py:161} INFO - Started process (PID=2635) to work on /home/airflow/.local/lib/python3.8/site-packages/airflow/example_dags/example_branch_python_dop_operator_3.py
[2025-09-21T15:33:51.100+0000] {processor.py:830} INFO - Processing file /home/airflow/.local/lib/python3.8/site-packages/airflow/example_dags/example_branch_python_dop_operator_3.py for tasks to queue
[2025-09-21T15:33:51.104+0000] {logging_mixin.py:188} INFO - [2025-09-21T15:33:51.103+0000] {dagbag.py:538} INFO - Filling up the DagBag from /home/airflow/.local/lib/python3.8/site-packages/airflow/example_dags/example_branch_python_dop_operator_3.py
[2025-09-21T15:33:51.120+0000] {processor.py:840} INFO - DAG(s) 'example_branch_dop_operator_v3' retrieved from /home/airflow/.local/lib/python3.8/site-packages/airflow/example_dags/example_branch_python_dop_operator_3.py
[2025-09-21T15:33:51.157+0000] {logging_mixin.py:188} INFO - [2025-09-21T15:33:51.157+0000] {dag.py:3036} INFO - Sync 1 DAGs
[2025-09-21T15:33:51.210+0000] {logging_mixin.py:188} INFO - [2025-09-21T15:33:51.210+0000] {dag.py:3823} INFO - Setting next_dagrun for example_branch_dop_operator_v3 to 2025-09-21 15:32:00+00:00, run_after=2025-09-21 15:33:00+00:00
[2025-09-21T15:33:51.246+0000] {processor.py:183} INFO - Processing /home/airflow/.local/lib/python3.8/site-packages/airflow/example_dags/example_branch_python_dop_operator_3.py took 0.153 seconds
[2025-09-21T15:34:21.616+0000] {processor.py:161} INFO - Started process (PID=2693) to work on /home/airflow/.local/lib/python3.8/site-packages/airflow/example_dags/example_branch_python_dop_operator_3.py
[2025-09-21T15:34:21.618+0000] {processor.py:830} INFO - Processing file /home/airflow/.local/lib/python3.8/site-packages/airflow/example_dags/example_branch_python_dop_operator_3.py for tasks to queue
[2025-09-21T15:34:21.622+0000] {logging_mixin.py:188} INFO - [2025-09-21T15:34:21.621+0000] {dagbag.py:538} INFO - Filling up the DagBag from /home/airflow/.local/lib/python3.8/site-packages/airflow/example_dags/example_branch_python_dop_operator_3.py
[2025-09-21T15:34:21.639+0000] {processor.py:840} INFO - DAG(s) 'example_branch_dop_operator_v3' retrieved from /home/airflow/.local/lib/python3.8/site-packages/airflow/example_dags/example_branch_python_dop_operator_3.py
[2025-09-21T15:34:21.678+0000] {logging_mixin.py:188} INFO - [2025-09-21T15:34:21.678+0000] {dag.py:3036} INFO - Sync 1 DAGs
[2025-09-21T15:34:21.728+0000] {logging_mixin.py:188} INFO - [2025-09-21T15:34:21.727+0000] {dag.py:3823} INFO - Setting next_dagrun for example_branch_dop_operator_v3 to 2025-09-21 15:33:00+00:00, run_after=2025-09-21 15:34:00+00:00
[2025-09-21T15:34:21.769+0000] {processor.py:183} INFO - Processing /home/airflow/.local/lib/python3.8/site-packages/airflow/example_dags/example_branch_python_dop_operator_3.py took 0.161 seconds
[2025-09-21T15:34:52.124+0000] {processor.py:161} INFO - Started process (PID=2751) to work on /home/airflow/.local/lib/python3.8/site-packages/airflow/example_dags/example_branch_python_dop_operator_3.py
[2025-09-21T15:34:52.126+0000] {processor.py:830} INFO - Processing file /home/airflow/.local/lib/python3.8/site-packages/airflow/example_dags/example_branch_python_dop_operator_3.py for tasks to queue
[2025-09-21T15:34:52.129+0000] {logging_mixin.py:188} INFO - [2025-09-21T15:34:52.128+0000] {dagbag.py:538} INFO - Filling up the DagBag from /home/airflow/.local/lib/python3.8/site-packages/airflow/example_dags/example_branch_python_dop_operator_3.py
[2025-09-21T15:34:52.146+0000] {processor.py:840} INFO - DAG(s) 'example_branch_dop_operator_v3' retrieved from /home/airflow/.local/lib/python3.8/site-packages/airflow/example_dags/example_branch_python_dop_operator_3.py
[2025-09-21T15:34:52.182+0000] {logging_mixin.py:188} INFO - [2025-09-21T15:34:52.182+0000] {dag.py:3036} INFO - Sync 1 DAGs
[2025-09-21T15:34:52.235+0000] {logging_mixin.py:188} INFO - [2025-09-21T15:34:52.234+0000] {dag.py:3823} INFO - Setting next_dagrun for example_branch_dop_operator_v3 to 2025-09-21 15:33:00+00:00, run_after=2025-09-21 15:34:00+00:00
[2025-09-21T15:34:52.275+0000] {processor.py:183} INFO - Processing /home/airflow/.local/lib/python3.8/site-packages/airflow/example_dags/example_branch_python_dop_operator_3.py took 0.156 seconds
[2025-09-21T15:35:23.096+0000] {processor.py:161} INFO - Started process (PID=2815) to work on /home/airflow/.local/lib/python3.8/site-packages/airflow/example_dags/example_branch_python_dop_operator_3.py
[2025-09-21T15:35:23.098+0000] {processor.py:830} INFO - Processing file /home/airflow/.local/lib/python3.8/site-packages/airflow/example_dags/example_branch_python_dop_operator_3.py for tasks to queue
[2025-09-21T15:35:23.101+0000] {logging_mixin.py:188} INFO - [2025-09-21T15:35:23.100+0000] {dagbag.py:538} INFO - Filling up the DagBag from /home/airflow/.local/lib/python3.8/site-packages/airflow/example_dags/example_branch_python_dop_operator_3.py
[2025-09-21T15:35:23.116+0000] {processor.py:840} INFO - DAG(s) 'example_branch_dop_operator_v3' retrieved from /home/airflow/.local/lib/python3.8/site-packages/airflow/example_dags/example_branch_python_dop_operator_3.py
[2025-09-21T15:35:23.153+0000] {logging_mixin.py:188} INFO - [2025-09-21T15:35:23.152+0000] {dag.py:3036} INFO - Sync 1 DAGs
[2025-09-21T15:35:23.200+0000] {logging_mixin.py:188} INFO - [2025-09-21T15:35:23.200+0000] {dag.py:3823} INFO - Setting next_dagrun for example_branch_dop_operator_v3 to 2025-09-21 15:34:00+00:00, run_after=2025-09-21 15:35:00+00:00
[2025-09-21T15:35:23.235+0000] {processor.py:183} INFO - Processing /home/airflow/.local/lib/python3.8/site-packages/airflow/example_dags/example_branch_python_dop_operator_3.py took 0.145 seconds
[2025-09-21T15:35:53.354+0000] {processor.py:161} INFO - Started process (PID=2873) to work on /home/airflow/.local/lib/python3.8/site-packages/airflow/example_dags/example_branch_python_dop_operator_3.py
[2025-09-21T15:35:53.356+0000] {processor.py:830} INFO - Processing file /home/airflow/.local/lib/python3.8/site-packages/airflow/example_dags/example_branch_python_dop_operator_3.py for tasks to queue
[2025-09-21T15:35:53.359+0000] {logging_mixin.py:188} INFO - [2025-09-21T15:35:53.358+0000] {dagbag.py:538} INFO - Filling up the DagBag from /home/airflow/.local/lib/python3.8/site-packages/airflow/example_dags/example_branch_python_dop_operator_3.py
[2025-09-21T15:35:53.375+0000] {processor.py:840} INFO - DAG(s) 'example_branch_dop_operator_v3' retrieved from /home/airflow/.local/lib/python3.8/site-packages/airflow/example_dags/example_branch_python_dop_operator_3.py
[2025-09-21T15:35:53.411+0000] {logging_mixin.py:188} INFO - [2025-09-21T15:35:53.410+0000] {dag.py:3036} INFO - Sync 1 DAGs
[2025-09-21T15:35:53.459+0000] {logging_mixin.py:188} INFO - [2025-09-21T15:35:53.459+0000] {dag.py:3823} INFO - Setting next_dagrun for example_branch_dop_operator_v3 to 2025-09-21 15:34:00+00:00, run_after=2025-09-21 15:35:00+00:00
[2025-09-21T15:35:53.495+0000] {processor.py:183} INFO - Processing /home/airflow/.local/lib/python3.8/site-packages/airflow/example_dags/example_branch_python_dop_operator_3.py took 0.147 seconds
[2025-09-21T15:38:52.379+0000] {processor.py:161} INFO - Started process (PID=87) to work on /home/airflow/.local/lib/python3.8/site-packages/airflow/example_dags/example_branch_python_dop_operator_3.py
[2025-09-21T15:38:52.382+0000] {processor.py:830} INFO - Processing file /home/airflow/.local/lib/python3.8/site-packages/airflow/example_dags/example_branch_python_dop_operator_3.py for tasks to queue
[2025-09-21T15:38:52.386+0000] {logging_mixin.py:188} INFO - [2025-09-21T15:38:52.385+0000] {dagbag.py:538} INFO - Filling up the DagBag from /home/airflow/.local/lib/python3.8/site-packages/airflow/example_dags/example_branch_python_dop_operator_3.py
[2025-09-21T15:38:52.409+0000] {processor.py:840} INFO - DAG(s) 'example_branch_dop_operator_v3' retrieved from /home/airflow/.local/lib/python3.8/site-packages/airflow/example_dags/example_branch_python_dop_operator_3.py
[2025-09-21T15:38:52.609+0000] {logging_mixin.py:188} INFO - [2025-09-21T15:38:52.609+0000] {dag.py:3036} INFO - Sync 1 DAGs
[2025-09-21T15:38:52.655+0000] {logging_mixin.py:188} INFO - [2025-09-21T15:38:52.654+0000] {dag.py:3823} INFO - Setting next_dagrun for example_branch_dop_operator_v3 to 2025-09-21 15:37:00+00:00, run_after=2025-09-21 15:38:00+00:00
[2025-09-21T15:38:52.688+0000] {processor.py:183} INFO - Processing /home/airflow/.local/lib/python3.8/site-packages/airflow/example_dags/example_branch_python_dop_operator_3.py took 0.317 seconds
[2025-09-21T15:39:22.835+0000] {processor.py:161} INFO - Started process (PID=145) to work on /home/airflow/.local/lib/python3.8/site-packages/airflow/example_dags/example_branch_python_dop_operator_3.py
[2025-09-21T15:39:22.837+0000] {processor.py:830} INFO - Processing file /home/airflow/.local/lib/python3.8/site-packages/airflow/example_dags/example_branch_python_dop_operator_3.py for tasks to queue
[2025-09-21T15:39:22.840+0000] {logging_mixin.py:188} INFO - [2025-09-21T15:39:22.840+0000] {dagbag.py:538} INFO - Filling up the DagBag from /home/airflow/.local/lib/python3.8/site-packages/airflow/example_dags/example_branch_python_dop_operator_3.py
[2025-09-21T15:39:22.863+0000] {processor.py:840} INFO - DAG(s) 'example_branch_dop_operator_v3' retrieved from /home/airflow/.local/lib/python3.8/site-packages/airflow/example_dags/example_branch_python_dop_operator_3.py
[2025-09-21T15:39:22.896+0000] {logging_mixin.py:188} INFO - [2025-09-21T15:39:22.896+0000] {dag.py:3036} INFO - Sync 1 DAGs
[2025-09-21T15:39:22.940+0000] {logging_mixin.py:188} INFO - [2025-09-21T15:39:22.940+0000] {dag.py:3823} INFO - Setting next_dagrun for example_branch_dop_operator_v3 to 2025-09-21 15:38:00+00:00, run_after=2025-09-21 15:39:00+00:00
[2025-09-21T15:39:22.977+0000] {processor.py:183} INFO - Processing /home/airflow/.local/lib/python3.8/site-packages/airflow/example_dags/example_branch_python_dop_operator_3.py took 0.148 seconds
[2025-09-21T15:39:53.604+0000] {processor.py:161} INFO - Started process (PID=203) to work on /home/airflow/.local/lib/python3.8/site-packages/airflow/example_dags/example_branch_python_dop_operator_3.py
[2025-09-21T15:39:53.606+0000] {processor.py:830} INFO - Processing file /home/airflow/.local/lib/python3.8/site-packages/airflow/example_dags/example_branch_python_dop_operator_3.py for tasks to queue
[2025-09-21T15:39:53.609+0000] {logging_mixin.py:188} INFO - [2025-09-21T15:39:53.609+0000] {dagbag.py:538} INFO - Filling up the DagBag from /home/airflow/.local/lib/python3.8/site-packages/airflow/example_dags/example_branch_python_dop_operator_3.py
[2025-09-21T15:39:53.625+0000] {processor.py:840} INFO - DAG(s) 'example_branch_dop_operator_v3' retrieved from /home/airflow/.local/lib/python3.8/site-packages/airflow/example_dags/example_branch_python_dop_operator_3.py
[2025-09-21T15:39:53.661+0000] {logging_mixin.py:188} INFO - [2025-09-21T15:39:53.660+0000] {dag.py:3036} INFO - Sync 1 DAGs
[2025-09-21T15:39:53.722+0000] {logging_mixin.py:188} INFO - [2025-09-21T15:39:53.721+0000] {dag.py:3823} INFO - Setting next_dagrun for example_branch_dop_operator_v3 to 2025-09-21 15:38:00+00:00, run_after=2025-09-21 15:39:00+00:00
[2025-09-21T15:39:53.760+0000] {processor.py:183} INFO - Processing /home/airflow/.local/lib/python3.8/site-packages/airflow/example_dags/example_branch_python_dop_operator_3.py took 0.161 seconds
[2025-09-21T15:40:24.587+0000] {processor.py:161} INFO - Started process (PID=261) to work on /home/airflow/.local/lib/python3.8/site-packages/airflow/example_dags/example_branch_python_dop_operator_3.py
[2025-09-21T15:40:24.590+0000] {processor.py:830} INFO - Processing file /home/airflow/.local/lib/python3.8/site-packages/airflow/example_dags/example_branch_python_dop_operator_3.py for tasks to queue
[2025-09-21T15:40:24.593+0000] {logging_mixin.py:188} INFO - [2025-09-21T15:40:24.593+0000] {dagbag.py:538} INFO - Filling up the DagBag from /home/airflow/.local/lib/python3.8/site-packages/airflow/example_dags/example_branch_python_dop_operator_3.py
[2025-09-21T15:40:24.612+0000] {processor.py:840} INFO - DAG(s) 'example_branch_dop_operator_v3' retrieved from /home/airflow/.local/lib/python3.8/site-packages/airflow/example_dags/example_branch_python_dop_operator_3.py
[2025-09-21T15:40:24.657+0000] {logging_mixin.py:188} INFO - [2025-09-21T15:40:24.657+0000] {dag.py:3036} INFO - Sync 1 DAGs
[2025-09-21T15:40:24.714+0000] {logging_mixin.py:188} INFO - [2025-09-21T15:40:24.714+0000] {dag.py:3823} INFO - Setting next_dagrun for example_branch_dop_operator_v3 to 2025-09-21 15:39:00+00:00, run_after=2025-09-21 15:40:00+00:00
[2025-09-21T15:40:24.752+0000] {processor.py:183} INFO - Processing /home/airflow/.local/lib/python3.8/site-packages/airflow/example_dags/example_branch_python_dop_operator_3.py took 0.173 seconds
[2025-09-21T15:40:55.363+0000] {processor.py:161} INFO - Started process (PID=319) to work on /home/airflow/.local/lib/python3.8/site-packages/airflow/example_dags/example_branch_python_dop_operator_3.py
[2025-09-21T15:40:55.365+0000] {processor.py:830} INFO - Processing file /home/airflow/.local/lib/python3.8/site-packages/airflow/example_dags/example_branch_python_dop_operator_3.py for tasks to queue
[2025-09-21T15:40:55.369+0000] {logging_mixin.py:188} INFO - [2025-09-21T15:40:55.369+0000] {dagbag.py:538} INFO - Filling up the DagBag from /home/airflow/.local/lib/python3.8/site-packages/airflow/example_dags/example_branch_python_dop_operator_3.py
[2025-09-21T15:40:55.385+0000] {processor.py:840} INFO - DAG(s) 'example_branch_dop_operator_v3' retrieved from /home/airflow/.local/lib/python3.8/site-packages/airflow/example_dags/example_branch_python_dop_operator_3.py
[2025-09-21T15:40:55.438+0000] {logging_mixin.py:188} INFO - [2025-09-21T15:40:55.438+0000] {dag.py:3036} INFO - Sync 1 DAGs
[2025-09-21T15:40:55.499+0000] {logging_mixin.py:188} INFO - [2025-09-21T15:40:55.498+0000] {dag.py:3823} INFO - Setting next_dagrun for example_branch_dop_operator_v3 to 2025-09-21 15:39:00+00:00, run_after=2025-09-21 15:40:00+00:00
[2025-09-21T15:40:55.537+0000] {processor.py:183} INFO - Processing /home/airflow/.local/lib/python3.8/site-packages/airflow/example_dags/example_branch_python_dop_operator_3.py took 0.180 seconds
[2025-09-21T15:41:25.711+0000] {processor.py:161} INFO - Started process (PID=375) to work on /home/airflow/.local/lib/python3.8/site-packages/airflow/example_dags/example_branch_python_dop_operator_3.py
[2025-09-21T15:41:25.713+0000] {processor.py:830} INFO - Processing file /home/airflow/.local/lib/python3.8/site-packages/airflow/example_dags/example_branch_python_dop_operator_3.py for tasks to queue
[2025-09-21T15:41:25.716+0000] {logging_mixin.py:188} INFO - [2025-09-21T15:41:25.716+0000] {dagbag.py:538} INFO - Filling up the DagBag from /home/airflow/.local/lib/python3.8/site-packages/airflow/example_dags/example_branch_python_dop_operator_3.py
[2025-09-21T15:41:25.733+0000] {processor.py:840} INFO - DAG(s) 'example_branch_dop_operator_v3' retrieved from /home/airflow/.local/lib/python3.8/site-packages/airflow/example_dags/example_branch_python_dop_operator_3.py
[2025-09-21T15:41:25.768+0000] {logging_mixin.py:188} INFO - [2025-09-21T15:41:25.768+0000] {dag.py:3036} INFO - Sync 1 DAGs
[2025-09-21T15:41:25.814+0000] {logging_mixin.py:188} INFO - [2025-09-21T15:41:25.814+0000] {dag.py:3823} INFO - Setting next_dagrun for example_branch_dop_operator_v3 to 2025-09-21 15:40:00+00:00, run_after=2025-09-21 15:41:00+00:00
[2025-09-21T15:41:25.852+0000] {processor.py:183} INFO - Processing /home/airflow/.local/lib/python3.8/site-packages/airflow/example_dags/example_branch_python_dop_operator_3.py took 0.147 seconds
[2025-09-21T15:41:56.002+0000] {processor.py:161} INFO - Started process (PID=433) to work on /home/airflow/.local/lib/python3.8/site-packages/airflow/example_dags/example_branch_python_dop_operator_3.py
[2025-09-21T15:41:56.005+0000] {processor.py:830} INFO - Processing file /home/airflow/.local/lib/python3.8/site-packages/airflow/example_dags/example_branch_python_dop_operator_3.py for tasks to queue
[2025-09-21T15:41:56.009+0000] {logging_mixin.py:188} INFO - [2025-09-21T15:41:56.008+0000] {dagbag.py:538} INFO - Filling up the DagBag from /home/airflow/.local/lib/python3.8/site-packages/airflow/example_dags/example_branch_python_dop_operator_3.py
[2025-09-21T15:41:56.033+0000] {processor.py:840} INFO - DAG(s) 'example_branch_dop_operator_v3' retrieved from /home/airflow/.local/lib/python3.8/site-packages/airflow/example_dags/example_branch_python_dop_operator_3.py
[2025-09-21T15:41:56.075+0000] {logging_mixin.py:188} INFO - [2025-09-21T15:41:56.074+0000] {dag.py:3036} INFO - Sync 1 DAGs
[2025-09-21T15:41:56.129+0000] {logging_mixin.py:188} INFO - [2025-09-21T15:41:56.129+0000] {dag.py:3823} INFO - Setting next_dagrun for example_branch_dop_operator_v3 to 2025-09-21 15:40:00+00:00, run_after=2025-09-21 15:41:00+00:00
[2025-09-21T15:41:56.167+0000] {processor.py:183} INFO - Processing /home/airflow/.local/lib/python3.8/site-packages/airflow/example_dags/example_branch_python_dop_operator_3.py took 0.172 seconds
[2025-09-21T15:42:26.746+0000] {processor.py:161} INFO - Started process (PID=491) to work on /home/airflow/.local/lib/python3.8/site-packages/airflow/example_dags/example_branch_python_dop_operator_3.py
[2025-09-21T15:42:26.748+0000] {processor.py:830} INFO - Processing file /home/airflow/.local/lib/python3.8/site-packages/airflow/example_dags/example_branch_python_dop_operator_3.py for tasks to queue
[2025-09-21T15:42:26.751+0000] {logging_mixin.py:188} INFO - [2025-09-21T15:42:26.750+0000] {dagbag.py:538} INFO - Filling up the DagBag from /home/airflow/.local/lib/python3.8/site-packages/airflow/example_dags/example_branch_python_dop_operator_3.py
[2025-09-21T15:42:26.766+0000] {processor.py:840} INFO - DAG(s) 'example_branch_dop_operator_v3' retrieved from /home/airflow/.local/lib/python3.8/site-packages/airflow/example_dags/example_branch_python_dop_operator_3.py
[2025-09-21T15:42:26.801+0000] {logging_mixin.py:188} INFO - [2025-09-21T15:42:26.801+0000] {dag.py:3036} INFO - Sync 1 DAGs
[2025-09-21T15:42:26.848+0000] {logging_mixin.py:188} INFO - [2025-09-21T15:42:26.848+0000] {dag.py:3823} INFO - Setting next_dagrun for example_branch_dop_operator_v3 to 2025-09-21 15:41:00+00:00, run_after=2025-09-21 15:42:00+00:00
[2025-09-21T15:42:26.886+0000] {processor.py:183} INFO - Processing /home/airflow/.local/lib/python3.8/site-packages/airflow/example_dags/example_branch_python_dop_operator_3.py took 0.146 seconds
[2025-09-21T15:42:57.328+0000] {processor.py:161} INFO - Started process (PID=549) to work on /home/airflow/.local/lib/python3.8/site-packages/airflow/example_dags/example_branch_python_dop_operator_3.py
[2025-09-21T15:42:57.339+0000] {processor.py:830} INFO - Processing file /home/airflow/.local/lib/python3.8/site-packages/airflow/example_dags/example_branch_python_dop_operator_3.py for tasks to queue
[2025-09-21T15:42:57.344+0000] {logging_mixin.py:188} INFO - [2025-09-21T15:42:57.343+0000] {dagbag.py:538} INFO - Filling up the DagBag from /home/airflow/.local/lib/python3.8/site-packages/airflow/example_dags/example_branch_python_dop_operator_3.py
[2025-09-21T15:42:57.377+0000] {processor.py:840} INFO - DAG(s) 'example_branch_dop_operator_v3' retrieved from /home/airflow/.local/lib/python3.8/site-packages/airflow/example_dags/example_branch_python_dop_operator_3.py
[2025-09-21T15:42:57.428+0000] {logging_mixin.py:188} INFO - [2025-09-21T15:42:57.427+0000] {dag.py:3036} INFO - Sync 1 DAGs
[2025-09-21T15:42:57.513+0000] {logging_mixin.py:188} INFO - [2025-09-21T15:42:57.512+0000] {dag.py:3823} INFO - Setting next_dagrun for example_branch_dop_operator_v3 to 2025-09-21 15:41:00+00:00, run_after=2025-09-21 15:42:00+00:00
[2025-09-21T15:42:57.594+0000] {processor.py:183} INFO - Processing /home/airflow/.local/lib/python3.8/site-packages/airflow/example_dags/example_branch_python_dop_operator_3.py took 0.274 seconds
[2025-09-21T15:43:27.887+0000] {processor.py:161} INFO - Started process (PID=607) to work on /home/airflow/.local/lib/python3.8/site-packages/airflow/example_dags/example_branch_python_dop_operator_3.py
[2025-09-21T15:43:27.889+0000] {processor.py:830} INFO - Processing file /home/airflow/.local/lib/python3.8/site-packages/airflow/example_dags/example_branch_python_dop_operator_3.py for tasks to queue
[2025-09-21T15:43:27.894+0000] {logging_mixin.py:188} INFO - [2025-09-21T15:43:27.893+0000] {dagbag.py:538} INFO - Filling up the DagBag from /home/airflow/.local/lib/python3.8/site-packages/airflow/example_dags/example_branch_python_dop_operator_3.py
[2025-09-21T15:43:27.922+0000] {processor.py:840} INFO - DAG(s) 'example_branch_dop_operator_v3' retrieved from /home/airflow/.local/lib/python3.8/site-packages/airflow/example_dags/example_branch_python_dop_operator_3.py
[2025-09-21T15:43:27.962+0000] {logging_mixin.py:188} INFO - [2025-09-21T15:43:27.961+0000] {dag.py:3036} INFO - Sync 1 DAGs
[2025-09-21T15:43:28.022+0000] {logging_mixin.py:188} INFO - [2025-09-21T15:43:28.021+0000] {dag.py:3823} INFO - Setting next_dagrun for example_branch_dop_operator_v3 to 2025-09-21 15:42:00+00:00, run_after=2025-09-21 15:43:00+00:00
[2025-09-21T15:43:28.066+0000] {processor.py:183} INFO - Processing /home/airflow/.local/lib/python3.8/site-packages/airflow/example_dags/example_branch_python_dop_operator_3.py took 0.196 seconds
[2025-09-21T15:43:58.677+0000] {processor.py:161} INFO - Started process (PID=665) to work on /home/airflow/.local/lib/python3.8/site-packages/airflow/example_dags/example_branch_python_dop_operator_3.py
[2025-09-21T15:43:58.679+0000] {processor.py:830} INFO - Processing file /home/airflow/.local/lib/python3.8/site-packages/airflow/example_dags/example_branch_python_dop_operator_3.py for tasks to queue
[2025-09-21T15:43:58.682+0000] {logging_mixin.py:188} INFO - [2025-09-21T15:43:58.682+0000] {dagbag.py:538} INFO - Filling up the DagBag from /home/airflow/.local/lib/python3.8/site-packages/airflow/example_dags/example_branch_python_dop_operator_3.py
[2025-09-21T15:43:58.699+0000] {processor.py:840} INFO - DAG(s) 'example_branch_dop_operator_v3' retrieved from /home/airflow/.local/lib/python3.8/site-packages/airflow/example_dags/example_branch_python_dop_operator_3.py
[2025-09-21T15:43:58.734+0000] {logging_mixin.py:188} INFO - [2025-09-21T15:43:58.733+0000] {dag.py:3036} INFO - Sync 1 DAGs
[2025-09-21T15:43:58.783+0000] {logging_mixin.py:188} INFO - [2025-09-21T15:43:58.782+0000] {dag.py:3823} INFO - Setting next_dagrun for example_branch_dop_operator_v3 to 2025-09-21 15:42:00+00:00, run_after=2025-09-21 15:43:00+00:00
[2025-09-21T15:43:58.817+0000] {processor.py:183} INFO - Processing /home/airflow/.local/lib/python3.8/site-packages/airflow/example_dags/example_branch_python_dop_operator_3.py took 0.146 seconds
[2025-09-21T15:44:29.775+0000] {processor.py:161} INFO - Started process (PID=723) to work on /home/airflow/.local/lib/python3.8/site-packages/airflow/example_dags/example_branch_python_dop_operator_3.py
[2025-09-21T15:44:29.776+0000] {processor.py:830} INFO - Processing file /home/airflow/.local/lib/python3.8/site-packages/airflow/example_dags/example_branch_python_dop_operator_3.py for tasks to queue
[2025-09-21T15:44:29.780+0000] {logging_mixin.py:188} INFO - [2025-09-21T15:44:29.779+0000] {dagbag.py:538} INFO - Filling up the DagBag from /home/airflow/.local/lib/python3.8/site-packages/airflow/example_dags/example_branch_python_dop_operator_3.py
[2025-09-21T15:44:29.799+0000] {processor.py:840} INFO - DAG(s) 'example_branch_dop_operator_v3' retrieved from /home/airflow/.local/lib/python3.8/site-packages/airflow/example_dags/example_branch_python_dop_operator_3.py
[2025-09-21T15:44:29.832+0000] {logging_mixin.py:188} INFO - [2025-09-21T15:44:29.831+0000] {dag.py:3036} INFO - Sync 1 DAGs
[2025-09-21T15:44:29.884+0000] {logging_mixin.py:188} INFO - [2025-09-21T15:44:29.884+0000] {dag.py:3823} INFO - Setting next_dagrun for example_branch_dop_operator_v3 to 2025-09-21 15:43:00+00:00, run_after=2025-09-21 15:44:00+00:00
[2025-09-21T15:44:29.920+0000] {processor.py:183} INFO - Processing /home/airflow/.local/lib/python3.8/site-packages/airflow/example_dags/example_branch_python_dop_operator_3.py took 0.152 seconds
[2025-09-21T15:45:00.048+0000] {processor.py:161} INFO - Started process (PID=780) to work on /home/airflow/.local/lib/python3.8/site-packages/airflow/example_dags/example_branch_python_dop_operator_3.py
[2025-09-21T15:45:00.050+0000] {processor.py:830} INFO - Processing file /home/airflow/.local/lib/python3.8/site-packages/airflow/example_dags/example_branch_python_dop_operator_3.py for tasks to queue
[2025-09-21T15:45:00.053+0000] {logging_mixin.py:188} INFO - [2025-09-21T15:45:00.052+0000] {dagbag.py:538} INFO - Filling up the DagBag from /home/airflow/.local/lib/python3.8/site-packages/airflow/example_dags/example_branch_python_dop_operator_3.py
[2025-09-21T15:45:00.069+0000] {processor.py:840} INFO - DAG(s) 'example_branch_dop_operator_v3' retrieved from /home/airflow/.local/lib/python3.8/site-packages/airflow/example_dags/example_branch_python_dop_operator_3.py
[2025-09-21T15:45:00.103+0000] {logging_mixin.py:188} INFO - [2025-09-21T15:45:00.102+0000] {dag.py:3036} INFO - Sync 1 DAGs
[2025-09-21T15:45:00.149+0000] {logging_mixin.py:188} INFO - [2025-09-21T15:45:00.149+0000] {dag.py:3823} INFO - Setting next_dagrun for example_branch_dop_operator_v3 to 2025-09-21 15:44:00+00:00, run_after=2025-09-21 15:45:00+00:00
[2025-09-21T15:45:00.183+0000] {processor.py:183} INFO - Processing /home/airflow/.local/lib/python3.8/site-packages/airflow/example_dags/example_branch_python_dop_operator_3.py took 0.145 seconds
[2025-09-21T15:45:30.705+0000] {processor.py:161} INFO - Started process (PID=838) to work on /home/airflow/.local/lib/python3.8/site-packages/airflow/example_dags/example_branch_python_dop_operator_3.py
[2025-09-21T15:45:30.706+0000] {processor.py:830} INFO - Processing file /home/airflow/.local/lib/python3.8/site-packages/airflow/example_dags/example_branch_python_dop_operator_3.py for tasks to queue
[2025-09-21T15:45:30.710+0000] {logging_mixin.py:188} INFO - [2025-09-21T15:45:30.709+0000] {dagbag.py:538} INFO - Filling up the DagBag from /home/airflow/.local/lib/python3.8/site-packages/airflow/example_dags/example_branch_python_dop_operator_3.py
[2025-09-21T15:45:30.725+0000] {processor.py:840} INFO - DAG(s) 'example_branch_dop_operator_v3' retrieved from /home/airflow/.local/lib/python3.8/site-packages/airflow/example_dags/example_branch_python_dop_operator_3.py
[2025-09-21T15:45:30.760+0000] {logging_mixin.py:188} INFO - [2025-09-21T15:45:30.760+0000] {dag.py:3036} INFO - Sync 1 DAGs
[2025-09-21T15:45:30.808+0000] {logging_mixin.py:188} INFO - [2025-09-21T15:45:30.807+0000] {dag.py:3823} INFO - Setting next_dagrun for example_branch_dop_operator_v3 to 2025-09-21 15:44:00+00:00, run_after=2025-09-21 15:45:00+00:00
[2025-09-21T15:45:30.843+0000] {processor.py:183} INFO - Processing /home/airflow/.local/lib/python3.8/site-packages/airflow/example_dags/example_branch_python_dop_operator_3.py took 0.143 seconds
[2025-09-21T15:46:01.160+0000] {processor.py:161} INFO - Started process (PID=896) to work on /home/airflow/.local/lib/python3.8/site-packages/airflow/example_dags/example_branch_python_dop_operator_3.py
[2025-09-21T15:46:01.166+0000] {processor.py:830} INFO - Processing file /home/airflow/.local/lib/python3.8/site-packages/airflow/example_dags/example_branch_python_dop_operator_3.py for tasks to queue
[2025-09-21T15:46:01.171+0000] {logging_mixin.py:188} INFO - [2025-09-21T15:46:01.171+0000] {dagbag.py:538} INFO - Filling up the DagBag from /home/airflow/.local/lib/python3.8/site-packages/airflow/example_dags/example_branch_python_dop_operator_3.py
[2025-09-21T15:46:01.187+0000] {processor.py:840} INFO - DAG(s) 'example_branch_dop_operator_v3' retrieved from /home/airflow/.local/lib/python3.8/site-packages/airflow/example_dags/example_branch_python_dop_operator_3.py
[2025-09-21T15:46:01.233+0000] {logging_mixin.py:188} INFO - [2025-09-21T15:46:01.232+0000] {dag.py:3036} INFO - Sync 1 DAGs
[2025-09-21T15:46:01.305+0000] {logging_mixin.py:188} INFO - [2025-09-21T15:46:01.304+0000] {dag.py:3823} INFO - Setting next_dagrun for example_branch_dop_operator_v3 to 2025-09-21 15:45:00+00:00, run_after=2025-09-21 15:46:00+00:00
[2025-09-21T15:46:01.342+0000] {processor.py:183} INFO - Processing /home/airflow/.local/lib/python3.8/site-packages/airflow/example_dags/example_branch_python_dop_operator_3.py took 0.188 seconds
[2025-09-21T15:46:31.740+0000] {processor.py:161} INFO - Started process (PID=954) to work on /home/airflow/.local/lib/python3.8/site-packages/airflow/example_dags/example_branch_python_dop_operator_3.py
[2025-09-21T15:46:31.742+0000] {processor.py:830} INFO - Processing file /home/airflow/.local/lib/python3.8/site-packages/airflow/example_dags/example_branch_python_dop_operator_3.py for tasks to queue
[2025-09-21T15:46:31.746+0000] {logging_mixin.py:188} INFO - [2025-09-21T15:46:31.746+0000] {dagbag.py:538} INFO - Filling up the DagBag from /home/airflow/.local/lib/python3.8/site-packages/airflow/example_dags/example_branch_python_dop_operator_3.py
[2025-09-21T15:46:31.767+0000] {processor.py:840} INFO - DAG(s) 'example_branch_dop_operator_v3' retrieved from /home/airflow/.local/lib/python3.8/site-packages/airflow/example_dags/example_branch_python_dop_operator_3.py
[2025-09-21T15:46:31.803+0000] {logging_mixin.py:188} INFO - [2025-09-21T15:46:31.803+0000] {dag.py:3036} INFO - Sync 1 DAGs
[2025-09-21T15:46:31.862+0000] {logging_mixin.py:188} INFO - [2025-09-21T15:46:31.862+0000] {dag.py:3823} INFO - Setting next_dagrun for example_branch_dop_operator_v3 to 2025-09-21 15:45:00+00:00, run_after=2025-09-21 15:46:00+00:00
[2025-09-21T15:46:31.925+0000] {processor.py:183} INFO - Processing /home/airflow/.local/lib/python3.8/site-packages/airflow/example_dags/example_branch_python_dop_operator_3.py took 0.194 seconds
[2025-09-21T15:47:02.196+0000] {processor.py:161} INFO - Started process (PID=1012) to work on /home/airflow/.local/lib/python3.8/site-packages/airflow/example_dags/example_branch_python_dop_operator_3.py
[2025-09-21T15:47:02.198+0000] {processor.py:830} INFO - Processing file /home/airflow/.local/lib/python3.8/site-packages/airflow/example_dags/example_branch_python_dop_operator_3.py for tasks to queue
[2025-09-21T15:47:02.202+0000] {logging_mixin.py:188} INFO - [2025-09-21T15:47:02.201+0000] {dagbag.py:538} INFO - Filling up the DagBag from /home/airflow/.local/lib/python3.8/site-packages/airflow/example_dags/example_branch_python_dop_operator_3.py
[2025-09-21T15:47:02.226+0000] {processor.py:840} INFO - DAG(s) 'example_branch_dop_operator_v3' retrieved from /home/airflow/.local/lib/python3.8/site-packages/airflow/example_dags/example_branch_python_dop_operator_3.py
[2025-09-21T15:47:02.263+0000] {logging_mixin.py:188} INFO - [2025-09-21T15:47:02.262+0000] {dag.py:3036} INFO - Sync 1 DAGs
[2025-09-21T15:47:02.312+0000] {logging_mixin.py:188} INFO - [2025-09-21T15:47:02.311+0000] {dag.py:3823} INFO - Setting next_dagrun for example_branch_dop_operator_v3 to 2025-09-21 15:46:00+00:00, run_after=2025-09-21 15:47:00+00:00
[2025-09-21T15:47:02.345+0000] {processor.py:183} INFO - Processing /home/airflow/.local/lib/python3.8/site-packages/airflow/example_dags/example_branch_python_dop_operator_3.py took 0.155 seconds
[2025-09-21T15:47:32.743+0000] {processor.py:161} INFO - Started process (PID=1070) to work on /home/airflow/.local/lib/python3.8/site-packages/airflow/example_dags/example_branch_python_dop_operator_3.py
[2025-09-21T15:47:32.744+0000] {processor.py:830} INFO - Processing file /home/airflow/.local/lib/python3.8/site-packages/airflow/example_dags/example_branch_python_dop_operator_3.py for tasks to queue
[2025-09-21T15:47:32.748+0000] {logging_mixin.py:188} INFO - [2025-09-21T15:47:32.747+0000] {dagbag.py:538} INFO - Filling up the DagBag from /home/airflow/.local/lib/python3.8/site-packages/airflow/example_dags/example_branch_python_dop_operator_3.py
[2025-09-21T15:47:32.765+0000] {processor.py:840} INFO - DAG(s) 'example_branch_dop_operator_v3' retrieved from /home/airflow/.local/lib/python3.8/site-packages/airflow/example_dags/example_branch_python_dop_operator_3.py
[2025-09-21T15:47:32.809+0000] {logging_mixin.py:188} INFO - [2025-09-21T15:47:32.808+0000] {dag.py:3036} INFO - Sync 1 DAGs
[2025-09-21T15:47:32.865+0000] {logging_mixin.py:188} INFO - [2025-09-21T15:47:32.865+0000] {dag.py:3823} INFO - Setting next_dagrun for example_branch_dop_operator_v3 to 2025-09-21 15:46:00+00:00, run_after=2025-09-21 15:47:00+00:00
[2025-09-21T15:47:32.906+0000] {processor.py:183} INFO - Processing /home/airflow/.local/lib/python3.8/site-packages/airflow/example_dags/example_branch_python_dop_operator_3.py took 0.169 seconds
[2025-09-21T15:48:03.625+0000] {processor.py:161} INFO - Started process (PID=1128) to work on /home/airflow/.local/lib/python3.8/site-packages/airflow/example_dags/example_branch_python_dop_operator_3.py
[2025-09-21T15:48:03.627+0000] {processor.py:830} INFO - Processing file /home/airflow/.local/lib/python3.8/site-packages/airflow/example_dags/example_branch_python_dop_operator_3.py for tasks to queue
[2025-09-21T15:48:03.634+0000] {logging_mixin.py:188} INFO - [2025-09-21T15:48:03.633+0000] {dagbag.py:538} INFO - Filling up the DagBag from /home/airflow/.local/lib/python3.8/site-packages/airflow/example_dags/example_branch_python_dop_operator_3.py
[2025-09-21T15:48:03.656+0000] {processor.py:840} INFO - DAG(s) 'example_branch_dop_operator_v3' retrieved from /home/airflow/.local/lib/python3.8/site-packages/airflow/example_dags/example_branch_python_dop_operator_3.py
[2025-09-21T15:48:03.706+0000] {logging_mixin.py:188} INFO - [2025-09-21T15:48:03.705+0000] {dag.py:3036} INFO - Sync 1 DAGs
[2025-09-21T15:48:03.786+0000] {logging_mixin.py:188} INFO - [2025-09-21T15:48:03.786+0000] {dag.py:3823} INFO - Setting next_dagrun for example_branch_dop_operator_v3 to 2025-09-21 15:47:00+00:00, run_after=2025-09-21 15:48:00+00:00
[2025-09-21T15:48:03.829+0000] {processor.py:183} INFO - Processing /home/airflow/.local/lib/python3.8/site-packages/airflow/example_dags/example_branch_python_dop_operator_3.py took 0.211 seconds
[2025-09-21T15:48:33.976+0000] {processor.py:161} INFO - Started process (PID=1186) to work on /home/airflow/.local/lib/python3.8/site-packages/airflow/example_dags/example_branch_python_dop_operator_3.py
[2025-09-21T15:48:33.978+0000] {processor.py:830} INFO - Processing file /home/airflow/.local/lib/python3.8/site-packages/airflow/example_dags/example_branch_python_dop_operator_3.py for tasks to queue
[2025-09-21T15:48:33.981+0000] {logging_mixin.py:188} INFO - [2025-09-21T15:48:33.981+0000] {dagbag.py:538} INFO - Filling up the DagBag from /home/airflow/.local/lib/python3.8/site-packages/airflow/example_dags/example_branch_python_dop_operator_3.py
[2025-09-21T15:48:33.999+0000] {processor.py:840} INFO - DAG(s) 'example_branch_dop_operator_v3' retrieved from /home/airflow/.local/lib/python3.8/site-packages/airflow/example_dags/example_branch_python_dop_operator_3.py
[2025-09-21T15:48:34.034+0000] {logging_mixin.py:188} INFO - [2025-09-21T15:48:34.034+0000] {dag.py:3036} INFO - Sync 1 DAGs
[2025-09-21T15:48:34.080+0000] {logging_mixin.py:188} INFO - [2025-09-21T15:48:34.079+0000] {dag.py:3823} INFO - Setting next_dagrun for example_branch_dop_operator_v3 to 2025-09-21 15:47:00+00:00, run_after=2025-09-21 15:48:00+00:00
[2025-09-21T15:48:34.114+0000] {processor.py:183} INFO - Processing /home/airflow/.local/lib/python3.8/site-packages/airflow/example_dags/example_branch_python_dop_operator_3.py took 0.144 seconds
[2025-09-21T15:49:04.257+0000] {processor.py:161} INFO - Started process (PID=1244) to work on /home/airflow/.local/lib/python3.8/site-packages/airflow/example_dags/example_branch_python_dop_operator_3.py
[2025-09-21T15:49:04.259+0000] {processor.py:830} INFO - Processing file /home/airflow/.local/lib/python3.8/site-packages/airflow/example_dags/example_branch_python_dop_operator_3.py for tasks to queue
[2025-09-21T15:49:04.263+0000] {logging_mixin.py:188} INFO - [2025-09-21T15:49:04.262+0000] {dagbag.py:538} INFO - Filling up the DagBag from /home/airflow/.local/lib/python3.8/site-packages/airflow/example_dags/example_branch_python_dop_operator_3.py
[2025-09-21T15:49:04.279+0000] {processor.py:840} INFO - DAG(s) 'example_branch_dop_operator_v3' retrieved from /home/airflow/.local/lib/python3.8/site-packages/airflow/example_dags/example_branch_python_dop_operator_3.py
[2025-09-21T15:49:04.313+0000] {logging_mixin.py:188} INFO - [2025-09-21T15:49:04.312+0000] {dag.py:3036} INFO - Sync 1 DAGs
[2025-09-21T15:49:04.359+0000] {logging_mixin.py:188} INFO - [2025-09-21T15:49:04.359+0000] {dag.py:3823} INFO - Setting next_dagrun for example_branch_dop_operator_v3 to 2025-09-21 15:48:00+00:00, run_after=2025-09-21 15:49:00+00:00
[2025-09-21T15:49:04.393+0000] {processor.py:183} INFO - Processing /home/airflow/.local/lib/python3.8/site-packages/airflow/example_dags/example_branch_python_dop_operator_3.py took 0.142 seconds
[2025-09-21T15:49:34.595+0000] {processor.py:161} INFO - Started process (PID=1302) to work on /home/airflow/.local/lib/python3.8/site-packages/airflow/example_dags/example_branch_python_dop_operator_3.py
[2025-09-21T15:49:34.597+0000] {processor.py:830} INFO - Processing file /home/airflow/.local/lib/python3.8/site-packages/airflow/example_dags/example_branch_python_dop_operator_3.py for tasks to queue
[2025-09-21T15:49:34.600+0000] {logging_mixin.py:188} INFO - [2025-09-21T15:49:34.600+0000] {dagbag.py:538} INFO - Filling up the DagBag from /home/airflow/.local/lib/python3.8/site-packages/airflow/example_dags/example_branch_python_dop_operator_3.py
[2025-09-21T15:49:34.616+0000] {processor.py:840} INFO - DAG(s) 'example_branch_dop_operator_v3' retrieved from /home/airflow/.local/lib/python3.8/site-packages/airflow/example_dags/example_branch_python_dop_operator_3.py
[2025-09-21T15:49:34.656+0000] {logging_mixin.py:188} INFO - [2025-09-21T15:49:34.656+0000] {dag.py:3036} INFO - Sync 1 DAGs
[2025-09-21T15:49:34.702+0000] {logging_mixin.py:188} INFO - [2025-09-21T15:49:34.702+0000] {dag.py:3823} INFO - Setting next_dagrun for example_branch_dop_operator_v3 to 2025-09-21 15:48:00+00:00, run_after=2025-09-21 15:49:00+00:00
[2025-09-21T15:49:34.738+0000] {processor.py:183} INFO - Processing /home/airflow/.local/lib/python3.8/site-packages/airflow/example_dags/example_branch_python_dop_operator_3.py took 0.148 seconds
[2025-09-21T15:50:05.276+0000] {processor.py:161} INFO - Started process (PID=1360) to work on /home/airflow/.local/lib/python3.8/site-packages/airflow/example_dags/example_branch_python_dop_operator_3.py
[2025-09-21T15:50:05.278+0000] {processor.py:830} INFO - Processing file /home/airflow/.local/lib/python3.8/site-packages/airflow/example_dags/example_branch_python_dop_operator_3.py for tasks to queue
[2025-09-21T15:50:05.282+0000] {logging_mixin.py:188} INFO - [2025-09-21T15:50:05.281+0000] {dagbag.py:538} INFO - Filling up the DagBag from /home/airflow/.local/lib/python3.8/site-packages/airflow/example_dags/example_branch_python_dop_operator_3.py
[2025-09-21T15:50:05.299+0000] {processor.py:840} INFO - DAG(s) 'example_branch_dop_operator_v3' retrieved from /home/airflow/.local/lib/python3.8/site-packages/airflow/example_dags/example_branch_python_dop_operator_3.py
[2025-09-21T15:50:05.334+0000] {logging_mixin.py:188} INFO - [2025-09-21T15:50:05.333+0000] {dag.py:3036} INFO - Sync 1 DAGs
[2025-09-21T15:50:05.388+0000] {logging_mixin.py:188} INFO - [2025-09-21T15:50:05.388+0000] {dag.py:3823} INFO - Setting next_dagrun for example_branch_dop_operator_v3 to 2025-09-21 15:49:00+00:00, run_after=2025-09-21 15:50:00+00:00
[2025-09-21T15:50:05.425+0000] {processor.py:183} INFO - Processing /home/airflow/.local/lib/python3.8/site-packages/airflow/example_dags/example_branch_python_dop_operator_3.py took 0.154 seconds
[2025-09-21T15:50:35.601+0000] {processor.py:161} INFO - Started process (PID=1418) to work on /home/airflow/.local/lib/python3.8/site-packages/airflow/example_dags/example_branch_python_dop_operator_3.py
[2025-09-21T15:50:35.603+0000] {processor.py:830} INFO - Processing file /home/airflow/.local/lib/python3.8/site-packages/airflow/example_dags/example_branch_python_dop_operator_3.py for tasks to queue
[2025-09-21T15:50:35.606+0000] {logging_mixin.py:188} INFO - [2025-09-21T15:50:35.606+0000] {dagbag.py:538} INFO - Filling up the DagBag from /home/airflow/.local/lib/python3.8/site-packages/airflow/example_dags/example_branch_python_dop_operator_3.py
[2025-09-21T15:50:35.622+0000] {processor.py:840} INFO - DAG(s) 'example_branch_dop_operator_v3' retrieved from /home/airflow/.local/lib/python3.8/site-packages/airflow/example_dags/example_branch_python_dop_operator_3.py
[2025-09-21T15:50:35.656+0000] {logging_mixin.py:188} INFO - [2025-09-21T15:50:35.655+0000] {dag.py:3036} INFO - Sync 1 DAGs
[2025-09-21T15:50:35.702+0000] {logging_mixin.py:188} INFO - [2025-09-21T15:50:35.701+0000] {dag.py:3823} INFO - Setting next_dagrun for example_branch_dop_operator_v3 to 2025-09-21 15:49:00+00:00, run_after=2025-09-21 15:50:00+00:00
[2025-09-21T15:50:35.735+0000] {processor.py:183} INFO - Processing /home/airflow/.local/lib/python3.8/site-packages/airflow/example_dags/example_branch_python_dop_operator_3.py took 0.139 seconds
[2025-09-21T15:51:05.976+0000] {processor.py:161} INFO - Started process (PID=1476) to work on /home/airflow/.local/lib/python3.8/site-packages/airflow/example_dags/example_branch_python_dop_operator_3.py
[2025-09-21T15:51:05.978+0000] {processor.py:830} INFO - Processing file /home/airflow/.local/lib/python3.8/site-packages/airflow/example_dags/example_branch_python_dop_operator_3.py for tasks to queue
[2025-09-21T15:51:05.982+0000] {logging_mixin.py:188} INFO - [2025-09-21T15:51:05.982+0000] {dagbag.py:538} INFO - Filling up the DagBag from /home/airflow/.local/lib/python3.8/site-packages/airflow/example_dags/example_branch_python_dop_operator_3.py
[2025-09-21T15:51:06.001+0000] {processor.py:840} INFO - DAG(s) 'example_branch_dop_operator_v3' retrieved from /home/airflow/.local/lib/python3.8/site-packages/airflow/example_dags/example_branch_python_dop_operator_3.py
[2025-09-21T15:51:06.037+0000] {logging_mixin.py:188} INFO - [2025-09-21T15:51:06.036+0000] {dag.py:3036} INFO - Sync 1 DAGs
[2025-09-21T15:51:06.083+0000] {logging_mixin.py:188} INFO - [2025-09-21T15:51:06.082+0000] {dag.py:3823} INFO - Setting next_dagrun for example_branch_dop_operator_v3 to 2025-09-21 15:50:00+00:00, run_after=2025-09-21 15:51:00+00:00
[2025-09-21T15:51:06.117+0000] {processor.py:183} INFO - Processing /home/airflow/.local/lib/python3.8/site-packages/airflow/example_dags/example_branch_python_dop_operator_3.py took 0.147 seconds
[2025-09-21T15:51:36.805+0000] {processor.py:161} INFO - Started process (PID=1534) to work on /home/airflow/.local/lib/python3.8/site-packages/airflow/example_dags/example_branch_python_dop_operator_3.py
[2025-09-21T15:51:36.808+0000] {processor.py:830} INFO - Processing file /home/airflow/.local/lib/python3.8/site-packages/airflow/example_dags/example_branch_python_dop_operator_3.py for tasks to queue
[2025-09-21T15:51:36.812+0000] {logging_mixin.py:188} INFO - [2025-09-21T15:51:36.811+0000] {dagbag.py:538} INFO - Filling up the DagBag from /home/airflow/.local/lib/python3.8/site-packages/airflow/example_dags/example_branch_python_dop_operator_3.py
[2025-09-21T15:51:36.828+0000] {processor.py:840} INFO - DAG(s) 'example_branch_dop_operator_v3' retrieved from /home/airflow/.local/lib/python3.8/site-packages/airflow/example_dags/example_branch_python_dop_operator_3.py
[2025-09-21T15:51:36.867+0000] {logging_mixin.py:188} INFO - [2025-09-21T15:51:36.866+0000] {dag.py:3036} INFO - Sync 1 DAGs
[2025-09-21T15:51:36.914+0000] {logging_mixin.py:188} INFO - [2025-09-21T15:51:36.913+0000] {dag.py:3823} INFO - Setting next_dagrun for example_branch_dop_operator_v3 to 2025-09-21 15:50:00+00:00, run_after=2025-09-21 15:51:00+00:00
[2025-09-21T15:51:36.955+0000] {processor.py:183} INFO - Processing /home/airflow/.local/lib/python3.8/site-packages/airflow/example_dags/example_branch_python_dop_operator_3.py took 0.156 seconds
[2025-09-21T15:52:07.120+0000] {processor.py:161} INFO - Started process (PID=1592) to work on /home/airflow/.local/lib/python3.8/site-packages/airflow/example_dags/example_branch_python_dop_operator_3.py
[2025-09-21T15:52:07.122+0000] {processor.py:830} INFO - Processing file /home/airflow/.local/lib/python3.8/site-packages/airflow/example_dags/example_branch_python_dop_operator_3.py for tasks to queue
[2025-09-21T15:52:07.125+0000] {logging_mixin.py:188} INFO - [2025-09-21T15:52:07.125+0000] {dagbag.py:538} INFO - Filling up the DagBag from /home/airflow/.local/lib/python3.8/site-packages/airflow/example_dags/example_branch_python_dop_operator_3.py
[2025-09-21T15:52:07.141+0000] {processor.py:840} INFO - DAG(s) 'example_branch_dop_operator_v3' retrieved from /home/airflow/.local/lib/python3.8/site-packages/airflow/example_dags/example_branch_python_dop_operator_3.py
[2025-09-21T15:52:07.179+0000] {logging_mixin.py:188} INFO - [2025-09-21T15:52:07.178+0000] {dag.py:3036} INFO - Sync 1 DAGs
[2025-09-21T15:52:07.227+0000] {logging_mixin.py:188} INFO - [2025-09-21T15:52:07.226+0000] {dag.py:3823} INFO - Setting next_dagrun for example_branch_dop_operator_v3 to 2025-09-21 15:51:00+00:00, run_after=2025-09-21 15:52:00+00:00
[2025-09-21T15:52:07.449+0000] {processor.py:183} INFO - Processing /home/airflow/.local/lib/python3.8/site-packages/airflow/example_dags/example_branch_python_dop_operator_3.py took 0.335 seconds
[2025-09-21T15:52:37.720+0000] {processor.py:161} INFO - Started process (PID=1650) to work on /home/airflow/.local/lib/python3.8/site-packages/airflow/example_dags/example_branch_python_dop_operator_3.py
[2025-09-21T15:52:37.722+0000] {processor.py:830} INFO - Processing file /home/airflow/.local/lib/python3.8/site-packages/airflow/example_dags/example_branch_python_dop_operator_3.py for tasks to queue
[2025-09-21T15:52:37.726+0000] {logging_mixin.py:188} INFO - [2025-09-21T15:52:37.726+0000] {dagbag.py:538} INFO - Filling up the DagBag from /home/airflow/.local/lib/python3.8/site-packages/airflow/example_dags/example_branch_python_dop_operator_3.py
[2025-09-21T15:52:37.743+0000] {processor.py:840} INFO - DAG(s) 'example_branch_dop_operator_v3' retrieved from /home/airflow/.local/lib/python3.8/site-packages/airflow/example_dags/example_branch_python_dop_operator_3.py
[2025-09-21T15:52:37.781+0000] {logging_mixin.py:188} INFO - [2025-09-21T15:52:37.781+0000] {dag.py:3036} INFO - Sync 1 DAGs
[2025-09-21T15:52:37.837+0000] {logging_mixin.py:188} INFO - [2025-09-21T15:52:37.837+0000] {dag.py:3823} INFO - Setting next_dagrun for example_branch_dop_operator_v3 to 2025-09-21 15:51:00+00:00, run_after=2025-09-21 15:52:00+00:00
[2025-09-21T15:52:37.875+0000] {processor.py:183} INFO - Processing /home/airflow/.local/lib/python3.8/site-packages/airflow/example_dags/example_branch_python_dop_operator_3.py took 0.161 seconds
[2025-09-21T15:53:08.477+0000] {processor.py:161} INFO - Started process (PID=1708) to work on /home/airflow/.local/lib/python3.8/site-packages/airflow/example_dags/example_branch_python_dop_operator_3.py
[2025-09-21T15:53:08.479+0000] {processor.py:830} INFO - Processing file /home/airflow/.local/lib/python3.8/site-packages/airflow/example_dags/example_branch_python_dop_operator_3.py for tasks to queue
[2025-09-21T15:53:08.483+0000] {logging_mixin.py:188} INFO - [2025-09-21T15:53:08.482+0000] {dagbag.py:538} INFO - Filling up the DagBag from /home/airflow/.local/lib/python3.8/site-packages/airflow/example_dags/example_branch_python_dop_operator_3.py
[2025-09-21T15:53:08.498+0000] {processor.py:840} INFO - DAG(s) 'example_branch_dop_operator_v3' retrieved from /home/airflow/.local/lib/python3.8/site-packages/airflow/example_dags/example_branch_python_dop_operator_3.py
[2025-09-21T15:53:08.534+0000] {logging_mixin.py:188} INFO - [2025-09-21T15:53:08.534+0000] {dag.py:3036} INFO - Sync 1 DAGs
[2025-09-21T15:53:08.581+0000] {logging_mixin.py:188} INFO - [2025-09-21T15:53:08.581+0000] {dag.py:3823} INFO - Setting next_dagrun for example_branch_dop_operator_v3 to 2025-09-21 15:52:00+00:00, run_after=2025-09-21 15:53:00+00:00
[2025-09-21T15:53:08.776+0000] {processor.py:183} INFO - Processing /home/airflow/.local/lib/python3.8/site-packages/airflow/example_dags/example_branch_python_dop_operator_3.py took 0.305 seconds
[2025-09-21T15:53:39.249+0000] {processor.py:161} INFO - Started process (PID=1766) to work on /home/airflow/.local/lib/python3.8/site-packages/airflow/example_dags/example_branch_python_dop_operator_3.py
[2025-09-21T15:53:39.251+0000] {processor.py:830} INFO - Processing file /home/airflow/.local/lib/python3.8/site-packages/airflow/example_dags/example_branch_python_dop_operator_3.py for tasks to queue
[2025-09-21T15:53:39.254+0000] {logging_mixin.py:188} INFO - [2025-09-21T15:53:39.254+0000] {dagbag.py:538} INFO - Filling up the DagBag from /home/airflow/.local/lib/python3.8/site-packages/airflow/example_dags/example_branch_python_dop_operator_3.py
[2025-09-21T15:53:39.271+0000] {processor.py:840} INFO - DAG(s) 'example_branch_dop_operator_v3' retrieved from /home/airflow/.local/lib/python3.8/site-packages/airflow/example_dags/example_branch_python_dop_operator_3.py
[2025-09-21T15:53:39.306+0000] {logging_mixin.py:188} INFO - [2025-09-21T15:53:39.306+0000] {dag.py:3036} INFO - Sync 1 DAGs
[2025-09-21T15:53:39.530+0000] {logging_mixin.py:188} INFO - [2025-09-21T15:53:39.530+0000] {dag.py:3823} INFO - Setting next_dagrun for example_branch_dop_operator_v3 to 2025-09-21 15:52:00+00:00, run_after=2025-09-21 15:53:00+00:00
[2025-09-21T15:53:39.563+0000] {processor.py:183} INFO - Processing /home/airflow/.local/lib/python3.8/site-packages/airflow/example_dags/example_branch_python_dop_operator_3.py took 0.320 seconds
[2025-09-21T15:54:10.343+0000] {processor.py:161} INFO - Started process (PID=1824) to work on /home/airflow/.local/lib/python3.8/site-packages/airflow/example_dags/example_branch_python_dop_operator_3.py
[2025-09-21T15:54:10.345+0000] {processor.py:830} INFO - Processing file /home/airflow/.local/lib/python3.8/site-packages/airflow/example_dags/example_branch_python_dop_operator_3.py for tasks to queue
[2025-09-21T15:54:10.348+0000] {logging_mixin.py:188} INFO - [2025-09-21T15:54:10.348+0000] {dagbag.py:538} INFO - Filling up the DagBag from /home/airflow/.local/lib/python3.8/site-packages/airflow/example_dags/example_branch_python_dop_operator_3.py
[2025-09-21T15:54:10.365+0000] {processor.py:840} INFO - DAG(s) 'example_branch_dop_operator_v3' retrieved from /home/airflow/.local/lib/python3.8/site-packages/airflow/example_dags/example_branch_python_dop_operator_3.py
[2025-09-21T15:54:10.399+0000] {logging_mixin.py:188} INFO - [2025-09-21T15:54:10.399+0000] {dag.py:3036} INFO - Sync 1 DAGs
[2025-09-21T15:54:10.614+0000] {logging_mixin.py:188} INFO - [2025-09-21T15:54:10.614+0000] {dag.py:3823} INFO - Setting next_dagrun for example_branch_dop_operator_v3 to 2025-09-21 15:53:00+00:00, run_after=2025-09-21 15:54:00+00:00
[2025-09-21T15:54:10.652+0000] {processor.py:183} INFO - Processing /home/airflow/.local/lib/python3.8/site-packages/airflow/example_dags/example_branch_python_dop_operator_3.py took 0.314 seconds
[2025-09-21T15:54:40.812+0000] {processor.py:161} INFO - Started process (PID=1882) to work on /home/airflow/.local/lib/python3.8/site-packages/airflow/example_dags/example_branch_python_dop_operator_3.py
[2025-09-21T15:54:40.814+0000] {processor.py:830} INFO - Processing file /home/airflow/.local/lib/python3.8/site-packages/airflow/example_dags/example_branch_python_dop_operator_3.py for tasks to queue
[2025-09-21T15:54:40.817+0000] {logging_mixin.py:188} INFO - [2025-09-21T15:54:40.816+0000] {dagbag.py:538} INFO - Filling up the DagBag from /home/airflow/.local/lib/python3.8/site-packages/airflow/example_dags/example_branch_python_dop_operator_3.py
[2025-09-21T15:54:40.833+0000] {processor.py:840} INFO - DAG(s) 'example_branch_dop_operator_v3' retrieved from /home/airflow/.local/lib/python3.8/site-packages/airflow/example_dags/example_branch_python_dop_operator_3.py
[2025-09-21T15:54:40.869+0000] {logging_mixin.py:188} INFO - [2025-09-21T15:54:40.869+0000] {dag.py:3036} INFO - Sync 1 DAGs
[2025-09-21T15:54:41.080+0000] {logging_mixin.py:188} INFO - [2025-09-21T15:54:41.079+0000] {dag.py:3823} INFO - Setting next_dagrun for example_branch_dop_operator_v3 to 2025-09-21 15:53:00+00:00, run_after=2025-09-21 15:54:00+00:00
[2025-09-21T15:54:41.113+0000] {processor.py:183} INFO - Processing /home/airflow/.local/lib/python3.8/site-packages/airflow/example_dags/example_branch_python_dop_operator_3.py took 0.307 seconds
[2025-09-21T15:55:11.488+0000] {processor.py:161} INFO - Started process (PID=1940) to work on /home/airflow/.local/lib/python3.8/site-packages/airflow/example_dags/example_branch_python_dop_operator_3.py
[2025-09-21T15:55:11.490+0000] {processor.py:830} INFO - Processing file /home/airflow/.local/lib/python3.8/site-packages/airflow/example_dags/example_branch_python_dop_operator_3.py for tasks to queue
[2025-09-21T15:55:11.493+0000] {logging_mixin.py:188} INFO - [2025-09-21T15:55:11.493+0000] {dagbag.py:538} INFO - Filling up the DagBag from /home/airflow/.local/lib/python3.8/site-packages/airflow/example_dags/example_branch_python_dop_operator_3.py
[2025-09-21T15:55:11.509+0000] {processor.py:840} INFO - DAG(s) 'example_branch_dop_operator_v3' retrieved from /home/airflow/.local/lib/python3.8/site-packages/airflow/example_dags/example_branch_python_dop_operator_3.py
[2025-09-21T15:55:11.544+0000] {logging_mixin.py:188} INFO - [2025-09-21T15:55:11.543+0000] {dag.py:3036} INFO - Sync 1 DAGs
[2025-09-21T15:55:11.753+0000] {logging_mixin.py:188} INFO - [2025-09-21T15:55:11.753+0000] {dag.py:3823} INFO - Setting next_dagrun for example_branch_dop_operator_v3 to 2025-09-21 15:54:00+00:00, run_after=2025-09-21 15:55:00+00:00
[2025-09-21T15:55:11.784+0000] {processor.py:183} INFO - Processing /home/airflow/.local/lib/python3.8/site-packages/airflow/example_dags/example_branch_python_dop_operator_3.py took 0.302 seconds
[2025-09-21T15:55:42.336+0000] {processor.py:161} INFO - Started process (PID=1998) to work on /home/airflow/.local/lib/python3.8/site-packages/airflow/example_dags/example_branch_python_dop_operator_3.py
[2025-09-21T15:55:42.338+0000] {processor.py:830} INFO - Processing file /home/airflow/.local/lib/python3.8/site-packages/airflow/example_dags/example_branch_python_dop_operator_3.py for tasks to queue
[2025-09-21T15:55:42.342+0000] {logging_mixin.py:188} INFO - [2025-09-21T15:55:42.341+0000] {dagbag.py:538} INFO - Filling up the DagBag from /home/airflow/.local/lib/python3.8/site-packages/airflow/example_dags/example_branch_python_dop_operator_3.py
[2025-09-21T15:55:42.357+0000] {processor.py:840} INFO - DAG(s) 'example_branch_dop_operator_v3' retrieved from /home/airflow/.local/lib/python3.8/site-packages/airflow/example_dags/example_branch_python_dop_operator_3.py
[2025-09-21T15:55:42.392+0000] {logging_mixin.py:188} INFO - [2025-09-21T15:55:42.391+0000] {dag.py:3036} INFO - Sync 1 DAGs
[2025-09-21T15:55:42.607+0000] {logging_mixin.py:188} INFO - [2025-09-21T15:55:42.607+0000] {dag.py:3823} INFO - Setting next_dagrun for example_branch_dop_operator_v3 to 2025-09-21 15:54:00+00:00, run_after=2025-09-21 15:55:00+00:00
[2025-09-21T15:55:42.638+0000] {processor.py:183} INFO - Processing /home/airflow/.local/lib/python3.8/site-packages/airflow/example_dags/example_branch_python_dop_operator_3.py took 0.308 seconds
[2025-09-21T15:56:12.736+0000] {processor.py:161} INFO - Started process (PID=2056) to work on /home/airflow/.local/lib/python3.8/site-packages/airflow/example_dags/example_branch_python_dop_operator_3.py
[2025-09-21T15:56:12.739+0000] {processor.py:830} INFO - Processing file /home/airflow/.local/lib/python3.8/site-packages/airflow/example_dags/example_branch_python_dop_operator_3.py for tasks to queue
[2025-09-21T15:56:12.743+0000] {logging_mixin.py:188} INFO - [2025-09-21T15:56:12.742+0000] {dagbag.py:538} INFO - Filling up the DagBag from /home/airflow/.local/lib/python3.8/site-packages/airflow/example_dags/example_branch_python_dop_operator_3.py
[2025-09-21T15:56:12.763+0000] {processor.py:840} INFO - DAG(s) 'example_branch_dop_operator_v3' retrieved from /home/airflow/.local/lib/python3.8/site-packages/airflow/example_dags/example_branch_python_dop_operator_3.py
[2025-09-21T15:56:12.808+0000] {logging_mixin.py:188} INFO - [2025-09-21T15:56:12.807+0000] {dag.py:3036} INFO - Sync 1 DAGs
[2025-09-21T15:56:13.089+0000] {logging_mixin.py:188} INFO - [2025-09-21T15:56:13.089+0000] {dag.py:3823} INFO - Setting next_dagrun for example_branch_dop_operator_v3 to 2025-09-21 15:55:00+00:00, run_after=2025-09-21 15:56:00+00:00
[2025-09-21T15:56:13.126+0000] {processor.py:183} INFO - Processing /home/airflow/.local/lib/python3.8/site-packages/airflow/example_dags/example_branch_python_dop_operator_3.py took 0.397 seconds
[2025-09-21T15:56:43.765+0000] {processor.py:161} INFO - Started process (PID=2114) to work on /home/airflow/.local/lib/python3.8/site-packages/airflow/example_dags/example_branch_python_dop_operator_3.py
[2025-09-21T15:56:43.767+0000] {processor.py:830} INFO - Processing file /home/airflow/.local/lib/python3.8/site-packages/airflow/example_dags/example_branch_python_dop_operator_3.py for tasks to queue
[2025-09-21T15:56:43.770+0000] {logging_mixin.py:188} INFO - [2025-09-21T15:56:43.769+0000] {dagbag.py:538} INFO - Filling up the DagBag from /home/airflow/.local/lib/python3.8/site-packages/airflow/example_dags/example_branch_python_dop_operator_3.py
[2025-09-21T15:56:43.787+0000] {processor.py:840} INFO - DAG(s) 'example_branch_dop_operator_v3' retrieved from /home/airflow/.local/lib/python3.8/site-packages/airflow/example_dags/example_branch_python_dop_operator_3.py
[2025-09-21T15:56:43.825+0000] {logging_mixin.py:188} INFO - [2025-09-21T15:56:43.825+0000] {dag.py:3036} INFO - Sync 1 DAGs
[2025-09-21T15:56:43.880+0000] {logging_mixin.py:188} INFO - [2025-09-21T15:56:43.879+0000] {dag.py:3823} INFO - Setting next_dagrun for example_branch_dop_operator_v3 to 2025-09-21 15:55:00+00:00, run_after=2025-09-21 15:56:00+00:00
[2025-09-21T15:56:43.925+0000] {processor.py:183} INFO - Processing /home/airflow/.local/lib/python3.8/site-packages/airflow/example_dags/example_branch_python_dop_operator_3.py took 0.166 seconds
[2025-09-21T15:57:14.245+0000] {processor.py:161} INFO - Started process (PID=2172) to work on /home/airflow/.local/lib/python3.8/site-packages/airflow/example_dags/example_branch_python_dop_operator_3.py
[2025-09-21T15:57:14.247+0000] {processor.py:830} INFO - Processing file /home/airflow/.local/lib/python3.8/site-packages/airflow/example_dags/example_branch_python_dop_operator_3.py for tasks to queue
[2025-09-21T15:57:14.250+0000] {logging_mixin.py:188} INFO - [2025-09-21T15:57:14.250+0000] {dagbag.py:538} INFO - Filling up the DagBag from /home/airflow/.local/lib/python3.8/site-packages/airflow/example_dags/example_branch_python_dop_operator_3.py
[2025-09-21T15:57:14.270+0000] {processor.py:840} INFO - DAG(s) 'example_branch_dop_operator_v3' retrieved from /home/airflow/.local/lib/python3.8/site-packages/airflow/example_dags/example_branch_python_dop_operator_3.py
[2025-09-21T15:57:14.312+0000] {logging_mixin.py:188} INFO - [2025-09-21T15:57:14.312+0000] {dag.py:3036} INFO - Sync 1 DAGs
[2025-09-21T15:57:14.368+0000] {logging_mixin.py:188} INFO - [2025-09-21T15:57:14.368+0000] {dag.py:3823} INFO - Setting next_dagrun for example_branch_dop_operator_v3 to 2025-09-21 15:56:00+00:00, run_after=2025-09-21 15:57:00+00:00
[2025-09-21T15:57:14.405+0000] {processor.py:183} INFO - Processing /home/airflow/.local/lib/python3.8/site-packages/airflow/example_dags/example_branch_python_dop_operator_3.py took 0.168 seconds
[2025-09-21T15:57:44.675+0000] {processor.py:161} INFO - Started process (PID=2230) to work on /home/airflow/.local/lib/python3.8/site-packages/airflow/example_dags/example_branch_python_dop_operator_3.py
[2025-09-21T15:57:44.677+0000] {processor.py:830} INFO - Processing file /home/airflow/.local/lib/python3.8/site-packages/airflow/example_dags/example_branch_python_dop_operator_3.py for tasks to queue
[2025-09-21T15:57:44.680+0000] {logging_mixin.py:188} INFO - [2025-09-21T15:57:44.680+0000] {dagbag.py:538} INFO - Filling up the DagBag from /home/airflow/.local/lib/python3.8/site-packages/airflow/example_dags/example_branch_python_dop_operator_3.py
[2025-09-21T15:57:44.697+0000] {processor.py:840} INFO - DAG(s) 'example_branch_dop_operator_v3' retrieved from /home/airflow/.local/lib/python3.8/site-packages/airflow/example_dags/example_branch_python_dop_operator_3.py
[2025-09-21T15:57:44.735+0000] {logging_mixin.py:188} INFO - [2025-09-21T15:57:44.735+0000] {dag.py:3036} INFO - Sync 1 DAGs
[2025-09-21T15:57:44.783+0000] {logging_mixin.py:188} INFO - [2025-09-21T15:57:44.783+0000] {dag.py:3823} INFO - Setting next_dagrun for example_branch_dop_operator_v3 to 2025-09-21 15:56:00+00:00, run_after=2025-09-21 15:57:00+00:00
[2025-09-21T15:57:44.818+0000] {processor.py:183} INFO - Processing /home/airflow/.local/lib/python3.8/site-packages/airflow/example_dags/example_branch_python_dop_operator_3.py took 0.149 seconds
[2025-09-21T15:58:15.258+0000] {processor.py:161} INFO - Started process (PID=2288) to work on /home/airflow/.local/lib/python3.8/site-packages/airflow/example_dags/example_branch_python_dop_operator_3.py
[2025-09-21T15:58:15.260+0000] {processor.py:830} INFO - Processing file /home/airflow/.local/lib/python3.8/site-packages/airflow/example_dags/example_branch_python_dop_operator_3.py for tasks to queue
[2025-09-21T15:58:15.263+0000] {logging_mixin.py:188} INFO - [2025-09-21T15:58:15.263+0000] {dagbag.py:538} INFO - Filling up the DagBag from /home/airflow/.local/lib/python3.8/site-packages/airflow/example_dags/example_branch_python_dop_operator_3.py
[2025-09-21T15:58:15.280+0000] {processor.py:840} INFO - DAG(s) 'example_branch_dop_operator_v3' retrieved from /home/airflow/.local/lib/python3.8/site-packages/airflow/example_dags/example_branch_python_dop_operator_3.py
[2025-09-21T15:58:15.323+0000] {logging_mixin.py:188} INFO - [2025-09-21T15:58:15.322+0000] {dag.py:3036} INFO - Sync 1 DAGs
[2025-09-21T15:58:15.370+0000] {logging_mixin.py:188} INFO - [2025-09-21T15:58:15.369+0000] {dag.py:3823} INFO - Setting next_dagrun for example_branch_dop_operator_v3 to 2025-09-21 15:57:00+00:00, run_after=2025-09-21 15:58:00+00:00
[2025-09-21T15:58:15.404+0000] {processor.py:183} INFO - Processing /home/airflow/.local/lib/python3.8/site-packages/airflow/example_dags/example_branch_python_dop_operator_3.py took 0.152 seconds
[2025-09-21T15:58:45.940+0000] {processor.py:161} INFO - Started process (PID=2344) to work on /home/airflow/.local/lib/python3.8/site-packages/airflow/example_dags/example_branch_python_dop_operator_3.py
[2025-09-21T15:58:45.942+0000] {processor.py:830} INFO - Processing file /home/airflow/.local/lib/python3.8/site-packages/airflow/example_dags/example_branch_python_dop_operator_3.py for tasks to queue
[2025-09-21T15:58:45.946+0000] {logging_mixin.py:188} INFO - [2025-09-21T15:58:45.945+0000] {dagbag.py:538} INFO - Filling up the DagBag from /home/airflow/.local/lib/python3.8/site-packages/airflow/example_dags/example_branch_python_dop_operator_3.py
[2025-09-21T15:58:45.962+0000] {processor.py:840} INFO - DAG(s) 'example_branch_dop_operator_v3' retrieved from /home/airflow/.local/lib/python3.8/site-packages/airflow/example_dags/example_branch_python_dop_operator_3.py
[2025-09-21T15:58:45.998+0000] {logging_mixin.py:188} INFO - [2025-09-21T15:58:45.997+0000] {dag.py:3036} INFO - Sync 1 DAGs
[2025-09-21T15:58:46.048+0000] {logging_mixin.py:188} INFO - [2025-09-21T15:58:46.047+0000] {dag.py:3823} INFO - Setting next_dagrun for example_branch_dop_operator_v3 to 2025-09-21 15:57:00+00:00, run_after=2025-09-21 15:58:00+00:00
[2025-09-21T15:58:46.082+0000] {processor.py:183} INFO - Processing /home/airflow/.local/lib/python3.8/site-packages/airflow/example_dags/example_branch_python_dop_operator_3.py took 0.148 seconds
[2025-09-21T15:59:16.375+0000] {processor.py:161} INFO - Started process (PID=2408) to work on /home/airflow/.local/lib/python3.8/site-packages/airflow/example_dags/example_branch_python_dop_operator_3.py
[2025-09-21T15:59:16.378+0000] {processor.py:830} INFO - Processing file /home/airflow/.local/lib/python3.8/site-packages/airflow/example_dags/example_branch_python_dop_operator_3.py for tasks to queue
[2025-09-21T15:59:16.384+0000] {logging_mixin.py:188} INFO - [2025-09-21T15:59:16.383+0000] {dagbag.py:538} INFO - Filling up the DagBag from /home/airflow/.local/lib/python3.8/site-packages/airflow/example_dags/example_branch_python_dop_operator_3.py
[2025-09-21T15:59:16.404+0000] {processor.py:840} INFO - DAG(s) 'example_branch_dop_operator_v3' retrieved from /home/airflow/.local/lib/python3.8/site-packages/airflow/example_dags/example_branch_python_dop_operator_3.py
[2025-09-21T15:59:16.440+0000] {logging_mixin.py:188} INFO - [2025-09-21T15:59:16.439+0000] {dag.py:3036} INFO - Sync 1 DAGs
[2025-09-21T15:59:16.489+0000] {logging_mixin.py:188} INFO - [2025-09-21T15:59:16.488+0000] {dag.py:3823} INFO - Setting next_dagrun for example_branch_dop_operator_v3 to 2025-09-21 15:58:00+00:00, run_after=2025-09-21 15:59:00+00:00
[2025-09-21T15:59:16.522+0000] {processor.py:183} INFO - Processing /home/airflow/.local/lib/python3.8/site-packages/airflow/example_dags/example_branch_python_dop_operator_3.py took 0.154 seconds
[2025-09-21T15:59:47.099+0000] {processor.py:161} INFO - Started process (PID=2466) to work on /home/airflow/.local/lib/python3.8/site-packages/airflow/example_dags/example_branch_python_dop_operator_3.py
[2025-09-21T15:59:47.103+0000] {processor.py:830} INFO - Processing file /home/airflow/.local/lib/python3.8/site-packages/airflow/example_dags/example_branch_python_dop_operator_3.py for tasks to queue
[2025-09-21T15:59:47.112+0000] {logging_mixin.py:188} INFO - [2025-09-21T15:59:47.111+0000] {dagbag.py:538} INFO - Filling up the DagBag from /home/airflow/.local/lib/python3.8/site-packages/airflow/example_dags/example_branch_python_dop_operator_3.py
[2025-09-21T15:59:47.169+0000] {processor.py:840} INFO - DAG(s) 'example_branch_dop_operator_v3' retrieved from /home/airflow/.local/lib/python3.8/site-packages/airflow/example_dags/example_branch_python_dop_operator_3.py
[2025-09-21T15:59:47.217+0000] {logging_mixin.py:188} INFO - [2025-09-21T15:59:47.216+0000] {dag.py:3036} INFO - Sync 1 DAGs
[2025-09-21T15:59:47.278+0000] {logging_mixin.py:188} INFO - [2025-09-21T15:59:47.277+0000] {dag.py:3823} INFO - Setting next_dagrun for example_branch_dop_operator_v3 to 2025-09-21 15:58:00+00:00, run_after=2025-09-21 15:59:00+00:00
[2025-09-21T15:59:47.320+0000] {processor.py:183} INFO - Processing /home/airflow/.local/lib/python3.8/site-packages/airflow/example_dags/example_branch_python_dop_operator_3.py took 0.229 seconds
[2025-09-21T16:00:18.213+0000] {processor.py:161} INFO - Started process (PID=2524) to work on /home/airflow/.local/lib/python3.8/site-packages/airflow/example_dags/example_branch_python_dop_operator_3.py
[2025-09-21T16:00:18.215+0000] {processor.py:830} INFO - Processing file /home/airflow/.local/lib/python3.8/site-packages/airflow/example_dags/example_branch_python_dop_operator_3.py for tasks to queue
[2025-09-21T16:00:18.219+0000] {logging_mixin.py:188} INFO - [2025-09-21T16:00:18.218+0000] {dagbag.py:538} INFO - Filling up the DagBag from /home/airflow/.local/lib/python3.8/site-packages/airflow/example_dags/example_branch_python_dop_operator_3.py
[2025-09-21T16:00:18.236+0000] {processor.py:840} INFO - DAG(s) 'example_branch_dop_operator_v3' retrieved from /home/airflow/.local/lib/python3.8/site-packages/airflow/example_dags/example_branch_python_dop_operator_3.py
[2025-09-21T16:00:18.272+0000] {logging_mixin.py:188} INFO - [2025-09-21T16:00:18.271+0000] {dag.py:3036} INFO - Sync 1 DAGs
[2025-09-21T16:00:18.318+0000] {logging_mixin.py:188} INFO - [2025-09-21T16:00:18.318+0000] {dag.py:3823} INFO - Setting next_dagrun for example_branch_dop_operator_v3 to 2025-09-21 15:59:00+00:00, run_after=2025-09-21 16:00:00+00:00
[2025-09-21T16:00:18.352+0000] {processor.py:183} INFO - Processing /home/airflow/.local/lib/python3.8/site-packages/airflow/example_dags/example_branch_python_dop_operator_3.py took 0.145 seconds
[2025-09-21T16:00:48.626+0000] {processor.py:161} INFO - Started process (PID=2582) to work on /home/airflow/.local/lib/python3.8/site-packages/airflow/example_dags/example_branch_python_dop_operator_3.py
[2025-09-21T16:00:48.628+0000] {processor.py:830} INFO - Processing file /home/airflow/.local/lib/python3.8/site-packages/airflow/example_dags/example_branch_python_dop_operator_3.py for tasks to queue
[2025-09-21T16:00:48.631+0000] {logging_mixin.py:188} INFO - [2025-09-21T16:00:48.631+0000] {dagbag.py:538} INFO - Filling up the DagBag from /home/airflow/.local/lib/python3.8/site-packages/airflow/example_dags/example_branch_python_dop_operator_3.py
[2025-09-21T16:00:48.648+0000] {processor.py:840} INFO - DAG(s) 'example_branch_dop_operator_v3' retrieved from /home/airflow/.local/lib/python3.8/site-packages/airflow/example_dags/example_branch_python_dop_operator_3.py
[2025-09-21T16:00:48.683+0000] {logging_mixin.py:188} INFO - [2025-09-21T16:00:48.683+0000] {dag.py:3036} INFO - Sync 1 DAGs
[2025-09-21T16:00:48.734+0000] {logging_mixin.py:188} INFO - [2025-09-21T16:00:48.734+0000] {dag.py:3823} INFO - Setting next_dagrun for example_branch_dop_operator_v3 to 2025-09-21 15:59:00+00:00, run_after=2025-09-21 16:00:00+00:00
[2025-09-21T16:00:48.769+0000] {processor.py:183} INFO - Processing /home/airflow/.local/lib/python3.8/site-packages/airflow/example_dags/example_branch_python_dop_operator_3.py took 0.149 seconds
[2025-09-21T16:01:19.201+0000] {processor.py:161} INFO - Started process (PID=2641) to work on /home/airflow/.local/lib/python3.8/site-packages/airflow/example_dags/example_branch_python_dop_operator_3.py
[2025-09-21T16:01:19.204+0000] {processor.py:830} INFO - Processing file /home/airflow/.local/lib/python3.8/site-packages/airflow/example_dags/example_branch_python_dop_operator_3.py for tasks to queue
[2025-09-21T16:01:19.210+0000] {logging_mixin.py:188} INFO - [2025-09-21T16:01:19.208+0000] {dagbag.py:538} INFO - Filling up the DagBag from /home/airflow/.local/lib/python3.8/site-packages/airflow/example_dags/example_branch_python_dop_operator_3.py
[2025-09-21T16:01:19.231+0000] {processor.py:840} INFO - DAG(s) 'example_branch_dop_operator_v3' retrieved from /home/airflow/.local/lib/python3.8/site-packages/airflow/example_dags/example_branch_python_dop_operator_3.py
[2025-09-21T16:01:19.274+0000] {logging_mixin.py:188} INFO - [2025-09-21T16:01:19.274+0000] {dag.py:3036} INFO - Sync 1 DAGs
[2025-09-21T16:01:19.333+0000] {logging_mixin.py:188} INFO - [2025-09-21T16:01:19.333+0000] {dag.py:3823} INFO - Setting next_dagrun for example_branch_dop_operator_v3 to 2025-09-21 16:00:00+00:00, run_after=2025-09-21 16:01:00+00:00
[2025-09-21T16:01:19.380+0000] {processor.py:183} INFO - Processing /home/airflow/.local/lib/python3.8/site-packages/airflow/example_dags/example_branch_python_dop_operator_3.py took 0.185 seconds
[2025-09-21T16:01:49.665+0000] {processor.py:161} INFO - Started process (PID=2697) to work on /home/airflow/.local/lib/python3.8/site-packages/airflow/example_dags/example_branch_python_dop_operator_3.py
[2025-09-21T16:01:49.668+0000] {processor.py:830} INFO - Processing file /home/airflow/.local/lib/python3.8/site-packages/airflow/example_dags/example_branch_python_dop_operator_3.py for tasks to queue
[2025-09-21T16:01:49.674+0000] {logging_mixin.py:188} INFO - [2025-09-21T16:01:49.673+0000] {dagbag.py:538} INFO - Filling up the DagBag from /home/airflow/.local/lib/python3.8/site-packages/airflow/example_dags/example_branch_python_dop_operator_3.py
[2025-09-21T16:01:49.693+0000] {processor.py:840} INFO - DAG(s) 'example_branch_dop_operator_v3' retrieved from /home/airflow/.local/lib/python3.8/site-packages/airflow/example_dags/example_branch_python_dop_operator_3.py
[2025-09-21T16:01:49.736+0000] {logging_mixin.py:188} INFO - [2025-09-21T16:01:49.736+0000] {dag.py:3036} INFO - Sync 1 DAGs
[2025-09-21T16:01:49.788+0000] {logging_mixin.py:188} INFO - [2025-09-21T16:01:49.788+0000] {dag.py:3823} INFO - Setting next_dagrun for example_branch_dop_operator_v3 to 2025-09-21 16:00:00+00:00, run_after=2025-09-21 16:01:00+00:00
[2025-09-21T16:01:49.823+0000] {processor.py:183} INFO - Processing /home/airflow/.local/lib/python3.8/site-packages/airflow/example_dags/example_branch_python_dop_operator_3.py took 0.164 seconds
[2025-09-21T16:02:20.143+0000] {processor.py:161} INFO - Started process (PID=2755) to work on /home/airflow/.local/lib/python3.8/site-packages/airflow/example_dags/example_branch_python_dop_operator_3.py
[2025-09-21T16:02:20.145+0000] {processor.py:830} INFO - Processing file /home/airflow/.local/lib/python3.8/site-packages/airflow/example_dags/example_branch_python_dop_operator_3.py for tasks to queue
[2025-09-21T16:02:20.148+0000] {logging_mixin.py:188} INFO - [2025-09-21T16:02:20.148+0000] {dagbag.py:538} INFO - Filling up the DagBag from /home/airflow/.local/lib/python3.8/site-packages/airflow/example_dags/example_branch_python_dop_operator_3.py
[2025-09-21T16:02:20.170+0000] {processor.py:840} INFO - DAG(s) 'example_branch_dop_operator_v3' retrieved from /home/airflow/.local/lib/python3.8/site-packages/airflow/example_dags/example_branch_python_dop_operator_3.py
[2025-09-21T16:02:20.208+0000] {logging_mixin.py:188} INFO - [2025-09-21T16:02:20.208+0000] {dag.py:3036} INFO - Sync 1 DAGs
[2025-09-21T16:02:20.257+0000] {logging_mixin.py:188} INFO - [2025-09-21T16:02:20.256+0000] {dag.py:3823} INFO - Setting next_dagrun for example_branch_dop_operator_v3 to 2025-09-21 16:01:00+00:00, run_after=2025-09-21 16:02:00+00:00
[2025-09-21T16:02:20.292+0000] {processor.py:183} INFO - Processing /home/airflow/.local/lib/python3.8/site-packages/airflow/example_dags/example_branch_python_dop_operator_3.py took 0.155 seconds
[2025-09-21T16:02:50.964+0000] {processor.py:161} INFO - Started process (PID=2813) to work on /home/airflow/.local/lib/python3.8/site-packages/airflow/example_dags/example_branch_python_dop_operator_3.py
[2025-09-21T16:02:50.966+0000] {processor.py:830} INFO - Processing file /home/airflow/.local/lib/python3.8/site-packages/airflow/example_dags/example_branch_python_dop_operator_3.py for tasks to queue
[2025-09-21T16:02:50.970+0000] {logging_mixin.py:188} INFO - [2025-09-21T16:02:50.969+0000] {dagbag.py:538} INFO - Filling up the DagBag from /home/airflow/.local/lib/python3.8/site-packages/airflow/example_dags/example_branch_python_dop_operator_3.py
[2025-09-21T16:02:50.995+0000] {processor.py:840} INFO - DAG(s) 'example_branch_dop_operator_v3' retrieved from /home/airflow/.local/lib/python3.8/site-packages/airflow/example_dags/example_branch_python_dop_operator_3.py
[2025-09-21T16:02:51.032+0000] {logging_mixin.py:188} INFO - [2025-09-21T16:02:51.032+0000] {dag.py:3036} INFO - Sync 1 DAGs
[2025-09-21T16:02:51.080+0000] {logging_mixin.py:188} INFO - [2025-09-21T16:02:51.079+0000] {dag.py:3823} INFO - Setting next_dagrun for example_branch_dop_operator_v3 to 2025-09-21 16:01:00+00:00, run_after=2025-09-21 16:02:00+00:00
[2025-09-21T16:02:51.113+0000] {processor.py:183} INFO - Processing /home/airflow/.local/lib/python3.8/site-packages/airflow/example_dags/example_branch_python_dop_operator_3.py took 0.155 seconds
[2025-09-21T16:03:21.676+0000] {processor.py:161} INFO - Started process (PID=2871) to work on /home/airflow/.local/lib/python3.8/site-packages/airflow/example_dags/example_branch_python_dop_operator_3.py
[2025-09-21T16:03:21.679+0000] {processor.py:830} INFO - Processing file /home/airflow/.local/lib/python3.8/site-packages/airflow/example_dags/example_branch_python_dop_operator_3.py for tasks to queue
[2025-09-21T16:03:21.682+0000] {logging_mixin.py:188} INFO - [2025-09-21T16:03:21.681+0000] {dagbag.py:538} INFO - Filling up the DagBag from /home/airflow/.local/lib/python3.8/site-packages/airflow/example_dags/example_branch_python_dop_operator_3.py
[2025-09-21T16:03:21.699+0000] {processor.py:840} INFO - DAG(s) 'example_branch_dop_operator_v3' retrieved from /home/airflow/.local/lib/python3.8/site-packages/airflow/example_dags/example_branch_python_dop_operator_3.py
[2025-09-21T16:03:21.734+0000] {logging_mixin.py:188} INFO - [2025-09-21T16:03:21.734+0000] {dag.py:3036} INFO - Sync 1 DAGs
[2025-09-21T16:03:21.788+0000] {logging_mixin.py:188} INFO - [2025-09-21T16:03:21.788+0000] {dag.py:3823} INFO - Setting next_dagrun for example_branch_dop_operator_v3 to 2025-09-21 16:02:00+00:00, run_after=2025-09-21 16:03:00+00:00
[2025-09-21T16:03:21.823+0000] {processor.py:183} INFO - Processing /home/airflow/.local/lib/python3.8/site-packages/airflow/example_dags/example_branch_python_dop_operator_3.py took 0.154 seconds
[2025-09-21T16:03:52.178+0000] {processor.py:161} INFO - Started process (PID=2929) to work on /home/airflow/.local/lib/python3.8/site-packages/airflow/example_dags/example_branch_python_dop_operator_3.py
[2025-09-21T16:03:52.180+0000] {processor.py:830} INFO - Processing file /home/airflow/.local/lib/python3.8/site-packages/airflow/example_dags/example_branch_python_dop_operator_3.py for tasks to queue
[2025-09-21T16:03:52.183+0000] {logging_mixin.py:188} INFO - [2025-09-21T16:03:52.183+0000] {dagbag.py:538} INFO - Filling up the DagBag from /home/airflow/.local/lib/python3.8/site-packages/airflow/example_dags/example_branch_python_dop_operator_3.py
[2025-09-21T16:03:52.200+0000] {processor.py:840} INFO - DAG(s) 'example_branch_dop_operator_v3' retrieved from /home/airflow/.local/lib/python3.8/site-packages/airflow/example_dags/example_branch_python_dop_operator_3.py
[2025-09-21T16:03:52.235+0000] {logging_mixin.py:188} INFO - [2025-09-21T16:03:52.235+0000] {dag.py:3036} INFO - Sync 1 DAGs
[2025-09-21T16:03:52.284+0000] {logging_mixin.py:188} INFO - [2025-09-21T16:03:52.284+0000] {dag.py:3823} INFO - Setting next_dagrun for example_branch_dop_operator_v3 to 2025-09-21 16:02:00+00:00, run_after=2025-09-21 16:03:00+00:00
[2025-09-21T16:03:52.318+0000] {processor.py:183} INFO - Processing /home/airflow/.local/lib/python3.8/site-packages/airflow/example_dags/example_branch_python_dop_operator_3.py took 0.148 seconds
[2025-09-21T16:04:22.862+0000] {processor.py:161} INFO - Started process (PID=2987) to work on /home/airflow/.local/lib/python3.8/site-packages/airflow/example_dags/example_branch_python_dop_operator_3.py
[2025-09-21T16:04:22.864+0000] {processor.py:830} INFO - Processing file /home/airflow/.local/lib/python3.8/site-packages/airflow/example_dags/example_branch_python_dop_operator_3.py for tasks to queue
[2025-09-21T16:04:22.867+0000] {logging_mixin.py:188} INFO - [2025-09-21T16:04:22.866+0000] {dagbag.py:538} INFO - Filling up the DagBag from /home/airflow/.local/lib/python3.8/site-packages/airflow/example_dags/example_branch_python_dop_operator_3.py
[2025-09-21T16:04:22.884+0000] {processor.py:840} INFO - DAG(s) 'example_branch_dop_operator_v3' retrieved from /home/airflow/.local/lib/python3.8/site-packages/airflow/example_dags/example_branch_python_dop_operator_3.py
[2025-09-21T16:04:22.922+0000] {logging_mixin.py:188} INFO - [2025-09-21T16:04:22.922+0000] {dag.py:3036} INFO - Sync 1 DAGs
[2025-09-21T16:04:22.971+0000] {logging_mixin.py:188} INFO - [2025-09-21T16:04:22.970+0000] {dag.py:3823} INFO - Setting next_dagrun for example_branch_dop_operator_v3 to 2025-09-21 16:03:00+00:00, run_after=2025-09-21 16:04:00+00:00
[2025-09-21T16:04:23.004+0000] {processor.py:183} INFO - Processing /home/airflow/.local/lib/python3.8/site-packages/airflow/example_dags/example_branch_python_dop_operator_3.py took 0.150 seconds
[2025-09-21T16:04:53.254+0000] {processor.py:161} INFO - Started process (PID=3045) to work on /home/airflow/.local/lib/python3.8/site-packages/airflow/example_dags/example_branch_python_dop_operator_3.py
[2025-09-21T16:04:53.256+0000] {processor.py:830} INFO - Processing file /home/airflow/.local/lib/python3.8/site-packages/airflow/example_dags/example_branch_python_dop_operator_3.py for tasks to queue
[2025-09-21T16:04:53.260+0000] {logging_mixin.py:188} INFO - [2025-09-21T16:04:53.259+0000] {dagbag.py:538} INFO - Filling up the DagBag from /home/airflow/.local/lib/python3.8/site-packages/airflow/example_dags/example_branch_python_dop_operator_3.py
[2025-09-21T16:04:53.277+0000] {processor.py:840} INFO - DAG(s) 'example_branch_dop_operator_v3' retrieved from /home/airflow/.local/lib/python3.8/site-packages/airflow/example_dags/example_branch_python_dop_operator_3.py
[2025-09-21T16:04:53.312+0000] {logging_mixin.py:188} INFO - [2025-09-21T16:04:53.312+0000] {dag.py:3036} INFO - Sync 1 DAGs
[2025-09-21T16:04:53.361+0000] {logging_mixin.py:188} INFO - [2025-09-21T16:04:53.360+0000] {dag.py:3823} INFO - Setting next_dagrun for example_branch_dop_operator_v3 to 2025-09-21 16:03:00+00:00, run_after=2025-09-21 16:04:00+00:00
[2025-09-21T16:04:53.394+0000] {processor.py:183} INFO - Processing /home/airflow/.local/lib/python3.8/site-packages/airflow/example_dags/example_branch_python_dop_operator_3.py took 0.146 seconds
[2025-09-21T16:05:24.060+0000] {processor.py:161} INFO - Started process (PID=3103) to work on /home/airflow/.local/lib/python3.8/site-packages/airflow/example_dags/example_branch_python_dop_operator_3.py
[2025-09-21T16:05:24.062+0000] {processor.py:830} INFO - Processing file /home/airflow/.local/lib/python3.8/site-packages/airflow/example_dags/example_branch_python_dop_operator_3.py for tasks to queue
[2025-09-21T16:05:24.065+0000] {logging_mixin.py:188} INFO - [2025-09-21T16:05:24.065+0000] {dagbag.py:538} INFO - Filling up the DagBag from /home/airflow/.local/lib/python3.8/site-packages/airflow/example_dags/example_branch_python_dop_operator_3.py
[2025-09-21T16:05:24.082+0000] {processor.py:840} INFO - DAG(s) 'example_branch_dop_operator_v3' retrieved from /home/airflow/.local/lib/python3.8/site-packages/airflow/example_dags/example_branch_python_dop_operator_3.py
[2025-09-21T16:05:24.118+0000] {logging_mixin.py:188} INFO - [2025-09-21T16:05:24.117+0000] {dag.py:3036} INFO - Sync 1 DAGs
[2025-09-21T16:05:24.169+0000] {logging_mixin.py:188} INFO - [2025-09-21T16:05:24.168+0000] {dag.py:3823} INFO - Setting next_dagrun for example_branch_dop_operator_v3 to 2025-09-21 16:04:00+00:00, run_after=2025-09-21 16:05:00+00:00
[2025-09-21T16:05:24.204+0000] {processor.py:183} INFO - Processing /home/airflow/.local/lib/python3.8/site-packages/airflow/example_dags/example_branch_python_dop_operator_3.py took 0.150 seconds
[2025-09-21T16:05:54.901+0000] {processor.py:161} INFO - Started process (PID=3162) to work on /home/airflow/.local/lib/python3.8/site-packages/airflow/example_dags/example_branch_python_dop_operator_3.py
[2025-09-21T16:05:54.903+0000] {processor.py:830} INFO - Processing file /home/airflow/.local/lib/python3.8/site-packages/airflow/example_dags/example_branch_python_dop_operator_3.py for tasks to queue
[2025-09-21T16:05:54.910+0000] {logging_mixin.py:188} INFO - [2025-09-21T16:05:54.909+0000] {dagbag.py:538} INFO - Filling up the DagBag from /home/airflow/.local/lib/python3.8/site-packages/airflow/example_dags/example_branch_python_dop_operator_3.py
[2025-09-21T16:05:54.926+0000] {processor.py:840} INFO - DAG(s) 'example_branch_dop_operator_v3' retrieved from /home/airflow/.local/lib/python3.8/site-packages/airflow/example_dags/example_branch_python_dop_operator_3.py
[2025-09-21T16:05:54.961+0000] {logging_mixin.py:188} INFO - [2025-09-21T16:05:54.961+0000] {dag.py:3036} INFO - Sync 1 DAGs
[2025-09-21T16:05:55.009+0000] {logging_mixin.py:188} INFO - [2025-09-21T16:05:55.009+0000] {dag.py:3823} INFO - Setting next_dagrun for example_branch_dop_operator_v3 to 2025-09-21 16:04:00+00:00, run_after=2025-09-21 16:05:00+00:00
[2025-09-21T16:05:55.042+0000] {processor.py:183} INFO - Processing /home/airflow/.local/lib/python3.8/site-packages/airflow/example_dags/example_branch_python_dop_operator_3.py took 0.147 seconds
[2025-09-21T16:06:25.868+0000] {processor.py:161} INFO - Started process (PID=3220) to work on /home/airflow/.local/lib/python3.8/site-packages/airflow/example_dags/example_branch_python_dop_operator_3.py
[2025-09-21T16:06:25.871+0000] {processor.py:830} INFO - Processing file /home/airflow/.local/lib/python3.8/site-packages/airflow/example_dags/example_branch_python_dop_operator_3.py for tasks to queue
[2025-09-21T16:06:25.876+0000] {logging_mixin.py:188} INFO - [2025-09-21T16:06:25.875+0000] {dagbag.py:538} INFO - Filling up the DagBag from /home/airflow/.local/lib/python3.8/site-packages/airflow/example_dags/example_branch_python_dop_operator_3.py
[2025-09-21T16:06:25.902+0000] {processor.py:840} INFO - DAG(s) 'example_branch_dop_operator_v3' retrieved from /home/airflow/.local/lib/python3.8/site-packages/airflow/example_dags/example_branch_python_dop_operator_3.py
[2025-09-21T16:06:25.961+0000] {logging_mixin.py:188} INFO - [2025-09-21T16:06:25.960+0000] {dag.py:3036} INFO - Sync 1 DAGs
[2025-09-21T16:06:26.043+0000] {logging_mixin.py:188} INFO - [2025-09-21T16:06:26.043+0000] {dag.py:3823} INFO - Setting next_dagrun for example_branch_dop_operator_v3 to 2025-09-21 16:05:00+00:00, run_after=2025-09-21 16:06:00+00:00
[2025-09-21T16:06:26.089+0000] {processor.py:183} INFO - Processing /home/airflow/.local/lib/python3.8/site-packages/airflow/example_dags/example_branch_python_dop_operator_3.py took 0.228 seconds
[2025-09-21T16:06:56.952+0000] {processor.py:161} INFO - Started process (PID=3278) to work on /home/airflow/.local/lib/python3.8/site-packages/airflow/example_dags/example_branch_python_dop_operator_3.py
[2025-09-21T16:06:56.954+0000] {processor.py:830} INFO - Processing file /home/airflow/.local/lib/python3.8/site-packages/airflow/example_dags/example_branch_python_dop_operator_3.py for tasks to queue
[2025-09-21T16:06:56.959+0000] {logging_mixin.py:188} INFO - [2025-09-21T16:06:56.958+0000] {dagbag.py:538} INFO - Filling up the DagBag from /home/airflow/.local/lib/python3.8/site-packages/airflow/example_dags/example_branch_python_dop_operator_3.py
[2025-09-21T16:06:56.978+0000] {processor.py:840} INFO - DAG(s) 'example_branch_dop_operator_v3' retrieved from /home/airflow/.local/lib/python3.8/site-packages/airflow/example_dags/example_branch_python_dop_operator_3.py
[2025-09-21T16:06:57.016+0000] {logging_mixin.py:188} INFO - [2025-09-21T16:06:57.016+0000] {dag.py:3036} INFO - Sync 1 DAGs
[2025-09-21T16:06:57.068+0000] {logging_mixin.py:188} INFO - [2025-09-21T16:06:57.068+0000] {dag.py:3823} INFO - Setting next_dagrun for example_branch_dop_operator_v3 to 2025-09-21 16:05:00+00:00, run_after=2025-09-21 16:06:00+00:00
[2025-09-21T16:06:57.105+0000] {processor.py:183} INFO - Processing /home/airflow/.local/lib/python3.8/site-packages/airflow/example_dags/example_branch_python_dop_operator_3.py took 0.159 seconds
[2025-09-21T16:07:27.383+0000] {processor.py:161} INFO - Started process (PID=3336) to work on /home/airflow/.local/lib/python3.8/site-packages/airflow/example_dags/example_branch_python_dop_operator_3.py
[2025-09-21T16:07:27.385+0000] {processor.py:830} INFO - Processing file /home/airflow/.local/lib/python3.8/site-packages/airflow/example_dags/example_branch_python_dop_operator_3.py for tasks to queue
[2025-09-21T16:07:27.388+0000] {logging_mixin.py:188} INFO - [2025-09-21T16:07:27.388+0000] {dagbag.py:538} INFO - Filling up the DagBag from /home/airflow/.local/lib/python3.8/site-packages/airflow/example_dags/example_branch_python_dop_operator_3.py
[2025-09-21T16:07:27.406+0000] {processor.py:840} INFO - DAG(s) 'example_branch_dop_operator_v3' retrieved from /home/airflow/.local/lib/python3.8/site-packages/airflow/example_dags/example_branch_python_dop_operator_3.py
[2025-09-21T16:07:27.445+0000] {logging_mixin.py:188} INFO - [2025-09-21T16:07:27.444+0000] {dag.py:3036} INFO - Sync 1 DAGs
[2025-09-21T16:07:27.507+0000] {logging_mixin.py:188} INFO - [2025-09-21T16:07:27.506+0000] {dag.py:3823} INFO - Setting next_dagrun for example_branch_dop_operator_v3 to 2025-09-21 16:06:00+00:00, run_after=2025-09-21 16:07:00+00:00
[2025-09-21T16:07:27.565+0000] {processor.py:183} INFO - Processing /home/airflow/.local/lib/python3.8/site-packages/airflow/example_dags/example_branch_python_dop_operator_3.py took 0.189 seconds
[2025-09-21T16:07:58.414+0000] {processor.py:161} INFO - Started process (PID=3394) to work on /home/airflow/.local/lib/python3.8/site-packages/airflow/example_dags/example_branch_python_dop_operator_3.py
[2025-09-21T16:07:58.416+0000] {processor.py:830} INFO - Processing file /home/airflow/.local/lib/python3.8/site-packages/airflow/example_dags/example_branch_python_dop_operator_3.py for tasks to queue
[2025-09-21T16:07:58.421+0000] {logging_mixin.py:188} INFO - [2025-09-21T16:07:58.421+0000] {dagbag.py:538} INFO - Filling up the DagBag from /home/airflow/.local/lib/python3.8/site-packages/airflow/example_dags/example_branch_python_dop_operator_3.py
[2025-09-21T16:07:58.450+0000] {processor.py:840} INFO - DAG(s) 'example_branch_dop_operator_v3' retrieved from /home/airflow/.local/lib/python3.8/site-packages/airflow/example_dags/example_branch_python_dop_operator_3.py
[2025-09-21T16:07:58.498+0000] {logging_mixin.py:188} INFO - [2025-09-21T16:07:58.498+0000] {dag.py:3036} INFO - Sync 1 DAGs
[2025-09-21T16:07:58.566+0000] {logging_mixin.py:188} INFO - [2025-09-21T16:07:58.565+0000] {dag.py:3823} INFO - Setting next_dagrun for example_branch_dop_operator_v3 to 2025-09-21 16:06:00+00:00, run_after=2025-09-21 16:07:00+00:00
[2025-09-21T16:07:58.600+0000] {processor.py:183} INFO - Processing /home/airflow/.local/lib/python3.8/site-packages/airflow/example_dags/example_branch_python_dop_operator_3.py took 0.195 seconds
[2025-09-21T16:08:28.762+0000] {processor.py:161} INFO - Started process (PID=3452) to work on /home/airflow/.local/lib/python3.8/site-packages/airflow/example_dags/example_branch_python_dop_operator_3.py
[2025-09-21T16:08:28.764+0000] {processor.py:830} INFO - Processing file /home/airflow/.local/lib/python3.8/site-packages/airflow/example_dags/example_branch_python_dop_operator_3.py for tasks to queue
[2025-09-21T16:08:28.768+0000] {logging_mixin.py:188} INFO - [2025-09-21T16:08:28.768+0000] {dagbag.py:538} INFO - Filling up the DagBag from /home/airflow/.local/lib/python3.8/site-packages/airflow/example_dags/example_branch_python_dop_operator_3.py
[2025-09-21T16:08:28.785+0000] {processor.py:840} INFO - DAG(s) 'example_branch_dop_operator_v3' retrieved from /home/airflow/.local/lib/python3.8/site-packages/airflow/example_dags/example_branch_python_dop_operator_3.py
[2025-09-21T16:08:28.822+0000] {logging_mixin.py:188} INFO - [2025-09-21T16:08:28.822+0000] {dag.py:3036} INFO - Sync 1 DAGs
[2025-09-21T16:08:28.870+0000] {logging_mixin.py:188} INFO - [2025-09-21T16:08:28.870+0000] {dag.py:3823} INFO - Setting next_dagrun for example_branch_dop_operator_v3 to 2025-09-21 16:07:00+00:00, run_after=2025-09-21 16:08:00+00:00
[2025-09-21T16:08:28.907+0000] {processor.py:183} INFO - Processing /home/airflow/.local/lib/python3.8/site-packages/airflow/example_dags/example_branch_python_dop_operator_3.py took 0.150 seconds
[2025-09-21T16:08:59.853+0000] {processor.py:161} INFO - Started process (PID=3510) to work on /home/airflow/.local/lib/python3.8/site-packages/airflow/example_dags/example_branch_python_dop_operator_3.py
[2025-09-21T16:08:59.855+0000] {processor.py:830} INFO - Processing file /home/airflow/.local/lib/python3.8/site-packages/airflow/example_dags/example_branch_python_dop_operator_3.py for tasks to queue
[2025-09-21T16:08:59.859+0000] {logging_mixin.py:188} INFO - [2025-09-21T16:08:59.858+0000] {dagbag.py:538} INFO - Filling up the DagBag from /home/airflow/.local/lib/python3.8/site-packages/airflow/example_dags/example_branch_python_dop_operator_3.py
[2025-09-21T16:08:59.877+0000] {processor.py:840} INFO - DAG(s) 'example_branch_dop_operator_v3' retrieved from /home/airflow/.local/lib/python3.8/site-packages/airflow/example_dags/example_branch_python_dop_operator_3.py
[2025-09-21T16:08:59.915+0000] {logging_mixin.py:188} INFO - [2025-09-21T16:08:59.914+0000] {dag.py:3036} INFO - Sync 1 DAGs
[2025-09-21T16:08:59.964+0000] {logging_mixin.py:188} INFO - [2025-09-21T16:08:59.964+0000] {dag.py:3823} INFO - Setting next_dagrun for example_branch_dop_operator_v3 to 2025-09-21 16:07:00+00:00, run_after=2025-09-21 16:08:00+00:00
[2025-09-21T16:08:59.999+0000] {processor.py:183} INFO - Processing /home/airflow/.local/lib/python3.8/site-packages/airflow/example_dags/example_branch_python_dop_operator_3.py took 0.152 seconds
[2025-09-21T16:09:30.218+0000] {processor.py:161} INFO - Started process (PID=3568) to work on /home/airflow/.local/lib/python3.8/site-packages/airflow/example_dags/example_branch_python_dop_operator_3.py
[2025-09-21T16:09:30.220+0000] {processor.py:830} INFO - Processing file /home/airflow/.local/lib/python3.8/site-packages/airflow/example_dags/example_branch_python_dop_operator_3.py for tasks to queue
[2025-09-21T16:09:30.223+0000] {logging_mixin.py:188} INFO - [2025-09-21T16:09:30.222+0000] {dagbag.py:538} INFO - Filling up the DagBag from /home/airflow/.local/lib/python3.8/site-packages/airflow/example_dags/example_branch_python_dop_operator_3.py
[2025-09-21T16:09:30.240+0000] {processor.py:840} INFO - DAG(s) 'example_branch_dop_operator_v3' retrieved from /home/airflow/.local/lib/python3.8/site-packages/airflow/example_dags/example_branch_python_dop_operator_3.py
[2025-09-21T16:09:30.275+0000] {logging_mixin.py:188} INFO - [2025-09-21T16:09:30.274+0000] {dag.py:3036} INFO - Sync 1 DAGs
[2025-09-21T16:09:30.323+0000] {logging_mixin.py:188} INFO - [2025-09-21T16:09:30.322+0000] {dag.py:3823} INFO - Setting next_dagrun for example_branch_dop_operator_v3 to 2025-09-21 16:08:00+00:00, run_after=2025-09-21 16:09:00+00:00
[2025-09-21T16:09:30.357+0000] {processor.py:183} INFO - Processing /home/airflow/.local/lib/python3.8/site-packages/airflow/example_dags/example_branch_python_dop_operator_3.py took 0.146 seconds
[2025-09-21T16:10:00.510+0000] {processor.py:161} INFO - Started process (PID=3626) to work on /home/airflow/.local/lib/python3.8/site-packages/airflow/example_dags/example_branch_python_dop_operator_3.py
[2025-09-21T16:10:00.512+0000] {processor.py:830} INFO - Processing file /home/airflow/.local/lib/python3.8/site-packages/airflow/example_dags/example_branch_python_dop_operator_3.py for tasks to queue
[2025-09-21T16:10:00.516+0000] {logging_mixin.py:188} INFO - [2025-09-21T16:10:00.515+0000] {dagbag.py:538} INFO - Filling up the DagBag from /home/airflow/.local/lib/python3.8/site-packages/airflow/example_dags/example_branch_python_dop_operator_3.py
[2025-09-21T16:10:00.535+0000] {processor.py:840} INFO - DAG(s) 'example_branch_dop_operator_v3' retrieved from /home/airflow/.local/lib/python3.8/site-packages/airflow/example_dags/example_branch_python_dop_operator_3.py
[2025-09-21T16:10:00.571+0000] {logging_mixin.py:188} INFO - [2025-09-21T16:10:00.571+0000] {dag.py:3036} INFO - Sync 1 DAGs
[2025-09-21T16:10:00.635+0000] {logging_mixin.py:188} INFO - [2025-09-21T16:10:00.635+0000] {dag.py:3823} INFO - Setting next_dagrun for example_branch_dop_operator_v3 to 2025-09-21 16:09:00+00:00, run_after=2025-09-21 16:10:00+00:00
[2025-09-21T16:10:00.677+0000] {processor.py:183} INFO - Processing /home/airflow/.local/lib/python3.8/site-packages/airflow/example_dags/example_branch_python_dop_operator_3.py took 0.172 seconds
[2025-09-21T16:10:31.150+0000] {processor.py:161} INFO - Started process (PID=3684) to work on /home/airflow/.local/lib/python3.8/site-packages/airflow/example_dags/example_branch_python_dop_operator_3.py
[2025-09-21T16:10:31.152+0000] {processor.py:830} INFO - Processing file /home/airflow/.local/lib/python3.8/site-packages/airflow/example_dags/example_branch_python_dop_operator_3.py for tasks to queue
[2025-09-21T16:10:31.155+0000] {logging_mixin.py:188} INFO - [2025-09-21T16:10:31.154+0000] {dagbag.py:538} INFO - Filling up the DagBag from /home/airflow/.local/lib/python3.8/site-packages/airflow/example_dags/example_branch_python_dop_operator_3.py
[2025-09-21T16:10:31.176+0000] {processor.py:840} INFO - DAG(s) 'example_branch_dop_operator_v3' retrieved from /home/airflow/.local/lib/python3.8/site-packages/airflow/example_dags/example_branch_python_dop_operator_3.py
[2025-09-21T16:10:31.216+0000] {logging_mixin.py:188} INFO - [2025-09-21T16:10:31.215+0000] {dag.py:3036} INFO - Sync 1 DAGs
[2025-09-21T16:10:31.268+0000] {logging_mixin.py:188} INFO - [2025-09-21T16:10:31.268+0000] {dag.py:3823} INFO - Setting next_dagrun for example_branch_dop_operator_v3 to 2025-09-21 16:09:00+00:00, run_after=2025-09-21 16:10:00+00:00
[2025-09-21T16:10:31.304+0000] {processor.py:183} INFO - Processing /home/airflow/.local/lib/python3.8/site-packages/airflow/example_dags/example_branch_python_dop_operator_3.py took 0.160 seconds
[2025-09-21T16:11:01.613+0000] {processor.py:161} INFO - Started process (PID=3742) to work on /home/airflow/.local/lib/python3.8/site-packages/airflow/example_dags/example_branch_python_dop_operator_3.py
[2025-09-21T16:11:01.615+0000] {processor.py:830} INFO - Processing file /home/airflow/.local/lib/python3.8/site-packages/airflow/example_dags/example_branch_python_dop_operator_3.py for tasks to queue
[2025-09-21T16:11:01.619+0000] {logging_mixin.py:188} INFO - [2025-09-21T16:11:01.618+0000] {dagbag.py:538} INFO - Filling up the DagBag from /home/airflow/.local/lib/python3.8/site-packages/airflow/example_dags/example_branch_python_dop_operator_3.py
[2025-09-21T16:11:01.636+0000] {processor.py:840} INFO - DAG(s) 'example_branch_dop_operator_v3' retrieved from /home/airflow/.local/lib/python3.8/site-packages/airflow/example_dags/example_branch_python_dop_operator_3.py
[2025-09-21T16:11:01.671+0000] {logging_mixin.py:188} INFO - [2025-09-21T16:11:01.670+0000] {dag.py:3036} INFO - Sync 1 DAGs
[2025-09-21T16:11:01.721+0000] {logging_mixin.py:188} INFO - [2025-09-21T16:11:01.721+0000] {dag.py:3823} INFO - Setting next_dagrun for example_branch_dop_operator_v3 to 2025-09-21 16:10:00+00:00, run_after=2025-09-21 16:11:00+00:00
[2025-09-21T16:11:01.758+0000] {processor.py:183} INFO - Processing /home/airflow/.local/lib/python3.8/site-packages/airflow/example_dags/example_branch_python_dop_operator_3.py took 0.150 seconds
[2025-09-21T16:11:32.222+0000] {processor.py:161} INFO - Started process (PID=3800) to work on /home/airflow/.local/lib/python3.8/site-packages/airflow/example_dags/example_branch_python_dop_operator_3.py
[2025-09-21T16:11:32.224+0000] {processor.py:830} INFO - Processing file /home/airflow/.local/lib/python3.8/site-packages/airflow/example_dags/example_branch_python_dop_operator_3.py for tasks to queue
[2025-09-21T16:11:32.227+0000] {logging_mixin.py:188} INFO - [2025-09-21T16:11:32.226+0000] {dagbag.py:538} INFO - Filling up the DagBag from /home/airflow/.local/lib/python3.8/site-packages/airflow/example_dags/example_branch_python_dop_operator_3.py
[2025-09-21T16:11:32.244+0000] {processor.py:840} INFO - DAG(s) 'example_branch_dop_operator_v3' retrieved from /home/airflow/.local/lib/python3.8/site-packages/airflow/example_dags/example_branch_python_dop_operator_3.py
[2025-09-21T16:11:32.282+0000] {logging_mixin.py:188} INFO - [2025-09-21T16:11:32.281+0000] {dag.py:3036} INFO - Sync 1 DAGs
[2025-09-21T16:11:32.340+0000] {logging_mixin.py:188} INFO - [2025-09-21T16:11:32.340+0000] {dag.py:3823} INFO - Setting next_dagrun for example_branch_dop_operator_v3 to 2025-09-21 16:10:00+00:00, run_after=2025-09-21 16:11:00+00:00
[2025-09-21T16:11:32.380+0000] {processor.py:183} INFO - Processing /home/airflow/.local/lib/python3.8/site-packages/airflow/example_dags/example_branch_python_dop_operator_3.py took 0.164 seconds
[2025-09-21T16:12:02.595+0000] {processor.py:161} INFO - Started process (PID=3858) to work on /home/airflow/.local/lib/python3.8/site-packages/airflow/example_dags/example_branch_python_dop_operator_3.py
[2025-09-21T16:12:02.597+0000] {processor.py:830} INFO - Processing file /home/airflow/.local/lib/python3.8/site-packages/airflow/example_dags/example_branch_python_dop_operator_3.py for tasks to queue
[2025-09-21T16:12:02.600+0000] {logging_mixin.py:188} INFO - [2025-09-21T16:12:02.600+0000] {dagbag.py:538} INFO - Filling up the DagBag from /home/airflow/.local/lib/python3.8/site-packages/airflow/example_dags/example_branch_python_dop_operator_3.py
[2025-09-21T16:12:02.617+0000] {processor.py:840} INFO - DAG(s) 'example_branch_dop_operator_v3' retrieved from /home/airflow/.local/lib/python3.8/site-packages/airflow/example_dags/example_branch_python_dop_operator_3.py
[2025-09-21T16:12:02.655+0000] {logging_mixin.py:188} INFO - [2025-09-21T16:12:02.655+0000] {dag.py:3036} INFO - Sync 1 DAGs
[2025-09-21T16:12:02.705+0000] {logging_mixin.py:188} INFO - [2025-09-21T16:12:02.705+0000] {dag.py:3823} INFO - Setting next_dagrun for example_branch_dop_operator_v3 to 2025-09-21 16:11:00+00:00, run_after=2025-09-21 16:12:00+00:00
[2025-09-21T16:12:02.740+0000] {processor.py:183} INFO - Processing /home/airflow/.local/lib/python3.8/site-packages/airflow/example_dags/example_branch_python_dop_operator_3.py took 0.152 seconds
[2025-09-21T16:12:33.240+0000] {processor.py:161} INFO - Started process (PID=3916) to work on /home/airflow/.local/lib/python3.8/site-packages/airflow/example_dags/example_branch_python_dop_operator_3.py
[2025-09-21T16:12:33.242+0000] {processor.py:830} INFO - Processing file /home/airflow/.local/lib/python3.8/site-packages/airflow/example_dags/example_branch_python_dop_operator_3.py for tasks to queue
[2025-09-21T16:12:33.245+0000] {logging_mixin.py:188} INFO - [2025-09-21T16:12:33.245+0000] {dagbag.py:538} INFO - Filling up the DagBag from /home/airflow/.local/lib/python3.8/site-packages/airflow/example_dags/example_branch_python_dop_operator_3.py
[2025-09-21T16:12:33.262+0000] {processor.py:840} INFO - DAG(s) 'example_branch_dop_operator_v3' retrieved from /home/airflow/.local/lib/python3.8/site-packages/airflow/example_dags/example_branch_python_dop_operator_3.py
[2025-09-21T16:12:33.297+0000] {logging_mixin.py:188} INFO - [2025-09-21T16:12:33.296+0000] {dag.py:3036} INFO - Sync 1 DAGs
[2025-09-21T16:12:33.346+0000] {logging_mixin.py:188} INFO - [2025-09-21T16:12:33.346+0000] {dag.py:3823} INFO - Setting next_dagrun for example_branch_dop_operator_v3 to 2025-09-21 16:11:00+00:00, run_after=2025-09-21 16:12:00+00:00
[2025-09-21T16:12:33.381+0000] {processor.py:183} INFO - Processing /home/airflow/.local/lib/python3.8/site-packages/airflow/example_dags/example_branch_python_dop_operator_3.py took 0.147 seconds
[2025-09-21T16:13:04.136+0000] {processor.py:161} INFO - Started process (PID=3974) to work on /home/airflow/.local/lib/python3.8/site-packages/airflow/example_dags/example_branch_python_dop_operator_3.py
[2025-09-21T16:13:04.138+0000] {processor.py:830} INFO - Processing file /home/airflow/.local/lib/python3.8/site-packages/airflow/example_dags/example_branch_python_dop_operator_3.py for tasks to queue
[2025-09-21T16:13:04.143+0000] {logging_mixin.py:188} INFO - [2025-09-21T16:13:04.143+0000] {dagbag.py:538} INFO - Filling up the DagBag from /home/airflow/.local/lib/python3.8/site-packages/airflow/example_dags/example_branch_python_dop_operator_3.py
[2025-09-21T16:13:04.162+0000] {processor.py:840} INFO - DAG(s) 'example_branch_dop_operator_v3' retrieved from /home/airflow/.local/lib/python3.8/site-packages/airflow/example_dags/example_branch_python_dop_operator_3.py
[2025-09-21T16:13:04.198+0000] {logging_mixin.py:188} INFO - [2025-09-21T16:13:04.197+0000] {dag.py:3036} INFO - Sync 1 DAGs
[2025-09-21T16:13:04.248+0000] {logging_mixin.py:188} INFO - [2025-09-21T16:13:04.248+0000] {dag.py:3823} INFO - Setting next_dagrun for example_branch_dop_operator_v3 to 2025-09-21 16:12:00+00:00, run_after=2025-09-21 16:13:00+00:00
[2025-09-21T16:13:04.288+0000] {processor.py:183} INFO - Processing /home/airflow/.local/lib/python3.8/site-packages/airflow/example_dags/example_branch_python_dop_operator_3.py took 0.159 seconds
[2025-09-21T16:13:34.661+0000] {processor.py:161} INFO - Started process (PID=4032) to work on /home/airflow/.local/lib/python3.8/site-packages/airflow/example_dags/example_branch_python_dop_operator_3.py
[2025-09-21T16:13:34.663+0000] {processor.py:830} INFO - Processing file /home/airflow/.local/lib/python3.8/site-packages/airflow/example_dags/example_branch_python_dop_operator_3.py for tasks to queue
[2025-09-21T16:13:34.671+0000] {logging_mixin.py:188} INFO - [2025-09-21T16:13:34.668+0000] {dagbag.py:538} INFO - Filling up the DagBag from /home/airflow/.local/lib/python3.8/site-packages/airflow/example_dags/example_branch_python_dop_operator_3.py
[2025-09-21T16:13:34.702+0000] {processor.py:840} INFO - DAG(s) 'example_branch_dop_operator_v3' retrieved from /home/airflow/.local/lib/python3.8/site-packages/airflow/example_dags/example_branch_python_dop_operator_3.py
[2025-09-21T16:13:34.775+0000] {logging_mixin.py:188} INFO - [2025-09-21T16:13:34.774+0000] {dag.py:3036} INFO - Sync 1 DAGs
[2025-09-21T16:13:34.926+0000] {logging_mixin.py:188} INFO - [2025-09-21T16:13:34.926+0000] {dag.py:3823} INFO - Setting next_dagrun for example_branch_dop_operator_v3 to 2025-09-21 16:12:00+00:00, run_after=2025-09-21 16:13:00+00:00
[2025-09-21T16:13:35.021+0000] {processor.py:183} INFO - Processing /home/airflow/.local/lib/python3.8/site-packages/airflow/example_dags/example_branch_python_dop_operator_3.py took 0.377 seconds
[2025-09-21T16:14:05.171+0000] {processor.py:161} INFO - Started process (PID=4090) to work on /home/airflow/.local/lib/python3.8/site-packages/airflow/example_dags/example_branch_python_dop_operator_3.py
[2025-09-21T16:14:05.173+0000] {processor.py:830} INFO - Processing file /home/airflow/.local/lib/python3.8/site-packages/airflow/example_dags/example_branch_python_dop_operator_3.py for tasks to queue
[2025-09-21T16:14:05.178+0000] {logging_mixin.py:188} INFO - [2025-09-21T16:14:05.178+0000] {dagbag.py:538} INFO - Filling up the DagBag from /home/airflow/.local/lib/python3.8/site-packages/airflow/example_dags/example_branch_python_dop_operator_3.py
[2025-09-21T16:14:05.201+0000] {processor.py:840} INFO - DAG(s) 'example_branch_dop_operator_v3' retrieved from /home/airflow/.local/lib/python3.8/site-packages/airflow/example_dags/example_branch_python_dop_operator_3.py
[2025-09-21T16:14:05.246+0000] {logging_mixin.py:188} INFO - [2025-09-21T16:14:05.246+0000] {dag.py:3036} INFO - Sync 1 DAGs
[2025-09-21T16:14:05.302+0000] {logging_mixin.py:188} INFO - [2025-09-21T16:14:05.302+0000] {dag.py:3823} INFO - Setting next_dagrun for example_branch_dop_operator_v3 to 2025-09-21 16:13:00+00:00, run_after=2025-09-21 16:14:00+00:00
[2025-09-21T16:14:05.344+0000] {processor.py:183} INFO - Processing /home/airflow/.local/lib/python3.8/site-packages/airflow/example_dags/example_branch_python_dop_operator_3.py took 0.180 seconds
[2025-09-21T16:14:35.449+0000] {processor.py:161} INFO - Started process (PID=4148) to work on /home/airflow/.local/lib/python3.8/site-packages/airflow/example_dags/example_branch_python_dop_operator_3.py
[2025-09-21T16:14:35.451+0000] {processor.py:830} INFO - Processing file /home/airflow/.local/lib/python3.8/site-packages/airflow/example_dags/example_branch_python_dop_operator_3.py for tasks to queue
[2025-09-21T16:14:35.455+0000] {logging_mixin.py:188} INFO - [2025-09-21T16:14:35.454+0000] {dagbag.py:538} INFO - Filling up the DagBag from /home/airflow/.local/lib/python3.8/site-packages/airflow/example_dags/example_branch_python_dop_operator_3.py
[2025-09-21T16:14:35.477+0000] {processor.py:840} INFO - DAG(s) 'example_branch_dop_operator_v3' retrieved from /home/airflow/.local/lib/python3.8/site-packages/airflow/example_dags/example_branch_python_dop_operator_3.py
[2025-09-21T16:14:35.520+0000] {logging_mixin.py:188} INFO - [2025-09-21T16:14:35.519+0000] {dag.py:3036} INFO - Sync 1 DAGs
[2025-09-21T16:14:35.583+0000] {logging_mixin.py:188} INFO - [2025-09-21T16:14:35.583+0000] {dag.py:3823} INFO - Setting next_dagrun for example_branch_dop_operator_v3 to 2025-09-21 16:13:00+00:00, run_after=2025-09-21 16:14:00+00:00
[2025-09-21T16:14:35.639+0000] {processor.py:183} INFO - Processing /home/airflow/.local/lib/python3.8/site-packages/airflow/example_dags/example_branch_python_dop_operator_3.py took 0.196 seconds
[2025-09-21T16:15:05.804+0000] {processor.py:161} INFO - Started process (PID=4206) to work on /home/airflow/.local/lib/python3.8/site-packages/airflow/example_dags/example_branch_python_dop_operator_3.py
[2025-09-21T16:15:05.806+0000] {processor.py:830} INFO - Processing file /home/airflow/.local/lib/python3.8/site-packages/airflow/example_dags/example_branch_python_dop_operator_3.py for tasks to queue
[2025-09-21T16:15:05.810+0000] {logging_mixin.py:188} INFO - [2025-09-21T16:15:05.809+0000] {dagbag.py:538} INFO - Filling up the DagBag from /home/airflow/.local/lib/python3.8/site-packages/airflow/example_dags/example_branch_python_dop_operator_3.py
[2025-09-21T16:15:05.831+0000] {processor.py:840} INFO - DAG(s) 'example_branch_dop_operator_v3' retrieved from /home/airflow/.local/lib/python3.8/site-packages/airflow/example_dags/example_branch_python_dop_operator_3.py
[2025-09-21T16:15:05.866+0000] {logging_mixin.py:188} INFO - [2025-09-21T16:15:05.866+0000] {dag.py:3036} INFO - Sync 1 DAGs
[2025-09-21T16:15:05.920+0000] {logging_mixin.py:188} INFO - [2025-09-21T16:15:05.920+0000] {dag.py:3823} INFO - Setting next_dagrun for example_branch_dop_operator_v3 to 2025-09-21 16:14:00+00:00, run_after=2025-09-21 16:15:00+00:00
[2025-09-21T16:15:05.955+0000] {processor.py:183} INFO - Processing /home/airflow/.local/lib/python3.8/site-packages/airflow/example_dags/example_branch_python_dop_operator_3.py took 0.157 seconds
[2025-09-21T16:15:36.235+0000] {processor.py:161} INFO - Started process (PID=4264) to work on /home/airflow/.local/lib/python3.8/site-packages/airflow/example_dags/example_branch_python_dop_operator_3.py
[2025-09-21T16:15:36.237+0000] {processor.py:830} INFO - Processing file /home/airflow/.local/lib/python3.8/site-packages/airflow/example_dags/example_branch_python_dop_operator_3.py for tasks to queue
[2025-09-21T16:15:36.241+0000] {logging_mixin.py:188} INFO - [2025-09-21T16:15:36.240+0000] {dagbag.py:538} INFO - Filling up the DagBag from /home/airflow/.local/lib/python3.8/site-packages/airflow/example_dags/example_branch_python_dop_operator_3.py
[2025-09-21T16:15:36.258+0000] {processor.py:840} INFO - DAG(s) 'example_branch_dop_operator_v3' retrieved from /home/airflow/.local/lib/python3.8/site-packages/airflow/example_dags/example_branch_python_dop_operator_3.py
[2025-09-21T16:15:36.294+0000] {logging_mixin.py:188} INFO - [2025-09-21T16:15:36.294+0000] {dag.py:3036} INFO - Sync 1 DAGs
[2025-09-21T16:15:36.348+0000] {logging_mixin.py:188} INFO - [2025-09-21T16:15:36.348+0000] {dag.py:3823} INFO - Setting next_dagrun for example_branch_dop_operator_v3 to 2025-09-21 16:14:00+00:00, run_after=2025-09-21 16:15:00+00:00
[2025-09-21T16:15:36.383+0000] {processor.py:183} INFO - Processing /home/airflow/.local/lib/python3.8/site-packages/airflow/example_dags/example_branch_python_dop_operator_3.py took 0.154 seconds
[2025-09-21T16:16:06.647+0000] {processor.py:161} INFO - Started process (PID=4322) to work on /home/airflow/.local/lib/python3.8/site-packages/airflow/example_dags/example_branch_python_dop_operator_3.py
[2025-09-21T16:16:06.649+0000] {processor.py:830} INFO - Processing file /home/airflow/.local/lib/python3.8/site-packages/airflow/example_dags/example_branch_python_dop_operator_3.py for tasks to queue
[2025-09-21T16:16:06.653+0000] {logging_mixin.py:188} INFO - [2025-09-21T16:16:06.652+0000] {dagbag.py:538} INFO - Filling up the DagBag from /home/airflow/.local/lib/python3.8/site-packages/airflow/example_dags/example_branch_python_dop_operator_3.py
[2025-09-21T16:16:06.669+0000] {processor.py:840} INFO - DAG(s) 'example_branch_dop_operator_v3' retrieved from /home/airflow/.local/lib/python3.8/site-packages/airflow/example_dags/example_branch_python_dop_operator_3.py
[2025-09-21T16:16:06.704+0000] {logging_mixin.py:188} INFO - [2025-09-21T16:16:06.704+0000] {dag.py:3036} INFO - Sync 1 DAGs
[2025-09-21T16:16:06.752+0000] {logging_mixin.py:188} INFO - [2025-09-21T16:16:06.751+0000] {dag.py:3823} INFO - Setting next_dagrun for example_branch_dop_operator_v3 to 2025-09-21 16:15:00+00:00, run_after=2025-09-21 16:16:00+00:00
[2025-09-21T16:16:06.786+0000] {processor.py:183} INFO - Processing /home/airflow/.local/lib/python3.8/site-packages/airflow/example_dags/example_branch_python_dop_operator_3.py took 0.144 seconds
[2025-09-21T16:16:37.088+0000] {processor.py:161} INFO - Started process (PID=4380) to work on /home/airflow/.local/lib/python3.8/site-packages/airflow/example_dags/example_branch_python_dop_operator_3.py
[2025-09-21T16:16:37.090+0000] {processor.py:830} INFO - Processing file /home/airflow/.local/lib/python3.8/site-packages/airflow/example_dags/example_branch_python_dop_operator_3.py for tasks to queue
[2025-09-21T16:16:37.094+0000] {logging_mixin.py:188} INFO - [2025-09-21T16:16:37.093+0000] {dagbag.py:538} INFO - Filling up the DagBag from /home/airflow/.local/lib/python3.8/site-packages/airflow/example_dags/example_branch_python_dop_operator_3.py
[2025-09-21T16:16:37.133+0000] {processor.py:840} INFO - DAG(s) 'example_branch_dop_operator_v3' retrieved from /home/airflow/.local/lib/python3.8/site-packages/airflow/example_dags/example_branch_python_dop_operator_3.py
[2025-09-21T16:16:37.178+0000] {logging_mixin.py:188} INFO - [2025-09-21T16:16:37.177+0000] {dag.py:3036} INFO - Sync 1 DAGs
[2025-09-21T16:16:37.232+0000] {logging_mixin.py:188} INFO - [2025-09-21T16:16:37.231+0000] {dag.py:3823} INFO - Setting next_dagrun for example_branch_dop_operator_v3 to 2025-09-21 16:15:00+00:00, run_after=2025-09-21 16:16:00+00:00
[2025-09-21T16:16:37.266+0000] {processor.py:183} INFO - Processing /home/airflow/.local/lib/python3.8/site-packages/airflow/example_dags/example_branch_python_dop_operator_3.py took 0.183 seconds
