[2025-09-21T11:12:50.616+0000] {processor.py:161} INFO - Started process (PID=65) to work on /home/airflow/.local/lib/python3.8/site-packages/airflow/example_dags/example_xcom.py
[2025-09-21T11:12:50.618+0000] {processor.py:830} INFO - Processing file /home/airflow/.local/lib/python3.8/site-packages/airflow/example_dags/example_xcom.py for tasks to queue
[2025-09-21T11:12:50.623+0000] {logging_mixin.py:188} INFO - [2025-09-21T11:12:50.622+0000] {dagbag.py:538} INFO - Filling up the DagBag from /home/airflow/.local/lib/python3.8/site-packages/airflow/example_dags/example_xcom.py
[2025-09-21T11:12:50.648+0000] {processor.py:840} INFO - DAG(s) 'example_xcom' retrieved from /home/airflow/.local/lib/python3.8/site-packages/airflow/example_dags/example_xcom.py
[2025-09-21T11:12:50.708+0000] {logging_mixin.py:188} INFO - [2025-09-21T11:12:50.707+0000] {dag.py:3036} INFO - Sync 1 DAGs
[2025-09-21T11:12:50.758+0000] {logging_mixin.py:188} INFO - [2025-09-21T11:12:50.758+0000] {dag.py:3823} INFO - Setting next_dagrun for example_xcom to 2021-01-01 00:00:00+00:00, run_after=2021-01-01 00:00:00+00:00
[2025-09-21T11:12:50.803+0000] {processor.py:183} INFO - Processing /home/airflow/.local/lib/python3.8/site-packages/airflow/example_dags/example_xcom.py took 0.195 seconds
[2025-09-21T11:13:21.334+0000] {processor.py:161} INFO - Started process (PID=121) to work on /home/airflow/.local/lib/python3.8/site-packages/airflow/example_dags/example_xcom.py
[2025-09-21T11:13:21.335+0000] {processor.py:830} INFO - Processing file /home/airflow/.local/lib/python3.8/site-packages/airflow/example_dags/example_xcom.py for tasks to queue
[2025-09-21T11:13:21.339+0000] {logging_mixin.py:188} INFO - [2025-09-21T11:13:21.338+0000] {dagbag.py:538} INFO - Filling up the DagBag from /home/airflow/.local/lib/python3.8/site-packages/airflow/example_dags/example_xcom.py
[2025-09-21T11:13:21.353+0000] {processor.py:840} INFO - DAG(s) 'example_xcom' retrieved from /home/airflow/.local/lib/python3.8/site-packages/airflow/example_dags/example_xcom.py
[2025-09-21T11:13:21.388+0000] {logging_mixin.py:188} INFO - [2025-09-21T11:13:21.388+0000] {dag.py:3036} INFO - Sync 1 DAGs
[2025-09-21T11:13:21.426+0000] {logging_mixin.py:188} INFO - [2025-09-21T11:13:21.425+0000] {dag.py:3823} INFO - Setting next_dagrun for example_xcom to 2021-01-01 00:00:00+00:00, run_after=2021-01-01 00:00:00+00:00
[2025-09-21T11:13:21.475+0000] {processor.py:183} INFO - Processing /home/airflow/.local/lib/python3.8/site-packages/airflow/example_dags/example_xcom.py took 0.147 seconds
[2025-09-21T11:13:51.603+0000] {processor.py:161} INFO - Started process (PID=179) to work on /home/airflow/.local/lib/python3.8/site-packages/airflow/example_dags/example_xcom.py
[2025-09-21T11:13:51.605+0000] {processor.py:830} INFO - Processing file /home/airflow/.local/lib/python3.8/site-packages/airflow/example_dags/example_xcom.py for tasks to queue
[2025-09-21T11:13:51.609+0000] {logging_mixin.py:188} INFO - [2025-09-21T11:13:51.609+0000] {dagbag.py:538} INFO - Filling up the DagBag from /home/airflow/.local/lib/python3.8/site-packages/airflow/example_dags/example_xcom.py
[2025-09-21T11:13:51.623+0000] {processor.py:840} INFO - DAG(s) 'example_xcom' retrieved from /home/airflow/.local/lib/python3.8/site-packages/airflow/example_dags/example_xcom.py
[2025-09-21T11:13:51.659+0000] {logging_mixin.py:188} INFO - [2025-09-21T11:13:51.659+0000] {dag.py:3036} INFO - Sync 1 DAGs
[2025-09-21T11:13:51.697+0000] {logging_mixin.py:188} INFO - [2025-09-21T11:13:51.696+0000] {dag.py:3823} INFO - Setting next_dagrun for example_xcom to 2021-01-01 00:00:00+00:00, run_after=2021-01-01 00:00:00+00:00
[2025-09-21T11:13:51.730+0000] {processor.py:183} INFO - Processing /home/airflow/.local/lib/python3.8/site-packages/airflow/example_dags/example_xcom.py took 0.136 seconds
[2025-09-21T11:14:21.922+0000] {processor.py:161} INFO - Started process (PID=237) to work on /home/airflow/.local/lib/python3.8/site-packages/airflow/example_dags/example_xcom.py
[2025-09-21T11:14:21.924+0000] {processor.py:830} INFO - Processing file /home/airflow/.local/lib/python3.8/site-packages/airflow/example_dags/example_xcom.py for tasks to queue
[2025-09-21T11:14:21.927+0000] {logging_mixin.py:188} INFO - [2025-09-21T11:14:21.927+0000] {dagbag.py:538} INFO - Filling up the DagBag from /home/airflow/.local/lib/python3.8/site-packages/airflow/example_dags/example_xcom.py
[2025-09-21T11:14:21.942+0000] {processor.py:840} INFO - DAG(s) 'example_xcom' retrieved from /home/airflow/.local/lib/python3.8/site-packages/airflow/example_dags/example_xcom.py
[2025-09-21T11:14:21.980+0000] {logging_mixin.py:188} INFO - [2025-09-21T11:14:21.980+0000] {dag.py:3036} INFO - Sync 1 DAGs
[2025-09-21T11:14:22.022+0000] {logging_mixin.py:188} INFO - [2025-09-21T11:14:22.022+0000] {dag.py:3823} INFO - Setting next_dagrun for example_xcom to 2021-01-01 00:00:00+00:00, run_after=2021-01-01 00:00:00+00:00
[2025-09-21T11:14:22.063+0000] {processor.py:183} INFO - Processing /home/airflow/.local/lib/python3.8/site-packages/airflow/example_dags/example_xcom.py took 0.146 seconds
[2025-09-21T11:14:52.292+0000] {processor.py:161} INFO - Started process (PID=295) to work on /home/airflow/.local/lib/python3.8/site-packages/airflow/example_dags/example_xcom.py
[2025-09-21T11:14:52.294+0000] {processor.py:830} INFO - Processing file /home/airflow/.local/lib/python3.8/site-packages/airflow/example_dags/example_xcom.py for tasks to queue
[2025-09-21T11:14:52.297+0000] {logging_mixin.py:188} INFO - [2025-09-21T11:14:52.296+0000] {dagbag.py:538} INFO - Filling up the DagBag from /home/airflow/.local/lib/python3.8/site-packages/airflow/example_dags/example_xcom.py
[2025-09-21T11:14:52.310+0000] {processor.py:840} INFO - DAG(s) 'example_xcom' retrieved from /home/airflow/.local/lib/python3.8/site-packages/airflow/example_dags/example_xcom.py
[2025-09-21T11:14:52.346+0000] {logging_mixin.py:188} INFO - [2025-09-21T11:14:52.346+0000] {dag.py:3036} INFO - Sync 1 DAGs
[2025-09-21T11:14:52.387+0000] {logging_mixin.py:188} INFO - [2025-09-21T11:14:52.386+0000] {dag.py:3823} INFO - Setting next_dagrun for example_xcom to 2021-01-01 00:00:00+00:00, run_after=2021-01-01 00:00:00+00:00
[2025-09-21T11:14:52.418+0000] {processor.py:183} INFO - Processing /home/airflow/.local/lib/python3.8/site-packages/airflow/example_dags/example_xcom.py took 0.132 seconds
[2025-09-21T11:15:22.617+0000] {processor.py:161} INFO - Started process (PID=354) to work on /home/airflow/.local/lib/python3.8/site-packages/airflow/example_dags/example_xcom.py
[2025-09-21T11:15:22.619+0000] {processor.py:830} INFO - Processing file /home/airflow/.local/lib/python3.8/site-packages/airflow/example_dags/example_xcom.py for tasks to queue
[2025-09-21T11:15:22.622+0000] {logging_mixin.py:188} INFO - [2025-09-21T11:15:22.621+0000] {dagbag.py:538} INFO - Filling up the DagBag from /home/airflow/.local/lib/python3.8/site-packages/airflow/example_dags/example_xcom.py
[2025-09-21T11:15:22.638+0000] {processor.py:840} INFO - DAG(s) 'example_xcom' retrieved from /home/airflow/.local/lib/python3.8/site-packages/airflow/example_dags/example_xcom.py
[2025-09-21T11:15:22.674+0000] {logging_mixin.py:188} INFO - [2025-09-21T11:15:22.674+0000] {dag.py:3036} INFO - Sync 1 DAGs
[2025-09-21T11:15:22.712+0000] {logging_mixin.py:188} INFO - [2025-09-21T11:15:22.711+0000] {dag.py:3823} INFO - Setting next_dagrun for example_xcom to 2021-01-01 00:00:00+00:00, run_after=2021-01-01 00:00:00+00:00
[2025-09-21T11:15:22.749+0000] {processor.py:183} INFO - Processing /home/airflow/.local/lib/python3.8/site-packages/airflow/example_dags/example_xcom.py took 0.138 seconds
[2025-09-21T11:15:53.175+0000] {processor.py:161} INFO - Started process (PID=412) to work on /home/airflow/.local/lib/python3.8/site-packages/airflow/example_dags/example_xcom.py
[2025-09-21T11:15:53.177+0000] {processor.py:830} INFO - Processing file /home/airflow/.local/lib/python3.8/site-packages/airflow/example_dags/example_xcom.py for tasks to queue
[2025-09-21T11:15:53.180+0000] {logging_mixin.py:188} INFO - [2025-09-21T11:15:53.180+0000] {dagbag.py:538} INFO - Filling up the DagBag from /home/airflow/.local/lib/python3.8/site-packages/airflow/example_dags/example_xcom.py
[2025-09-21T11:15:53.194+0000] {processor.py:840} INFO - DAG(s) 'example_xcom' retrieved from /home/airflow/.local/lib/python3.8/site-packages/airflow/example_dags/example_xcom.py
[2025-09-21T11:15:53.230+0000] {logging_mixin.py:188} INFO - [2025-09-21T11:15:53.229+0000] {dag.py:3036} INFO - Sync 1 DAGs
[2025-09-21T11:15:53.268+0000] {logging_mixin.py:188} INFO - [2025-09-21T11:15:53.267+0000] {dag.py:3823} INFO - Setting next_dagrun for example_xcom to 2021-01-01 00:00:00+00:00, run_after=2021-01-01 00:00:00+00:00
[2025-09-21T11:15:53.307+0000] {processor.py:183} INFO - Processing /home/airflow/.local/lib/python3.8/site-packages/airflow/example_dags/example_xcom.py took 0.137 seconds
[2025-09-21T11:16:23.530+0000] {processor.py:161} INFO - Started process (PID=471) to work on /home/airflow/.local/lib/python3.8/site-packages/airflow/example_dags/example_xcom.py
[2025-09-21T11:16:23.532+0000] {processor.py:830} INFO - Processing file /home/airflow/.local/lib/python3.8/site-packages/airflow/example_dags/example_xcom.py for tasks to queue
[2025-09-21T11:16:23.535+0000] {logging_mixin.py:188} INFO - [2025-09-21T11:16:23.535+0000] {dagbag.py:538} INFO - Filling up the DagBag from /home/airflow/.local/lib/python3.8/site-packages/airflow/example_dags/example_xcom.py
[2025-09-21T11:16:23.548+0000] {processor.py:840} INFO - DAG(s) 'example_xcom' retrieved from /home/airflow/.local/lib/python3.8/site-packages/airflow/example_dags/example_xcom.py
[2025-09-21T11:16:23.583+0000] {logging_mixin.py:188} INFO - [2025-09-21T11:16:23.583+0000] {dag.py:3036} INFO - Sync 1 DAGs
[2025-09-21T11:16:23.621+0000] {logging_mixin.py:188} INFO - [2025-09-21T11:16:23.621+0000] {dag.py:3823} INFO - Setting next_dagrun for example_xcom to 2021-01-01 00:00:00+00:00, run_after=2021-01-01 00:00:00+00:00
[2025-09-21T11:16:23.660+0000] {processor.py:183} INFO - Processing /home/airflow/.local/lib/python3.8/site-packages/airflow/example_dags/example_xcom.py took 0.135 seconds
[2025-09-21T11:16:53.814+0000] {processor.py:161} INFO - Started process (PID=529) to work on /home/airflow/.local/lib/python3.8/site-packages/airflow/example_dags/example_xcom.py
[2025-09-21T11:16:53.816+0000] {processor.py:830} INFO - Processing file /home/airflow/.local/lib/python3.8/site-packages/airflow/example_dags/example_xcom.py for tasks to queue
[2025-09-21T11:16:53.819+0000] {logging_mixin.py:188} INFO - [2025-09-21T11:16:53.819+0000] {dagbag.py:538} INFO - Filling up the DagBag from /home/airflow/.local/lib/python3.8/site-packages/airflow/example_dags/example_xcom.py
[2025-09-21T11:16:53.833+0000] {processor.py:840} INFO - DAG(s) 'example_xcom' retrieved from /home/airflow/.local/lib/python3.8/site-packages/airflow/example_dags/example_xcom.py
[2025-09-21T11:16:53.871+0000] {logging_mixin.py:188} INFO - [2025-09-21T11:16:53.871+0000] {dag.py:3036} INFO - Sync 1 DAGs
[2025-09-21T11:16:53.911+0000] {logging_mixin.py:188} INFO - [2025-09-21T11:16:53.911+0000] {dag.py:3823} INFO - Setting next_dagrun for example_xcom to 2021-01-01 00:00:00+00:00, run_after=2021-01-01 00:00:00+00:00
[2025-09-21T11:16:53.946+0000] {processor.py:183} INFO - Processing /home/airflow/.local/lib/python3.8/site-packages/airflow/example_dags/example_xcom.py took 0.137 seconds
[2025-09-21T11:17:24.184+0000] {processor.py:161} INFO - Started process (PID=587) to work on /home/airflow/.local/lib/python3.8/site-packages/airflow/example_dags/example_xcom.py
[2025-09-21T11:17:24.186+0000] {processor.py:830} INFO - Processing file /home/airflow/.local/lib/python3.8/site-packages/airflow/example_dags/example_xcom.py for tasks to queue
[2025-09-21T11:17:24.189+0000] {logging_mixin.py:188} INFO - [2025-09-21T11:17:24.189+0000] {dagbag.py:538} INFO - Filling up the DagBag from /home/airflow/.local/lib/python3.8/site-packages/airflow/example_dags/example_xcom.py
[2025-09-21T11:17:24.203+0000] {processor.py:840} INFO - DAG(s) 'example_xcom' retrieved from /home/airflow/.local/lib/python3.8/site-packages/airflow/example_dags/example_xcom.py
[2025-09-21T11:17:24.242+0000] {logging_mixin.py:188} INFO - [2025-09-21T11:17:24.241+0000] {dag.py:3036} INFO - Sync 1 DAGs
[2025-09-21T11:17:24.281+0000] {logging_mixin.py:188} INFO - [2025-09-21T11:17:24.280+0000] {dag.py:3823} INFO - Setting next_dagrun for example_xcom to 2021-01-01 00:00:00+00:00, run_after=2021-01-01 00:00:00+00:00
[2025-09-21T11:17:24.321+0000] {processor.py:183} INFO - Processing /home/airflow/.local/lib/python3.8/site-packages/airflow/example_dags/example_xcom.py took 0.142 seconds
[2025-09-21T11:17:54.477+0000] {processor.py:161} INFO - Started process (PID=645) to work on /home/airflow/.local/lib/python3.8/site-packages/airflow/example_dags/example_xcom.py
[2025-09-21T11:17:54.479+0000] {processor.py:830} INFO - Processing file /home/airflow/.local/lib/python3.8/site-packages/airflow/example_dags/example_xcom.py for tasks to queue
[2025-09-21T11:17:54.483+0000] {logging_mixin.py:188} INFO - [2025-09-21T11:17:54.482+0000] {dagbag.py:538} INFO - Filling up the DagBag from /home/airflow/.local/lib/python3.8/site-packages/airflow/example_dags/example_xcom.py
[2025-09-21T11:17:54.495+0000] {processor.py:840} INFO - DAG(s) 'example_xcom' retrieved from /home/airflow/.local/lib/python3.8/site-packages/airflow/example_dags/example_xcom.py
[2025-09-21T11:17:54.530+0000] {logging_mixin.py:188} INFO - [2025-09-21T11:17:54.530+0000] {dag.py:3036} INFO - Sync 1 DAGs
[2025-09-21T11:17:54.566+0000] {logging_mixin.py:188} INFO - [2025-09-21T11:17:54.566+0000] {dag.py:3823} INFO - Setting next_dagrun for example_xcom to 2021-01-01 00:00:00+00:00, run_after=2021-01-01 00:00:00+00:00
[2025-09-21T11:17:54.604+0000] {processor.py:183} INFO - Processing /home/airflow/.local/lib/python3.8/site-packages/airflow/example_dags/example_xcom.py took 0.135 seconds
[2025-09-21T11:18:25.551+0000] {processor.py:161} INFO - Started process (PID=703) to work on /home/airflow/.local/lib/python3.8/site-packages/airflow/example_dags/example_xcom.py
[2025-09-21T11:18:25.553+0000] {processor.py:830} INFO - Processing file /home/airflow/.local/lib/python3.8/site-packages/airflow/example_dags/example_xcom.py for tasks to queue
[2025-09-21T11:18:25.557+0000] {logging_mixin.py:188} INFO - [2025-09-21T11:18:25.556+0000] {dagbag.py:538} INFO - Filling up the DagBag from /home/airflow/.local/lib/python3.8/site-packages/airflow/example_dags/example_xcom.py
[2025-09-21T11:18:25.571+0000] {processor.py:840} INFO - DAG(s) 'example_xcom' retrieved from /home/airflow/.local/lib/python3.8/site-packages/airflow/example_dags/example_xcom.py
[2025-09-21T11:18:25.607+0000] {logging_mixin.py:188} INFO - [2025-09-21T11:18:25.607+0000] {dag.py:3036} INFO - Sync 1 DAGs
[2025-09-21T11:18:25.655+0000] {logging_mixin.py:188} INFO - [2025-09-21T11:18:25.655+0000] {dag.py:3823} INFO - Setting next_dagrun for example_xcom to 2021-01-01 00:00:00+00:00, run_after=2021-01-01 00:00:00+00:00
[2025-09-21T11:18:25.693+0000] {processor.py:183} INFO - Processing /home/airflow/.local/lib/python3.8/site-packages/airflow/example_dags/example_xcom.py took 0.149 seconds
[2025-09-21T11:18:56.309+0000] {processor.py:161} INFO - Started process (PID=761) to work on /home/airflow/.local/lib/python3.8/site-packages/airflow/example_dags/example_xcom.py
[2025-09-21T11:18:56.310+0000] {processor.py:830} INFO - Processing file /home/airflow/.local/lib/python3.8/site-packages/airflow/example_dags/example_xcom.py for tasks to queue
[2025-09-21T11:18:56.314+0000] {logging_mixin.py:188} INFO - [2025-09-21T11:18:56.313+0000] {dagbag.py:538} INFO - Filling up the DagBag from /home/airflow/.local/lib/python3.8/site-packages/airflow/example_dags/example_xcom.py
[2025-09-21T11:18:56.328+0000] {processor.py:840} INFO - DAG(s) 'example_xcom' retrieved from /home/airflow/.local/lib/python3.8/site-packages/airflow/example_dags/example_xcom.py
[2025-09-21T11:18:56.366+0000] {logging_mixin.py:188} INFO - [2025-09-21T11:18:56.365+0000] {dag.py:3036} INFO - Sync 1 DAGs
[2025-09-21T11:18:56.406+0000] {logging_mixin.py:188} INFO - [2025-09-21T11:18:56.405+0000] {dag.py:3823} INFO - Setting next_dagrun for example_xcom to 2021-01-01 00:00:00+00:00, run_after=2021-01-01 00:00:00+00:00
[2025-09-21T11:18:56.440+0000] {processor.py:183} INFO - Processing /home/airflow/.local/lib/python3.8/site-packages/airflow/example_dags/example_xcom.py took 0.137 seconds
[2025-09-21T11:19:26.618+0000] {processor.py:161} INFO - Started process (PID=819) to work on /home/airflow/.local/lib/python3.8/site-packages/airflow/example_dags/example_xcom.py
[2025-09-21T11:19:26.620+0000] {processor.py:830} INFO - Processing file /home/airflow/.local/lib/python3.8/site-packages/airflow/example_dags/example_xcom.py for tasks to queue
[2025-09-21T11:19:26.623+0000] {logging_mixin.py:188} INFO - [2025-09-21T11:19:26.623+0000] {dagbag.py:538} INFO - Filling up the DagBag from /home/airflow/.local/lib/python3.8/site-packages/airflow/example_dags/example_xcom.py
[2025-09-21T11:19:26.637+0000] {processor.py:840} INFO - DAG(s) 'example_xcom' retrieved from /home/airflow/.local/lib/python3.8/site-packages/airflow/example_dags/example_xcom.py
[2025-09-21T11:19:26.676+0000] {logging_mixin.py:188} INFO - [2025-09-21T11:19:26.675+0000] {dag.py:3036} INFO - Sync 1 DAGs
[2025-09-21T11:19:26.718+0000] {logging_mixin.py:188} INFO - [2025-09-21T11:19:26.718+0000] {dag.py:3823} INFO - Setting next_dagrun for example_xcom to 2021-01-01 00:00:00+00:00, run_after=2021-01-01 00:00:00+00:00
[2025-09-21T11:19:26.758+0000] {processor.py:183} INFO - Processing /home/airflow/.local/lib/python3.8/site-packages/airflow/example_dags/example_xcom.py took 0.145 seconds
[2025-09-21T11:19:57.123+0000] {processor.py:161} INFO - Started process (PID=877) to work on /home/airflow/.local/lib/python3.8/site-packages/airflow/example_dags/example_xcom.py
[2025-09-21T11:19:57.125+0000] {processor.py:830} INFO - Processing file /home/airflow/.local/lib/python3.8/site-packages/airflow/example_dags/example_xcom.py for tasks to queue
[2025-09-21T11:19:57.128+0000] {logging_mixin.py:188} INFO - [2025-09-21T11:19:57.127+0000] {dagbag.py:538} INFO - Filling up the DagBag from /home/airflow/.local/lib/python3.8/site-packages/airflow/example_dags/example_xcom.py
[2025-09-21T11:19:57.141+0000] {processor.py:840} INFO - DAG(s) 'example_xcom' retrieved from /home/airflow/.local/lib/python3.8/site-packages/airflow/example_dags/example_xcom.py
[2025-09-21T11:19:57.183+0000] {logging_mixin.py:188} INFO - [2025-09-21T11:19:57.182+0000] {dag.py:3036} INFO - Sync 1 DAGs
[2025-09-21T11:19:57.220+0000] {logging_mixin.py:188} INFO - [2025-09-21T11:19:57.219+0000] {dag.py:3823} INFO - Setting next_dagrun for example_xcom to 2021-01-01 00:00:00+00:00, run_after=2021-01-01 00:00:00+00:00
[2025-09-21T11:19:57.267+0000] {processor.py:183} INFO - Processing /home/airflow/.local/lib/python3.8/site-packages/airflow/example_dags/example_xcom.py took 0.150 seconds
[2025-09-21T11:20:27.881+0000] {processor.py:161} INFO - Started process (PID=935) to work on /home/airflow/.local/lib/python3.8/site-packages/airflow/example_dags/example_xcom.py
[2025-09-21T11:20:27.883+0000] {processor.py:830} INFO - Processing file /home/airflow/.local/lib/python3.8/site-packages/airflow/example_dags/example_xcom.py for tasks to queue
[2025-09-21T11:20:27.886+0000] {logging_mixin.py:188} INFO - [2025-09-21T11:20:27.886+0000] {dagbag.py:538} INFO - Filling up the DagBag from /home/airflow/.local/lib/python3.8/site-packages/airflow/example_dags/example_xcom.py
[2025-09-21T11:20:27.900+0000] {processor.py:840} INFO - DAG(s) 'example_xcom' retrieved from /home/airflow/.local/lib/python3.8/site-packages/airflow/example_dags/example_xcom.py
[2025-09-21T11:20:27.940+0000] {logging_mixin.py:188} INFO - [2025-09-21T11:20:27.940+0000] {dag.py:3036} INFO - Sync 1 DAGs
[2025-09-21T11:20:27.978+0000] {logging_mixin.py:188} INFO - [2025-09-21T11:20:27.977+0000] {dag.py:3823} INFO - Setting next_dagrun for example_xcom to 2021-01-01 00:00:00+00:00, run_after=2021-01-01 00:00:00+00:00
[2025-09-21T11:20:28.019+0000] {processor.py:183} INFO - Processing /home/airflow/.local/lib/python3.8/site-packages/airflow/example_dags/example_xcom.py took 0.143 seconds
[2025-09-21T11:20:58.612+0000] {processor.py:161} INFO - Started process (PID=993) to work on /home/airflow/.local/lib/python3.8/site-packages/airflow/example_dags/example_xcom.py
[2025-09-21T11:20:58.614+0000] {processor.py:830} INFO - Processing file /home/airflow/.local/lib/python3.8/site-packages/airflow/example_dags/example_xcom.py for tasks to queue
[2025-09-21T11:20:58.617+0000] {logging_mixin.py:188} INFO - [2025-09-21T11:20:58.616+0000] {dagbag.py:538} INFO - Filling up the DagBag from /home/airflow/.local/lib/python3.8/site-packages/airflow/example_dags/example_xcom.py
[2025-09-21T11:20:58.630+0000] {processor.py:840} INFO - DAG(s) 'example_xcom' retrieved from /home/airflow/.local/lib/python3.8/site-packages/airflow/example_dags/example_xcom.py
[2025-09-21T11:20:58.668+0000] {logging_mixin.py:188} INFO - [2025-09-21T11:20:58.667+0000] {dag.py:3036} INFO - Sync 1 DAGs
[2025-09-21T11:20:58.705+0000] {logging_mixin.py:188} INFO - [2025-09-21T11:20:58.705+0000] {dag.py:3823} INFO - Setting next_dagrun for example_xcom to 2021-01-01 00:00:00+00:00, run_after=2021-01-01 00:00:00+00:00
[2025-09-21T11:20:58.744+0000] {processor.py:183} INFO - Processing /home/airflow/.local/lib/python3.8/site-packages/airflow/example_dags/example_xcom.py took 0.138 seconds
[2025-09-21T11:21:29.272+0000] {processor.py:161} INFO - Started process (PID=1051) to work on /home/airflow/.local/lib/python3.8/site-packages/airflow/example_dags/example_xcom.py
[2025-09-21T11:21:29.274+0000] {processor.py:830} INFO - Processing file /home/airflow/.local/lib/python3.8/site-packages/airflow/example_dags/example_xcom.py for tasks to queue
[2025-09-21T11:21:29.279+0000] {logging_mixin.py:188} INFO - [2025-09-21T11:21:29.278+0000] {dagbag.py:538} INFO - Filling up the DagBag from /home/airflow/.local/lib/python3.8/site-packages/airflow/example_dags/example_xcom.py
[2025-09-21T11:21:29.296+0000] {processor.py:840} INFO - DAG(s) 'example_xcom' retrieved from /home/airflow/.local/lib/python3.8/site-packages/airflow/example_dags/example_xcom.py
[2025-09-21T11:21:29.341+0000] {logging_mixin.py:188} INFO - [2025-09-21T11:21:29.340+0000] {dag.py:3036} INFO - Sync 1 DAGs
[2025-09-21T11:21:29.379+0000] {logging_mixin.py:188} INFO - [2025-09-21T11:21:29.378+0000] {dag.py:3823} INFO - Setting next_dagrun for example_xcom to 2021-01-01 00:00:00+00:00, run_after=2021-01-01 00:00:00+00:00
[2025-09-21T11:21:29.413+0000] {processor.py:183} INFO - Processing /home/airflow/.local/lib/python3.8/site-packages/airflow/example_dags/example_xcom.py took 0.146 seconds
[2025-09-21T11:21:59.794+0000] {processor.py:161} INFO - Started process (PID=1109) to work on /home/airflow/.local/lib/python3.8/site-packages/airflow/example_dags/example_xcom.py
[2025-09-21T11:21:59.796+0000] {processor.py:830} INFO - Processing file /home/airflow/.local/lib/python3.8/site-packages/airflow/example_dags/example_xcom.py for tasks to queue
[2025-09-21T11:21:59.799+0000] {logging_mixin.py:188} INFO - [2025-09-21T11:21:59.799+0000] {dagbag.py:538} INFO - Filling up the DagBag from /home/airflow/.local/lib/python3.8/site-packages/airflow/example_dags/example_xcom.py
[2025-09-21T11:21:59.813+0000] {processor.py:840} INFO - DAG(s) 'example_xcom' retrieved from /home/airflow/.local/lib/python3.8/site-packages/airflow/example_dags/example_xcom.py
[2025-09-21T11:21:59.849+0000] {logging_mixin.py:188} INFO - [2025-09-21T11:21:59.848+0000] {dag.py:3036} INFO - Sync 1 DAGs
[2025-09-21T11:21:59.885+0000] {logging_mixin.py:188} INFO - [2025-09-21T11:21:59.885+0000] {dag.py:3823} INFO - Setting next_dagrun for example_xcom to 2021-01-01 00:00:00+00:00, run_after=2021-01-01 00:00:00+00:00
[2025-09-21T11:21:59.926+0000] {processor.py:183} INFO - Processing /home/airflow/.local/lib/python3.8/site-packages/airflow/example_dags/example_xcom.py took 0.138 seconds
[2025-09-21T11:22:30.050+0000] {processor.py:161} INFO - Started process (PID=1167) to work on /home/airflow/.local/lib/python3.8/site-packages/airflow/example_dags/example_xcom.py
[2025-09-21T11:22:30.052+0000] {processor.py:830} INFO - Processing file /home/airflow/.local/lib/python3.8/site-packages/airflow/example_dags/example_xcom.py for tasks to queue
[2025-09-21T11:22:30.056+0000] {logging_mixin.py:188} INFO - [2025-09-21T11:22:30.055+0000] {dagbag.py:538} INFO - Filling up the DagBag from /home/airflow/.local/lib/python3.8/site-packages/airflow/example_dags/example_xcom.py
[2025-09-21T11:22:30.069+0000] {processor.py:840} INFO - DAG(s) 'example_xcom' retrieved from /home/airflow/.local/lib/python3.8/site-packages/airflow/example_dags/example_xcom.py
[2025-09-21T11:22:30.109+0000] {logging_mixin.py:188} INFO - [2025-09-21T11:22:30.109+0000] {dag.py:3036} INFO - Sync 1 DAGs
[2025-09-21T11:22:30.148+0000] {logging_mixin.py:188} INFO - [2025-09-21T11:22:30.147+0000] {dag.py:3823} INFO - Setting next_dagrun for example_xcom to 2021-01-01 00:00:00+00:00, run_after=2021-01-01 00:00:00+00:00
[2025-09-21T11:22:30.186+0000] {processor.py:183} INFO - Processing /home/airflow/.local/lib/python3.8/site-packages/airflow/example_dags/example_xcom.py took 0.141 seconds
[2025-09-21T11:23:00.803+0000] {processor.py:161} INFO - Started process (PID=1225) to work on /home/airflow/.local/lib/python3.8/site-packages/airflow/example_dags/example_xcom.py
[2025-09-21T11:23:00.805+0000] {processor.py:830} INFO - Processing file /home/airflow/.local/lib/python3.8/site-packages/airflow/example_dags/example_xcom.py for tasks to queue
[2025-09-21T11:23:00.809+0000] {logging_mixin.py:188} INFO - [2025-09-21T11:23:00.808+0000] {dagbag.py:538} INFO - Filling up the DagBag from /home/airflow/.local/lib/python3.8/site-packages/airflow/example_dags/example_xcom.py
[2025-09-21T11:23:00.825+0000] {processor.py:840} INFO - DAG(s) 'example_xcom' retrieved from /home/airflow/.local/lib/python3.8/site-packages/airflow/example_dags/example_xcom.py
[2025-09-21T11:23:00.866+0000] {logging_mixin.py:188} INFO - [2025-09-21T11:23:00.865+0000] {dag.py:3036} INFO - Sync 1 DAGs
[2025-09-21T11:23:00.915+0000] {logging_mixin.py:188} INFO - [2025-09-21T11:23:00.915+0000] {dag.py:3823} INFO - Setting next_dagrun for example_xcom to 2021-01-01 00:00:00+00:00, run_after=2021-01-01 00:00:00+00:00
[2025-09-21T11:23:00.953+0000] {processor.py:183} INFO - Processing /home/airflow/.local/lib/python3.8/site-packages/airflow/example_dags/example_xcom.py took 0.156 seconds
[2025-09-21T11:23:31.498+0000] {processor.py:161} INFO - Started process (PID=1283) to work on /home/airflow/.local/lib/python3.8/site-packages/airflow/example_dags/example_xcom.py
[2025-09-21T11:23:31.499+0000] {processor.py:830} INFO - Processing file /home/airflow/.local/lib/python3.8/site-packages/airflow/example_dags/example_xcom.py for tasks to queue
[2025-09-21T11:23:31.503+0000] {logging_mixin.py:188} INFO - [2025-09-21T11:23:31.502+0000] {dagbag.py:538} INFO - Filling up the DagBag from /home/airflow/.local/lib/python3.8/site-packages/airflow/example_dags/example_xcom.py
[2025-09-21T11:23:31.516+0000] {processor.py:840} INFO - DAG(s) 'example_xcom' retrieved from /home/airflow/.local/lib/python3.8/site-packages/airflow/example_dags/example_xcom.py
[2025-09-21T11:23:31.553+0000] {logging_mixin.py:188} INFO - [2025-09-21T11:23:31.552+0000] {dag.py:3036} INFO - Sync 1 DAGs
[2025-09-21T11:23:31.590+0000] {logging_mixin.py:188} INFO - [2025-09-21T11:23:31.589+0000] {dag.py:3823} INFO - Setting next_dagrun for example_xcom to 2021-01-01 00:00:00+00:00, run_after=2021-01-01 00:00:00+00:00
[2025-09-21T11:23:31.629+0000] {processor.py:183} INFO - Processing /home/airflow/.local/lib/python3.8/site-packages/airflow/example_dags/example_xcom.py took 0.137 seconds
[2025-09-21T11:24:02.187+0000] {processor.py:161} INFO - Started process (PID=1341) to work on /home/airflow/.local/lib/python3.8/site-packages/airflow/example_dags/example_xcom.py
[2025-09-21T11:24:02.189+0000] {processor.py:830} INFO - Processing file /home/airflow/.local/lib/python3.8/site-packages/airflow/example_dags/example_xcom.py for tasks to queue
[2025-09-21T11:24:02.192+0000] {logging_mixin.py:188} INFO - [2025-09-21T11:24:02.192+0000] {dagbag.py:538} INFO - Filling up the DagBag from /home/airflow/.local/lib/python3.8/site-packages/airflow/example_dags/example_xcom.py
[2025-09-21T11:24:02.206+0000] {processor.py:840} INFO - DAG(s) 'example_xcom' retrieved from /home/airflow/.local/lib/python3.8/site-packages/airflow/example_dags/example_xcom.py
[2025-09-21T11:24:02.243+0000] {logging_mixin.py:188} INFO - [2025-09-21T11:24:02.243+0000] {dag.py:3036} INFO - Sync 1 DAGs
[2025-09-21T11:24:02.283+0000] {logging_mixin.py:188} INFO - [2025-09-21T11:24:02.282+0000] {dag.py:3823} INFO - Setting next_dagrun for example_xcom to 2021-01-01 00:00:00+00:00, run_after=2021-01-01 00:00:00+00:00
[2025-09-21T11:24:02.323+0000] {processor.py:183} INFO - Processing /home/airflow/.local/lib/python3.8/site-packages/airflow/example_dags/example_xcom.py took 0.144 seconds
[2025-09-21T11:24:32.627+0000] {processor.py:161} INFO - Started process (PID=1399) to work on /home/airflow/.local/lib/python3.8/site-packages/airflow/example_dags/example_xcom.py
[2025-09-21T11:24:32.651+0000] {processor.py:830} INFO - Processing file /home/airflow/.local/lib/python3.8/site-packages/airflow/example_dags/example_xcom.py for tasks to queue
[2025-09-21T11:24:32.672+0000] {logging_mixin.py:188} INFO - [2025-09-21T11:24:32.672+0000] {dagbag.py:538} INFO - Filling up the DagBag from /home/airflow/.local/lib/python3.8/site-packages/airflow/example_dags/example_xcom.py
[2025-09-21T11:24:32.691+0000] {processor.py:840} INFO - DAG(s) 'example_xcom' retrieved from /home/airflow/.local/lib/python3.8/site-packages/airflow/example_dags/example_xcom.py
[2025-09-21T11:24:32.730+0000] {logging_mixin.py:188} INFO - [2025-09-21T11:24:32.730+0000] {dag.py:3036} INFO - Sync 1 DAGs
[2025-09-21T11:24:32.768+0000] {logging_mixin.py:188} INFO - [2025-09-21T11:24:32.767+0000] {dag.py:3823} INFO - Setting next_dagrun for example_xcom to 2021-01-01 00:00:00+00:00, run_after=2021-01-01 00:00:00+00:00
[2025-09-21T11:24:32.798+0000] {processor.py:183} INFO - Processing /home/airflow/.local/lib/python3.8/site-packages/airflow/example_dags/example_xcom.py took 0.184 seconds
[2025-09-21T11:25:03.143+0000] {processor.py:161} INFO - Started process (PID=1457) to work on /home/airflow/.local/lib/python3.8/site-packages/airflow/example_dags/example_xcom.py
[2025-09-21T11:25:03.145+0000] {processor.py:830} INFO - Processing file /home/airflow/.local/lib/python3.8/site-packages/airflow/example_dags/example_xcom.py for tasks to queue
[2025-09-21T11:25:03.148+0000] {logging_mixin.py:188} INFO - [2025-09-21T11:25:03.147+0000] {dagbag.py:538} INFO - Filling up the DagBag from /home/airflow/.local/lib/python3.8/site-packages/airflow/example_dags/example_xcom.py
[2025-09-21T11:25:03.164+0000] {processor.py:840} INFO - DAG(s) 'example_xcom' retrieved from /home/airflow/.local/lib/python3.8/site-packages/airflow/example_dags/example_xcom.py
[2025-09-21T11:25:03.200+0000] {logging_mixin.py:188} INFO - [2025-09-21T11:25:03.200+0000] {dag.py:3036} INFO - Sync 1 DAGs
[2025-09-21T11:25:03.241+0000] {logging_mixin.py:188} INFO - [2025-09-21T11:25:03.240+0000] {dag.py:3823} INFO - Setting next_dagrun for example_xcom to 2021-01-01 00:00:00+00:00, run_after=2021-01-01 00:00:00+00:00
[2025-09-21T11:25:03.279+0000] {processor.py:183} INFO - Processing /home/airflow/.local/lib/python3.8/site-packages/airflow/example_dags/example_xcom.py took 0.142 seconds
[2025-09-21T11:25:33.848+0000] {processor.py:161} INFO - Started process (PID=1515) to work on /home/airflow/.local/lib/python3.8/site-packages/airflow/example_dags/example_xcom.py
[2025-09-21T11:25:33.850+0000] {processor.py:830} INFO - Processing file /home/airflow/.local/lib/python3.8/site-packages/airflow/example_dags/example_xcom.py for tasks to queue
[2025-09-21T11:25:33.853+0000] {logging_mixin.py:188} INFO - [2025-09-21T11:25:33.853+0000] {dagbag.py:538} INFO - Filling up the DagBag from /home/airflow/.local/lib/python3.8/site-packages/airflow/example_dags/example_xcom.py
[2025-09-21T11:25:33.869+0000] {processor.py:840} INFO - DAG(s) 'example_xcom' retrieved from /home/airflow/.local/lib/python3.8/site-packages/airflow/example_dags/example_xcom.py
[2025-09-21T11:25:33.905+0000] {logging_mixin.py:188} INFO - [2025-09-21T11:25:33.904+0000] {dag.py:3036} INFO - Sync 1 DAGs
[2025-09-21T11:25:33.943+0000] {logging_mixin.py:188} INFO - [2025-09-21T11:25:33.943+0000] {dag.py:3823} INFO - Setting next_dagrun for example_xcom to 2021-01-01 00:00:00+00:00, run_after=2021-01-01 00:00:00+00:00
[2025-09-21T11:25:33.977+0000] {processor.py:183} INFO - Processing /home/airflow/.local/lib/python3.8/site-packages/airflow/example_dags/example_xcom.py took 0.137 seconds
[2025-09-21T11:26:04.454+0000] {processor.py:161} INFO - Started process (PID=1573) to work on /home/airflow/.local/lib/python3.8/site-packages/airflow/example_dags/example_xcom.py
[2025-09-21T11:26:04.456+0000] {processor.py:830} INFO - Processing file /home/airflow/.local/lib/python3.8/site-packages/airflow/example_dags/example_xcom.py for tasks to queue
[2025-09-21T11:26:04.460+0000] {logging_mixin.py:188} INFO - [2025-09-21T11:26:04.459+0000] {dagbag.py:538} INFO - Filling up the DagBag from /home/airflow/.local/lib/python3.8/site-packages/airflow/example_dags/example_xcom.py
[2025-09-21T11:26:04.474+0000] {processor.py:840} INFO - DAG(s) 'example_xcom' retrieved from /home/airflow/.local/lib/python3.8/site-packages/airflow/example_dags/example_xcom.py
[2025-09-21T11:26:04.514+0000] {logging_mixin.py:188} INFO - [2025-09-21T11:26:04.513+0000] {dag.py:3036} INFO - Sync 1 DAGs
[2025-09-21T11:26:04.556+0000] {logging_mixin.py:188} INFO - [2025-09-21T11:26:04.556+0000] {dag.py:3823} INFO - Setting next_dagrun for example_xcom to 2021-01-01 00:00:00+00:00, run_after=2021-01-01 00:00:00+00:00
[2025-09-21T11:26:04.596+0000] {processor.py:183} INFO - Processing /home/airflow/.local/lib/python3.8/site-packages/airflow/example_dags/example_xcom.py took 0.147 seconds
[2025-09-21T11:26:35.121+0000] {processor.py:161} INFO - Started process (PID=1631) to work on /home/airflow/.local/lib/python3.8/site-packages/airflow/example_dags/example_xcom.py
[2025-09-21T11:26:35.122+0000] {processor.py:830} INFO - Processing file /home/airflow/.local/lib/python3.8/site-packages/airflow/example_dags/example_xcom.py for tasks to queue
[2025-09-21T11:26:35.125+0000] {logging_mixin.py:188} INFO - [2025-09-21T11:26:35.125+0000] {dagbag.py:538} INFO - Filling up the DagBag from /home/airflow/.local/lib/python3.8/site-packages/airflow/example_dags/example_xcom.py
[2025-09-21T11:26:35.139+0000] {processor.py:840} INFO - DAG(s) 'example_xcom' retrieved from /home/airflow/.local/lib/python3.8/site-packages/airflow/example_dags/example_xcom.py
[2025-09-21T11:26:35.176+0000] {logging_mixin.py:188} INFO - [2025-09-21T11:26:35.176+0000] {dag.py:3036} INFO - Sync 1 DAGs
[2025-09-21T11:26:35.220+0000] {logging_mixin.py:188} INFO - [2025-09-21T11:26:35.220+0000] {dag.py:3823} INFO - Setting next_dagrun for example_xcom to 2021-01-01 00:00:00+00:00, run_after=2021-01-01 00:00:00+00:00
[2025-09-21T11:26:35.254+0000] {processor.py:183} INFO - Processing /home/airflow/.local/lib/python3.8/site-packages/airflow/example_dags/example_xcom.py took 0.139 seconds
[2025-09-21T11:27:05.921+0000] {processor.py:161} INFO - Started process (PID=1689) to work on /home/airflow/.local/lib/python3.8/site-packages/airflow/example_dags/example_xcom.py
[2025-09-21T11:27:05.923+0000] {processor.py:830} INFO - Processing file /home/airflow/.local/lib/python3.8/site-packages/airflow/example_dags/example_xcom.py for tasks to queue
[2025-09-21T11:27:05.926+0000] {logging_mixin.py:188} INFO - [2025-09-21T11:27:05.926+0000] {dagbag.py:538} INFO - Filling up the DagBag from /home/airflow/.local/lib/python3.8/site-packages/airflow/example_dags/example_xcom.py
[2025-09-21T11:27:05.940+0000] {processor.py:840} INFO - DAG(s) 'example_xcom' retrieved from /home/airflow/.local/lib/python3.8/site-packages/airflow/example_dags/example_xcom.py
[2025-09-21T11:27:05.976+0000] {logging_mixin.py:188} INFO - [2025-09-21T11:27:05.976+0000] {dag.py:3036} INFO - Sync 1 DAGs
[2025-09-21T11:27:06.017+0000] {logging_mixin.py:188} INFO - [2025-09-21T11:27:06.017+0000] {dag.py:3823} INFO - Setting next_dagrun for example_xcom to 2021-01-01 00:00:00+00:00, run_after=2021-01-01 00:00:00+00:00
[2025-09-21T11:27:06.056+0000] {processor.py:183} INFO - Processing /home/airflow/.local/lib/python3.8/site-packages/airflow/example_dags/example_xcom.py took 0.141 seconds
[2025-09-21T11:27:36.521+0000] {processor.py:161} INFO - Started process (PID=1747) to work on /home/airflow/.local/lib/python3.8/site-packages/airflow/example_dags/example_xcom.py
[2025-09-21T11:27:36.523+0000] {processor.py:830} INFO - Processing file /home/airflow/.local/lib/python3.8/site-packages/airflow/example_dags/example_xcom.py for tasks to queue
[2025-09-21T11:27:36.527+0000] {logging_mixin.py:188} INFO - [2025-09-21T11:27:36.526+0000] {dagbag.py:538} INFO - Filling up the DagBag from /home/airflow/.local/lib/python3.8/site-packages/airflow/example_dags/example_xcom.py
[2025-09-21T11:27:36.539+0000] {processor.py:840} INFO - DAG(s) 'example_xcom' retrieved from /home/airflow/.local/lib/python3.8/site-packages/airflow/example_dags/example_xcom.py
[2025-09-21T11:27:36.580+0000] {logging_mixin.py:188} INFO - [2025-09-21T11:27:36.579+0000] {dag.py:3036} INFO - Sync 1 DAGs
[2025-09-21T11:27:36.621+0000] {logging_mixin.py:188} INFO - [2025-09-21T11:27:36.620+0000] {dag.py:3823} INFO - Setting next_dagrun for example_xcom to 2021-01-01 00:00:00+00:00, run_after=2021-01-01 00:00:00+00:00
[2025-09-21T11:27:36.660+0000] {processor.py:183} INFO - Processing /home/airflow/.local/lib/python3.8/site-packages/airflow/example_dags/example_xcom.py took 0.145 seconds
[2025-09-21T11:28:07.122+0000] {processor.py:161} INFO - Started process (PID=1805) to work on /home/airflow/.local/lib/python3.8/site-packages/airflow/example_dags/example_xcom.py
[2025-09-21T11:28:07.125+0000] {processor.py:830} INFO - Processing file /home/airflow/.local/lib/python3.8/site-packages/airflow/example_dags/example_xcom.py for tasks to queue
[2025-09-21T11:28:07.128+0000] {logging_mixin.py:188} INFO - [2025-09-21T11:28:07.128+0000] {dagbag.py:538} INFO - Filling up the DagBag from /home/airflow/.local/lib/python3.8/site-packages/airflow/example_dags/example_xcom.py
[2025-09-21T11:28:07.145+0000] {processor.py:840} INFO - DAG(s) 'example_xcom' retrieved from /home/airflow/.local/lib/python3.8/site-packages/airflow/example_dags/example_xcom.py
[2025-09-21T11:28:07.183+0000] {logging_mixin.py:188} INFO - [2025-09-21T11:28:07.183+0000] {dag.py:3036} INFO - Sync 1 DAGs
[2025-09-21T11:28:07.221+0000] {logging_mixin.py:188} INFO - [2025-09-21T11:28:07.221+0000] {dag.py:3823} INFO - Setting next_dagrun for example_xcom to 2021-01-01 00:00:00+00:00, run_after=2021-01-01 00:00:00+00:00
[2025-09-21T11:28:07.260+0000] {processor.py:183} INFO - Processing /home/airflow/.local/lib/python3.8/site-packages/airflow/example_dags/example_xcom.py took 0.144 seconds
[2025-09-21T11:28:37.909+0000] {processor.py:161} INFO - Started process (PID=1869) to work on /home/airflow/.local/lib/python3.8/site-packages/airflow/example_dags/example_xcom.py
[2025-09-21T11:28:37.911+0000] {processor.py:830} INFO - Processing file /home/airflow/.local/lib/python3.8/site-packages/airflow/example_dags/example_xcom.py for tasks to queue
[2025-09-21T11:28:37.915+0000] {logging_mixin.py:188} INFO - [2025-09-21T11:28:37.914+0000] {dagbag.py:538} INFO - Filling up the DagBag from /home/airflow/.local/lib/python3.8/site-packages/airflow/example_dags/example_xcom.py
[2025-09-21T11:28:37.934+0000] {processor.py:840} INFO - DAG(s) 'example_xcom' retrieved from /home/airflow/.local/lib/python3.8/site-packages/airflow/example_dags/example_xcom.py
[2025-09-21T11:28:37.970+0000] {logging_mixin.py:188} INFO - [2025-09-21T11:28:37.970+0000] {dag.py:3036} INFO - Sync 1 DAGs
[2025-09-21T11:28:38.008+0000] {logging_mixin.py:188} INFO - [2025-09-21T11:28:38.008+0000] {dag.py:3823} INFO - Setting next_dagrun for example_xcom to 2021-01-01 00:00:00+00:00, run_after=2021-01-01 00:00:00+00:00
[2025-09-21T11:28:38.048+0000] {processor.py:183} INFO - Processing /home/airflow/.local/lib/python3.8/site-packages/airflow/example_dags/example_xcom.py took 0.145 seconds
[2025-09-21T11:29:08.420+0000] {processor.py:161} INFO - Started process (PID=1928) to work on /home/airflow/.local/lib/python3.8/site-packages/airflow/example_dags/example_xcom.py
[2025-09-21T11:29:08.422+0000] {processor.py:830} INFO - Processing file /home/airflow/.local/lib/python3.8/site-packages/airflow/example_dags/example_xcom.py for tasks to queue
[2025-09-21T11:29:08.425+0000] {logging_mixin.py:188} INFO - [2025-09-21T11:29:08.425+0000] {dagbag.py:538} INFO - Filling up the DagBag from /home/airflow/.local/lib/python3.8/site-packages/airflow/example_dags/example_xcom.py
[2025-09-21T11:29:08.440+0000] {processor.py:840} INFO - DAG(s) 'example_xcom' retrieved from /home/airflow/.local/lib/python3.8/site-packages/airflow/example_dags/example_xcom.py
[2025-09-21T11:29:08.480+0000] {logging_mixin.py:188} INFO - [2025-09-21T11:29:08.479+0000] {dag.py:3036} INFO - Sync 1 DAGs
[2025-09-21T11:29:08.517+0000] {logging_mixin.py:188} INFO - [2025-09-21T11:29:08.517+0000] {dag.py:3823} INFO - Setting next_dagrun for example_xcom to 2021-01-01 00:00:00+00:00, run_after=2021-01-01 00:00:00+00:00
[2025-09-21T11:29:08.556+0000] {processor.py:183} INFO - Processing /home/airflow/.local/lib/python3.8/site-packages/airflow/example_dags/example_xcom.py took 0.142 seconds
[2025-09-21T11:29:38.941+0000] {processor.py:161} INFO - Started process (PID=1986) to work on /home/airflow/.local/lib/python3.8/site-packages/airflow/example_dags/example_xcom.py
[2025-09-21T11:29:38.942+0000] {processor.py:830} INFO - Processing file /home/airflow/.local/lib/python3.8/site-packages/airflow/example_dags/example_xcom.py for tasks to queue
[2025-09-21T11:29:38.946+0000] {logging_mixin.py:188} INFO - [2025-09-21T11:29:38.945+0000] {dagbag.py:538} INFO - Filling up the DagBag from /home/airflow/.local/lib/python3.8/site-packages/airflow/example_dags/example_xcom.py
[2025-09-21T11:29:38.961+0000] {processor.py:840} INFO - DAG(s) 'example_xcom' retrieved from /home/airflow/.local/lib/python3.8/site-packages/airflow/example_dags/example_xcom.py
[2025-09-21T11:29:38.997+0000] {logging_mixin.py:188} INFO - [2025-09-21T11:29:38.997+0000] {dag.py:3036} INFO - Sync 1 DAGs
[2025-09-21T11:29:39.039+0000] {logging_mixin.py:188} INFO - [2025-09-21T11:29:39.039+0000] {dag.py:3823} INFO - Setting next_dagrun for example_xcom to 2021-01-01 00:00:00+00:00, run_after=2021-01-01 00:00:00+00:00
[2025-09-21T11:29:39.077+0000] {processor.py:183} INFO - Processing /home/airflow/.local/lib/python3.8/site-packages/airflow/example_dags/example_xcom.py took 0.142 seconds
[2025-09-21T11:30:09.277+0000] {processor.py:161} INFO - Started process (PID=2044) to work on /home/airflow/.local/lib/python3.8/site-packages/airflow/example_dags/example_xcom.py
[2025-09-21T11:30:09.279+0000] {processor.py:830} INFO - Processing file /home/airflow/.local/lib/python3.8/site-packages/airflow/example_dags/example_xcom.py for tasks to queue
[2025-09-21T11:30:09.283+0000] {logging_mixin.py:188} INFO - [2025-09-21T11:30:09.282+0000] {dagbag.py:538} INFO - Filling up the DagBag from /home/airflow/.local/lib/python3.8/site-packages/airflow/example_dags/example_xcom.py
[2025-09-21T11:30:09.296+0000] {processor.py:840} INFO - DAG(s) 'example_xcom' retrieved from /home/airflow/.local/lib/python3.8/site-packages/airflow/example_dags/example_xcom.py
[2025-09-21T11:30:09.334+0000] {logging_mixin.py:188} INFO - [2025-09-21T11:30:09.333+0000] {dag.py:3036} INFO - Sync 1 DAGs
[2025-09-21T11:30:09.387+0000] {logging_mixin.py:188} INFO - [2025-09-21T11:30:09.386+0000] {dag.py:3823} INFO - Setting next_dagrun for example_xcom to 2021-01-01 00:00:00+00:00, run_after=2021-01-01 00:00:00+00:00
[2025-09-21T11:30:09.435+0000] {processor.py:183} INFO - Processing /home/airflow/.local/lib/python3.8/site-packages/airflow/example_dags/example_xcom.py took 0.163 seconds
[2025-09-21T11:30:39.646+0000] {processor.py:161} INFO - Started process (PID=2102) to work on /home/airflow/.local/lib/python3.8/site-packages/airflow/example_dags/example_xcom.py
[2025-09-21T11:30:39.650+0000] {processor.py:830} INFO - Processing file /home/airflow/.local/lib/python3.8/site-packages/airflow/example_dags/example_xcom.py for tasks to queue
[2025-09-21T11:30:39.655+0000] {logging_mixin.py:188} INFO - [2025-09-21T11:30:39.655+0000] {dagbag.py:538} INFO - Filling up the DagBag from /home/airflow/.local/lib/python3.8/site-packages/airflow/example_dags/example_xcom.py
[2025-09-21T11:30:39.672+0000] {processor.py:840} INFO - DAG(s) 'example_xcom' retrieved from /home/airflow/.local/lib/python3.8/site-packages/airflow/example_dags/example_xcom.py
[2025-09-21T11:30:39.711+0000] {logging_mixin.py:188} INFO - [2025-09-21T11:30:39.711+0000] {dag.py:3036} INFO - Sync 1 DAGs
[2025-09-21T11:30:39.756+0000] {logging_mixin.py:188} INFO - [2025-09-21T11:30:39.756+0000] {dag.py:3823} INFO - Setting next_dagrun for example_xcom to 2021-01-01 00:00:00+00:00, run_after=2021-01-01 00:00:00+00:00
[2025-09-21T11:30:39.795+0000] {processor.py:183} INFO - Processing /home/airflow/.local/lib/python3.8/site-packages/airflow/example_dags/example_xcom.py took 0.156 seconds
[2025-09-21T11:31:10.565+0000] {processor.py:161} INFO - Started process (PID=2158) to work on /home/airflow/.local/lib/python3.8/site-packages/airflow/example_dags/example_xcom.py
[2025-09-21T11:31:10.567+0000] {processor.py:830} INFO - Processing file /home/airflow/.local/lib/python3.8/site-packages/airflow/example_dags/example_xcom.py for tasks to queue
[2025-09-21T11:31:10.571+0000] {logging_mixin.py:188} INFO - [2025-09-21T11:31:10.570+0000] {dagbag.py:538} INFO - Filling up the DagBag from /home/airflow/.local/lib/python3.8/site-packages/airflow/example_dags/example_xcom.py
[2025-09-21T11:31:10.584+0000] {processor.py:840} INFO - DAG(s) 'example_xcom' retrieved from /home/airflow/.local/lib/python3.8/site-packages/airflow/example_dags/example_xcom.py
[2025-09-21T11:31:10.628+0000] {logging_mixin.py:188} INFO - [2025-09-21T11:31:10.626+0000] {dag.py:3036} INFO - Sync 1 DAGs
[2025-09-21T11:31:10.667+0000] {logging_mixin.py:188} INFO - [2025-09-21T11:31:10.667+0000] {dag.py:3823} INFO - Setting next_dagrun for example_xcom to 2021-01-01 00:00:00+00:00, run_after=2021-01-01 00:00:00+00:00
[2025-09-21T11:31:10.704+0000] {processor.py:183} INFO - Processing /home/airflow/.local/lib/python3.8/site-packages/airflow/example_dags/example_xcom.py took 0.148 seconds
[2025-09-21T11:31:41.103+0000] {processor.py:161} INFO - Started process (PID=2216) to work on /home/airflow/.local/lib/python3.8/site-packages/airflow/example_dags/example_xcom.py
[2025-09-21T11:31:41.105+0000] {processor.py:830} INFO - Processing file /home/airflow/.local/lib/python3.8/site-packages/airflow/example_dags/example_xcom.py for tasks to queue
[2025-09-21T11:31:41.108+0000] {logging_mixin.py:188} INFO - [2025-09-21T11:31:41.107+0000] {dagbag.py:538} INFO - Filling up the DagBag from /home/airflow/.local/lib/python3.8/site-packages/airflow/example_dags/example_xcom.py
[2025-09-21T11:31:41.121+0000] {processor.py:840} INFO - DAG(s) 'example_xcom' retrieved from /home/airflow/.local/lib/python3.8/site-packages/airflow/example_dags/example_xcom.py
[2025-09-21T11:31:41.159+0000] {logging_mixin.py:188} INFO - [2025-09-21T11:31:41.158+0000] {dag.py:3036} INFO - Sync 1 DAGs
[2025-09-21T11:31:41.197+0000] {logging_mixin.py:188} INFO - [2025-09-21T11:31:41.196+0000] {dag.py:3823} INFO - Setting next_dagrun for example_xcom to 2021-01-01 00:00:00+00:00, run_after=2021-01-01 00:00:00+00:00
[2025-09-21T11:31:41.235+0000] {processor.py:183} INFO - Processing /home/airflow/.local/lib/python3.8/site-packages/airflow/example_dags/example_xcom.py took 0.139 seconds
[2025-09-21T11:32:11.382+0000] {processor.py:161} INFO - Started process (PID=2274) to work on /home/airflow/.local/lib/python3.8/site-packages/airflow/example_dags/example_xcom.py
[2025-09-21T11:32:11.385+0000] {processor.py:830} INFO - Processing file /home/airflow/.local/lib/python3.8/site-packages/airflow/example_dags/example_xcom.py for tasks to queue
[2025-09-21T11:32:11.388+0000] {logging_mixin.py:188} INFO - [2025-09-21T11:32:11.388+0000] {dagbag.py:538} INFO - Filling up the DagBag from /home/airflow/.local/lib/python3.8/site-packages/airflow/example_dags/example_xcom.py
[2025-09-21T11:32:11.402+0000] {processor.py:840} INFO - DAG(s) 'example_xcom' retrieved from /home/airflow/.local/lib/python3.8/site-packages/airflow/example_dags/example_xcom.py
[2025-09-21T11:32:11.439+0000] {logging_mixin.py:188} INFO - [2025-09-21T11:32:11.439+0000] {dag.py:3036} INFO - Sync 1 DAGs
[2025-09-21T11:32:11.478+0000] {logging_mixin.py:188} INFO - [2025-09-21T11:32:11.477+0000] {dag.py:3823} INFO - Setting next_dagrun for example_xcom to 2021-01-01 00:00:00+00:00, run_after=2021-01-01 00:00:00+00:00
[2025-09-21T11:32:11.518+0000] {processor.py:183} INFO - Processing /home/airflow/.local/lib/python3.8/site-packages/airflow/example_dags/example_xcom.py took 0.143 seconds
[2025-09-21T11:32:41.918+0000] {processor.py:161} INFO - Started process (PID=2332) to work on /home/airflow/.local/lib/python3.8/site-packages/airflow/example_dags/example_xcom.py
[2025-09-21T11:32:41.920+0000] {processor.py:830} INFO - Processing file /home/airflow/.local/lib/python3.8/site-packages/airflow/example_dags/example_xcom.py for tasks to queue
[2025-09-21T11:32:41.923+0000] {logging_mixin.py:188} INFO - [2025-09-21T11:32:41.923+0000] {dagbag.py:538} INFO - Filling up the DagBag from /home/airflow/.local/lib/python3.8/site-packages/airflow/example_dags/example_xcom.py
[2025-09-21T11:32:41.939+0000] {processor.py:840} INFO - DAG(s) 'example_xcom' retrieved from /home/airflow/.local/lib/python3.8/site-packages/airflow/example_dags/example_xcom.py
[2025-09-21T11:32:41.976+0000] {logging_mixin.py:188} INFO - [2025-09-21T11:32:41.976+0000] {dag.py:3036} INFO - Sync 1 DAGs
[2025-09-21T11:32:42.015+0000] {logging_mixin.py:188} INFO - [2025-09-21T11:32:42.015+0000] {dag.py:3823} INFO - Setting next_dagrun for example_xcom to 2021-01-01 00:00:00+00:00, run_after=2021-01-01 00:00:00+00:00
[2025-09-21T11:32:42.053+0000] {processor.py:183} INFO - Processing /home/airflow/.local/lib/python3.8/site-packages/airflow/example_dags/example_xcom.py took 0.141 seconds
[2025-09-21T11:33:12.330+0000] {processor.py:161} INFO - Started process (PID=2388) to work on /home/airflow/.local/lib/python3.8/site-packages/airflow/example_dags/example_xcom.py
[2025-09-21T11:33:12.332+0000] {processor.py:830} INFO - Processing file /home/airflow/.local/lib/python3.8/site-packages/airflow/example_dags/example_xcom.py for tasks to queue
[2025-09-21T11:33:12.336+0000] {logging_mixin.py:188} INFO - [2025-09-21T11:33:12.335+0000] {dagbag.py:538} INFO - Filling up the DagBag from /home/airflow/.local/lib/python3.8/site-packages/airflow/example_dags/example_xcom.py
[2025-09-21T11:33:12.349+0000] {processor.py:840} INFO - DAG(s) 'example_xcom' retrieved from /home/airflow/.local/lib/python3.8/site-packages/airflow/example_dags/example_xcom.py
[2025-09-21T11:33:12.388+0000] {logging_mixin.py:188} INFO - [2025-09-21T11:33:12.387+0000] {dag.py:3036} INFO - Sync 1 DAGs
[2025-09-21T11:33:12.427+0000] {logging_mixin.py:188} INFO - [2025-09-21T11:33:12.426+0000] {dag.py:3823} INFO - Setting next_dagrun for example_xcom to 2021-01-01 00:00:00+00:00, run_after=2021-01-01 00:00:00+00:00
[2025-09-21T11:33:12.464+0000] {processor.py:183} INFO - Processing /home/airflow/.local/lib/python3.8/site-packages/airflow/example_dags/example_xcom.py took 0.143 seconds
[2025-09-21T11:33:42.644+0000] {processor.py:161} INFO - Started process (PID=2446) to work on /home/airflow/.local/lib/python3.8/site-packages/airflow/example_dags/example_xcom.py
[2025-09-21T11:33:42.646+0000] {processor.py:830} INFO - Processing file /home/airflow/.local/lib/python3.8/site-packages/airflow/example_dags/example_xcom.py for tasks to queue
[2025-09-21T11:33:42.650+0000] {logging_mixin.py:188} INFO - [2025-09-21T11:33:42.649+0000] {dagbag.py:538} INFO - Filling up the DagBag from /home/airflow/.local/lib/python3.8/site-packages/airflow/example_dags/example_xcom.py
[2025-09-21T11:33:42.664+0000] {processor.py:840} INFO - DAG(s) 'example_xcom' retrieved from /home/airflow/.local/lib/python3.8/site-packages/airflow/example_dags/example_xcom.py
[2025-09-21T11:33:42.703+0000] {logging_mixin.py:188} INFO - [2025-09-21T11:33:42.703+0000] {dag.py:3036} INFO - Sync 1 DAGs
[2025-09-21T11:33:42.745+0000] {logging_mixin.py:188} INFO - [2025-09-21T11:33:42.745+0000] {dag.py:3823} INFO - Setting next_dagrun for example_xcom to 2021-01-01 00:00:00+00:00, run_after=2021-01-01 00:00:00+00:00
[2025-09-21T11:33:42.783+0000] {processor.py:183} INFO - Processing /home/airflow/.local/lib/python3.8/site-packages/airflow/example_dags/example_xcom.py took 0.144 seconds
[2025-09-21T11:34:12.968+0000] {processor.py:161} INFO - Started process (PID=2504) to work on /home/airflow/.local/lib/python3.8/site-packages/airflow/example_dags/example_xcom.py
[2025-09-21T11:34:12.970+0000] {processor.py:830} INFO - Processing file /home/airflow/.local/lib/python3.8/site-packages/airflow/example_dags/example_xcom.py for tasks to queue
[2025-09-21T11:34:12.973+0000] {logging_mixin.py:188} INFO - [2025-09-21T11:34:12.973+0000] {dagbag.py:538} INFO - Filling up the DagBag from /home/airflow/.local/lib/python3.8/site-packages/airflow/example_dags/example_xcom.py
[2025-09-21T11:34:12.987+0000] {processor.py:840} INFO - DAG(s) 'example_xcom' retrieved from /home/airflow/.local/lib/python3.8/site-packages/airflow/example_dags/example_xcom.py
[2025-09-21T11:34:13.023+0000] {logging_mixin.py:188} INFO - [2025-09-21T11:34:13.022+0000] {dag.py:3036} INFO - Sync 1 DAGs
[2025-09-21T11:34:13.061+0000] {logging_mixin.py:188} INFO - [2025-09-21T11:34:13.060+0000] {dag.py:3823} INFO - Setting next_dagrun for example_xcom to 2021-01-01 00:00:00+00:00, run_after=2021-01-01 00:00:00+00:00
[2025-09-21T11:34:13.096+0000] {processor.py:183} INFO - Processing /home/airflow/.local/lib/python3.8/site-packages/airflow/example_dags/example_xcom.py took 0.134 seconds
[2025-09-21T11:34:43.246+0000] {processor.py:161} INFO - Started process (PID=2562) to work on /home/airflow/.local/lib/python3.8/site-packages/airflow/example_dags/example_xcom.py
[2025-09-21T11:34:43.248+0000] {processor.py:830} INFO - Processing file /home/airflow/.local/lib/python3.8/site-packages/airflow/example_dags/example_xcom.py for tasks to queue
[2025-09-21T11:34:43.251+0000] {logging_mixin.py:188} INFO - [2025-09-21T11:34:43.251+0000] {dagbag.py:538} INFO - Filling up the DagBag from /home/airflow/.local/lib/python3.8/site-packages/airflow/example_dags/example_xcom.py
[2025-09-21T11:34:43.269+0000] {processor.py:840} INFO - DAG(s) 'example_xcom' retrieved from /home/airflow/.local/lib/python3.8/site-packages/airflow/example_dags/example_xcom.py
[2025-09-21T11:34:43.306+0000] {logging_mixin.py:188} INFO - [2025-09-21T11:34:43.305+0000] {dag.py:3036} INFO - Sync 1 DAGs
[2025-09-21T11:34:43.345+0000] {logging_mixin.py:188} INFO - [2025-09-21T11:34:43.345+0000] {dag.py:3823} INFO - Setting next_dagrun for example_xcom to 2021-01-01 00:00:00+00:00, run_after=2021-01-01 00:00:00+00:00
[2025-09-21T11:34:43.385+0000] {processor.py:183} INFO - Processing /home/airflow/.local/lib/python3.8/site-packages/airflow/example_dags/example_xcom.py took 0.144 seconds
[2025-09-21T11:35:13.709+0000] {processor.py:161} INFO - Started process (PID=2620) to work on /home/airflow/.local/lib/python3.8/site-packages/airflow/example_dags/example_xcom.py
[2025-09-21T11:35:13.711+0000] {processor.py:830} INFO - Processing file /home/airflow/.local/lib/python3.8/site-packages/airflow/example_dags/example_xcom.py for tasks to queue
[2025-09-21T11:35:13.714+0000] {logging_mixin.py:188} INFO - [2025-09-21T11:35:13.713+0000] {dagbag.py:538} INFO - Filling up the DagBag from /home/airflow/.local/lib/python3.8/site-packages/airflow/example_dags/example_xcom.py
[2025-09-21T11:35:13.728+0000] {processor.py:840} INFO - DAG(s) 'example_xcom' retrieved from /home/airflow/.local/lib/python3.8/site-packages/airflow/example_dags/example_xcom.py
[2025-09-21T11:35:13.764+0000] {logging_mixin.py:188} INFO - [2025-09-21T11:35:13.764+0000] {dag.py:3036} INFO - Sync 1 DAGs
[2025-09-21T11:35:13.805+0000] {logging_mixin.py:188} INFO - [2025-09-21T11:35:13.805+0000] {dag.py:3823} INFO - Setting next_dagrun for example_xcom to 2021-01-01 00:00:00+00:00, run_after=2021-01-01 00:00:00+00:00
[2025-09-21T11:35:13.844+0000] {processor.py:183} INFO - Processing /home/airflow/.local/lib/python3.8/site-packages/airflow/example_dags/example_xcom.py took 0.141 seconds
[2025-09-21T11:35:44.243+0000] {processor.py:161} INFO - Started process (PID=2678) to work on /home/airflow/.local/lib/python3.8/site-packages/airflow/example_dags/example_xcom.py
[2025-09-21T11:35:44.245+0000] {processor.py:830} INFO - Processing file /home/airflow/.local/lib/python3.8/site-packages/airflow/example_dags/example_xcom.py for tasks to queue
[2025-09-21T11:35:44.248+0000] {logging_mixin.py:188} INFO - [2025-09-21T11:35:44.248+0000] {dagbag.py:538} INFO - Filling up the DagBag from /home/airflow/.local/lib/python3.8/site-packages/airflow/example_dags/example_xcom.py
[2025-09-21T11:35:44.262+0000] {processor.py:840} INFO - DAG(s) 'example_xcom' retrieved from /home/airflow/.local/lib/python3.8/site-packages/airflow/example_dags/example_xcom.py
[2025-09-21T11:35:44.300+0000] {logging_mixin.py:188} INFO - [2025-09-21T11:35:44.300+0000] {dag.py:3036} INFO - Sync 1 DAGs
[2025-09-21T11:35:44.341+0000] {logging_mixin.py:188} INFO - [2025-09-21T11:35:44.341+0000] {dag.py:3823} INFO - Setting next_dagrun for example_xcom to 2021-01-01 00:00:00+00:00, run_after=2021-01-01 00:00:00+00:00
[2025-09-21T11:35:44.379+0000] {processor.py:183} INFO - Processing /home/airflow/.local/lib/python3.8/site-packages/airflow/example_dags/example_xcom.py took 0.140 seconds
[2025-09-21T11:36:14.578+0000] {processor.py:161} INFO - Started process (PID=2736) to work on /home/airflow/.local/lib/python3.8/site-packages/airflow/example_dags/example_xcom.py
[2025-09-21T11:36:14.580+0000] {processor.py:830} INFO - Processing file /home/airflow/.local/lib/python3.8/site-packages/airflow/example_dags/example_xcom.py for tasks to queue
[2025-09-21T11:36:14.584+0000] {logging_mixin.py:188} INFO - [2025-09-21T11:36:14.583+0000] {dagbag.py:538} INFO - Filling up the DagBag from /home/airflow/.local/lib/python3.8/site-packages/airflow/example_dags/example_xcom.py
[2025-09-21T11:36:14.598+0000] {processor.py:840} INFO - DAG(s) 'example_xcom' retrieved from /home/airflow/.local/lib/python3.8/site-packages/airflow/example_dags/example_xcom.py
[2025-09-21T11:36:14.637+0000] {logging_mixin.py:188} INFO - [2025-09-21T11:36:14.637+0000] {dag.py:3036} INFO - Sync 1 DAGs
[2025-09-21T11:36:14.680+0000] {logging_mixin.py:188} INFO - [2025-09-21T11:36:14.680+0000] {dag.py:3823} INFO - Setting next_dagrun for example_xcom to 2021-01-01 00:00:00+00:00, run_after=2021-01-01 00:00:00+00:00
[2025-09-21T11:36:14.718+0000] {processor.py:183} INFO - Processing /home/airflow/.local/lib/python3.8/site-packages/airflow/example_dags/example_xcom.py took 0.145 seconds
[2025-09-21T11:36:45.062+0000] {processor.py:161} INFO - Started process (PID=2794) to work on /home/airflow/.local/lib/python3.8/site-packages/airflow/example_dags/example_xcom.py
[2025-09-21T11:36:45.064+0000] {processor.py:830} INFO - Processing file /home/airflow/.local/lib/python3.8/site-packages/airflow/example_dags/example_xcom.py for tasks to queue
[2025-09-21T11:36:45.067+0000] {logging_mixin.py:188} INFO - [2025-09-21T11:36:45.066+0000] {dagbag.py:538} INFO - Filling up the DagBag from /home/airflow/.local/lib/python3.8/site-packages/airflow/example_dags/example_xcom.py
[2025-09-21T11:36:45.080+0000] {processor.py:840} INFO - DAG(s) 'example_xcom' retrieved from /home/airflow/.local/lib/python3.8/site-packages/airflow/example_dags/example_xcom.py
[2025-09-21T11:36:45.117+0000] {logging_mixin.py:188} INFO - [2025-09-21T11:36:45.117+0000] {dag.py:3036} INFO - Sync 1 DAGs
[2025-09-21T11:36:45.160+0000] {logging_mixin.py:188} INFO - [2025-09-21T11:36:45.159+0000] {dag.py:3823} INFO - Setting next_dagrun for example_xcom to 2021-01-01 00:00:00+00:00, run_after=2021-01-01 00:00:00+00:00
[2025-09-21T11:36:45.201+0000] {processor.py:183} INFO - Processing /home/airflow/.local/lib/python3.8/site-packages/airflow/example_dags/example_xcom.py took 0.144 seconds
[2025-09-21T11:37:15.814+0000] {processor.py:161} INFO - Started process (PID=2852) to work on /home/airflow/.local/lib/python3.8/site-packages/airflow/example_dags/example_xcom.py
[2025-09-21T11:37:15.816+0000] {processor.py:830} INFO - Processing file /home/airflow/.local/lib/python3.8/site-packages/airflow/example_dags/example_xcom.py for tasks to queue
[2025-09-21T11:37:15.820+0000] {logging_mixin.py:188} INFO - [2025-09-21T11:37:15.819+0000] {dagbag.py:538} INFO - Filling up the DagBag from /home/airflow/.local/lib/python3.8/site-packages/airflow/example_dags/example_xcom.py
[2025-09-21T11:37:15.839+0000] {processor.py:840} INFO - DAG(s) 'example_xcom' retrieved from /home/airflow/.local/lib/python3.8/site-packages/airflow/example_dags/example_xcom.py
[2025-09-21T11:37:15.896+0000] {logging_mixin.py:188} INFO - [2025-09-21T11:37:15.895+0000] {dag.py:3036} INFO - Sync 1 DAGs
[2025-09-21T11:37:15.956+0000] {logging_mixin.py:188} INFO - [2025-09-21T11:37:15.956+0000] {dag.py:3823} INFO - Setting next_dagrun for example_xcom to 2021-01-01 00:00:00+00:00, run_after=2021-01-01 00:00:00+00:00
[2025-09-21T11:37:16.008+0000] {processor.py:183} INFO - Processing /home/airflow/.local/lib/python3.8/site-packages/airflow/example_dags/example_xcom.py took 0.202 seconds
[2025-09-21T11:37:46.117+0000] {processor.py:161} INFO - Started process (PID=2910) to work on /home/airflow/.local/lib/python3.8/site-packages/airflow/example_dags/example_xcom.py
[2025-09-21T11:37:46.119+0000] {processor.py:830} INFO - Processing file /home/airflow/.local/lib/python3.8/site-packages/airflow/example_dags/example_xcom.py for tasks to queue
[2025-09-21T11:37:46.122+0000] {logging_mixin.py:188} INFO - [2025-09-21T11:37:46.121+0000] {dagbag.py:538} INFO - Filling up the DagBag from /home/airflow/.local/lib/python3.8/site-packages/airflow/example_dags/example_xcom.py
[2025-09-21T11:37:46.136+0000] {processor.py:840} INFO - DAG(s) 'example_xcom' retrieved from /home/airflow/.local/lib/python3.8/site-packages/airflow/example_dags/example_xcom.py
[2025-09-21T11:37:46.174+0000] {logging_mixin.py:188} INFO - [2025-09-21T11:37:46.174+0000] {dag.py:3036} INFO - Sync 1 DAGs
[2025-09-21T11:37:46.214+0000] {logging_mixin.py:188} INFO - [2025-09-21T11:37:46.213+0000] {dag.py:3823} INFO - Setting next_dagrun for example_xcom to 2021-01-01 00:00:00+00:00, run_after=2021-01-01 00:00:00+00:00
[2025-09-21T11:37:46.250+0000] {processor.py:183} INFO - Processing /home/airflow/.local/lib/python3.8/site-packages/airflow/example_dags/example_xcom.py took 0.138 seconds
[2025-09-21T11:38:16.504+0000] {processor.py:161} INFO - Started process (PID=2968) to work on /home/airflow/.local/lib/python3.8/site-packages/airflow/example_dags/example_xcom.py
[2025-09-21T11:38:16.506+0000] {processor.py:830} INFO - Processing file /home/airflow/.local/lib/python3.8/site-packages/airflow/example_dags/example_xcom.py for tasks to queue
[2025-09-21T11:38:16.509+0000] {logging_mixin.py:188} INFO - [2025-09-21T11:38:16.509+0000] {dagbag.py:538} INFO - Filling up the DagBag from /home/airflow/.local/lib/python3.8/site-packages/airflow/example_dags/example_xcom.py
[2025-09-21T11:38:16.523+0000] {processor.py:840} INFO - DAG(s) 'example_xcom' retrieved from /home/airflow/.local/lib/python3.8/site-packages/airflow/example_dags/example_xcom.py
[2025-09-21T11:38:16.562+0000] {logging_mixin.py:188} INFO - [2025-09-21T11:38:16.561+0000] {dag.py:3036} INFO - Sync 1 DAGs
[2025-09-21T11:38:16.605+0000] {logging_mixin.py:188} INFO - [2025-09-21T11:38:16.604+0000] {dag.py:3823} INFO - Setting next_dagrun for example_xcom to 2021-01-01 00:00:00+00:00, run_after=2021-01-01 00:00:00+00:00
[2025-09-21T11:38:16.638+0000] {processor.py:183} INFO - Processing /home/airflow/.local/lib/python3.8/site-packages/airflow/example_dags/example_xcom.py took 0.140 seconds
[2025-09-21T11:38:46.832+0000] {processor.py:161} INFO - Started process (PID=3026) to work on /home/airflow/.local/lib/python3.8/site-packages/airflow/example_dags/example_xcom.py
[2025-09-21T11:38:46.834+0000] {processor.py:830} INFO - Processing file /home/airflow/.local/lib/python3.8/site-packages/airflow/example_dags/example_xcom.py for tasks to queue
[2025-09-21T11:38:46.838+0000] {logging_mixin.py:188} INFO - [2025-09-21T11:38:46.837+0000] {dagbag.py:538} INFO - Filling up the DagBag from /home/airflow/.local/lib/python3.8/site-packages/airflow/example_dags/example_xcom.py
[2025-09-21T11:38:46.851+0000] {processor.py:840} INFO - DAG(s) 'example_xcom' retrieved from /home/airflow/.local/lib/python3.8/site-packages/airflow/example_dags/example_xcom.py
[2025-09-21T11:38:46.887+0000] {logging_mixin.py:188} INFO - [2025-09-21T11:38:46.887+0000] {dag.py:3036} INFO - Sync 1 DAGs
[2025-09-21T11:38:46.924+0000] {logging_mixin.py:188} INFO - [2025-09-21T11:38:46.924+0000] {dag.py:3823} INFO - Setting next_dagrun for example_xcom to 2021-01-01 00:00:00+00:00, run_after=2021-01-01 00:00:00+00:00
[2025-09-21T11:38:46.963+0000] {processor.py:183} INFO - Processing /home/airflow/.local/lib/python3.8/site-packages/airflow/example_dags/example_xcom.py took 0.138 seconds
[2025-09-21T11:39:17.221+0000] {processor.py:161} INFO - Started process (PID=3084) to work on /home/airflow/.local/lib/python3.8/site-packages/airflow/example_dags/example_xcom.py
[2025-09-21T11:39:17.223+0000] {processor.py:830} INFO - Processing file /home/airflow/.local/lib/python3.8/site-packages/airflow/example_dags/example_xcom.py for tasks to queue
[2025-09-21T11:39:17.226+0000] {logging_mixin.py:188} INFO - [2025-09-21T11:39:17.226+0000] {dagbag.py:538} INFO - Filling up the DagBag from /home/airflow/.local/lib/python3.8/site-packages/airflow/example_dags/example_xcom.py
[2025-09-21T11:39:17.240+0000] {processor.py:840} INFO - DAG(s) 'example_xcom' retrieved from /home/airflow/.local/lib/python3.8/site-packages/airflow/example_dags/example_xcom.py
[2025-09-21T11:39:17.278+0000] {logging_mixin.py:188} INFO - [2025-09-21T11:39:17.278+0000] {dag.py:3036} INFO - Sync 1 DAGs
[2025-09-21T11:39:17.321+0000] {logging_mixin.py:188} INFO - [2025-09-21T11:39:17.321+0000] {dag.py:3823} INFO - Setting next_dagrun for example_xcom to 2021-01-01 00:00:00+00:00, run_after=2021-01-01 00:00:00+00:00
[2025-09-21T11:39:17.364+0000] {processor.py:183} INFO - Processing /home/airflow/.local/lib/python3.8/site-packages/airflow/example_dags/example_xcom.py took 0.148 seconds
[2025-09-21T11:39:47.842+0000] {processor.py:161} INFO - Started process (PID=3142) to work on /home/airflow/.local/lib/python3.8/site-packages/airflow/example_dags/example_xcom.py
[2025-09-21T11:39:47.844+0000] {processor.py:830} INFO - Processing file /home/airflow/.local/lib/python3.8/site-packages/airflow/example_dags/example_xcom.py for tasks to queue
[2025-09-21T11:39:47.847+0000] {logging_mixin.py:188} INFO - [2025-09-21T11:39:47.847+0000] {dagbag.py:538} INFO - Filling up the DagBag from /home/airflow/.local/lib/python3.8/site-packages/airflow/example_dags/example_xcom.py
[2025-09-21T11:39:47.861+0000] {processor.py:840} INFO - DAG(s) 'example_xcom' retrieved from /home/airflow/.local/lib/python3.8/site-packages/airflow/example_dags/example_xcom.py
[2025-09-21T11:39:47.899+0000] {logging_mixin.py:188} INFO - [2025-09-21T11:39:47.899+0000] {dag.py:3036} INFO - Sync 1 DAGs
[2025-09-21T11:39:47.940+0000] {logging_mixin.py:188} INFO - [2025-09-21T11:39:47.940+0000] {dag.py:3823} INFO - Setting next_dagrun for example_xcom to 2021-01-01 00:00:00+00:00, run_after=2021-01-01 00:00:00+00:00
[2025-09-21T11:39:47.982+0000] {processor.py:183} INFO - Processing /home/airflow/.local/lib/python3.8/site-packages/airflow/example_dags/example_xcom.py took 0.146 seconds
[2025-09-21T11:40:18.085+0000] {processor.py:161} INFO - Started process (PID=3201) to work on /home/airflow/.local/lib/python3.8/site-packages/airflow/example_dags/example_xcom.py
[2025-09-21T11:40:18.087+0000] {processor.py:830} INFO - Processing file /home/airflow/.local/lib/python3.8/site-packages/airflow/example_dags/example_xcom.py for tasks to queue
[2025-09-21T11:40:18.090+0000] {logging_mixin.py:188} INFO - [2025-09-21T11:40:18.090+0000] {dagbag.py:538} INFO - Filling up the DagBag from /home/airflow/.local/lib/python3.8/site-packages/airflow/example_dags/example_xcom.py
[2025-09-21T11:40:18.103+0000] {processor.py:840} INFO - DAG(s) 'example_xcom' retrieved from /home/airflow/.local/lib/python3.8/site-packages/airflow/example_dags/example_xcom.py
[2025-09-21T11:40:18.140+0000] {logging_mixin.py:188} INFO - [2025-09-21T11:40:18.139+0000] {dag.py:3036} INFO - Sync 1 DAGs
[2025-09-21T11:40:18.178+0000] {logging_mixin.py:188} INFO - [2025-09-21T11:40:18.177+0000] {dag.py:3823} INFO - Setting next_dagrun for example_xcom to 2021-01-01 00:00:00+00:00, run_after=2021-01-01 00:00:00+00:00
[2025-09-21T11:40:18.216+0000] {processor.py:183} INFO - Processing /home/airflow/.local/lib/python3.8/site-packages/airflow/example_dags/example_xcom.py took 0.137 seconds
[2025-09-21T11:40:48.352+0000] {processor.py:161} INFO - Started process (PID=3259) to work on /home/airflow/.local/lib/python3.8/site-packages/airflow/example_dags/example_xcom.py
[2025-09-21T11:40:48.355+0000] {processor.py:830} INFO - Processing file /home/airflow/.local/lib/python3.8/site-packages/airflow/example_dags/example_xcom.py for tasks to queue
[2025-09-21T11:40:48.359+0000] {logging_mixin.py:188} INFO - [2025-09-21T11:40:48.358+0000] {dagbag.py:538} INFO - Filling up the DagBag from /home/airflow/.local/lib/python3.8/site-packages/airflow/example_dags/example_xcom.py
[2025-09-21T11:40:48.374+0000] {processor.py:840} INFO - DAG(s) 'example_xcom' retrieved from /home/airflow/.local/lib/python3.8/site-packages/airflow/example_dags/example_xcom.py
[2025-09-21T11:40:48.414+0000] {logging_mixin.py:188} INFO - [2025-09-21T11:40:48.413+0000] {dag.py:3036} INFO - Sync 1 DAGs
[2025-09-21T11:40:48.483+0000] {logging_mixin.py:188} INFO - [2025-09-21T11:40:48.482+0000] {dag.py:3823} INFO - Setting next_dagrun for example_xcom to 2021-01-01 00:00:00+00:00, run_after=2021-01-01 00:00:00+00:00
[2025-09-21T11:40:48.538+0000] {processor.py:183} INFO - Processing /home/airflow/.local/lib/python3.8/site-packages/airflow/example_dags/example_xcom.py took 0.192 seconds
[2025-09-21T11:41:18.913+0000] {processor.py:161} INFO - Started process (PID=3317) to work on /home/airflow/.local/lib/python3.8/site-packages/airflow/example_dags/example_xcom.py
[2025-09-21T11:41:18.915+0000] {processor.py:830} INFO - Processing file /home/airflow/.local/lib/python3.8/site-packages/airflow/example_dags/example_xcom.py for tasks to queue
[2025-09-21T11:41:18.918+0000] {logging_mixin.py:188} INFO - [2025-09-21T11:41:18.918+0000] {dagbag.py:538} INFO - Filling up the DagBag from /home/airflow/.local/lib/python3.8/site-packages/airflow/example_dags/example_xcom.py
[2025-09-21T11:41:18.932+0000] {processor.py:840} INFO - DAG(s) 'example_xcom' retrieved from /home/airflow/.local/lib/python3.8/site-packages/airflow/example_dags/example_xcom.py
[2025-09-21T11:41:18.970+0000] {logging_mixin.py:188} INFO - [2025-09-21T11:41:18.970+0000] {dag.py:3036} INFO - Sync 1 DAGs
[2025-09-21T11:41:19.009+0000] {logging_mixin.py:188} INFO - [2025-09-21T11:41:19.009+0000] {dag.py:3823} INFO - Setting next_dagrun for example_xcom to 2021-01-01 00:00:00+00:00, run_after=2021-01-01 00:00:00+00:00
[2025-09-21T11:41:19.051+0000] {processor.py:183} INFO - Processing /home/airflow/.local/lib/python3.8/site-packages/airflow/example_dags/example_xcom.py took 0.144 seconds
[2025-09-21T11:41:49.628+0000] {processor.py:161} INFO - Started process (PID=3375) to work on /home/airflow/.local/lib/python3.8/site-packages/airflow/example_dags/example_xcom.py
[2025-09-21T11:41:49.630+0000] {processor.py:830} INFO - Processing file /home/airflow/.local/lib/python3.8/site-packages/airflow/example_dags/example_xcom.py for tasks to queue
[2025-09-21T11:41:49.633+0000] {logging_mixin.py:188} INFO - [2025-09-21T11:41:49.632+0000] {dagbag.py:538} INFO - Filling up the DagBag from /home/airflow/.local/lib/python3.8/site-packages/airflow/example_dags/example_xcom.py
[2025-09-21T11:41:49.647+0000] {processor.py:840} INFO - DAG(s) 'example_xcom' retrieved from /home/airflow/.local/lib/python3.8/site-packages/airflow/example_dags/example_xcom.py
[2025-09-21T11:41:49.683+0000] {logging_mixin.py:188} INFO - [2025-09-21T11:41:49.682+0000] {dag.py:3036} INFO - Sync 1 DAGs
[2025-09-21T11:41:49.720+0000] {logging_mixin.py:188} INFO - [2025-09-21T11:41:49.720+0000] {dag.py:3823} INFO - Setting next_dagrun for example_xcom to 2021-01-01 00:00:00+00:00, run_after=2021-01-01 00:00:00+00:00
[2025-09-21T11:41:49.759+0000] {processor.py:183} INFO - Processing /home/airflow/.local/lib/python3.8/site-packages/airflow/example_dags/example_xcom.py took 0.137 seconds
[2025-09-21T11:42:19.898+0000] {processor.py:161} INFO - Started process (PID=3433) to work on /home/airflow/.local/lib/python3.8/site-packages/airflow/example_dags/example_xcom.py
[2025-09-21T11:42:19.900+0000] {processor.py:830} INFO - Processing file /home/airflow/.local/lib/python3.8/site-packages/airflow/example_dags/example_xcom.py for tasks to queue
[2025-09-21T11:42:19.903+0000] {logging_mixin.py:188} INFO - [2025-09-21T11:42:19.902+0000] {dagbag.py:538} INFO - Filling up the DagBag from /home/airflow/.local/lib/python3.8/site-packages/airflow/example_dags/example_xcom.py
[2025-09-21T11:42:19.917+0000] {processor.py:840} INFO - DAG(s) 'example_xcom' retrieved from /home/airflow/.local/lib/python3.8/site-packages/airflow/example_dags/example_xcom.py
[2025-09-21T11:42:19.955+0000] {logging_mixin.py:188} INFO - [2025-09-21T11:42:19.955+0000] {dag.py:3036} INFO - Sync 1 DAGs
[2025-09-21T11:42:19.996+0000] {logging_mixin.py:188} INFO - [2025-09-21T11:42:19.995+0000] {dag.py:3823} INFO - Setting next_dagrun for example_xcom to 2021-01-01 00:00:00+00:00, run_after=2021-01-01 00:00:00+00:00
[2025-09-21T11:42:20.035+0000] {processor.py:183} INFO - Processing /home/airflow/.local/lib/python3.8/site-packages/airflow/example_dags/example_xcom.py took 0.144 seconds
[2025-09-21T11:42:50.873+0000] {processor.py:161} INFO - Started process (PID=3491) to work on /home/airflow/.local/lib/python3.8/site-packages/airflow/example_dags/example_xcom.py
[2025-09-21T11:42:50.877+0000] {processor.py:830} INFO - Processing file /home/airflow/.local/lib/python3.8/site-packages/airflow/example_dags/example_xcom.py for tasks to queue
[2025-09-21T11:42:50.885+0000] {logging_mixin.py:188} INFO - [2025-09-21T11:42:50.884+0000] {dagbag.py:538} INFO - Filling up the DagBag from /home/airflow/.local/lib/python3.8/site-packages/airflow/example_dags/example_xcom.py
[2025-09-21T11:42:50.909+0000] {processor.py:840} INFO - DAG(s) 'example_xcom' retrieved from /home/airflow/.local/lib/python3.8/site-packages/airflow/example_dags/example_xcom.py
[2025-09-21T11:42:50.967+0000] {logging_mixin.py:188} INFO - [2025-09-21T11:42:50.966+0000] {dag.py:3036} INFO - Sync 1 DAGs
[2025-09-21T11:42:51.043+0000] {logging_mixin.py:188} INFO - [2025-09-21T11:42:51.042+0000] {dag.py:3823} INFO - Setting next_dagrun for example_xcom to 2021-01-01 00:00:00+00:00, run_after=2021-01-01 00:00:00+00:00
[2025-09-21T11:42:51.106+0000] {processor.py:183} INFO - Processing /home/airflow/.local/lib/python3.8/site-packages/airflow/example_dags/example_xcom.py took 0.243 seconds
[2025-09-21T11:43:21.860+0000] {processor.py:161} INFO - Started process (PID=3549) to work on /home/airflow/.local/lib/python3.8/site-packages/airflow/example_dags/example_xcom.py
[2025-09-21T11:43:21.862+0000] {processor.py:830} INFO - Processing file /home/airflow/.local/lib/python3.8/site-packages/airflow/example_dags/example_xcom.py for tasks to queue
[2025-09-21T11:43:21.866+0000] {logging_mixin.py:188} INFO - [2025-09-21T11:43:21.866+0000] {dagbag.py:538} INFO - Filling up the DagBag from /home/airflow/.local/lib/python3.8/site-packages/airflow/example_dags/example_xcom.py
[2025-09-21T11:43:21.884+0000] {processor.py:840} INFO - DAG(s) 'example_xcom' retrieved from /home/airflow/.local/lib/python3.8/site-packages/airflow/example_dags/example_xcom.py
[2025-09-21T11:43:21.925+0000] {logging_mixin.py:188} INFO - [2025-09-21T11:43:21.925+0000] {dag.py:3036} INFO - Sync 1 DAGs
[2025-09-21T11:43:21.974+0000] {logging_mixin.py:188} INFO - [2025-09-21T11:43:21.974+0000] {dag.py:3823} INFO - Setting next_dagrun for example_xcom to 2021-01-01 00:00:00+00:00, run_after=2021-01-01 00:00:00+00:00
[2025-09-21T11:43:22.018+0000] {processor.py:183} INFO - Processing /home/airflow/.local/lib/python3.8/site-packages/airflow/example_dags/example_xcom.py took 0.163 seconds
[2025-09-21T11:43:52.372+0000] {processor.py:161} INFO - Started process (PID=3607) to work on /home/airflow/.local/lib/python3.8/site-packages/airflow/example_dags/example_xcom.py
[2025-09-21T11:43:52.374+0000] {processor.py:830} INFO - Processing file /home/airflow/.local/lib/python3.8/site-packages/airflow/example_dags/example_xcom.py for tasks to queue
[2025-09-21T11:43:52.378+0000] {logging_mixin.py:188} INFO - [2025-09-21T11:43:52.377+0000] {dagbag.py:538} INFO - Filling up the DagBag from /home/airflow/.local/lib/python3.8/site-packages/airflow/example_dags/example_xcom.py
[2025-09-21T11:43:52.391+0000] {processor.py:840} INFO - DAG(s) 'example_xcom' retrieved from /home/airflow/.local/lib/python3.8/site-packages/airflow/example_dags/example_xcom.py
[2025-09-21T11:43:52.430+0000] {logging_mixin.py:188} INFO - [2025-09-21T11:43:52.429+0000] {dag.py:3036} INFO - Sync 1 DAGs
[2025-09-21T11:43:52.469+0000] {logging_mixin.py:188} INFO - [2025-09-21T11:43:52.469+0000] {dag.py:3823} INFO - Setting next_dagrun for example_xcom to 2021-01-01 00:00:00+00:00, run_after=2021-01-01 00:00:00+00:00
[2025-09-21T11:43:52.511+0000] {processor.py:183} INFO - Processing /home/airflow/.local/lib/python3.8/site-packages/airflow/example_dags/example_xcom.py took 0.144 seconds
[2025-09-21T11:46:00.098+0000] {processor.py:161} INFO - Started process (PID=65) to work on /home/airflow/.local/lib/python3.8/site-packages/airflow/example_dags/example_xcom.py
[2025-09-21T11:46:00.109+0000] {processor.py:830} INFO - Processing file /home/airflow/.local/lib/python3.8/site-packages/airflow/example_dags/example_xcom.py for tasks to queue
[2025-09-21T11:46:00.118+0000] {logging_mixin.py:188} INFO - [2025-09-21T11:46:00.114+0000] {dagbag.py:538} INFO - Filling up the DagBag from /home/airflow/.local/lib/python3.8/site-packages/airflow/example_dags/example_xcom.py
[2025-09-21T11:46:00.169+0000] {processor.py:840} INFO - DAG(s) 'example_xcom' retrieved from /home/airflow/.local/lib/python3.8/site-packages/airflow/example_dags/example_xcom.py
[2025-09-21T11:46:00.672+0000] {logging_mixin.py:188} INFO - [2025-09-21T11:46:00.671+0000] {dag.py:3036} INFO - Sync 1 DAGs
[2025-09-21T11:46:00.764+0000] {logging_mixin.py:188} INFO - [2025-09-21T11:46:00.763+0000] {dag.py:3823} INFO - Setting next_dagrun for example_xcom to 2021-01-01 00:00:00+00:00, run_after=2021-01-01 00:00:00+00:00
[2025-09-21T11:46:00.962+0000] {processor.py:183} INFO - Processing /home/airflow/.local/lib/python3.8/site-packages/airflow/example_dags/example_xcom.py took 0.884 seconds
[2025-09-21T11:46:31.377+0000] {processor.py:161} INFO - Started process (PID=123) to work on /home/airflow/.local/lib/python3.8/site-packages/airflow/example_dags/example_xcom.py
[2025-09-21T11:46:31.379+0000] {processor.py:830} INFO - Processing file /home/airflow/.local/lib/python3.8/site-packages/airflow/example_dags/example_xcom.py for tasks to queue
[2025-09-21T11:46:31.384+0000] {logging_mixin.py:188} INFO - [2025-09-21T11:46:31.383+0000] {dagbag.py:538} INFO - Filling up the DagBag from /home/airflow/.local/lib/python3.8/site-packages/airflow/example_dags/example_xcom.py
[2025-09-21T11:46:31.402+0000] {processor.py:840} INFO - DAG(s) 'example_xcom' retrieved from /home/airflow/.local/lib/python3.8/site-packages/airflow/example_dags/example_xcom.py
[2025-09-21T11:46:31.440+0000] {logging_mixin.py:188} INFO - [2025-09-21T11:46:31.439+0000] {dag.py:3036} INFO - Sync 1 DAGs
[2025-09-21T11:46:31.480+0000] {logging_mixin.py:188} INFO - [2025-09-21T11:46:31.479+0000] {dag.py:3823} INFO - Setting next_dagrun for example_xcom to 2021-01-01 00:00:00+00:00, run_after=2021-01-01 00:00:00+00:00
[2025-09-21T11:46:31.519+0000] {processor.py:183} INFO - Processing /home/airflow/.local/lib/python3.8/site-packages/airflow/example_dags/example_xcom.py took 0.149 seconds
[2025-09-21T11:47:02.374+0000] {processor.py:161} INFO - Started process (PID=181) to work on /home/airflow/.local/lib/python3.8/site-packages/airflow/example_dags/example_xcom.py
[2025-09-21T11:47:02.376+0000] {processor.py:830} INFO - Processing file /home/airflow/.local/lib/python3.8/site-packages/airflow/example_dags/example_xcom.py for tasks to queue
[2025-09-21T11:47:02.379+0000] {logging_mixin.py:188} INFO - [2025-09-21T11:47:02.379+0000] {dagbag.py:538} INFO - Filling up the DagBag from /home/airflow/.local/lib/python3.8/site-packages/airflow/example_dags/example_xcom.py
[2025-09-21T11:47:02.393+0000] {processor.py:840} INFO - DAG(s) 'example_xcom' retrieved from /home/airflow/.local/lib/python3.8/site-packages/airflow/example_dags/example_xcom.py
[2025-09-21T11:47:02.434+0000] {logging_mixin.py:188} INFO - [2025-09-21T11:47:02.434+0000] {dag.py:3036} INFO - Sync 1 DAGs
[2025-09-21T11:47:02.478+0000] {logging_mixin.py:188} INFO - [2025-09-21T11:47:02.477+0000] {dag.py:3823} INFO - Setting next_dagrun for example_xcom to 2021-01-01 00:00:00+00:00, run_after=2021-01-01 00:00:00+00:00
[2025-09-21T11:47:02.515+0000] {processor.py:183} INFO - Processing /home/airflow/.local/lib/python3.8/site-packages/airflow/example_dags/example_xcom.py took 0.146 seconds
[2025-09-21T11:47:33.067+0000] {processor.py:161} INFO - Started process (PID=237) to work on /home/airflow/.local/lib/python3.8/site-packages/airflow/example_dags/example_xcom.py
[2025-09-21T11:47:33.070+0000] {processor.py:830} INFO - Processing file /home/airflow/.local/lib/python3.8/site-packages/airflow/example_dags/example_xcom.py for tasks to queue
[2025-09-21T11:47:33.074+0000] {logging_mixin.py:188} INFO - [2025-09-21T11:47:33.073+0000] {dagbag.py:538} INFO - Filling up the DagBag from /home/airflow/.local/lib/python3.8/site-packages/airflow/example_dags/example_xcom.py
[2025-09-21T11:47:33.090+0000] {processor.py:840} INFO - DAG(s) 'example_xcom' retrieved from /home/airflow/.local/lib/python3.8/site-packages/airflow/example_dags/example_xcom.py
[2025-09-21T11:47:33.134+0000] {logging_mixin.py:188} INFO - [2025-09-21T11:47:33.133+0000] {dag.py:3036} INFO - Sync 1 DAGs
[2025-09-21T11:47:33.171+0000] {logging_mixin.py:188} INFO - [2025-09-21T11:47:33.170+0000] {dag.py:3823} INFO - Setting next_dagrun for example_xcom to 2021-01-01 00:00:00+00:00, run_after=2021-01-01 00:00:00+00:00
[2025-09-21T11:47:33.202+0000] {processor.py:183} INFO - Processing /home/airflow/.local/lib/python3.8/site-packages/airflow/example_dags/example_xcom.py took 0.142 seconds
[2025-09-21T11:48:03.932+0000] {processor.py:161} INFO - Started process (PID=295) to work on /home/airflow/.local/lib/python3.8/site-packages/airflow/example_dags/example_xcom.py
[2025-09-21T11:48:03.934+0000] {processor.py:830} INFO - Processing file /home/airflow/.local/lib/python3.8/site-packages/airflow/example_dags/example_xcom.py for tasks to queue
[2025-09-21T11:48:03.938+0000] {logging_mixin.py:188} INFO - [2025-09-21T11:48:03.937+0000] {dagbag.py:538} INFO - Filling up the DagBag from /home/airflow/.local/lib/python3.8/site-packages/airflow/example_dags/example_xcom.py
[2025-09-21T11:48:03.952+0000] {processor.py:840} INFO - DAG(s) 'example_xcom' retrieved from /home/airflow/.local/lib/python3.8/site-packages/airflow/example_dags/example_xcom.py
[2025-09-21T11:48:03.988+0000] {logging_mixin.py:188} INFO - [2025-09-21T11:48:03.987+0000] {dag.py:3036} INFO - Sync 1 DAGs
[2025-09-21T11:48:04.024+0000] {logging_mixin.py:188} INFO - [2025-09-21T11:48:04.024+0000] {dag.py:3823} INFO - Setting next_dagrun for example_xcom to 2021-01-01 00:00:00+00:00, run_after=2021-01-01 00:00:00+00:00
[2025-09-21T11:48:04.062+0000] {processor.py:183} INFO - Processing /home/airflow/.local/lib/python3.8/site-packages/airflow/example_dags/example_xcom.py took 0.137 seconds
[2025-09-21T11:48:34.741+0000] {processor.py:161} INFO - Started process (PID=353) to work on /home/airflow/.local/lib/python3.8/site-packages/airflow/example_dags/example_xcom.py
[2025-09-21T11:48:34.744+0000] {processor.py:830} INFO - Processing file /home/airflow/.local/lib/python3.8/site-packages/airflow/example_dags/example_xcom.py for tasks to queue
[2025-09-21T11:48:34.749+0000] {logging_mixin.py:188} INFO - [2025-09-21T11:48:34.748+0000] {dagbag.py:538} INFO - Filling up the DagBag from /home/airflow/.local/lib/python3.8/site-packages/airflow/example_dags/example_xcom.py
[2025-09-21T11:48:34.770+0000] {processor.py:840} INFO - DAG(s) 'example_xcom' retrieved from /home/airflow/.local/lib/python3.8/site-packages/airflow/example_dags/example_xcom.py
[2025-09-21T11:48:34.821+0000] {logging_mixin.py:188} INFO - [2025-09-21T11:48:34.820+0000] {dag.py:3036} INFO - Sync 1 DAGs
[2025-09-21T11:48:34.894+0000] {logging_mixin.py:188} INFO - [2025-09-21T11:48:34.894+0000] {dag.py:3823} INFO - Setting next_dagrun for example_xcom to 2021-01-01 00:00:00+00:00, run_after=2021-01-01 00:00:00+00:00
[2025-09-21T11:48:34.946+0000] {processor.py:183} INFO - Processing /home/airflow/.local/lib/python3.8/site-packages/airflow/example_dags/example_xcom.py took 0.214 seconds
[2025-09-21T11:49:05.049+0000] {processor.py:161} INFO - Started process (PID=411) to work on /home/airflow/.local/lib/python3.8/site-packages/airflow/example_dags/example_xcom.py
[2025-09-21T11:49:05.051+0000] {processor.py:830} INFO - Processing file /home/airflow/.local/lib/python3.8/site-packages/airflow/example_dags/example_xcom.py for tasks to queue
[2025-09-21T11:49:05.055+0000] {logging_mixin.py:188} INFO - [2025-09-21T11:49:05.054+0000] {dagbag.py:538} INFO - Filling up the DagBag from /home/airflow/.local/lib/python3.8/site-packages/airflow/example_dags/example_xcom.py
[2025-09-21T11:49:05.069+0000] {processor.py:840} INFO - DAG(s) 'example_xcom' retrieved from /home/airflow/.local/lib/python3.8/site-packages/airflow/example_dags/example_xcom.py
[2025-09-21T11:49:05.106+0000] {logging_mixin.py:188} INFO - [2025-09-21T11:49:05.106+0000] {dag.py:3036} INFO - Sync 1 DAGs
[2025-09-21T11:49:05.143+0000] {logging_mixin.py:188} INFO - [2025-09-21T11:49:05.143+0000] {dag.py:3823} INFO - Setting next_dagrun for example_xcom to 2021-01-01 00:00:00+00:00, run_after=2021-01-01 00:00:00+00:00
[2025-09-21T11:49:05.183+0000] {processor.py:183} INFO - Processing /home/airflow/.local/lib/python3.8/site-packages/airflow/example_dags/example_xcom.py took 0.139 seconds
[2025-09-21T11:49:35.412+0000] {processor.py:161} INFO - Started process (PID=469) to work on /home/airflow/.local/lib/python3.8/site-packages/airflow/example_dags/example_xcom.py
[2025-09-21T11:49:35.414+0000] {processor.py:830} INFO - Processing file /home/airflow/.local/lib/python3.8/site-packages/airflow/example_dags/example_xcom.py for tasks to queue
[2025-09-21T11:49:35.419+0000] {logging_mixin.py:188} INFO - [2025-09-21T11:49:35.418+0000] {dagbag.py:538} INFO - Filling up the DagBag from /home/airflow/.local/lib/python3.8/site-packages/airflow/example_dags/example_xcom.py
[2025-09-21T11:49:35.438+0000] {processor.py:840} INFO - DAG(s) 'example_xcom' retrieved from /home/airflow/.local/lib/python3.8/site-packages/airflow/example_dags/example_xcom.py
[2025-09-21T11:49:35.488+0000] {logging_mixin.py:188} INFO - [2025-09-21T11:49:35.488+0000] {dag.py:3036} INFO - Sync 1 DAGs
[2025-09-21T11:49:35.552+0000] {logging_mixin.py:188} INFO - [2025-09-21T11:49:35.551+0000] {dag.py:3823} INFO - Setting next_dagrun for example_xcom to 2021-01-01 00:00:00+00:00, run_after=2021-01-01 00:00:00+00:00
[2025-09-21T11:49:35.599+0000] {processor.py:183} INFO - Processing /home/airflow/.local/lib/python3.8/site-packages/airflow/example_dags/example_xcom.py took 0.196 seconds
[2025-09-21T11:50:06.167+0000] {processor.py:161} INFO - Started process (PID=527) to work on /home/airflow/.local/lib/python3.8/site-packages/airflow/example_dags/example_xcom.py
[2025-09-21T11:50:06.169+0000] {processor.py:830} INFO - Processing file /home/airflow/.local/lib/python3.8/site-packages/airflow/example_dags/example_xcom.py for tasks to queue
[2025-09-21T11:50:06.172+0000] {logging_mixin.py:188} INFO - [2025-09-21T11:50:06.172+0000] {dagbag.py:538} INFO - Filling up the DagBag from /home/airflow/.local/lib/python3.8/site-packages/airflow/example_dags/example_xcom.py
[2025-09-21T11:50:06.188+0000] {processor.py:840} INFO - DAG(s) 'example_xcom' retrieved from /home/airflow/.local/lib/python3.8/site-packages/airflow/example_dags/example_xcom.py
[2025-09-21T11:50:06.233+0000] {logging_mixin.py:188} INFO - [2025-09-21T11:50:06.232+0000] {dag.py:3036} INFO - Sync 1 DAGs
[2025-09-21T11:50:06.281+0000] {logging_mixin.py:188} INFO - [2025-09-21T11:50:06.281+0000] {dag.py:3823} INFO - Setting next_dagrun for example_xcom to 2021-01-01 00:00:00+00:00, run_after=2021-01-01 00:00:00+00:00
[2025-09-21T11:50:06.326+0000] {processor.py:183} INFO - Processing /home/airflow/.local/lib/python3.8/site-packages/airflow/example_dags/example_xcom.py took 0.164 seconds
[2025-09-21T11:50:36.722+0000] {processor.py:161} INFO - Started process (PID=586) to work on /home/airflow/.local/lib/python3.8/site-packages/airflow/example_dags/example_xcom.py
[2025-09-21T11:50:36.725+0000] {processor.py:830} INFO - Processing file /home/airflow/.local/lib/python3.8/site-packages/airflow/example_dags/example_xcom.py for tasks to queue
[2025-09-21T11:50:36.730+0000] {logging_mixin.py:188} INFO - [2025-09-21T11:50:36.730+0000] {dagbag.py:538} INFO - Filling up the DagBag from /home/airflow/.local/lib/python3.8/site-packages/airflow/example_dags/example_xcom.py
[2025-09-21T11:50:36.759+0000] {processor.py:840} INFO - DAG(s) 'example_xcom' retrieved from /home/airflow/.local/lib/python3.8/site-packages/airflow/example_dags/example_xcom.py
[2025-09-21T11:50:36.829+0000] {logging_mixin.py:188} INFO - [2025-09-21T11:50:36.828+0000] {dag.py:3036} INFO - Sync 1 DAGs
[2025-09-21T11:50:36.897+0000] {logging_mixin.py:188} INFO - [2025-09-21T11:50:36.896+0000] {dag.py:3823} INFO - Setting next_dagrun for example_xcom to 2021-01-01 00:00:00+00:00, run_after=2021-01-01 00:00:00+00:00
[2025-09-21T11:50:36.956+0000] {processor.py:183} INFO - Processing /home/airflow/.local/lib/python3.8/site-packages/airflow/example_dags/example_xcom.py took 0.243 seconds
[2025-09-21T11:51:07.876+0000] {processor.py:161} INFO - Started process (PID=644) to work on /home/airflow/.local/lib/python3.8/site-packages/airflow/example_dags/example_xcom.py
[2025-09-21T11:51:07.880+0000] {processor.py:830} INFO - Processing file /home/airflow/.local/lib/python3.8/site-packages/airflow/example_dags/example_xcom.py for tasks to queue
[2025-09-21T11:51:07.888+0000] {logging_mixin.py:188} INFO - [2025-09-21T11:51:07.887+0000] {dagbag.py:538} INFO - Filling up the DagBag from /home/airflow/.local/lib/python3.8/site-packages/airflow/example_dags/example_xcom.py
[2025-09-21T11:51:07.928+0000] {processor.py:840} INFO - DAG(s) 'example_xcom' retrieved from /home/airflow/.local/lib/python3.8/site-packages/airflow/example_dags/example_xcom.py
[2025-09-21T11:51:08.027+0000] {logging_mixin.py:188} INFO - [2025-09-21T11:51:08.026+0000] {dag.py:3036} INFO - Sync 1 DAGs
[2025-09-21T11:51:08.129+0000] {logging_mixin.py:188} INFO - [2025-09-21T11:51:08.128+0000] {dag.py:3823} INFO - Setting next_dagrun for example_xcom to 2021-01-01 00:00:00+00:00, run_after=2021-01-01 00:00:00+00:00
[2025-09-21T11:51:08.217+0000] {processor.py:183} INFO - Processing /home/airflow/.local/lib/python3.8/site-packages/airflow/example_dags/example_xcom.py took 0.355 seconds
[2025-09-21T11:51:38.992+0000] {processor.py:161} INFO - Started process (PID=702) to work on /home/airflow/.local/lib/python3.8/site-packages/airflow/example_dags/example_xcom.py
[2025-09-21T11:51:38.997+0000] {processor.py:830} INFO - Processing file /home/airflow/.local/lib/python3.8/site-packages/airflow/example_dags/example_xcom.py for tasks to queue
[2025-09-21T11:51:39.008+0000] {logging_mixin.py:188} INFO - [2025-09-21T11:51:39.007+0000] {dagbag.py:538} INFO - Filling up the DagBag from /home/airflow/.local/lib/python3.8/site-packages/airflow/example_dags/example_xcom.py
[2025-09-21T11:51:39.052+0000] {processor.py:840} INFO - DAG(s) 'example_xcom' retrieved from /home/airflow/.local/lib/python3.8/site-packages/airflow/example_dags/example_xcom.py
[2025-09-21T11:51:39.157+0000] {logging_mixin.py:188} INFO - [2025-09-21T11:51:39.156+0000] {dag.py:3036} INFO - Sync 1 DAGs
[2025-09-21T11:51:39.256+0000] {logging_mixin.py:188} INFO - [2025-09-21T11:51:39.254+0000] {dag.py:3823} INFO - Setting next_dagrun for example_xcom to 2021-01-01 00:00:00+00:00, run_after=2021-01-01 00:00:00+00:00
[2025-09-21T11:51:39.354+0000] {processor.py:183} INFO - Processing /home/airflow/.local/lib/python3.8/site-packages/airflow/example_dags/example_xcom.py took 0.379 seconds
[2025-09-21T11:52:09.435+0000] {processor.py:161} INFO - Started process (PID=759) to work on /home/airflow/.local/lib/python3.8/site-packages/airflow/example_dags/example_xcom.py
[2025-09-21T11:52:09.437+0000] {processor.py:830} INFO - Processing file /home/airflow/.local/lib/python3.8/site-packages/airflow/example_dags/example_xcom.py for tasks to queue
[2025-09-21T11:52:09.441+0000] {logging_mixin.py:188} INFO - [2025-09-21T11:52:09.441+0000] {dagbag.py:538} INFO - Filling up the DagBag from /home/airflow/.local/lib/python3.8/site-packages/airflow/example_dags/example_xcom.py
[2025-09-21T11:52:09.459+0000] {processor.py:840} INFO - DAG(s) 'example_xcom' retrieved from /home/airflow/.local/lib/python3.8/site-packages/airflow/example_dags/example_xcom.py
[2025-09-21T11:52:09.500+0000] {logging_mixin.py:188} INFO - [2025-09-21T11:52:09.500+0000] {dag.py:3036} INFO - Sync 1 DAGs
[2025-09-21T11:52:09.554+0000] {logging_mixin.py:188} INFO - [2025-09-21T11:52:09.552+0000] {dag.py:3823} INFO - Setting next_dagrun for example_xcom to 2021-01-01 00:00:00+00:00, run_after=2021-01-01 00:00:00+00:00
[2025-09-21T11:52:09.601+0000] {processor.py:183} INFO - Processing /home/airflow/.local/lib/python3.8/site-packages/airflow/example_dags/example_xcom.py took 0.173 seconds
[2025-09-21T11:52:39.831+0000] {processor.py:161} INFO - Started process (PID=817) to work on /home/airflow/.local/lib/python3.8/site-packages/airflow/example_dags/example_xcom.py
[2025-09-21T11:52:39.835+0000] {processor.py:830} INFO - Processing file /home/airflow/.local/lib/python3.8/site-packages/airflow/example_dags/example_xcom.py for tasks to queue
[2025-09-21T11:52:39.879+0000] {logging_mixin.py:188} INFO - [2025-09-21T11:52:39.877+0000] {dagbag.py:538} INFO - Filling up the DagBag from /home/airflow/.local/lib/python3.8/site-packages/airflow/example_dags/example_xcom.py
[2025-09-21T11:52:39.955+0000] {processor.py:840} INFO - DAG(s) 'example_xcom' retrieved from /home/airflow/.local/lib/python3.8/site-packages/airflow/example_dags/example_xcom.py
[2025-09-21T11:52:40.004+0000] {logging_mixin.py:188} INFO - [2025-09-21T11:52:40.003+0000] {dag.py:3036} INFO - Sync 1 DAGs
[2025-09-21T11:52:40.046+0000] {logging_mixin.py:188} INFO - [2025-09-21T11:52:40.045+0000] {dag.py:3823} INFO - Setting next_dagrun for example_xcom to 2021-01-01 00:00:00+00:00, run_after=2021-01-01 00:00:00+00:00
[2025-09-21T11:52:40.095+0000] {processor.py:183} INFO - Processing /home/airflow/.local/lib/python3.8/site-packages/airflow/example_dags/example_xcom.py took 0.279 seconds
[2025-09-21T11:53:10.433+0000] {processor.py:161} INFO - Started process (PID=875) to work on /home/airflow/.local/lib/python3.8/site-packages/airflow/example_dags/example_xcom.py
[2025-09-21T11:53:10.436+0000] {processor.py:830} INFO - Processing file /home/airflow/.local/lib/python3.8/site-packages/airflow/example_dags/example_xcom.py for tasks to queue
[2025-09-21T11:53:10.444+0000] {logging_mixin.py:188} INFO - [2025-09-21T11:53:10.443+0000] {dagbag.py:538} INFO - Filling up the DagBag from /home/airflow/.local/lib/python3.8/site-packages/airflow/example_dags/example_xcom.py
[2025-09-21T11:53:10.466+0000] {processor.py:840} INFO - DAG(s) 'example_xcom' retrieved from /home/airflow/.local/lib/python3.8/site-packages/airflow/example_dags/example_xcom.py
[2025-09-21T11:53:10.518+0000] {logging_mixin.py:188} INFO - [2025-09-21T11:53:10.517+0000] {dag.py:3036} INFO - Sync 1 DAGs
[2025-09-21T11:53:10.621+0000] {logging_mixin.py:188} INFO - [2025-09-21T11:53:10.620+0000] {dag.py:3823} INFO - Setting next_dagrun for example_xcom to 2021-01-01 00:00:00+00:00, run_after=2021-01-01 00:00:00+00:00
[2025-09-21T11:53:10.671+0000] {processor.py:183} INFO - Processing /home/airflow/.local/lib/python3.8/site-packages/airflow/example_dags/example_xcom.py took 0.246 seconds
[2025-09-21T11:53:41.034+0000] {processor.py:161} INFO - Started process (PID=934) to work on /home/airflow/.local/lib/python3.8/site-packages/airflow/example_dags/example_xcom.py
[2025-09-21T11:53:41.037+0000] {processor.py:830} INFO - Processing file /home/airflow/.local/lib/python3.8/site-packages/airflow/example_dags/example_xcom.py for tasks to queue
[2025-09-21T11:53:41.043+0000] {logging_mixin.py:188} INFO - [2025-09-21T11:53:41.042+0000] {dagbag.py:538} INFO - Filling up the DagBag from /home/airflow/.local/lib/python3.8/site-packages/airflow/example_dags/example_xcom.py
[2025-09-21T11:53:41.065+0000] {processor.py:840} INFO - DAG(s) 'example_xcom' retrieved from /home/airflow/.local/lib/python3.8/site-packages/airflow/example_dags/example_xcom.py
[2025-09-21T11:53:41.124+0000] {logging_mixin.py:188} INFO - [2025-09-21T11:53:41.123+0000] {dag.py:3036} INFO - Sync 1 DAGs
[2025-09-21T11:53:41.185+0000] {logging_mixin.py:188} INFO - [2025-09-21T11:53:41.184+0000] {dag.py:3823} INFO - Setting next_dagrun for example_xcom to 2021-01-01 00:00:00+00:00, run_after=2021-01-01 00:00:00+00:00
[2025-09-21T11:53:41.243+0000] {processor.py:183} INFO - Processing /home/airflow/.local/lib/python3.8/site-packages/airflow/example_dags/example_xcom.py took 0.217 seconds
[2025-09-21T11:54:11.572+0000] {processor.py:161} INFO - Started process (PID=992) to work on /home/airflow/.local/lib/python3.8/site-packages/airflow/example_dags/example_xcom.py
[2025-09-21T11:54:11.575+0000] {processor.py:830} INFO - Processing file /home/airflow/.local/lib/python3.8/site-packages/airflow/example_dags/example_xcom.py for tasks to queue
[2025-09-21T11:54:11.580+0000] {logging_mixin.py:188} INFO - [2025-09-21T11:54:11.580+0000] {dagbag.py:538} INFO - Filling up the DagBag from /home/airflow/.local/lib/python3.8/site-packages/airflow/example_dags/example_xcom.py
[2025-09-21T11:54:11.600+0000] {processor.py:840} INFO - DAG(s) 'example_xcom' retrieved from /home/airflow/.local/lib/python3.8/site-packages/airflow/example_dags/example_xcom.py
[2025-09-21T11:54:11.653+0000] {logging_mixin.py:188} INFO - [2025-09-21T11:54:11.652+0000] {dag.py:3036} INFO - Sync 1 DAGs
[2025-09-21T11:54:11.710+0000] {logging_mixin.py:188} INFO - [2025-09-21T11:54:11.709+0000] {dag.py:3823} INFO - Setting next_dagrun for example_xcom to 2021-01-01 00:00:00+00:00, run_after=2021-01-01 00:00:00+00:00
[2025-09-21T11:54:11.764+0000] {processor.py:183} INFO - Processing /home/airflow/.local/lib/python3.8/site-packages/airflow/example_dags/example_xcom.py took 0.200 seconds
[2025-09-21T11:54:42.742+0000] {processor.py:161} INFO - Started process (PID=1050) to work on /home/airflow/.local/lib/python3.8/site-packages/airflow/example_dags/example_xcom.py
[2025-09-21T11:54:42.745+0000] {processor.py:830} INFO - Processing file /home/airflow/.local/lib/python3.8/site-packages/airflow/example_dags/example_xcom.py for tasks to queue
[2025-09-21T11:54:42.749+0000] {logging_mixin.py:188} INFO - [2025-09-21T11:54:42.748+0000] {dagbag.py:538} INFO - Filling up the DagBag from /home/airflow/.local/lib/python3.8/site-packages/airflow/example_dags/example_xcom.py
[2025-09-21T11:54:42.768+0000] {processor.py:840} INFO - DAG(s) 'example_xcom' retrieved from /home/airflow/.local/lib/python3.8/site-packages/airflow/example_dags/example_xcom.py
[2025-09-21T11:54:42.826+0000] {logging_mixin.py:188} INFO - [2025-09-21T11:54:42.826+0000] {dag.py:3036} INFO - Sync 1 DAGs
[2025-09-21T11:54:42.868+0000] {logging_mixin.py:188} INFO - [2025-09-21T11:54:42.868+0000] {dag.py:3823} INFO - Setting next_dagrun for example_xcom to 2021-01-01 00:00:00+00:00, run_after=2021-01-01 00:00:00+00:00
[2025-09-21T11:54:42.915+0000] {processor.py:183} INFO - Processing /home/airflow/.local/lib/python3.8/site-packages/airflow/example_dags/example_xcom.py took 0.181 seconds
[2025-09-21T11:55:13.177+0000] {processor.py:161} INFO - Started process (PID=1107) to work on /home/airflow/.local/lib/python3.8/site-packages/airflow/example_dags/example_xcom.py
[2025-09-21T11:55:13.179+0000] {processor.py:830} INFO - Processing file /home/airflow/.local/lib/python3.8/site-packages/airflow/example_dags/example_xcom.py for tasks to queue
[2025-09-21T11:55:13.182+0000] {logging_mixin.py:188} INFO - [2025-09-21T11:55:13.182+0000] {dagbag.py:538} INFO - Filling up the DagBag from /home/airflow/.local/lib/python3.8/site-packages/airflow/example_dags/example_xcom.py
[2025-09-21T11:55:13.199+0000] {processor.py:840} INFO - DAG(s) 'example_xcom' retrieved from /home/airflow/.local/lib/python3.8/site-packages/airflow/example_dags/example_xcom.py
[2025-09-21T11:55:13.240+0000] {logging_mixin.py:188} INFO - [2025-09-21T11:55:13.239+0000] {dag.py:3036} INFO - Sync 1 DAGs
[2025-09-21T11:55:13.284+0000] {logging_mixin.py:188} INFO - [2025-09-21T11:55:13.283+0000] {dag.py:3823} INFO - Setting next_dagrun for example_xcom to 2021-01-01 00:00:00+00:00, run_after=2021-01-01 00:00:00+00:00
[2025-09-21T11:55:13.337+0000] {processor.py:183} INFO - Processing /home/airflow/.local/lib/python3.8/site-packages/airflow/example_dags/example_xcom.py took 0.167 seconds
[2025-09-21T11:55:44.264+0000] {processor.py:161} INFO - Started process (PID=1165) to work on /home/airflow/.local/lib/python3.8/site-packages/airflow/example_dags/example_xcom.py
[2025-09-21T11:55:44.266+0000] {processor.py:830} INFO - Processing file /home/airflow/.local/lib/python3.8/site-packages/airflow/example_dags/example_xcom.py for tasks to queue
[2025-09-21T11:55:44.270+0000] {logging_mixin.py:188} INFO - [2025-09-21T11:55:44.269+0000] {dagbag.py:538} INFO - Filling up the DagBag from /home/airflow/.local/lib/python3.8/site-packages/airflow/example_dags/example_xcom.py
[2025-09-21T11:55:44.289+0000] {processor.py:840} INFO - DAG(s) 'example_xcom' retrieved from /home/airflow/.local/lib/python3.8/site-packages/airflow/example_dags/example_xcom.py
[2025-09-21T11:55:44.332+0000] {logging_mixin.py:188} INFO - [2025-09-21T11:55:44.332+0000] {dag.py:3036} INFO - Sync 1 DAGs
[2025-09-21T11:55:44.379+0000] {logging_mixin.py:188} INFO - [2025-09-21T11:55:44.378+0000] {dag.py:3823} INFO - Setting next_dagrun for example_xcom to 2021-01-01 00:00:00+00:00, run_after=2021-01-01 00:00:00+00:00
[2025-09-21T11:55:44.420+0000] {processor.py:183} INFO - Processing /home/airflow/.local/lib/python3.8/site-packages/airflow/example_dags/example_xcom.py took 0.164 seconds
[2025-09-21T11:56:15.308+0000] {processor.py:161} INFO - Started process (PID=1223) to work on /home/airflow/.local/lib/python3.8/site-packages/airflow/example_dags/example_xcom.py
[2025-09-21T11:56:15.313+0000] {processor.py:830} INFO - Processing file /home/airflow/.local/lib/python3.8/site-packages/airflow/example_dags/example_xcom.py for tasks to queue
[2025-09-21T11:56:15.320+0000] {logging_mixin.py:188} INFO - [2025-09-21T11:56:15.319+0000] {dagbag.py:538} INFO - Filling up the DagBag from /home/airflow/.local/lib/python3.8/site-packages/airflow/example_dags/example_xcom.py
[2025-09-21T11:56:15.348+0000] {processor.py:840} INFO - DAG(s) 'example_xcom' retrieved from /home/airflow/.local/lib/python3.8/site-packages/airflow/example_dags/example_xcom.py
[2025-09-21T11:56:15.401+0000] {logging_mixin.py:188} INFO - [2025-09-21T11:56:15.401+0000] {dag.py:3036} INFO - Sync 1 DAGs
[2025-09-21T11:56:15.448+0000] {logging_mixin.py:188} INFO - [2025-09-21T11:56:15.448+0000] {dag.py:3823} INFO - Setting next_dagrun for example_xcom to 2021-01-01 00:00:00+00:00, run_after=2021-01-01 00:00:00+00:00
[2025-09-21T11:56:15.498+0000] {processor.py:183} INFO - Processing /home/airflow/.local/lib/python3.8/site-packages/airflow/example_dags/example_xcom.py took 0.202 seconds
[2025-09-21T11:56:45.765+0000] {processor.py:161} INFO - Started process (PID=1281) to work on /home/airflow/.local/lib/python3.8/site-packages/airflow/example_dags/example_xcom.py
[2025-09-21T11:56:45.767+0000] {processor.py:830} INFO - Processing file /home/airflow/.local/lib/python3.8/site-packages/airflow/example_dags/example_xcom.py for tasks to queue
[2025-09-21T11:56:45.773+0000] {logging_mixin.py:188} INFO - [2025-09-21T11:56:45.772+0000] {dagbag.py:538} INFO - Filling up the DagBag from /home/airflow/.local/lib/python3.8/site-packages/airflow/example_dags/example_xcom.py
[2025-09-21T11:56:45.794+0000] {processor.py:840} INFO - DAG(s) 'example_xcom' retrieved from /home/airflow/.local/lib/python3.8/site-packages/airflow/example_dags/example_xcom.py
[2025-09-21T11:56:45.845+0000] {logging_mixin.py:188} INFO - [2025-09-21T11:56:45.844+0000] {dag.py:3036} INFO - Sync 1 DAGs
[2025-09-21T11:56:45.896+0000] {logging_mixin.py:188} INFO - [2025-09-21T11:56:45.895+0000] {dag.py:3823} INFO - Setting next_dagrun for example_xcom to 2021-01-01 00:00:00+00:00, run_after=2021-01-01 00:00:00+00:00
[2025-09-21T11:56:45.949+0000] {processor.py:183} INFO - Processing /home/airflow/.local/lib/python3.8/site-packages/airflow/example_dags/example_xcom.py took 0.192 seconds
[2025-09-21T11:57:16.378+0000] {processor.py:161} INFO - Started process (PID=1339) to work on /home/airflow/.local/lib/python3.8/site-packages/airflow/example_dags/example_xcom.py
[2025-09-21T11:57:16.380+0000] {processor.py:830} INFO - Processing file /home/airflow/.local/lib/python3.8/site-packages/airflow/example_dags/example_xcom.py for tasks to queue
[2025-09-21T11:57:16.384+0000] {logging_mixin.py:188} INFO - [2025-09-21T11:57:16.384+0000] {dagbag.py:538} INFO - Filling up the DagBag from /home/airflow/.local/lib/python3.8/site-packages/airflow/example_dags/example_xcom.py
[2025-09-21T11:57:16.399+0000] {processor.py:840} INFO - DAG(s) 'example_xcom' retrieved from /home/airflow/.local/lib/python3.8/site-packages/airflow/example_dags/example_xcom.py
[2025-09-21T11:57:16.443+0000] {logging_mixin.py:188} INFO - [2025-09-21T11:57:16.443+0000] {dag.py:3036} INFO - Sync 1 DAGs
[2025-09-21T11:57:16.497+0000] {logging_mixin.py:188} INFO - [2025-09-21T11:57:16.497+0000] {dag.py:3823} INFO - Setting next_dagrun for example_xcom to 2021-01-01 00:00:00+00:00, run_after=2021-01-01 00:00:00+00:00
[2025-09-21T11:57:16.762+0000] {processor.py:183} INFO - Processing /home/airflow/.local/lib/python3.8/site-packages/airflow/example_dags/example_xcom.py took 0.392 seconds
[2025-09-21T11:57:47.050+0000] {processor.py:161} INFO - Started process (PID=1397) to work on /home/airflow/.local/lib/python3.8/site-packages/airflow/example_dags/example_xcom.py
[2025-09-21T11:57:47.052+0000] {processor.py:830} INFO - Processing file /home/airflow/.local/lib/python3.8/site-packages/airflow/example_dags/example_xcom.py for tasks to queue
[2025-09-21T11:57:47.057+0000] {logging_mixin.py:188} INFO - [2025-09-21T11:57:47.056+0000] {dagbag.py:538} INFO - Filling up the DagBag from /home/airflow/.local/lib/python3.8/site-packages/airflow/example_dags/example_xcom.py
[2025-09-21T11:57:47.072+0000] {processor.py:840} INFO - DAG(s) 'example_xcom' retrieved from /home/airflow/.local/lib/python3.8/site-packages/airflow/example_dags/example_xcom.py
[2025-09-21T11:57:47.110+0000] {logging_mixin.py:188} INFO - [2025-09-21T11:57:47.109+0000] {dag.py:3036} INFO - Sync 1 DAGs
[2025-09-21T11:57:47.153+0000] {logging_mixin.py:188} INFO - [2025-09-21T11:57:47.152+0000] {dag.py:3823} INFO - Setting next_dagrun for example_xcom to 2021-01-01 00:00:00+00:00, run_after=2021-01-01 00:00:00+00:00
[2025-09-21T11:57:47.389+0000] {processor.py:183} INFO - Processing /home/airflow/.local/lib/python3.8/site-packages/airflow/example_dags/example_xcom.py took 0.345 seconds
[2025-09-21T11:58:18.012+0000] {processor.py:161} INFO - Started process (PID=1455) to work on /home/airflow/.local/lib/python3.8/site-packages/airflow/example_dags/example_xcom.py
[2025-09-21T11:58:18.014+0000] {processor.py:830} INFO - Processing file /home/airflow/.local/lib/python3.8/site-packages/airflow/example_dags/example_xcom.py for tasks to queue
[2025-09-21T11:58:18.017+0000] {logging_mixin.py:188} INFO - [2025-09-21T11:58:18.017+0000] {dagbag.py:538} INFO - Filling up the DagBag from /home/airflow/.local/lib/python3.8/site-packages/airflow/example_dags/example_xcom.py
[2025-09-21T11:58:18.032+0000] {processor.py:840} INFO - DAG(s) 'example_xcom' retrieved from /home/airflow/.local/lib/python3.8/site-packages/airflow/example_dags/example_xcom.py
[2025-09-21T11:58:18.071+0000] {logging_mixin.py:188} INFO - [2025-09-21T11:58:18.070+0000] {dag.py:3036} INFO - Sync 1 DAGs
[2025-09-21T11:58:18.357+0000] {logging_mixin.py:188} INFO - [2025-09-21T11:58:18.357+0000] {dag.py:3823} INFO - Setting next_dagrun for example_xcom to 2021-01-01 00:00:00+00:00, run_after=2021-01-01 00:00:00+00:00
[2025-09-21T11:58:18.400+0000] {processor.py:183} INFO - Processing /home/airflow/.local/lib/python3.8/site-packages/airflow/example_dags/example_xcom.py took 0.394 seconds
[2025-09-21T11:58:48.765+0000] {processor.py:161} INFO - Started process (PID=1513) to work on /home/airflow/.local/lib/python3.8/site-packages/airflow/example_dags/example_xcom.py
[2025-09-21T11:58:48.768+0000] {processor.py:830} INFO - Processing file /home/airflow/.local/lib/python3.8/site-packages/airflow/example_dags/example_xcom.py for tasks to queue
[2025-09-21T11:58:48.772+0000] {logging_mixin.py:188} INFO - [2025-09-21T11:58:48.772+0000] {dagbag.py:538} INFO - Filling up the DagBag from /home/airflow/.local/lib/python3.8/site-packages/airflow/example_dags/example_xcom.py
[2025-09-21T11:58:48.791+0000] {processor.py:840} INFO - DAG(s) 'example_xcom' retrieved from /home/airflow/.local/lib/python3.8/site-packages/airflow/example_dags/example_xcom.py
[2025-09-21T11:58:48.850+0000] {logging_mixin.py:188} INFO - [2025-09-21T11:58:48.850+0000] {dag.py:3036} INFO - Sync 1 DAGs
[2025-09-21T11:58:49.173+0000] {logging_mixin.py:188} INFO - [2025-09-21T11:58:49.173+0000] {dag.py:3823} INFO - Setting next_dagrun for example_xcom to 2021-01-01 00:00:00+00:00, run_after=2021-01-01 00:00:00+00:00
[2025-09-21T11:58:49.233+0000] {processor.py:183} INFO - Processing /home/airflow/.local/lib/python3.8/site-packages/airflow/example_dags/example_xcom.py took 0.475 seconds
[2025-09-21T11:59:19.379+0000] {processor.py:161} INFO - Started process (PID=1571) to work on /home/airflow/.local/lib/python3.8/site-packages/airflow/example_dags/example_xcom.py
[2025-09-21T11:59:19.383+0000] {processor.py:830} INFO - Processing file /home/airflow/.local/lib/python3.8/site-packages/airflow/example_dags/example_xcom.py for tasks to queue
[2025-09-21T11:59:19.389+0000] {logging_mixin.py:188} INFO - [2025-09-21T11:59:19.388+0000] {dagbag.py:538} INFO - Filling up the DagBag from /home/airflow/.local/lib/python3.8/site-packages/airflow/example_dags/example_xcom.py
[2025-09-21T11:59:19.419+0000] {processor.py:840} INFO - DAG(s) 'example_xcom' retrieved from /home/airflow/.local/lib/python3.8/site-packages/airflow/example_dags/example_xcom.py
[2025-09-21T11:59:19.499+0000] {logging_mixin.py:188} INFO - [2025-09-21T11:59:19.499+0000] {dag.py:3036} INFO - Sync 1 DAGs
[2025-09-21T11:59:19.575+0000] {logging_mixin.py:188} INFO - [2025-09-21T11:59:19.574+0000] {dag.py:3823} INFO - Setting next_dagrun for example_xcom to 2021-01-01 00:00:00+00:00, run_after=2021-01-01 00:00:00+00:00
[2025-09-21T11:59:19.635+0000] {processor.py:183} INFO - Processing /home/airflow/.local/lib/python3.8/site-packages/airflow/example_dags/example_xcom.py took 0.269 seconds
[2025-09-21T11:59:49.813+0000] {processor.py:161} INFO - Started process (PID=1629) to work on /home/airflow/.local/lib/python3.8/site-packages/airflow/example_dags/example_xcom.py
[2025-09-21T11:59:49.816+0000] {processor.py:830} INFO - Processing file /home/airflow/.local/lib/python3.8/site-packages/airflow/example_dags/example_xcom.py for tasks to queue
[2025-09-21T11:59:49.820+0000] {logging_mixin.py:188} INFO - [2025-09-21T11:59:49.819+0000] {dagbag.py:538} INFO - Filling up the DagBag from /home/airflow/.local/lib/python3.8/site-packages/airflow/example_dags/example_xcom.py
[2025-09-21T11:59:49.838+0000] {processor.py:840} INFO - DAG(s) 'example_xcom' retrieved from /home/airflow/.local/lib/python3.8/site-packages/airflow/example_dags/example_xcom.py
[2025-09-21T11:59:49.886+0000] {logging_mixin.py:188} INFO - [2025-09-21T11:59:49.886+0000] {dag.py:3036} INFO - Sync 1 DAGs
[2025-09-21T11:59:49.942+0000] {logging_mixin.py:188} INFO - [2025-09-21T11:59:49.941+0000] {dag.py:3823} INFO - Setting next_dagrun for example_xcom to 2021-01-01 00:00:00+00:00, run_after=2021-01-01 00:00:00+00:00
[2025-09-21T11:59:49.988+0000] {processor.py:183} INFO - Processing /home/airflow/.local/lib/python3.8/site-packages/airflow/example_dags/example_xcom.py took 0.183 seconds
[2025-09-21T12:00:20.580+0000] {processor.py:161} INFO - Started process (PID=1685) to work on /home/airflow/.local/lib/python3.8/site-packages/airflow/example_dags/example_xcom.py
[2025-09-21T12:00:20.582+0000] {processor.py:830} INFO - Processing file /home/airflow/.local/lib/python3.8/site-packages/airflow/example_dags/example_xcom.py for tasks to queue
[2025-09-21T12:00:20.598+0000] {logging_mixin.py:188} INFO - [2025-09-21T12:00:20.597+0000] {dagbag.py:538} INFO - Filling up the DagBag from /home/airflow/.local/lib/python3.8/site-packages/airflow/example_dags/example_xcom.py
[2025-09-21T12:00:20.650+0000] {processor.py:840} INFO - DAG(s) 'example_xcom' retrieved from /home/airflow/.local/lib/python3.8/site-packages/airflow/example_dags/example_xcom.py
[2025-09-21T12:00:20.734+0000] {logging_mixin.py:188} INFO - [2025-09-21T12:00:20.734+0000] {dag.py:3036} INFO - Sync 1 DAGs
[2025-09-21T12:00:20.814+0000] {logging_mixin.py:188} INFO - [2025-09-21T12:00:20.814+0000] {dag.py:3823} INFO - Setting next_dagrun for example_xcom to 2021-01-01 00:00:00+00:00, run_after=2021-01-01 00:00:00+00:00
[2025-09-21T12:00:20.879+0000] {processor.py:183} INFO - Processing /home/airflow/.local/lib/python3.8/site-packages/airflow/example_dags/example_xcom.py took 0.314 seconds
[2025-09-21T12:00:51.251+0000] {processor.py:161} INFO - Started process (PID=1743) to work on /home/airflow/.local/lib/python3.8/site-packages/airflow/example_dags/example_xcom.py
[2025-09-21T12:00:51.254+0000] {processor.py:830} INFO - Processing file /home/airflow/.local/lib/python3.8/site-packages/airflow/example_dags/example_xcom.py for tasks to queue
[2025-09-21T12:00:51.258+0000] {logging_mixin.py:188} INFO - [2025-09-21T12:00:51.257+0000] {dagbag.py:538} INFO - Filling up the DagBag from /home/airflow/.local/lib/python3.8/site-packages/airflow/example_dags/example_xcom.py
[2025-09-21T12:00:51.274+0000] {processor.py:840} INFO - DAG(s) 'example_xcom' retrieved from /home/airflow/.local/lib/python3.8/site-packages/airflow/example_dags/example_xcom.py
[2025-09-21T12:00:51.317+0000] {logging_mixin.py:188} INFO - [2025-09-21T12:00:51.316+0000] {dag.py:3036} INFO - Sync 1 DAGs
[2025-09-21T12:00:51.371+0000] {logging_mixin.py:188} INFO - [2025-09-21T12:00:51.371+0000] {dag.py:3823} INFO - Setting next_dagrun for example_xcom to 2021-01-01 00:00:00+00:00, run_after=2021-01-01 00:00:00+00:00
[2025-09-21T12:00:51.419+0000] {processor.py:183} INFO - Processing /home/airflow/.local/lib/python3.8/site-packages/airflow/example_dags/example_xcom.py took 0.175 seconds
[2025-09-21T12:01:21.668+0000] {processor.py:161} INFO - Started process (PID=1801) to work on /home/airflow/.local/lib/python3.8/site-packages/airflow/example_dags/example_xcom.py
[2025-09-21T12:01:21.670+0000] {processor.py:830} INFO - Processing file /home/airflow/.local/lib/python3.8/site-packages/airflow/example_dags/example_xcom.py for tasks to queue
[2025-09-21T12:01:21.674+0000] {logging_mixin.py:188} INFO - [2025-09-21T12:01:21.673+0000] {dagbag.py:538} INFO - Filling up the DagBag from /home/airflow/.local/lib/python3.8/site-packages/airflow/example_dags/example_xcom.py
[2025-09-21T12:01:21.692+0000] {processor.py:840} INFO - DAG(s) 'example_xcom' retrieved from /home/airflow/.local/lib/python3.8/site-packages/airflow/example_dags/example_xcom.py
[2025-09-21T12:01:21.739+0000] {logging_mixin.py:188} INFO - [2025-09-21T12:01:21.739+0000] {dag.py:3036} INFO - Sync 1 DAGs
[2025-09-21T12:01:21.790+0000] {logging_mixin.py:188} INFO - [2025-09-21T12:01:21.790+0000] {dag.py:3823} INFO - Setting next_dagrun for example_xcom to 2021-01-01 00:00:00+00:00, run_after=2021-01-01 00:00:00+00:00
[2025-09-21T12:01:21.838+0000] {processor.py:183} INFO - Processing /home/airflow/.local/lib/python3.8/site-packages/airflow/example_dags/example_xcom.py took 0.176 seconds
[2025-09-21T12:01:52.556+0000] {processor.py:161} INFO - Started process (PID=1859) to work on /home/airflow/.local/lib/python3.8/site-packages/airflow/example_dags/example_xcom.py
[2025-09-21T12:01:52.559+0000] {processor.py:830} INFO - Processing file /home/airflow/.local/lib/python3.8/site-packages/airflow/example_dags/example_xcom.py for tasks to queue
[2025-09-21T12:01:52.563+0000] {logging_mixin.py:188} INFO - [2025-09-21T12:01:52.563+0000] {dagbag.py:538} INFO - Filling up the DagBag from /home/airflow/.local/lib/python3.8/site-packages/airflow/example_dags/example_xcom.py
[2025-09-21T12:01:52.583+0000] {processor.py:840} INFO - DAG(s) 'example_xcom' retrieved from /home/airflow/.local/lib/python3.8/site-packages/airflow/example_dags/example_xcom.py
[2025-09-21T12:01:52.634+0000] {logging_mixin.py:188} INFO - [2025-09-21T12:01:52.633+0000] {dag.py:3036} INFO - Sync 1 DAGs
[2025-09-21T12:01:52.682+0000] {logging_mixin.py:188} INFO - [2025-09-21T12:01:52.682+0000] {dag.py:3823} INFO - Setting next_dagrun for example_xcom to 2021-01-01 00:00:00+00:00, run_after=2021-01-01 00:00:00+00:00
[2025-09-21T12:01:52.732+0000] {processor.py:183} INFO - Processing /home/airflow/.local/lib/python3.8/site-packages/airflow/example_dags/example_xcom.py took 0.184 seconds
[2025-09-21T12:02:22.840+0000] {processor.py:161} INFO - Started process (PID=1917) to work on /home/airflow/.local/lib/python3.8/site-packages/airflow/example_dags/example_xcom.py
[2025-09-21T12:02:22.843+0000] {processor.py:830} INFO - Processing file /home/airflow/.local/lib/python3.8/site-packages/airflow/example_dags/example_xcom.py for tasks to queue
[2025-09-21T12:02:22.848+0000] {logging_mixin.py:188} INFO - [2025-09-21T12:02:22.847+0000] {dagbag.py:538} INFO - Filling up the DagBag from /home/airflow/.local/lib/python3.8/site-packages/airflow/example_dags/example_xcom.py
[2025-09-21T12:02:22.865+0000] {processor.py:840} INFO - DAG(s) 'example_xcom' retrieved from /home/airflow/.local/lib/python3.8/site-packages/airflow/example_dags/example_xcom.py
[2025-09-21T12:02:22.904+0000] {logging_mixin.py:188} INFO - [2025-09-21T12:02:22.904+0000] {dag.py:3036} INFO - Sync 1 DAGs
[2025-09-21T12:02:22.958+0000] {logging_mixin.py:188} INFO - [2025-09-21T12:02:22.957+0000] {dag.py:3823} INFO - Setting next_dagrun for example_xcom to 2021-01-01 00:00:00+00:00, run_after=2021-01-01 00:00:00+00:00
[2025-09-21T12:02:22.992+0000] {processor.py:183} INFO - Processing /home/airflow/.local/lib/python3.8/site-packages/airflow/example_dags/example_xcom.py took 0.159 seconds
[2025-09-21T12:02:53.837+0000] {processor.py:161} INFO - Started process (PID=1975) to work on /home/airflow/.local/lib/python3.8/site-packages/airflow/example_dags/example_xcom.py
[2025-09-21T12:02:53.840+0000] {processor.py:830} INFO - Processing file /home/airflow/.local/lib/python3.8/site-packages/airflow/example_dags/example_xcom.py for tasks to queue
[2025-09-21T12:02:53.844+0000] {logging_mixin.py:188} INFO - [2025-09-21T12:02:53.843+0000] {dagbag.py:538} INFO - Filling up the DagBag from /home/airflow/.local/lib/python3.8/site-packages/airflow/example_dags/example_xcom.py
[2025-09-21T12:02:53.870+0000] {processor.py:840} INFO - DAG(s) 'example_xcom' retrieved from /home/airflow/.local/lib/python3.8/site-packages/airflow/example_dags/example_xcom.py
[2025-09-21T12:02:53.912+0000] {logging_mixin.py:188} INFO - [2025-09-21T12:02:53.911+0000] {dag.py:3036} INFO - Sync 1 DAGs
[2025-09-21T12:02:53.957+0000] {logging_mixin.py:188} INFO - [2025-09-21T12:02:53.957+0000] {dag.py:3823} INFO - Setting next_dagrun for example_xcom to 2021-01-01 00:00:00+00:00, run_after=2021-01-01 00:00:00+00:00
[2025-09-21T12:02:53.992+0000] {processor.py:183} INFO - Processing /home/airflow/.local/lib/python3.8/site-packages/airflow/example_dags/example_xcom.py took 0.171 seconds
[2025-09-21T12:03:24.096+0000] {processor.py:161} INFO - Started process (PID=2031) to work on /home/airflow/.local/lib/python3.8/site-packages/airflow/example_dags/example_xcom.py
[2025-09-21T12:03:24.099+0000] {processor.py:830} INFO - Processing file /home/airflow/.local/lib/python3.8/site-packages/airflow/example_dags/example_xcom.py for tasks to queue
[2025-09-21T12:03:24.104+0000] {logging_mixin.py:188} INFO - [2025-09-21T12:03:24.103+0000] {dagbag.py:538} INFO - Filling up the DagBag from /home/airflow/.local/lib/python3.8/site-packages/airflow/example_dags/example_xcom.py
[2025-09-21T12:03:24.125+0000] {processor.py:840} INFO - DAG(s) 'example_xcom' retrieved from /home/airflow/.local/lib/python3.8/site-packages/airflow/example_dags/example_xcom.py
[2025-09-21T12:03:24.176+0000] {logging_mixin.py:188} INFO - [2025-09-21T12:03:24.176+0000] {dag.py:3036} INFO - Sync 1 DAGs
[2025-09-21T12:03:24.249+0000] {logging_mixin.py:188} INFO - [2025-09-21T12:03:24.248+0000] {dag.py:3823} INFO - Setting next_dagrun for example_xcom to 2021-01-01 00:00:00+00:00, run_after=2021-01-01 00:00:00+00:00
[2025-09-21T12:03:24.310+0000] {processor.py:183} INFO - Processing /home/airflow/.local/lib/python3.8/site-packages/airflow/example_dags/example_xcom.py took 0.223 seconds
[2025-09-21T12:03:54.500+0000] {processor.py:161} INFO - Started process (PID=2089) to work on /home/airflow/.local/lib/python3.8/site-packages/airflow/example_dags/example_xcom.py
[2025-09-21T12:03:54.502+0000] {processor.py:830} INFO - Processing file /home/airflow/.local/lib/python3.8/site-packages/airflow/example_dags/example_xcom.py for tasks to queue
[2025-09-21T12:03:54.506+0000] {logging_mixin.py:188} INFO - [2025-09-21T12:03:54.506+0000] {dagbag.py:538} INFO - Filling up the DagBag from /home/airflow/.local/lib/python3.8/site-packages/airflow/example_dags/example_xcom.py
[2025-09-21T12:03:54.523+0000] {processor.py:840} INFO - DAG(s) 'example_xcom' retrieved from /home/airflow/.local/lib/python3.8/site-packages/airflow/example_dags/example_xcom.py
[2025-09-21T12:03:54.595+0000] {logging_mixin.py:188} INFO - [2025-09-21T12:03:54.594+0000] {dag.py:3036} INFO - Sync 1 DAGs
[2025-09-21T12:03:54.672+0000] {logging_mixin.py:188} INFO - [2025-09-21T12:03:54.672+0000] {dag.py:3823} INFO - Setting next_dagrun for example_xcom to 2021-01-01 00:00:00+00:00, run_after=2021-01-01 00:00:00+00:00
[2025-09-21T12:03:54.712+0000] {processor.py:183} INFO - Processing /home/airflow/.local/lib/python3.8/site-packages/airflow/example_dags/example_xcom.py took 0.218 seconds
[2025-09-21T12:04:24.928+0000] {processor.py:161} INFO - Started process (PID=2147) to work on /home/airflow/.local/lib/python3.8/site-packages/airflow/example_dags/example_xcom.py
[2025-09-21T12:04:24.931+0000] {processor.py:830} INFO - Processing file /home/airflow/.local/lib/python3.8/site-packages/airflow/example_dags/example_xcom.py for tasks to queue
[2025-09-21T12:04:24.937+0000] {logging_mixin.py:188} INFO - [2025-09-21T12:04:24.936+0000] {dagbag.py:538} INFO - Filling up the DagBag from /home/airflow/.local/lib/python3.8/site-packages/airflow/example_dags/example_xcom.py
[2025-09-21T12:04:24.969+0000] {processor.py:840} INFO - DAG(s) 'example_xcom' retrieved from /home/airflow/.local/lib/python3.8/site-packages/airflow/example_dags/example_xcom.py
[2025-09-21T12:04:25.051+0000] {logging_mixin.py:188} INFO - [2025-09-21T12:04:25.051+0000] {dag.py:3036} INFO - Sync 1 DAGs
[2025-09-21T12:04:25.125+0000] {logging_mixin.py:188} INFO - [2025-09-21T12:04:25.124+0000] {dag.py:3823} INFO - Setting next_dagrun for example_xcom to 2021-01-01 00:00:00+00:00, run_after=2021-01-01 00:00:00+00:00
[2025-09-21T12:04:25.188+0000] {processor.py:183} INFO - Processing /home/airflow/.local/lib/python3.8/site-packages/airflow/example_dags/example_xcom.py took 0.269 seconds
[2025-09-21T12:04:55.616+0000] {processor.py:161} INFO - Started process (PID=2211) to work on /home/airflow/.local/lib/python3.8/site-packages/airflow/example_dags/example_xcom.py
[2025-09-21T12:04:55.618+0000] {processor.py:830} INFO - Processing file /home/airflow/.local/lib/python3.8/site-packages/airflow/example_dags/example_xcom.py for tasks to queue
[2025-09-21T12:04:55.623+0000] {logging_mixin.py:188} INFO - [2025-09-21T12:04:55.622+0000] {dagbag.py:538} INFO - Filling up the DagBag from /home/airflow/.local/lib/python3.8/site-packages/airflow/example_dags/example_xcom.py
[2025-09-21T12:04:55.640+0000] {processor.py:840} INFO - DAG(s) 'example_xcom' retrieved from /home/airflow/.local/lib/python3.8/site-packages/airflow/example_dags/example_xcom.py
[2025-09-21T12:04:55.682+0000] {logging_mixin.py:188} INFO - [2025-09-21T12:04:55.681+0000] {dag.py:3036} INFO - Sync 1 DAGs
[2025-09-21T12:04:55.733+0000] {logging_mixin.py:188} INFO - [2025-09-21T12:04:55.733+0000] {dag.py:3823} INFO - Setting next_dagrun for example_xcom to 2021-01-01 00:00:00+00:00, run_after=2021-01-01 00:00:00+00:00
[2025-09-21T12:04:55.781+0000] {processor.py:183} INFO - Processing /home/airflow/.local/lib/python3.8/site-packages/airflow/example_dags/example_xcom.py took 0.173 seconds
[2025-09-21T12:05:26.652+0000] {processor.py:161} INFO - Started process (PID=2269) to work on /home/airflow/.local/lib/python3.8/site-packages/airflow/example_dags/example_xcom.py
[2025-09-21T12:05:26.654+0000] {processor.py:830} INFO - Processing file /home/airflow/.local/lib/python3.8/site-packages/airflow/example_dags/example_xcom.py for tasks to queue
[2025-09-21T12:05:26.658+0000] {logging_mixin.py:188} INFO - [2025-09-21T12:05:26.657+0000] {dagbag.py:538} INFO - Filling up the DagBag from /home/airflow/.local/lib/python3.8/site-packages/airflow/example_dags/example_xcom.py
[2025-09-21T12:05:26.671+0000] {processor.py:840} INFO - DAG(s) 'example_xcom' retrieved from /home/airflow/.local/lib/python3.8/site-packages/airflow/example_dags/example_xcom.py
[2025-09-21T12:05:26.715+0000] {logging_mixin.py:188} INFO - [2025-09-21T12:05:26.714+0000] {dag.py:3036} INFO - Sync 1 DAGs
[2025-09-21T12:05:26.797+0000] {logging_mixin.py:188} INFO - [2025-09-21T12:05:26.796+0000] {dag.py:3823} INFO - Setting next_dagrun for example_xcom to 2021-01-01 00:00:00+00:00, run_after=2021-01-01 00:00:00+00:00
[2025-09-21T12:05:26.905+0000] {processor.py:183} INFO - Processing /home/airflow/.local/lib/python3.8/site-packages/airflow/example_dags/example_xcom.py took 0.258 seconds
[2025-09-21T12:05:57.145+0000] {processor.py:161} INFO - Started process (PID=2327) to work on /home/airflow/.local/lib/python3.8/site-packages/airflow/example_dags/example_xcom.py
[2025-09-21T12:05:57.147+0000] {processor.py:830} INFO - Processing file /home/airflow/.local/lib/python3.8/site-packages/airflow/example_dags/example_xcom.py for tasks to queue
[2025-09-21T12:05:57.152+0000] {logging_mixin.py:188} INFO - [2025-09-21T12:05:57.151+0000] {dagbag.py:538} INFO - Filling up the DagBag from /home/airflow/.local/lib/python3.8/site-packages/airflow/example_dags/example_xcom.py
[2025-09-21T12:05:57.174+0000] {processor.py:840} INFO - DAG(s) 'example_xcom' retrieved from /home/airflow/.local/lib/python3.8/site-packages/airflow/example_dags/example_xcom.py
[2025-09-21T12:05:57.229+0000] {logging_mixin.py:188} INFO - [2025-09-21T12:05:57.229+0000] {dag.py:3036} INFO - Sync 1 DAGs
[2025-09-21T12:05:57.281+0000] {logging_mixin.py:188} INFO - [2025-09-21T12:05:57.281+0000] {dag.py:3823} INFO - Setting next_dagrun for example_xcom to 2021-01-01 00:00:00+00:00, run_after=2021-01-01 00:00:00+00:00
[2025-09-21T12:05:57.325+0000] {processor.py:183} INFO - Processing /home/airflow/.local/lib/python3.8/site-packages/airflow/example_dags/example_xcom.py took 0.187 seconds
[2025-09-21T12:06:27.826+0000] {processor.py:161} INFO - Started process (PID=2385) to work on /home/airflow/.local/lib/python3.8/site-packages/airflow/example_dags/example_xcom.py
[2025-09-21T12:06:27.830+0000] {processor.py:830} INFO - Processing file /home/airflow/.local/lib/python3.8/site-packages/airflow/example_dags/example_xcom.py for tasks to queue
[2025-09-21T12:06:27.838+0000] {logging_mixin.py:188} INFO - [2025-09-21T12:06:27.837+0000] {dagbag.py:538} INFO - Filling up the DagBag from /home/airflow/.local/lib/python3.8/site-packages/airflow/example_dags/example_xcom.py
[2025-09-21T12:06:27.868+0000] {processor.py:840} INFO - DAG(s) 'example_xcom' retrieved from /home/airflow/.local/lib/python3.8/site-packages/airflow/example_dags/example_xcom.py
[2025-09-21T12:06:28.046+0000] {logging_mixin.py:188} INFO - [2025-09-21T12:06:28.045+0000] {dag.py:3036} INFO - Sync 1 DAGs
[2025-09-21T12:06:28.108+0000] {logging_mixin.py:188} INFO - [2025-09-21T12:06:28.108+0000] {dag.py:3823} INFO - Setting next_dagrun for example_xcom to 2021-01-01 00:00:00+00:00, run_after=2021-01-01 00:00:00+00:00
[2025-09-21T12:06:28.152+0000] {processor.py:183} INFO - Processing /home/airflow/.local/lib/python3.8/site-packages/airflow/example_dags/example_xcom.py took 0.340 seconds
[2025-09-21T12:06:58.928+0000] {processor.py:161} INFO - Started process (PID=2444) to work on /home/airflow/.local/lib/python3.8/site-packages/airflow/example_dags/example_xcom.py
[2025-09-21T12:06:58.932+0000] {processor.py:830} INFO - Processing file /home/airflow/.local/lib/python3.8/site-packages/airflow/example_dags/example_xcom.py for tasks to queue
[2025-09-21T12:06:58.937+0000] {logging_mixin.py:188} INFO - [2025-09-21T12:06:58.936+0000] {dagbag.py:538} INFO - Filling up the DagBag from /home/airflow/.local/lib/python3.8/site-packages/airflow/example_dags/example_xcom.py
[2025-09-21T12:06:58.961+0000] {processor.py:840} INFO - DAG(s) 'example_xcom' retrieved from /home/airflow/.local/lib/python3.8/site-packages/airflow/example_dags/example_xcom.py
[2025-09-21T12:06:59.020+0000] {logging_mixin.py:188} INFO - [2025-09-21T12:06:59.019+0000] {dag.py:3036} INFO - Sync 1 DAGs
[2025-09-21T12:06:59.081+0000] {logging_mixin.py:188} INFO - [2025-09-21T12:06:59.080+0000] {dag.py:3823} INFO - Setting next_dagrun for example_xcom to 2021-01-01 00:00:00+00:00, run_after=2021-01-01 00:00:00+00:00
[2025-09-21T12:06:59.128+0000] {processor.py:183} INFO - Processing /home/airflow/.local/lib/python3.8/site-packages/airflow/example_dags/example_xcom.py took 0.210 seconds
[2025-09-21T12:07:29.990+0000] {processor.py:161} INFO - Started process (PID=2502) to work on /home/airflow/.local/lib/python3.8/site-packages/airflow/example_dags/example_xcom.py
[2025-09-21T12:07:29.993+0000] {processor.py:830} INFO - Processing file /home/airflow/.local/lib/python3.8/site-packages/airflow/example_dags/example_xcom.py for tasks to queue
[2025-09-21T12:07:29.998+0000] {logging_mixin.py:188} INFO - [2025-09-21T12:07:29.997+0000] {dagbag.py:538} INFO - Filling up the DagBag from /home/airflow/.local/lib/python3.8/site-packages/airflow/example_dags/example_xcom.py
[2025-09-21T12:07:30.014+0000] {processor.py:840} INFO - DAG(s) 'example_xcom' retrieved from /home/airflow/.local/lib/python3.8/site-packages/airflow/example_dags/example_xcom.py
[2025-09-21T12:07:30.051+0000] {logging_mixin.py:188} INFO - [2025-09-21T12:07:30.051+0000] {dag.py:3036} INFO - Sync 1 DAGs
[2025-09-21T12:07:30.091+0000] {logging_mixin.py:188} INFO - [2025-09-21T12:07:30.091+0000] {dag.py:3823} INFO - Setting next_dagrun for example_xcom to 2021-01-01 00:00:00+00:00, run_after=2021-01-01 00:00:00+00:00
[2025-09-21T12:07:30.129+0000] {processor.py:183} INFO - Processing /home/airflow/.local/lib/python3.8/site-packages/airflow/example_dags/example_xcom.py took 0.146 seconds
[2025-09-21T12:08:00.398+0000] {processor.py:161} INFO - Started process (PID=2560) to work on /home/airflow/.local/lib/python3.8/site-packages/airflow/example_dags/example_xcom.py
[2025-09-21T12:08:00.400+0000] {processor.py:830} INFO - Processing file /home/airflow/.local/lib/python3.8/site-packages/airflow/example_dags/example_xcom.py for tasks to queue
[2025-09-21T12:08:00.406+0000] {logging_mixin.py:188} INFO - [2025-09-21T12:08:00.405+0000] {dagbag.py:538} INFO - Filling up the DagBag from /home/airflow/.local/lib/python3.8/site-packages/airflow/example_dags/example_xcom.py
[2025-09-21T12:08:00.425+0000] {processor.py:840} INFO - DAG(s) 'example_xcom' retrieved from /home/airflow/.local/lib/python3.8/site-packages/airflow/example_dags/example_xcom.py
[2025-09-21T12:08:00.471+0000] {logging_mixin.py:188} INFO - [2025-09-21T12:08:00.470+0000] {dag.py:3036} INFO - Sync 1 DAGs
[2025-09-21T12:08:00.524+0000] {logging_mixin.py:188} INFO - [2025-09-21T12:08:00.523+0000] {dag.py:3823} INFO - Setting next_dagrun for example_xcom to 2021-01-01 00:00:00+00:00, run_after=2021-01-01 00:00:00+00:00
[2025-09-21T12:08:00.564+0000] {processor.py:183} INFO - Processing /home/airflow/.local/lib/python3.8/site-packages/airflow/example_dags/example_xcom.py took 0.179 seconds
[2025-09-21T12:08:31.240+0000] {processor.py:161} INFO - Started process (PID=2618) to work on /home/airflow/.local/lib/python3.8/site-packages/airflow/example_dags/example_xcom.py
[2025-09-21T12:08:31.242+0000] {processor.py:830} INFO - Processing file /home/airflow/.local/lib/python3.8/site-packages/airflow/example_dags/example_xcom.py for tasks to queue
[2025-09-21T12:08:31.246+0000] {logging_mixin.py:188} INFO - [2025-09-21T12:08:31.245+0000] {dagbag.py:538} INFO - Filling up the DagBag from /home/airflow/.local/lib/python3.8/site-packages/airflow/example_dags/example_xcom.py
[2025-09-21T12:08:31.260+0000] {processor.py:840} INFO - DAG(s) 'example_xcom' retrieved from /home/airflow/.local/lib/python3.8/site-packages/airflow/example_dags/example_xcom.py
[2025-09-21T12:08:31.303+0000] {logging_mixin.py:188} INFO - [2025-09-21T12:08:31.302+0000] {dag.py:3036} INFO - Sync 1 DAGs
[2025-09-21T12:08:31.350+0000] {logging_mixin.py:188} INFO - [2025-09-21T12:08:31.350+0000] {dag.py:3823} INFO - Setting next_dagrun for example_xcom to 2021-01-01 00:00:00+00:00, run_after=2021-01-01 00:00:00+00:00
[2025-09-21T12:08:31.387+0000] {processor.py:183} INFO - Processing /home/airflow/.local/lib/python3.8/site-packages/airflow/example_dags/example_xcom.py took 0.157 seconds
[2025-09-21T12:09:01.695+0000] {processor.py:161} INFO - Started process (PID=2676) to work on /home/airflow/.local/lib/python3.8/site-packages/airflow/example_dags/example_xcom.py
[2025-09-21T12:09:01.699+0000] {processor.py:830} INFO - Processing file /home/airflow/.local/lib/python3.8/site-packages/airflow/example_dags/example_xcom.py for tasks to queue
[2025-09-21T12:09:01.707+0000] {logging_mixin.py:188} INFO - [2025-09-21T12:09:01.706+0000] {dagbag.py:538} INFO - Filling up the DagBag from /home/airflow/.local/lib/python3.8/site-packages/airflow/example_dags/example_xcom.py
[2025-09-21T12:09:01.741+0000] {processor.py:840} INFO - DAG(s) 'example_xcom' retrieved from /home/airflow/.local/lib/python3.8/site-packages/airflow/example_dags/example_xcom.py
[2025-09-21T12:09:01.831+0000] {logging_mixin.py:188} INFO - [2025-09-21T12:09:01.830+0000] {dag.py:3036} INFO - Sync 1 DAGs
[2025-09-21T12:09:01.917+0000] {logging_mixin.py:188} INFO - [2025-09-21T12:09:01.916+0000] {dag.py:3823} INFO - Setting next_dagrun for example_xcom to 2021-01-01 00:00:00+00:00, run_after=2021-01-01 00:00:00+00:00
[2025-09-21T12:09:01.998+0000] {processor.py:183} INFO - Processing /home/airflow/.local/lib/python3.8/site-packages/airflow/example_dags/example_xcom.py took 0.319 seconds
[2025-09-21T12:09:32.135+0000] {processor.py:161} INFO - Started process (PID=2735) to work on /home/airflow/.local/lib/python3.8/site-packages/airflow/example_dags/example_xcom.py
[2025-09-21T12:09:32.139+0000] {processor.py:830} INFO - Processing file /home/airflow/.local/lib/python3.8/site-packages/airflow/example_dags/example_xcom.py for tasks to queue
[2025-09-21T12:09:32.144+0000] {logging_mixin.py:188} INFO - [2025-09-21T12:09:32.143+0000] {dagbag.py:538} INFO - Filling up the DagBag from /home/airflow/.local/lib/python3.8/site-packages/airflow/example_dags/example_xcom.py
[2025-09-21T12:09:32.168+0000] {processor.py:840} INFO - DAG(s) 'example_xcom' retrieved from /home/airflow/.local/lib/python3.8/site-packages/airflow/example_dags/example_xcom.py
[2025-09-21T12:09:32.225+0000] {logging_mixin.py:188} INFO - [2025-09-21T12:09:32.224+0000] {dag.py:3036} INFO - Sync 1 DAGs
[2025-09-21T12:09:32.296+0000] {logging_mixin.py:188} INFO - [2025-09-21T12:09:32.295+0000] {dag.py:3823} INFO - Setting next_dagrun for example_xcom to 2021-01-01 00:00:00+00:00, run_after=2021-01-01 00:00:00+00:00
[2025-09-21T12:09:32.353+0000] {processor.py:183} INFO - Processing /home/airflow/.local/lib/python3.8/site-packages/airflow/example_dags/example_xcom.py took 0.226 seconds
[2025-09-21T12:10:02.876+0000] {processor.py:161} INFO - Started process (PID=2793) to work on /home/airflow/.local/lib/python3.8/site-packages/airflow/example_dags/example_xcom.py
[2025-09-21T12:10:02.881+0000] {processor.py:830} INFO - Processing file /home/airflow/.local/lib/python3.8/site-packages/airflow/example_dags/example_xcom.py for tasks to queue
[2025-09-21T12:10:02.889+0000] {logging_mixin.py:188} INFO - [2025-09-21T12:10:02.887+0000] {dagbag.py:538} INFO - Filling up the DagBag from /home/airflow/.local/lib/python3.8/site-packages/airflow/example_dags/example_xcom.py
[2025-09-21T12:10:02.921+0000] {processor.py:840} INFO - DAG(s) 'example_xcom' retrieved from /home/airflow/.local/lib/python3.8/site-packages/airflow/example_dags/example_xcom.py
[2025-09-21T12:10:03.014+0000] {logging_mixin.py:188} INFO - [2025-09-21T12:10:03.013+0000] {dag.py:3036} INFO - Sync 1 DAGs
[2025-09-21T12:10:03.128+0000] {logging_mixin.py:188} INFO - [2025-09-21T12:10:03.127+0000] {dag.py:3823} INFO - Setting next_dagrun for example_xcom to 2021-01-01 00:00:00+00:00, run_after=2021-01-01 00:00:00+00:00
[2025-09-21T12:10:03.210+0000] {processor.py:183} INFO - Processing /home/airflow/.local/lib/python3.8/site-packages/airflow/example_dags/example_xcom.py took 0.347 seconds
[2025-09-21T12:10:33.700+0000] {processor.py:161} INFO - Started process (PID=2851) to work on /home/airflow/.local/lib/python3.8/site-packages/airflow/example_dags/example_xcom.py
[2025-09-21T12:10:33.703+0000] {processor.py:830} INFO - Processing file /home/airflow/.local/lib/python3.8/site-packages/airflow/example_dags/example_xcom.py for tasks to queue
[2025-09-21T12:10:33.708+0000] {logging_mixin.py:188} INFO - [2025-09-21T12:10:33.707+0000] {dagbag.py:538} INFO - Filling up the DagBag from /home/airflow/.local/lib/python3.8/site-packages/airflow/example_dags/example_xcom.py
[2025-09-21T12:10:33.727+0000] {processor.py:840} INFO - DAG(s) 'example_xcom' retrieved from /home/airflow/.local/lib/python3.8/site-packages/airflow/example_dags/example_xcom.py
[2025-09-21T12:10:33.772+0000] {logging_mixin.py:188} INFO - [2025-09-21T12:10:33.772+0000] {dag.py:3036} INFO - Sync 1 DAGs
[2025-09-21T12:10:33.820+0000] {logging_mixin.py:188} INFO - [2025-09-21T12:10:33.820+0000] {dag.py:3823} INFO - Setting next_dagrun for example_xcom to 2021-01-01 00:00:00+00:00, run_after=2021-01-01 00:00:00+00:00
[2025-09-21T12:10:33.857+0000] {processor.py:183} INFO - Processing /home/airflow/.local/lib/python3.8/site-packages/airflow/example_dags/example_xcom.py took 0.165 seconds
[2025-09-21T12:11:03.939+0000] {processor.py:161} INFO - Started process (PID=2909) to work on /home/airflow/.local/lib/python3.8/site-packages/airflow/example_dags/example_xcom.py
[2025-09-21T12:11:03.942+0000] {processor.py:830} INFO - Processing file /home/airflow/.local/lib/python3.8/site-packages/airflow/example_dags/example_xcom.py for tasks to queue
[2025-09-21T12:11:03.947+0000] {logging_mixin.py:188} INFO - [2025-09-21T12:11:03.946+0000] {dagbag.py:538} INFO - Filling up the DagBag from /home/airflow/.local/lib/python3.8/site-packages/airflow/example_dags/example_xcom.py
[2025-09-21T12:11:03.966+0000] {processor.py:840} INFO - DAG(s) 'example_xcom' retrieved from /home/airflow/.local/lib/python3.8/site-packages/airflow/example_dags/example_xcom.py
[2025-09-21T12:11:04.026+0000] {logging_mixin.py:188} INFO - [2025-09-21T12:11:04.025+0000] {dag.py:3036} INFO - Sync 1 DAGs
[2025-09-21T12:11:04.090+0000] {logging_mixin.py:188} INFO - [2025-09-21T12:11:04.090+0000] {dag.py:3823} INFO - Setting next_dagrun for example_xcom to 2021-01-01 00:00:00+00:00, run_after=2021-01-01 00:00:00+00:00
[2025-09-21T12:11:04.143+0000] {processor.py:183} INFO - Processing /home/airflow/.local/lib/python3.8/site-packages/airflow/example_dags/example_xcom.py took 0.212 seconds
[2025-09-21T12:11:34.252+0000] {processor.py:161} INFO - Started process (PID=2967) to work on /home/airflow/.local/lib/python3.8/site-packages/airflow/example_dags/example_xcom.py
[2025-09-21T12:11:34.255+0000] {processor.py:830} INFO - Processing file /home/airflow/.local/lib/python3.8/site-packages/airflow/example_dags/example_xcom.py for tasks to queue
[2025-09-21T12:11:34.259+0000] {logging_mixin.py:188} INFO - [2025-09-21T12:11:34.258+0000] {dagbag.py:538} INFO - Filling up the DagBag from /home/airflow/.local/lib/python3.8/site-packages/airflow/example_dags/example_xcom.py
[2025-09-21T12:11:34.278+0000] {processor.py:840} INFO - DAG(s) 'example_xcom' retrieved from /home/airflow/.local/lib/python3.8/site-packages/airflow/example_dags/example_xcom.py
[2025-09-21T12:11:34.330+0000] {logging_mixin.py:188} INFO - [2025-09-21T12:11:34.329+0000] {dag.py:3036} INFO - Sync 1 DAGs
[2025-09-21T12:11:34.385+0000] {logging_mixin.py:188} INFO - [2025-09-21T12:11:34.385+0000] {dag.py:3823} INFO - Setting next_dagrun for example_xcom to 2021-01-01 00:00:00+00:00, run_after=2021-01-01 00:00:00+00:00
[2025-09-21T12:11:34.423+0000] {processor.py:183} INFO - Processing /home/airflow/.local/lib/python3.8/site-packages/airflow/example_dags/example_xcom.py took 0.179 seconds
[2025-09-21T12:12:05.117+0000] {processor.py:161} INFO - Started process (PID=3025) to work on /home/airflow/.local/lib/python3.8/site-packages/airflow/example_dags/example_xcom.py
[2025-09-21T12:12:05.121+0000] {processor.py:830} INFO - Processing file /home/airflow/.local/lib/python3.8/site-packages/airflow/example_dags/example_xcom.py for tasks to queue
[2025-09-21T12:12:05.130+0000] {logging_mixin.py:188} INFO - [2025-09-21T12:12:05.129+0000] {dagbag.py:538} INFO - Filling up the DagBag from /home/airflow/.local/lib/python3.8/site-packages/airflow/example_dags/example_xcom.py
[2025-09-21T12:12:05.166+0000] {processor.py:840} INFO - DAG(s) 'example_xcom' retrieved from /home/airflow/.local/lib/python3.8/site-packages/airflow/example_dags/example_xcom.py
[2025-09-21T12:12:05.276+0000] {logging_mixin.py:188} INFO - [2025-09-21T12:12:05.275+0000] {dag.py:3036} INFO - Sync 1 DAGs
[2025-09-21T12:12:05.376+0000] {logging_mixin.py:188} INFO - [2025-09-21T12:12:05.375+0000] {dag.py:3823} INFO - Setting next_dagrun for example_xcom to 2021-01-01 00:00:00+00:00, run_after=2021-01-01 00:00:00+00:00
[2025-09-21T12:12:05.464+0000] {processor.py:183} INFO - Processing /home/airflow/.local/lib/python3.8/site-packages/airflow/example_dags/example_xcom.py took 0.361 seconds
[2025-09-21T12:12:36.342+0000] {processor.py:161} INFO - Started process (PID=3083) to work on /home/airflow/.local/lib/python3.8/site-packages/airflow/example_dags/example_xcom.py
[2025-09-21T12:12:36.344+0000] {processor.py:830} INFO - Processing file /home/airflow/.local/lib/python3.8/site-packages/airflow/example_dags/example_xcom.py for tasks to queue
[2025-09-21T12:12:36.349+0000] {logging_mixin.py:188} INFO - [2025-09-21T12:12:36.348+0000] {dagbag.py:538} INFO - Filling up the DagBag from /home/airflow/.local/lib/python3.8/site-packages/airflow/example_dags/example_xcom.py
[2025-09-21T12:12:36.367+0000] {processor.py:840} INFO - DAG(s) 'example_xcom' retrieved from /home/airflow/.local/lib/python3.8/site-packages/airflow/example_dags/example_xcom.py
[2025-09-21T12:12:36.410+0000] {logging_mixin.py:188} INFO - [2025-09-21T12:12:36.410+0000] {dag.py:3036} INFO - Sync 1 DAGs
[2025-09-21T12:12:36.453+0000] {logging_mixin.py:188} INFO - [2025-09-21T12:12:36.453+0000] {dag.py:3823} INFO - Setting next_dagrun for example_xcom to 2021-01-01 00:00:00+00:00, run_after=2021-01-01 00:00:00+00:00
[2025-09-21T12:12:36.494+0000] {processor.py:183} INFO - Processing /home/airflow/.local/lib/python3.8/site-packages/airflow/example_dags/example_xcom.py took 0.159 seconds
[2025-09-21T12:13:06.867+0000] {processor.py:161} INFO - Started process (PID=3141) to work on /home/airflow/.local/lib/python3.8/site-packages/airflow/example_dags/example_xcom.py
[2025-09-21T12:13:06.870+0000] {processor.py:830} INFO - Processing file /home/airflow/.local/lib/python3.8/site-packages/airflow/example_dags/example_xcom.py for tasks to queue
[2025-09-21T12:13:06.874+0000] {logging_mixin.py:188} INFO - [2025-09-21T12:13:06.873+0000] {dagbag.py:538} INFO - Filling up the DagBag from /home/airflow/.local/lib/python3.8/site-packages/airflow/example_dags/example_xcom.py
[2025-09-21T12:13:06.901+0000] {processor.py:840} INFO - DAG(s) 'example_xcom' retrieved from /home/airflow/.local/lib/python3.8/site-packages/airflow/example_dags/example_xcom.py
[2025-09-21T12:13:06.957+0000] {logging_mixin.py:188} INFO - [2025-09-21T12:13:06.956+0000] {dag.py:3036} INFO - Sync 1 DAGs
[2025-09-21T12:13:07.012+0000] {logging_mixin.py:188} INFO - [2025-09-21T12:13:07.011+0000] {dag.py:3823} INFO - Setting next_dagrun for example_xcom to 2021-01-01 00:00:00+00:00, run_after=2021-01-01 00:00:00+00:00
[2025-09-21T12:13:07.052+0000] {processor.py:183} INFO - Processing /home/airflow/.local/lib/python3.8/site-packages/airflow/example_dags/example_xcom.py took 0.192 seconds
[2025-09-21T12:13:37.797+0000] {processor.py:161} INFO - Started process (PID=3199) to work on /home/airflow/.local/lib/python3.8/site-packages/airflow/example_dags/example_xcom.py
[2025-09-21T12:13:37.800+0000] {processor.py:830} INFO - Processing file /home/airflow/.local/lib/python3.8/site-packages/airflow/example_dags/example_xcom.py for tasks to queue
[2025-09-21T12:13:37.809+0000] {logging_mixin.py:188} INFO - [2025-09-21T12:13:37.808+0000] {dagbag.py:538} INFO - Filling up the DagBag from /home/airflow/.local/lib/python3.8/site-packages/airflow/example_dags/example_xcom.py
[2025-09-21T12:13:37.844+0000] {processor.py:840} INFO - DAG(s) 'example_xcom' retrieved from /home/airflow/.local/lib/python3.8/site-packages/airflow/example_dags/example_xcom.py
[2025-09-21T12:13:37.906+0000] {logging_mixin.py:188} INFO - [2025-09-21T12:13:37.905+0000] {dag.py:3036} INFO - Sync 1 DAGs
[2025-09-21T12:13:37.990+0000] {logging_mixin.py:188} INFO - [2025-09-21T12:13:37.989+0000] {dag.py:3823} INFO - Setting next_dagrun for example_xcom to 2021-01-01 00:00:00+00:00, run_after=2021-01-01 00:00:00+00:00
[2025-09-21T12:13:38.056+0000] {processor.py:183} INFO - Processing /home/airflow/.local/lib/python3.8/site-packages/airflow/example_dags/example_xcom.py took 0.271 seconds
[2025-09-21T12:14:08.736+0000] {processor.py:161} INFO - Started process (PID=3257) to work on /home/airflow/.local/lib/python3.8/site-packages/airflow/example_dags/example_xcom.py
[2025-09-21T12:14:08.738+0000] {processor.py:830} INFO - Processing file /home/airflow/.local/lib/python3.8/site-packages/airflow/example_dags/example_xcom.py for tasks to queue
[2025-09-21T12:14:08.741+0000] {logging_mixin.py:188} INFO - [2025-09-21T12:14:08.741+0000] {dagbag.py:538} INFO - Filling up the DagBag from /home/airflow/.local/lib/python3.8/site-packages/airflow/example_dags/example_xcom.py
[2025-09-21T12:14:08.755+0000] {processor.py:840} INFO - DAG(s) 'example_xcom' retrieved from /home/airflow/.local/lib/python3.8/site-packages/airflow/example_dags/example_xcom.py
[2025-09-21T12:14:08.796+0000] {logging_mixin.py:188} INFO - [2025-09-21T12:14:08.796+0000] {dag.py:3036} INFO - Sync 1 DAGs
[2025-09-21T12:14:08.855+0000] {logging_mixin.py:188} INFO - [2025-09-21T12:14:08.854+0000] {dag.py:3823} INFO - Setting next_dagrun for example_xcom to 2021-01-01 00:00:00+00:00, run_after=2021-01-01 00:00:00+00:00
[2025-09-21T12:14:08.899+0000] {processor.py:183} INFO - Processing /home/airflow/.local/lib/python3.8/site-packages/airflow/example_dags/example_xcom.py took 0.170 seconds
[2025-09-21T12:14:39.581+0000] {processor.py:161} INFO - Started process (PID=3315) to work on /home/airflow/.local/lib/python3.8/site-packages/airflow/example_dags/example_xcom.py
[2025-09-21T12:14:39.587+0000] {processor.py:830} INFO - Processing file /home/airflow/.local/lib/python3.8/site-packages/airflow/example_dags/example_xcom.py for tasks to queue
[2025-09-21T12:14:39.596+0000] {logging_mixin.py:188} INFO - [2025-09-21T12:14:39.594+0000] {dagbag.py:538} INFO - Filling up the DagBag from /home/airflow/.local/lib/python3.8/site-packages/airflow/example_dags/example_xcom.py
[2025-09-21T12:14:39.644+0000] {processor.py:840} INFO - DAG(s) 'example_xcom' retrieved from /home/airflow/.local/lib/python3.8/site-packages/airflow/example_dags/example_xcom.py
[2025-09-21T12:14:39.811+0000] {logging_mixin.py:188} INFO - [2025-09-21T12:14:39.802+0000] {dag.py:3036} INFO - Sync 1 DAGs
[2025-09-21T12:14:39.917+0000] {logging_mixin.py:188} INFO - [2025-09-21T12:14:39.917+0000] {dag.py:3823} INFO - Setting next_dagrun for example_xcom to 2021-01-01 00:00:00+00:00, run_after=2021-01-01 00:00:00+00:00
[2025-09-21T12:14:39.978+0000] {processor.py:183} INFO - Processing /home/airflow/.local/lib/python3.8/site-packages/airflow/example_dags/example_xcom.py took 0.416 seconds
[2025-09-21T12:15:10.312+0000] {processor.py:161} INFO - Started process (PID=3373) to work on /home/airflow/.local/lib/python3.8/site-packages/airflow/example_dags/example_xcom.py
[2025-09-21T12:15:10.315+0000] {processor.py:830} INFO - Processing file /home/airflow/.local/lib/python3.8/site-packages/airflow/example_dags/example_xcom.py for tasks to queue
[2025-09-21T12:15:10.320+0000] {logging_mixin.py:188} INFO - [2025-09-21T12:15:10.320+0000] {dagbag.py:538} INFO - Filling up the DagBag from /home/airflow/.local/lib/python3.8/site-packages/airflow/example_dags/example_xcom.py
[2025-09-21T12:15:10.339+0000] {processor.py:840} INFO - DAG(s) 'example_xcom' retrieved from /home/airflow/.local/lib/python3.8/site-packages/airflow/example_dags/example_xcom.py
[2025-09-21T12:15:10.378+0000] {logging_mixin.py:188} INFO - [2025-09-21T12:15:10.377+0000] {dag.py:3036} INFO - Sync 1 DAGs
[2025-09-21T12:15:10.421+0000] {logging_mixin.py:188} INFO - [2025-09-21T12:15:10.420+0000] {dag.py:3823} INFO - Setting next_dagrun for example_xcom to 2021-01-01 00:00:00+00:00, run_after=2021-01-01 00:00:00+00:00
[2025-09-21T12:15:10.473+0000] {processor.py:183} INFO - Processing /home/airflow/.local/lib/python3.8/site-packages/airflow/example_dags/example_xcom.py took 0.170 seconds
[2025-09-21T12:15:40.993+0000] {processor.py:161} INFO - Started process (PID=3431) to work on /home/airflow/.local/lib/python3.8/site-packages/airflow/example_dags/example_xcom.py
[2025-09-21T12:15:40.996+0000] {processor.py:830} INFO - Processing file /home/airflow/.local/lib/python3.8/site-packages/airflow/example_dags/example_xcom.py for tasks to queue
[2025-09-21T12:15:41.002+0000] {logging_mixin.py:188} INFO - [2025-09-21T12:15:41.001+0000] {dagbag.py:538} INFO - Filling up the DagBag from /home/airflow/.local/lib/python3.8/site-packages/airflow/example_dags/example_xcom.py
[2025-09-21T12:15:41.018+0000] {processor.py:840} INFO - DAG(s) 'example_xcom' retrieved from /home/airflow/.local/lib/python3.8/site-packages/airflow/example_dags/example_xcom.py
[2025-09-21T12:15:41.070+0000] {logging_mixin.py:188} INFO - [2025-09-21T12:15:41.069+0000] {dag.py:3036} INFO - Sync 1 DAGs
[2025-09-21T12:15:41.126+0000] {logging_mixin.py:188} INFO - [2025-09-21T12:15:41.125+0000] {dag.py:3823} INFO - Setting next_dagrun for example_xcom to 2021-01-01 00:00:00+00:00, run_after=2021-01-01 00:00:00+00:00
[2025-09-21T12:15:41.220+0000] {processor.py:183} INFO - Processing /home/airflow/.local/lib/python3.8/site-packages/airflow/example_dags/example_xcom.py took 0.233 seconds
[2025-09-21T12:16:11.701+0000] {processor.py:161} INFO - Started process (PID=3489) to work on /home/airflow/.local/lib/python3.8/site-packages/airflow/example_dags/example_xcom.py
[2025-09-21T12:16:11.703+0000] {processor.py:830} INFO - Processing file /home/airflow/.local/lib/python3.8/site-packages/airflow/example_dags/example_xcom.py for tasks to queue
[2025-09-21T12:16:11.708+0000] {logging_mixin.py:188} INFO - [2025-09-21T12:16:11.707+0000] {dagbag.py:538} INFO - Filling up the DagBag from /home/airflow/.local/lib/python3.8/site-packages/airflow/example_dags/example_xcom.py
[2025-09-21T12:16:11.726+0000] {processor.py:840} INFO - DAG(s) 'example_xcom' retrieved from /home/airflow/.local/lib/python3.8/site-packages/airflow/example_dags/example_xcom.py
[2025-09-21T12:16:11.783+0000] {logging_mixin.py:188} INFO - [2025-09-21T12:16:11.782+0000] {dag.py:3036} INFO - Sync 1 DAGs
[2025-09-21T12:16:11.846+0000] {logging_mixin.py:188} INFO - [2025-09-21T12:16:11.846+0000] {dag.py:3823} INFO - Setting next_dagrun for example_xcom to 2021-01-01 00:00:00+00:00, run_after=2021-01-01 00:00:00+00:00
[2025-09-21T12:16:11.899+0000] {processor.py:183} INFO - Processing /home/airflow/.local/lib/python3.8/site-packages/airflow/example_dags/example_xcom.py took 0.210 seconds
[2025-09-21T12:16:42.668+0000] {processor.py:161} INFO - Started process (PID=3547) to work on /home/airflow/.local/lib/python3.8/site-packages/airflow/example_dags/example_xcom.py
[2025-09-21T12:16:42.676+0000] {processor.py:830} INFO - Processing file /home/airflow/.local/lib/python3.8/site-packages/airflow/example_dags/example_xcom.py for tasks to queue
[2025-09-21T12:16:42.685+0000] {logging_mixin.py:188} INFO - [2025-09-21T12:16:42.684+0000] {dagbag.py:538} INFO - Filling up the DagBag from /home/airflow/.local/lib/python3.8/site-packages/airflow/example_dags/example_xcom.py
[2025-09-21T12:16:42.712+0000] {processor.py:840} INFO - DAG(s) 'example_xcom' retrieved from /home/airflow/.local/lib/python3.8/site-packages/airflow/example_dags/example_xcom.py
[2025-09-21T12:16:42.768+0000] {logging_mixin.py:188} INFO - [2025-09-21T12:16:42.768+0000] {dag.py:3036} INFO - Sync 1 DAGs
[2025-09-21T12:16:42.829+0000] {logging_mixin.py:188} INFO - [2025-09-21T12:16:42.829+0000] {dag.py:3823} INFO - Setting next_dagrun for example_xcom to 2021-01-01 00:00:00+00:00, run_after=2021-01-01 00:00:00+00:00
[2025-09-21T12:16:42.875+0000] {processor.py:183} INFO - Processing /home/airflow/.local/lib/python3.8/site-packages/airflow/example_dags/example_xcom.py took 0.219 seconds
[2025-09-21T12:17:13.325+0000] {processor.py:161} INFO - Started process (PID=3605) to work on /home/airflow/.local/lib/python3.8/site-packages/airflow/example_dags/example_xcom.py
[2025-09-21T12:17:13.328+0000] {processor.py:830} INFO - Processing file /home/airflow/.local/lib/python3.8/site-packages/airflow/example_dags/example_xcom.py for tasks to queue
[2025-09-21T12:17:13.336+0000] {logging_mixin.py:188} INFO - [2025-09-21T12:17:13.335+0000] {dagbag.py:538} INFO - Filling up the DagBag from /home/airflow/.local/lib/python3.8/site-packages/airflow/example_dags/example_xcom.py
[2025-09-21T12:17:13.381+0000] {processor.py:840} INFO - DAG(s) 'example_xcom' retrieved from /home/airflow/.local/lib/python3.8/site-packages/airflow/example_dags/example_xcom.py
[2025-09-21T12:17:13.466+0000] {logging_mixin.py:188} INFO - [2025-09-21T12:17:13.465+0000] {dag.py:3036} INFO - Sync 1 DAGs
[2025-09-21T12:17:13.520+0000] {logging_mixin.py:188} INFO - [2025-09-21T12:17:13.519+0000] {dag.py:3823} INFO - Setting next_dagrun for example_xcom to 2021-01-01 00:00:00+00:00, run_after=2021-01-01 00:00:00+00:00
[2025-09-21T12:17:13.564+0000] {processor.py:183} INFO - Processing /home/airflow/.local/lib/python3.8/site-packages/airflow/example_dags/example_xcom.py took 0.249 seconds
[2025-09-21T12:17:44.161+0000] {processor.py:161} INFO - Started process (PID=3663) to work on /home/airflow/.local/lib/python3.8/site-packages/airflow/example_dags/example_xcom.py
[2025-09-21T12:17:44.163+0000] {processor.py:830} INFO - Processing file /home/airflow/.local/lib/python3.8/site-packages/airflow/example_dags/example_xcom.py for tasks to queue
[2025-09-21T12:17:44.167+0000] {logging_mixin.py:188} INFO - [2025-09-21T12:17:44.166+0000] {dagbag.py:538} INFO - Filling up the DagBag from /home/airflow/.local/lib/python3.8/site-packages/airflow/example_dags/example_xcom.py
[2025-09-21T12:17:44.181+0000] {processor.py:840} INFO - DAG(s) 'example_xcom' retrieved from /home/airflow/.local/lib/python3.8/site-packages/airflow/example_dags/example_xcom.py
[2025-09-21T12:17:44.219+0000] {logging_mixin.py:188} INFO - [2025-09-21T12:17:44.218+0000] {dag.py:3036} INFO - Sync 1 DAGs
[2025-09-21T12:17:44.268+0000] {logging_mixin.py:188} INFO - [2025-09-21T12:17:44.267+0000] {dag.py:3823} INFO - Setting next_dagrun for example_xcom to 2021-01-01 00:00:00+00:00, run_after=2021-01-01 00:00:00+00:00
[2025-09-21T12:17:44.307+0000] {processor.py:183} INFO - Processing /home/airflow/.local/lib/python3.8/site-packages/airflow/example_dags/example_xcom.py took 0.151 seconds
[2025-09-21T12:18:14.722+0000] {processor.py:161} INFO - Started process (PID=3721) to work on /home/airflow/.local/lib/python3.8/site-packages/airflow/example_dags/example_xcom.py
[2025-09-21T12:18:14.726+0000] {processor.py:830} INFO - Processing file /home/airflow/.local/lib/python3.8/site-packages/airflow/example_dags/example_xcom.py for tasks to queue
[2025-09-21T12:18:14.734+0000] {logging_mixin.py:188} INFO - [2025-09-21T12:18:14.733+0000] {dagbag.py:538} INFO - Filling up the DagBag from /home/airflow/.local/lib/python3.8/site-packages/airflow/example_dags/example_xcom.py
[2025-09-21T12:18:14.752+0000] {processor.py:840} INFO - DAG(s) 'example_xcom' retrieved from /home/airflow/.local/lib/python3.8/site-packages/airflow/example_dags/example_xcom.py
[2025-09-21T12:18:14.795+0000] {logging_mixin.py:188} INFO - [2025-09-21T12:18:14.795+0000] {dag.py:3036} INFO - Sync 1 DAGs
[2025-09-21T12:18:14.841+0000] {logging_mixin.py:188} INFO - [2025-09-21T12:18:14.840+0000] {dag.py:3823} INFO - Setting next_dagrun for example_xcom to 2021-01-01 00:00:00+00:00, run_after=2021-01-01 00:00:00+00:00
[2025-09-21T12:18:14.884+0000] {processor.py:183} INFO - Processing /home/airflow/.local/lib/python3.8/site-packages/airflow/example_dags/example_xcom.py took 0.178 seconds
[2025-09-21T12:18:45.115+0000] {processor.py:161} INFO - Started process (PID=3779) to work on /home/airflow/.local/lib/python3.8/site-packages/airflow/example_dags/example_xcom.py
[2025-09-21T12:18:45.148+0000] {processor.py:830} INFO - Processing file /home/airflow/.local/lib/python3.8/site-packages/airflow/example_dags/example_xcom.py for tasks to queue
[2025-09-21T12:18:45.161+0000] {logging_mixin.py:188} INFO - [2025-09-21T12:18:45.160+0000] {dagbag.py:538} INFO - Filling up the DagBag from /home/airflow/.local/lib/python3.8/site-packages/airflow/example_dags/example_xcom.py
[2025-09-21T12:18:45.181+0000] {processor.py:840} INFO - DAG(s) 'example_xcom' retrieved from /home/airflow/.local/lib/python3.8/site-packages/airflow/example_dags/example_xcom.py
[2025-09-21T12:18:45.224+0000] {logging_mixin.py:188} INFO - [2025-09-21T12:18:45.223+0000] {dag.py:3036} INFO - Sync 1 DAGs
[2025-09-21T12:18:45.269+0000] {logging_mixin.py:188} INFO - [2025-09-21T12:18:45.269+0000] {dag.py:3823} INFO - Setting next_dagrun for example_xcom to 2021-01-01 00:00:00+00:00, run_after=2021-01-01 00:00:00+00:00
[2025-09-21T12:18:45.309+0000] {processor.py:183} INFO - Processing /home/airflow/.local/lib/python3.8/site-packages/airflow/example_dags/example_xcom.py took 0.202 seconds
[2025-09-21T12:21:53.220+0000] {processor.py:161} INFO - Started process (PID=68) to work on /home/airflow/.local/lib/python3.8/site-packages/airflow/example_dags/example_xcom.py
[2025-09-21T12:21:53.227+0000] {processor.py:830} INFO - Processing file /home/airflow/.local/lib/python3.8/site-packages/airflow/example_dags/example_xcom.py for tasks to queue
[2025-09-21T12:21:53.240+0000] {logging_mixin.py:188} INFO - [2025-09-21T12:21:53.238+0000] {dagbag.py:538} INFO - Filling up the DagBag from /home/airflow/.local/lib/python3.8/site-packages/airflow/example_dags/example_xcom.py
[2025-09-21T12:21:53.295+0000] {processor.py:840} INFO - DAG(s) 'example_xcom' retrieved from /home/airflow/.local/lib/python3.8/site-packages/airflow/example_dags/example_xcom.py
[2025-09-21T12:21:53.759+0000] {logging_mixin.py:188} INFO - [2025-09-21T12:21:53.757+0000] {override.py:1769} INFO - Created Permission View: can delete on DAG:example_xcom
[2025-09-21T12:21:53.783+0000] {logging_mixin.py:188} INFO - [2025-09-21T12:21:53.783+0000] {override.py:1769} INFO - Created Permission View: can edit on DAG:example_xcom
[2025-09-21T12:21:53.802+0000] {logging_mixin.py:188} INFO - [2025-09-21T12:21:53.801+0000] {override.py:1769} INFO - Created Permission View: can read on DAG:example_xcom
[2025-09-21T12:21:53.803+0000] {logging_mixin.py:188} INFO - [2025-09-21T12:21:53.803+0000] {dag.py:3036} INFO - Sync 1 DAGs
[2025-09-21T12:21:53.839+0000] {logging_mixin.py:188} INFO - [2025-09-21T12:21:53.838+0000] {dag.py:3058} INFO - Creating ORM DAG for example_xcom
[2025-09-21T12:21:53.865+0000] {logging_mixin.py:188} INFO - [2025-09-21T12:21:53.865+0000] {dag.py:3823} INFO - Setting next_dagrun for example_xcom to 2021-01-01 00:00:00+00:00, run_after=2021-01-01 00:00:00+00:00
[2025-09-21T12:21:53.906+0000] {processor.py:183} INFO - Processing /home/airflow/.local/lib/python3.8/site-packages/airflow/example_dags/example_xcom.py took 0.703 seconds
[2025-09-21T12:22:24.792+0000] {processor.py:161} INFO - Started process (PID=124) to work on /home/airflow/.local/lib/python3.8/site-packages/airflow/example_dags/example_xcom.py
[2025-09-21T12:22:24.797+0000] {processor.py:830} INFO - Processing file /home/airflow/.local/lib/python3.8/site-packages/airflow/example_dags/example_xcom.py for tasks to queue
[2025-09-21T12:22:24.808+0000] {logging_mixin.py:188} INFO - [2025-09-21T12:22:24.806+0000] {dagbag.py:538} INFO - Filling up the DagBag from /home/airflow/.local/lib/python3.8/site-packages/airflow/example_dags/example_xcom.py
[2025-09-21T12:22:24.849+0000] {processor.py:840} INFO - DAG(s) 'example_xcom' retrieved from /home/airflow/.local/lib/python3.8/site-packages/airflow/example_dags/example_xcom.py
[2025-09-21T12:22:24.981+0000] {logging_mixin.py:188} INFO - [2025-09-21T12:22:24.980+0000] {dag.py:3036} INFO - Sync 1 DAGs
[2025-09-21T12:22:25.090+0000] {logging_mixin.py:188} INFO - [2025-09-21T12:22:25.089+0000] {dag.py:3823} INFO - Setting next_dagrun for example_xcom to 2021-01-01 00:00:00+00:00, run_after=2021-01-01 00:00:00+00:00
[2025-09-21T12:22:25.189+0000] {processor.py:183} INFO - Processing /home/airflow/.local/lib/python3.8/site-packages/airflow/example_dags/example_xcom.py took 0.411 seconds
[2025-09-21T12:22:55.555+0000] {processor.py:161} INFO - Started process (PID=189) to work on /home/airflow/.local/lib/python3.8/site-packages/airflow/example_dags/example_xcom.py
[2025-09-21T12:22:55.562+0000] {processor.py:830} INFO - Processing file /home/airflow/.local/lib/python3.8/site-packages/airflow/example_dags/example_xcom.py for tasks to queue
[2025-09-21T12:22:55.570+0000] {logging_mixin.py:188} INFO - [2025-09-21T12:22:55.569+0000] {dagbag.py:538} INFO - Filling up the DagBag from /home/airflow/.local/lib/python3.8/site-packages/airflow/example_dags/example_xcom.py
[2025-09-21T12:22:55.596+0000] {processor.py:840} INFO - DAG(s) 'example_xcom' retrieved from /home/airflow/.local/lib/python3.8/site-packages/airflow/example_dags/example_xcom.py
[2025-09-21T12:22:55.660+0000] {logging_mixin.py:188} INFO - [2025-09-21T12:22:55.660+0000] {dag.py:3036} INFO - Sync 1 DAGs
[2025-09-21T12:22:55.712+0000] {logging_mixin.py:188} INFO - [2025-09-21T12:22:55.711+0000] {dag.py:3823} INFO - Setting next_dagrun for example_xcom to 2021-01-01 00:00:00+00:00, run_after=2021-01-01 00:00:00+00:00
[2025-09-21T12:22:55.769+0000] {processor.py:183} INFO - Processing /home/airflow/.local/lib/python3.8/site-packages/airflow/example_dags/example_xcom.py took 0.224 seconds
[2025-09-21T12:23:26.284+0000] {processor.py:161} INFO - Started process (PID=246) to work on /home/airflow/.local/lib/python3.8/site-packages/airflow/example_dags/example_xcom.py
[2025-09-21T12:23:26.289+0000] {processor.py:830} INFO - Processing file /home/airflow/.local/lib/python3.8/site-packages/airflow/example_dags/example_xcom.py for tasks to queue
[2025-09-21T12:23:26.300+0000] {logging_mixin.py:188} INFO - [2025-09-21T12:23:26.299+0000] {dagbag.py:538} INFO - Filling up the DagBag from /home/airflow/.local/lib/python3.8/site-packages/airflow/example_dags/example_xcom.py
[2025-09-21T12:23:26.322+0000] {processor.py:840} INFO - DAG(s) 'example_xcom' retrieved from /home/airflow/.local/lib/python3.8/site-packages/airflow/example_dags/example_xcom.py
[2025-09-21T12:23:26.367+0000] {logging_mixin.py:188} INFO - [2025-09-21T12:23:26.367+0000] {dag.py:3036} INFO - Sync 1 DAGs
[2025-09-21T12:23:26.415+0000] {logging_mixin.py:188} INFO - [2025-09-21T12:23:26.415+0000] {dag.py:3823} INFO - Setting next_dagrun for example_xcom to 2021-01-01 00:00:00+00:00, run_after=2021-01-01 00:00:00+00:00
[2025-09-21T12:23:26.484+0000] {processor.py:183} INFO - Processing /home/airflow/.local/lib/python3.8/site-packages/airflow/example_dags/example_xcom.py took 0.232 seconds
[2025-09-21T12:23:56.998+0000] {processor.py:161} INFO - Started process (PID=304) to work on /home/airflow/.local/lib/python3.8/site-packages/airflow/example_dags/example_xcom.py
[2025-09-21T12:23:57.003+0000] {processor.py:830} INFO - Processing file /home/airflow/.local/lib/python3.8/site-packages/airflow/example_dags/example_xcom.py for tasks to queue
[2025-09-21T12:23:57.011+0000] {logging_mixin.py:188} INFO - [2025-09-21T12:23:57.010+0000] {dagbag.py:538} INFO - Filling up the DagBag from /home/airflow/.local/lib/python3.8/site-packages/airflow/example_dags/example_xcom.py
[2025-09-21T12:23:57.049+0000] {processor.py:840} INFO - DAG(s) 'example_xcom' retrieved from /home/airflow/.local/lib/python3.8/site-packages/airflow/example_dags/example_xcom.py
[2025-09-21T12:23:57.136+0000] {logging_mixin.py:188} INFO - [2025-09-21T12:23:57.135+0000] {dag.py:3036} INFO - Sync 1 DAGs
[2025-09-21T12:23:57.229+0000] {logging_mixin.py:188} INFO - [2025-09-21T12:23:57.228+0000] {dag.py:3823} INFO - Setting next_dagrun for example_xcom to 2021-01-01 00:00:00+00:00, run_after=2021-01-01 00:00:00+00:00
[2025-09-21T12:23:57.318+0000] {processor.py:183} INFO - Processing /home/airflow/.local/lib/python3.8/site-packages/airflow/example_dags/example_xcom.py took 0.332 seconds
[2025-09-21T12:24:28.188+0000] {processor.py:161} INFO - Started process (PID=362) to work on /home/airflow/.local/lib/python3.8/site-packages/airflow/example_dags/example_xcom.py
[2025-09-21T12:24:28.191+0000] {processor.py:830} INFO - Processing file /home/airflow/.local/lib/python3.8/site-packages/airflow/example_dags/example_xcom.py for tasks to queue
[2025-09-21T12:24:28.201+0000] {logging_mixin.py:188} INFO - [2025-09-21T12:24:28.200+0000] {dagbag.py:538} INFO - Filling up the DagBag from /home/airflow/.local/lib/python3.8/site-packages/airflow/example_dags/example_xcom.py
[2025-09-21T12:24:28.215+0000] {processor.py:840} INFO - DAG(s) 'example_xcom' retrieved from /home/airflow/.local/lib/python3.8/site-packages/airflow/example_dags/example_xcom.py
[2025-09-21T12:24:28.257+0000] {logging_mixin.py:188} INFO - [2025-09-21T12:24:28.257+0000] {dag.py:3036} INFO - Sync 1 DAGs
[2025-09-21T12:24:28.305+0000] {logging_mixin.py:188} INFO - [2025-09-21T12:24:28.305+0000] {dag.py:3823} INFO - Setting next_dagrun for example_xcom to 2021-01-01 00:00:00+00:00, run_after=2021-01-01 00:00:00+00:00
[2025-09-21T12:24:28.349+0000] {processor.py:183} INFO - Processing /home/airflow/.local/lib/python3.8/site-packages/airflow/example_dags/example_xcom.py took 0.168 seconds
[2025-09-21T12:24:58.513+0000] {processor.py:161} INFO - Started process (PID=420) to work on /home/airflow/.local/lib/python3.8/site-packages/airflow/example_dags/example_xcom.py
[2025-09-21T12:24:58.518+0000] {processor.py:830} INFO - Processing file /home/airflow/.local/lib/python3.8/site-packages/airflow/example_dags/example_xcom.py for tasks to queue
[2025-09-21T12:24:58.526+0000] {logging_mixin.py:188} INFO - [2025-09-21T12:24:58.525+0000] {dagbag.py:538} INFO - Filling up the DagBag from /home/airflow/.local/lib/python3.8/site-packages/airflow/example_dags/example_xcom.py
[2025-09-21T12:24:58.561+0000] {processor.py:840} INFO - DAG(s) 'example_xcom' retrieved from /home/airflow/.local/lib/python3.8/site-packages/airflow/example_dags/example_xcom.py
[2025-09-21T12:24:58.651+0000] {logging_mixin.py:188} INFO - [2025-09-21T12:24:58.650+0000] {dag.py:3036} INFO - Sync 1 DAGs
[2025-09-21T12:24:58.735+0000] {logging_mixin.py:188} INFO - [2025-09-21T12:24:58.735+0000] {dag.py:3823} INFO - Setting next_dagrun for example_xcom to 2021-01-01 00:00:00+00:00, run_after=2021-01-01 00:00:00+00:00
[2025-09-21T12:24:58.789+0000] {processor.py:183} INFO - Processing /home/airflow/.local/lib/python3.8/site-packages/airflow/example_dags/example_xcom.py took 0.289 seconds
[2025-09-21T12:25:29.144+0000] {processor.py:161} INFO - Started process (PID=479) to work on /home/airflow/.local/lib/python3.8/site-packages/airflow/example_dags/example_xcom.py
[2025-09-21T12:25:29.149+0000] {processor.py:830} INFO - Processing file /home/airflow/.local/lib/python3.8/site-packages/airflow/example_dags/example_xcom.py for tasks to queue
[2025-09-21T12:25:29.158+0000] {logging_mixin.py:188} INFO - [2025-09-21T12:25:29.157+0000] {dagbag.py:538} INFO - Filling up the DagBag from /home/airflow/.local/lib/python3.8/site-packages/airflow/example_dags/example_xcom.py
[2025-09-21T12:25:29.213+0000] {processor.py:840} INFO - DAG(s) 'example_xcom' retrieved from /home/airflow/.local/lib/python3.8/site-packages/airflow/example_dags/example_xcom.py
[2025-09-21T12:25:29.335+0000] {logging_mixin.py:188} INFO - [2025-09-21T12:25:29.334+0000] {dag.py:3036} INFO - Sync 1 DAGs
[2025-09-21T12:25:29.443+0000] {logging_mixin.py:188} INFO - [2025-09-21T12:25:29.439+0000] {dag.py:3823} INFO - Setting next_dagrun for example_xcom to 2021-01-01 00:00:00+00:00, run_after=2021-01-01 00:00:00+00:00
[2025-09-21T12:25:29.538+0000] {processor.py:183} INFO - Processing /home/airflow/.local/lib/python3.8/site-packages/airflow/example_dags/example_xcom.py took 0.412 seconds
[2025-09-21T12:25:59.867+0000] {processor.py:161} INFO - Started process (PID=536) to work on /home/airflow/.local/lib/python3.8/site-packages/airflow/example_dags/example_xcom.py
[2025-09-21T12:25:59.873+0000] {processor.py:830} INFO - Processing file /home/airflow/.local/lib/python3.8/site-packages/airflow/example_dags/example_xcom.py for tasks to queue
[2025-09-21T12:25:59.880+0000] {logging_mixin.py:188} INFO - [2025-09-21T12:25:59.879+0000] {dagbag.py:538} INFO - Filling up the DagBag from /home/airflow/.local/lib/python3.8/site-packages/airflow/example_dags/example_xcom.py
[2025-09-21T12:25:59.916+0000] {processor.py:840} INFO - DAG(s) 'example_xcom' retrieved from /home/airflow/.local/lib/python3.8/site-packages/airflow/example_dags/example_xcom.py
[2025-09-21T12:26:00.013+0000] {logging_mixin.py:188} INFO - [2025-09-21T12:26:00.012+0000] {dag.py:3036} INFO - Sync 1 DAGs
[2025-09-21T12:26:00.148+0000] {logging_mixin.py:188} INFO - [2025-09-21T12:26:00.143+0000] {dag.py:3823} INFO - Setting next_dagrun for example_xcom to 2021-01-01 00:00:00+00:00, run_after=2021-01-01 00:00:00+00:00
[2025-09-21T12:26:00.199+0000] {processor.py:183} INFO - Processing /home/airflow/.local/lib/python3.8/site-packages/airflow/example_dags/example_xcom.py took 0.345 seconds
[2025-09-21T12:26:30.581+0000] {processor.py:161} INFO - Started process (PID=594) to work on /home/airflow/.local/lib/python3.8/site-packages/airflow/example_dags/example_xcom.py
[2025-09-21T12:26:30.586+0000] {processor.py:830} INFO - Processing file /home/airflow/.local/lib/python3.8/site-packages/airflow/example_dags/example_xcom.py for tasks to queue
[2025-09-21T12:26:30.597+0000] {logging_mixin.py:188} INFO - [2025-09-21T12:26:30.596+0000] {dagbag.py:538} INFO - Filling up the DagBag from /home/airflow/.local/lib/python3.8/site-packages/airflow/example_dags/example_xcom.py
[2025-09-21T12:26:30.640+0000] {processor.py:840} INFO - DAG(s) 'example_xcom' retrieved from /home/airflow/.local/lib/python3.8/site-packages/airflow/example_dags/example_xcom.py
[2025-09-21T12:26:30.739+0000] {logging_mixin.py:188} INFO - [2025-09-21T12:26:30.738+0000] {dag.py:3036} INFO - Sync 1 DAGs
[2025-09-21T12:26:30.807+0000] {logging_mixin.py:188} INFO - [2025-09-21T12:26:30.806+0000] {dag.py:3823} INFO - Setting next_dagrun for example_xcom to 2021-01-01 00:00:00+00:00, run_after=2021-01-01 00:00:00+00:00
[2025-09-21T12:26:30.853+0000] {processor.py:183} INFO - Processing /home/airflow/.local/lib/python3.8/site-packages/airflow/example_dags/example_xcom.py took 0.296 seconds
[2025-09-21T12:27:01.869+0000] {processor.py:161} INFO - Started process (PID=652) to work on /home/airflow/.local/lib/python3.8/site-packages/airflow/example_dags/example_xcom.py
[2025-09-21T12:27:01.877+0000] {processor.py:830} INFO - Processing file /home/airflow/.local/lib/python3.8/site-packages/airflow/example_dags/example_xcom.py for tasks to queue
[2025-09-21T12:27:01.890+0000] {logging_mixin.py:188} INFO - [2025-09-21T12:27:01.886+0000] {dagbag.py:538} INFO - Filling up the DagBag from /home/airflow/.local/lib/python3.8/site-packages/airflow/example_dags/example_xcom.py
[2025-09-21T12:27:01.917+0000] {processor.py:840} INFO - DAG(s) 'example_xcom' retrieved from /home/airflow/.local/lib/python3.8/site-packages/airflow/example_dags/example_xcom.py
[2025-09-21T12:27:01.968+0000] {logging_mixin.py:188} INFO - [2025-09-21T12:27:01.967+0000] {dag.py:3036} INFO - Sync 1 DAGs
[2025-09-21T12:27:02.030+0000] {logging_mixin.py:188} INFO - [2025-09-21T12:27:02.029+0000] {dag.py:3823} INFO - Setting next_dagrun for example_xcom to 2021-01-01 00:00:00+00:00, run_after=2021-01-01 00:00:00+00:00
[2025-09-21T12:27:02.076+0000] {processor.py:183} INFO - Processing /home/airflow/.local/lib/python3.8/site-packages/airflow/example_dags/example_xcom.py took 0.234 seconds
[2025-09-21T12:27:32.594+0000] {processor.py:161} INFO - Started process (PID=710) to work on /home/airflow/.local/lib/python3.8/site-packages/airflow/example_dags/example_xcom.py
[2025-09-21T12:27:32.598+0000] {processor.py:830} INFO - Processing file /home/airflow/.local/lib/python3.8/site-packages/airflow/example_dags/example_xcom.py for tasks to queue
[2025-09-21T12:27:32.607+0000] {logging_mixin.py:188} INFO - [2025-09-21T12:27:32.605+0000] {dagbag.py:538} INFO - Filling up the DagBag from /home/airflow/.local/lib/python3.8/site-packages/airflow/example_dags/example_xcom.py
[2025-09-21T12:27:32.640+0000] {processor.py:840} INFO - DAG(s) 'example_xcom' retrieved from /home/airflow/.local/lib/python3.8/site-packages/airflow/example_dags/example_xcom.py
[2025-09-21T12:27:32.735+0000] {logging_mixin.py:188} INFO - [2025-09-21T12:27:32.735+0000] {dag.py:3036} INFO - Sync 1 DAGs
[2025-09-21T12:27:32.844+0000] {logging_mixin.py:188} INFO - [2025-09-21T12:27:32.843+0000] {dag.py:3823} INFO - Setting next_dagrun for example_xcom to 2021-01-01 00:00:00+00:00, run_after=2021-01-01 00:00:00+00:00
[2025-09-21T12:27:32.934+0000] {processor.py:183} INFO - Processing /home/airflow/.local/lib/python3.8/site-packages/airflow/example_dags/example_xcom.py took 0.353 seconds
[2025-09-21T12:28:03.068+0000] {processor.py:161} INFO - Started process (PID=768) to work on /home/airflow/.local/lib/python3.8/site-packages/airflow/example_dags/example_xcom.py
[2025-09-21T12:28:03.070+0000] {processor.py:830} INFO - Processing file /home/airflow/.local/lib/python3.8/site-packages/airflow/example_dags/example_xcom.py for tasks to queue
[2025-09-21T12:28:03.075+0000] {logging_mixin.py:188} INFO - [2025-09-21T12:28:03.075+0000] {dagbag.py:538} INFO - Filling up the DagBag from /home/airflow/.local/lib/python3.8/site-packages/airflow/example_dags/example_xcom.py
[2025-09-21T12:28:03.094+0000] {processor.py:840} INFO - DAG(s) 'example_xcom' retrieved from /home/airflow/.local/lib/python3.8/site-packages/airflow/example_dags/example_xcom.py
[2025-09-21T12:28:03.144+0000] {logging_mixin.py:188} INFO - [2025-09-21T12:28:03.143+0000] {dag.py:3036} INFO - Sync 1 DAGs
[2025-09-21T12:28:03.197+0000] {logging_mixin.py:188} INFO - [2025-09-21T12:28:03.197+0000] {dag.py:3823} INFO - Setting next_dagrun for example_xcom to 2021-01-01 00:00:00+00:00, run_after=2021-01-01 00:00:00+00:00
[2025-09-21T12:28:03.250+0000] {processor.py:183} INFO - Processing /home/airflow/.local/lib/python3.8/site-packages/airflow/example_dags/example_xcom.py took 0.191 seconds
[2025-09-21T12:28:33.534+0000] {processor.py:161} INFO - Started process (PID=827) to work on /home/airflow/.local/lib/python3.8/site-packages/airflow/example_dags/example_xcom.py
[2025-09-21T12:28:33.538+0000] {processor.py:830} INFO - Processing file /home/airflow/.local/lib/python3.8/site-packages/airflow/example_dags/example_xcom.py for tasks to queue
[2025-09-21T12:28:33.544+0000] {logging_mixin.py:188} INFO - [2025-09-21T12:28:33.543+0000] {dagbag.py:538} INFO - Filling up the DagBag from /home/airflow/.local/lib/python3.8/site-packages/airflow/example_dags/example_xcom.py
[2025-09-21T12:28:33.568+0000] {processor.py:840} INFO - DAG(s) 'example_xcom' retrieved from /home/airflow/.local/lib/python3.8/site-packages/airflow/example_dags/example_xcom.py
[2025-09-21T12:28:33.641+0000] {logging_mixin.py:188} INFO - [2025-09-21T12:28:33.640+0000] {dag.py:3036} INFO - Sync 1 DAGs
[2025-09-21T12:28:33.699+0000] {logging_mixin.py:188} INFO - [2025-09-21T12:28:33.699+0000] {dag.py:3823} INFO - Setting next_dagrun for example_xcom to 2021-01-01 00:00:00+00:00, run_after=2021-01-01 00:00:00+00:00
[2025-09-21T12:28:33.761+0000] {processor.py:183} INFO - Processing /home/airflow/.local/lib/python3.8/site-packages/airflow/example_dags/example_xcom.py took 0.237 seconds
[2025-09-21T12:29:03.871+0000] {processor.py:161} INFO - Started process (PID=885) to work on /home/airflow/.local/lib/python3.8/site-packages/airflow/example_dags/example_xcom.py
[2025-09-21T12:29:03.874+0000] {processor.py:830} INFO - Processing file /home/airflow/.local/lib/python3.8/site-packages/airflow/example_dags/example_xcom.py for tasks to queue
[2025-09-21T12:29:03.878+0000] {logging_mixin.py:188} INFO - [2025-09-21T12:29:03.877+0000] {dagbag.py:538} INFO - Filling up the DagBag from /home/airflow/.local/lib/python3.8/site-packages/airflow/example_dags/example_xcom.py
[2025-09-21T12:29:03.895+0000] {processor.py:840} INFO - DAG(s) 'example_xcom' retrieved from /home/airflow/.local/lib/python3.8/site-packages/airflow/example_dags/example_xcom.py
[2025-09-21T12:29:03.943+0000] {logging_mixin.py:188} INFO - [2025-09-21T12:29:03.942+0000] {dag.py:3036} INFO - Sync 1 DAGs
[2025-09-21T12:29:04.027+0000] {logging_mixin.py:188} INFO - [2025-09-21T12:29:04.026+0000] {dag.py:3823} INFO - Setting next_dagrun for example_xcom to 2021-01-01 00:00:00+00:00, run_after=2021-01-01 00:00:00+00:00
[2025-09-21T12:29:04.098+0000] {processor.py:183} INFO - Processing /home/airflow/.local/lib/python3.8/site-packages/airflow/example_dags/example_xcom.py took 0.232 seconds
[2025-09-21T12:29:34.344+0000] {processor.py:161} INFO - Started process (PID=943) to work on /home/airflow/.local/lib/python3.8/site-packages/airflow/example_dags/example_xcom.py
[2025-09-21T12:29:34.347+0000] {processor.py:830} INFO - Processing file /home/airflow/.local/lib/python3.8/site-packages/airflow/example_dags/example_xcom.py for tasks to queue
[2025-09-21T12:29:34.352+0000] {logging_mixin.py:188} INFO - [2025-09-21T12:29:34.351+0000] {dagbag.py:538} INFO - Filling up the DagBag from /home/airflow/.local/lib/python3.8/site-packages/airflow/example_dags/example_xcom.py
[2025-09-21T12:29:34.373+0000] {processor.py:840} INFO - DAG(s) 'example_xcom' retrieved from /home/airflow/.local/lib/python3.8/site-packages/airflow/example_dags/example_xcom.py
[2025-09-21T12:29:34.441+0000] {logging_mixin.py:188} INFO - [2025-09-21T12:29:34.441+0000] {dag.py:3036} INFO - Sync 1 DAGs
[2025-09-21T12:29:34.543+0000] {logging_mixin.py:188} INFO - [2025-09-21T12:29:34.542+0000] {dag.py:3823} INFO - Setting next_dagrun for example_xcom to 2021-01-01 00:00:00+00:00, run_after=2021-01-01 00:00:00+00:00
[2025-09-21T12:29:34.622+0000] {processor.py:183} INFO - Processing /home/airflow/.local/lib/python3.8/site-packages/airflow/example_dags/example_xcom.py took 0.286 seconds
[2025-09-21T12:30:05.513+0000] {processor.py:161} INFO - Started process (PID=1001) to work on /home/airflow/.local/lib/python3.8/site-packages/airflow/example_dags/example_xcom.py
[2025-09-21T12:30:05.518+0000] {processor.py:830} INFO - Processing file /home/airflow/.local/lib/python3.8/site-packages/airflow/example_dags/example_xcom.py for tasks to queue
[2025-09-21T12:30:05.527+0000] {logging_mixin.py:188} INFO - [2025-09-21T12:30:05.526+0000] {dagbag.py:538} INFO - Filling up the DagBag from /home/airflow/.local/lib/python3.8/site-packages/airflow/example_dags/example_xcom.py
[2025-09-21T12:30:05.568+0000] {processor.py:840} INFO - DAG(s) 'example_xcom' retrieved from /home/airflow/.local/lib/python3.8/site-packages/airflow/example_dags/example_xcom.py
[2025-09-21T12:30:05.666+0000] {logging_mixin.py:188} INFO - [2025-09-21T12:30:05.665+0000] {dag.py:3036} INFO - Sync 1 DAGs
[2025-09-21T12:30:05.765+0000] {logging_mixin.py:188} INFO - [2025-09-21T12:30:05.764+0000] {dag.py:3823} INFO - Setting next_dagrun for example_xcom to 2021-01-01 00:00:00+00:00, run_after=2021-01-01 00:00:00+00:00
[2025-09-21T12:30:05.866+0000] {processor.py:183} INFO - Processing /home/airflow/.local/lib/python3.8/site-packages/airflow/example_dags/example_xcom.py took 0.367 seconds
[2025-09-21T12:30:36.454+0000] {processor.py:161} INFO - Started process (PID=1059) to work on /home/airflow/.local/lib/python3.8/site-packages/airflow/example_dags/example_xcom.py
[2025-09-21T12:30:36.458+0000] {processor.py:830} INFO - Processing file /home/airflow/.local/lib/python3.8/site-packages/airflow/example_dags/example_xcom.py for tasks to queue
[2025-09-21T12:30:36.464+0000] {logging_mixin.py:188} INFO - [2025-09-21T12:30:36.463+0000] {dagbag.py:538} INFO - Filling up the DagBag from /home/airflow/.local/lib/python3.8/site-packages/airflow/example_dags/example_xcom.py
[2025-09-21T12:30:36.481+0000] {processor.py:840} INFO - DAG(s) 'example_xcom' retrieved from /home/airflow/.local/lib/python3.8/site-packages/airflow/example_dags/example_xcom.py
[2025-09-21T12:30:36.527+0000] {logging_mixin.py:188} INFO - [2025-09-21T12:30:36.527+0000] {dag.py:3036} INFO - Sync 1 DAGs
[2025-09-21T12:30:36.578+0000] {logging_mixin.py:188} INFO - [2025-09-21T12:30:36.578+0000] {dag.py:3823} INFO - Setting next_dagrun for example_xcom to 2021-01-01 00:00:00+00:00, run_after=2021-01-01 00:00:00+00:00
[2025-09-21T12:30:36.622+0000] {processor.py:183} INFO - Processing /home/airflow/.local/lib/python3.8/site-packages/airflow/example_dags/example_xcom.py took 0.179 seconds
[2025-09-21T12:31:06.950+0000] {processor.py:161} INFO - Started process (PID=1116) to work on /home/airflow/.local/lib/python3.8/site-packages/airflow/example_dags/example_xcom.py
[2025-09-21T12:31:06.952+0000] {processor.py:830} INFO - Processing file /home/airflow/.local/lib/python3.8/site-packages/airflow/example_dags/example_xcom.py for tasks to queue
[2025-09-21T12:31:06.956+0000] {logging_mixin.py:188} INFO - [2025-09-21T12:31:06.955+0000] {dagbag.py:538} INFO - Filling up the DagBag from /home/airflow/.local/lib/python3.8/site-packages/airflow/example_dags/example_xcom.py
[2025-09-21T12:31:06.972+0000] {processor.py:840} INFO - DAG(s) 'example_xcom' retrieved from /home/airflow/.local/lib/python3.8/site-packages/airflow/example_dags/example_xcom.py
[2025-09-21T12:31:07.016+0000] {logging_mixin.py:188} INFO - [2025-09-21T12:31:07.016+0000] {dag.py:3036} INFO - Sync 1 DAGs
[2025-09-21T12:31:07.061+0000] {logging_mixin.py:188} INFO - [2025-09-21T12:31:07.060+0000] {dag.py:3823} INFO - Setting next_dagrun for example_xcom to 2021-01-01 00:00:00+00:00, run_after=2021-01-01 00:00:00+00:00
[2025-09-21T12:31:07.101+0000] {processor.py:183} INFO - Processing /home/airflow/.local/lib/python3.8/site-packages/airflow/example_dags/example_xcom.py took 0.157 seconds
[2025-09-21T12:31:37.864+0000] {processor.py:161} INFO - Started process (PID=1174) to work on /home/airflow/.local/lib/python3.8/site-packages/airflow/example_dags/example_xcom.py
[2025-09-21T12:31:37.866+0000] {processor.py:830} INFO - Processing file /home/airflow/.local/lib/python3.8/site-packages/airflow/example_dags/example_xcom.py for tasks to queue
[2025-09-21T12:31:37.870+0000] {logging_mixin.py:188} INFO - [2025-09-21T12:31:37.869+0000] {dagbag.py:538} INFO - Filling up the DagBag from /home/airflow/.local/lib/python3.8/site-packages/airflow/example_dags/example_xcom.py
[2025-09-21T12:31:37.891+0000] {processor.py:840} INFO - DAG(s) 'example_xcom' retrieved from /home/airflow/.local/lib/python3.8/site-packages/airflow/example_dags/example_xcom.py
[2025-09-21T12:31:37.939+0000] {logging_mixin.py:188} INFO - [2025-09-21T12:31:37.938+0000] {dag.py:3036} INFO - Sync 1 DAGs
[2025-09-21T12:31:37.991+0000] {logging_mixin.py:188} INFO - [2025-09-21T12:31:37.991+0000] {dag.py:3823} INFO - Setting next_dagrun for example_xcom to 2021-01-01 00:00:00+00:00, run_after=2021-01-01 00:00:00+00:00
[2025-09-21T12:31:38.030+0000] {processor.py:183} INFO - Processing /home/airflow/.local/lib/python3.8/site-packages/airflow/example_dags/example_xcom.py took 0.174 seconds
[2025-09-21T12:32:08.447+0000] {processor.py:161} INFO - Started process (PID=1232) to work on /home/airflow/.local/lib/python3.8/site-packages/airflow/example_dags/example_xcom.py
[2025-09-21T12:32:08.450+0000] {processor.py:830} INFO - Processing file /home/airflow/.local/lib/python3.8/site-packages/airflow/example_dags/example_xcom.py for tasks to queue
[2025-09-21T12:32:08.456+0000] {logging_mixin.py:188} INFO - [2025-09-21T12:32:08.455+0000] {dagbag.py:538} INFO - Filling up the DagBag from /home/airflow/.local/lib/python3.8/site-packages/airflow/example_dags/example_xcom.py
[2025-09-21T12:32:08.479+0000] {processor.py:840} INFO - DAG(s) 'example_xcom' retrieved from /home/airflow/.local/lib/python3.8/site-packages/airflow/example_dags/example_xcom.py
[2025-09-21T12:32:08.539+0000] {logging_mixin.py:188} INFO - [2025-09-21T12:32:08.539+0000] {dag.py:3036} INFO - Sync 1 DAGs
[2025-09-21T12:32:08.624+0000] {logging_mixin.py:188} INFO - [2025-09-21T12:32:08.623+0000] {dag.py:3823} INFO - Setting next_dagrun for example_xcom to 2021-01-01 00:00:00+00:00, run_after=2021-01-01 00:00:00+00:00
[2025-09-21T12:32:08.694+0000] {processor.py:183} INFO - Processing /home/airflow/.local/lib/python3.8/site-packages/airflow/example_dags/example_xcom.py took 0.258 seconds
[2025-09-21T12:32:39.151+0000] {processor.py:161} INFO - Started process (PID=1290) to work on /home/airflow/.local/lib/python3.8/site-packages/airflow/example_dags/example_xcom.py
[2025-09-21T12:32:39.155+0000] {processor.py:830} INFO - Processing file /home/airflow/.local/lib/python3.8/site-packages/airflow/example_dags/example_xcom.py for tasks to queue
[2025-09-21T12:32:39.163+0000] {logging_mixin.py:188} INFO - [2025-09-21T12:32:39.162+0000] {dagbag.py:538} INFO - Filling up the DagBag from /home/airflow/.local/lib/python3.8/site-packages/airflow/example_dags/example_xcom.py
[2025-09-21T12:32:39.200+0000] {processor.py:840} INFO - DAG(s) 'example_xcom' retrieved from /home/airflow/.local/lib/python3.8/site-packages/airflow/example_dags/example_xcom.py
[2025-09-21T12:32:39.295+0000] {logging_mixin.py:188} INFO - [2025-09-21T12:32:39.294+0000] {dag.py:3036} INFO - Sync 1 DAGs
[2025-09-21T12:32:39.401+0000] {logging_mixin.py:188} INFO - [2025-09-21T12:32:39.400+0000] {dag.py:3823} INFO - Setting next_dagrun for example_xcom to 2021-01-01 00:00:00+00:00, run_after=2021-01-01 00:00:00+00:00
[2025-09-21T12:32:39.499+0000] {processor.py:183} INFO - Processing /home/airflow/.local/lib/python3.8/site-packages/airflow/example_dags/example_xcom.py took 0.365 seconds
[2025-09-21T12:33:09.810+0000] {processor.py:161} INFO - Started process (PID=1348) to work on /home/airflow/.local/lib/python3.8/site-packages/airflow/example_dags/example_xcom.py
[2025-09-21T12:33:09.812+0000] {processor.py:830} INFO - Processing file /home/airflow/.local/lib/python3.8/site-packages/airflow/example_dags/example_xcom.py for tasks to queue
[2025-09-21T12:33:09.816+0000] {logging_mixin.py:188} INFO - [2025-09-21T12:33:09.816+0000] {dagbag.py:538} INFO - Filling up the DagBag from /home/airflow/.local/lib/python3.8/site-packages/airflow/example_dags/example_xcom.py
[2025-09-21T12:33:09.837+0000] {processor.py:840} INFO - DAG(s) 'example_xcom' retrieved from /home/airflow/.local/lib/python3.8/site-packages/airflow/example_dags/example_xcom.py
[2025-09-21T12:33:09.883+0000] {logging_mixin.py:188} INFO - [2025-09-21T12:33:09.883+0000] {dag.py:3036} INFO - Sync 1 DAGs
[2025-09-21T12:33:09.941+0000] {logging_mixin.py:188} INFO - [2025-09-21T12:33:09.941+0000] {dag.py:3823} INFO - Setting next_dagrun for example_xcom to 2021-01-01 00:00:00+00:00, run_after=2021-01-01 00:00:00+00:00
[2025-09-21T12:33:09.992+0000] {processor.py:183} INFO - Processing /home/airflow/.local/lib/python3.8/site-packages/airflow/example_dags/example_xcom.py took 0.191 seconds
[2025-09-21T12:33:40.434+0000] {processor.py:161} INFO - Started process (PID=1406) to work on /home/airflow/.local/lib/python3.8/site-packages/airflow/example_dags/example_xcom.py
[2025-09-21T12:33:40.436+0000] {processor.py:830} INFO - Processing file /home/airflow/.local/lib/python3.8/site-packages/airflow/example_dags/example_xcom.py for tasks to queue
[2025-09-21T12:33:40.441+0000] {logging_mixin.py:188} INFO - [2025-09-21T12:33:40.440+0000] {dagbag.py:538} INFO - Filling up the DagBag from /home/airflow/.local/lib/python3.8/site-packages/airflow/example_dags/example_xcom.py
[2025-09-21T12:33:40.461+0000] {processor.py:840} INFO - DAG(s) 'example_xcom' retrieved from /home/airflow/.local/lib/python3.8/site-packages/airflow/example_dags/example_xcom.py
[2025-09-21T12:33:40.511+0000] {logging_mixin.py:188} INFO - [2025-09-21T12:33:40.510+0000] {dag.py:3036} INFO - Sync 1 DAGs
[2025-09-21T12:33:40.567+0000] {logging_mixin.py:188} INFO - [2025-09-21T12:33:40.566+0000] {dag.py:3823} INFO - Setting next_dagrun for example_xcom to 2021-01-01 00:00:00+00:00, run_after=2021-01-01 00:00:00+00:00
[2025-09-21T12:33:40.616+0000] {processor.py:183} INFO - Processing /home/airflow/.local/lib/python3.8/site-packages/airflow/example_dags/example_xcom.py took 0.190 seconds
[2025-09-21T12:34:11.770+0000] {processor.py:161} INFO - Started process (PID=1464) to work on /home/airflow/.local/lib/python3.8/site-packages/airflow/example_dags/example_xcom.py
[2025-09-21T12:34:11.774+0000] {processor.py:830} INFO - Processing file /home/airflow/.local/lib/python3.8/site-packages/airflow/example_dags/example_xcom.py for tasks to queue
[2025-09-21T12:34:11.781+0000] {logging_mixin.py:188} INFO - [2025-09-21T12:34:11.779+0000] {dagbag.py:538} INFO - Filling up the DagBag from /home/airflow/.local/lib/python3.8/site-packages/airflow/example_dags/example_xcom.py
[2025-09-21T12:34:11.809+0000] {processor.py:840} INFO - DAG(s) 'example_xcom' retrieved from /home/airflow/.local/lib/python3.8/site-packages/airflow/example_dags/example_xcom.py
[2025-09-21T12:34:11.889+0000] {logging_mixin.py:188} INFO - [2025-09-21T12:34:11.888+0000] {dag.py:3036} INFO - Sync 1 DAGs
[2025-09-21T12:34:12.001+0000] {logging_mixin.py:188} INFO - [2025-09-21T12:34:12.000+0000] {dag.py:3823} INFO - Setting next_dagrun for example_xcom to 2021-01-01 00:00:00+00:00, run_after=2021-01-01 00:00:00+00:00
[2025-09-21T12:34:12.087+0000] {processor.py:183} INFO - Processing /home/airflow/.local/lib/python3.8/site-packages/airflow/example_dags/example_xcom.py took 0.331 seconds
[2025-09-21T12:34:42.707+0000] {processor.py:161} INFO - Started process (PID=1521) to work on /home/airflow/.local/lib/python3.8/site-packages/airflow/example_dags/example_xcom.py
[2025-09-21T12:34:42.709+0000] {processor.py:830} INFO - Processing file /home/airflow/.local/lib/python3.8/site-packages/airflow/example_dags/example_xcom.py for tasks to queue
[2025-09-21T12:34:42.714+0000] {logging_mixin.py:188} INFO - [2025-09-21T12:34:42.713+0000] {dagbag.py:538} INFO - Filling up the DagBag from /home/airflow/.local/lib/python3.8/site-packages/airflow/example_dags/example_xcom.py
[2025-09-21T12:34:42.733+0000] {processor.py:840} INFO - DAG(s) 'example_xcom' retrieved from /home/airflow/.local/lib/python3.8/site-packages/airflow/example_dags/example_xcom.py
[2025-09-21T12:34:42.785+0000] {logging_mixin.py:188} INFO - [2025-09-21T12:34:42.784+0000] {dag.py:3036} INFO - Sync 1 DAGs
[2025-09-21T12:34:42.878+0000] {logging_mixin.py:188} INFO - [2025-09-21T12:34:42.877+0000] {dag.py:3823} INFO - Setting next_dagrun for example_xcom to 2021-01-01 00:00:00+00:00, run_after=2021-01-01 00:00:00+00:00
[2025-09-21T12:34:42.928+0000] {processor.py:183} INFO - Processing /home/airflow/.local/lib/python3.8/site-packages/airflow/example_dags/example_xcom.py took 0.230 seconds
[2025-09-21T12:35:13.687+0000] {processor.py:161} INFO - Started process (PID=1578) to work on /home/airflow/.local/lib/python3.8/site-packages/airflow/example_dags/example_xcom.py
[2025-09-21T12:35:13.689+0000] {processor.py:830} INFO - Processing file /home/airflow/.local/lib/python3.8/site-packages/airflow/example_dags/example_xcom.py for tasks to queue
[2025-09-21T12:35:13.694+0000] {logging_mixin.py:188} INFO - [2025-09-21T12:35:13.693+0000] {dagbag.py:538} INFO - Filling up the DagBag from /home/airflow/.local/lib/python3.8/site-packages/airflow/example_dags/example_xcom.py
[2025-09-21T12:35:13.709+0000] {processor.py:840} INFO - DAG(s) 'example_xcom' retrieved from /home/airflow/.local/lib/python3.8/site-packages/airflow/example_dags/example_xcom.py
[2025-09-21T12:35:13.747+0000] {logging_mixin.py:188} INFO - [2025-09-21T12:35:13.747+0000] {dag.py:3036} INFO - Sync 1 DAGs
[2025-09-21T12:35:13.791+0000] {logging_mixin.py:188} INFO - [2025-09-21T12:35:13.790+0000] {dag.py:3823} INFO - Setting next_dagrun for example_xcom to 2021-01-01 00:00:00+00:00, run_after=2021-01-01 00:00:00+00:00
[2025-09-21T12:35:13.834+0000] {processor.py:183} INFO - Processing /home/airflow/.local/lib/python3.8/site-packages/airflow/example_dags/example_xcom.py took 0.154 seconds
[2025-09-21T12:35:44.549+0000] {processor.py:161} INFO - Started process (PID=1636) to work on /home/airflow/.local/lib/python3.8/site-packages/airflow/example_dags/example_xcom.py
[2025-09-21T12:35:44.553+0000] {processor.py:830} INFO - Processing file /home/airflow/.local/lib/python3.8/site-packages/airflow/example_dags/example_xcom.py for tasks to queue
[2025-09-21T12:35:44.559+0000] {logging_mixin.py:188} INFO - [2025-09-21T12:35:44.558+0000] {dagbag.py:538} INFO - Filling up the DagBag from /home/airflow/.local/lib/python3.8/site-packages/airflow/example_dags/example_xcom.py
[2025-09-21T12:35:44.580+0000] {processor.py:840} INFO - DAG(s) 'example_xcom' retrieved from /home/airflow/.local/lib/python3.8/site-packages/airflow/example_dags/example_xcom.py
[2025-09-21T12:35:44.635+0000] {logging_mixin.py:188} INFO - [2025-09-21T12:35:44.634+0000] {dag.py:3036} INFO - Sync 1 DAGs
[2025-09-21T12:35:44.696+0000] {logging_mixin.py:188} INFO - [2025-09-21T12:35:44.696+0000] {dag.py:3823} INFO - Setting next_dagrun for example_xcom to 2021-01-01 00:00:00+00:00, run_after=2021-01-01 00:00:00+00:00
[2025-09-21T12:35:44.755+0000] {processor.py:183} INFO - Processing /home/airflow/.local/lib/python3.8/site-packages/airflow/example_dags/example_xcom.py took 0.215 seconds
[2025-09-21T12:36:15.066+0000] {processor.py:161} INFO - Started process (PID=1692) to work on /home/airflow/.local/lib/python3.8/site-packages/airflow/example_dags/example_xcom.py
[2025-09-21T12:36:15.068+0000] {processor.py:830} INFO - Processing file /home/airflow/.local/lib/python3.8/site-packages/airflow/example_dags/example_xcom.py for tasks to queue
[2025-09-21T12:36:15.072+0000] {logging_mixin.py:188} INFO - [2025-09-21T12:36:15.071+0000] {dagbag.py:538} INFO - Filling up the DagBag from /home/airflow/.local/lib/python3.8/site-packages/airflow/example_dags/example_xcom.py
[2025-09-21T12:36:15.086+0000] {processor.py:840} INFO - DAG(s) 'example_xcom' retrieved from /home/airflow/.local/lib/python3.8/site-packages/airflow/example_dags/example_xcom.py
[2025-09-21T12:36:15.126+0000] {logging_mixin.py:188} INFO - [2025-09-21T12:36:15.126+0000] {dag.py:3036} INFO - Sync 1 DAGs
[2025-09-21T12:36:15.172+0000] {logging_mixin.py:188} INFO - [2025-09-21T12:36:15.172+0000] {dag.py:3823} INFO - Setting next_dagrun for example_xcom to 2021-01-01 00:00:00+00:00, run_after=2021-01-01 00:00:00+00:00
[2025-09-21T12:36:15.420+0000] {processor.py:183} INFO - Processing /home/airflow/.local/lib/python3.8/site-packages/airflow/example_dags/example_xcom.py took 0.359 seconds
[2025-09-21T12:36:45.831+0000] {processor.py:161} INFO - Started process (PID=1750) to work on /home/airflow/.local/lib/python3.8/site-packages/airflow/example_dags/example_xcom.py
[2025-09-21T12:36:45.834+0000] {processor.py:830} INFO - Processing file /home/airflow/.local/lib/python3.8/site-packages/airflow/example_dags/example_xcom.py for tasks to queue
[2025-09-21T12:36:45.838+0000] {logging_mixin.py:188} INFO - [2025-09-21T12:36:45.838+0000] {dagbag.py:538} INFO - Filling up the DagBag from /home/airflow/.local/lib/python3.8/site-packages/airflow/example_dags/example_xcom.py
[2025-09-21T12:36:45.858+0000] {processor.py:840} INFO - DAG(s) 'example_xcom' retrieved from /home/airflow/.local/lib/python3.8/site-packages/airflow/example_dags/example_xcom.py
[2025-09-21T12:36:45.910+0000] {logging_mixin.py:188} INFO - [2025-09-21T12:36:45.910+0000] {dag.py:3036} INFO - Sync 1 DAGs
[2025-09-21T12:36:45.974+0000] {logging_mixin.py:188} INFO - [2025-09-21T12:36:45.973+0000] {dag.py:3823} INFO - Setting next_dagrun for example_xcom to 2021-01-01 00:00:00+00:00, run_after=2021-01-01 00:00:00+00:00
[2025-09-21T12:36:46.253+0000] {processor.py:183} INFO - Processing /home/airflow/.local/lib/python3.8/site-packages/airflow/example_dags/example_xcom.py took 0.429 seconds
[2025-09-21T12:37:16.743+0000] {processor.py:161} INFO - Started process (PID=1808) to work on /home/airflow/.local/lib/python3.8/site-packages/airflow/example_dags/example_xcom.py
[2025-09-21T12:37:16.745+0000] {processor.py:830} INFO - Processing file /home/airflow/.local/lib/python3.8/site-packages/airflow/example_dags/example_xcom.py for tasks to queue
[2025-09-21T12:37:16.749+0000] {logging_mixin.py:188} INFO - [2025-09-21T12:37:16.748+0000] {dagbag.py:538} INFO - Filling up the DagBag from /home/airflow/.local/lib/python3.8/site-packages/airflow/example_dags/example_xcom.py
[2025-09-21T12:37:16.772+0000] {processor.py:840} INFO - DAG(s) 'example_xcom' retrieved from /home/airflow/.local/lib/python3.8/site-packages/airflow/example_dags/example_xcom.py
[2025-09-21T12:37:16.836+0000] {logging_mixin.py:188} INFO - [2025-09-21T12:37:16.835+0000] {dag.py:3036} INFO - Sync 1 DAGs
[2025-09-21T12:37:16.943+0000] {logging_mixin.py:188} INFO - [2025-09-21T12:37:16.942+0000] {dag.py:3823} INFO - Setting next_dagrun for example_xcom to 2021-01-01 00:00:00+00:00, run_after=2021-01-01 00:00:00+00:00
[2025-09-21T12:37:17.255+0000] {processor.py:183} INFO - Processing /home/airflow/.local/lib/python3.8/site-packages/airflow/example_dags/example_xcom.py took 0.518 seconds
[2025-09-21T12:37:47.578+0000] {processor.py:161} INFO - Started process (PID=1866) to work on /home/airflow/.local/lib/python3.8/site-packages/airflow/example_dags/example_xcom.py
[2025-09-21T12:37:47.580+0000] {processor.py:830} INFO - Processing file /home/airflow/.local/lib/python3.8/site-packages/airflow/example_dags/example_xcom.py for tasks to queue
[2025-09-21T12:37:47.584+0000] {logging_mixin.py:188} INFO - [2025-09-21T12:37:47.583+0000] {dagbag.py:538} INFO - Filling up the DagBag from /home/airflow/.local/lib/python3.8/site-packages/airflow/example_dags/example_xcom.py
[2025-09-21T12:37:47.601+0000] {processor.py:840} INFO - DAG(s) 'example_xcom' retrieved from /home/airflow/.local/lib/python3.8/site-packages/airflow/example_dags/example_xcom.py
[2025-09-21T12:37:47.641+0000] {logging_mixin.py:188} INFO - [2025-09-21T12:37:47.641+0000] {dag.py:3036} INFO - Sync 1 DAGs
[2025-09-21T12:37:47.692+0000] {logging_mixin.py:188} INFO - [2025-09-21T12:37:47.691+0000] {dag.py:3823} INFO - Setting next_dagrun for example_xcom to 2021-01-01 00:00:00+00:00, run_after=2021-01-01 00:00:00+00:00
[2025-09-21T12:37:47.996+0000] {processor.py:183} INFO - Processing /home/airflow/.local/lib/python3.8/site-packages/airflow/example_dags/example_xcom.py took 0.423 seconds
[2025-09-21T12:38:18.122+0000] {processor.py:161} INFO - Started process (PID=1924) to work on /home/airflow/.local/lib/python3.8/site-packages/airflow/example_dags/example_xcom.py
[2025-09-21T12:38:18.124+0000] {processor.py:830} INFO - Processing file /home/airflow/.local/lib/python3.8/site-packages/airflow/example_dags/example_xcom.py for tasks to queue
[2025-09-21T12:38:18.128+0000] {logging_mixin.py:188} INFO - [2025-09-21T12:38:18.128+0000] {dagbag.py:538} INFO - Filling up the DagBag from /home/airflow/.local/lib/python3.8/site-packages/airflow/example_dags/example_xcom.py
[2025-09-21T12:38:18.147+0000] {processor.py:840} INFO - DAG(s) 'example_xcom' retrieved from /home/airflow/.local/lib/python3.8/site-packages/airflow/example_dags/example_xcom.py
[2025-09-21T12:38:18.192+0000] {logging_mixin.py:188} INFO - [2025-09-21T12:38:18.192+0000] {dag.py:3036} INFO - Sync 1 DAGs
[2025-09-21T12:38:18.241+0000] {logging_mixin.py:188} INFO - [2025-09-21T12:38:18.240+0000] {dag.py:3823} INFO - Setting next_dagrun for example_xcom to 2021-01-01 00:00:00+00:00, run_after=2021-01-01 00:00:00+00:00
[2025-09-21T12:38:18.524+0000] {processor.py:183} INFO - Processing /home/airflow/.local/lib/python3.8/site-packages/airflow/example_dags/example_xcom.py took 0.409 seconds
[2025-09-21T12:38:49.248+0000] {processor.py:161} INFO - Started process (PID=1983) to work on /home/airflow/.local/lib/python3.8/site-packages/airflow/example_dags/example_xcom.py
[2025-09-21T12:38:49.250+0000] {processor.py:830} INFO - Processing file /home/airflow/.local/lib/python3.8/site-packages/airflow/example_dags/example_xcom.py for tasks to queue
[2025-09-21T12:38:49.254+0000] {logging_mixin.py:188} INFO - [2025-09-21T12:38:49.253+0000] {dagbag.py:538} INFO - Filling up the DagBag from /home/airflow/.local/lib/python3.8/site-packages/airflow/example_dags/example_xcom.py
[2025-09-21T12:38:49.273+0000] {processor.py:840} INFO - DAG(s) 'example_xcom' retrieved from /home/airflow/.local/lib/python3.8/site-packages/airflow/example_dags/example_xcom.py
[2025-09-21T12:38:49.319+0000] {logging_mixin.py:188} INFO - [2025-09-21T12:38:49.318+0000] {dag.py:3036} INFO - Sync 1 DAGs
[2025-09-21T12:38:49.373+0000] {logging_mixin.py:188} INFO - [2025-09-21T12:38:49.372+0000] {dag.py:3823} INFO - Setting next_dagrun for example_xcom to 2021-01-01 00:00:00+00:00, run_after=2021-01-01 00:00:00+00:00
[2025-09-21T12:38:49.624+0000] {processor.py:183} INFO - Processing /home/airflow/.local/lib/python3.8/site-packages/airflow/example_dags/example_xcom.py took 0.382 seconds
[2025-09-21T12:39:20.313+0000] {processor.py:161} INFO - Started process (PID=2041) to work on /home/airflow/.local/lib/python3.8/site-packages/airflow/example_dags/example_xcom.py
[2025-09-21T12:39:20.315+0000] {processor.py:830} INFO - Processing file /home/airflow/.local/lib/python3.8/site-packages/airflow/example_dags/example_xcom.py for tasks to queue
[2025-09-21T12:39:20.320+0000] {logging_mixin.py:188} INFO - [2025-09-21T12:39:20.319+0000] {dagbag.py:538} INFO - Filling up the DagBag from /home/airflow/.local/lib/python3.8/site-packages/airflow/example_dags/example_xcom.py
[2025-09-21T12:39:20.335+0000] {processor.py:840} INFO - DAG(s) 'example_xcom' retrieved from /home/airflow/.local/lib/python3.8/site-packages/airflow/example_dags/example_xcom.py
[2025-09-21T12:39:20.383+0000] {logging_mixin.py:188} INFO - [2025-09-21T12:39:20.383+0000] {dag.py:3036} INFO - Sync 1 DAGs
[2025-09-21T12:39:20.442+0000] {logging_mixin.py:188} INFO - [2025-09-21T12:39:20.441+0000] {dag.py:3823} INFO - Setting next_dagrun for example_xcom to 2021-01-01 00:00:00+00:00, run_after=2021-01-01 00:00:00+00:00
[2025-09-21T12:39:20.698+0000] {processor.py:183} INFO - Processing /home/airflow/.local/lib/python3.8/site-packages/airflow/example_dags/example_xcom.py took 0.395 seconds
[2025-09-21T12:39:50.851+0000] {processor.py:161} INFO - Started process (PID=2099) to work on /home/airflow/.local/lib/python3.8/site-packages/airflow/example_dags/example_xcom.py
[2025-09-21T12:39:50.856+0000] {processor.py:830} INFO - Processing file /home/airflow/.local/lib/python3.8/site-packages/airflow/example_dags/example_xcom.py for tasks to queue
[2025-09-21T12:39:50.866+0000] {logging_mixin.py:188} INFO - [2025-09-21T12:39:50.865+0000] {dagbag.py:538} INFO - Filling up the DagBag from /home/airflow/.local/lib/python3.8/site-packages/airflow/example_dags/example_xcom.py
[2025-09-21T12:39:50.903+0000] {processor.py:840} INFO - DAG(s) 'example_xcom' retrieved from /home/airflow/.local/lib/python3.8/site-packages/airflow/example_dags/example_xcom.py
[2025-09-21T12:39:50.976+0000] {logging_mixin.py:188} INFO - [2025-09-21T12:39:50.975+0000] {dag.py:3036} INFO - Sync 1 DAGs
[2025-09-21T12:39:51.058+0000] {logging_mixin.py:188} INFO - [2025-09-21T12:39:51.057+0000] {dag.py:3823} INFO - Setting next_dagrun for example_xcom to 2021-01-01 00:00:00+00:00, run_after=2021-01-01 00:00:00+00:00
[2025-09-21T12:39:51.120+0000] {processor.py:183} INFO - Processing /home/airflow/.local/lib/python3.8/site-packages/airflow/example_dags/example_xcom.py took 0.288 seconds
[2025-09-21T12:40:21.292+0000] {processor.py:161} INFO - Started process (PID=2157) to work on /home/airflow/.local/lib/python3.8/site-packages/airflow/example_dags/example_xcom.py
[2025-09-21T12:40:21.294+0000] {processor.py:830} INFO - Processing file /home/airflow/.local/lib/python3.8/site-packages/airflow/example_dags/example_xcom.py for tasks to queue
[2025-09-21T12:40:21.299+0000] {logging_mixin.py:188} INFO - [2025-09-21T12:40:21.298+0000] {dagbag.py:538} INFO - Filling up the DagBag from /home/airflow/.local/lib/python3.8/site-packages/airflow/example_dags/example_xcom.py
[2025-09-21T12:40:21.317+0000] {processor.py:840} INFO - DAG(s) 'example_xcom' retrieved from /home/airflow/.local/lib/python3.8/site-packages/airflow/example_dags/example_xcom.py
[2025-09-21T12:40:21.388+0000] {logging_mixin.py:188} INFO - [2025-09-21T12:40:21.388+0000] {dag.py:3036} INFO - Sync 1 DAGs
[2025-09-21T12:40:21.446+0000] {logging_mixin.py:188} INFO - [2025-09-21T12:40:21.445+0000] {dag.py:3823} INFO - Setting next_dagrun for example_xcom to 2021-01-01 00:00:00+00:00, run_after=2021-01-01 00:00:00+00:00
[2025-09-21T12:40:21.508+0000] {processor.py:183} INFO - Processing /home/airflow/.local/lib/python3.8/site-packages/airflow/example_dags/example_xcom.py took 0.223 seconds
[2025-09-21T12:40:51.747+0000] {processor.py:161} INFO - Started process (PID=2215) to work on /home/airflow/.local/lib/python3.8/site-packages/airflow/example_dags/example_xcom.py
[2025-09-21T12:40:51.750+0000] {processor.py:830} INFO - Processing file /home/airflow/.local/lib/python3.8/site-packages/airflow/example_dags/example_xcom.py for tasks to queue
[2025-09-21T12:40:51.754+0000] {logging_mixin.py:188} INFO - [2025-09-21T12:40:51.754+0000] {dagbag.py:538} INFO - Filling up the DagBag from /home/airflow/.local/lib/python3.8/site-packages/airflow/example_dags/example_xcom.py
[2025-09-21T12:40:51.772+0000] {processor.py:840} INFO - DAG(s) 'example_xcom' retrieved from /home/airflow/.local/lib/python3.8/site-packages/airflow/example_dags/example_xcom.py
[2025-09-21T12:40:51.820+0000] {logging_mixin.py:188} INFO - [2025-09-21T12:40:51.819+0000] {dag.py:3036} INFO - Sync 1 DAGs
[2025-09-21T12:40:51.867+0000] {logging_mixin.py:188} INFO - [2025-09-21T12:40:51.867+0000] {dag.py:3823} INFO - Setting next_dagrun for example_xcom to 2021-01-01 00:00:00+00:00, run_after=2021-01-01 00:00:00+00:00
[2025-09-21T12:40:51.907+0000] {processor.py:183} INFO - Processing /home/airflow/.local/lib/python3.8/site-packages/airflow/example_dags/example_xcom.py took 0.169 seconds
[2025-09-21T12:41:22.172+0000] {processor.py:161} INFO - Started process (PID=2273) to work on /home/airflow/.local/lib/python3.8/site-packages/airflow/example_dags/example_xcom.py
[2025-09-21T12:41:22.175+0000] {processor.py:830} INFO - Processing file /home/airflow/.local/lib/python3.8/site-packages/airflow/example_dags/example_xcom.py for tasks to queue
[2025-09-21T12:41:22.180+0000] {logging_mixin.py:188} INFO - [2025-09-21T12:41:22.179+0000] {dagbag.py:538} INFO - Filling up the DagBag from /home/airflow/.local/lib/python3.8/site-packages/airflow/example_dags/example_xcom.py
[2025-09-21T12:41:22.199+0000] {processor.py:840} INFO - DAG(s) 'example_xcom' retrieved from /home/airflow/.local/lib/python3.8/site-packages/airflow/example_dags/example_xcom.py
[2025-09-21T12:41:22.253+0000] {logging_mixin.py:188} INFO - [2025-09-21T12:41:22.253+0000] {dag.py:3036} INFO - Sync 1 DAGs
[2025-09-21T12:41:22.304+0000] {logging_mixin.py:188} INFO - [2025-09-21T12:41:22.303+0000] {dag.py:3823} INFO - Setting next_dagrun for example_xcom to 2021-01-01 00:00:00+00:00, run_after=2021-01-01 00:00:00+00:00
[2025-09-21T12:41:22.355+0000] {processor.py:183} INFO - Processing /home/airflow/.local/lib/python3.8/site-packages/airflow/example_dags/example_xcom.py took 0.190 seconds
[2025-09-21T12:41:52.919+0000] {processor.py:161} INFO - Started process (PID=2331) to work on /home/airflow/.local/lib/python3.8/site-packages/airflow/example_dags/example_xcom.py
[2025-09-21T12:41:52.923+0000] {processor.py:830} INFO - Processing file /home/airflow/.local/lib/python3.8/site-packages/airflow/example_dags/example_xcom.py for tasks to queue
[2025-09-21T12:41:52.927+0000] {logging_mixin.py:188} INFO - [2025-09-21T12:41:52.926+0000] {dagbag.py:538} INFO - Filling up the DagBag from /home/airflow/.local/lib/python3.8/site-packages/airflow/example_dags/example_xcom.py
[2025-09-21T12:41:52.947+0000] {processor.py:840} INFO - DAG(s) 'example_xcom' retrieved from /home/airflow/.local/lib/python3.8/site-packages/airflow/example_dags/example_xcom.py
[2025-09-21T12:41:53.001+0000] {logging_mixin.py:188} INFO - [2025-09-21T12:41:53.001+0000] {dag.py:3036} INFO - Sync 1 DAGs
[2025-09-21T12:41:53.056+0000] {logging_mixin.py:188} INFO - [2025-09-21T12:41:53.056+0000] {dag.py:3823} INFO - Setting next_dagrun for example_xcom to 2021-01-01 00:00:00+00:00, run_after=2021-01-01 00:00:00+00:00
[2025-09-21T12:41:53.101+0000] {processor.py:183} INFO - Processing /home/airflow/.local/lib/python3.8/site-packages/airflow/example_dags/example_xcom.py took 0.189 seconds
[2025-09-21T12:42:23.278+0000] {processor.py:161} INFO - Started process (PID=2389) to work on /home/airflow/.local/lib/python3.8/site-packages/airflow/example_dags/example_xcom.py
[2025-09-21T12:42:23.280+0000] {processor.py:830} INFO - Processing file /home/airflow/.local/lib/python3.8/site-packages/airflow/example_dags/example_xcom.py for tasks to queue
[2025-09-21T12:42:23.286+0000] {logging_mixin.py:188} INFO - [2025-09-21T12:42:23.285+0000] {dagbag.py:538} INFO - Filling up the DagBag from /home/airflow/.local/lib/python3.8/site-packages/airflow/example_dags/example_xcom.py
[2025-09-21T12:42:23.303+0000] {processor.py:840} INFO - DAG(s) 'example_xcom' retrieved from /home/airflow/.local/lib/python3.8/site-packages/airflow/example_dags/example_xcom.py
[2025-09-21T12:42:23.352+0000] {logging_mixin.py:188} INFO - [2025-09-21T12:42:23.351+0000] {dag.py:3036} INFO - Sync 1 DAGs
[2025-09-21T12:42:23.424+0000] {logging_mixin.py:188} INFO - [2025-09-21T12:42:23.423+0000] {dag.py:3823} INFO - Setting next_dagrun for example_xcom to 2021-01-01 00:00:00+00:00, run_after=2021-01-01 00:00:00+00:00
[2025-09-21T12:42:23.493+0000] {processor.py:183} INFO - Processing /home/airflow/.local/lib/python3.8/site-packages/airflow/example_dags/example_xcom.py took 0.221 seconds
[2025-09-21T12:42:54.131+0000] {processor.py:161} INFO - Started process (PID=2447) to work on /home/airflow/.local/lib/python3.8/site-packages/airflow/example_dags/example_xcom.py
[2025-09-21T12:42:54.133+0000] {processor.py:830} INFO - Processing file /home/airflow/.local/lib/python3.8/site-packages/airflow/example_dags/example_xcom.py for tasks to queue
[2025-09-21T12:42:54.137+0000] {logging_mixin.py:188} INFO - [2025-09-21T12:42:54.136+0000] {dagbag.py:538} INFO - Filling up the DagBag from /home/airflow/.local/lib/python3.8/site-packages/airflow/example_dags/example_xcom.py
[2025-09-21T12:42:54.153+0000] {processor.py:840} INFO - DAG(s) 'example_xcom' retrieved from /home/airflow/.local/lib/python3.8/site-packages/airflow/example_dags/example_xcom.py
[2025-09-21T12:42:54.194+0000] {logging_mixin.py:188} INFO - [2025-09-21T12:42:54.193+0000] {dag.py:3036} INFO - Sync 1 DAGs
[2025-09-21T12:42:54.242+0000] {logging_mixin.py:188} INFO - [2025-09-21T12:42:54.242+0000] {dag.py:3823} INFO - Setting next_dagrun for example_xcom to 2021-01-01 00:00:00+00:00, run_after=2021-01-01 00:00:00+00:00
[2025-09-21T12:42:54.280+0000] {processor.py:183} INFO - Processing /home/airflow/.local/lib/python3.8/site-packages/airflow/example_dags/example_xcom.py took 0.155 seconds
[2025-09-21T12:43:24.894+0000] {processor.py:161} INFO - Started process (PID=2505) to work on /home/airflow/.local/lib/python3.8/site-packages/airflow/example_dags/example_xcom.py
[2025-09-21T12:43:24.898+0000] {processor.py:830} INFO - Processing file /home/airflow/.local/lib/python3.8/site-packages/airflow/example_dags/example_xcom.py for tasks to queue
[2025-09-21T12:43:24.907+0000] {logging_mixin.py:188} INFO - [2025-09-21T12:43:24.906+0000] {dagbag.py:538} INFO - Filling up the DagBag from /home/airflow/.local/lib/python3.8/site-packages/airflow/example_dags/example_xcom.py
[2025-09-21T12:43:24.943+0000] {processor.py:840} INFO - DAG(s) 'example_xcom' retrieved from /home/airflow/.local/lib/python3.8/site-packages/airflow/example_dags/example_xcom.py
[2025-09-21T12:43:25.040+0000] {logging_mixin.py:188} INFO - [2025-09-21T12:43:25.039+0000] {dag.py:3036} INFO - Sync 1 DAGs
[2025-09-21T12:43:25.190+0000] {logging_mixin.py:188} INFO - [2025-09-21T12:43:25.189+0000] {dag.py:3823} INFO - Setting next_dagrun for example_xcom to 2021-01-01 00:00:00+00:00, run_after=2021-01-01 00:00:00+00:00
[2025-09-21T12:43:25.301+0000] {processor.py:183} INFO - Processing /home/airflow/.local/lib/python3.8/site-packages/airflow/example_dags/example_xcom.py took 0.425 seconds
[2025-09-21T12:43:55.557+0000] {processor.py:161} INFO - Started process (PID=2563) to work on /home/airflow/.local/lib/python3.8/site-packages/airflow/example_dags/example_xcom.py
[2025-09-21T12:43:55.559+0000] {processor.py:830} INFO - Processing file /home/airflow/.local/lib/python3.8/site-packages/airflow/example_dags/example_xcom.py for tasks to queue
[2025-09-21T12:43:55.563+0000] {logging_mixin.py:188} INFO - [2025-09-21T12:43:55.563+0000] {dagbag.py:538} INFO - Filling up the DagBag from /home/airflow/.local/lib/python3.8/site-packages/airflow/example_dags/example_xcom.py
[2025-09-21T12:43:55.582+0000] {processor.py:840} INFO - DAG(s) 'example_xcom' retrieved from /home/airflow/.local/lib/python3.8/site-packages/airflow/example_dags/example_xcom.py
[2025-09-21T12:43:55.629+0000] {logging_mixin.py:188} INFO - [2025-09-21T12:43:55.629+0000] {dag.py:3036} INFO - Sync 1 DAGs
[2025-09-21T12:43:55.675+0000] {logging_mixin.py:188} INFO - [2025-09-21T12:43:55.674+0000] {dag.py:3823} INFO - Setting next_dagrun for example_xcom to 2021-01-01 00:00:00+00:00, run_after=2021-01-01 00:00:00+00:00
[2025-09-21T12:43:55.713+0000] {processor.py:183} INFO - Processing /home/airflow/.local/lib/python3.8/site-packages/airflow/example_dags/example_xcom.py took 0.164 seconds
[2025-09-21T12:44:26.445+0000] {processor.py:161} INFO - Started process (PID=2621) to work on /home/airflow/.local/lib/python3.8/site-packages/airflow/example_dags/example_xcom.py
[2025-09-21T12:44:26.447+0000] {processor.py:830} INFO - Processing file /home/airflow/.local/lib/python3.8/site-packages/airflow/example_dags/example_xcom.py for tasks to queue
[2025-09-21T12:44:26.450+0000] {logging_mixin.py:188} INFO - [2025-09-21T12:44:26.450+0000] {dagbag.py:538} INFO - Filling up the DagBag from /home/airflow/.local/lib/python3.8/site-packages/airflow/example_dags/example_xcom.py
[2025-09-21T12:44:26.468+0000] {processor.py:840} INFO - DAG(s) 'example_xcom' retrieved from /home/airflow/.local/lib/python3.8/site-packages/airflow/example_dags/example_xcom.py
[2025-09-21T12:44:26.514+0000] {logging_mixin.py:188} INFO - [2025-09-21T12:44:26.513+0000] {dag.py:3036} INFO - Sync 1 DAGs
[2025-09-21T12:44:26.558+0000] {logging_mixin.py:188} INFO - [2025-09-21T12:44:26.557+0000] {dag.py:3823} INFO - Setting next_dagrun for example_xcom to 2021-01-01 00:00:00+00:00, run_after=2021-01-01 00:00:00+00:00
[2025-09-21T12:44:26.601+0000] {processor.py:183} INFO - Processing /home/airflow/.local/lib/python3.8/site-packages/airflow/example_dags/example_xcom.py took 0.163 seconds
[2025-09-21T12:44:57.191+0000] {processor.py:161} INFO - Started process (PID=2679) to work on /home/airflow/.local/lib/python3.8/site-packages/airflow/example_dags/example_xcom.py
[2025-09-21T12:44:57.196+0000] {processor.py:830} INFO - Processing file /home/airflow/.local/lib/python3.8/site-packages/airflow/example_dags/example_xcom.py for tasks to queue
[2025-09-21T12:44:57.205+0000] {logging_mixin.py:188} INFO - [2025-09-21T12:44:57.203+0000] {dagbag.py:538} INFO - Filling up the DagBag from /home/airflow/.local/lib/python3.8/site-packages/airflow/example_dags/example_xcom.py
[2025-09-21T12:44:57.243+0000] {processor.py:840} INFO - DAG(s) 'example_xcom' retrieved from /home/airflow/.local/lib/python3.8/site-packages/airflow/example_dags/example_xcom.py
[2025-09-21T12:44:57.353+0000] {logging_mixin.py:188} INFO - [2025-09-21T12:44:57.352+0000] {dag.py:3036} INFO - Sync 1 DAGs
[2025-09-21T12:44:57.466+0000] {logging_mixin.py:188} INFO - [2025-09-21T12:44:57.464+0000] {dag.py:3823} INFO - Setting next_dagrun for example_xcom to 2021-01-01 00:00:00+00:00, run_after=2021-01-01 00:00:00+00:00
[2025-09-21T12:44:57.571+0000] {processor.py:183} INFO - Processing /home/airflow/.local/lib/python3.8/site-packages/airflow/example_dags/example_xcom.py took 0.394 seconds
[2025-09-21T12:45:27.802+0000] {processor.py:161} INFO - Started process (PID=2737) to work on /home/airflow/.local/lib/python3.8/site-packages/airflow/example_dags/example_xcom.py
[2025-09-21T12:45:27.807+0000] {processor.py:830} INFO - Processing file /home/airflow/.local/lib/python3.8/site-packages/airflow/example_dags/example_xcom.py for tasks to queue
[2025-09-21T12:45:27.815+0000] {logging_mixin.py:188} INFO - [2025-09-21T12:45:27.814+0000] {dagbag.py:538} INFO - Filling up the DagBag from /home/airflow/.local/lib/python3.8/site-packages/airflow/example_dags/example_xcom.py
[2025-09-21T12:45:27.847+0000] {processor.py:840} INFO - DAG(s) 'example_xcom' retrieved from /home/airflow/.local/lib/python3.8/site-packages/airflow/example_dags/example_xcom.py
[2025-09-21T12:45:27.937+0000] {logging_mixin.py:188} INFO - [2025-09-21T12:45:27.936+0000] {dag.py:3036} INFO - Sync 1 DAGs
[2025-09-21T12:45:28.070+0000] {logging_mixin.py:188} INFO - [2025-09-21T12:45:28.069+0000] {dag.py:3823} INFO - Setting next_dagrun for example_xcom to 2021-01-01 00:00:00+00:00, run_after=2021-01-01 00:00:00+00:00
[2025-09-21T12:45:28.149+0000] {processor.py:183} INFO - Processing /home/airflow/.local/lib/python3.8/site-packages/airflow/example_dags/example_xcom.py took 0.361 seconds
[2025-09-21T12:45:58.223+0000] {processor.py:161} INFO - Started process (PID=2795) to work on /home/airflow/.local/lib/python3.8/site-packages/airflow/example_dags/example_xcom.py
[2025-09-21T12:45:58.226+0000] {processor.py:830} INFO - Processing file /home/airflow/.local/lib/python3.8/site-packages/airflow/example_dags/example_xcom.py for tasks to queue
[2025-09-21T12:45:58.229+0000] {logging_mixin.py:188} INFO - [2025-09-21T12:45:58.229+0000] {dagbag.py:538} INFO - Filling up the DagBag from /home/airflow/.local/lib/python3.8/site-packages/airflow/example_dags/example_xcom.py
[2025-09-21T12:45:58.243+0000] {processor.py:840} INFO - DAG(s) 'example_xcom' retrieved from /home/airflow/.local/lib/python3.8/site-packages/airflow/example_dags/example_xcom.py
[2025-09-21T12:45:58.282+0000] {logging_mixin.py:188} INFO - [2025-09-21T12:45:58.281+0000] {dag.py:3036} INFO - Sync 1 DAGs
[2025-09-21T12:45:58.323+0000] {logging_mixin.py:188} INFO - [2025-09-21T12:45:58.323+0000] {dag.py:3823} INFO - Setting next_dagrun for example_xcom to 2021-01-01 00:00:00+00:00, run_after=2021-01-01 00:00:00+00:00
[2025-09-21T12:45:58.366+0000] {processor.py:183} INFO - Processing /home/airflow/.local/lib/python3.8/site-packages/airflow/example_dags/example_xcom.py took 0.151 seconds
[2025-09-21T12:46:29.203+0000] {processor.py:161} INFO - Started process (PID=2853) to work on /home/airflow/.local/lib/python3.8/site-packages/airflow/example_dags/example_xcom.py
[2025-09-21T12:46:29.208+0000] {processor.py:830} INFO - Processing file /home/airflow/.local/lib/python3.8/site-packages/airflow/example_dags/example_xcom.py for tasks to queue
[2025-09-21T12:46:29.214+0000] {logging_mixin.py:188} INFO - [2025-09-21T12:46:29.213+0000] {dagbag.py:538} INFO - Filling up the DagBag from /home/airflow/.local/lib/python3.8/site-packages/airflow/example_dags/example_xcom.py
[2025-09-21T12:46:29.246+0000] {processor.py:840} INFO - DAG(s) 'example_xcom' retrieved from /home/airflow/.local/lib/python3.8/site-packages/airflow/example_dags/example_xcom.py
[2025-09-21T12:46:29.366+0000] {logging_mixin.py:188} INFO - [2025-09-21T12:46:29.364+0000] {dag.py:3036} INFO - Sync 1 DAGs
[2025-09-21T12:46:29.449+0000] {logging_mixin.py:188} INFO - [2025-09-21T12:46:29.448+0000] {dag.py:3823} INFO - Setting next_dagrun for example_xcom to 2021-01-01 00:00:00+00:00, run_after=2021-01-01 00:00:00+00:00
[2025-09-21T12:46:29.495+0000] {processor.py:183} INFO - Processing /home/airflow/.local/lib/python3.8/site-packages/airflow/example_dags/example_xcom.py took 0.305 seconds
[2025-09-21T12:47:00.253+0000] {processor.py:161} INFO - Started process (PID=2911) to work on /home/airflow/.local/lib/python3.8/site-packages/airflow/example_dags/example_xcom.py
[2025-09-21T12:47:00.256+0000] {processor.py:830} INFO - Processing file /home/airflow/.local/lib/python3.8/site-packages/airflow/example_dags/example_xcom.py for tasks to queue
[2025-09-21T12:47:00.266+0000] {logging_mixin.py:188} INFO - [2025-09-21T12:47:00.265+0000] {dagbag.py:538} INFO - Filling up the DagBag from /home/airflow/.local/lib/python3.8/site-packages/airflow/example_dags/example_xcom.py
[2025-09-21T12:47:00.286+0000] {processor.py:840} INFO - DAG(s) 'example_xcom' retrieved from /home/airflow/.local/lib/python3.8/site-packages/airflow/example_dags/example_xcom.py
[2025-09-21T12:47:00.342+0000] {logging_mixin.py:188} INFO - [2025-09-21T12:47:00.342+0000] {dag.py:3036} INFO - Sync 1 DAGs
[2025-09-21T12:47:00.410+0000] {logging_mixin.py:188} INFO - [2025-09-21T12:47:00.409+0000] {dag.py:3823} INFO - Setting next_dagrun for example_xcom to 2021-01-01 00:00:00+00:00, run_after=2021-01-01 00:00:00+00:00
[2025-09-21T12:47:00.475+0000] {processor.py:183} INFO - Processing /home/airflow/.local/lib/python3.8/site-packages/airflow/example_dags/example_xcom.py took 0.229 seconds
[2025-09-21T12:47:31.173+0000] {processor.py:161} INFO - Started process (PID=2975) to work on /home/airflow/.local/lib/python3.8/site-packages/airflow/example_dags/example_xcom.py
[2025-09-21T12:47:31.176+0000] {processor.py:830} INFO - Processing file /home/airflow/.local/lib/python3.8/site-packages/airflow/example_dags/example_xcom.py for tasks to queue
[2025-09-21T12:47:31.180+0000] {logging_mixin.py:188} INFO - [2025-09-21T12:47:31.179+0000] {dagbag.py:538} INFO - Filling up the DagBag from /home/airflow/.local/lib/python3.8/site-packages/airflow/example_dags/example_xcom.py
[2025-09-21T12:47:31.195+0000] {processor.py:840} INFO - DAG(s) 'example_xcom' retrieved from /home/airflow/.local/lib/python3.8/site-packages/airflow/example_dags/example_xcom.py
[2025-09-21T12:47:31.234+0000] {logging_mixin.py:188} INFO - [2025-09-21T12:47:31.233+0000] {dag.py:3036} INFO - Sync 1 DAGs
[2025-09-21T12:47:31.278+0000] {logging_mixin.py:188} INFO - [2025-09-21T12:47:31.277+0000] {dag.py:3823} INFO - Setting next_dagrun for example_xcom to 2021-01-01 00:00:00+00:00, run_after=2021-01-01 00:00:00+00:00
[2025-09-21T12:47:31.318+0000] {processor.py:183} INFO - Processing /home/airflow/.local/lib/python3.8/site-packages/airflow/example_dags/example_xcom.py took 0.153 seconds
