[2025-09-21T11:12:54.049+0000] {processor.py:161} INFO - Started process (PID=82) to work on /home/airflow/.local/lib/python3.8/site-packages/airflow/example_dags/example_setup_teardown.py
[2025-09-21T11:12:54.052+0000] {processor.py:830} INFO - Processing file /home/airflow/.local/lib/python3.8/site-packages/airflow/example_dags/example_setup_teardown.py for tasks to queue
[2025-09-21T11:12:54.056+0000] {logging_mixin.py:188} INFO - [2025-09-21T11:12:54.056+0000] {dagbag.py:538} INFO - Filling up the DagBag from /home/airflow/.local/lib/python3.8/site-packages/airflow/example_dags/example_setup_teardown.py
[2025-09-21T11:12:54.080+0000] {processor.py:840} INFO - DAG(s) 'example_setup_teardown' retrieved from /home/airflow/.local/lib/python3.8/site-packages/airflow/example_dags/example_setup_teardown.py
[2025-09-21T11:12:54.141+0000] {logging_mixin.py:188} INFO - [2025-09-21T11:12:54.140+0000] {dag.py:3036} INFO - Sync 1 DAGs
[2025-09-21T11:12:54.200+0000] {logging_mixin.py:188} INFO - [2025-09-21T11:12:54.199+0000] {dag.py:3823} INFO - Setting next_dagrun for example_setup_teardown to 2025-09-20 00:00:00+00:00, run_after=2025-09-21 00:00:00+00:00
[2025-09-21T11:12:54.249+0000] {processor.py:183} INFO - Processing /home/airflow/.local/lib/python3.8/site-packages/airflow/example_dags/example_setup_teardown.py took 0.206 seconds
[2025-09-21T11:13:24.662+0000] {processor.py:161} INFO - Started process (PID=140) to work on /home/airflow/.local/lib/python3.8/site-packages/airflow/example_dags/example_setup_teardown.py
[2025-09-21T11:13:24.664+0000] {processor.py:830} INFO - Processing file /home/airflow/.local/lib/python3.8/site-packages/airflow/example_dags/example_setup_teardown.py for tasks to queue
[2025-09-21T11:13:24.667+0000] {logging_mixin.py:188} INFO - [2025-09-21T11:13:24.666+0000] {dagbag.py:538} INFO - Filling up the DagBag from /home/airflow/.local/lib/python3.8/site-packages/airflow/example_dags/example_setup_teardown.py
[2025-09-21T11:13:24.678+0000] {processor.py:840} INFO - DAG(s) 'example_setup_teardown' retrieved from /home/airflow/.local/lib/python3.8/site-packages/airflow/example_dags/example_setup_teardown.py
[2025-09-21T11:13:24.716+0000] {logging_mixin.py:188} INFO - [2025-09-21T11:13:24.716+0000] {dag.py:3036} INFO - Sync 1 DAGs
[2025-09-21T11:13:24.763+0000] {logging_mixin.py:188} INFO - [2025-09-21T11:13:24.763+0000] {dag.py:3823} INFO - Setting next_dagrun for example_setup_teardown to 2025-09-20 00:00:00+00:00, run_after=2025-09-21 00:00:00+00:00
[2025-09-21T11:13:24.801+0000] {processor.py:183} INFO - Processing /home/airflow/.local/lib/python3.8/site-packages/airflow/example_dags/example_setup_teardown.py took 0.145 seconds
[2025-09-21T11:13:55.804+0000] {processor.py:161} INFO - Started process (PID=198) to work on /home/airflow/.local/lib/python3.8/site-packages/airflow/example_dags/example_setup_teardown.py
[2025-09-21T11:13:55.806+0000] {processor.py:830} INFO - Processing file /home/airflow/.local/lib/python3.8/site-packages/airflow/example_dags/example_setup_teardown.py for tasks to queue
[2025-09-21T11:13:55.810+0000] {logging_mixin.py:188} INFO - [2025-09-21T11:13:55.809+0000] {dagbag.py:538} INFO - Filling up the DagBag from /home/airflow/.local/lib/python3.8/site-packages/airflow/example_dags/example_setup_teardown.py
[2025-09-21T11:13:55.821+0000] {processor.py:840} INFO - DAG(s) 'example_setup_teardown' retrieved from /home/airflow/.local/lib/python3.8/site-packages/airflow/example_dags/example_setup_teardown.py
[2025-09-21T11:13:55.857+0000] {logging_mixin.py:188} INFO - [2025-09-21T11:13:55.857+0000] {dag.py:3036} INFO - Sync 1 DAGs
[2025-09-21T11:13:55.898+0000] {logging_mixin.py:188} INFO - [2025-09-21T11:13:55.898+0000] {dag.py:3823} INFO - Setting next_dagrun for example_setup_teardown to 2025-09-20 00:00:00+00:00, run_after=2025-09-21 00:00:00+00:00
[2025-09-21T11:13:55.939+0000] {processor.py:183} INFO - Processing /home/airflow/.local/lib/python3.8/site-packages/airflow/example_dags/example_setup_teardown.py took 0.141 seconds
[2025-09-21T11:14:26.375+0000] {processor.py:161} INFO - Started process (PID=256) to work on /home/airflow/.local/lib/python3.8/site-packages/airflow/example_dags/example_setup_teardown.py
[2025-09-21T11:14:26.378+0000] {processor.py:830} INFO - Processing file /home/airflow/.local/lib/python3.8/site-packages/airflow/example_dags/example_setup_teardown.py for tasks to queue
[2025-09-21T11:14:26.382+0000] {logging_mixin.py:188} INFO - [2025-09-21T11:14:26.381+0000] {dagbag.py:538} INFO - Filling up the DagBag from /home/airflow/.local/lib/python3.8/site-packages/airflow/example_dags/example_setup_teardown.py
[2025-09-21T11:14:26.396+0000] {processor.py:840} INFO - DAG(s) 'example_setup_teardown' retrieved from /home/airflow/.local/lib/python3.8/site-packages/airflow/example_dags/example_setup_teardown.py
[2025-09-21T11:14:26.437+0000] {logging_mixin.py:188} INFO - [2025-09-21T11:14:26.437+0000] {dag.py:3036} INFO - Sync 1 DAGs
[2025-09-21T11:14:26.477+0000] {logging_mixin.py:188} INFO - [2025-09-21T11:14:26.476+0000] {dag.py:3823} INFO - Setting next_dagrun for example_setup_teardown to 2025-09-20 00:00:00+00:00, run_after=2025-09-21 00:00:00+00:00
[2025-09-21T11:14:26.510+0000] {processor.py:183} INFO - Processing /home/airflow/.local/lib/python3.8/site-packages/airflow/example_dags/example_setup_teardown.py took 0.140 seconds
[2025-09-21T11:14:57.065+0000] {processor.py:161} INFO - Started process (PID=314) to work on /home/airflow/.local/lib/python3.8/site-packages/airflow/example_dags/example_setup_teardown.py
[2025-09-21T11:14:57.067+0000] {processor.py:830} INFO - Processing file /home/airflow/.local/lib/python3.8/site-packages/airflow/example_dags/example_setup_teardown.py for tasks to queue
[2025-09-21T11:14:57.071+0000] {logging_mixin.py:188} INFO - [2025-09-21T11:14:57.070+0000] {dagbag.py:538} INFO - Filling up the DagBag from /home/airflow/.local/lib/python3.8/site-packages/airflow/example_dags/example_setup_teardown.py
[2025-09-21T11:14:57.083+0000] {processor.py:840} INFO - DAG(s) 'example_setup_teardown' retrieved from /home/airflow/.local/lib/python3.8/site-packages/airflow/example_dags/example_setup_teardown.py
[2025-09-21T11:14:57.125+0000] {logging_mixin.py:188} INFO - [2025-09-21T11:14:57.125+0000] {dag.py:3036} INFO - Sync 1 DAGs
[2025-09-21T11:14:57.193+0000] {logging_mixin.py:188} INFO - [2025-09-21T11:14:57.192+0000] {dag.py:3823} INFO - Setting next_dagrun for example_setup_teardown to 2025-09-20 00:00:00+00:00, run_after=2025-09-21 00:00:00+00:00
[2025-09-21T11:14:57.239+0000] {processor.py:183} INFO - Processing /home/airflow/.local/lib/python3.8/site-packages/airflow/example_dags/example_setup_teardown.py took 0.180 seconds
[2025-09-21T11:15:28.036+0000] {processor.py:161} INFO - Started process (PID=373) to work on /home/airflow/.local/lib/python3.8/site-packages/airflow/example_dags/example_setup_teardown.py
[2025-09-21T11:15:28.038+0000] {processor.py:830} INFO - Processing file /home/airflow/.local/lib/python3.8/site-packages/airflow/example_dags/example_setup_teardown.py for tasks to queue
[2025-09-21T11:15:28.041+0000] {logging_mixin.py:188} INFO - [2025-09-21T11:15:28.041+0000] {dagbag.py:538} INFO - Filling up the DagBag from /home/airflow/.local/lib/python3.8/site-packages/airflow/example_dags/example_setup_teardown.py
[2025-09-21T11:15:28.053+0000] {processor.py:840} INFO - DAG(s) 'example_setup_teardown' retrieved from /home/airflow/.local/lib/python3.8/site-packages/airflow/example_dags/example_setup_teardown.py
[2025-09-21T11:15:28.088+0000] {logging_mixin.py:188} INFO - [2025-09-21T11:15:28.088+0000] {dag.py:3036} INFO - Sync 1 DAGs
[2025-09-21T11:15:28.128+0000] {logging_mixin.py:188} INFO - [2025-09-21T11:15:28.127+0000] {dag.py:3823} INFO - Setting next_dagrun for example_setup_teardown to 2025-09-20 00:00:00+00:00, run_after=2025-09-21 00:00:00+00:00
[2025-09-21T11:15:28.174+0000] {processor.py:183} INFO - Processing /home/airflow/.local/lib/python3.8/site-packages/airflow/example_dags/example_setup_teardown.py took 0.143 seconds
[2025-09-21T11:15:59.576+0000] {processor.py:161} INFO - Started process (PID=431) to work on /home/airflow/.local/lib/python3.8/site-packages/airflow/example_dags/example_setup_teardown.py
[2025-09-21T11:15:59.578+0000] {processor.py:830} INFO - Processing file /home/airflow/.local/lib/python3.8/site-packages/airflow/example_dags/example_setup_teardown.py for tasks to queue
[2025-09-21T11:15:59.582+0000] {logging_mixin.py:188} INFO - [2025-09-21T11:15:59.582+0000] {dagbag.py:538} INFO - Filling up the DagBag from /home/airflow/.local/lib/python3.8/site-packages/airflow/example_dags/example_setup_teardown.py
[2025-09-21T11:15:59.597+0000] {processor.py:840} INFO - DAG(s) 'example_setup_teardown' retrieved from /home/airflow/.local/lib/python3.8/site-packages/airflow/example_dags/example_setup_teardown.py
[2025-09-21T11:15:59.636+0000] {logging_mixin.py:188} INFO - [2025-09-21T11:15:59.635+0000] {dag.py:3036} INFO - Sync 1 DAGs
[2025-09-21T11:15:59.674+0000] {logging_mixin.py:188} INFO - [2025-09-21T11:15:59.674+0000] {dag.py:3823} INFO - Setting next_dagrun for example_setup_teardown to 2025-09-20 00:00:00+00:00, run_after=2025-09-21 00:00:00+00:00
[2025-09-21T11:15:59.707+0000] {processor.py:183} INFO - Processing /home/airflow/.local/lib/python3.8/site-packages/airflow/example_dags/example_setup_teardown.py took 0.139 seconds
[2025-09-21T11:16:30.231+0000] {processor.py:161} INFO - Started process (PID=490) to work on /home/airflow/.local/lib/python3.8/site-packages/airflow/example_dags/example_setup_teardown.py
[2025-09-21T11:16:30.233+0000] {processor.py:830} INFO - Processing file /home/airflow/.local/lib/python3.8/site-packages/airflow/example_dags/example_setup_teardown.py for tasks to queue
[2025-09-21T11:16:30.237+0000] {logging_mixin.py:188} INFO - [2025-09-21T11:16:30.236+0000] {dagbag.py:538} INFO - Filling up the DagBag from /home/airflow/.local/lib/python3.8/site-packages/airflow/example_dags/example_setup_teardown.py
[2025-09-21T11:16:30.248+0000] {processor.py:840} INFO - DAG(s) 'example_setup_teardown' retrieved from /home/airflow/.local/lib/python3.8/site-packages/airflow/example_dags/example_setup_teardown.py
[2025-09-21T11:16:30.284+0000] {logging_mixin.py:188} INFO - [2025-09-21T11:16:30.284+0000] {dag.py:3036} INFO - Sync 1 DAGs
[2025-09-21T11:16:30.323+0000] {logging_mixin.py:188} INFO - [2025-09-21T11:16:30.322+0000] {dag.py:3823} INFO - Setting next_dagrun for example_setup_teardown to 2025-09-20 00:00:00+00:00, run_after=2025-09-21 00:00:00+00:00
[2025-09-21T11:16:30.356+0000] {processor.py:183} INFO - Processing /home/airflow/.local/lib/python3.8/site-packages/airflow/example_dags/example_setup_teardown.py took 0.132 seconds
[2025-09-21T11:17:00.961+0000] {processor.py:161} INFO - Started process (PID=548) to work on /home/airflow/.local/lib/python3.8/site-packages/airflow/example_dags/example_setup_teardown.py
[2025-09-21T11:17:00.963+0000] {processor.py:830} INFO - Processing file /home/airflow/.local/lib/python3.8/site-packages/airflow/example_dags/example_setup_teardown.py for tasks to queue
[2025-09-21T11:17:00.966+0000] {logging_mixin.py:188} INFO - [2025-09-21T11:17:00.965+0000] {dagbag.py:538} INFO - Filling up the DagBag from /home/airflow/.local/lib/python3.8/site-packages/airflow/example_dags/example_setup_teardown.py
[2025-09-21T11:17:00.977+0000] {processor.py:840} INFO - DAG(s) 'example_setup_teardown' retrieved from /home/airflow/.local/lib/python3.8/site-packages/airflow/example_dags/example_setup_teardown.py
[2025-09-21T11:17:01.012+0000] {logging_mixin.py:188} INFO - [2025-09-21T11:17:01.012+0000] {dag.py:3036} INFO - Sync 1 DAGs
[2025-09-21T11:17:01.064+0000] {logging_mixin.py:188} INFO - [2025-09-21T11:17:01.064+0000] {dag.py:3823} INFO - Setting next_dagrun for example_setup_teardown to 2025-09-20 00:00:00+00:00, run_after=2025-09-21 00:00:00+00:00
[2025-09-21T11:17:01.102+0000] {processor.py:183} INFO - Processing /home/airflow/.local/lib/python3.8/site-packages/airflow/example_dags/example_setup_teardown.py took 0.147 seconds
[2025-09-21T11:17:31.306+0000] {processor.py:161} INFO - Started process (PID=604) to work on /home/airflow/.local/lib/python3.8/site-packages/airflow/example_dags/example_setup_teardown.py
[2025-09-21T11:17:31.308+0000] {processor.py:830} INFO - Processing file /home/airflow/.local/lib/python3.8/site-packages/airflow/example_dags/example_setup_teardown.py for tasks to queue
[2025-09-21T11:17:31.311+0000] {logging_mixin.py:188} INFO - [2025-09-21T11:17:31.311+0000] {dagbag.py:538} INFO - Filling up the DagBag from /home/airflow/.local/lib/python3.8/site-packages/airflow/example_dags/example_setup_teardown.py
[2025-09-21T11:17:31.322+0000] {processor.py:840} INFO - DAG(s) 'example_setup_teardown' retrieved from /home/airflow/.local/lib/python3.8/site-packages/airflow/example_dags/example_setup_teardown.py
[2025-09-21T11:17:31.357+0000] {logging_mixin.py:188} INFO - [2025-09-21T11:17:31.357+0000] {dag.py:3036} INFO - Sync 1 DAGs
[2025-09-21T11:17:31.394+0000] {logging_mixin.py:188} INFO - [2025-09-21T11:17:31.394+0000] {dag.py:3823} INFO - Setting next_dagrun for example_setup_teardown to 2025-09-20 00:00:00+00:00, run_after=2025-09-21 00:00:00+00:00
[2025-09-21T11:17:31.426+0000] {processor.py:183} INFO - Processing /home/airflow/.local/lib/python3.8/site-packages/airflow/example_dags/example_setup_teardown.py took 0.126 seconds
[2025-09-21T11:18:01.484+0000] {processor.py:161} INFO - Started process (PID=662) to work on /home/airflow/.local/lib/python3.8/site-packages/airflow/example_dags/example_setup_teardown.py
[2025-09-21T11:18:01.486+0000] {processor.py:830} INFO - Processing file /home/airflow/.local/lib/python3.8/site-packages/airflow/example_dags/example_setup_teardown.py for tasks to queue
[2025-09-21T11:18:01.490+0000] {logging_mixin.py:188} INFO - [2025-09-21T11:18:01.489+0000] {dagbag.py:538} INFO - Filling up the DagBag from /home/airflow/.local/lib/python3.8/site-packages/airflow/example_dags/example_setup_teardown.py
[2025-09-21T11:18:01.505+0000] {processor.py:840} INFO - DAG(s) 'example_setup_teardown' retrieved from /home/airflow/.local/lib/python3.8/site-packages/airflow/example_dags/example_setup_teardown.py
[2025-09-21T11:18:01.548+0000] {logging_mixin.py:188} INFO - [2025-09-21T11:18:01.548+0000] {dag.py:3036} INFO - Sync 1 DAGs
[2025-09-21T11:18:01.588+0000] {logging_mixin.py:188} INFO - [2025-09-21T11:18:01.588+0000] {dag.py:3823} INFO - Setting next_dagrun for example_setup_teardown to 2025-09-20 00:00:00+00:00, run_after=2025-09-21 00:00:00+00:00
[2025-09-21T11:18:01.625+0000] {processor.py:183} INFO - Processing /home/airflow/.local/lib/python3.8/site-packages/airflow/example_dags/example_setup_teardown.py took 0.147 seconds
[2025-09-21T11:18:31.925+0000] {processor.py:161} INFO - Started process (PID=720) to work on /home/airflow/.local/lib/python3.8/site-packages/airflow/example_dags/example_setup_teardown.py
[2025-09-21T11:18:31.927+0000] {processor.py:830} INFO - Processing file /home/airflow/.local/lib/python3.8/site-packages/airflow/example_dags/example_setup_teardown.py for tasks to queue
[2025-09-21T11:18:31.931+0000] {logging_mixin.py:188} INFO - [2025-09-21T11:18:31.930+0000] {dagbag.py:538} INFO - Filling up the DagBag from /home/airflow/.local/lib/python3.8/site-packages/airflow/example_dags/example_setup_teardown.py
[2025-09-21T11:18:31.945+0000] {processor.py:840} INFO - DAG(s) 'example_setup_teardown' retrieved from /home/airflow/.local/lib/python3.8/site-packages/airflow/example_dags/example_setup_teardown.py
[2025-09-21T11:18:31.980+0000] {logging_mixin.py:188} INFO - [2025-09-21T11:18:31.980+0000] {dag.py:3036} INFO - Sync 1 DAGs
[2025-09-21T11:18:32.026+0000] {logging_mixin.py:188} INFO - [2025-09-21T11:18:32.025+0000] {dag.py:3823} INFO - Setting next_dagrun for example_setup_teardown to 2025-09-20 00:00:00+00:00, run_after=2025-09-21 00:00:00+00:00
[2025-09-21T11:18:32.060+0000] {processor.py:183} INFO - Processing /home/airflow/.local/lib/python3.8/site-packages/airflow/example_dags/example_setup_teardown.py took 0.141 seconds
[2025-09-21T11:19:02.898+0000] {processor.py:161} INFO - Started process (PID=778) to work on /home/airflow/.local/lib/python3.8/site-packages/airflow/example_dags/example_setup_teardown.py
[2025-09-21T11:19:02.900+0000] {processor.py:830} INFO - Processing file /home/airflow/.local/lib/python3.8/site-packages/airflow/example_dags/example_setup_teardown.py for tasks to queue
[2025-09-21T11:19:02.904+0000] {logging_mixin.py:188} INFO - [2025-09-21T11:19:02.903+0000] {dagbag.py:538} INFO - Filling up the DagBag from /home/airflow/.local/lib/python3.8/site-packages/airflow/example_dags/example_setup_teardown.py
[2025-09-21T11:19:02.915+0000] {processor.py:840} INFO - DAG(s) 'example_setup_teardown' retrieved from /home/airflow/.local/lib/python3.8/site-packages/airflow/example_dags/example_setup_teardown.py
[2025-09-21T11:19:02.955+0000] {logging_mixin.py:188} INFO - [2025-09-21T11:19:02.955+0000] {dag.py:3036} INFO - Sync 1 DAGs
[2025-09-21T11:19:02.997+0000] {logging_mixin.py:188} INFO - [2025-09-21T11:19:02.996+0000] {dag.py:3823} INFO - Setting next_dagrun for example_setup_teardown to 2025-09-20 00:00:00+00:00, run_after=2025-09-21 00:00:00+00:00
[2025-09-21T11:19:03.036+0000] {processor.py:183} INFO - Processing /home/airflow/.local/lib/python3.8/site-packages/airflow/example_dags/example_setup_teardown.py took 0.143 seconds
[2025-09-21T11:19:33.258+0000] {processor.py:161} INFO - Started process (PID=836) to work on /home/airflow/.local/lib/python3.8/site-packages/airflow/example_dags/example_setup_teardown.py
[2025-09-21T11:19:33.260+0000] {processor.py:830} INFO - Processing file /home/airflow/.local/lib/python3.8/site-packages/airflow/example_dags/example_setup_teardown.py for tasks to queue
[2025-09-21T11:19:33.264+0000] {logging_mixin.py:188} INFO - [2025-09-21T11:19:33.263+0000] {dagbag.py:538} INFO - Filling up the DagBag from /home/airflow/.local/lib/python3.8/site-packages/airflow/example_dags/example_setup_teardown.py
[2025-09-21T11:19:33.279+0000] {processor.py:840} INFO - DAG(s) 'example_setup_teardown' retrieved from /home/airflow/.local/lib/python3.8/site-packages/airflow/example_dags/example_setup_teardown.py
[2025-09-21T11:19:33.322+0000] {logging_mixin.py:188} INFO - [2025-09-21T11:19:33.322+0000] {dag.py:3036} INFO - Sync 1 DAGs
[2025-09-21T11:19:33.373+0000] {logging_mixin.py:188} INFO - [2025-09-21T11:19:33.373+0000] {dag.py:3823} INFO - Setting next_dagrun for example_setup_teardown to 2025-09-20 00:00:00+00:00, run_after=2025-09-21 00:00:00+00:00
[2025-09-21T11:19:33.416+0000] {processor.py:183} INFO - Processing /home/airflow/.local/lib/python3.8/site-packages/airflow/example_dags/example_setup_teardown.py took 0.164 seconds
[2025-09-21T11:20:03.769+0000] {processor.py:161} INFO - Started process (PID=893) to work on /home/airflow/.local/lib/python3.8/site-packages/airflow/example_dags/example_setup_teardown.py
[2025-09-21T11:20:03.771+0000] {processor.py:830} INFO - Processing file /home/airflow/.local/lib/python3.8/site-packages/airflow/example_dags/example_setup_teardown.py for tasks to queue
[2025-09-21T11:20:03.774+0000] {logging_mixin.py:188} INFO - [2025-09-21T11:20:03.774+0000] {dagbag.py:538} INFO - Filling up the DagBag from /home/airflow/.local/lib/python3.8/site-packages/airflow/example_dags/example_setup_teardown.py
[2025-09-21T11:20:03.789+0000] {processor.py:840} INFO - DAG(s) 'example_setup_teardown' retrieved from /home/airflow/.local/lib/python3.8/site-packages/airflow/example_dags/example_setup_teardown.py
[2025-09-21T11:20:03.828+0000] {logging_mixin.py:188} INFO - [2025-09-21T11:20:03.828+0000] {dag.py:3036} INFO - Sync 1 DAGs
[2025-09-21T11:20:03.868+0000] {logging_mixin.py:188} INFO - [2025-09-21T11:20:03.867+0000] {dag.py:3823} INFO - Setting next_dagrun for example_setup_teardown to 2025-09-20 00:00:00+00:00, run_after=2025-09-21 00:00:00+00:00
[2025-09-21T11:20:03.913+0000] {processor.py:183} INFO - Processing /home/airflow/.local/lib/python3.8/site-packages/airflow/example_dags/example_setup_teardown.py took 0.150 seconds
[2025-09-21T11:20:34.476+0000] {processor.py:161} INFO - Started process (PID=951) to work on /home/airflow/.local/lib/python3.8/site-packages/airflow/example_dags/example_setup_teardown.py
[2025-09-21T11:20:34.478+0000] {processor.py:830} INFO - Processing file /home/airflow/.local/lib/python3.8/site-packages/airflow/example_dags/example_setup_teardown.py for tasks to queue
[2025-09-21T11:20:34.482+0000] {logging_mixin.py:188} INFO - [2025-09-21T11:20:34.481+0000] {dagbag.py:538} INFO - Filling up the DagBag from /home/airflow/.local/lib/python3.8/site-packages/airflow/example_dags/example_setup_teardown.py
[2025-09-21T11:20:34.495+0000] {processor.py:840} INFO - DAG(s) 'example_setup_teardown' retrieved from /home/airflow/.local/lib/python3.8/site-packages/airflow/example_dags/example_setup_teardown.py
[2025-09-21T11:20:34.531+0000] {logging_mixin.py:188} INFO - [2025-09-21T11:20:34.531+0000] {dag.py:3036} INFO - Sync 1 DAGs
[2025-09-21T11:20:34.572+0000] {logging_mixin.py:188} INFO - [2025-09-21T11:20:34.571+0000] {dag.py:3823} INFO - Setting next_dagrun for example_setup_teardown to 2025-09-20 00:00:00+00:00, run_after=2025-09-21 00:00:00+00:00
[2025-09-21T11:20:34.606+0000] {processor.py:183} INFO - Processing /home/airflow/.local/lib/python3.8/site-packages/airflow/example_dags/example_setup_teardown.py took 0.136 seconds
[2025-09-21T11:21:05.381+0000] {processor.py:161} INFO - Started process (PID=1009) to work on /home/airflow/.local/lib/python3.8/site-packages/airflow/example_dags/example_setup_teardown.py
[2025-09-21T11:21:05.383+0000] {processor.py:830} INFO - Processing file /home/airflow/.local/lib/python3.8/site-packages/airflow/example_dags/example_setup_teardown.py for tasks to queue
[2025-09-21T11:21:05.387+0000] {logging_mixin.py:188} INFO - [2025-09-21T11:21:05.387+0000] {dagbag.py:538} INFO - Filling up the DagBag from /home/airflow/.local/lib/python3.8/site-packages/airflow/example_dags/example_setup_teardown.py
[2025-09-21T11:21:05.400+0000] {processor.py:840} INFO - DAG(s) 'example_setup_teardown' retrieved from /home/airflow/.local/lib/python3.8/site-packages/airflow/example_dags/example_setup_teardown.py
[2025-09-21T11:21:05.438+0000] {logging_mixin.py:188} INFO - [2025-09-21T11:21:05.437+0000] {dag.py:3036} INFO - Sync 1 DAGs
[2025-09-21T11:21:05.482+0000] {logging_mixin.py:188} INFO - [2025-09-21T11:21:05.482+0000] {dag.py:3823} INFO - Setting next_dagrun for example_setup_teardown to 2025-09-20 00:00:00+00:00, run_after=2025-09-21 00:00:00+00:00
[2025-09-21T11:21:05.522+0000] {processor.py:183} INFO - Processing /home/airflow/.local/lib/python3.8/site-packages/airflow/example_dags/example_setup_teardown.py took 0.149 seconds
[2025-09-21T11:21:35.895+0000] {processor.py:161} INFO - Started process (PID=1067) to work on /home/airflow/.local/lib/python3.8/site-packages/airflow/example_dags/example_setup_teardown.py
[2025-09-21T11:21:35.897+0000] {processor.py:830} INFO - Processing file /home/airflow/.local/lib/python3.8/site-packages/airflow/example_dags/example_setup_teardown.py for tasks to queue
[2025-09-21T11:21:35.900+0000] {logging_mixin.py:188} INFO - [2025-09-21T11:21:35.900+0000] {dagbag.py:538} INFO - Filling up the DagBag from /home/airflow/.local/lib/python3.8/site-packages/airflow/example_dags/example_setup_teardown.py
[2025-09-21T11:21:35.913+0000] {processor.py:840} INFO - DAG(s) 'example_setup_teardown' retrieved from /home/airflow/.local/lib/python3.8/site-packages/airflow/example_dags/example_setup_teardown.py
[2025-09-21T11:21:35.948+0000] {logging_mixin.py:188} INFO - [2025-09-21T11:21:35.948+0000] {dag.py:3036} INFO - Sync 1 DAGs
[2025-09-21T11:21:35.987+0000] {logging_mixin.py:188} INFO - [2025-09-21T11:21:35.987+0000] {dag.py:3823} INFO - Setting next_dagrun for example_setup_teardown to 2025-09-20 00:00:00+00:00, run_after=2025-09-21 00:00:00+00:00
[2025-09-21T11:21:36.027+0000] {processor.py:183} INFO - Processing /home/airflow/.local/lib/python3.8/site-packages/airflow/example_dags/example_setup_teardown.py took 0.137 seconds
[2025-09-21T11:22:06.318+0000] {processor.py:161} INFO - Started process (PID=1125) to work on /home/airflow/.local/lib/python3.8/site-packages/airflow/example_dags/example_setup_teardown.py
[2025-09-21T11:22:06.321+0000] {processor.py:830} INFO - Processing file /home/airflow/.local/lib/python3.8/site-packages/airflow/example_dags/example_setup_teardown.py for tasks to queue
[2025-09-21T11:22:06.330+0000] {logging_mixin.py:188} INFO - [2025-09-21T11:22:06.326+0000] {dagbag.py:538} INFO - Filling up the DagBag from /home/airflow/.local/lib/python3.8/site-packages/airflow/example_dags/example_setup_teardown.py
[2025-09-21T11:22:06.342+0000] {processor.py:840} INFO - DAG(s) 'example_setup_teardown' retrieved from /home/airflow/.local/lib/python3.8/site-packages/airflow/example_dags/example_setup_teardown.py
[2025-09-21T11:22:06.394+0000] {logging_mixin.py:188} INFO - [2025-09-21T11:22:06.393+0000] {dag.py:3036} INFO - Sync 1 DAGs
[2025-09-21T11:22:06.454+0000] {logging_mixin.py:188} INFO - [2025-09-21T11:22:06.454+0000] {dag.py:3823} INFO - Setting next_dagrun for example_setup_teardown to 2025-09-20 00:00:00+00:00, run_after=2025-09-21 00:00:00+00:00
[2025-09-21T11:22:06.494+0000] {processor.py:183} INFO - Processing /home/airflow/.local/lib/python3.8/site-packages/airflow/example_dags/example_setup_teardown.py took 0.186 seconds
[2025-09-21T11:22:36.687+0000] {processor.py:161} INFO - Started process (PID=1189) to work on /home/airflow/.local/lib/python3.8/site-packages/airflow/example_dags/example_setup_teardown.py
[2025-09-21T11:22:36.688+0000] {processor.py:830} INFO - Processing file /home/airflow/.local/lib/python3.8/site-packages/airflow/example_dags/example_setup_teardown.py for tasks to queue
[2025-09-21T11:22:36.692+0000] {logging_mixin.py:188} INFO - [2025-09-21T11:22:36.691+0000] {dagbag.py:538} INFO - Filling up the DagBag from /home/airflow/.local/lib/python3.8/site-packages/airflow/example_dags/example_setup_teardown.py
[2025-09-21T11:22:36.704+0000] {processor.py:840} INFO - DAG(s) 'example_setup_teardown' retrieved from /home/airflow/.local/lib/python3.8/site-packages/airflow/example_dags/example_setup_teardown.py
[2025-09-21T11:22:36.738+0000] {logging_mixin.py:188} INFO - [2025-09-21T11:22:36.738+0000] {dag.py:3036} INFO - Sync 1 DAGs
[2025-09-21T11:22:36.777+0000] {logging_mixin.py:188} INFO - [2025-09-21T11:22:36.776+0000] {dag.py:3823} INFO - Setting next_dagrun for example_setup_teardown to 2025-09-20 00:00:00+00:00, run_after=2025-09-21 00:00:00+00:00
[2025-09-21T11:22:36.814+0000] {processor.py:183} INFO - Processing /home/airflow/.local/lib/python3.8/site-packages/airflow/example_dags/example_setup_teardown.py took 0.133 seconds
[2025-09-21T11:23:07.342+0000] {processor.py:161} INFO - Started process (PID=1247) to work on /home/airflow/.local/lib/python3.8/site-packages/airflow/example_dags/example_setup_teardown.py
[2025-09-21T11:23:07.344+0000] {processor.py:830} INFO - Processing file /home/airflow/.local/lib/python3.8/site-packages/airflow/example_dags/example_setup_teardown.py for tasks to queue
[2025-09-21T11:23:07.349+0000] {logging_mixin.py:188} INFO - [2025-09-21T11:23:07.348+0000] {dagbag.py:538} INFO - Filling up the DagBag from /home/airflow/.local/lib/python3.8/site-packages/airflow/example_dags/example_setup_teardown.py
[2025-09-21T11:23:07.362+0000] {processor.py:840} INFO - DAG(s) 'example_setup_teardown' retrieved from /home/airflow/.local/lib/python3.8/site-packages/airflow/example_dags/example_setup_teardown.py
[2025-09-21T11:23:07.402+0000] {logging_mixin.py:188} INFO - [2025-09-21T11:23:07.402+0000] {dag.py:3036} INFO - Sync 1 DAGs
[2025-09-21T11:23:07.447+0000] {logging_mixin.py:188} INFO - [2025-09-21T11:23:07.446+0000] {dag.py:3823} INFO - Setting next_dagrun for example_setup_teardown to 2025-09-20 00:00:00+00:00, run_after=2025-09-21 00:00:00+00:00
[2025-09-21T11:23:07.484+0000] {processor.py:183} INFO - Processing /home/airflow/.local/lib/python3.8/site-packages/airflow/example_dags/example_setup_teardown.py took 0.148 seconds
[2025-09-21T11:23:37.966+0000] {processor.py:161} INFO - Started process (PID=1305) to work on /home/airflow/.local/lib/python3.8/site-packages/airflow/example_dags/example_setup_teardown.py
[2025-09-21T11:23:37.968+0000] {processor.py:830} INFO - Processing file /home/airflow/.local/lib/python3.8/site-packages/airflow/example_dags/example_setup_teardown.py for tasks to queue
[2025-09-21T11:23:37.971+0000] {logging_mixin.py:188} INFO - [2025-09-21T11:23:37.970+0000] {dagbag.py:538} INFO - Filling up the DagBag from /home/airflow/.local/lib/python3.8/site-packages/airflow/example_dags/example_setup_teardown.py
[2025-09-21T11:23:37.984+0000] {processor.py:840} INFO - DAG(s) 'example_setup_teardown' retrieved from /home/airflow/.local/lib/python3.8/site-packages/airflow/example_dags/example_setup_teardown.py
[2025-09-21T11:23:38.023+0000] {logging_mixin.py:188} INFO - [2025-09-21T11:23:38.022+0000] {dag.py:3036} INFO - Sync 1 DAGs
[2025-09-21T11:23:38.062+0000] {logging_mixin.py:188} INFO - [2025-09-21T11:23:38.062+0000] {dag.py:3823} INFO - Setting next_dagrun for example_setup_teardown to 2025-09-20 00:00:00+00:00, run_after=2025-09-21 00:00:00+00:00
[2025-09-21T11:23:38.106+0000] {processor.py:183} INFO - Processing /home/airflow/.local/lib/python3.8/site-packages/airflow/example_dags/example_setup_teardown.py took 0.145 seconds
[2025-09-21T11:24:08.883+0000] {processor.py:161} INFO - Started process (PID=1363) to work on /home/airflow/.local/lib/python3.8/site-packages/airflow/example_dags/example_setup_teardown.py
[2025-09-21T11:24:08.885+0000] {processor.py:830} INFO - Processing file /home/airflow/.local/lib/python3.8/site-packages/airflow/example_dags/example_setup_teardown.py for tasks to queue
[2025-09-21T11:24:08.888+0000] {logging_mixin.py:188} INFO - [2025-09-21T11:24:08.888+0000] {dagbag.py:538} INFO - Filling up the DagBag from /home/airflow/.local/lib/python3.8/site-packages/airflow/example_dags/example_setup_teardown.py
[2025-09-21T11:24:08.902+0000] {processor.py:840} INFO - DAG(s) 'example_setup_teardown' retrieved from /home/airflow/.local/lib/python3.8/site-packages/airflow/example_dags/example_setup_teardown.py
[2025-09-21T11:24:08.940+0000] {logging_mixin.py:188} INFO - [2025-09-21T11:24:08.940+0000] {dag.py:3036} INFO - Sync 1 DAGs
[2025-09-21T11:24:08.980+0000] {logging_mixin.py:188} INFO - [2025-09-21T11:24:08.980+0000] {dag.py:3823} INFO - Setting next_dagrun for example_setup_teardown to 2025-09-20 00:00:00+00:00, run_after=2025-09-21 00:00:00+00:00
[2025-09-21T11:24:09.015+0000] {processor.py:183} INFO - Processing /home/airflow/.local/lib/python3.8/site-packages/airflow/example_dags/example_setup_teardown.py took 0.139 seconds
[2025-09-21T11:24:39.349+0000] {processor.py:161} INFO - Started process (PID=1421) to work on /home/airflow/.local/lib/python3.8/site-packages/airflow/example_dags/example_setup_teardown.py
[2025-09-21T11:24:39.352+0000] {processor.py:830} INFO - Processing file /home/airflow/.local/lib/python3.8/site-packages/airflow/example_dags/example_setup_teardown.py for tasks to queue
[2025-09-21T11:24:39.361+0000] {logging_mixin.py:188} INFO - [2025-09-21T11:24:39.360+0000] {dagbag.py:538} INFO - Filling up the DagBag from /home/airflow/.local/lib/python3.8/site-packages/airflow/example_dags/example_setup_teardown.py
[2025-09-21T11:24:39.382+0000] {processor.py:840} INFO - DAG(s) 'example_setup_teardown' retrieved from /home/airflow/.local/lib/python3.8/site-packages/airflow/example_dags/example_setup_teardown.py
[2025-09-21T11:24:39.424+0000] {logging_mixin.py:188} INFO - [2025-09-21T11:24:39.424+0000] {dag.py:3036} INFO - Sync 1 DAGs
[2025-09-21T11:24:39.471+0000] {logging_mixin.py:188} INFO - [2025-09-21T11:24:39.471+0000] {dag.py:3823} INFO - Setting next_dagrun for example_setup_teardown to 2025-09-20 00:00:00+00:00, run_after=2025-09-21 00:00:00+00:00
[2025-09-21T11:24:39.509+0000] {processor.py:183} INFO - Processing /home/airflow/.local/lib/python3.8/site-packages/airflow/example_dags/example_setup_teardown.py took 0.168 seconds
[2025-09-21T11:25:09.592+0000] {processor.py:161} INFO - Started process (PID=1479) to work on /home/airflow/.local/lib/python3.8/site-packages/airflow/example_dags/example_setup_teardown.py
[2025-09-21T11:25:09.594+0000] {processor.py:830} INFO - Processing file /home/airflow/.local/lib/python3.8/site-packages/airflow/example_dags/example_setup_teardown.py for tasks to queue
[2025-09-21T11:25:09.597+0000] {logging_mixin.py:188} INFO - [2025-09-21T11:25:09.597+0000] {dagbag.py:538} INFO - Filling up the DagBag from /home/airflow/.local/lib/python3.8/site-packages/airflow/example_dags/example_setup_teardown.py
[2025-09-21T11:25:09.611+0000] {processor.py:840} INFO - DAG(s) 'example_setup_teardown' retrieved from /home/airflow/.local/lib/python3.8/site-packages/airflow/example_dags/example_setup_teardown.py
[2025-09-21T11:25:09.646+0000] {logging_mixin.py:188} INFO - [2025-09-21T11:25:09.646+0000] {dag.py:3036} INFO - Sync 1 DAGs
[2025-09-21T11:25:09.687+0000] {logging_mixin.py:188} INFO - [2025-09-21T11:25:09.686+0000] {dag.py:3823} INFO - Setting next_dagrun for example_setup_teardown to 2025-09-20 00:00:00+00:00, run_after=2025-09-21 00:00:00+00:00
[2025-09-21T11:25:09.720+0000] {processor.py:183} INFO - Processing /home/airflow/.local/lib/python3.8/site-packages/airflow/example_dags/example_setup_teardown.py took 0.134 seconds
[2025-09-21T11:25:40.282+0000] {processor.py:161} INFO - Started process (PID=1537) to work on /home/airflow/.local/lib/python3.8/site-packages/airflow/example_dags/example_setup_teardown.py
[2025-09-21T11:25:40.284+0000] {processor.py:830} INFO - Processing file /home/airflow/.local/lib/python3.8/site-packages/airflow/example_dags/example_setup_teardown.py for tasks to queue
[2025-09-21T11:25:40.287+0000] {logging_mixin.py:188} INFO - [2025-09-21T11:25:40.287+0000] {dagbag.py:538} INFO - Filling up the DagBag from /home/airflow/.local/lib/python3.8/site-packages/airflow/example_dags/example_setup_teardown.py
[2025-09-21T11:25:40.301+0000] {processor.py:840} INFO - DAG(s) 'example_setup_teardown' retrieved from /home/airflow/.local/lib/python3.8/site-packages/airflow/example_dags/example_setup_teardown.py
[2025-09-21T11:25:40.337+0000] {logging_mixin.py:188} INFO - [2025-09-21T11:25:40.336+0000] {dag.py:3036} INFO - Sync 1 DAGs
[2025-09-21T11:25:40.378+0000] {logging_mixin.py:188} INFO - [2025-09-21T11:25:40.378+0000] {dag.py:3823} INFO - Setting next_dagrun for example_setup_teardown to 2025-09-20 00:00:00+00:00, run_after=2025-09-21 00:00:00+00:00
[2025-09-21T11:25:40.426+0000] {processor.py:183} INFO - Processing /home/airflow/.local/lib/python3.8/site-packages/airflow/example_dags/example_setup_teardown.py took 0.149 seconds
[2025-09-21T11:26:11.079+0000] {processor.py:161} INFO - Started process (PID=1595) to work on /home/airflow/.local/lib/python3.8/site-packages/airflow/example_dags/example_setup_teardown.py
[2025-09-21T11:26:11.081+0000] {processor.py:830} INFO - Processing file /home/airflow/.local/lib/python3.8/site-packages/airflow/example_dags/example_setup_teardown.py for tasks to queue
[2025-09-21T11:26:11.084+0000] {logging_mixin.py:188} INFO - [2025-09-21T11:26:11.084+0000] {dagbag.py:538} INFO - Filling up the DagBag from /home/airflow/.local/lib/python3.8/site-packages/airflow/example_dags/example_setup_teardown.py
[2025-09-21T11:26:11.100+0000] {processor.py:840} INFO - DAG(s) 'example_setup_teardown' retrieved from /home/airflow/.local/lib/python3.8/site-packages/airflow/example_dags/example_setup_teardown.py
[2025-09-21T11:26:11.135+0000] {logging_mixin.py:188} INFO - [2025-09-21T11:26:11.135+0000] {dag.py:3036} INFO - Sync 1 DAGs
[2025-09-21T11:26:11.173+0000] {logging_mixin.py:188} INFO - [2025-09-21T11:26:11.173+0000] {dag.py:3823} INFO - Setting next_dagrun for example_setup_teardown to 2025-09-20 00:00:00+00:00, run_after=2025-09-21 00:00:00+00:00
[2025-09-21T11:26:11.208+0000] {processor.py:183} INFO - Processing /home/airflow/.local/lib/python3.8/site-packages/airflow/example_dags/example_setup_teardown.py took 0.134 seconds
[2025-09-21T11:26:41.769+0000] {processor.py:161} INFO - Started process (PID=1653) to work on /home/airflow/.local/lib/python3.8/site-packages/airflow/example_dags/example_setup_teardown.py
[2025-09-21T11:26:41.771+0000] {processor.py:830} INFO - Processing file /home/airflow/.local/lib/python3.8/site-packages/airflow/example_dags/example_setup_teardown.py for tasks to queue
[2025-09-21T11:26:41.774+0000] {logging_mixin.py:188} INFO - [2025-09-21T11:26:41.774+0000] {dagbag.py:538} INFO - Filling up the DagBag from /home/airflow/.local/lib/python3.8/site-packages/airflow/example_dags/example_setup_teardown.py
[2025-09-21T11:26:41.786+0000] {processor.py:840} INFO - DAG(s) 'example_setup_teardown' retrieved from /home/airflow/.local/lib/python3.8/site-packages/airflow/example_dags/example_setup_teardown.py
[2025-09-21T11:26:41.820+0000] {logging_mixin.py:188} INFO - [2025-09-21T11:26:41.819+0000] {dag.py:3036} INFO - Sync 1 DAGs
[2025-09-21T11:26:41.858+0000] {logging_mixin.py:188} INFO - [2025-09-21T11:26:41.858+0000] {dag.py:3823} INFO - Setting next_dagrun for example_setup_teardown to 2025-09-20 00:00:00+00:00, run_after=2025-09-21 00:00:00+00:00
[2025-09-21T11:26:41.895+0000] {processor.py:183} INFO - Processing /home/airflow/.local/lib/python3.8/site-packages/airflow/example_dags/example_setup_teardown.py took 0.132 seconds
[2025-09-21T11:27:12.521+0000] {processor.py:161} INFO - Started process (PID=1711) to work on /home/airflow/.local/lib/python3.8/site-packages/airflow/example_dags/example_setup_teardown.py
[2025-09-21T11:27:12.523+0000] {processor.py:830} INFO - Processing file /home/airflow/.local/lib/python3.8/site-packages/airflow/example_dags/example_setup_teardown.py for tasks to queue
[2025-09-21T11:27:12.526+0000] {logging_mixin.py:188} INFO - [2025-09-21T11:27:12.526+0000] {dagbag.py:538} INFO - Filling up the DagBag from /home/airflow/.local/lib/python3.8/site-packages/airflow/example_dags/example_setup_teardown.py
[2025-09-21T11:27:12.538+0000] {processor.py:840} INFO - DAG(s) 'example_setup_teardown' retrieved from /home/airflow/.local/lib/python3.8/site-packages/airflow/example_dags/example_setup_teardown.py
[2025-09-21T11:27:12.573+0000] {logging_mixin.py:188} INFO - [2025-09-21T11:27:12.572+0000] {dag.py:3036} INFO - Sync 1 DAGs
[2025-09-21T11:27:12.612+0000] {logging_mixin.py:188} INFO - [2025-09-21T11:27:12.612+0000] {dag.py:3823} INFO - Setting next_dagrun for example_setup_teardown to 2025-09-20 00:00:00+00:00, run_after=2025-09-21 00:00:00+00:00
[2025-09-21T11:27:12.652+0000] {processor.py:183} INFO - Processing /home/airflow/.local/lib/python3.8/site-packages/airflow/example_dags/example_setup_teardown.py took 0.137 seconds
[2025-09-21T11:27:43.064+0000] {processor.py:161} INFO - Started process (PID=1769) to work on /home/airflow/.local/lib/python3.8/site-packages/airflow/example_dags/example_setup_teardown.py
[2025-09-21T11:27:43.066+0000] {processor.py:830} INFO - Processing file /home/airflow/.local/lib/python3.8/site-packages/airflow/example_dags/example_setup_teardown.py for tasks to queue
[2025-09-21T11:27:43.070+0000] {logging_mixin.py:188} INFO - [2025-09-21T11:27:43.069+0000] {dagbag.py:538} INFO - Filling up the DagBag from /home/airflow/.local/lib/python3.8/site-packages/airflow/example_dags/example_setup_teardown.py
[2025-09-21T11:27:43.082+0000] {processor.py:840} INFO - DAG(s) 'example_setup_teardown' retrieved from /home/airflow/.local/lib/python3.8/site-packages/airflow/example_dags/example_setup_teardown.py
[2025-09-21T11:27:43.117+0000] {logging_mixin.py:188} INFO - [2025-09-21T11:27:43.116+0000] {dag.py:3036} INFO - Sync 1 DAGs
[2025-09-21T11:27:43.157+0000] {logging_mixin.py:188} INFO - [2025-09-21T11:27:43.156+0000] {dag.py:3823} INFO - Setting next_dagrun for example_setup_teardown to 2025-09-20 00:00:00+00:00, run_after=2025-09-21 00:00:00+00:00
[2025-09-21T11:27:43.192+0000] {processor.py:183} INFO - Processing /home/airflow/.local/lib/python3.8/site-packages/airflow/example_dags/example_setup_teardown.py took 0.135 seconds
[2025-09-21T11:28:13.572+0000] {processor.py:161} INFO - Started process (PID=1827) to work on /home/airflow/.local/lib/python3.8/site-packages/airflow/example_dags/example_setup_teardown.py
[2025-09-21T11:28:13.574+0000] {processor.py:830} INFO - Processing file /home/airflow/.local/lib/python3.8/site-packages/airflow/example_dags/example_setup_teardown.py for tasks to queue
[2025-09-21T11:28:13.578+0000] {logging_mixin.py:188} INFO - [2025-09-21T11:28:13.577+0000] {dagbag.py:538} INFO - Filling up the DagBag from /home/airflow/.local/lib/python3.8/site-packages/airflow/example_dags/example_setup_teardown.py
[2025-09-21T11:28:13.591+0000] {processor.py:840} INFO - DAG(s) 'example_setup_teardown' retrieved from /home/airflow/.local/lib/python3.8/site-packages/airflow/example_dags/example_setup_teardown.py
[2025-09-21T11:28:13.631+0000] {logging_mixin.py:188} INFO - [2025-09-21T11:28:13.631+0000] {dag.py:3036} INFO - Sync 1 DAGs
[2025-09-21T11:28:13.677+0000] {logging_mixin.py:188} INFO - [2025-09-21T11:28:13.676+0000] {dag.py:3823} INFO - Setting next_dagrun for example_setup_teardown to 2025-09-20 00:00:00+00:00, run_after=2025-09-21 00:00:00+00:00
[2025-09-21T11:28:13.713+0000] {processor.py:183} INFO - Processing /home/airflow/.local/lib/python3.8/site-packages/airflow/example_dags/example_setup_teardown.py took 0.147 seconds
[2025-09-21T11:28:44.373+0000] {processor.py:161} INFO - Started process (PID=1885) to work on /home/airflow/.local/lib/python3.8/site-packages/airflow/example_dags/example_setup_teardown.py
[2025-09-21T11:28:44.375+0000] {processor.py:830} INFO - Processing file /home/airflow/.local/lib/python3.8/site-packages/airflow/example_dags/example_setup_teardown.py for tasks to queue
[2025-09-21T11:28:44.379+0000] {logging_mixin.py:188} INFO - [2025-09-21T11:28:44.378+0000] {dagbag.py:538} INFO - Filling up the DagBag from /home/airflow/.local/lib/python3.8/site-packages/airflow/example_dags/example_setup_teardown.py
[2025-09-21T11:28:44.390+0000] {processor.py:840} INFO - DAG(s) 'example_setup_teardown' retrieved from /home/airflow/.local/lib/python3.8/site-packages/airflow/example_dags/example_setup_teardown.py
[2025-09-21T11:28:44.424+0000] {logging_mixin.py:188} INFO - [2025-09-21T11:28:44.424+0000] {dag.py:3036} INFO - Sync 1 DAGs
[2025-09-21T11:28:44.467+0000] {logging_mixin.py:188} INFO - [2025-09-21T11:28:44.467+0000] {dag.py:3823} INFO - Setting next_dagrun for example_setup_teardown to 2025-09-20 00:00:00+00:00, run_after=2025-09-21 00:00:00+00:00
[2025-09-21T11:28:44.506+0000] {processor.py:183} INFO - Processing /home/airflow/.local/lib/python3.8/site-packages/airflow/example_dags/example_setup_teardown.py took 0.139 seconds
[2025-09-21T11:29:14.828+0000] {processor.py:161} INFO - Started process (PID=1944) to work on /home/airflow/.local/lib/python3.8/site-packages/airflow/example_dags/example_setup_teardown.py
[2025-09-21T11:29:14.830+0000] {processor.py:830} INFO - Processing file /home/airflow/.local/lib/python3.8/site-packages/airflow/example_dags/example_setup_teardown.py for tasks to queue
[2025-09-21T11:29:14.834+0000] {logging_mixin.py:188} INFO - [2025-09-21T11:29:14.833+0000] {dagbag.py:538} INFO - Filling up the DagBag from /home/airflow/.local/lib/python3.8/site-packages/airflow/example_dags/example_setup_teardown.py
[2025-09-21T11:29:14.846+0000] {processor.py:840} INFO - DAG(s) 'example_setup_teardown' retrieved from /home/airflow/.local/lib/python3.8/site-packages/airflow/example_dags/example_setup_teardown.py
[2025-09-21T11:29:14.883+0000] {logging_mixin.py:188} INFO - [2025-09-21T11:29:14.882+0000] {dag.py:3036} INFO - Sync 1 DAGs
[2025-09-21T11:29:14.926+0000] {logging_mixin.py:188} INFO - [2025-09-21T11:29:14.926+0000] {dag.py:3823} INFO - Setting next_dagrun for example_setup_teardown to 2025-09-20 00:00:00+00:00, run_after=2025-09-21 00:00:00+00:00
[2025-09-21T11:29:14.958+0000] {processor.py:183} INFO - Processing /home/airflow/.local/lib/python3.8/site-packages/airflow/example_dags/example_setup_teardown.py took 0.136 seconds
[2025-09-21T11:29:45.476+0000] {processor.py:161} INFO - Started process (PID=2002) to work on /home/airflow/.local/lib/python3.8/site-packages/airflow/example_dags/example_setup_teardown.py
[2025-09-21T11:29:45.478+0000] {processor.py:830} INFO - Processing file /home/airflow/.local/lib/python3.8/site-packages/airflow/example_dags/example_setup_teardown.py for tasks to queue
[2025-09-21T11:29:45.482+0000] {logging_mixin.py:188} INFO - [2025-09-21T11:29:45.481+0000] {dagbag.py:538} INFO - Filling up the DagBag from /home/airflow/.local/lib/python3.8/site-packages/airflow/example_dags/example_setup_teardown.py
[2025-09-21T11:29:45.493+0000] {processor.py:840} INFO - DAG(s) 'example_setup_teardown' retrieved from /home/airflow/.local/lib/python3.8/site-packages/airflow/example_dags/example_setup_teardown.py
[2025-09-21T11:29:45.528+0000] {logging_mixin.py:188} INFO - [2025-09-21T11:29:45.528+0000] {dag.py:3036} INFO - Sync 1 DAGs
[2025-09-21T11:29:45.569+0000] {logging_mixin.py:188} INFO - [2025-09-21T11:29:45.568+0000] {dag.py:3823} INFO - Setting next_dagrun for example_setup_teardown to 2025-09-20 00:00:00+00:00, run_after=2025-09-21 00:00:00+00:00
[2025-09-21T11:29:45.606+0000] {processor.py:183} INFO - Processing /home/airflow/.local/lib/python3.8/site-packages/airflow/example_dags/example_setup_teardown.py took 0.136 seconds
[2025-09-21T11:30:15.803+0000] {processor.py:161} INFO - Started process (PID=2060) to work on /home/airflow/.local/lib/python3.8/site-packages/airflow/example_dags/example_setup_teardown.py
[2025-09-21T11:30:15.805+0000] {processor.py:830} INFO - Processing file /home/airflow/.local/lib/python3.8/site-packages/airflow/example_dags/example_setup_teardown.py for tasks to queue
[2025-09-21T11:30:15.809+0000] {logging_mixin.py:188} INFO - [2025-09-21T11:30:15.808+0000] {dagbag.py:538} INFO - Filling up the DagBag from /home/airflow/.local/lib/python3.8/site-packages/airflow/example_dags/example_setup_teardown.py
[2025-09-21T11:30:15.821+0000] {processor.py:840} INFO - DAG(s) 'example_setup_teardown' retrieved from /home/airflow/.local/lib/python3.8/site-packages/airflow/example_dags/example_setup_teardown.py
[2025-09-21T11:30:15.858+0000] {logging_mixin.py:188} INFO - [2025-09-21T11:30:15.857+0000] {dag.py:3036} INFO - Sync 1 DAGs
[2025-09-21T11:30:15.898+0000] {logging_mixin.py:188} INFO - [2025-09-21T11:30:15.898+0000] {dag.py:3823} INFO - Setting next_dagrun for example_setup_teardown to 2025-09-20 00:00:00+00:00, run_after=2025-09-21 00:00:00+00:00
[2025-09-21T11:30:15.931+0000] {processor.py:183} INFO - Processing /home/airflow/.local/lib/python3.8/site-packages/airflow/example_dags/example_setup_teardown.py took 0.134 seconds
[2025-09-21T11:30:46.262+0000] {processor.py:161} INFO - Started process (PID=2118) to work on /home/airflow/.local/lib/python3.8/site-packages/airflow/example_dags/example_setup_teardown.py
[2025-09-21T11:30:46.264+0000] {processor.py:830} INFO - Processing file /home/airflow/.local/lib/python3.8/site-packages/airflow/example_dags/example_setup_teardown.py for tasks to queue
[2025-09-21T11:30:46.267+0000] {logging_mixin.py:188} INFO - [2025-09-21T11:30:46.267+0000] {dagbag.py:538} INFO - Filling up the DagBag from /home/airflow/.local/lib/python3.8/site-packages/airflow/example_dags/example_setup_teardown.py
[2025-09-21T11:30:46.279+0000] {processor.py:840} INFO - DAG(s) 'example_setup_teardown' retrieved from /home/airflow/.local/lib/python3.8/site-packages/airflow/example_dags/example_setup_teardown.py
[2025-09-21T11:30:46.314+0000] {logging_mixin.py:188} INFO - [2025-09-21T11:30:46.313+0000] {dag.py:3036} INFO - Sync 1 DAGs
[2025-09-21T11:30:46.354+0000] {logging_mixin.py:188} INFO - [2025-09-21T11:30:46.353+0000] {dag.py:3823} INFO - Setting next_dagrun for example_setup_teardown to 2025-09-20 00:00:00+00:00, run_after=2025-09-21 00:00:00+00:00
[2025-09-21T11:30:46.386+0000] {processor.py:183} INFO - Processing /home/airflow/.local/lib/python3.8/site-packages/airflow/example_dags/example_setup_teardown.py took 0.130 seconds
[2025-09-21T11:31:16.545+0000] {processor.py:161} INFO - Started process (PID=2176) to work on /home/airflow/.local/lib/python3.8/site-packages/airflow/example_dags/example_setup_teardown.py
[2025-09-21T11:31:16.547+0000] {processor.py:830} INFO - Processing file /home/airflow/.local/lib/python3.8/site-packages/airflow/example_dags/example_setup_teardown.py for tasks to queue
[2025-09-21T11:31:16.550+0000] {logging_mixin.py:188} INFO - [2025-09-21T11:31:16.550+0000] {dagbag.py:538} INFO - Filling up the DagBag from /home/airflow/.local/lib/python3.8/site-packages/airflow/example_dags/example_setup_teardown.py
[2025-09-21T11:31:16.562+0000] {processor.py:840} INFO - DAG(s) 'example_setup_teardown' retrieved from /home/airflow/.local/lib/python3.8/site-packages/airflow/example_dags/example_setup_teardown.py
[2025-09-21T11:31:16.597+0000] {logging_mixin.py:188} INFO - [2025-09-21T11:31:16.597+0000] {dag.py:3036} INFO - Sync 1 DAGs
[2025-09-21T11:31:16.639+0000] {logging_mixin.py:188} INFO - [2025-09-21T11:31:16.639+0000] {dag.py:3823} INFO - Setting next_dagrun for example_setup_teardown to 2025-09-20 00:00:00+00:00, run_after=2025-09-21 00:00:00+00:00
[2025-09-21T11:31:16.671+0000] {processor.py:183} INFO - Processing /home/airflow/.local/lib/python3.8/site-packages/airflow/example_dags/example_setup_teardown.py took 0.132 seconds
[2025-09-21T11:31:47.140+0000] {processor.py:161} INFO - Started process (PID=2234) to work on /home/airflow/.local/lib/python3.8/site-packages/airflow/example_dags/example_setup_teardown.py
[2025-09-21T11:31:47.142+0000] {processor.py:830} INFO - Processing file /home/airflow/.local/lib/python3.8/site-packages/airflow/example_dags/example_setup_teardown.py for tasks to queue
[2025-09-21T11:31:47.145+0000] {logging_mixin.py:188} INFO - [2025-09-21T11:31:47.145+0000] {dagbag.py:538} INFO - Filling up the DagBag from /home/airflow/.local/lib/python3.8/site-packages/airflow/example_dags/example_setup_teardown.py
[2025-09-21T11:31:47.157+0000] {processor.py:840} INFO - DAG(s) 'example_setup_teardown' retrieved from /home/airflow/.local/lib/python3.8/site-packages/airflow/example_dags/example_setup_teardown.py
[2025-09-21T11:31:47.204+0000] {logging_mixin.py:188} INFO - [2025-09-21T11:31:47.204+0000] {dag.py:3036} INFO - Sync 1 DAGs
[2025-09-21T11:31:47.249+0000] {logging_mixin.py:188} INFO - [2025-09-21T11:31:47.249+0000] {dag.py:3823} INFO - Setting next_dagrun for example_setup_teardown to 2025-09-20 00:00:00+00:00, run_after=2025-09-21 00:00:00+00:00
[2025-09-21T11:31:47.289+0000] {processor.py:183} INFO - Processing /home/airflow/.local/lib/python3.8/site-packages/airflow/example_dags/example_setup_teardown.py took 0.156 seconds
[2025-09-21T11:32:17.409+0000] {processor.py:161} INFO - Started process (PID=2292) to work on /home/airflow/.local/lib/python3.8/site-packages/airflow/example_dags/example_setup_teardown.py
[2025-09-21T11:32:17.411+0000] {processor.py:830} INFO - Processing file /home/airflow/.local/lib/python3.8/site-packages/airflow/example_dags/example_setup_teardown.py for tasks to queue
[2025-09-21T11:32:17.414+0000] {logging_mixin.py:188} INFO - [2025-09-21T11:32:17.413+0000] {dagbag.py:538} INFO - Filling up the DagBag from /home/airflow/.local/lib/python3.8/site-packages/airflow/example_dags/example_setup_teardown.py
[2025-09-21T11:32:17.426+0000] {processor.py:840} INFO - DAG(s) 'example_setup_teardown' retrieved from /home/airflow/.local/lib/python3.8/site-packages/airflow/example_dags/example_setup_teardown.py
[2025-09-21T11:32:17.467+0000] {logging_mixin.py:188} INFO - [2025-09-21T11:32:17.466+0000] {dag.py:3036} INFO - Sync 1 DAGs
[2025-09-21T11:32:17.514+0000] {logging_mixin.py:188} INFO - [2025-09-21T11:32:17.514+0000] {dag.py:3823} INFO - Setting next_dagrun for example_setup_teardown to 2025-09-20 00:00:00+00:00, run_after=2025-09-21 00:00:00+00:00
[2025-09-21T11:32:17.556+0000] {processor.py:183} INFO - Processing /home/airflow/.local/lib/python3.8/site-packages/airflow/example_dags/example_setup_teardown.py took 0.153 seconds
[2025-09-21T11:32:48.127+0000] {processor.py:161} INFO - Started process (PID=2350) to work on /home/airflow/.local/lib/python3.8/site-packages/airflow/example_dags/example_setup_teardown.py
[2025-09-21T11:32:48.130+0000] {processor.py:830} INFO - Processing file /home/airflow/.local/lib/python3.8/site-packages/airflow/example_dags/example_setup_teardown.py for tasks to queue
[2025-09-21T11:32:48.134+0000] {logging_mixin.py:188} INFO - [2025-09-21T11:32:48.133+0000] {dagbag.py:538} INFO - Filling up the DagBag from /home/airflow/.local/lib/python3.8/site-packages/airflow/example_dags/example_setup_teardown.py
[2025-09-21T11:32:48.149+0000] {processor.py:840} INFO - DAG(s) 'example_setup_teardown' retrieved from /home/airflow/.local/lib/python3.8/site-packages/airflow/example_dags/example_setup_teardown.py
[2025-09-21T11:32:48.188+0000] {logging_mixin.py:188} INFO - [2025-09-21T11:32:48.188+0000] {dag.py:3036} INFO - Sync 1 DAGs
[2025-09-21T11:32:48.229+0000] {logging_mixin.py:188} INFO - [2025-09-21T11:32:48.228+0000] {dag.py:3823} INFO - Setting next_dagrun for example_setup_teardown to 2025-09-20 00:00:00+00:00, run_after=2025-09-21 00:00:00+00:00
[2025-09-21T11:32:48.260+0000] {processor.py:183} INFO - Processing /home/airflow/.local/lib/python3.8/site-packages/airflow/example_dags/example_setup_teardown.py took 0.139 seconds
[2025-09-21T11:33:18.908+0000] {processor.py:161} INFO - Started process (PID=2408) to work on /home/airflow/.local/lib/python3.8/site-packages/airflow/example_dags/example_setup_teardown.py
[2025-09-21T11:33:18.910+0000] {processor.py:830} INFO - Processing file /home/airflow/.local/lib/python3.8/site-packages/airflow/example_dags/example_setup_teardown.py for tasks to queue
[2025-09-21T11:33:18.914+0000] {logging_mixin.py:188} INFO - [2025-09-21T11:33:18.913+0000] {dagbag.py:538} INFO - Filling up the DagBag from /home/airflow/.local/lib/python3.8/site-packages/airflow/example_dags/example_setup_teardown.py
[2025-09-21T11:33:18.926+0000] {processor.py:840} INFO - DAG(s) 'example_setup_teardown' retrieved from /home/airflow/.local/lib/python3.8/site-packages/airflow/example_dags/example_setup_teardown.py
[2025-09-21T11:33:18.962+0000] {logging_mixin.py:188} INFO - [2025-09-21T11:33:18.961+0000] {dag.py:3036} INFO - Sync 1 DAGs
[2025-09-21T11:33:19.007+0000] {logging_mixin.py:188} INFO - [2025-09-21T11:33:19.007+0000] {dag.py:3823} INFO - Setting next_dagrun for example_setup_teardown to 2025-09-20 00:00:00+00:00, run_after=2025-09-21 00:00:00+00:00
[2025-09-21T11:33:19.046+0000] {processor.py:183} INFO - Processing /home/airflow/.local/lib/python3.8/site-packages/airflow/example_dags/example_setup_teardown.py took 0.144 seconds
[2025-09-21T11:33:49.295+0000] {processor.py:161} INFO - Started process (PID=2466) to work on /home/airflow/.local/lib/python3.8/site-packages/airflow/example_dags/example_setup_teardown.py
[2025-09-21T11:33:49.297+0000] {processor.py:830} INFO - Processing file /home/airflow/.local/lib/python3.8/site-packages/airflow/example_dags/example_setup_teardown.py for tasks to queue
[2025-09-21T11:33:49.300+0000] {logging_mixin.py:188} INFO - [2025-09-21T11:33:49.300+0000] {dagbag.py:538} INFO - Filling up the DagBag from /home/airflow/.local/lib/python3.8/site-packages/airflow/example_dags/example_setup_teardown.py
[2025-09-21T11:33:49.312+0000] {processor.py:840} INFO - DAG(s) 'example_setup_teardown' retrieved from /home/airflow/.local/lib/python3.8/site-packages/airflow/example_dags/example_setup_teardown.py
[2025-09-21T11:33:49.348+0000] {logging_mixin.py:188} INFO - [2025-09-21T11:33:49.347+0000] {dag.py:3036} INFO - Sync 1 DAGs
[2025-09-21T11:33:49.387+0000] {logging_mixin.py:188} INFO - [2025-09-21T11:33:49.387+0000] {dag.py:3823} INFO - Setting next_dagrun for example_setup_teardown to 2025-09-20 00:00:00+00:00, run_after=2025-09-21 00:00:00+00:00
[2025-09-21T11:33:49.420+0000] {processor.py:183} INFO - Processing /home/airflow/.local/lib/python3.8/site-packages/airflow/example_dags/example_setup_teardown.py took 0.131 seconds
[2025-09-21T11:34:19.902+0000] {processor.py:161} INFO - Started process (PID=2524) to work on /home/airflow/.local/lib/python3.8/site-packages/airflow/example_dags/example_setup_teardown.py
[2025-09-21T11:34:19.904+0000] {processor.py:830} INFO - Processing file /home/airflow/.local/lib/python3.8/site-packages/airflow/example_dags/example_setup_teardown.py for tasks to queue
[2025-09-21T11:34:19.909+0000] {logging_mixin.py:188} INFO - [2025-09-21T11:34:19.908+0000] {dagbag.py:538} INFO - Filling up the DagBag from /home/airflow/.local/lib/python3.8/site-packages/airflow/example_dags/example_setup_teardown.py
[2025-09-21T11:34:19.926+0000] {processor.py:840} INFO - DAG(s) 'example_setup_teardown' retrieved from /home/airflow/.local/lib/python3.8/site-packages/airflow/example_dags/example_setup_teardown.py
[2025-09-21T11:34:19.972+0000] {logging_mixin.py:188} INFO - [2025-09-21T11:34:19.972+0000] {dag.py:3036} INFO - Sync 1 DAGs
[2025-09-21T11:34:20.019+0000] {logging_mixin.py:188} INFO - [2025-09-21T11:34:20.019+0000] {dag.py:3823} INFO - Setting next_dagrun for example_setup_teardown to 2025-09-20 00:00:00+00:00, run_after=2025-09-21 00:00:00+00:00
[2025-09-21T11:34:20.059+0000] {processor.py:183} INFO - Processing /home/airflow/.local/lib/python3.8/site-packages/airflow/example_dags/example_setup_teardown.py took 0.166 seconds
[2025-09-21T11:34:50.206+0000] {processor.py:161} INFO - Started process (PID=2582) to work on /home/airflow/.local/lib/python3.8/site-packages/airflow/example_dags/example_setup_teardown.py
[2025-09-21T11:34:50.208+0000] {processor.py:830} INFO - Processing file /home/airflow/.local/lib/python3.8/site-packages/airflow/example_dags/example_setup_teardown.py for tasks to queue
[2025-09-21T11:34:50.212+0000] {logging_mixin.py:188} INFO - [2025-09-21T11:34:50.211+0000] {dagbag.py:538} INFO - Filling up the DagBag from /home/airflow/.local/lib/python3.8/site-packages/airflow/example_dags/example_setup_teardown.py
[2025-09-21T11:34:50.223+0000] {processor.py:840} INFO - DAG(s) 'example_setup_teardown' retrieved from /home/airflow/.local/lib/python3.8/site-packages/airflow/example_dags/example_setup_teardown.py
[2025-09-21T11:34:50.296+0000] {logging_mixin.py:188} INFO - [2025-09-21T11:34:50.296+0000] {dag.py:3036} INFO - Sync 1 DAGs
[2025-09-21T11:34:50.345+0000] {logging_mixin.py:188} INFO - [2025-09-21T11:34:50.344+0000] {dag.py:3823} INFO - Setting next_dagrun for example_setup_teardown to 2025-09-20 00:00:00+00:00, run_after=2025-09-21 00:00:00+00:00
[2025-09-21T11:34:50.381+0000] {processor.py:183} INFO - Processing /home/airflow/.local/lib/python3.8/site-packages/airflow/example_dags/example_setup_teardown.py took 0.182 seconds
[2025-09-21T11:35:21.135+0000] {processor.py:161} INFO - Started process (PID=2640) to work on /home/airflow/.local/lib/python3.8/site-packages/airflow/example_dags/example_setup_teardown.py
[2025-09-21T11:35:21.137+0000] {processor.py:830} INFO - Processing file /home/airflow/.local/lib/python3.8/site-packages/airflow/example_dags/example_setup_teardown.py for tasks to queue
[2025-09-21T11:35:21.140+0000] {logging_mixin.py:188} INFO - [2025-09-21T11:35:21.140+0000] {dagbag.py:538} INFO - Filling up the DagBag from /home/airflow/.local/lib/python3.8/site-packages/airflow/example_dags/example_setup_teardown.py
[2025-09-21T11:35:21.152+0000] {processor.py:840} INFO - DAG(s) 'example_setup_teardown' retrieved from /home/airflow/.local/lib/python3.8/site-packages/airflow/example_dags/example_setup_teardown.py
[2025-09-21T11:35:21.187+0000] {logging_mixin.py:188} INFO - [2025-09-21T11:35:21.187+0000] {dag.py:3036} INFO - Sync 1 DAGs
[2025-09-21T11:35:21.228+0000] {logging_mixin.py:188} INFO - [2025-09-21T11:35:21.227+0000] {dag.py:3823} INFO - Setting next_dagrun for example_setup_teardown to 2025-09-20 00:00:00+00:00, run_after=2025-09-21 00:00:00+00:00
[2025-09-21T11:35:21.261+0000] {processor.py:183} INFO - Processing /home/airflow/.local/lib/python3.8/site-packages/airflow/example_dags/example_setup_teardown.py took 0.132 seconds
[2025-09-21T11:35:51.597+0000] {processor.py:161} INFO - Started process (PID=2698) to work on /home/airflow/.local/lib/python3.8/site-packages/airflow/example_dags/example_setup_teardown.py
[2025-09-21T11:35:51.599+0000] {processor.py:830} INFO - Processing file /home/airflow/.local/lib/python3.8/site-packages/airflow/example_dags/example_setup_teardown.py for tasks to queue
[2025-09-21T11:35:51.602+0000] {logging_mixin.py:188} INFO - [2025-09-21T11:35:51.602+0000] {dagbag.py:538} INFO - Filling up the DagBag from /home/airflow/.local/lib/python3.8/site-packages/airflow/example_dags/example_setup_teardown.py
[2025-09-21T11:35:51.615+0000] {processor.py:840} INFO - DAG(s) 'example_setup_teardown' retrieved from /home/airflow/.local/lib/python3.8/site-packages/airflow/example_dags/example_setup_teardown.py
[2025-09-21T11:35:51.650+0000] {logging_mixin.py:188} INFO - [2025-09-21T11:35:51.650+0000] {dag.py:3036} INFO - Sync 1 DAGs
[2025-09-21T11:35:51.689+0000] {logging_mixin.py:188} INFO - [2025-09-21T11:35:51.689+0000] {dag.py:3823} INFO - Setting next_dagrun for example_setup_teardown to 2025-09-20 00:00:00+00:00, run_after=2025-09-21 00:00:00+00:00
[2025-09-21T11:35:51.728+0000] {processor.py:183} INFO - Processing /home/airflow/.local/lib/python3.8/site-packages/airflow/example_dags/example_setup_teardown.py took 0.137 seconds
[2025-09-21T11:36:22.007+0000] {processor.py:161} INFO - Started process (PID=2756) to work on /home/airflow/.local/lib/python3.8/site-packages/airflow/example_dags/example_setup_teardown.py
[2025-09-21T11:36:22.009+0000] {processor.py:830} INFO - Processing file /home/airflow/.local/lib/python3.8/site-packages/airflow/example_dags/example_setup_teardown.py for tasks to queue
[2025-09-21T11:36:22.012+0000] {logging_mixin.py:188} INFO - [2025-09-21T11:36:22.012+0000] {dagbag.py:538} INFO - Filling up the DagBag from /home/airflow/.local/lib/python3.8/site-packages/airflow/example_dags/example_setup_teardown.py
[2025-09-21T11:36:22.028+0000] {processor.py:840} INFO - DAG(s) 'example_setup_teardown' retrieved from /home/airflow/.local/lib/python3.8/site-packages/airflow/example_dags/example_setup_teardown.py
[2025-09-21T11:36:22.062+0000] {logging_mixin.py:188} INFO - [2025-09-21T11:36:22.062+0000] {dag.py:3036} INFO - Sync 1 DAGs
[2025-09-21T11:36:22.102+0000] {logging_mixin.py:188} INFO - [2025-09-21T11:36:22.102+0000] {dag.py:3823} INFO - Setting next_dagrun for example_setup_teardown to 2025-09-20 00:00:00+00:00, run_after=2025-09-21 00:00:00+00:00
[2025-09-21T11:36:22.139+0000] {processor.py:183} INFO - Processing /home/airflow/.local/lib/python3.8/site-packages/airflow/example_dags/example_setup_teardown.py took 0.138 seconds
[2025-09-21T11:36:52.530+0000] {processor.py:161} INFO - Started process (PID=2812) to work on /home/airflow/.local/lib/python3.8/site-packages/airflow/example_dags/example_setup_teardown.py
[2025-09-21T11:36:52.532+0000] {processor.py:830} INFO - Processing file /home/airflow/.local/lib/python3.8/site-packages/airflow/example_dags/example_setup_teardown.py for tasks to queue
[2025-09-21T11:36:52.536+0000] {logging_mixin.py:188} INFO - [2025-09-21T11:36:52.535+0000] {dagbag.py:538} INFO - Filling up the DagBag from /home/airflow/.local/lib/python3.8/site-packages/airflow/example_dags/example_setup_teardown.py
[2025-09-21T11:36:52.548+0000] {processor.py:840} INFO - DAG(s) 'example_setup_teardown' retrieved from /home/airflow/.local/lib/python3.8/site-packages/airflow/example_dags/example_setup_teardown.py
[2025-09-21T11:36:52.584+0000] {logging_mixin.py:188} INFO - [2025-09-21T11:36:52.583+0000] {dag.py:3036} INFO - Sync 1 DAGs
[2025-09-21T11:36:52.626+0000] {logging_mixin.py:188} INFO - [2025-09-21T11:36:52.625+0000] {dag.py:3823} INFO - Setting next_dagrun for example_setup_teardown to 2025-09-20 00:00:00+00:00, run_after=2025-09-21 00:00:00+00:00
[2025-09-21T11:36:52.666+0000] {processor.py:183} INFO - Processing /home/airflow/.local/lib/python3.8/site-packages/airflow/example_dags/example_setup_teardown.py took 0.143 seconds
[2025-09-21T11:37:23.491+0000] {processor.py:161} INFO - Started process (PID=2870) to work on /home/airflow/.local/lib/python3.8/site-packages/airflow/example_dags/example_setup_teardown.py
[2025-09-21T11:37:23.493+0000] {processor.py:830} INFO - Processing file /home/airflow/.local/lib/python3.8/site-packages/airflow/example_dags/example_setup_teardown.py for tasks to queue
[2025-09-21T11:37:23.496+0000] {logging_mixin.py:188} INFO - [2025-09-21T11:37:23.496+0000] {dagbag.py:538} INFO - Filling up the DagBag from /home/airflow/.local/lib/python3.8/site-packages/airflow/example_dags/example_setup_teardown.py
[2025-09-21T11:37:23.509+0000] {processor.py:840} INFO - DAG(s) 'example_setup_teardown' retrieved from /home/airflow/.local/lib/python3.8/site-packages/airflow/example_dags/example_setup_teardown.py
[2025-09-21T11:37:23.548+0000] {logging_mixin.py:188} INFO - [2025-09-21T11:37:23.548+0000] {dag.py:3036} INFO - Sync 1 DAGs
[2025-09-21T11:37:23.597+0000] {logging_mixin.py:188} INFO - [2025-09-21T11:37:23.596+0000] {dag.py:3823} INFO - Setting next_dagrun for example_setup_teardown to 2025-09-20 00:00:00+00:00, run_after=2025-09-21 00:00:00+00:00
[2025-09-21T11:37:23.633+0000] {processor.py:183} INFO - Processing /home/airflow/.local/lib/python3.8/site-packages/airflow/example_dags/example_setup_teardown.py took 0.148 seconds
[2025-09-21T11:37:54.116+0000] {processor.py:161} INFO - Started process (PID=2928) to work on /home/airflow/.local/lib/python3.8/site-packages/airflow/example_dags/example_setup_teardown.py
[2025-09-21T11:37:54.118+0000] {processor.py:830} INFO - Processing file /home/airflow/.local/lib/python3.8/site-packages/airflow/example_dags/example_setup_teardown.py for tasks to queue
[2025-09-21T11:37:54.121+0000] {logging_mixin.py:188} INFO - [2025-09-21T11:37:54.121+0000] {dagbag.py:538} INFO - Filling up the DagBag from /home/airflow/.local/lib/python3.8/site-packages/airflow/example_dags/example_setup_teardown.py
[2025-09-21T11:37:54.136+0000] {processor.py:840} INFO - DAG(s) 'example_setup_teardown' retrieved from /home/airflow/.local/lib/python3.8/site-packages/airflow/example_dags/example_setup_teardown.py
[2025-09-21T11:37:54.173+0000] {logging_mixin.py:188} INFO - [2025-09-21T11:37:54.173+0000] {dag.py:3036} INFO - Sync 1 DAGs
[2025-09-21T11:37:54.215+0000] {logging_mixin.py:188} INFO - [2025-09-21T11:37:54.215+0000] {dag.py:3823} INFO - Setting next_dagrun for example_setup_teardown to 2025-09-20 00:00:00+00:00, run_after=2025-09-21 00:00:00+00:00
[2025-09-21T11:37:54.254+0000] {processor.py:183} INFO - Processing /home/airflow/.local/lib/python3.8/site-packages/airflow/example_dags/example_setup_teardown.py took 0.144 seconds
[2025-09-21T11:38:24.437+0000] {processor.py:161} INFO - Started process (PID=2985) to work on /home/airflow/.local/lib/python3.8/site-packages/airflow/example_dags/example_setup_teardown.py
[2025-09-21T11:38:24.440+0000] {processor.py:830} INFO - Processing file /home/airflow/.local/lib/python3.8/site-packages/airflow/example_dags/example_setup_teardown.py for tasks to queue
[2025-09-21T11:38:24.444+0000] {logging_mixin.py:188} INFO - [2025-09-21T11:38:24.443+0000] {dagbag.py:538} INFO - Filling up the DagBag from /home/airflow/.local/lib/python3.8/site-packages/airflow/example_dags/example_setup_teardown.py
[2025-09-21T11:38:24.457+0000] {processor.py:840} INFO - DAG(s) 'example_setup_teardown' retrieved from /home/airflow/.local/lib/python3.8/site-packages/airflow/example_dags/example_setup_teardown.py
[2025-09-21T11:38:24.498+0000] {logging_mixin.py:188} INFO - [2025-09-21T11:38:24.498+0000] {dag.py:3036} INFO - Sync 1 DAGs
[2025-09-21T11:38:24.548+0000] {logging_mixin.py:188} INFO - [2025-09-21T11:38:24.547+0000] {dag.py:3823} INFO - Setting next_dagrun for example_setup_teardown to 2025-09-20 00:00:00+00:00, run_after=2025-09-21 00:00:00+00:00
[2025-09-21T11:38:24.590+0000] {processor.py:183} INFO - Processing /home/airflow/.local/lib/python3.8/site-packages/airflow/example_dags/example_setup_teardown.py took 0.159 seconds
[2025-09-21T11:38:54.650+0000] {processor.py:161} INFO - Started process (PID=3042) to work on /home/airflow/.local/lib/python3.8/site-packages/airflow/example_dags/example_setup_teardown.py
[2025-09-21T11:38:54.653+0000] {processor.py:830} INFO - Processing file /home/airflow/.local/lib/python3.8/site-packages/airflow/example_dags/example_setup_teardown.py for tasks to queue
[2025-09-21T11:38:54.656+0000] {logging_mixin.py:188} INFO - [2025-09-21T11:38:54.656+0000] {dagbag.py:538} INFO - Filling up the DagBag from /home/airflow/.local/lib/python3.8/site-packages/airflow/example_dags/example_setup_teardown.py
[2025-09-21T11:38:54.668+0000] {processor.py:840} INFO - DAG(s) 'example_setup_teardown' retrieved from /home/airflow/.local/lib/python3.8/site-packages/airflow/example_dags/example_setup_teardown.py
[2025-09-21T11:38:54.706+0000] {logging_mixin.py:188} INFO - [2025-09-21T11:38:54.706+0000] {dag.py:3036} INFO - Sync 1 DAGs
[2025-09-21T11:38:54.750+0000] {logging_mixin.py:188} INFO - [2025-09-21T11:38:54.750+0000] {dag.py:3823} INFO - Setting next_dagrun for example_setup_teardown to 2025-09-20 00:00:00+00:00, run_after=2025-09-21 00:00:00+00:00
[2025-09-21T11:38:54.784+0000] {processor.py:183} INFO - Processing /home/airflow/.local/lib/python3.8/site-packages/airflow/example_dags/example_setup_teardown.py took 0.140 seconds
[2025-09-21T11:39:24.989+0000] {processor.py:161} INFO - Started process (PID=3100) to work on /home/airflow/.local/lib/python3.8/site-packages/airflow/example_dags/example_setup_teardown.py
[2025-09-21T11:39:24.991+0000] {processor.py:830} INFO - Processing file /home/airflow/.local/lib/python3.8/site-packages/airflow/example_dags/example_setup_teardown.py for tasks to queue
[2025-09-21T11:39:24.995+0000] {logging_mixin.py:188} INFO - [2025-09-21T11:39:24.994+0000] {dagbag.py:538} INFO - Filling up the DagBag from /home/airflow/.local/lib/python3.8/site-packages/airflow/example_dags/example_setup_teardown.py
[2025-09-21T11:39:25.006+0000] {processor.py:840} INFO - DAG(s) 'example_setup_teardown' retrieved from /home/airflow/.local/lib/python3.8/site-packages/airflow/example_dags/example_setup_teardown.py
[2025-09-21T11:39:25.042+0000] {logging_mixin.py:188} INFO - [2025-09-21T11:39:25.042+0000] {dag.py:3036} INFO - Sync 1 DAGs
[2025-09-21T11:39:25.082+0000] {logging_mixin.py:188} INFO - [2025-09-21T11:39:25.082+0000] {dag.py:3823} INFO - Setting next_dagrun for example_setup_teardown to 2025-09-20 00:00:00+00:00, run_after=2025-09-21 00:00:00+00:00
[2025-09-21T11:39:25.118+0000] {processor.py:183} INFO - Processing /home/airflow/.local/lib/python3.8/site-packages/airflow/example_dags/example_setup_teardown.py took 0.134 seconds
[2025-09-21T11:39:55.358+0000] {processor.py:161} INFO - Started process (PID=3158) to work on /home/airflow/.local/lib/python3.8/site-packages/airflow/example_dags/example_setup_teardown.py
[2025-09-21T11:39:55.360+0000] {processor.py:830} INFO - Processing file /home/airflow/.local/lib/python3.8/site-packages/airflow/example_dags/example_setup_teardown.py for tasks to queue
[2025-09-21T11:39:55.364+0000] {logging_mixin.py:188} INFO - [2025-09-21T11:39:55.363+0000] {dagbag.py:538} INFO - Filling up the DagBag from /home/airflow/.local/lib/python3.8/site-packages/airflow/example_dags/example_setup_teardown.py
[2025-09-21T11:39:55.377+0000] {processor.py:840} INFO - DAG(s) 'example_setup_teardown' retrieved from /home/airflow/.local/lib/python3.8/site-packages/airflow/example_dags/example_setup_teardown.py
[2025-09-21T11:39:55.411+0000] {logging_mixin.py:188} INFO - [2025-09-21T11:39:55.411+0000] {dag.py:3036} INFO - Sync 1 DAGs
[2025-09-21T11:39:55.450+0000] {logging_mixin.py:188} INFO - [2025-09-21T11:39:55.450+0000] {dag.py:3823} INFO - Setting next_dagrun for example_setup_teardown to 2025-09-20 00:00:00+00:00, run_after=2025-09-21 00:00:00+00:00
[2025-09-21T11:39:55.488+0000] {processor.py:183} INFO - Processing /home/airflow/.local/lib/python3.8/site-packages/airflow/example_dags/example_setup_teardown.py took 0.135 seconds
[2025-09-21T11:40:25.611+0000] {processor.py:161} INFO - Started process (PID=3217) to work on /home/airflow/.local/lib/python3.8/site-packages/airflow/example_dags/example_setup_teardown.py
[2025-09-21T11:40:25.613+0000] {processor.py:830} INFO - Processing file /home/airflow/.local/lib/python3.8/site-packages/airflow/example_dags/example_setup_teardown.py for tasks to queue
[2025-09-21T11:40:25.617+0000] {logging_mixin.py:188} INFO - [2025-09-21T11:40:25.616+0000] {dagbag.py:538} INFO - Filling up the DagBag from /home/airflow/.local/lib/python3.8/site-packages/airflow/example_dags/example_setup_teardown.py
[2025-09-21T11:40:25.629+0000] {processor.py:840} INFO - DAG(s) 'example_setup_teardown' retrieved from /home/airflow/.local/lib/python3.8/site-packages/airflow/example_dags/example_setup_teardown.py
[2025-09-21T11:40:25.666+0000] {logging_mixin.py:188} INFO - [2025-09-21T11:40:25.666+0000] {dag.py:3036} INFO - Sync 1 DAGs
[2025-09-21T11:40:25.709+0000] {logging_mixin.py:188} INFO - [2025-09-21T11:40:25.709+0000] {dag.py:3823} INFO - Setting next_dagrun for example_setup_teardown to 2025-09-20 00:00:00+00:00, run_after=2025-09-21 00:00:00+00:00
[2025-09-21T11:40:25.745+0000] {processor.py:183} INFO - Processing /home/airflow/.local/lib/python3.8/site-packages/airflow/example_dags/example_setup_teardown.py took 0.140 seconds
[2025-09-21T11:40:56.412+0000] {processor.py:161} INFO - Started process (PID=3275) to work on /home/airflow/.local/lib/python3.8/site-packages/airflow/example_dags/example_setup_teardown.py
[2025-09-21T11:40:56.414+0000] {processor.py:830} INFO - Processing file /home/airflow/.local/lib/python3.8/site-packages/airflow/example_dags/example_setup_teardown.py for tasks to queue
[2025-09-21T11:40:56.417+0000] {logging_mixin.py:188} INFO - [2025-09-21T11:40:56.416+0000] {dagbag.py:538} INFO - Filling up the DagBag from /home/airflow/.local/lib/python3.8/site-packages/airflow/example_dags/example_setup_teardown.py
[2025-09-21T11:40:56.429+0000] {processor.py:840} INFO - DAG(s) 'example_setup_teardown' retrieved from /home/airflow/.local/lib/python3.8/site-packages/airflow/example_dags/example_setup_teardown.py
[2025-09-21T11:40:56.465+0000] {logging_mixin.py:188} INFO - [2025-09-21T11:40:56.464+0000] {dag.py:3036} INFO - Sync 1 DAGs
[2025-09-21T11:40:56.509+0000] {logging_mixin.py:188} INFO - [2025-09-21T11:40:56.508+0000] {dag.py:3823} INFO - Setting next_dagrun for example_setup_teardown to 2025-09-20 00:00:00+00:00, run_after=2025-09-21 00:00:00+00:00
[2025-09-21T11:40:56.543+0000] {processor.py:183} INFO - Processing /home/airflow/.local/lib/python3.8/site-packages/airflow/example_dags/example_setup_teardown.py took 0.137 seconds
[2025-09-21T11:41:26.684+0000] {processor.py:161} INFO - Started process (PID=3333) to work on /home/airflow/.local/lib/python3.8/site-packages/airflow/example_dags/example_setup_teardown.py
[2025-09-21T11:41:26.686+0000] {processor.py:830} INFO - Processing file /home/airflow/.local/lib/python3.8/site-packages/airflow/example_dags/example_setup_teardown.py for tasks to queue
[2025-09-21T11:41:26.690+0000] {logging_mixin.py:188} INFO - [2025-09-21T11:41:26.689+0000] {dagbag.py:538} INFO - Filling up the DagBag from /home/airflow/.local/lib/python3.8/site-packages/airflow/example_dags/example_setup_teardown.py
[2025-09-21T11:41:26.701+0000] {processor.py:840} INFO - DAG(s) 'example_setup_teardown' retrieved from /home/airflow/.local/lib/python3.8/site-packages/airflow/example_dags/example_setup_teardown.py
[2025-09-21T11:41:26.737+0000] {logging_mixin.py:188} INFO - [2025-09-21T11:41:26.737+0000] {dag.py:3036} INFO - Sync 1 DAGs
[2025-09-21T11:41:26.777+0000] {logging_mixin.py:188} INFO - [2025-09-21T11:41:26.776+0000] {dag.py:3823} INFO - Setting next_dagrun for example_setup_teardown to 2025-09-20 00:00:00+00:00, run_after=2025-09-21 00:00:00+00:00
[2025-09-21T11:41:26.812+0000] {processor.py:183} INFO - Processing /home/airflow/.local/lib/python3.8/site-packages/airflow/example_dags/example_setup_teardown.py took 0.133 seconds
[2025-09-21T11:41:57.395+0000] {processor.py:161} INFO - Started process (PID=3391) to work on /home/airflow/.local/lib/python3.8/site-packages/airflow/example_dags/example_setup_teardown.py
[2025-09-21T11:41:57.397+0000] {processor.py:830} INFO - Processing file /home/airflow/.local/lib/python3.8/site-packages/airflow/example_dags/example_setup_teardown.py for tasks to queue
[2025-09-21T11:41:57.401+0000] {logging_mixin.py:188} INFO - [2025-09-21T11:41:57.400+0000] {dagbag.py:538} INFO - Filling up the DagBag from /home/airflow/.local/lib/python3.8/site-packages/airflow/example_dags/example_setup_teardown.py
[2025-09-21T11:41:57.412+0000] {processor.py:840} INFO - DAG(s) 'example_setup_teardown' retrieved from /home/airflow/.local/lib/python3.8/site-packages/airflow/example_dags/example_setup_teardown.py
[2025-09-21T11:41:57.449+0000] {logging_mixin.py:188} INFO - [2025-09-21T11:41:57.448+0000] {dag.py:3036} INFO - Sync 1 DAGs
[2025-09-21T11:41:57.493+0000] {logging_mixin.py:188} INFO - [2025-09-21T11:41:57.492+0000] {dag.py:3823} INFO - Setting next_dagrun for example_setup_teardown to 2025-09-20 00:00:00+00:00, run_after=2025-09-21 00:00:00+00:00
[2025-09-21T11:41:57.535+0000] {processor.py:183} INFO - Processing /home/airflow/.local/lib/python3.8/site-packages/airflow/example_dags/example_setup_teardown.py took 0.145 seconds
[2025-09-21T11:42:27.972+0000] {processor.py:161} INFO - Started process (PID=3450) to work on /home/airflow/.local/lib/python3.8/site-packages/airflow/example_dags/example_setup_teardown.py
[2025-09-21T11:42:27.974+0000] {processor.py:830} INFO - Processing file /home/airflow/.local/lib/python3.8/site-packages/airflow/example_dags/example_setup_teardown.py for tasks to queue
[2025-09-21T11:42:27.978+0000] {logging_mixin.py:188} INFO - [2025-09-21T11:42:27.977+0000] {dagbag.py:538} INFO - Filling up the DagBag from /home/airflow/.local/lib/python3.8/site-packages/airflow/example_dags/example_setup_teardown.py
[2025-09-21T11:42:27.989+0000] {processor.py:840} INFO - DAG(s) 'example_setup_teardown' retrieved from /home/airflow/.local/lib/python3.8/site-packages/airflow/example_dags/example_setup_teardown.py
[2025-09-21T11:42:28.028+0000] {logging_mixin.py:188} INFO - [2025-09-21T11:42:28.028+0000] {dag.py:3036} INFO - Sync 1 DAGs
[2025-09-21T11:42:28.069+0000] {logging_mixin.py:188} INFO - [2025-09-21T11:42:28.069+0000] {dag.py:3823} INFO - Setting next_dagrun for example_setup_teardown to 2025-09-20 00:00:00+00:00, run_after=2025-09-21 00:00:00+00:00
[2025-09-21T11:42:28.103+0000] {processor.py:183} INFO - Processing /home/airflow/.local/lib/python3.8/site-packages/airflow/example_dags/example_setup_teardown.py took 0.136 seconds
[2025-09-21T11:42:58.701+0000] {processor.py:161} INFO - Started process (PID=3508) to work on /home/airflow/.local/lib/python3.8/site-packages/airflow/example_dags/example_setup_teardown.py
[2025-09-21T11:42:58.703+0000] {processor.py:830} INFO - Processing file /home/airflow/.local/lib/python3.8/site-packages/airflow/example_dags/example_setup_teardown.py for tasks to queue
[2025-09-21T11:42:58.707+0000] {logging_mixin.py:188} INFO - [2025-09-21T11:42:58.706+0000] {dagbag.py:538} INFO - Filling up the DagBag from /home/airflow/.local/lib/python3.8/site-packages/airflow/example_dags/example_setup_teardown.py
[2025-09-21T11:42:58.718+0000] {processor.py:840} INFO - DAG(s) 'example_setup_teardown' retrieved from /home/airflow/.local/lib/python3.8/site-packages/airflow/example_dags/example_setup_teardown.py
[2025-09-21T11:42:58.754+0000] {logging_mixin.py:188} INFO - [2025-09-21T11:42:58.753+0000] {dag.py:3036} INFO - Sync 1 DAGs
[2025-09-21T11:42:58.792+0000] {logging_mixin.py:188} INFO - [2025-09-21T11:42:58.792+0000] {dag.py:3823} INFO - Setting next_dagrun for example_setup_teardown to 2025-09-20 00:00:00+00:00, run_after=2025-09-21 00:00:00+00:00
[2025-09-21T11:42:58.830+0000] {processor.py:183} INFO - Processing /home/airflow/.local/lib/python3.8/site-packages/airflow/example_dags/example_setup_teardown.py took 0.134 seconds
[2025-09-21T11:43:28.962+0000] {processor.py:161} INFO - Started process (PID=3565) to work on /home/airflow/.local/lib/python3.8/site-packages/airflow/example_dags/example_setup_teardown.py
[2025-09-21T11:43:28.964+0000] {processor.py:830} INFO - Processing file /home/airflow/.local/lib/python3.8/site-packages/airflow/example_dags/example_setup_teardown.py for tasks to queue
[2025-09-21T11:43:28.968+0000] {logging_mixin.py:188} INFO - [2025-09-21T11:43:28.967+0000] {dagbag.py:538} INFO - Filling up the DagBag from /home/airflow/.local/lib/python3.8/site-packages/airflow/example_dags/example_setup_teardown.py
[2025-09-21T11:43:28.979+0000] {processor.py:840} INFO - DAG(s) 'example_setup_teardown' retrieved from /home/airflow/.local/lib/python3.8/site-packages/airflow/example_dags/example_setup_teardown.py
[2025-09-21T11:43:29.015+0000] {logging_mixin.py:188} INFO - [2025-09-21T11:43:29.015+0000] {dag.py:3036} INFO - Sync 1 DAGs
[2025-09-21T11:43:29.054+0000] {logging_mixin.py:188} INFO - [2025-09-21T11:43:29.054+0000] {dag.py:3823} INFO - Setting next_dagrun for example_setup_teardown to 2025-09-20 00:00:00+00:00, run_after=2025-09-21 00:00:00+00:00
[2025-09-21T11:43:29.089+0000] {processor.py:183} INFO - Processing /home/airflow/.local/lib/python3.8/site-packages/airflow/example_dags/example_setup_teardown.py took 0.132 seconds
[2025-09-21T11:43:59.275+0000] {processor.py:161} INFO - Started process (PID=3623) to work on /home/airflow/.local/lib/python3.8/site-packages/airflow/example_dags/example_setup_teardown.py
[2025-09-21T11:43:59.277+0000] {processor.py:830} INFO - Processing file /home/airflow/.local/lib/python3.8/site-packages/airflow/example_dags/example_setup_teardown.py for tasks to queue
[2025-09-21T11:43:59.282+0000] {logging_mixin.py:188} INFO - [2025-09-21T11:43:59.281+0000] {dagbag.py:538} INFO - Filling up the DagBag from /home/airflow/.local/lib/python3.8/site-packages/airflow/example_dags/example_setup_teardown.py
[2025-09-21T11:43:59.297+0000] {processor.py:840} INFO - DAG(s) 'example_setup_teardown' retrieved from /home/airflow/.local/lib/python3.8/site-packages/airflow/example_dags/example_setup_teardown.py
[2025-09-21T11:43:59.346+0000] {logging_mixin.py:188} INFO - [2025-09-21T11:43:59.345+0000] {dag.py:3036} INFO - Sync 1 DAGs
[2025-09-21T11:43:59.412+0000] {logging_mixin.py:188} INFO - [2025-09-21T11:43:59.411+0000] {dag.py:3823} INFO - Setting next_dagrun for example_setup_teardown to 2025-09-20 00:00:00+00:00, run_after=2025-09-21 00:00:00+00:00
[2025-09-21T11:43:59.453+0000] {processor.py:183} INFO - Processing /home/airflow/.local/lib/python3.8/site-packages/airflow/example_dags/example_setup_teardown.py took 0.185 seconds
[2025-09-21T11:46:06.184+0000] {processor.py:161} INFO - Started process (PID=82) to work on /home/airflow/.local/lib/python3.8/site-packages/airflow/example_dags/example_setup_teardown.py
[2025-09-21T11:46:06.192+0000] {processor.py:830} INFO - Processing file /home/airflow/.local/lib/python3.8/site-packages/airflow/example_dags/example_setup_teardown.py for tasks to queue
[2025-09-21T11:46:06.197+0000] {logging_mixin.py:188} INFO - [2025-09-21T11:46:06.196+0000] {dagbag.py:538} INFO - Filling up the DagBag from /home/airflow/.local/lib/python3.8/site-packages/airflow/example_dags/example_setup_teardown.py
[2025-09-21T11:46:06.220+0000] {processor.py:840} INFO - DAG(s) 'example_setup_teardown' retrieved from /home/airflow/.local/lib/python3.8/site-packages/airflow/example_dags/example_setup_teardown.py
[2025-09-21T11:46:06.507+0000] {logging_mixin.py:188} INFO - [2025-09-21T11:46:06.507+0000] {dag.py:3036} INFO - Sync 1 DAGs
[2025-09-21T11:46:06.571+0000] {logging_mixin.py:188} INFO - [2025-09-21T11:46:06.570+0000] {dag.py:3823} INFO - Setting next_dagrun for example_setup_teardown to 2025-09-20 00:00:00+00:00, run_after=2025-09-21 00:00:00+00:00
[2025-09-21T11:46:06.622+0000] {processor.py:183} INFO - Processing /home/airflow/.local/lib/python3.8/site-packages/airflow/example_dags/example_setup_teardown.py took 0.446 seconds
[2025-09-21T11:46:38.007+0000] {processor.py:161} INFO - Started process (PID=140) to work on /home/airflow/.local/lib/python3.8/site-packages/airflow/example_dags/example_setup_teardown.py
[2025-09-21T11:46:38.009+0000] {processor.py:830} INFO - Processing file /home/airflow/.local/lib/python3.8/site-packages/airflow/example_dags/example_setup_teardown.py for tasks to queue
[2025-09-21T11:46:38.012+0000] {logging_mixin.py:188} INFO - [2025-09-21T11:46:38.012+0000] {dagbag.py:538} INFO - Filling up the DagBag from /home/airflow/.local/lib/python3.8/site-packages/airflow/example_dags/example_setup_teardown.py
[2025-09-21T11:46:38.025+0000] {processor.py:840} INFO - DAG(s) 'example_setup_teardown' retrieved from /home/airflow/.local/lib/python3.8/site-packages/airflow/example_dags/example_setup_teardown.py
[2025-09-21T11:46:38.061+0000] {logging_mixin.py:188} INFO - [2025-09-21T11:46:38.061+0000] {dag.py:3036} INFO - Sync 1 DAGs
[2025-09-21T11:46:38.102+0000] {logging_mixin.py:188} INFO - [2025-09-21T11:46:38.102+0000] {dag.py:3823} INFO - Setting next_dagrun for example_setup_teardown to 2025-09-20 00:00:00+00:00, run_after=2025-09-21 00:00:00+00:00
[2025-09-21T11:46:38.562+0000] {processor.py:183} INFO - Processing /home/airflow/.local/lib/python3.8/site-packages/airflow/example_dags/example_setup_teardown.py took 0.561 seconds
[2025-09-21T11:47:08.891+0000] {processor.py:161} INFO - Started process (PID=198) to work on /home/airflow/.local/lib/python3.8/site-packages/airflow/example_dags/example_setup_teardown.py
[2025-09-21T11:47:08.892+0000] {processor.py:830} INFO - Processing file /home/airflow/.local/lib/python3.8/site-packages/airflow/example_dags/example_setup_teardown.py for tasks to queue
[2025-09-21T11:47:08.896+0000] {logging_mixin.py:188} INFO - [2025-09-21T11:47:08.895+0000] {dagbag.py:538} INFO - Filling up the DagBag from /home/airflow/.local/lib/python3.8/site-packages/airflow/example_dags/example_setup_teardown.py
[2025-09-21T11:47:08.912+0000] {processor.py:840} INFO - DAG(s) 'example_setup_teardown' retrieved from /home/airflow/.local/lib/python3.8/site-packages/airflow/example_dags/example_setup_teardown.py
[2025-09-21T11:47:08.954+0000] {logging_mixin.py:188} INFO - [2025-09-21T11:47:08.954+0000] {dag.py:3036} INFO - Sync 1 DAGs
[2025-09-21T11:47:09.003+0000] {logging_mixin.py:188} INFO - [2025-09-21T11:47:09.003+0000] {dag.py:3823} INFO - Setting next_dagrun for example_setup_teardown to 2025-09-20 00:00:00+00:00, run_after=2025-09-21 00:00:00+00:00
[2025-09-21T11:47:09.037+0000] {processor.py:183} INFO - Processing /home/airflow/.local/lib/python3.8/site-packages/airflow/example_dags/example_setup_teardown.py took 0.153 seconds
[2025-09-21T11:47:39.380+0000] {processor.py:161} INFO - Started process (PID=256) to work on /home/airflow/.local/lib/python3.8/site-packages/airflow/example_dags/example_setup_teardown.py
[2025-09-21T11:47:39.382+0000] {processor.py:830} INFO - Processing file /home/airflow/.local/lib/python3.8/site-packages/airflow/example_dags/example_setup_teardown.py for tasks to queue
[2025-09-21T11:47:39.387+0000] {logging_mixin.py:188} INFO - [2025-09-21T11:47:39.386+0000] {dagbag.py:538} INFO - Filling up the DagBag from /home/airflow/.local/lib/python3.8/site-packages/airflow/example_dags/example_setup_teardown.py
[2025-09-21T11:47:39.403+0000] {processor.py:840} INFO - DAG(s) 'example_setup_teardown' retrieved from /home/airflow/.local/lib/python3.8/site-packages/airflow/example_dags/example_setup_teardown.py
[2025-09-21T11:47:39.444+0000] {logging_mixin.py:188} INFO - [2025-09-21T11:47:39.444+0000] {dag.py:3036} INFO - Sync 1 DAGs
[2025-09-21T11:47:39.498+0000] {logging_mixin.py:188} INFO - [2025-09-21T11:47:39.497+0000] {dag.py:3823} INFO - Setting next_dagrun for example_setup_teardown to 2025-09-20 00:00:00+00:00, run_after=2025-09-21 00:00:00+00:00
[2025-09-21T11:47:39.547+0000] {processor.py:183} INFO - Processing /home/airflow/.local/lib/python3.8/site-packages/airflow/example_dags/example_setup_teardown.py took 0.175 seconds
[2025-09-21T11:48:10.083+0000] {processor.py:161} INFO - Started process (PID=314) to work on /home/airflow/.local/lib/python3.8/site-packages/airflow/example_dags/example_setup_teardown.py
[2025-09-21T11:48:10.085+0000] {processor.py:830} INFO - Processing file /home/airflow/.local/lib/python3.8/site-packages/airflow/example_dags/example_setup_teardown.py for tasks to queue
[2025-09-21T11:48:10.089+0000] {logging_mixin.py:188} INFO - [2025-09-21T11:48:10.088+0000] {dagbag.py:538} INFO - Filling up the DagBag from /home/airflow/.local/lib/python3.8/site-packages/airflow/example_dags/example_setup_teardown.py
[2025-09-21T11:48:10.100+0000] {processor.py:840} INFO - DAG(s) 'example_setup_teardown' retrieved from /home/airflow/.local/lib/python3.8/site-packages/airflow/example_dags/example_setup_teardown.py
[2025-09-21T11:48:10.136+0000] {logging_mixin.py:188} INFO - [2025-09-21T11:48:10.135+0000] {dag.py:3036} INFO - Sync 1 DAGs
[2025-09-21T11:48:10.174+0000] {logging_mixin.py:188} INFO - [2025-09-21T11:48:10.174+0000] {dag.py:3823} INFO - Setting next_dagrun for example_setup_teardown to 2025-09-20 00:00:00+00:00, run_after=2025-09-21 00:00:00+00:00
[2025-09-21T11:48:10.210+0000] {processor.py:183} INFO - Processing /home/airflow/.local/lib/python3.8/site-packages/airflow/example_dags/example_setup_teardown.py took 0.132 seconds
[2025-09-21T11:48:40.772+0000] {processor.py:161} INFO - Started process (PID=372) to work on /home/airflow/.local/lib/python3.8/site-packages/airflow/example_dags/example_setup_teardown.py
[2025-09-21T11:48:40.774+0000] {processor.py:830} INFO - Processing file /home/airflow/.local/lib/python3.8/site-packages/airflow/example_dags/example_setup_teardown.py for tasks to queue
[2025-09-21T11:48:40.779+0000] {logging_mixin.py:188} INFO - [2025-09-21T11:48:40.778+0000] {dagbag.py:538} INFO - Filling up the DagBag from /home/airflow/.local/lib/python3.8/site-packages/airflow/example_dags/example_setup_teardown.py
[2025-09-21T11:48:40.796+0000] {processor.py:840} INFO - DAG(s) 'example_setup_teardown' retrieved from /home/airflow/.local/lib/python3.8/site-packages/airflow/example_dags/example_setup_teardown.py
[2025-09-21T11:48:40.854+0000] {logging_mixin.py:188} INFO - [2025-09-21T11:48:40.853+0000] {dag.py:3036} INFO - Sync 1 DAGs
[2025-09-21T11:48:40.923+0000] {logging_mixin.py:188} INFO - [2025-09-21T11:48:40.922+0000] {dag.py:3823} INFO - Setting next_dagrun for example_setup_teardown to 2025-09-20 00:00:00+00:00, run_after=2025-09-21 00:00:00+00:00
[2025-09-21T11:48:40.971+0000] {processor.py:183} INFO - Processing /home/airflow/.local/lib/python3.8/site-packages/airflow/example_dags/example_setup_teardown.py took 0.206 seconds
[2025-09-21T11:49:11.998+0000] {processor.py:161} INFO - Started process (PID=430) to work on /home/airflow/.local/lib/python3.8/site-packages/airflow/example_dags/example_setup_teardown.py
[2025-09-21T11:49:12.000+0000] {processor.py:830} INFO - Processing file /home/airflow/.local/lib/python3.8/site-packages/airflow/example_dags/example_setup_teardown.py for tasks to queue
[2025-09-21T11:49:12.003+0000] {logging_mixin.py:188} INFO - [2025-09-21T11:49:12.003+0000] {dagbag.py:538} INFO - Filling up the DagBag from /home/airflow/.local/lib/python3.8/site-packages/airflow/example_dags/example_setup_teardown.py
[2025-09-21T11:49:12.015+0000] {processor.py:840} INFO - DAG(s) 'example_setup_teardown' retrieved from /home/airflow/.local/lib/python3.8/site-packages/airflow/example_dags/example_setup_teardown.py
[2025-09-21T11:49:12.054+0000] {logging_mixin.py:188} INFO - [2025-09-21T11:49:12.054+0000] {dag.py:3036} INFO - Sync 1 DAGs
[2025-09-21T11:49:12.094+0000] {logging_mixin.py:188} INFO - [2025-09-21T11:49:12.094+0000] {dag.py:3823} INFO - Setting next_dagrun for example_setup_teardown to 2025-09-20 00:00:00+00:00, run_after=2025-09-21 00:00:00+00:00
[2025-09-21T11:49:12.131+0000] {processor.py:183} INFO - Processing /home/airflow/.local/lib/python3.8/site-packages/airflow/example_dags/example_setup_teardown.py took 0.139 seconds
[2025-09-21T11:49:43.174+0000] {processor.py:161} INFO - Started process (PID=488) to work on /home/airflow/.local/lib/python3.8/site-packages/airflow/example_dags/example_setup_teardown.py
[2025-09-21T11:49:43.177+0000] {processor.py:830} INFO - Processing file /home/airflow/.local/lib/python3.8/site-packages/airflow/example_dags/example_setup_teardown.py for tasks to queue
[2025-09-21T11:49:43.182+0000] {logging_mixin.py:188} INFO - [2025-09-21T11:49:43.181+0000] {dagbag.py:538} INFO - Filling up the DagBag from /home/airflow/.local/lib/python3.8/site-packages/airflow/example_dags/example_setup_teardown.py
[2025-09-21T11:49:43.199+0000] {processor.py:840} INFO - DAG(s) 'example_setup_teardown' retrieved from /home/airflow/.local/lib/python3.8/site-packages/airflow/example_dags/example_setup_teardown.py
[2025-09-21T11:49:43.243+0000] {logging_mixin.py:188} INFO - [2025-09-21T11:49:43.243+0000] {dag.py:3036} INFO - Sync 1 DAGs
[2025-09-21T11:49:43.300+0000] {logging_mixin.py:188} INFO - [2025-09-21T11:49:43.299+0000] {dag.py:3823} INFO - Setting next_dagrun for example_setup_teardown to 2025-09-20 00:00:00+00:00, run_after=2025-09-21 00:00:00+00:00
[2025-09-21T11:49:43.357+0000] {processor.py:183} INFO - Processing /home/airflow/.local/lib/python3.8/site-packages/airflow/example_dags/example_setup_teardown.py took 0.192 seconds
[2025-09-21T11:50:13.724+0000] {processor.py:161} INFO - Started process (PID=546) to work on /home/airflow/.local/lib/python3.8/site-packages/airflow/example_dags/example_setup_teardown.py
[2025-09-21T11:50:13.726+0000] {processor.py:830} INFO - Processing file /home/airflow/.local/lib/python3.8/site-packages/airflow/example_dags/example_setup_teardown.py for tasks to queue
[2025-09-21T11:50:13.730+0000] {logging_mixin.py:188} INFO - [2025-09-21T11:50:13.730+0000] {dagbag.py:538} INFO - Filling up the DagBag from /home/airflow/.local/lib/python3.8/site-packages/airflow/example_dags/example_setup_teardown.py
[2025-09-21T11:50:13.745+0000] {processor.py:840} INFO - DAG(s) 'example_setup_teardown' retrieved from /home/airflow/.local/lib/python3.8/site-packages/airflow/example_dags/example_setup_teardown.py
[2025-09-21T11:50:13.787+0000] {logging_mixin.py:188} INFO - [2025-09-21T11:50:13.786+0000] {dag.py:3036} INFO - Sync 1 DAGs
[2025-09-21T11:50:13.837+0000] {logging_mixin.py:188} INFO - [2025-09-21T11:50:13.836+0000] {dag.py:3823} INFO - Setting next_dagrun for example_setup_teardown to 2025-09-20 00:00:00+00:00, run_after=2025-09-21 00:00:00+00:00
[2025-09-21T11:50:13.893+0000] {processor.py:183} INFO - Processing /home/airflow/.local/lib/python3.8/site-packages/airflow/example_dags/example_setup_teardown.py took 0.176 seconds
[2025-09-21T11:50:45.095+0000] {processor.py:161} INFO - Started process (PID=605) to work on /home/airflow/.local/lib/python3.8/site-packages/airflow/example_dags/example_setup_teardown.py
[2025-09-21T11:50:45.099+0000] {processor.py:830} INFO - Processing file /home/airflow/.local/lib/python3.8/site-packages/airflow/example_dags/example_setup_teardown.py for tasks to queue
[2025-09-21T11:50:45.104+0000] {logging_mixin.py:188} INFO - [2025-09-21T11:50:45.103+0000] {dagbag.py:538} INFO - Filling up the DagBag from /home/airflow/.local/lib/python3.8/site-packages/airflow/example_dags/example_setup_teardown.py
[2025-09-21T11:50:45.130+0000] {processor.py:840} INFO - DAG(s) 'example_setup_teardown' retrieved from /home/airflow/.local/lib/python3.8/site-packages/airflow/example_dags/example_setup_teardown.py
[2025-09-21T11:50:45.204+0000] {logging_mixin.py:188} INFO - [2025-09-21T11:50:45.203+0000] {dag.py:3036} INFO - Sync 1 DAGs
[2025-09-21T11:50:45.312+0000] {logging_mixin.py:188} INFO - [2025-09-21T11:50:45.312+0000] {dag.py:3823} INFO - Setting next_dagrun for example_setup_teardown to 2025-09-20 00:00:00+00:00, run_after=2025-09-21 00:00:00+00:00
[2025-09-21T11:50:45.394+0000] {processor.py:183} INFO - Processing /home/airflow/.local/lib/python3.8/site-packages/airflow/example_dags/example_setup_teardown.py took 0.309 seconds
[2025-09-21T11:51:16.594+0000] {processor.py:161} INFO - Started process (PID=663) to work on /home/airflow/.local/lib/python3.8/site-packages/airflow/example_dags/example_setup_teardown.py
[2025-09-21T11:51:16.596+0000] {processor.py:830} INFO - Processing file /home/airflow/.local/lib/python3.8/site-packages/airflow/example_dags/example_setup_teardown.py for tasks to queue
[2025-09-21T11:51:16.601+0000] {logging_mixin.py:188} INFO - [2025-09-21T11:51:16.601+0000] {dagbag.py:538} INFO - Filling up the DagBag from /home/airflow/.local/lib/python3.8/site-packages/airflow/example_dags/example_setup_teardown.py
[2025-09-21T11:51:16.618+0000] {processor.py:840} INFO - DAG(s) 'example_setup_teardown' retrieved from /home/airflow/.local/lib/python3.8/site-packages/airflow/example_dags/example_setup_teardown.py
[2025-09-21T11:51:16.675+0000] {logging_mixin.py:188} INFO - [2025-09-21T11:51:16.674+0000] {dag.py:3036} INFO - Sync 1 DAGs
[2025-09-21T11:51:16.736+0000] {logging_mixin.py:188} INFO - [2025-09-21T11:51:16.735+0000] {dag.py:3823} INFO - Setting next_dagrun for example_setup_teardown to 2025-09-20 00:00:00+00:00, run_after=2025-09-21 00:00:00+00:00
[2025-09-21T11:51:16.798+0000] {processor.py:183} INFO - Processing /home/airflow/.local/lib/python3.8/site-packages/airflow/example_dags/example_setup_teardown.py took 0.212 seconds
[2025-09-21T11:51:47.905+0000] {processor.py:161} INFO - Started process (PID=721) to work on /home/airflow/.local/lib/python3.8/site-packages/airflow/example_dags/example_setup_teardown.py
[2025-09-21T11:51:47.907+0000] {processor.py:830} INFO - Processing file /home/airflow/.local/lib/python3.8/site-packages/airflow/example_dags/example_setup_teardown.py for tasks to queue
[2025-09-21T11:51:47.910+0000] {logging_mixin.py:188} INFO - [2025-09-21T11:51:47.910+0000] {dagbag.py:538} INFO - Filling up the DagBag from /home/airflow/.local/lib/python3.8/site-packages/airflow/example_dags/example_setup_teardown.py
[2025-09-21T11:51:47.922+0000] {processor.py:840} INFO - DAG(s) 'example_setup_teardown' retrieved from /home/airflow/.local/lib/python3.8/site-packages/airflow/example_dags/example_setup_teardown.py
[2025-09-21T11:51:47.961+0000] {logging_mixin.py:188} INFO - [2025-09-21T11:51:47.961+0000] {dag.py:3036} INFO - Sync 1 DAGs
[2025-09-21T11:51:48.005+0000] {logging_mixin.py:188} INFO - [2025-09-21T11:51:48.004+0000] {dag.py:3823} INFO - Setting next_dagrun for example_setup_teardown to 2025-09-20 00:00:00+00:00, run_after=2025-09-21 00:00:00+00:00
[2025-09-21T11:51:48.048+0000] {processor.py:183} INFO - Processing /home/airflow/.local/lib/python3.8/site-packages/airflow/example_dags/example_setup_teardown.py took 0.149 seconds
[2025-09-21T11:52:19.057+0000] {processor.py:161} INFO - Started process (PID=779) to work on /home/airflow/.local/lib/python3.8/site-packages/airflow/example_dags/example_setup_teardown.py
[2025-09-21T11:52:19.058+0000] {processor.py:830} INFO - Processing file /home/airflow/.local/lib/python3.8/site-packages/airflow/example_dags/example_setup_teardown.py for tasks to queue
[2025-09-21T11:52:19.062+0000] {logging_mixin.py:188} INFO - [2025-09-21T11:52:19.061+0000] {dagbag.py:538} INFO - Filling up the DagBag from /home/airflow/.local/lib/python3.8/site-packages/airflow/example_dags/example_setup_teardown.py
[2025-09-21T11:52:19.074+0000] {processor.py:840} INFO - DAG(s) 'example_setup_teardown' retrieved from /home/airflow/.local/lib/python3.8/site-packages/airflow/example_dags/example_setup_teardown.py
[2025-09-21T11:52:19.126+0000] {logging_mixin.py:188} INFO - [2025-09-21T11:52:19.126+0000] {dag.py:3036} INFO - Sync 1 DAGs
[2025-09-21T11:52:19.180+0000] {logging_mixin.py:188} INFO - [2025-09-21T11:52:19.179+0000] {dag.py:3823} INFO - Setting next_dagrun for example_setup_teardown to 2025-09-20 00:00:00+00:00, run_after=2025-09-21 00:00:00+00:00
[2025-09-21T11:52:19.233+0000] {processor.py:183} INFO - Processing /home/airflow/.local/lib/python3.8/site-packages/airflow/example_dags/example_setup_teardown.py took 0.183 seconds
[2025-09-21T11:52:51.294+0000] {processor.py:161} INFO - Started process (PID=837) to work on /home/airflow/.local/lib/python3.8/site-packages/airflow/example_dags/example_setup_teardown.py
[2025-09-21T11:52:51.296+0000] {processor.py:830} INFO - Processing file /home/airflow/.local/lib/python3.8/site-packages/airflow/example_dags/example_setup_teardown.py for tasks to queue
[2025-09-21T11:52:51.299+0000] {logging_mixin.py:188} INFO - [2025-09-21T11:52:51.299+0000] {dagbag.py:538} INFO - Filling up the DagBag from /home/airflow/.local/lib/python3.8/site-packages/airflow/example_dags/example_setup_teardown.py
[2025-09-21T11:52:51.312+0000] {processor.py:840} INFO - DAG(s) 'example_setup_teardown' retrieved from /home/airflow/.local/lib/python3.8/site-packages/airflow/example_dags/example_setup_teardown.py
[2025-09-21T11:52:51.354+0000] {logging_mixin.py:188} INFO - [2025-09-21T11:52:51.354+0000] {dag.py:3036} INFO - Sync 1 DAGs
[2025-09-21T11:52:51.402+0000] {logging_mixin.py:188} INFO - [2025-09-21T11:52:51.401+0000] {dag.py:3823} INFO - Setting next_dagrun for example_setup_teardown to 2025-09-20 00:00:00+00:00, run_after=2025-09-21 00:00:00+00:00
[2025-09-21T11:52:51.439+0000] {processor.py:183} INFO - Processing /home/airflow/.local/lib/python3.8/site-packages/airflow/example_dags/example_setup_teardown.py took 0.151 seconds
[2025-09-21T11:53:22.081+0000] {processor.py:161} INFO - Started process (PID=895) to work on /home/airflow/.local/lib/python3.8/site-packages/airflow/example_dags/example_setup_teardown.py
[2025-09-21T11:53:22.085+0000] {processor.py:830} INFO - Processing file /home/airflow/.local/lib/python3.8/site-packages/airflow/example_dags/example_setup_teardown.py for tasks to queue
[2025-09-21T11:53:22.094+0000] {logging_mixin.py:188} INFO - [2025-09-21T11:53:22.093+0000] {dagbag.py:538} INFO - Filling up the DagBag from /home/airflow/.local/lib/python3.8/site-packages/airflow/example_dags/example_setup_teardown.py
[2025-09-21T11:53:22.120+0000] {processor.py:840} INFO - DAG(s) 'example_setup_teardown' retrieved from /home/airflow/.local/lib/python3.8/site-packages/airflow/example_dags/example_setup_teardown.py
[2025-09-21T11:53:22.179+0000] {logging_mixin.py:188} INFO - [2025-09-21T11:53:22.179+0000] {dag.py:3036} INFO - Sync 1 DAGs
[2025-09-21T11:53:22.254+0000] {logging_mixin.py:188} INFO - [2025-09-21T11:53:22.254+0000] {dag.py:3823} INFO - Setting next_dagrun for example_setup_teardown to 2025-09-20 00:00:00+00:00, run_after=2025-09-21 00:00:00+00:00
[2025-09-21T11:53:22.315+0000] {processor.py:183} INFO - Processing /home/airflow/.local/lib/python3.8/site-packages/airflow/example_dags/example_setup_teardown.py took 0.249 seconds
[2025-09-21T11:53:52.792+0000] {processor.py:161} INFO - Started process (PID=951) to work on /home/airflow/.local/lib/python3.8/site-packages/airflow/example_dags/example_setup_teardown.py
[2025-09-21T11:53:52.794+0000] {processor.py:830} INFO - Processing file /home/airflow/.local/lib/python3.8/site-packages/airflow/example_dags/example_setup_teardown.py for tasks to queue
[2025-09-21T11:53:52.797+0000] {logging_mixin.py:188} INFO - [2025-09-21T11:53:52.797+0000] {dagbag.py:538} INFO - Filling up the DagBag from /home/airflow/.local/lib/python3.8/site-packages/airflow/example_dags/example_setup_teardown.py
[2025-09-21T11:53:52.810+0000] {processor.py:840} INFO - DAG(s) 'example_setup_teardown' retrieved from /home/airflow/.local/lib/python3.8/site-packages/airflow/example_dags/example_setup_teardown.py
[2025-09-21T11:53:52.862+0000] {logging_mixin.py:188} INFO - [2025-09-21T11:53:52.861+0000] {dag.py:3036} INFO - Sync 1 DAGs
[2025-09-21T11:53:52.907+0000] {logging_mixin.py:188} INFO - [2025-09-21T11:53:52.906+0000] {dag.py:3823} INFO - Setting next_dagrun for example_setup_teardown to 2025-09-20 00:00:00+00:00, run_after=2025-09-21 00:00:00+00:00
[2025-09-21T11:53:52.953+0000] {processor.py:183} INFO - Processing /home/airflow/.local/lib/python3.8/site-packages/airflow/example_dags/example_setup_teardown.py took 0.167 seconds
[2025-09-21T11:54:23.768+0000] {processor.py:161} INFO - Started process (PID=1015) to work on /home/airflow/.local/lib/python3.8/site-packages/airflow/example_dags/example_setup_teardown.py
[2025-09-21T11:54:23.771+0000] {processor.py:830} INFO - Processing file /home/airflow/.local/lib/python3.8/site-packages/airflow/example_dags/example_setup_teardown.py for tasks to queue
[2025-09-21T11:54:23.779+0000] {logging_mixin.py:188} INFO - [2025-09-21T11:54:23.778+0000] {dagbag.py:538} INFO - Filling up the DagBag from /home/airflow/.local/lib/python3.8/site-packages/airflow/example_dags/example_setup_teardown.py
[2025-09-21T11:54:23.813+0000] {processor.py:840} INFO - DAG(s) 'example_setup_teardown' retrieved from /home/airflow/.local/lib/python3.8/site-packages/airflow/example_dags/example_setup_teardown.py
[2025-09-21T11:54:23.932+0000] {logging_mixin.py:188} INFO - [2025-09-21T11:54:23.931+0000] {dag.py:3036} INFO - Sync 1 DAGs
[2025-09-21T11:54:24.069+0000] {logging_mixin.py:188} INFO - [2025-09-21T11:54:24.069+0000] {dag.py:3823} INFO - Setting next_dagrun for example_setup_teardown to 2025-09-20 00:00:00+00:00, run_after=2025-09-21 00:00:00+00:00
[2025-09-21T11:54:24.112+0000] {processor.py:183} INFO - Processing /home/airflow/.local/lib/python3.8/site-packages/airflow/example_dags/example_setup_teardown.py took 0.354 seconds
[2025-09-21T11:54:54.709+0000] {processor.py:161} INFO - Started process (PID=1072) to work on /home/airflow/.local/lib/python3.8/site-packages/airflow/example_dags/example_setup_teardown.py
[2025-09-21T11:54:54.711+0000] {processor.py:830} INFO - Processing file /home/airflow/.local/lib/python3.8/site-packages/airflow/example_dags/example_setup_teardown.py for tasks to queue
[2025-09-21T11:54:54.714+0000] {logging_mixin.py:188} INFO - [2025-09-21T11:54:54.714+0000] {dagbag.py:538} INFO - Filling up the DagBag from /home/airflow/.local/lib/python3.8/site-packages/airflow/example_dags/example_setup_teardown.py
[2025-09-21T11:54:54.726+0000] {processor.py:840} INFO - DAG(s) 'example_setup_teardown' retrieved from /home/airflow/.local/lib/python3.8/site-packages/airflow/example_dags/example_setup_teardown.py
[2025-09-21T11:54:54.770+0000] {logging_mixin.py:188} INFO - [2025-09-21T11:54:54.769+0000] {dag.py:3036} INFO - Sync 1 DAGs
[2025-09-21T11:54:54.821+0000] {logging_mixin.py:188} INFO - [2025-09-21T11:54:54.820+0000] {dag.py:3823} INFO - Setting next_dagrun for example_setup_teardown to 2025-09-20 00:00:00+00:00, run_after=2025-09-21 00:00:00+00:00
[2025-09-21T11:54:54.864+0000] {processor.py:183} INFO - Processing /home/airflow/.local/lib/python3.8/site-packages/airflow/example_dags/example_setup_teardown.py took 0.161 seconds
[2025-09-21T11:55:25.748+0000] {processor.py:161} INFO - Started process (PID=1130) to work on /home/airflow/.local/lib/python3.8/site-packages/airflow/example_dags/example_setup_teardown.py
[2025-09-21T11:55:25.750+0000] {processor.py:830} INFO - Processing file /home/airflow/.local/lib/python3.8/site-packages/airflow/example_dags/example_setup_teardown.py for tasks to queue
[2025-09-21T11:55:25.754+0000] {logging_mixin.py:188} INFO - [2025-09-21T11:55:25.754+0000] {dagbag.py:538} INFO - Filling up the DagBag from /home/airflow/.local/lib/python3.8/site-packages/airflow/example_dags/example_setup_teardown.py
[2025-09-21T11:55:25.765+0000] {processor.py:840} INFO - DAG(s) 'example_setup_teardown' retrieved from /home/airflow/.local/lib/python3.8/site-packages/airflow/example_dags/example_setup_teardown.py
[2025-09-21T11:55:25.803+0000] {logging_mixin.py:188} INFO - [2025-09-21T11:55:25.803+0000] {dag.py:3036} INFO - Sync 1 DAGs
[2025-09-21T11:55:25.842+0000] {logging_mixin.py:188} INFO - [2025-09-21T11:55:25.842+0000] {dag.py:3823} INFO - Setting next_dagrun for example_setup_teardown to 2025-09-20 00:00:00+00:00, run_after=2025-09-21 00:00:00+00:00
[2025-09-21T11:55:25.880+0000] {processor.py:183} INFO - Processing /home/airflow/.local/lib/python3.8/site-packages/airflow/example_dags/example_setup_teardown.py took 0.137 seconds
[2025-09-21T11:55:56.395+0000] {processor.py:161} INFO - Started process (PID=1188) to work on /home/airflow/.local/lib/python3.8/site-packages/airflow/example_dags/example_setup_teardown.py
[2025-09-21T11:55:56.397+0000] {processor.py:830} INFO - Processing file /home/airflow/.local/lib/python3.8/site-packages/airflow/example_dags/example_setup_teardown.py for tasks to queue
[2025-09-21T11:55:56.401+0000] {logging_mixin.py:188} INFO - [2025-09-21T11:55:56.400+0000] {dagbag.py:538} INFO - Filling up the DagBag from /home/airflow/.local/lib/python3.8/site-packages/airflow/example_dags/example_setup_teardown.py
[2025-09-21T11:55:56.420+0000] {processor.py:840} INFO - DAG(s) 'example_setup_teardown' retrieved from /home/airflow/.local/lib/python3.8/site-packages/airflow/example_dags/example_setup_teardown.py
[2025-09-21T11:55:56.473+0000] {logging_mixin.py:188} INFO - [2025-09-21T11:55:56.472+0000] {dag.py:3036} INFO - Sync 1 DAGs
[2025-09-21T11:55:56.533+0000] {logging_mixin.py:188} INFO - [2025-09-21T11:55:56.532+0000] {dag.py:3823} INFO - Setting next_dagrun for example_setup_teardown to 2025-09-20 00:00:00+00:00, run_after=2025-09-21 00:00:00+00:00
[2025-09-21T11:55:56.580+0000] {processor.py:183} INFO - Processing /home/airflow/.local/lib/python3.8/site-packages/airflow/example_dags/example_setup_teardown.py took 0.194 seconds
[2025-09-21T11:56:27.500+0000] {processor.py:161} INFO - Started process (PID=1246) to work on /home/airflow/.local/lib/python3.8/site-packages/airflow/example_dags/example_setup_teardown.py
[2025-09-21T11:56:27.503+0000] {processor.py:830} INFO - Processing file /home/airflow/.local/lib/python3.8/site-packages/airflow/example_dags/example_setup_teardown.py for tasks to queue
[2025-09-21T11:56:27.507+0000] {logging_mixin.py:188} INFO - [2025-09-21T11:56:27.506+0000] {dagbag.py:538} INFO - Filling up the DagBag from /home/airflow/.local/lib/python3.8/site-packages/airflow/example_dags/example_setup_teardown.py
[2025-09-21T11:56:27.522+0000] {processor.py:840} INFO - DAG(s) 'example_setup_teardown' retrieved from /home/airflow/.local/lib/python3.8/site-packages/airflow/example_dags/example_setup_teardown.py
[2025-09-21T11:56:27.565+0000] {logging_mixin.py:188} INFO - [2025-09-21T11:56:27.564+0000] {dag.py:3036} INFO - Sync 1 DAGs
[2025-09-21T11:56:27.614+0000] {logging_mixin.py:188} INFO - [2025-09-21T11:56:27.614+0000] {dag.py:3823} INFO - Setting next_dagrun for example_setup_teardown to 2025-09-20 00:00:00+00:00, run_after=2025-09-21 00:00:00+00:00
[2025-09-21T11:56:27.850+0000] {processor.py:183} INFO - Processing /home/airflow/.local/lib/python3.8/site-packages/airflow/example_dags/example_setup_teardown.py took 0.357 seconds
[2025-09-21T11:56:58.899+0000] {processor.py:161} INFO - Started process (PID=1304) to work on /home/airflow/.local/lib/python3.8/site-packages/airflow/example_dags/example_setup_teardown.py
[2025-09-21T11:56:58.903+0000] {processor.py:830} INFO - Processing file /home/airflow/.local/lib/python3.8/site-packages/airflow/example_dags/example_setup_teardown.py for tasks to queue
[2025-09-21T11:56:58.912+0000] {logging_mixin.py:188} INFO - [2025-09-21T11:56:58.910+0000] {dagbag.py:538} INFO - Filling up the DagBag from /home/airflow/.local/lib/python3.8/site-packages/airflow/example_dags/example_setup_teardown.py
[2025-09-21T11:56:58.940+0000] {processor.py:840} INFO - DAG(s) 'example_setup_teardown' retrieved from /home/airflow/.local/lib/python3.8/site-packages/airflow/example_dags/example_setup_teardown.py
[2025-09-21T11:56:59.035+0000] {logging_mixin.py:188} INFO - [2025-09-21T11:56:59.034+0000] {dag.py:3036} INFO - Sync 1 DAGs
[2025-09-21T11:56:59.504+0000] {logging_mixin.py:188} INFO - [2025-09-21T11:56:59.504+0000] {dag.py:3823} INFO - Setting next_dagrun for example_setup_teardown to 2025-09-20 00:00:00+00:00, run_after=2025-09-21 00:00:00+00:00
[2025-09-21T11:56:59.551+0000] {processor.py:183} INFO - Processing /home/airflow/.local/lib/python3.8/site-packages/airflow/example_dags/example_setup_teardown.py took 0.666 seconds
[2025-09-21T11:57:29.956+0000] {processor.py:161} INFO - Started process (PID=1361) to work on /home/airflow/.local/lib/python3.8/site-packages/airflow/example_dags/example_setup_teardown.py
[2025-09-21T11:57:29.964+0000] {processor.py:830} INFO - Processing file /home/airflow/.local/lib/python3.8/site-packages/airflow/example_dags/example_setup_teardown.py for tasks to queue
[2025-09-21T11:57:29.976+0000] {logging_mixin.py:188} INFO - [2025-09-21T11:57:29.974+0000] {dagbag.py:538} INFO - Filling up the DagBag from /home/airflow/.local/lib/python3.8/site-packages/airflow/example_dags/example_setup_teardown.py
[2025-09-21T11:57:30.007+0000] {processor.py:840} INFO - DAG(s) 'example_setup_teardown' retrieved from /home/airflow/.local/lib/python3.8/site-packages/airflow/example_dags/example_setup_teardown.py
[2025-09-21T11:57:30.080+0000] {logging_mixin.py:188} INFO - [2025-09-21T11:57:30.079+0000] {dag.py:3036} INFO - Sync 1 DAGs
[2025-09-21T11:57:30.145+0000] {logging_mixin.py:188} INFO - [2025-09-21T11:57:30.145+0000] {dag.py:3823} INFO - Setting next_dagrun for example_setup_teardown to 2025-09-20 00:00:00+00:00, run_after=2025-09-21 00:00:00+00:00
[2025-09-21T11:57:30.199+0000] {processor.py:183} INFO - Processing /home/airflow/.local/lib/python3.8/site-packages/airflow/example_dags/example_setup_teardown.py took 0.262 seconds
[2025-09-21T11:58:00.725+0000] {processor.py:161} INFO - Started process (PID=1419) to work on /home/airflow/.local/lib/python3.8/site-packages/airflow/example_dags/example_setup_teardown.py
[2025-09-21T11:58:00.728+0000] {processor.py:830} INFO - Processing file /home/airflow/.local/lib/python3.8/site-packages/airflow/example_dags/example_setup_teardown.py for tasks to queue
[2025-09-21T11:58:00.732+0000] {logging_mixin.py:188} INFO - [2025-09-21T11:58:00.731+0000] {dagbag.py:538} INFO - Filling up the DagBag from /home/airflow/.local/lib/python3.8/site-packages/airflow/example_dags/example_setup_teardown.py
[2025-09-21T11:58:00.743+0000] {processor.py:840} INFO - DAG(s) 'example_setup_teardown' retrieved from /home/airflow/.local/lib/python3.8/site-packages/airflow/example_dags/example_setup_teardown.py
[2025-09-21T11:58:00.780+0000] {logging_mixin.py:188} INFO - [2025-09-21T11:58:00.780+0000] {dag.py:3036} INFO - Sync 1 DAGs
[2025-09-21T11:58:00.820+0000] {logging_mixin.py:188} INFO - [2025-09-21T11:58:00.819+0000] {dag.py:3823} INFO - Setting next_dagrun for example_setup_teardown to 2025-09-20 00:00:00+00:00, run_after=2025-09-21 00:00:00+00:00
[2025-09-21T11:58:00.855+0000] {processor.py:183} INFO - Processing /home/airflow/.local/lib/python3.8/site-packages/airflow/example_dags/example_setup_teardown.py took 0.137 seconds
[2025-09-21T11:58:31.254+0000] {processor.py:161} INFO - Started process (PID=1477) to work on /home/airflow/.local/lib/python3.8/site-packages/airflow/example_dags/example_setup_teardown.py
[2025-09-21T11:58:31.258+0000] {processor.py:830} INFO - Processing file /home/airflow/.local/lib/python3.8/site-packages/airflow/example_dags/example_setup_teardown.py for tasks to queue
[2025-09-21T11:58:31.264+0000] {logging_mixin.py:188} INFO - [2025-09-21T11:58:31.264+0000] {dagbag.py:538} INFO - Filling up the DagBag from /home/airflow/.local/lib/python3.8/site-packages/airflow/example_dags/example_setup_teardown.py
[2025-09-21T11:58:31.282+0000] {processor.py:840} INFO - DAG(s) 'example_setup_teardown' retrieved from /home/airflow/.local/lib/python3.8/site-packages/airflow/example_dags/example_setup_teardown.py
[2025-09-21T11:58:31.343+0000] {logging_mixin.py:188} INFO - [2025-09-21T11:58:31.342+0000] {dag.py:3036} INFO - Sync 1 DAGs
[2025-09-21T11:58:31.395+0000] {logging_mixin.py:188} INFO - [2025-09-21T11:58:31.395+0000] {dag.py:3823} INFO - Setting next_dagrun for example_setup_teardown to 2025-09-20 00:00:00+00:00, run_after=2025-09-21 00:00:00+00:00
[2025-09-21T11:58:31.454+0000] {processor.py:183} INFO - Processing /home/airflow/.local/lib/python3.8/site-packages/airflow/example_dags/example_setup_teardown.py took 0.207 seconds
[2025-09-21T11:59:02.131+0000] {processor.py:161} INFO - Started process (PID=1535) to work on /home/airflow/.local/lib/python3.8/site-packages/airflow/example_dags/example_setup_teardown.py
[2025-09-21T11:59:02.136+0000] {processor.py:830} INFO - Processing file /home/airflow/.local/lib/python3.8/site-packages/airflow/example_dags/example_setup_teardown.py for tasks to queue
[2025-09-21T11:59:02.145+0000] {logging_mixin.py:188} INFO - [2025-09-21T11:59:02.144+0000] {dagbag.py:538} INFO - Filling up the DagBag from /home/airflow/.local/lib/python3.8/site-packages/airflow/example_dags/example_setup_teardown.py
[2025-09-21T11:59:02.411+0000] {processor.py:840} INFO - DAG(s) 'example_setup_teardown' retrieved from /home/airflow/.local/lib/python3.8/site-packages/airflow/example_dags/example_setup_teardown.py
[2025-09-21T11:59:02.454+0000] {logging_mixin.py:188} INFO - [2025-09-21T11:59:02.453+0000] {dag.py:3036} INFO - Sync 1 DAGs
[2025-09-21T11:59:02.502+0000] {logging_mixin.py:188} INFO - [2025-09-21T11:59:02.501+0000] {dag.py:3823} INFO - Setting next_dagrun for example_setup_teardown to 2025-09-20 00:00:00+00:00, run_after=2025-09-21 00:00:00+00:00
[2025-09-21T11:59:02.550+0000] {processor.py:183} INFO - Processing /home/airflow/.local/lib/python3.8/site-packages/airflow/example_dags/example_setup_teardown.py took 0.437 seconds
[2025-09-21T11:59:32.804+0000] {processor.py:161} INFO - Started process (PID=1593) to work on /home/airflow/.local/lib/python3.8/site-packages/airflow/example_dags/example_setup_teardown.py
[2025-09-21T11:59:32.806+0000] {processor.py:830} INFO - Processing file /home/airflow/.local/lib/python3.8/site-packages/airflow/example_dags/example_setup_teardown.py for tasks to queue
[2025-09-21T11:59:32.811+0000] {logging_mixin.py:188} INFO - [2025-09-21T11:59:32.810+0000] {dagbag.py:538} INFO - Filling up the DagBag from /home/airflow/.local/lib/python3.8/site-packages/airflow/example_dags/example_setup_teardown.py
[2025-09-21T11:59:32.827+0000] {processor.py:840} INFO - DAG(s) 'example_setup_teardown' retrieved from /home/airflow/.local/lib/python3.8/site-packages/airflow/example_dags/example_setup_teardown.py
[2025-09-21T11:59:32.874+0000] {logging_mixin.py:188} INFO - [2025-09-21T11:59:32.873+0000] {dag.py:3036} INFO - Sync 1 DAGs
[2025-09-21T11:59:32.933+0000] {logging_mixin.py:188} INFO - [2025-09-21T11:59:32.932+0000] {dag.py:3823} INFO - Setting next_dagrun for example_setup_teardown to 2025-09-20 00:00:00+00:00, run_after=2025-09-21 00:00:00+00:00
[2025-09-21T11:59:32.978+0000] {processor.py:183} INFO - Processing /home/airflow/.local/lib/python3.8/site-packages/airflow/example_dags/example_setup_teardown.py took 0.182 seconds
[2025-09-21T12:00:03.662+0000] {processor.py:161} INFO - Started process (PID=1651) to work on /home/airflow/.local/lib/python3.8/site-packages/airflow/example_dags/example_setup_teardown.py
[2025-09-21T12:00:03.665+0000] {processor.py:830} INFO - Processing file /home/airflow/.local/lib/python3.8/site-packages/airflow/example_dags/example_setup_teardown.py for tasks to queue
[2025-09-21T12:00:03.671+0000] {logging_mixin.py:188} INFO - [2025-09-21T12:00:03.670+0000] {dagbag.py:538} INFO - Filling up the DagBag from /home/airflow/.local/lib/python3.8/site-packages/airflow/example_dags/example_setup_teardown.py
[2025-09-21T12:00:03.690+0000] {processor.py:840} INFO - DAG(s) 'example_setup_teardown' retrieved from /home/airflow/.local/lib/python3.8/site-packages/airflow/example_dags/example_setup_teardown.py
[2025-09-21T12:00:03.745+0000] {logging_mixin.py:188} INFO - [2025-09-21T12:00:03.745+0000] {dag.py:3036} INFO - Sync 1 DAGs
[2025-09-21T12:00:03.792+0000] {logging_mixin.py:188} INFO - [2025-09-21T12:00:03.792+0000] {dag.py:3823} INFO - Setting next_dagrun for example_setup_teardown to 2025-09-20 00:00:00+00:00, run_after=2025-09-21 00:00:00+00:00
[2025-09-21T12:00:03.832+0000] {processor.py:183} INFO - Processing /home/airflow/.local/lib/python3.8/site-packages/airflow/example_dags/example_setup_teardown.py took 0.179 seconds
[2025-09-21T12:00:34.065+0000] {processor.py:161} INFO - Started process (PID=1709) to work on /home/airflow/.local/lib/python3.8/site-packages/airflow/example_dags/example_setup_teardown.py
[2025-09-21T12:00:34.067+0000] {processor.py:830} INFO - Processing file /home/airflow/.local/lib/python3.8/site-packages/airflow/example_dags/example_setup_teardown.py for tasks to queue
[2025-09-21T12:00:34.072+0000] {logging_mixin.py:188} INFO - [2025-09-21T12:00:34.071+0000] {dagbag.py:538} INFO - Filling up the DagBag from /home/airflow/.local/lib/python3.8/site-packages/airflow/example_dags/example_setup_teardown.py
[2025-09-21T12:00:34.088+0000] {processor.py:840} INFO - DAG(s) 'example_setup_teardown' retrieved from /home/airflow/.local/lib/python3.8/site-packages/airflow/example_dags/example_setup_teardown.py
[2025-09-21T12:00:34.150+0000] {logging_mixin.py:188} INFO - [2025-09-21T12:00:34.149+0000] {dag.py:3036} INFO - Sync 1 DAGs
[2025-09-21T12:00:34.208+0000] {logging_mixin.py:188} INFO - [2025-09-21T12:00:34.207+0000] {dag.py:3823} INFO - Setting next_dagrun for example_setup_teardown to 2025-09-20 00:00:00+00:00, run_after=2025-09-21 00:00:00+00:00
[2025-09-21T12:00:34.256+0000] {processor.py:183} INFO - Processing /home/airflow/.local/lib/python3.8/site-packages/airflow/example_dags/example_setup_teardown.py took 0.199 seconds
[2025-09-21T12:01:04.702+0000] {processor.py:161} INFO - Started process (PID=1767) to work on /home/airflow/.local/lib/python3.8/site-packages/airflow/example_dags/example_setup_teardown.py
[2025-09-21T12:01:04.707+0000] {processor.py:830} INFO - Processing file /home/airflow/.local/lib/python3.8/site-packages/airflow/example_dags/example_setup_teardown.py for tasks to queue
[2025-09-21T12:01:04.716+0000] {logging_mixin.py:188} INFO - [2025-09-21T12:01:04.714+0000] {dagbag.py:538} INFO - Filling up the DagBag from /home/airflow/.local/lib/python3.8/site-packages/airflow/example_dags/example_setup_teardown.py
[2025-09-21T12:01:04.747+0000] {processor.py:840} INFO - DAG(s) 'example_setup_teardown' retrieved from /home/airflow/.local/lib/python3.8/site-packages/airflow/example_dags/example_setup_teardown.py
[2025-09-21T12:01:04.847+0000] {logging_mixin.py:188} INFO - [2025-09-21T12:01:04.846+0000] {dag.py:3036} INFO - Sync 1 DAGs
[2025-09-21T12:01:04.952+0000] {logging_mixin.py:188} INFO - [2025-09-21T12:01:04.951+0000] {dag.py:3823} INFO - Setting next_dagrun for example_setup_teardown to 2025-09-20 00:00:00+00:00, run_after=2025-09-21 00:00:00+00:00
[2025-09-21T12:01:05.047+0000] {processor.py:183} INFO - Processing /home/airflow/.local/lib/python3.8/site-packages/airflow/example_dags/example_setup_teardown.py took 0.365 seconds
[2025-09-21T12:01:35.336+0000] {processor.py:161} INFO - Started process (PID=1825) to work on /home/airflow/.local/lib/python3.8/site-packages/airflow/example_dags/example_setup_teardown.py
[2025-09-21T12:01:35.342+0000] {processor.py:830} INFO - Processing file /home/airflow/.local/lib/python3.8/site-packages/airflow/example_dags/example_setup_teardown.py for tasks to queue
[2025-09-21T12:01:35.351+0000] {logging_mixin.py:188} INFO - [2025-09-21T12:01:35.349+0000] {dagbag.py:538} INFO - Filling up the DagBag from /home/airflow/.local/lib/python3.8/site-packages/airflow/example_dags/example_setup_teardown.py
[2025-09-21T12:01:35.385+0000] {processor.py:840} INFO - DAG(s) 'example_setup_teardown' retrieved from /home/airflow/.local/lib/python3.8/site-packages/airflow/example_dags/example_setup_teardown.py
[2025-09-21T12:01:35.443+0000] {logging_mixin.py:188} INFO - [2025-09-21T12:01:35.442+0000] {dag.py:3036} INFO - Sync 1 DAGs
[2025-09-21T12:01:35.510+0000] {logging_mixin.py:188} INFO - [2025-09-21T12:01:35.509+0000] {dag.py:3823} INFO - Setting next_dagrun for example_setup_teardown to 2025-09-20 00:00:00+00:00, run_after=2025-09-21 00:00:00+00:00
[2025-09-21T12:01:35.563+0000] {processor.py:183} INFO - Processing /home/airflow/.local/lib/python3.8/site-packages/airflow/example_dags/example_setup_teardown.py took 0.242 seconds
[2025-09-21T12:02:06.153+0000] {processor.py:161} INFO - Started process (PID=1883) to work on /home/airflow/.local/lib/python3.8/site-packages/airflow/example_dags/example_setup_teardown.py
[2025-09-21T12:02:06.156+0000] {processor.py:830} INFO - Processing file /home/airflow/.local/lib/python3.8/site-packages/airflow/example_dags/example_setup_teardown.py for tasks to queue
[2025-09-21T12:02:06.162+0000] {logging_mixin.py:188} INFO - [2025-09-21T12:02:06.161+0000] {dagbag.py:538} INFO - Filling up the DagBag from /home/airflow/.local/lib/python3.8/site-packages/airflow/example_dags/example_setup_teardown.py
[2025-09-21T12:02:06.183+0000] {processor.py:840} INFO - DAG(s) 'example_setup_teardown' retrieved from /home/airflow/.local/lib/python3.8/site-packages/airflow/example_dags/example_setup_teardown.py
[2025-09-21T12:02:06.236+0000] {logging_mixin.py:188} INFO - [2025-09-21T12:02:06.235+0000] {dag.py:3036} INFO - Sync 1 DAGs
[2025-09-21T12:02:06.308+0000] {logging_mixin.py:188} INFO - [2025-09-21T12:02:06.307+0000] {dag.py:3823} INFO - Setting next_dagrun for example_setup_teardown to 2025-09-20 00:00:00+00:00, run_after=2025-09-21 00:00:00+00:00
[2025-09-21T12:02:06.369+0000] {processor.py:183} INFO - Processing /home/airflow/.local/lib/python3.8/site-packages/airflow/example_dags/example_setup_teardown.py took 0.224 seconds
[2025-09-21T12:02:36.855+0000] {processor.py:161} INFO - Started process (PID=1941) to work on /home/airflow/.local/lib/python3.8/site-packages/airflow/example_dags/example_setup_teardown.py
[2025-09-21T12:02:36.863+0000] {processor.py:830} INFO - Processing file /home/airflow/.local/lib/python3.8/site-packages/airflow/example_dags/example_setup_teardown.py for tasks to queue
[2025-09-21T12:02:36.868+0000] {logging_mixin.py:188} INFO - [2025-09-21T12:02:36.867+0000] {dagbag.py:538} INFO - Filling up the DagBag from /home/airflow/.local/lib/python3.8/site-packages/airflow/example_dags/example_setup_teardown.py
[2025-09-21T12:02:36.881+0000] {processor.py:840} INFO - DAG(s) 'example_setup_teardown' retrieved from /home/airflow/.local/lib/python3.8/site-packages/airflow/example_dags/example_setup_teardown.py
[2025-09-21T12:02:36.925+0000] {logging_mixin.py:188} INFO - [2025-09-21T12:02:36.925+0000] {dag.py:3036} INFO - Sync 1 DAGs
[2025-09-21T12:02:36.974+0000] {logging_mixin.py:188} INFO - [2025-09-21T12:02:36.974+0000] {dag.py:3823} INFO - Setting next_dagrun for example_setup_teardown to 2025-09-20 00:00:00+00:00, run_after=2025-09-21 00:00:00+00:00
[2025-09-21T12:02:37.012+0000] {processor.py:183} INFO - Processing /home/airflow/.local/lib/python3.8/site-packages/airflow/example_dags/example_setup_teardown.py took 0.165 seconds
[2025-09-21T12:03:07.390+0000] {processor.py:161} INFO - Started process (PID=1999) to work on /home/airflow/.local/lib/python3.8/site-packages/airflow/example_dags/example_setup_teardown.py
[2025-09-21T12:03:07.399+0000] {processor.py:830} INFO - Processing file /home/airflow/.local/lib/python3.8/site-packages/airflow/example_dags/example_setup_teardown.py for tasks to queue
[2025-09-21T12:03:07.405+0000] {logging_mixin.py:188} INFO - [2025-09-21T12:03:07.404+0000] {dagbag.py:538} INFO - Filling up the DagBag from /home/airflow/.local/lib/python3.8/site-packages/airflow/example_dags/example_setup_teardown.py
[2025-09-21T12:03:07.430+0000] {processor.py:840} INFO - DAG(s) 'example_setup_teardown' retrieved from /home/airflow/.local/lib/python3.8/site-packages/airflow/example_dags/example_setup_teardown.py
[2025-09-21T12:03:07.504+0000] {logging_mixin.py:188} INFO - [2025-09-21T12:03:07.503+0000] {dag.py:3036} INFO - Sync 1 DAGs
[2025-09-21T12:03:07.605+0000] {logging_mixin.py:188} INFO - [2025-09-21T12:03:07.604+0000] {dag.py:3823} INFO - Setting next_dagrun for example_setup_teardown to 2025-09-20 00:00:00+00:00, run_after=2025-09-21 00:00:00+00:00
[2025-09-21T12:03:07.662+0000] {processor.py:183} INFO - Processing /home/airflow/.local/lib/python3.8/site-packages/airflow/example_dags/example_setup_teardown.py took 0.279 seconds
[2025-09-21T12:03:38.063+0000] {processor.py:161} INFO - Started process (PID=2057) to work on /home/airflow/.local/lib/python3.8/site-packages/airflow/example_dags/example_setup_teardown.py
[2025-09-21T12:03:38.067+0000] {processor.py:830} INFO - Processing file /home/airflow/.local/lib/python3.8/site-packages/airflow/example_dags/example_setup_teardown.py for tasks to queue
[2025-09-21T12:03:38.073+0000] {logging_mixin.py:188} INFO - [2025-09-21T12:03:38.072+0000] {dagbag.py:538} INFO - Filling up the DagBag from /home/airflow/.local/lib/python3.8/site-packages/airflow/example_dags/example_setup_teardown.py
[2025-09-21T12:03:38.095+0000] {processor.py:840} INFO - DAG(s) 'example_setup_teardown' retrieved from /home/airflow/.local/lib/python3.8/site-packages/airflow/example_dags/example_setup_teardown.py
[2025-09-21T12:03:38.151+0000] {logging_mixin.py:188} INFO - [2025-09-21T12:03:38.150+0000] {dag.py:3036} INFO - Sync 1 DAGs
[2025-09-21T12:03:38.217+0000] {logging_mixin.py:188} INFO - [2025-09-21T12:03:38.217+0000] {dag.py:3823} INFO - Setting next_dagrun for example_setup_teardown to 2025-09-20 00:00:00+00:00, run_after=2025-09-21 00:00:00+00:00
[2025-09-21T12:03:38.262+0000] {processor.py:183} INFO - Processing /home/airflow/.local/lib/python3.8/site-packages/airflow/example_dags/example_setup_teardown.py took 0.209 seconds
[2025-09-21T12:04:09.303+0000] {processor.py:161} INFO - Started process (PID=2115) to work on /home/airflow/.local/lib/python3.8/site-packages/airflow/example_dags/example_setup_teardown.py
[2025-09-21T12:04:09.306+0000] {processor.py:830} INFO - Processing file /home/airflow/.local/lib/python3.8/site-packages/airflow/example_dags/example_setup_teardown.py for tasks to queue
[2025-09-21T12:04:09.310+0000] {logging_mixin.py:188} INFO - [2025-09-21T12:04:09.309+0000] {dagbag.py:538} INFO - Filling up the DagBag from /home/airflow/.local/lib/python3.8/site-packages/airflow/example_dags/example_setup_teardown.py
[2025-09-21T12:04:09.322+0000] {processor.py:840} INFO - DAG(s) 'example_setup_teardown' retrieved from /home/airflow/.local/lib/python3.8/site-packages/airflow/example_dags/example_setup_teardown.py
[2025-09-21T12:04:09.364+0000] {logging_mixin.py:188} INFO - [2025-09-21T12:04:09.363+0000] {dag.py:3036} INFO - Sync 1 DAGs
[2025-09-21T12:04:09.429+0000] {logging_mixin.py:188} INFO - [2025-09-21T12:04:09.428+0000] {dag.py:3823} INFO - Setting next_dagrun for example_setup_teardown to 2025-09-20 00:00:00+00:00, run_after=2025-09-21 00:00:00+00:00
[2025-09-21T12:04:09.477+0000] {processor.py:183} INFO - Processing /home/airflow/.local/lib/python3.8/site-packages/airflow/example_dags/example_setup_teardown.py took 0.183 seconds
[2025-09-21T12:04:39.833+0000] {processor.py:161} INFO - Started process (PID=2173) to work on /home/airflow/.local/lib/python3.8/site-packages/airflow/example_dags/example_setup_teardown.py
[2025-09-21T12:04:39.835+0000] {processor.py:830} INFO - Processing file /home/airflow/.local/lib/python3.8/site-packages/airflow/example_dags/example_setup_teardown.py for tasks to queue
[2025-09-21T12:04:39.838+0000] {logging_mixin.py:188} INFO - [2025-09-21T12:04:39.838+0000] {dagbag.py:538} INFO - Filling up the DagBag from /home/airflow/.local/lib/python3.8/site-packages/airflow/example_dags/example_setup_teardown.py
[2025-09-21T12:04:39.851+0000] {processor.py:840} INFO - DAG(s) 'example_setup_teardown' retrieved from /home/airflow/.local/lib/python3.8/site-packages/airflow/example_dags/example_setup_teardown.py
[2025-09-21T12:04:39.890+0000] {logging_mixin.py:188} INFO - [2025-09-21T12:04:39.889+0000] {dag.py:3036} INFO - Sync 1 DAGs
[2025-09-21T12:04:39.931+0000] {logging_mixin.py:188} INFO - [2025-09-21T12:04:39.930+0000] {dag.py:3823} INFO - Setting next_dagrun for example_setup_teardown to 2025-09-20 00:00:00+00:00, run_after=2025-09-21 00:00:00+00:00
[2025-09-21T12:04:39.980+0000] {processor.py:183} INFO - Processing /home/airflow/.local/lib/python3.8/site-packages/airflow/example_dags/example_setup_teardown.py took 0.153 seconds
[2025-09-21T12:05:10.651+0000] {processor.py:161} INFO - Started process (PID=2231) to work on /home/airflow/.local/lib/python3.8/site-packages/airflow/example_dags/example_setup_teardown.py
[2025-09-21T12:05:10.655+0000] {processor.py:830} INFO - Processing file /home/airflow/.local/lib/python3.8/site-packages/airflow/example_dags/example_setup_teardown.py for tasks to queue
[2025-09-21T12:05:10.659+0000] {logging_mixin.py:188} INFO - [2025-09-21T12:05:10.659+0000] {dagbag.py:538} INFO - Filling up the DagBag from /home/airflow/.local/lib/python3.8/site-packages/airflow/example_dags/example_setup_teardown.py
[2025-09-21T12:05:10.681+0000] {processor.py:840} INFO - DAG(s) 'example_setup_teardown' retrieved from /home/airflow/.local/lib/python3.8/site-packages/airflow/example_dags/example_setup_teardown.py
[2025-09-21T12:05:10.741+0000] {logging_mixin.py:188} INFO - [2025-09-21T12:05:10.740+0000] {dag.py:3036} INFO - Sync 1 DAGs
[2025-09-21T12:05:10.808+0000] {logging_mixin.py:188} INFO - [2025-09-21T12:05:10.807+0000] {dag.py:3823} INFO - Setting next_dagrun for example_setup_teardown to 2025-09-20 00:00:00+00:00, run_after=2025-09-21 00:00:00+00:00
[2025-09-21T12:05:10.863+0000] {processor.py:183} INFO - Processing /home/airflow/.local/lib/python3.8/site-packages/airflow/example_dags/example_setup_teardown.py took 0.222 seconds
[2025-09-21T12:05:41.158+0000] {processor.py:161} INFO - Started process (PID=2289) to work on /home/airflow/.local/lib/python3.8/site-packages/airflow/example_dags/example_setup_teardown.py
[2025-09-21T12:05:41.161+0000] {processor.py:830} INFO - Processing file /home/airflow/.local/lib/python3.8/site-packages/airflow/example_dags/example_setup_teardown.py for tasks to queue
[2025-09-21T12:05:41.166+0000] {logging_mixin.py:188} INFO - [2025-09-21T12:05:41.165+0000] {dagbag.py:538} INFO - Filling up the DagBag from /home/airflow/.local/lib/python3.8/site-packages/airflow/example_dags/example_setup_teardown.py
[2025-09-21T12:05:41.187+0000] {processor.py:840} INFO - DAG(s) 'example_setup_teardown' retrieved from /home/airflow/.local/lib/python3.8/site-packages/airflow/example_dags/example_setup_teardown.py
[2025-09-21T12:05:41.249+0000] {logging_mixin.py:188} INFO - [2025-09-21T12:05:41.248+0000] {dag.py:3036} INFO - Sync 1 DAGs
[2025-09-21T12:05:41.310+0000] {logging_mixin.py:188} INFO - [2025-09-21T12:05:41.309+0000] {dag.py:3823} INFO - Setting next_dagrun for example_setup_teardown to 2025-09-20 00:00:00+00:00, run_after=2025-09-21 00:00:00+00:00
[2025-09-21T12:05:41.351+0000] {processor.py:183} INFO - Processing /home/airflow/.local/lib/python3.8/site-packages/airflow/example_dags/example_setup_teardown.py took 0.201 seconds
[2025-09-21T12:06:11.860+0000] {processor.py:161} INFO - Started process (PID=2347) to work on /home/airflow/.local/lib/python3.8/site-packages/airflow/example_dags/example_setup_teardown.py
[2025-09-21T12:06:11.863+0000] {processor.py:830} INFO - Processing file /home/airflow/.local/lib/python3.8/site-packages/airflow/example_dags/example_setup_teardown.py for tasks to queue
[2025-09-21T12:06:11.868+0000] {logging_mixin.py:188} INFO - [2025-09-21T12:06:11.867+0000] {dagbag.py:538} INFO - Filling up the DagBag from /home/airflow/.local/lib/python3.8/site-packages/airflow/example_dags/example_setup_teardown.py
[2025-09-21T12:06:11.883+0000] {processor.py:840} INFO - DAG(s) 'example_setup_teardown' retrieved from /home/airflow/.local/lib/python3.8/site-packages/airflow/example_dags/example_setup_teardown.py
[2025-09-21T12:06:11.938+0000] {logging_mixin.py:188} INFO - [2025-09-21T12:06:11.937+0000] {dag.py:3036} INFO - Sync 1 DAGs
[2025-09-21T12:06:11.994+0000] {logging_mixin.py:188} INFO - [2025-09-21T12:06:11.993+0000] {dag.py:3823} INFO - Setting next_dagrun for example_setup_teardown to 2025-09-20 00:00:00+00:00, run_after=2025-09-21 00:00:00+00:00
[2025-09-21T12:06:12.030+0000] {processor.py:183} INFO - Processing /home/airflow/.local/lib/python3.8/site-packages/airflow/example_dags/example_setup_teardown.py took 0.178 seconds
[2025-09-21T12:06:42.695+0000] {processor.py:161} INFO - Started process (PID=2405) to work on /home/airflow/.local/lib/python3.8/site-packages/airflow/example_dags/example_setup_teardown.py
[2025-09-21T12:06:42.699+0000] {processor.py:830} INFO - Processing file /home/airflow/.local/lib/python3.8/site-packages/airflow/example_dags/example_setup_teardown.py for tasks to queue
[2025-09-21T12:06:42.707+0000] {logging_mixin.py:188} INFO - [2025-09-21T12:06:42.706+0000] {dagbag.py:538} INFO - Filling up the DagBag from /home/airflow/.local/lib/python3.8/site-packages/airflow/example_dags/example_setup_teardown.py
[2025-09-21T12:06:42.736+0000] {processor.py:840} INFO - DAG(s) 'example_setup_teardown' retrieved from /home/airflow/.local/lib/python3.8/site-packages/airflow/example_dags/example_setup_teardown.py
[2025-09-21T12:06:42.832+0000] {logging_mixin.py:188} INFO - [2025-09-21T12:06:42.831+0000] {dag.py:3036} INFO - Sync 1 DAGs
[2025-09-21T12:06:42.893+0000] {logging_mixin.py:188} INFO - [2025-09-21T12:06:42.893+0000] {dag.py:3823} INFO - Setting next_dagrun for example_setup_teardown to 2025-09-20 00:00:00+00:00, run_after=2025-09-21 00:00:00+00:00
[2025-09-21T12:06:42.944+0000] {processor.py:183} INFO - Processing /home/airflow/.local/lib/python3.8/site-packages/airflow/example_dags/example_setup_teardown.py took 0.263 seconds
[2025-09-21T12:07:13.319+0000] {processor.py:161} INFO - Started process (PID=2464) to work on /home/airflow/.local/lib/python3.8/site-packages/airflow/example_dags/example_setup_teardown.py
[2025-09-21T12:07:13.322+0000] {processor.py:830} INFO - Processing file /home/airflow/.local/lib/python3.8/site-packages/airflow/example_dags/example_setup_teardown.py for tasks to queue
[2025-09-21T12:07:13.328+0000] {logging_mixin.py:188} INFO - [2025-09-21T12:07:13.327+0000] {dagbag.py:538} INFO - Filling up the DagBag from /home/airflow/.local/lib/python3.8/site-packages/airflow/example_dags/example_setup_teardown.py
[2025-09-21T12:07:13.356+0000] {processor.py:840} INFO - DAG(s) 'example_setup_teardown' retrieved from /home/airflow/.local/lib/python3.8/site-packages/airflow/example_dags/example_setup_teardown.py
[2025-09-21T12:07:13.415+0000] {logging_mixin.py:188} INFO - [2025-09-21T12:07:13.414+0000] {dag.py:3036} INFO - Sync 1 DAGs
[2025-09-21T12:07:13.462+0000] {logging_mixin.py:188} INFO - [2025-09-21T12:07:13.462+0000] {dag.py:3823} INFO - Setting next_dagrun for example_setup_teardown to 2025-09-20 00:00:00+00:00, run_after=2025-09-21 00:00:00+00:00
[2025-09-21T12:07:13.502+0000] {processor.py:183} INFO - Processing /home/airflow/.local/lib/python3.8/site-packages/airflow/example_dags/example_setup_teardown.py took 0.196 seconds
[2025-09-21T12:07:43.866+0000] {processor.py:161} INFO - Started process (PID=2522) to work on /home/airflow/.local/lib/python3.8/site-packages/airflow/example_dags/example_setup_teardown.py
[2025-09-21T12:07:43.870+0000] {processor.py:830} INFO - Processing file /home/airflow/.local/lib/python3.8/site-packages/airflow/example_dags/example_setup_teardown.py for tasks to queue
[2025-09-21T12:07:43.877+0000] {logging_mixin.py:188} INFO - [2025-09-21T12:07:43.876+0000] {dagbag.py:538} INFO - Filling up the DagBag from /home/airflow/.local/lib/python3.8/site-packages/airflow/example_dags/example_setup_teardown.py
[2025-09-21T12:07:43.905+0000] {processor.py:840} INFO - DAG(s) 'example_setup_teardown' retrieved from /home/airflow/.local/lib/python3.8/site-packages/airflow/example_dags/example_setup_teardown.py
[2025-09-21T12:07:44.005+0000] {logging_mixin.py:188} INFO - [2025-09-21T12:07:44.004+0000] {dag.py:3036} INFO - Sync 1 DAGs
[2025-09-21T12:07:44.110+0000] {logging_mixin.py:188} INFO - [2025-09-21T12:07:44.110+0000] {dag.py:3823} INFO - Setting next_dagrun for example_setup_teardown to 2025-09-20 00:00:00+00:00, run_after=2025-09-21 00:00:00+00:00
[2025-09-21T12:07:44.187+0000] {processor.py:183} INFO - Processing /home/airflow/.local/lib/python3.8/site-packages/airflow/example_dags/example_setup_teardown.py took 0.334 seconds
[2025-09-21T12:08:14.594+0000] {processor.py:161} INFO - Started process (PID=2580) to work on /home/airflow/.local/lib/python3.8/site-packages/airflow/example_dags/example_setup_teardown.py
[2025-09-21T12:08:14.599+0000] {processor.py:830} INFO - Processing file /home/airflow/.local/lib/python3.8/site-packages/airflow/example_dags/example_setup_teardown.py for tasks to queue
[2025-09-21T12:08:14.607+0000] {logging_mixin.py:188} INFO - [2025-09-21T12:08:14.606+0000] {dagbag.py:538} INFO - Filling up the DagBag from /home/airflow/.local/lib/python3.8/site-packages/airflow/example_dags/example_setup_teardown.py
[2025-09-21T12:08:14.636+0000] {processor.py:840} INFO - DAG(s) 'example_setup_teardown' retrieved from /home/airflow/.local/lib/python3.8/site-packages/airflow/example_dags/example_setup_teardown.py
[2025-09-21T12:08:14.733+0000] {logging_mixin.py:188} INFO - [2025-09-21T12:08:14.732+0000] {dag.py:3036} INFO - Sync 1 DAGs
[2025-09-21T12:08:14.833+0000] {logging_mixin.py:188} INFO - [2025-09-21T12:08:14.832+0000] {dag.py:3823} INFO - Setting next_dagrun for example_setup_teardown to 2025-09-20 00:00:00+00:00, run_after=2025-09-21 00:00:00+00:00
[2025-09-21T12:08:14.906+0000] {processor.py:183} INFO - Processing /home/airflow/.local/lib/python3.8/site-packages/airflow/example_dags/example_setup_teardown.py took 0.325 seconds
[2025-09-21T12:08:45.192+0000] {processor.py:161} INFO - Started process (PID=2638) to work on /home/airflow/.local/lib/python3.8/site-packages/airflow/example_dags/example_setup_teardown.py
[2025-09-21T12:08:45.194+0000] {processor.py:830} INFO - Processing file /home/airflow/.local/lib/python3.8/site-packages/airflow/example_dags/example_setup_teardown.py for tasks to queue
[2025-09-21T12:08:45.199+0000] {logging_mixin.py:188} INFO - [2025-09-21T12:08:45.198+0000] {dagbag.py:538} INFO - Filling up the DagBag from /home/airflow/.local/lib/python3.8/site-packages/airflow/example_dags/example_setup_teardown.py
[2025-09-21T12:08:45.215+0000] {processor.py:840} INFO - DAG(s) 'example_setup_teardown' retrieved from /home/airflow/.local/lib/python3.8/site-packages/airflow/example_dags/example_setup_teardown.py
[2025-09-21T12:08:45.266+0000] {logging_mixin.py:188} INFO - [2025-09-21T12:08:45.266+0000] {dag.py:3036} INFO - Sync 1 DAGs
[2025-09-21T12:08:45.322+0000] {logging_mixin.py:188} INFO - [2025-09-21T12:08:45.321+0000] {dag.py:3823} INFO - Setting next_dagrun for example_setup_teardown to 2025-09-20 00:00:00+00:00, run_after=2025-09-21 00:00:00+00:00
[2025-09-21T12:08:45.377+0000] {processor.py:183} INFO - Processing /home/airflow/.local/lib/python3.8/site-packages/airflow/example_dags/example_setup_teardown.py took 0.193 seconds
[2025-09-21T12:09:15.548+0000] {processor.py:161} INFO - Started process (PID=2696) to work on /home/airflow/.local/lib/python3.8/site-packages/airflow/example_dags/example_setup_teardown.py
[2025-09-21T12:09:15.551+0000] {processor.py:830} INFO - Processing file /home/airflow/.local/lib/python3.8/site-packages/airflow/example_dags/example_setup_teardown.py for tasks to queue
[2025-09-21T12:09:15.556+0000] {logging_mixin.py:188} INFO - [2025-09-21T12:09:15.555+0000] {dagbag.py:538} INFO - Filling up the DagBag from /home/airflow/.local/lib/python3.8/site-packages/airflow/example_dags/example_setup_teardown.py
[2025-09-21T12:09:15.576+0000] {processor.py:840} INFO - DAG(s) 'example_setup_teardown' retrieved from /home/airflow/.local/lib/python3.8/site-packages/airflow/example_dags/example_setup_teardown.py
[2025-09-21T12:09:15.636+0000] {logging_mixin.py:188} INFO - [2025-09-21T12:09:15.636+0000] {dag.py:3036} INFO - Sync 1 DAGs
[2025-09-21T12:09:15.709+0000] {logging_mixin.py:188} INFO - [2025-09-21T12:09:15.708+0000] {dag.py:3823} INFO - Setting next_dagrun for example_setup_teardown to 2025-09-20 00:00:00+00:00, run_after=2025-09-21 00:00:00+00:00
[2025-09-21T12:09:15.768+0000] {processor.py:183} INFO - Processing /home/airflow/.local/lib/python3.8/site-packages/airflow/example_dags/example_setup_teardown.py took 0.228 seconds
[2025-09-21T12:09:46.288+0000] {processor.py:161} INFO - Started process (PID=2753) to work on /home/airflow/.local/lib/python3.8/site-packages/airflow/example_dags/example_setup_teardown.py
[2025-09-21T12:09:46.291+0000] {processor.py:830} INFO - Processing file /home/airflow/.local/lib/python3.8/site-packages/airflow/example_dags/example_setup_teardown.py for tasks to queue
[2025-09-21T12:09:46.296+0000] {logging_mixin.py:188} INFO - [2025-09-21T12:09:46.296+0000] {dagbag.py:538} INFO - Filling up the DagBag from /home/airflow/.local/lib/python3.8/site-packages/airflow/example_dags/example_setup_teardown.py
[2025-09-21T12:09:46.312+0000] {processor.py:840} INFO - DAG(s) 'example_setup_teardown' retrieved from /home/airflow/.local/lib/python3.8/site-packages/airflow/example_dags/example_setup_teardown.py
[2025-09-21T12:09:46.355+0000] {logging_mixin.py:188} INFO - [2025-09-21T12:09:46.354+0000] {dag.py:3036} INFO - Sync 1 DAGs
[2025-09-21T12:09:46.404+0000] {logging_mixin.py:188} INFO - [2025-09-21T12:09:46.404+0000] {dag.py:3823} INFO - Setting next_dagrun for example_setup_teardown to 2025-09-20 00:00:00+00:00, run_after=2025-09-21 00:00:00+00:00
[2025-09-21T12:09:46.448+0000] {processor.py:183} INFO - Processing /home/airflow/.local/lib/python3.8/site-packages/airflow/example_dags/example_setup_teardown.py took 0.167 seconds
[2025-09-21T12:10:17.311+0000] {processor.py:161} INFO - Started process (PID=2811) to work on /home/airflow/.local/lib/python3.8/site-packages/airflow/example_dags/example_setup_teardown.py
[2025-09-21T12:10:17.314+0000] {processor.py:830} INFO - Processing file /home/airflow/.local/lib/python3.8/site-packages/airflow/example_dags/example_setup_teardown.py for tasks to queue
[2025-09-21T12:10:17.321+0000] {logging_mixin.py:188} INFO - [2025-09-21T12:10:17.320+0000] {dagbag.py:538} INFO - Filling up the DagBag from /home/airflow/.local/lib/python3.8/site-packages/airflow/example_dags/example_setup_teardown.py
[2025-09-21T12:10:17.346+0000] {processor.py:840} INFO - DAG(s) 'example_setup_teardown' retrieved from /home/airflow/.local/lib/python3.8/site-packages/airflow/example_dags/example_setup_teardown.py
[2025-09-21T12:10:17.420+0000] {logging_mixin.py:188} INFO - [2025-09-21T12:10:17.419+0000] {dag.py:3036} INFO - Sync 1 DAGs
[2025-09-21T12:10:17.523+0000] {logging_mixin.py:188} INFO - [2025-09-21T12:10:17.522+0000] {dag.py:3823} INFO - Setting next_dagrun for example_setup_teardown to 2025-09-20 00:00:00+00:00, run_after=2025-09-21 00:00:00+00:00
[2025-09-21T12:10:17.590+0000] {processor.py:183} INFO - Processing /home/airflow/.local/lib/python3.8/site-packages/airflow/example_dags/example_setup_teardown.py took 0.291 seconds
[2025-09-21T12:10:48.225+0000] {processor.py:161} INFO - Started process (PID=2869) to work on /home/airflow/.local/lib/python3.8/site-packages/airflow/example_dags/example_setup_teardown.py
[2025-09-21T12:10:48.227+0000] {processor.py:830} INFO - Processing file /home/airflow/.local/lib/python3.8/site-packages/airflow/example_dags/example_setup_teardown.py for tasks to queue
[2025-09-21T12:10:48.231+0000] {logging_mixin.py:188} INFO - [2025-09-21T12:10:48.230+0000] {dagbag.py:538} INFO - Filling up the DagBag from /home/airflow/.local/lib/python3.8/site-packages/airflow/example_dags/example_setup_teardown.py
[2025-09-21T12:10:48.245+0000] {processor.py:840} INFO - DAG(s) 'example_setup_teardown' retrieved from /home/airflow/.local/lib/python3.8/site-packages/airflow/example_dags/example_setup_teardown.py
[2025-09-21T12:10:48.292+0000] {logging_mixin.py:188} INFO - [2025-09-21T12:10:48.291+0000] {dag.py:3036} INFO - Sync 1 DAGs
[2025-09-21T12:10:48.347+0000] {logging_mixin.py:188} INFO - [2025-09-21T12:10:48.346+0000] {dag.py:3823} INFO - Setting next_dagrun for example_setup_teardown to 2025-09-20 00:00:00+00:00, run_after=2025-09-21 00:00:00+00:00
[2025-09-21T12:10:48.387+0000] {processor.py:183} INFO - Processing /home/airflow/.local/lib/python3.8/site-packages/airflow/example_dags/example_setup_teardown.py took 0.169 seconds
[2025-09-21T12:11:18.584+0000] {processor.py:161} INFO - Started process (PID=2925) to work on /home/airflow/.local/lib/python3.8/site-packages/airflow/example_dags/example_setup_teardown.py
[2025-09-21T12:11:18.586+0000] {processor.py:830} INFO - Processing file /home/airflow/.local/lib/python3.8/site-packages/airflow/example_dags/example_setup_teardown.py for tasks to queue
[2025-09-21T12:11:18.589+0000] {logging_mixin.py:188} INFO - [2025-09-21T12:11:18.588+0000] {dagbag.py:538} INFO - Filling up the DagBag from /home/airflow/.local/lib/python3.8/site-packages/airflow/example_dags/example_setup_teardown.py
[2025-09-21T12:11:18.605+0000] {processor.py:840} INFO - DAG(s) 'example_setup_teardown' retrieved from /home/airflow/.local/lib/python3.8/site-packages/airflow/example_dags/example_setup_teardown.py
[2025-09-21T12:11:18.645+0000] {logging_mixin.py:188} INFO - [2025-09-21T12:11:18.645+0000] {dag.py:3036} INFO - Sync 1 DAGs
[2025-09-21T12:11:18.700+0000] {logging_mixin.py:188} INFO - [2025-09-21T12:11:18.700+0000] {dag.py:3823} INFO - Setting next_dagrun for example_setup_teardown to 2025-09-20 00:00:00+00:00, run_after=2025-09-21 00:00:00+00:00
[2025-09-21T12:11:18.752+0000] {processor.py:183} INFO - Processing /home/airflow/.local/lib/python3.8/site-packages/airflow/example_dags/example_setup_teardown.py took 0.174 seconds
[2025-09-21T12:11:48.830+0000] {processor.py:161} INFO - Started process (PID=2983) to work on /home/airflow/.local/lib/python3.8/site-packages/airflow/example_dags/example_setup_teardown.py
[2025-09-21T12:11:48.832+0000] {processor.py:830} INFO - Processing file /home/airflow/.local/lib/python3.8/site-packages/airflow/example_dags/example_setup_teardown.py for tasks to queue
[2025-09-21T12:11:48.837+0000] {logging_mixin.py:188} INFO - [2025-09-21T12:11:48.836+0000] {dagbag.py:538} INFO - Filling up the DagBag from /home/airflow/.local/lib/python3.8/site-packages/airflow/example_dags/example_setup_teardown.py
[2025-09-21T12:11:48.852+0000] {processor.py:840} INFO - DAG(s) 'example_setup_teardown' retrieved from /home/airflow/.local/lib/python3.8/site-packages/airflow/example_dags/example_setup_teardown.py
[2025-09-21T12:11:48.897+0000] {logging_mixin.py:188} INFO - [2025-09-21T12:11:48.896+0000] {dag.py:3036} INFO - Sync 1 DAGs
[2025-09-21T12:11:48.954+0000] {logging_mixin.py:188} INFO - [2025-09-21T12:11:48.953+0000] {dag.py:3823} INFO - Setting next_dagrun for example_setup_teardown to 2025-09-20 00:00:00+00:00, run_after=2025-09-21 00:00:00+00:00
[2025-09-21T12:11:49.023+0000] {processor.py:183} INFO - Processing /home/airflow/.local/lib/python3.8/site-packages/airflow/example_dags/example_setup_teardown.py took 0.200 seconds
[2025-09-21T12:12:19.846+0000] {processor.py:161} INFO - Started process (PID=3041) to work on /home/airflow/.local/lib/python3.8/site-packages/airflow/example_dags/example_setup_teardown.py
[2025-09-21T12:12:19.848+0000] {processor.py:830} INFO - Processing file /home/airflow/.local/lib/python3.8/site-packages/airflow/example_dags/example_setup_teardown.py for tasks to queue
[2025-09-21T12:12:19.854+0000] {logging_mixin.py:188} INFO - [2025-09-21T12:12:19.853+0000] {dagbag.py:538} INFO - Filling up the DagBag from /home/airflow/.local/lib/python3.8/site-packages/airflow/example_dags/example_setup_teardown.py
[2025-09-21T12:12:19.870+0000] {processor.py:840} INFO - DAG(s) 'example_setup_teardown' retrieved from /home/airflow/.local/lib/python3.8/site-packages/airflow/example_dags/example_setup_teardown.py
[2025-09-21T12:12:19.921+0000] {logging_mixin.py:188} INFO - [2025-09-21T12:12:19.921+0000] {dag.py:3036} INFO - Sync 1 DAGs
[2025-09-21T12:12:19.967+0000] {logging_mixin.py:188} INFO - [2025-09-21T12:12:19.967+0000] {dag.py:3823} INFO - Setting next_dagrun for example_setup_teardown to 2025-09-20 00:00:00+00:00, run_after=2025-09-21 00:00:00+00:00
[2025-09-21T12:12:20.016+0000] {processor.py:183} INFO - Processing /home/airflow/.local/lib/python3.8/site-packages/airflow/example_dags/example_setup_teardown.py took 0.177 seconds
[2025-09-21T12:12:50.452+0000] {processor.py:161} INFO - Started process (PID=3099) to work on /home/airflow/.local/lib/python3.8/site-packages/airflow/example_dags/example_setup_teardown.py
[2025-09-21T12:12:50.457+0000] {processor.py:830} INFO - Processing file /home/airflow/.local/lib/python3.8/site-packages/airflow/example_dags/example_setup_teardown.py for tasks to queue
[2025-09-21T12:12:50.465+0000] {logging_mixin.py:188} INFO - [2025-09-21T12:12:50.464+0000] {dagbag.py:538} INFO - Filling up the DagBag from /home/airflow/.local/lib/python3.8/site-packages/airflow/example_dags/example_setup_teardown.py
[2025-09-21T12:12:50.502+0000] {processor.py:840} INFO - DAG(s) 'example_setup_teardown' retrieved from /home/airflow/.local/lib/python3.8/site-packages/airflow/example_dags/example_setup_teardown.py
[2025-09-21T12:12:50.597+0000] {logging_mixin.py:188} INFO - [2025-09-21T12:12:50.596+0000] {dag.py:3036} INFO - Sync 1 DAGs
[2025-09-21T12:12:50.699+0000] {logging_mixin.py:188} INFO - [2025-09-21T12:12:50.698+0000] {dag.py:3823} INFO - Setting next_dagrun for example_setup_teardown to 2025-09-20 00:00:00+00:00, run_after=2025-09-21 00:00:00+00:00
[2025-09-21T12:12:50.782+0000] {processor.py:183} INFO - Processing /home/airflow/.local/lib/python3.8/site-packages/airflow/example_dags/example_setup_teardown.py took 0.344 seconds
[2025-09-21T12:13:21.331+0000] {processor.py:161} INFO - Started process (PID=3157) to work on /home/airflow/.local/lib/python3.8/site-packages/airflow/example_dags/example_setup_teardown.py
[2025-09-21T12:13:21.333+0000] {processor.py:830} INFO - Processing file /home/airflow/.local/lib/python3.8/site-packages/airflow/example_dags/example_setup_teardown.py for tasks to queue
[2025-09-21T12:13:21.337+0000] {logging_mixin.py:188} INFO - [2025-09-21T12:13:21.336+0000] {dagbag.py:538} INFO - Filling up the DagBag from /home/airflow/.local/lib/python3.8/site-packages/airflow/example_dags/example_setup_teardown.py
[2025-09-21T12:13:21.353+0000] {processor.py:840} INFO - DAG(s) 'example_setup_teardown' retrieved from /home/airflow/.local/lib/python3.8/site-packages/airflow/example_dags/example_setup_teardown.py
[2025-09-21T12:13:21.392+0000] {logging_mixin.py:188} INFO - [2025-09-21T12:13:21.392+0000] {dag.py:3036} INFO - Sync 1 DAGs
[2025-09-21T12:13:21.442+0000] {logging_mixin.py:188} INFO - [2025-09-21T12:13:21.441+0000] {dag.py:3823} INFO - Setting next_dagrun for example_setup_teardown to 2025-09-20 00:00:00+00:00, run_after=2025-09-21 00:00:00+00:00
[2025-09-21T12:13:21.487+0000] {processor.py:183} INFO - Processing /home/airflow/.local/lib/python3.8/site-packages/airflow/example_dags/example_setup_teardown.py took 0.163 seconds
[2025-09-21T12:13:52.589+0000] {processor.py:161} INFO - Started process (PID=3215) to work on /home/airflow/.local/lib/python3.8/site-packages/airflow/example_dags/example_setup_teardown.py
[2025-09-21T12:13:52.592+0000] {processor.py:830} INFO - Processing file /home/airflow/.local/lib/python3.8/site-packages/airflow/example_dags/example_setup_teardown.py for tasks to queue
[2025-09-21T12:13:52.597+0000] {logging_mixin.py:188} INFO - [2025-09-21T12:13:52.596+0000] {dagbag.py:538} INFO - Filling up the DagBag from /home/airflow/.local/lib/python3.8/site-packages/airflow/example_dags/example_setup_teardown.py
[2025-09-21T12:13:52.614+0000] {processor.py:840} INFO - DAG(s) 'example_setup_teardown' retrieved from /home/airflow/.local/lib/python3.8/site-packages/airflow/example_dags/example_setup_teardown.py
[2025-09-21T12:13:52.669+0000] {logging_mixin.py:188} INFO - [2025-09-21T12:13:52.668+0000] {dag.py:3036} INFO - Sync 1 DAGs
[2025-09-21T12:13:52.737+0000] {logging_mixin.py:188} INFO - [2025-09-21T12:13:52.736+0000] {dag.py:3823} INFO - Setting next_dagrun for example_setup_teardown to 2025-09-20 00:00:00+00:00, run_after=2025-09-21 00:00:00+00:00
[2025-09-21T12:13:52.796+0000] {processor.py:183} INFO - Processing /home/airflow/.local/lib/python3.8/site-packages/airflow/example_dags/example_setup_teardown.py took 0.216 seconds
[2025-09-21T12:14:23.827+0000] {processor.py:161} INFO - Started process (PID=3273) to work on /home/airflow/.local/lib/python3.8/site-packages/airflow/example_dags/example_setup_teardown.py
[2025-09-21T12:14:23.830+0000] {processor.py:830} INFO - Processing file /home/airflow/.local/lib/python3.8/site-packages/airflow/example_dags/example_setup_teardown.py for tasks to queue
[2025-09-21T12:14:23.834+0000] {logging_mixin.py:188} INFO - [2025-09-21T12:14:23.833+0000] {dagbag.py:538} INFO - Filling up the DagBag from /home/airflow/.local/lib/python3.8/site-packages/airflow/example_dags/example_setup_teardown.py
[2025-09-21T12:14:23.851+0000] {processor.py:840} INFO - DAG(s) 'example_setup_teardown' retrieved from /home/airflow/.local/lib/python3.8/site-packages/airflow/example_dags/example_setup_teardown.py
[2025-09-21T12:14:23.897+0000] {logging_mixin.py:188} INFO - [2025-09-21T12:14:23.897+0000] {dag.py:3036} INFO - Sync 1 DAGs
[2025-09-21T12:14:23.947+0000] {logging_mixin.py:188} INFO - [2025-09-21T12:14:23.947+0000] {dag.py:3823} INFO - Setting next_dagrun for example_setup_teardown to 2025-09-20 00:00:00+00:00, run_after=2025-09-21 00:00:00+00:00
[2025-09-21T12:14:23.988+0000] {processor.py:183} INFO - Processing /home/airflow/.local/lib/python3.8/site-packages/airflow/example_dags/example_setup_teardown.py took 0.169 seconds
[2025-09-21T12:14:54.606+0000] {processor.py:161} INFO - Started process (PID=3331) to work on /home/airflow/.local/lib/python3.8/site-packages/airflow/example_dags/example_setup_teardown.py
[2025-09-21T12:14:54.610+0000] {processor.py:830} INFO - Processing file /home/airflow/.local/lib/python3.8/site-packages/airflow/example_dags/example_setup_teardown.py for tasks to queue
[2025-09-21T12:14:54.620+0000] {logging_mixin.py:188} INFO - [2025-09-21T12:14:54.619+0000] {dagbag.py:538} INFO - Filling up the DagBag from /home/airflow/.local/lib/python3.8/site-packages/airflow/example_dags/example_setup_teardown.py
[2025-09-21T12:14:54.668+0000] {processor.py:840} INFO - DAG(s) 'example_setup_teardown' retrieved from /home/airflow/.local/lib/python3.8/site-packages/airflow/example_dags/example_setup_teardown.py
[2025-09-21T12:14:54.731+0000] {logging_mixin.py:188} INFO - [2025-09-21T12:14:54.731+0000] {dag.py:3036} INFO - Sync 1 DAGs
[2025-09-21T12:14:54.773+0000] {logging_mixin.py:188} INFO - [2025-09-21T12:14:54.773+0000] {dag.py:3823} INFO - Setting next_dagrun for example_setup_teardown to 2025-09-20 00:00:00+00:00, run_after=2025-09-21 00:00:00+00:00
[2025-09-21T12:14:54.812+0000] {processor.py:183} INFO - Processing /home/airflow/.local/lib/python3.8/site-packages/airflow/example_dags/example_setup_teardown.py took 0.225 seconds
[2025-09-21T12:15:25.277+0000] {processor.py:161} INFO - Started process (PID=3389) to work on /home/airflow/.local/lib/python3.8/site-packages/airflow/example_dags/example_setup_teardown.py
[2025-09-21T12:15:25.282+0000] {processor.py:830} INFO - Processing file /home/airflow/.local/lib/python3.8/site-packages/airflow/example_dags/example_setup_teardown.py for tasks to queue
[2025-09-21T12:15:25.292+0000] {logging_mixin.py:188} INFO - [2025-09-21T12:15:25.290+0000] {dagbag.py:538} INFO - Filling up the DagBag from /home/airflow/.local/lib/python3.8/site-packages/airflow/example_dags/example_setup_teardown.py
[2025-09-21T12:15:25.323+0000] {processor.py:840} INFO - DAG(s) 'example_setup_teardown' retrieved from /home/airflow/.local/lib/python3.8/site-packages/airflow/example_dags/example_setup_teardown.py
[2025-09-21T12:15:25.411+0000] {logging_mixin.py:188} INFO - [2025-09-21T12:15:25.409+0000] {dag.py:3036} INFO - Sync 1 DAGs
[2025-09-21T12:15:25.502+0000] {logging_mixin.py:188} INFO - [2025-09-21T12:15:25.501+0000] {dag.py:3823} INFO - Setting next_dagrun for example_setup_teardown to 2025-09-20 00:00:00+00:00, run_after=2025-09-21 00:00:00+00:00
[2025-09-21T12:15:25.541+0000] {processor.py:183} INFO - Processing /home/airflow/.local/lib/python3.8/site-packages/airflow/example_dags/example_setup_teardown.py took 0.278 seconds
[2025-09-21T12:15:55.631+0000] {processor.py:161} INFO - Started process (PID=3447) to work on /home/airflow/.local/lib/python3.8/site-packages/airflow/example_dags/example_setup_teardown.py
[2025-09-21T12:15:55.633+0000] {processor.py:830} INFO - Processing file /home/airflow/.local/lib/python3.8/site-packages/airflow/example_dags/example_setup_teardown.py for tasks to queue
[2025-09-21T12:15:55.638+0000] {logging_mixin.py:188} INFO - [2025-09-21T12:15:55.637+0000] {dagbag.py:538} INFO - Filling up the DagBag from /home/airflow/.local/lib/python3.8/site-packages/airflow/example_dags/example_setup_teardown.py
[2025-09-21T12:15:55.652+0000] {processor.py:840} INFO - DAG(s) 'example_setup_teardown' retrieved from /home/airflow/.local/lib/python3.8/site-packages/airflow/example_dags/example_setup_teardown.py
[2025-09-21T12:15:55.699+0000] {logging_mixin.py:188} INFO - [2025-09-21T12:15:55.698+0000] {dag.py:3036} INFO - Sync 1 DAGs
[2025-09-21T12:15:55.755+0000] {logging_mixin.py:188} INFO - [2025-09-21T12:15:55.754+0000] {dag.py:3823} INFO - Setting next_dagrun for example_setup_teardown to 2025-09-20 00:00:00+00:00, run_after=2025-09-21 00:00:00+00:00
[2025-09-21T12:15:55.797+0000] {processor.py:183} INFO - Processing /home/airflow/.local/lib/python3.8/site-packages/airflow/example_dags/example_setup_teardown.py took 0.174 seconds
[2025-09-21T12:16:26.004+0000] {processor.py:161} INFO - Started process (PID=3505) to work on /home/airflow/.local/lib/python3.8/site-packages/airflow/example_dags/example_setup_teardown.py
[2025-09-21T12:16:26.009+0000] {processor.py:830} INFO - Processing file /home/airflow/.local/lib/python3.8/site-packages/airflow/example_dags/example_setup_teardown.py for tasks to queue
[2025-09-21T12:16:26.018+0000] {logging_mixin.py:188} INFO - [2025-09-21T12:16:26.016+0000] {dagbag.py:538} INFO - Filling up the DagBag from /home/airflow/.local/lib/python3.8/site-packages/airflow/example_dags/example_setup_teardown.py
[2025-09-21T12:16:26.060+0000] {processor.py:840} INFO - DAG(s) 'example_setup_teardown' retrieved from /home/airflow/.local/lib/python3.8/site-packages/airflow/example_dags/example_setup_teardown.py
[2025-09-21T12:16:26.177+0000] {logging_mixin.py:188} INFO - [2025-09-21T12:16:26.176+0000] {dag.py:3036} INFO - Sync 1 DAGs
[2025-09-21T12:16:26.244+0000] {logging_mixin.py:188} INFO - [2025-09-21T12:16:26.243+0000] {dag.py:3823} INFO - Setting next_dagrun for example_setup_teardown to 2025-09-20 00:00:00+00:00, run_after=2025-09-21 00:00:00+00:00
[2025-09-21T12:16:26.287+0000] {processor.py:183} INFO - Processing /home/airflow/.local/lib/python3.8/site-packages/airflow/example_dags/example_setup_teardown.py took 0.298 seconds
[2025-09-21T12:16:56.969+0000] {processor.py:161} INFO - Started process (PID=3563) to work on /home/airflow/.local/lib/python3.8/site-packages/airflow/example_dags/example_setup_teardown.py
[2025-09-21T12:16:56.974+0000] {processor.py:830} INFO - Processing file /home/airflow/.local/lib/python3.8/site-packages/airflow/example_dags/example_setup_teardown.py for tasks to queue
[2025-09-21T12:16:56.983+0000] {logging_mixin.py:188} INFO - [2025-09-21T12:16:56.981+0000] {dagbag.py:538} INFO - Filling up the DagBag from /home/airflow/.local/lib/python3.8/site-packages/airflow/example_dags/example_setup_teardown.py
[2025-09-21T12:16:57.013+0000] {processor.py:840} INFO - DAG(s) 'example_setup_teardown' retrieved from /home/airflow/.local/lib/python3.8/site-packages/airflow/example_dags/example_setup_teardown.py
[2025-09-21T12:16:57.114+0000] {logging_mixin.py:188} INFO - [2025-09-21T12:16:57.113+0000] {dag.py:3036} INFO - Sync 1 DAGs
[2025-09-21T12:16:57.215+0000] {logging_mixin.py:188} INFO - [2025-09-21T12:16:57.214+0000] {dag.py:3823} INFO - Setting next_dagrun for example_setup_teardown to 2025-09-20 00:00:00+00:00, run_after=2025-09-21 00:00:00+00:00
[2025-09-21T12:16:57.297+0000] {processor.py:183} INFO - Processing /home/airflow/.local/lib/python3.8/site-packages/airflow/example_dags/example_setup_teardown.py took 0.342 seconds
[2025-09-21T12:17:27.476+0000] {processor.py:161} INFO - Started process (PID=3621) to work on /home/airflow/.local/lib/python3.8/site-packages/airflow/example_dags/example_setup_teardown.py
[2025-09-21T12:17:27.480+0000] {processor.py:830} INFO - Processing file /home/airflow/.local/lib/python3.8/site-packages/airflow/example_dags/example_setup_teardown.py for tasks to queue
[2025-09-21T12:17:27.488+0000] {logging_mixin.py:188} INFO - [2025-09-21T12:17:27.487+0000] {dagbag.py:538} INFO - Filling up the DagBag from /home/airflow/.local/lib/python3.8/site-packages/airflow/example_dags/example_setup_teardown.py
[2025-09-21T12:17:27.514+0000] {processor.py:840} INFO - DAG(s) 'example_setup_teardown' retrieved from /home/airflow/.local/lib/python3.8/site-packages/airflow/example_dags/example_setup_teardown.py
[2025-09-21T12:17:27.611+0000] {logging_mixin.py:188} INFO - [2025-09-21T12:17:27.610+0000] {dag.py:3036} INFO - Sync 1 DAGs
[2025-09-21T12:17:27.680+0000] {logging_mixin.py:188} INFO - [2025-09-21T12:17:27.679+0000] {dag.py:3823} INFO - Setting next_dagrun for example_setup_teardown to 2025-09-20 00:00:00+00:00, run_after=2025-09-21 00:00:00+00:00
[2025-09-21T12:17:27.727+0000] {processor.py:183} INFO - Processing /home/airflow/.local/lib/python3.8/site-packages/airflow/example_dags/example_setup_teardown.py took 0.265 seconds
[2025-09-21T12:17:58.686+0000] {processor.py:161} INFO - Started process (PID=3685) to work on /home/airflow/.local/lib/python3.8/site-packages/airflow/example_dags/example_setup_teardown.py
[2025-09-21T12:17:58.688+0000] {processor.py:830} INFO - Processing file /home/airflow/.local/lib/python3.8/site-packages/airflow/example_dags/example_setup_teardown.py for tasks to queue
[2025-09-21T12:17:58.692+0000] {logging_mixin.py:188} INFO - [2025-09-21T12:17:58.691+0000] {dagbag.py:538} INFO - Filling up the DagBag from /home/airflow/.local/lib/python3.8/site-packages/airflow/example_dags/example_setup_teardown.py
[2025-09-21T12:17:58.707+0000] {processor.py:840} INFO - DAG(s) 'example_setup_teardown' retrieved from /home/airflow/.local/lib/python3.8/site-packages/airflow/example_dags/example_setup_teardown.py
[2025-09-21T12:17:58.763+0000] {logging_mixin.py:188} INFO - [2025-09-21T12:17:58.762+0000] {dag.py:3036} INFO - Sync 1 DAGs
[2025-09-21T12:17:58.873+0000] {logging_mixin.py:188} INFO - [2025-09-21T12:17:58.873+0000] {dag.py:3823} INFO - Setting next_dagrun for example_setup_teardown to 2025-09-20 00:00:00+00:00, run_after=2025-09-21 00:00:00+00:00
[2025-09-21T12:17:58.914+0000] {processor.py:183} INFO - Processing /home/airflow/.local/lib/python3.8/site-packages/airflow/example_dags/example_setup_teardown.py took 0.237 seconds
[2025-09-21T12:18:29.413+0000] {processor.py:161} INFO - Started process (PID=3743) to work on /home/airflow/.local/lib/python3.8/site-packages/airflow/example_dags/example_setup_teardown.py
[2025-09-21T12:18:29.415+0000] {processor.py:830} INFO - Processing file /home/airflow/.local/lib/python3.8/site-packages/airflow/example_dags/example_setup_teardown.py for tasks to queue
[2025-09-21T12:18:29.421+0000] {logging_mixin.py:188} INFO - [2025-09-21T12:18:29.420+0000] {dagbag.py:538} INFO - Filling up the DagBag from /home/airflow/.local/lib/python3.8/site-packages/airflow/example_dags/example_setup_teardown.py
[2025-09-21T12:18:29.442+0000] {processor.py:840} INFO - DAG(s) 'example_setup_teardown' retrieved from /home/airflow/.local/lib/python3.8/site-packages/airflow/example_dags/example_setup_teardown.py
[2025-09-21T12:18:29.495+0000] {logging_mixin.py:188} INFO - [2025-09-21T12:18:29.495+0000] {dag.py:3036} INFO - Sync 1 DAGs
[2025-09-21T12:18:29.553+0000] {logging_mixin.py:188} INFO - [2025-09-21T12:18:29.552+0000] {dag.py:3823} INFO - Setting next_dagrun for example_setup_teardown to 2025-09-20 00:00:00+00:00, run_after=2025-09-21 00:00:00+00:00
[2025-09-21T12:18:29.594+0000] {processor.py:183} INFO - Processing /home/airflow/.local/lib/python3.8/site-packages/airflow/example_dags/example_setup_teardown.py took 0.192 seconds
[2025-09-21T12:19:00.109+0000] {processor.py:161} INFO - Started process (PID=3801) to work on /home/airflow/.local/lib/python3.8/site-packages/airflow/example_dags/example_setup_teardown.py
[2025-09-21T12:19:00.112+0000] {processor.py:830} INFO - Processing file /home/airflow/.local/lib/python3.8/site-packages/airflow/example_dags/example_setup_teardown.py for tasks to queue
[2025-09-21T12:19:00.117+0000] {logging_mixin.py:188} INFO - [2025-09-21T12:19:00.117+0000] {dagbag.py:538} INFO - Filling up the DagBag from /home/airflow/.local/lib/python3.8/site-packages/airflow/example_dags/example_setup_teardown.py
[2025-09-21T12:19:00.136+0000] {processor.py:840} INFO - DAG(s) 'example_setup_teardown' retrieved from /home/airflow/.local/lib/python3.8/site-packages/airflow/example_dags/example_setup_teardown.py
[2025-09-21T12:19:00.190+0000] {logging_mixin.py:188} INFO - [2025-09-21T12:19:00.189+0000] {dag.py:3036} INFO - Sync 1 DAGs
[2025-09-21T12:19:00.255+0000] {logging_mixin.py:188} INFO - [2025-09-21T12:19:00.255+0000] {dag.py:3823} INFO - Setting next_dagrun for example_setup_teardown to 2025-09-20 00:00:00+00:00, run_after=2025-09-21 00:00:00+00:00
[2025-09-21T12:19:00.305+0000] {processor.py:183} INFO - Processing /home/airflow/.local/lib/python3.8/site-packages/airflow/example_dags/example_setup_teardown.py took 0.203 seconds
[2025-09-21T12:21:58.613+0000] {processor.py:161} INFO - Started process (PID=91) to work on /home/airflow/.local/lib/python3.8/site-packages/airflow/example_dags/example_setup_teardown.py
[2025-09-21T12:21:58.615+0000] {processor.py:830} INFO - Processing file /home/airflow/.local/lib/python3.8/site-packages/airflow/example_dags/example_setup_teardown.py for tasks to queue
[2025-09-21T12:21:58.619+0000] {logging_mixin.py:188} INFO - [2025-09-21T12:21:58.618+0000] {dagbag.py:538} INFO - Filling up the DagBag from /home/airflow/.local/lib/python3.8/site-packages/airflow/example_dags/example_setup_teardown.py
[2025-09-21T12:21:58.638+0000] {processor.py:840} INFO - DAG(s) 'example_setup_teardown' retrieved from /home/airflow/.local/lib/python3.8/site-packages/airflow/example_dags/example_setup_teardown.py
[2025-09-21T12:21:58.855+0000] {logging_mixin.py:188} INFO - [2025-09-21T12:21:58.854+0000] {override.py:1769} INFO - Created Permission View: can delete on DAG:example_setup_teardown
[2025-09-21T12:21:58.877+0000] {logging_mixin.py:188} INFO - [2025-09-21T12:21:58.876+0000] {override.py:1769} INFO - Created Permission View: can edit on DAG:example_setup_teardown
[2025-09-21T12:21:58.892+0000] {logging_mixin.py:188} INFO - [2025-09-21T12:21:58.891+0000] {override.py:1769} INFO - Created Permission View: can read on DAG:example_setup_teardown
[2025-09-21T12:21:58.893+0000] {logging_mixin.py:188} INFO - [2025-09-21T12:21:58.892+0000] {dag.py:3036} INFO - Sync 1 DAGs
[2025-09-21T12:21:58.914+0000] {logging_mixin.py:188} INFO - [2025-09-21T12:21:58.914+0000] {dag.py:3058} INFO - Creating ORM DAG for example_setup_teardown
[2025-09-21T12:21:58.936+0000] {logging_mixin.py:188} INFO - [2025-09-21T12:21:58.935+0000] {dag.py:3823} INFO - Setting next_dagrun for example_setup_teardown to 2025-09-20 00:00:00+00:00, run_after=2025-09-21 00:00:00+00:00
[2025-09-21T12:21:58.968+0000] {processor.py:183} INFO - Processing /home/airflow/.local/lib/python3.8/site-packages/airflow/example_dags/example_setup_teardown.py took 0.362 seconds
[2025-09-21T12:22:29.635+0000] {processor.py:161} INFO - Started process (PID=149) to work on /home/airflow/.local/lib/python3.8/site-packages/airflow/example_dags/example_setup_teardown.py
[2025-09-21T12:22:29.637+0000] {processor.py:830} INFO - Processing file /home/airflow/.local/lib/python3.8/site-packages/airflow/example_dags/example_setup_teardown.py for tasks to queue
[2025-09-21T12:22:29.641+0000] {logging_mixin.py:188} INFO - [2025-09-21T12:22:29.640+0000] {dagbag.py:538} INFO - Filling up the DagBag from /home/airflow/.local/lib/python3.8/site-packages/airflow/example_dags/example_setup_teardown.py
[2025-09-21T12:22:29.653+0000] {processor.py:840} INFO - DAG(s) 'example_setup_teardown' retrieved from /home/airflow/.local/lib/python3.8/site-packages/airflow/example_dags/example_setup_teardown.py
[2025-09-21T12:22:29.710+0000] {logging_mixin.py:188} INFO - [2025-09-21T12:22:29.710+0000] {dag.py:3036} INFO - Sync 1 DAGs
[2025-09-21T12:22:29.766+0000] {logging_mixin.py:188} INFO - [2025-09-21T12:22:29.765+0000] {dag.py:3823} INFO - Setting next_dagrun for example_setup_teardown to 2025-09-20 00:00:00+00:00, run_after=2025-09-21 00:00:00+00:00
[2025-09-21T12:22:29.818+0000] {processor.py:183} INFO - Processing /home/airflow/.local/lib/python3.8/site-packages/airflow/example_dags/example_setup_teardown.py took 0.190 seconds
[2025-09-21T12:23:01.068+0000] {processor.py:161} INFO - Started process (PID=207) to work on /home/airflow/.local/lib/python3.8/site-packages/airflow/example_dags/example_setup_teardown.py
[2025-09-21T12:23:01.070+0000] {processor.py:830} INFO - Processing file /home/airflow/.local/lib/python3.8/site-packages/airflow/example_dags/example_setup_teardown.py for tasks to queue
[2025-09-21T12:23:01.074+0000] {logging_mixin.py:188} INFO - [2025-09-21T12:23:01.074+0000] {dagbag.py:538} INFO - Filling up the DagBag from /home/airflow/.local/lib/python3.8/site-packages/airflow/example_dags/example_setup_teardown.py
[2025-09-21T12:23:01.088+0000] {processor.py:840} INFO - DAG(s) 'example_setup_teardown' retrieved from /home/airflow/.local/lib/python3.8/site-packages/airflow/example_dags/example_setup_teardown.py
[2025-09-21T12:23:01.125+0000] {logging_mixin.py:188} INFO - [2025-09-21T12:23:01.125+0000] {dag.py:3036} INFO - Sync 1 DAGs
[2025-09-21T12:23:01.170+0000] {logging_mixin.py:188} INFO - [2025-09-21T12:23:01.170+0000] {dag.py:3823} INFO - Setting next_dagrun for example_setup_teardown to 2025-09-20 00:00:00+00:00, run_after=2025-09-21 00:00:00+00:00
[2025-09-21T12:23:01.217+0000] {processor.py:183} INFO - Processing /home/airflow/.local/lib/python3.8/site-packages/airflow/example_dags/example_setup_teardown.py took 0.155 seconds
[2025-09-21T12:23:32.738+0000] {processor.py:161} INFO - Started process (PID=265) to work on /home/airflow/.local/lib/python3.8/site-packages/airflow/example_dags/example_setup_teardown.py
[2025-09-21T12:23:32.745+0000] {processor.py:830} INFO - Processing file /home/airflow/.local/lib/python3.8/site-packages/airflow/example_dags/example_setup_teardown.py for tasks to queue
[2025-09-21T12:23:32.754+0000] {logging_mixin.py:188} INFO - [2025-09-21T12:23:32.753+0000] {dagbag.py:538} INFO - Filling up the DagBag from /home/airflow/.local/lib/python3.8/site-packages/airflow/example_dags/example_setup_teardown.py
[2025-09-21T12:23:32.781+0000] {processor.py:840} INFO - DAG(s) 'example_setup_teardown' retrieved from /home/airflow/.local/lib/python3.8/site-packages/airflow/example_dags/example_setup_teardown.py
[2025-09-21T12:23:32.829+0000] {logging_mixin.py:188} INFO - [2025-09-21T12:23:32.829+0000] {dag.py:3036} INFO - Sync 1 DAGs
[2025-09-21T12:23:32.873+0000] {logging_mixin.py:188} INFO - [2025-09-21T12:23:32.872+0000] {dag.py:3823} INFO - Setting next_dagrun for example_setup_teardown to 2025-09-20 00:00:00+00:00, run_after=2025-09-21 00:00:00+00:00
[2025-09-21T12:23:32.918+0000] {processor.py:183} INFO - Processing /home/airflow/.local/lib/python3.8/site-packages/airflow/example_dags/example_setup_teardown.py took 0.195 seconds
[2025-09-21T12:24:04.192+0000] {processor.py:161} INFO - Started process (PID=323) to work on /home/airflow/.local/lib/python3.8/site-packages/airflow/example_dags/example_setup_teardown.py
[2025-09-21T12:24:04.195+0000] {processor.py:830} INFO - Processing file /home/airflow/.local/lib/python3.8/site-packages/airflow/example_dags/example_setup_teardown.py for tasks to queue
[2025-09-21T12:24:04.201+0000] {logging_mixin.py:188} INFO - [2025-09-21T12:24:04.200+0000] {dagbag.py:538} INFO - Filling up the DagBag from /home/airflow/.local/lib/python3.8/site-packages/airflow/example_dags/example_setup_teardown.py
[2025-09-21T12:24:04.221+0000] {processor.py:840} INFO - DAG(s) 'example_setup_teardown' retrieved from /home/airflow/.local/lib/python3.8/site-packages/airflow/example_dags/example_setup_teardown.py
[2025-09-21T12:24:04.289+0000] {logging_mixin.py:188} INFO - [2025-09-21T12:24:04.288+0000] {dag.py:3036} INFO - Sync 1 DAGs
[2025-09-21T12:24:04.362+0000] {logging_mixin.py:188} INFO - [2025-09-21T12:24:04.361+0000] {dag.py:3823} INFO - Setting next_dagrun for example_setup_teardown to 2025-09-20 00:00:00+00:00, run_after=2025-09-21 00:00:00+00:00
[2025-09-21T12:24:04.421+0000] {processor.py:183} INFO - Processing /home/airflow/.local/lib/python3.8/site-packages/airflow/example_dags/example_setup_teardown.py took 0.239 seconds
[2025-09-21T12:24:35.074+0000] {processor.py:161} INFO - Started process (PID=381) to work on /home/airflow/.local/lib/python3.8/site-packages/airflow/example_dags/example_setup_teardown.py
[2025-09-21T12:24:35.077+0000] {processor.py:830} INFO - Processing file /home/airflow/.local/lib/python3.8/site-packages/airflow/example_dags/example_setup_teardown.py for tasks to queue
[2025-09-21T12:24:35.082+0000] {logging_mixin.py:188} INFO - [2025-09-21T12:24:35.081+0000] {dagbag.py:538} INFO - Filling up the DagBag from /home/airflow/.local/lib/python3.8/site-packages/airflow/example_dags/example_setup_teardown.py
[2025-09-21T12:24:35.098+0000] {processor.py:840} INFO - DAG(s) 'example_setup_teardown' retrieved from /home/airflow/.local/lib/python3.8/site-packages/airflow/example_dags/example_setup_teardown.py
[2025-09-21T12:24:35.148+0000] {logging_mixin.py:188} INFO - [2025-09-21T12:24:35.148+0000] {dag.py:3036} INFO - Sync 1 DAGs
[2025-09-21T12:24:35.204+0000] {logging_mixin.py:188} INFO - [2025-09-21T12:24:35.203+0000] {dag.py:3823} INFO - Setting next_dagrun for example_setup_teardown to 2025-09-20 00:00:00+00:00, run_after=2025-09-21 00:00:00+00:00
[2025-09-21T12:24:35.251+0000] {processor.py:183} INFO - Processing /home/airflow/.local/lib/python3.8/site-packages/airflow/example_dags/example_setup_teardown.py took 0.185 seconds
[2025-09-21T12:25:05.389+0000] {processor.py:161} INFO - Started process (PID=437) to work on /home/airflow/.local/lib/python3.8/site-packages/airflow/example_dags/example_setup_teardown.py
[2025-09-21T12:25:05.391+0000] {processor.py:830} INFO - Processing file /home/airflow/.local/lib/python3.8/site-packages/airflow/example_dags/example_setup_teardown.py for tasks to queue
[2025-09-21T12:25:05.395+0000] {logging_mixin.py:188} INFO - [2025-09-21T12:25:05.394+0000] {dagbag.py:538} INFO - Filling up the DagBag from /home/airflow/.local/lib/python3.8/site-packages/airflow/example_dags/example_setup_teardown.py
[2025-09-21T12:25:05.407+0000] {processor.py:840} INFO - DAG(s) 'example_setup_teardown' retrieved from /home/airflow/.local/lib/python3.8/site-packages/airflow/example_dags/example_setup_teardown.py
[2025-09-21T12:25:05.443+0000] {logging_mixin.py:188} INFO - [2025-09-21T12:25:05.442+0000] {dag.py:3036} INFO - Sync 1 DAGs
[2025-09-21T12:25:05.485+0000] {logging_mixin.py:188} INFO - [2025-09-21T12:25:05.485+0000] {dag.py:3823} INFO - Setting next_dagrun for example_setup_teardown to 2025-09-20 00:00:00+00:00, run_after=2025-09-21 00:00:00+00:00
[2025-09-21T12:25:05.541+0000] {processor.py:183} INFO - Processing /home/airflow/.local/lib/python3.8/site-packages/airflow/example_dags/example_setup_teardown.py took 0.158 seconds
[2025-09-21T12:25:36.601+0000] {processor.py:161} INFO - Started process (PID=495) to work on /home/airflow/.local/lib/python3.8/site-packages/airflow/example_dags/example_setup_teardown.py
[2025-09-21T12:25:36.606+0000] {processor.py:830} INFO - Processing file /home/airflow/.local/lib/python3.8/site-packages/airflow/example_dags/example_setup_teardown.py for tasks to queue
[2025-09-21T12:25:36.614+0000] {logging_mixin.py:188} INFO - [2025-09-21T12:25:36.613+0000] {dagbag.py:538} INFO - Filling up the DagBag from /home/airflow/.local/lib/python3.8/site-packages/airflow/example_dags/example_setup_teardown.py
[2025-09-21T12:25:36.645+0000] {processor.py:840} INFO - DAG(s) 'example_setup_teardown' retrieved from /home/airflow/.local/lib/python3.8/site-packages/airflow/example_dags/example_setup_teardown.py
[2025-09-21T12:25:36.729+0000] {logging_mixin.py:188} INFO - [2025-09-21T12:25:36.729+0000] {dag.py:3036} INFO - Sync 1 DAGs
[2025-09-21T12:25:36.814+0000] {logging_mixin.py:188} INFO - [2025-09-21T12:25:36.813+0000] {dag.py:3823} INFO - Setting next_dagrun for example_setup_teardown to 2025-09-20 00:00:00+00:00, run_after=2025-09-21 00:00:00+00:00
[2025-09-21T12:25:36.894+0000] {processor.py:183} INFO - Processing /home/airflow/.local/lib/python3.8/site-packages/airflow/example_dags/example_setup_teardown.py took 0.311 seconds
[2025-09-21T12:26:07.965+0000] {processor.py:161} INFO - Started process (PID=553) to work on /home/airflow/.local/lib/python3.8/site-packages/airflow/example_dags/example_setup_teardown.py
[2025-09-21T12:26:07.969+0000] {processor.py:830} INFO - Processing file /home/airflow/.local/lib/python3.8/site-packages/airflow/example_dags/example_setup_teardown.py for tasks to queue
[2025-09-21T12:26:07.977+0000] {logging_mixin.py:188} INFO - [2025-09-21T12:26:07.976+0000] {dagbag.py:538} INFO - Filling up the DagBag from /home/airflow/.local/lib/python3.8/site-packages/airflow/example_dags/example_setup_teardown.py
[2025-09-21T12:26:08.006+0000] {processor.py:840} INFO - DAG(s) 'example_setup_teardown' retrieved from /home/airflow/.local/lib/python3.8/site-packages/airflow/example_dags/example_setup_teardown.py
[2025-09-21T12:26:08.101+0000] {logging_mixin.py:188} INFO - [2025-09-21T12:26:08.101+0000] {dag.py:3036} INFO - Sync 1 DAGs
[2025-09-21T12:26:08.208+0000] {logging_mixin.py:188} INFO - [2025-09-21T12:26:08.207+0000] {dag.py:3823} INFO - Setting next_dagrun for example_setup_teardown to 2025-09-20 00:00:00+00:00, run_after=2025-09-21 00:00:00+00:00
[2025-09-21T12:26:08.296+0000] {processor.py:183} INFO - Processing /home/airflow/.local/lib/python3.8/site-packages/airflow/example_dags/example_setup_teardown.py took 0.345 seconds
[2025-09-21T12:26:38.779+0000] {processor.py:161} INFO - Started process (PID=611) to work on /home/airflow/.local/lib/python3.8/site-packages/airflow/example_dags/example_setup_teardown.py
[2025-09-21T12:26:38.784+0000] {processor.py:830} INFO - Processing file /home/airflow/.local/lib/python3.8/site-packages/airflow/example_dags/example_setup_teardown.py for tasks to queue
[2025-09-21T12:26:38.793+0000] {logging_mixin.py:188} INFO - [2025-09-21T12:26:38.791+0000] {dagbag.py:538} INFO - Filling up the DagBag from /home/airflow/.local/lib/python3.8/site-packages/airflow/example_dags/example_setup_teardown.py
[2025-09-21T12:26:38.828+0000] {processor.py:840} INFO - DAG(s) 'example_setup_teardown' retrieved from /home/airflow/.local/lib/python3.8/site-packages/airflow/example_dags/example_setup_teardown.py
[2025-09-21T12:26:38.916+0000] {logging_mixin.py:188} INFO - [2025-09-21T12:26:38.916+0000] {dag.py:3036} INFO - Sync 1 DAGs
[2025-09-21T12:26:39.017+0000] {logging_mixin.py:188} INFO - [2025-09-21T12:26:39.016+0000] {dag.py:3823} INFO - Setting next_dagrun for example_setup_teardown to 2025-09-20 00:00:00+00:00, run_after=2025-09-21 00:00:00+00:00
[2025-09-21T12:26:39.103+0000] {processor.py:183} INFO - Processing /home/airflow/.local/lib/python3.8/site-packages/airflow/example_dags/example_setup_teardown.py took 0.338 seconds
[2025-09-21T12:27:09.509+0000] {processor.py:161} INFO - Started process (PID=670) to work on /home/airflow/.local/lib/python3.8/site-packages/airflow/example_dags/example_setup_teardown.py
[2025-09-21T12:27:09.511+0000] {processor.py:830} INFO - Processing file /home/airflow/.local/lib/python3.8/site-packages/airflow/example_dags/example_setup_teardown.py for tasks to queue
[2025-09-21T12:27:09.516+0000] {logging_mixin.py:188} INFO - [2025-09-21T12:27:09.515+0000] {dagbag.py:538} INFO - Filling up the DagBag from /home/airflow/.local/lib/python3.8/site-packages/airflow/example_dags/example_setup_teardown.py
[2025-09-21T12:27:09.534+0000] {processor.py:840} INFO - DAG(s) 'example_setup_teardown' retrieved from /home/airflow/.local/lib/python3.8/site-packages/airflow/example_dags/example_setup_teardown.py
[2025-09-21T12:27:09.581+0000] {logging_mixin.py:188} INFO - [2025-09-21T12:27:09.581+0000] {dag.py:3036} INFO - Sync 1 DAGs
[2025-09-21T12:27:09.636+0000] {logging_mixin.py:188} INFO - [2025-09-21T12:27:09.636+0000] {dag.py:3823} INFO - Setting next_dagrun for example_setup_teardown to 2025-09-20 00:00:00+00:00, run_after=2025-09-21 00:00:00+00:00
[2025-09-21T12:27:09.680+0000] {processor.py:183} INFO - Processing /home/airflow/.local/lib/python3.8/site-packages/airflow/example_dags/example_setup_teardown.py took 0.182 seconds
[2025-09-21T12:27:40.420+0000] {processor.py:161} INFO - Started process (PID=727) to work on /home/airflow/.local/lib/python3.8/site-packages/airflow/example_dags/example_setup_teardown.py
[2025-09-21T12:27:40.425+0000] {processor.py:830} INFO - Processing file /home/airflow/.local/lib/python3.8/site-packages/airflow/example_dags/example_setup_teardown.py for tasks to queue
[2025-09-21T12:27:40.433+0000] {logging_mixin.py:188} INFO - [2025-09-21T12:27:40.432+0000] {dagbag.py:538} INFO - Filling up the DagBag from /home/airflow/.local/lib/python3.8/site-packages/airflow/example_dags/example_setup_teardown.py
[2025-09-21T12:27:40.467+0000] {processor.py:840} INFO - DAG(s) 'example_setup_teardown' retrieved from /home/airflow/.local/lib/python3.8/site-packages/airflow/example_dags/example_setup_teardown.py
[2025-09-21T12:27:40.561+0000] {logging_mixin.py:188} INFO - [2025-09-21T12:27:40.560+0000] {dag.py:3036} INFO - Sync 1 DAGs
[2025-09-21T12:27:40.695+0000] {logging_mixin.py:188} INFO - [2025-09-21T12:27:40.694+0000] {dag.py:3823} INFO - Setting next_dagrun for example_setup_teardown to 2025-09-20 00:00:00+00:00, run_after=2025-09-21 00:00:00+00:00
[2025-09-21T12:27:40.748+0000] {processor.py:183} INFO - Processing /home/airflow/.local/lib/python3.8/site-packages/airflow/example_dags/example_setup_teardown.py took 0.341 seconds
[2025-09-21T12:28:11.047+0000] {processor.py:161} INFO - Started process (PID=785) to work on /home/airflow/.local/lib/python3.8/site-packages/airflow/example_dags/example_setup_teardown.py
[2025-09-21T12:28:11.050+0000] {processor.py:830} INFO - Processing file /home/airflow/.local/lib/python3.8/site-packages/airflow/example_dags/example_setup_teardown.py for tasks to queue
[2025-09-21T12:28:11.054+0000] {logging_mixin.py:188} INFO - [2025-09-21T12:28:11.053+0000] {dagbag.py:538} INFO - Filling up the DagBag from /home/airflow/.local/lib/python3.8/site-packages/airflow/example_dags/example_setup_teardown.py
[2025-09-21T12:28:11.071+0000] {processor.py:840} INFO - DAG(s) 'example_setup_teardown' retrieved from /home/airflow/.local/lib/python3.8/site-packages/airflow/example_dags/example_setup_teardown.py
[2025-09-21T12:28:11.122+0000] {logging_mixin.py:188} INFO - [2025-09-21T12:28:11.121+0000] {dag.py:3036} INFO - Sync 1 DAGs
[2025-09-21T12:28:11.168+0000] {logging_mixin.py:188} INFO - [2025-09-21T12:28:11.167+0000] {dag.py:3823} INFO - Setting next_dagrun for example_setup_teardown to 2025-09-20 00:00:00+00:00, run_after=2025-09-21 00:00:00+00:00
[2025-09-21T12:28:11.207+0000] {processor.py:183} INFO - Processing /home/airflow/.local/lib/python3.8/site-packages/airflow/example_dags/example_setup_teardown.py took 0.168 seconds
[2025-09-21T12:28:41.973+0000] {processor.py:161} INFO - Started process (PID=843) to work on /home/airflow/.local/lib/python3.8/site-packages/airflow/example_dags/example_setup_teardown.py
[2025-09-21T12:28:41.975+0000] {processor.py:830} INFO - Processing file /home/airflow/.local/lib/python3.8/site-packages/airflow/example_dags/example_setup_teardown.py for tasks to queue
[2025-09-21T12:28:41.979+0000] {logging_mixin.py:188} INFO - [2025-09-21T12:28:41.978+0000] {dagbag.py:538} INFO - Filling up the DagBag from /home/airflow/.local/lib/python3.8/site-packages/airflow/example_dags/example_setup_teardown.py
[2025-09-21T12:28:41.999+0000] {processor.py:840} INFO - DAG(s) 'example_setup_teardown' retrieved from /home/airflow/.local/lib/python3.8/site-packages/airflow/example_dags/example_setup_teardown.py
[2025-09-21T12:28:42.040+0000] {logging_mixin.py:188} INFO - [2025-09-21T12:28:42.040+0000] {dag.py:3036} INFO - Sync 1 DAGs
[2025-09-21T12:28:42.092+0000] {logging_mixin.py:188} INFO - [2025-09-21T12:28:42.091+0000] {dag.py:3823} INFO - Setting next_dagrun for example_setup_teardown to 2025-09-20 00:00:00+00:00, run_after=2025-09-21 00:00:00+00:00
[2025-09-21T12:28:42.134+0000] {processor.py:183} INFO - Processing /home/airflow/.local/lib/python3.8/site-packages/airflow/example_dags/example_setup_teardown.py took 0.167 seconds
[2025-09-21T12:29:12.644+0000] {processor.py:161} INFO - Started process (PID=901) to work on /home/airflow/.local/lib/python3.8/site-packages/airflow/example_dags/example_setup_teardown.py
[2025-09-21T12:29:12.648+0000] {processor.py:830} INFO - Processing file /home/airflow/.local/lib/python3.8/site-packages/airflow/example_dags/example_setup_teardown.py for tasks to queue
[2025-09-21T12:29:12.664+0000] {logging_mixin.py:188} INFO - [2025-09-21T12:29:12.653+0000] {dagbag.py:538} INFO - Filling up the DagBag from /home/airflow/.local/lib/python3.8/site-packages/airflow/example_dags/example_setup_teardown.py
[2025-09-21T12:29:12.719+0000] {processor.py:840} INFO - DAG(s) 'example_setup_teardown' retrieved from /home/airflow/.local/lib/python3.8/site-packages/airflow/example_dags/example_setup_teardown.py
[2025-09-21T12:29:12.820+0000] {logging_mixin.py:188} INFO - [2025-09-21T12:29:12.820+0000] {dag.py:3036} INFO - Sync 1 DAGs
[2025-09-21T12:29:12.947+0000] {logging_mixin.py:188} INFO - [2025-09-21T12:29:12.947+0000] {dag.py:3823} INFO - Setting next_dagrun for example_setup_teardown to 2025-09-20 00:00:00+00:00, run_after=2025-09-21 00:00:00+00:00
[2025-09-21T12:29:13.050+0000] {processor.py:183} INFO - Processing /home/airflow/.local/lib/python3.8/site-packages/airflow/example_dags/example_setup_teardown.py took 0.425 seconds
[2025-09-21T12:29:43.530+0000] {processor.py:161} INFO - Started process (PID=959) to work on /home/airflow/.local/lib/python3.8/site-packages/airflow/example_dags/example_setup_teardown.py
[2025-09-21T12:29:43.535+0000] {processor.py:830} INFO - Processing file /home/airflow/.local/lib/python3.8/site-packages/airflow/example_dags/example_setup_teardown.py for tasks to queue
[2025-09-21T12:29:43.544+0000] {logging_mixin.py:188} INFO - [2025-09-21T12:29:43.542+0000] {dagbag.py:538} INFO - Filling up the DagBag from /home/airflow/.local/lib/python3.8/site-packages/airflow/example_dags/example_setup_teardown.py
[2025-09-21T12:29:43.575+0000] {processor.py:840} INFO - DAG(s) 'example_setup_teardown' retrieved from /home/airflow/.local/lib/python3.8/site-packages/airflow/example_dags/example_setup_teardown.py
[2025-09-21T12:29:43.666+0000] {logging_mixin.py:188} INFO - [2025-09-21T12:29:43.665+0000] {dag.py:3036} INFO - Sync 1 DAGs
[2025-09-21T12:29:43.772+0000] {logging_mixin.py:188} INFO - [2025-09-21T12:29:43.771+0000] {dag.py:3823} INFO - Setting next_dagrun for example_setup_teardown to 2025-09-20 00:00:00+00:00, run_after=2025-09-21 00:00:00+00:00
[2025-09-21T12:29:43.883+0000] {processor.py:183} INFO - Processing /home/airflow/.local/lib/python3.8/site-packages/airflow/example_dags/example_setup_teardown.py took 0.368 seconds
[2025-09-21T12:30:14.261+0000] {processor.py:161} INFO - Started process (PID=1016) to work on /home/airflow/.local/lib/python3.8/site-packages/airflow/example_dags/example_setup_teardown.py
[2025-09-21T12:30:14.263+0000] {processor.py:830} INFO - Processing file /home/airflow/.local/lib/python3.8/site-packages/airflow/example_dags/example_setup_teardown.py for tasks to queue
[2025-09-21T12:30:14.267+0000] {logging_mixin.py:188} INFO - [2025-09-21T12:30:14.266+0000] {dagbag.py:538} INFO - Filling up the DagBag from /home/airflow/.local/lib/python3.8/site-packages/airflow/example_dags/example_setup_teardown.py
[2025-09-21T12:30:14.285+0000] {processor.py:840} INFO - DAG(s) 'example_setup_teardown' retrieved from /home/airflow/.local/lib/python3.8/site-packages/airflow/example_dags/example_setup_teardown.py
[2025-09-21T12:30:14.331+0000] {logging_mixin.py:188} INFO - [2025-09-21T12:30:14.331+0000] {dag.py:3036} INFO - Sync 1 DAGs
[2025-09-21T12:30:14.375+0000] {logging_mixin.py:188} INFO - [2025-09-21T12:30:14.375+0000] {dag.py:3823} INFO - Setting next_dagrun for example_setup_teardown to 2025-09-20 00:00:00+00:00, run_after=2025-09-21 00:00:00+00:00
[2025-09-21T12:30:14.415+0000] {processor.py:183} INFO - Processing /home/airflow/.local/lib/python3.8/site-packages/airflow/example_dags/example_setup_teardown.py took 0.161 seconds
[2025-09-21T12:30:44.882+0000] {processor.py:161} INFO - Started process (PID=1074) to work on /home/airflow/.local/lib/python3.8/site-packages/airflow/example_dags/example_setup_teardown.py
[2025-09-21T12:30:44.886+0000] {processor.py:830} INFO - Processing file /home/airflow/.local/lib/python3.8/site-packages/airflow/example_dags/example_setup_teardown.py for tasks to queue
[2025-09-21T12:30:44.895+0000] {logging_mixin.py:188} INFO - [2025-09-21T12:30:44.894+0000] {dagbag.py:538} INFO - Filling up the DagBag from /home/airflow/.local/lib/python3.8/site-packages/airflow/example_dags/example_setup_teardown.py
[2025-09-21T12:30:44.934+0000] {processor.py:840} INFO - DAG(s) 'example_setup_teardown' retrieved from /home/airflow/.local/lib/python3.8/site-packages/airflow/example_dags/example_setup_teardown.py
[2025-09-21T12:30:45.033+0000] {logging_mixin.py:188} INFO - [2025-09-21T12:30:45.032+0000] {dag.py:3036} INFO - Sync 1 DAGs
[2025-09-21T12:30:45.135+0000] {logging_mixin.py:188} INFO - [2025-09-21T12:30:45.134+0000] {dag.py:3823} INFO - Setting next_dagrun for example_setup_teardown to 2025-09-20 00:00:00+00:00, run_after=2025-09-21 00:00:00+00:00
[2025-09-21T12:30:45.225+0000] {processor.py:183} INFO - Processing /home/airflow/.local/lib/python3.8/site-packages/airflow/example_dags/example_setup_teardown.py took 0.358 seconds
[2025-09-21T12:31:15.545+0000] {processor.py:161} INFO - Started process (PID=1133) to work on /home/airflow/.local/lib/python3.8/site-packages/airflow/example_dags/example_setup_teardown.py
[2025-09-21T12:31:15.548+0000] {processor.py:830} INFO - Processing file /home/airflow/.local/lib/python3.8/site-packages/airflow/example_dags/example_setup_teardown.py for tasks to queue
[2025-09-21T12:31:15.553+0000] {logging_mixin.py:188} INFO - [2025-09-21T12:31:15.552+0000] {dagbag.py:538} INFO - Filling up the DagBag from /home/airflow/.local/lib/python3.8/site-packages/airflow/example_dags/example_setup_teardown.py
[2025-09-21T12:31:15.570+0000] {processor.py:840} INFO - DAG(s) 'example_setup_teardown' retrieved from /home/airflow/.local/lib/python3.8/site-packages/airflow/example_dags/example_setup_teardown.py
[2025-09-21T12:31:15.622+0000] {logging_mixin.py:188} INFO - [2025-09-21T12:31:15.621+0000] {dag.py:3036} INFO - Sync 1 DAGs
[2025-09-21T12:31:15.680+0000] {logging_mixin.py:188} INFO - [2025-09-21T12:31:15.679+0000] {dag.py:3823} INFO - Setting next_dagrun for example_setup_teardown to 2025-09-20 00:00:00+00:00, run_after=2025-09-21 00:00:00+00:00
[2025-09-21T12:31:15.736+0000] {processor.py:183} INFO - Processing /home/airflow/.local/lib/python3.8/site-packages/airflow/example_dags/example_setup_teardown.py took 0.199 seconds
[2025-09-21T12:31:45.933+0000] {processor.py:161} INFO - Started process (PID=1191) to work on /home/airflow/.local/lib/python3.8/site-packages/airflow/example_dags/example_setup_teardown.py
[2025-09-21T12:31:45.939+0000] {processor.py:830} INFO - Processing file /home/airflow/.local/lib/python3.8/site-packages/airflow/example_dags/example_setup_teardown.py for tasks to queue
[2025-09-21T12:31:45.950+0000] {logging_mixin.py:188} INFO - [2025-09-21T12:31:45.949+0000] {dagbag.py:538} INFO - Filling up the DagBag from /home/airflow/.local/lib/python3.8/site-packages/airflow/example_dags/example_setup_teardown.py
[2025-09-21T12:31:45.984+0000] {processor.py:840} INFO - DAG(s) 'example_setup_teardown' retrieved from /home/airflow/.local/lib/python3.8/site-packages/airflow/example_dags/example_setup_teardown.py
[2025-09-21T12:31:46.081+0000] {logging_mixin.py:188} INFO - [2025-09-21T12:31:46.080+0000] {dag.py:3036} INFO - Sync 1 DAGs
[2025-09-21T12:31:46.196+0000] {logging_mixin.py:188} INFO - [2025-09-21T12:31:46.195+0000] {dag.py:3823} INFO - Setting next_dagrun for example_setup_teardown to 2025-09-20 00:00:00+00:00, run_after=2025-09-21 00:00:00+00:00
[2025-09-21T12:31:46.283+0000] {processor.py:183} INFO - Processing /home/airflow/.local/lib/python3.8/site-packages/airflow/example_dags/example_setup_teardown.py took 0.367 seconds
[2025-09-21T12:32:16.464+0000] {processor.py:161} INFO - Started process (PID=1249) to work on /home/airflow/.local/lib/python3.8/site-packages/airflow/example_dags/example_setup_teardown.py
[2025-09-21T12:32:16.466+0000] {processor.py:830} INFO - Processing file /home/airflow/.local/lib/python3.8/site-packages/airflow/example_dags/example_setup_teardown.py for tasks to queue
[2025-09-21T12:32:16.471+0000] {logging_mixin.py:188} INFO - [2025-09-21T12:32:16.469+0000] {dagbag.py:538} INFO - Filling up the DagBag from /home/airflow/.local/lib/python3.8/site-packages/airflow/example_dags/example_setup_teardown.py
[2025-09-21T12:32:16.486+0000] {processor.py:840} INFO - DAG(s) 'example_setup_teardown' retrieved from /home/airflow/.local/lib/python3.8/site-packages/airflow/example_dags/example_setup_teardown.py
[2025-09-21T12:32:16.529+0000] {logging_mixin.py:188} INFO - [2025-09-21T12:32:16.529+0000] {dag.py:3036} INFO - Sync 1 DAGs
[2025-09-21T12:32:16.576+0000] {logging_mixin.py:188} INFO - [2025-09-21T12:32:16.576+0000] {dag.py:3823} INFO - Setting next_dagrun for example_setup_teardown to 2025-09-20 00:00:00+00:00, run_after=2025-09-21 00:00:00+00:00
[2025-09-21T12:32:16.617+0000] {processor.py:183} INFO - Processing /home/airflow/.local/lib/python3.8/site-packages/airflow/example_dags/example_setup_teardown.py took 0.160 seconds
[2025-09-21T12:32:46.923+0000] {processor.py:161} INFO - Started process (PID=1306) to work on /home/airflow/.local/lib/python3.8/site-packages/airflow/example_dags/example_setup_teardown.py
[2025-09-21T12:32:46.926+0000] {processor.py:830} INFO - Processing file /home/airflow/.local/lib/python3.8/site-packages/airflow/example_dags/example_setup_teardown.py for tasks to queue
[2025-09-21T12:32:46.932+0000] {logging_mixin.py:188} INFO - [2025-09-21T12:32:46.931+0000] {dagbag.py:538} INFO - Filling up the DagBag from /home/airflow/.local/lib/python3.8/site-packages/airflow/example_dags/example_setup_teardown.py
[2025-09-21T12:32:46.951+0000] {processor.py:840} INFO - DAG(s) 'example_setup_teardown' retrieved from /home/airflow/.local/lib/python3.8/site-packages/airflow/example_dags/example_setup_teardown.py
[2025-09-21T12:32:47.015+0000] {logging_mixin.py:188} INFO - [2025-09-21T12:32:47.014+0000] {dag.py:3036} INFO - Sync 1 DAGs
[2025-09-21T12:32:47.076+0000] {logging_mixin.py:188} INFO - [2025-09-21T12:32:47.076+0000] {dag.py:3823} INFO - Setting next_dagrun for example_setup_teardown to 2025-09-20 00:00:00+00:00, run_after=2025-09-21 00:00:00+00:00
[2025-09-21T12:32:47.130+0000] {processor.py:183} INFO - Processing /home/airflow/.local/lib/python3.8/site-packages/airflow/example_dags/example_setup_teardown.py took 0.216 seconds
[2025-09-21T12:33:17.500+0000] {processor.py:161} INFO - Started process (PID=1364) to work on /home/airflow/.local/lib/python3.8/site-packages/airflow/example_dags/example_setup_teardown.py
[2025-09-21T12:33:17.505+0000] {processor.py:830} INFO - Processing file /home/airflow/.local/lib/python3.8/site-packages/airflow/example_dags/example_setup_teardown.py for tasks to queue
[2025-09-21T12:33:17.513+0000] {logging_mixin.py:188} INFO - [2025-09-21T12:33:17.512+0000] {dagbag.py:538} INFO - Filling up the DagBag from /home/airflow/.local/lib/python3.8/site-packages/airflow/example_dags/example_setup_teardown.py
[2025-09-21T12:33:17.541+0000] {processor.py:840} INFO - DAG(s) 'example_setup_teardown' retrieved from /home/airflow/.local/lib/python3.8/site-packages/airflow/example_dags/example_setup_teardown.py
[2025-09-21T12:33:17.638+0000] {logging_mixin.py:188} INFO - [2025-09-21T12:33:17.637+0000] {dag.py:3036} INFO - Sync 1 DAGs
[2025-09-21T12:33:17.744+0000] {logging_mixin.py:188} INFO - [2025-09-21T12:33:17.743+0000] {dag.py:3823} INFO - Setting next_dagrun for example_setup_teardown to 2025-09-20 00:00:00+00:00, run_after=2025-09-21 00:00:00+00:00
[2025-09-21T12:33:17.835+0000] {processor.py:183} INFO - Processing /home/airflow/.local/lib/python3.8/site-packages/airflow/example_dags/example_setup_teardown.py took 0.351 seconds
[2025-09-21T12:33:48.686+0000] {processor.py:161} INFO - Started process (PID=1422) to work on /home/airflow/.local/lib/python3.8/site-packages/airflow/example_dags/example_setup_teardown.py
[2025-09-21T12:33:48.691+0000] {processor.py:830} INFO - Processing file /home/airflow/.local/lib/python3.8/site-packages/airflow/example_dags/example_setup_teardown.py for tasks to queue
[2025-09-21T12:33:48.700+0000] {logging_mixin.py:188} INFO - [2025-09-21T12:33:48.698+0000] {dagbag.py:538} INFO - Filling up the DagBag from /home/airflow/.local/lib/python3.8/site-packages/airflow/example_dags/example_setup_teardown.py
[2025-09-21T12:33:48.733+0000] {processor.py:840} INFO - DAG(s) 'example_setup_teardown' retrieved from /home/airflow/.local/lib/python3.8/site-packages/airflow/example_dags/example_setup_teardown.py
[2025-09-21T12:33:48.853+0000] {logging_mixin.py:188} INFO - [2025-09-21T12:33:48.852+0000] {dag.py:3036} INFO - Sync 1 DAGs
[2025-09-21T12:33:49.001+0000] {logging_mixin.py:188} INFO - [2025-09-21T12:33:48.999+0000] {dag.py:3823} INFO - Setting next_dagrun for example_setup_teardown to 2025-09-20 00:00:00+00:00, run_after=2025-09-21 00:00:00+00:00
[2025-09-21T12:33:49.111+0000] {processor.py:183} INFO - Processing /home/airflow/.local/lib/python3.8/site-packages/airflow/example_dags/example_setup_teardown.py took 0.439 seconds
[2025-09-21T12:34:19.338+0000] {processor.py:161} INFO - Started process (PID=1480) to work on /home/airflow/.local/lib/python3.8/site-packages/airflow/example_dags/example_setup_teardown.py
[2025-09-21T12:34:19.340+0000] {processor.py:830} INFO - Processing file /home/airflow/.local/lib/python3.8/site-packages/airflow/example_dags/example_setup_teardown.py for tasks to queue
[2025-09-21T12:34:19.343+0000] {logging_mixin.py:188} INFO - [2025-09-21T12:34:19.343+0000] {dagbag.py:538} INFO - Filling up the DagBag from /home/airflow/.local/lib/python3.8/site-packages/airflow/example_dags/example_setup_teardown.py
[2025-09-21T12:34:19.357+0000] {processor.py:840} INFO - DAG(s) 'example_setup_teardown' retrieved from /home/airflow/.local/lib/python3.8/site-packages/airflow/example_dags/example_setup_teardown.py
[2025-09-21T12:34:19.403+0000] {logging_mixin.py:188} INFO - [2025-09-21T12:34:19.402+0000] {dag.py:3036} INFO - Sync 1 DAGs
[2025-09-21T12:34:19.457+0000] {logging_mixin.py:188} INFO - [2025-09-21T12:34:19.457+0000] {dag.py:3823} INFO - Setting next_dagrun for example_setup_teardown to 2025-09-20 00:00:00+00:00, run_after=2025-09-21 00:00:00+00:00
[2025-09-21T12:34:19.500+0000] {processor.py:183} INFO - Processing /home/airflow/.local/lib/python3.8/site-packages/airflow/example_dags/example_setup_teardown.py took 0.168 seconds
[2025-09-21T12:34:49.577+0000] {processor.py:161} INFO - Started process (PID=1538) to work on /home/airflow/.local/lib/python3.8/site-packages/airflow/example_dags/example_setup_teardown.py
[2025-09-21T12:34:49.580+0000] {processor.py:830} INFO - Processing file /home/airflow/.local/lib/python3.8/site-packages/airflow/example_dags/example_setup_teardown.py for tasks to queue
[2025-09-21T12:34:49.585+0000] {logging_mixin.py:188} INFO - [2025-09-21T12:34:49.584+0000] {dagbag.py:538} INFO - Filling up the DagBag from /home/airflow/.local/lib/python3.8/site-packages/airflow/example_dags/example_setup_teardown.py
[2025-09-21T12:34:49.602+0000] {processor.py:840} INFO - DAG(s) 'example_setup_teardown' retrieved from /home/airflow/.local/lib/python3.8/site-packages/airflow/example_dags/example_setup_teardown.py
[2025-09-21T12:34:49.651+0000] {logging_mixin.py:188} INFO - [2025-09-21T12:34:49.651+0000] {dag.py:3036} INFO - Sync 1 DAGs
[2025-09-21T12:34:49.697+0000] {logging_mixin.py:188} INFO - [2025-09-21T12:34:49.697+0000] {dag.py:3823} INFO - Setting next_dagrun for example_setup_teardown to 2025-09-20 00:00:00+00:00, run_after=2025-09-21 00:00:00+00:00
[2025-09-21T12:34:49.751+0000] {processor.py:183} INFO - Processing /home/airflow/.local/lib/python3.8/site-packages/airflow/example_dags/example_setup_teardown.py took 0.182 seconds
[2025-09-21T12:35:20.254+0000] {processor.py:161} INFO - Started process (PID=1596) to work on /home/airflow/.local/lib/python3.8/site-packages/airflow/example_dags/example_setup_teardown.py
[2025-09-21T12:35:20.257+0000] {processor.py:830} INFO - Processing file /home/airflow/.local/lib/python3.8/site-packages/airflow/example_dags/example_setup_teardown.py for tasks to queue
[2025-09-21T12:35:20.262+0000] {logging_mixin.py:188} INFO - [2025-09-21T12:35:20.261+0000] {dagbag.py:538} INFO - Filling up the DagBag from /home/airflow/.local/lib/python3.8/site-packages/airflow/example_dags/example_setup_teardown.py
[2025-09-21T12:35:20.280+0000] {processor.py:840} INFO - DAG(s) 'example_setup_teardown' retrieved from /home/airflow/.local/lib/python3.8/site-packages/airflow/example_dags/example_setup_teardown.py
[2025-09-21T12:35:20.327+0000] {logging_mixin.py:188} INFO - [2025-09-21T12:35:20.326+0000] {dag.py:3036} INFO - Sync 1 DAGs
[2025-09-21T12:35:20.385+0000] {logging_mixin.py:188} INFO - [2025-09-21T12:35:20.384+0000] {dag.py:3823} INFO - Setting next_dagrun for example_setup_teardown to 2025-09-20 00:00:00+00:00, run_after=2025-09-21 00:00:00+00:00
[2025-09-21T12:35:20.434+0000] {processor.py:183} INFO - Processing /home/airflow/.local/lib/python3.8/site-packages/airflow/example_dags/example_setup_teardown.py took 0.188 seconds
[2025-09-21T12:35:52.272+0000] {processor.py:161} INFO - Started process (PID=1654) to work on /home/airflow/.local/lib/python3.8/site-packages/airflow/example_dags/example_setup_teardown.py
[2025-09-21T12:35:52.277+0000] {processor.py:830} INFO - Processing file /home/airflow/.local/lib/python3.8/site-packages/airflow/example_dags/example_setup_teardown.py for tasks to queue
[2025-09-21T12:35:52.282+0000] {logging_mixin.py:188} INFO - [2025-09-21T12:35:52.281+0000] {dagbag.py:538} INFO - Filling up the DagBag from /home/airflow/.local/lib/python3.8/site-packages/airflow/example_dags/example_setup_teardown.py
[2025-09-21T12:35:52.308+0000] {processor.py:840} INFO - DAG(s) 'example_setup_teardown' retrieved from /home/airflow/.local/lib/python3.8/site-packages/airflow/example_dags/example_setup_teardown.py
[2025-09-21T12:35:52.366+0000] {logging_mixin.py:188} INFO - [2025-09-21T12:35:52.365+0000] {dag.py:3036} INFO - Sync 1 DAGs
[2025-09-21T12:35:52.430+0000] {logging_mixin.py:188} INFO - [2025-09-21T12:35:52.430+0000] {dag.py:3823} INFO - Setting next_dagrun for example_setup_teardown to 2025-09-20 00:00:00+00:00, run_after=2025-09-21 00:00:00+00:00
[2025-09-21T12:35:52.536+0000] {processor.py:183} INFO - Processing /home/airflow/.local/lib/python3.8/site-packages/airflow/example_dags/example_setup_teardown.py took 0.282 seconds
[2025-09-21T12:36:22.861+0000] {processor.py:161} INFO - Started process (PID=1712) to work on /home/airflow/.local/lib/python3.8/site-packages/airflow/example_dags/example_setup_teardown.py
[2025-09-21T12:36:22.864+0000] {processor.py:830} INFO - Processing file /home/airflow/.local/lib/python3.8/site-packages/airflow/example_dags/example_setup_teardown.py for tasks to queue
[2025-09-21T12:36:22.870+0000] {logging_mixin.py:188} INFO - [2025-09-21T12:36:22.869+0000] {dagbag.py:538} INFO - Filling up the DagBag from /home/airflow/.local/lib/python3.8/site-packages/airflow/example_dags/example_setup_teardown.py
[2025-09-21T12:36:22.890+0000] {processor.py:840} INFO - DAG(s) 'example_setup_teardown' retrieved from /home/airflow/.local/lib/python3.8/site-packages/airflow/example_dags/example_setup_teardown.py
[2025-09-21T12:36:22.948+0000] {logging_mixin.py:188} INFO - [2025-09-21T12:36:22.947+0000] {dag.py:3036} INFO - Sync 1 DAGs
[2025-09-21T12:36:23.016+0000] {logging_mixin.py:188} INFO - [2025-09-21T12:36:23.016+0000] {dag.py:3823} INFO - Setting next_dagrun for example_setup_teardown to 2025-09-20 00:00:00+00:00, run_after=2025-09-21 00:00:00+00:00
[2025-09-21T12:36:23.069+0000] {processor.py:183} INFO - Processing /home/airflow/.local/lib/python3.8/site-packages/airflow/example_dags/example_setup_teardown.py took 0.218 seconds
[2025-09-21T12:36:53.993+0000] {processor.py:161} INFO - Started process (PID=1770) to work on /home/airflow/.local/lib/python3.8/site-packages/airflow/example_dags/example_setup_teardown.py
[2025-09-21T12:36:53.996+0000] {processor.py:830} INFO - Processing file /home/airflow/.local/lib/python3.8/site-packages/airflow/example_dags/example_setup_teardown.py for tasks to queue
[2025-09-21T12:36:54.001+0000] {logging_mixin.py:188} INFO - [2025-09-21T12:36:54.000+0000] {dagbag.py:538} INFO - Filling up the DagBag from /home/airflow/.local/lib/python3.8/site-packages/airflow/example_dags/example_setup_teardown.py
[2025-09-21T12:36:54.021+0000] {processor.py:840} INFO - DAG(s) 'example_setup_teardown' retrieved from /home/airflow/.local/lib/python3.8/site-packages/airflow/example_dags/example_setup_teardown.py
[2025-09-21T12:36:54.076+0000] {logging_mixin.py:188} INFO - [2025-09-21T12:36:54.076+0000] {dag.py:3036} INFO - Sync 1 DAGs
[2025-09-21T12:36:54.157+0000] {logging_mixin.py:188} INFO - [2025-09-21T12:36:54.157+0000] {dag.py:3823} INFO - Setting next_dagrun for example_setup_teardown to 2025-09-20 00:00:00+00:00, run_after=2025-09-21 00:00:00+00:00
[2025-09-21T12:36:54.224+0000] {processor.py:183} INFO - Processing /home/airflow/.local/lib/python3.8/site-packages/airflow/example_dags/example_setup_teardown.py took 0.237 seconds
[2025-09-21T12:37:24.435+0000] {processor.py:161} INFO - Started process (PID=1828) to work on /home/airflow/.local/lib/python3.8/site-packages/airflow/example_dags/example_setup_teardown.py
[2025-09-21T12:37:24.437+0000] {processor.py:830} INFO - Processing file /home/airflow/.local/lib/python3.8/site-packages/airflow/example_dags/example_setup_teardown.py for tasks to queue
[2025-09-21T12:37:24.442+0000] {logging_mixin.py:188} INFO - [2025-09-21T12:37:24.441+0000] {dagbag.py:538} INFO - Filling up the DagBag from /home/airflow/.local/lib/python3.8/site-packages/airflow/example_dags/example_setup_teardown.py
[2025-09-21T12:37:24.456+0000] {processor.py:840} INFO - DAG(s) 'example_setup_teardown' retrieved from /home/airflow/.local/lib/python3.8/site-packages/airflow/example_dags/example_setup_teardown.py
[2025-09-21T12:37:24.500+0000] {logging_mixin.py:188} INFO - [2025-09-21T12:37:24.499+0000] {dag.py:3036} INFO - Sync 1 DAGs
[2025-09-21T12:37:24.548+0000] {logging_mixin.py:188} INFO - [2025-09-21T12:37:24.547+0000] {dag.py:3823} INFO - Setting next_dagrun for example_setup_teardown to 2025-09-20 00:00:00+00:00, run_after=2025-09-21 00:00:00+00:00
[2025-09-21T12:37:24.590+0000] {processor.py:183} INFO - Processing /home/airflow/.local/lib/python3.8/site-packages/airflow/example_dags/example_setup_teardown.py took 0.161 seconds
[2025-09-21T12:37:55.831+0000] {processor.py:161} INFO - Started process (PID=1886) to work on /home/airflow/.local/lib/python3.8/site-packages/airflow/example_dags/example_setup_teardown.py
[2025-09-21T12:37:55.834+0000] {processor.py:830} INFO - Processing file /home/airflow/.local/lib/python3.8/site-packages/airflow/example_dags/example_setup_teardown.py for tasks to queue
[2025-09-21T12:37:55.839+0000] {logging_mixin.py:188} INFO - [2025-09-21T12:37:55.838+0000] {dagbag.py:538} INFO - Filling up the DagBag from /home/airflow/.local/lib/python3.8/site-packages/airflow/example_dags/example_setup_teardown.py
[2025-09-21T12:37:55.858+0000] {processor.py:840} INFO - DAG(s) 'example_setup_teardown' retrieved from /home/airflow/.local/lib/python3.8/site-packages/airflow/example_dags/example_setup_teardown.py
[2025-09-21T12:37:55.955+0000] {logging_mixin.py:188} INFO - [2025-09-21T12:37:55.954+0000] {dag.py:3036} INFO - Sync 1 DAGs
[2025-09-21T12:37:56.019+0000] {logging_mixin.py:188} INFO - [2025-09-21T12:37:56.018+0000] {dag.py:3823} INFO - Setting next_dagrun for example_setup_teardown to 2025-09-20 00:00:00+00:00, run_after=2025-09-21 00:00:00+00:00
[2025-09-21T12:37:56.070+0000] {processor.py:183} INFO - Processing /home/airflow/.local/lib/python3.8/site-packages/airflow/example_dags/example_setup_teardown.py took 0.248 seconds
[2025-09-21T12:38:27.248+0000] {processor.py:161} INFO - Started process (PID=1944) to work on /home/airflow/.local/lib/python3.8/site-packages/airflow/example_dags/example_setup_teardown.py
[2025-09-21T12:38:27.251+0000] {processor.py:830} INFO - Processing file /home/airflow/.local/lib/python3.8/site-packages/airflow/example_dags/example_setup_teardown.py for tasks to queue
[2025-09-21T12:38:27.257+0000] {logging_mixin.py:188} INFO - [2025-09-21T12:38:27.256+0000] {dagbag.py:538} INFO - Filling up the DagBag from /home/airflow/.local/lib/python3.8/site-packages/airflow/example_dags/example_setup_teardown.py
[2025-09-21T12:38:27.277+0000] {processor.py:840} INFO - DAG(s) 'example_setup_teardown' retrieved from /home/airflow/.local/lib/python3.8/site-packages/airflow/example_dags/example_setup_teardown.py
[2025-09-21T12:38:27.350+0000] {logging_mixin.py:188} INFO - [2025-09-21T12:38:27.348+0000] {dag.py:3036} INFO - Sync 1 DAGs
[2025-09-21T12:38:27.427+0000] {logging_mixin.py:188} INFO - [2025-09-21T12:38:27.426+0000] {dag.py:3823} INFO - Setting next_dagrun for example_setup_teardown to 2025-09-20 00:00:00+00:00, run_after=2025-09-21 00:00:00+00:00
[2025-09-21T12:38:27.480+0000] {processor.py:183} INFO - Processing /home/airflow/.local/lib/python3.8/site-packages/airflow/example_dags/example_setup_teardown.py took 0.241 seconds
[2025-09-21T12:38:59.426+0000] {processor.py:161} INFO - Started process (PID=2009) to work on /home/airflow/.local/lib/python3.8/site-packages/airflow/example_dags/example_setup_teardown.py
[2025-09-21T12:38:59.430+0000] {processor.py:830} INFO - Processing file /home/airflow/.local/lib/python3.8/site-packages/airflow/example_dags/example_setup_teardown.py for tasks to queue
[2025-09-21T12:38:59.437+0000] {logging_mixin.py:188} INFO - [2025-09-21T12:38:59.436+0000] {dagbag.py:538} INFO - Filling up the DagBag from /home/airflow/.local/lib/python3.8/site-packages/airflow/example_dags/example_setup_teardown.py
[2025-09-21T12:38:59.465+0000] {processor.py:840} INFO - DAG(s) 'example_setup_teardown' retrieved from /home/airflow/.local/lib/python3.8/site-packages/airflow/example_dags/example_setup_teardown.py
[2025-09-21T12:38:59.566+0000] {logging_mixin.py:188} INFO - [2025-09-21T12:38:59.566+0000] {dag.py:3036} INFO - Sync 1 DAGs
[2025-09-21T12:39:00.129+0000] {logging_mixin.py:188} INFO - [2025-09-21T12:39:00.127+0000] {dag.py:3823} INFO - Setting next_dagrun for example_setup_teardown to 2025-09-20 00:00:00+00:00, run_after=2025-09-21 00:00:00+00:00
[2025-09-21T12:39:00.217+0000] {processor.py:183} INFO - Processing /home/airflow/.local/lib/python3.8/site-packages/airflow/example_dags/example_setup_teardown.py took 0.806 seconds
[2025-09-21T12:39:31.119+0000] {processor.py:161} INFO - Started process (PID=2067) to work on /home/airflow/.local/lib/python3.8/site-packages/airflow/example_dags/example_setup_teardown.py
[2025-09-21T12:39:31.121+0000] {processor.py:830} INFO - Processing file /home/airflow/.local/lib/python3.8/site-packages/airflow/example_dags/example_setup_teardown.py for tasks to queue
[2025-09-21T12:39:31.125+0000] {logging_mixin.py:188} INFO - [2025-09-21T12:39:31.124+0000] {dagbag.py:538} INFO - Filling up the DagBag from /home/airflow/.local/lib/python3.8/site-packages/airflow/example_dags/example_setup_teardown.py
[2025-09-21T12:39:31.137+0000] {processor.py:840} INFO - DAG(s) 'example_setup_teardown' retrieved from /home/airflow/.local/lib/python3.8/site-packages/airflow/example_dags/example_setup_teardown.py
[2025-09-21T12:39:31.198+0000] {logging_mixin.py:188} INFO - [2025-09-21T12:39:31.197+0000] {dag.py:3036} INFO - Sync 1 DAGs
[2025-09-21T12:39:31.558+0000] {logging_mixin.py:188} INFO - [2025-09-21T12:39:31.557+0000] {dag.py:3823} INFO - Setting next_dagrun for example_setup_teardown to 2025-09-20 00:00:00+00:00, run_after=2025-09-21 00:00:00+00:00
[2025-09-21T12:39:31.594+0000] {processor.py:183} INFO - Processing /home/airflow/.local/lib/python3.8/site-packages/airflow/example_dags/example_setup_teardown.py took 0.481 seconds
[2025-09-21T12:40:02.171+0000] {processor.py:161} INFO - Started process (PID=2125) to work on /home/airflow/.local/lib/python3.8/site-packages/airflow/example_dags/example_setup_teardown.py
[2025-09-21T12:40:02.173+0000] {processor.py:830} INFO - Processing file /home/airflow/.local/lib/python3.8/site-packages/airflow/example_dags/example_setup_teardown.py for tasks to queue
[2025-09-21T12:40:02.177+0000] {logging_mixin.py:188} INFO - [2025-09-21T12:40:02.176+0000] {dagbag.py:538} INFO - Filling up the DagBag from /home/airflow/.local/lib/python3.8/site-packages/airflow/example_dags/example_setup_teardown.py
[2025-09-21T12:40:02.190+0000] {processor.py:840} INFO - DAG(s) 'example_setup_teardown' retrieved from /home/airflow/.local/lib/python3.8/site-packages/airflow/example_dags/example_setup_teardown.py
[2025-09-21T12:40:02.227+0000] {logging_mixin.py:188} INFO - [2025-09-21T12:40:02.227+0000] {dag.py:3036} INFO - Sync 1 DAGs
[2025-09-21T12:40:02.288+0000] {logging_mixin.py:188} INFO - [2025-09-21T12:40:02.287+0000] {dag.py:3823} INFO - Setting next_dagrun for example_setup_teardown to 2025-09-20 00:00:00+00:00, run_after=2025-09-21 00:00:00+00:00
[2025-09-21T12:40:02.334+0000] {processor.py:183} INFO - Processing /home/airflow/.local/lib/python3.8/site-packages/airflow/example_dags/example_setup_teardown.py took 0.171 seconds
[2025-09-21T12:40:33.079+0000] {processor.py:161} INFO - Started process (PID=2183) to work on /home/airflow/.local/lib/python3.8/site-packages/airflow/example_dags/example_setup_teardown.py
[2025-09-21T12:40:33.083+0000] {processor.py:830} INFO - Processing file /home/airflow/.local/lib/python3.8/site-packages/airflow/example_dags/example_setup_teardown.py for tasks to queue
[2025-09-21T12:40:33.088+0000] {logging_mixin.py:188} INFO - [2025-09-21T12:40:33.088+0000] {dagbag.py:538} INFO - Filling up the DagBag from /home/airflow/.local/lib/python3.8/site-packages/airflow/example_dags/example_setup_teardown.py
[2025-09-21T12:40:33.108+0000] {processor.py:840} INFO - DAG(s) 'example_setup_teardown' retrieved from /home/airflow/.local/lib/python3.8/site-packages/airflow/example_dags/example_setup_teardown.py
[2025-09-21T12:40:33.166+0000] {logging_mixin.py:188} INFO - [2025-09-21T12:40:33.166+0000] {dag.py:3036} INFO - Sync 1 DAGs
[2025-09-21T12:40:33.241+0000] {logging_mixin.py:188} INFO - [2025-09-21T12:40:33.241+0000] {dag.py:3823} INFO - Setting next_dagrun for example_setup_teardown to 2025-09-20 00:00:00+00:00, run_after=2025-09-21 00:00:00+00:00
[2025-09-21T12:40:33.299+0000] {processor.py:183} INFO - Processing /home/airflow/.local/lib/python3.8/site-packages/airflow/example_dags/example_setup_teardown.py took 0.229 seconds
[2025-09-21T12:41:03.622+0000] {processor.py:161} INFO - Started process (PID=2241) to work on /home/airflow/.local/lib/python3.8/site-packages/airflow/example_dags/example_setup_teardown.py
[2025-09-21T12:41:03.624+0000] {processor.py:830} INFO - Processing file /home/airflow/.local/lib/python3.8/site-packages/airflow/example_dags/example_setup_teardown.py for tasks to queue
[2025-09-21T12:41:03.627+0000] {logging_mixin.py:188} INFO - [2025-09-21T12:41:03.627+0000] {dagbag.py:538} INFO - Filling up the DagBag from /home/airflow/.local/lib/python3.8/site-packages/airflow/example_dags/example_setup_teardown.py
[2025-09-21T12:41:03.639+0000] {processor.py:840} INFO - DAG(s) 'example_setup_teardown' retrieved from /home/airflow/.local/lib/python3.8/site-packages/airflow/example_dags/example_setup_teardown.py
[2025-09-21T12:41:03.678+0000] {logging_mixin.py:188} INFO - [2025-09-21T12:41:03.677+0000] {dag.py:3036} INFO - Sync 1 DAGs
[2025-09-21T12:41:03.730+0000] {logging_mixin.py:188} INFO - [2025-09-21T12:41:03.729+0000] {dag.py:3823} INFO - Setting next_dagrun for example_setup_teardown to 2025-09-20 00:00:00+00:00, run_after=2025-09-21 00:00:00+00:00
[2025-09-21T12:41:03.800+0000] {processor.py:183} INFO - Processing /home/airflow/.local/lib/python3.8/site-packages/airflow/example_dags/example_setup_teardown.py took 0.183 seconds
[2025-09-21T12:41:35.321+0000] {processor.py:161} INFO - Started process (PID=2299) to work on /home/airflow/.local/lib/python3.8/site-packages/airflow/example_dags/example_setup_teardown.py
[2025-09-21T12:41:35.323+0000] {processor.py:830} INFO - Processing file /home/airflow/.local/lib/python3.8/site-packages/airflow/example_dags/example_setup_teardown.py for tasks to queue
[2025-09-21T12:41:35.327+0000] {logging_mixin.py:188} INFO - [2025-09-21T12:41:35.326+0000] {dagbag.py:538} INFO - Filling up the DagBag from /home/airflow/.local/lib/python3.8/site-packages/airflow/example_dags/example_setup_teardown.py
[2025-09-21T12:41:35.340+0000] {processor.py:840} INFO - DAG(s) 'example_setup_teardown' retrieved from /home/airflow/.local/lib/python3.8/site-packages/airflow/example_dags/example_setup_teardown.py
[2025-09-21T12:41:35.377+0000] {logging_mixin.py:188} INFO - [2025-09-21T12:41:35.376+0000] {dag.py:3036} INFO - Sync 1 DAGs
[2025-09-21T12:41:35.417+0000] {logging_mixin.py:188} INFO - [2025-09-21T12:41:35.416+0000] {dag.py:3823} INFO - Setting next_dagrun for example_setup_teardown to 2025-09-20 00:00:00+00:00, run_after=2025-09-21 00:00:00+00:00
[2025-09-21T12:41:35.461+0000] {processor.py:183} INFO - Processing /home/airflow/.local/lib/python3.8/site-packages/airflow/example_dags/example_setup_teardown.py took 0.146 seconds
[2025-09-21T12:42:06.589+0000] {processor.py:161} INFO - Started process (PID=2357) to work on /home/airflow/.local/lib/python3.8/site-packages/airflow/example_dags/example_setup_teardown.py
[2025-09-21T12:42:06.591+0000] {processor.py:830} INFO - Processing file /home/airflow/.local/lib/python3.8/site-packages/airflow/example_dags/example_setup_teardown.py for tasks to queue
[2025-09-21T12:42:06.596+0000] {logging_mixin.py:188} INFO - [2025-09-21T12:42:06.595+0000] {dagbag.py:538} INFO - Filling up the DagBag from /home/airflow/.local/lib/python3.8/site-packages/airflow/example_dags/example_setup_teardown.py
[2025-09-21T12:42:06.613+0000] {processor.py:840} INFO - DAG(s) 'example_setup_teardown' retrieved from /home/airflow/.local/lib/python3.8/site-packages/airflow/example_dags/example_setup_teardown.py
[2025-09-21T12:42:06.660+0000] {logging_mixin.py:188} INFO - [2025-09-21T12:42:06.659+0000] {dag.py:3036} INFO - Sync 1 DAGs
[2025-09-21T12:42:06.706+0000] {logging_mixin.py:188} INFO - [2025-09-21T12:42:06.706+0000] {dag.py:3823} INFO - Setting next_dagrun for example_setup_teardown to 2025-09-20 00:00:00+00:00, run_after=2025-09-21 00:00:00+00:00
[2025-09-21T12:42:06.746+0000] {processor.py:183} INFO - Processing /home/airflow/.local/lib/python3.8/site-packages/airflow/example_dags/example_setup_teardown.py took 0.165 seconds
[2025-09-21T12:42:37.545+0000] {processor.py:161} INFO - Started process (PID=2415) to work on /home/airflow/.local/lib/python3.8/site-packages/airflow/example_dags/example_setup_teardown.py
[2025-09-21T12:42:37.548+0000] {processor.py:830} INFO - Processing file /home/airflow/.local/lib/python3.8/site-packages/airflow/example_dags/example_setup_teardown.py for tasks to queue
[2025-09-21T12:42:37.552+0000] {logging_mixin.py:188} INFO - [2025-09-21T12:42:37.551+0000] {dagbag.py:538} INFO - Filling up the DagBag from /home/airflow/.local/lib/python3.8/site-packages/airflow/example_dags/example_setup_teardown.py
[2025-09-21T12:42:37.565+0000] {processor.py:840} INFO - DAG(s) 'example_setup_teardown' retrieved from /home/airflow/.local/lib/python3.8/site-packages/airflow/example_dags/example_setup_teardown.py
[2025-09-21T12:42:37.620+0000] {logging_mixin.py:188} INFO - [2025-09-21T12:42:37.619+0000] {dag.py:3036} INFO - Sync 1 DAGs
[2025-09-21T12:42:37.677+0000] {logging_mixin.py:188} INFO - [2025-09-21T12:42:37.676+0000] {dag.py:3823} INFO - Setting next_dagrun for example_setup_teardown to 2025-09-20 00:00:00+00:00, run_after=2025-09-21 00:00:00+00:00
[2025-09-21T12:42:37.729+0000] {processor.py:183} INFO - Processing /home/airflow/.local/lib/python3.8/site-packages/airflow/example_dags/example_setup_teardown.py took 0.190 seconds
[2025-09-21T12:43:08.171+0000] {processor.py:161} INFO - Started process (PID=2472) to work on /home/airflow/.local/lib/python3.8/site-packages/airflow/example_dags/example_setup_teardown.py
[2025-09-21T12:43:08.174+0000] {processor.py:830} INFO - Processing file /home/airflow/.local/lib/python3.8/site-packages/airflow/example_dags/example_setup_teardown.py for tasks to queue
[2025-09-21T12:43:08.179+0000] {logging_mixin.py:188} INFO - [2025-09-21T12:43:08.179+0000] {dagbag.py:538} INFO - Filling up the DagBag from /home/airflow/.local/lib/python3.8/site-packages/airflow/example_dags/example_setup_teardown.py
[2025-09-21T12:43:08.197+0000] {processor.py:840} INFO - DAG(s) 'example_setup_teardown' retrieved from /home/airflow/.local/lib/python3.8/site-packages/airflow/example_dags/example_setup_teardown.py
[2025-09-21T12:43:08.258+0000] {logging_mixin.py:188} INFO - [2025-09-21T12:43:08.257+0000] {dag.py:3036} INFO - Sync 1 DAGs
[2025-09-21T12:43:08.318+0000] {logging_mixin.py:188} INFO - [2025-09-21T12:43:08.317+0000] {dag.py:3823} INFO - Setting next_dagrun for example_setup_teardown to 2025-09-20 00:00:00+00:00, run_after=2025-09-21 00:00:00+00:00
[2025-09-21T12:43:08.376+0000] {processor.py:183} INFO - Processing /home/airflow/.local/lib/python3.8/site-packages/airflow/example_dags/example_setup_teardown.py took 0.213 seconds
[2025-09-21T12:43:38.614+0000] {processor.py:161} INFO - Started process (PID=2529) to work on /home/airflow/.local/lib/python3.8/site-packages/airflow/example_dags/example_setup_teardown.py
[2025-09-21T12:43:38.616+0000] {processor.py:830} INFO - Processing file /home/airflow/.local/lib/python3.8/site-packages/airflow/example_dags/example_setup_teardown.py for tasks to queue
[2025-09-21T12:43:38.619+0000] {logging_mixin.py:188} INFO - [2025-09-21T12:43:38.618+0000] {dagbag.py:538} INFO - Filling up the DagBag from /home/airflow/.local/lib/python3.8/site-packages/airflow/example_dags/example_setup_teardown.py
[2025-09-21T12:43:38.632+0000] {processor.py:840} INFO - DAG(s) 'example_setup_teardown' retrieved from /home/airflow/.local/lib/python3.8/site-packages/airflow/example_dags/example_setup_teardown.py
[2025-09-21T12:43:38.676+0000] {logging_mixin.py:188} INFO - [2025-09-21T12:43:38.676+0000] {dag.py:3036} INFO - Sync 1 DAGs
[2025-09-21T12:43:38.718+0000] {logging_mixin.py:188} INFO - [2025-09-21T12:43:38.718+0000] {dag.py:3823} INFO - Setting next_dagrun for example_setup_teardown to 2025-09-20 00:00:00+00:00, run_after=2025-09-21 00:00:00+00:00
[2025-09-21T12:43:38.753+0000] {processor.py:183} INFO - Processing /home/airflow/.local/lib/python3.8/site-packages/airflow/example_dags/example_setup_teardown.py took 0.145 seconds
[2025-09-21T12:44:09.218+0000] {processor.py:161} INFO - Started process (PID=2585) to work on /home/airflow/.local/lib/python3.8/site-packages/airflow/example_dags/example_setup_teardown.py
[2025-09-21T12:44:09.221+0000] {processor.py:830} INFO - Processing file /home/airflow/.local/lib/python3.8/site-packages/airflow/example_dags/example_setup_teardown.py for tasks to queue
[2025-09-21T12:44:09.225+0000] {logging_mixin.py:188} INFO - [2025-09-21T12:44:09.225+0000] {dagbag.py:538} INFO - Filling up the DagBag from /home/airflow/.local/lib/python3.8/site-packages/airflow/example_dags/example_setup_teardown.py
[2025-09-21T12:44:09.243+0000] {processor.py:840} INFO - DAG(s) 'example_setup_teardown' retrieved from /home/airflow/.local/lib/python3.8/site-packages/airflow/example_dags/example_setup_teardown.py
[2025-09-21T12:44:09.302+0000] {logging_mixin.py:188} INFO - [2025-09-21T12:44:09.301+0000] {dag.py:3036} INFO - Sync 1 DAGs
[2025-09-21T12:44:09.371+0000] {logging_mixin.py:188} INFO - [2025-09-21T12:44:09.371+0000] {dag.py:3823} INFO - Setting next_dagrun for example_setup_teardown to 2025-09-20 00:00:00+00:00, run_after=2025-09-21 00:00:00+00:00
[2025-09-21T12:44:09.415+0000] {processor.py:183} INFO - Processing /home/airflow/.local/lib/python3.8/site-packages/airflow/example_dags/example_setup_teardown.py took 0.206 seconds
[2025-09-21T12:44:40.047+0000] {processor.py:161} INFO - Started process (PID=2643) to work on /home/airflow/.local/lib/python3.8/site-packages/airflow/example_dags/example_setup_teardown.py
[2025-09-21T12:44:40.050+0000] {processor.py:830} INFO - Processing file /home/airflow/.local/lib/python3.8/site-packages/airflow/example_dags/example_setup_teardown.py for tasks to queue
[2025-09-21T12:44:40.060+0000] {logging_mixin.py:188} INFO - [2025-09-21T12:44:40.059+0000] {dagbag.py:538} INFO - Filling up the DagBag from /home/airflow/.local/lib/python3.8/site-packages/airflow/example_dags/example_setup_teardown.py
[2025-09-21T12:44:40.074+0000] {processor.py:840} INFO - DAG(s) 'example_setup_teardown' retrieved from /home/airflow/.local/lib/python3.8/site-packages/airflow/example_dags/example_setup_teardown.py
[2025-09-21T12:44:40.125+0000] {logging_mixin.py:188} INFO - [2025-09-21T12:44:40.124+0000] {dag.py:3036} INFO - Sync 1 DAGs
[2025-09-21T12:44:40.168+0000] {logging_mixin.py:188} INFO - [2025-09-21T12:44:40.168+0000] {dag.py:3823} INFO - Setting next_dagrun for example_setup_teardown to 2025-09-20 00:00:00+00:00, run_after=2025-09-21 00:00:00+00:00
[2025-09-21T12:44:40.211+0000] {processor.py:183} INFO - Processing /home/airflow/.local/lib/python3.8/site-packages/airflow/example_dags/example_setup_teardown.py took 0.172 seconds
[2025-09-21T12:45:10.595+0000] {processor.py:161} INFO - Started process (PID=2701) to work on /home/airflow/.local/lib/python3.8/site-packages/airflow/example_dags/example_setup_teardown.py
[2025-09-21T12:45:10.597+0000] {processor.py:830} INFO - Processing file /home/airflow/.local/lib/python3.8/site-packages/airflow/example_dags/example_setup_teardown.py for tasks to queue
[2025-09-21T12:45:10.601+0000] {logging_mixin.py:188} INFO - [2025-09-21T12:45:10.600+0000] {dagbag.py:538} INFO - Filling up the DagBag from /home/airflow/.local/lib/python3.8/site-packages/airflow/example_dags/example_setup_teardown.py
[2025-09-21T12:45:10.613+0000] {processor.py:840} INFO - DAG(s) 'example_setup_teardown' retrieved from /home/airflow/.local/lib/python3.8/site-packages/airflow/example_dags/example_setup_teardown.py
[2025-09-21T12:45:10.652+0000] {logging_mixin.py:188} INFO - [2025-09-21T12:45:10.652+0000] {dag.py:3036} INFO - Sync 1 DAGs
[2025-09-21T12:45:10.695+0000] {logging_mixin.py:188} INFO - [2025-09-21T12:45:10.694+0000] {dag.py:3823} INFO - Setting next_dagrun for example_setup_teardown to 2025-09-20 00:00:00+00:00, run_after=2025-09-21 00:00:00+00:00
[2025-09-21T12:45:10.733+0000] {processor.py:183} INFO - Processing /home/airflow/.local/lib/python3.8/site-packages/airflow/example_dags/example_setup_teardown.py took 0.144 seconds
[2025-09-21T12:45:41.332+0000] {processor.py:161} INFO - Started process (PID=2759) to work on /home/airflow/.local/lib/python3.8/site-packages/airflow/example_dags/example_setup_teardown.py
[2025-09-21T12:45:41.335+0000] {processor.py:830} INFO - Processing file /home/airflow/.local/lib/python3.8/site-packages/airflow/example_dags/example_setup_teardown.py for tasks to queue
[2025-09-21T12:45:41.340+0000] {logging_mixin.py:188} INFO - [2025-09-21T12:45:41.339+0000] {dagbag.py:538} INFO - Filling up the DagBag from /home/airflow/.local/lib/python3.8/site-packages/airflow/example_dags/example_setup_teardown.py
[2025-09-21T12:45:41.359+0000] {processor.py:840} INFO - DAG(s) 'example_setup_teardown' retrieved from /home/airflow/.local/lib/python3.8/site-packages/airflow/example_dags/example_setup_teardown.py
[2025-09-21T12:45:41.420+0000] {logging_mixin.py:188} INFO - [2025-09-21T12:45:41.419+0000] {dag.py:3036} INFO - Sync 1 DAGs
[2025-09-21T12:45:41.490+0000] {logging_mixin.py:188} INFO - [2025-09-21T12:45:41.489+0000] {dag.py:3823} INFO - Setting next_dagrun for example_setup_teardown to 2025-09-20 00:00:00+00:00, run_after=2025-09-21 00:00:00+00:00
[2025-09-21T12:45:41.551+0000] {processor.py:183} INFO - Processing /home/airflow/.local/lib/python3.8/site-packages/airflow/example_dags/example_setup_teardown.py took 0.228 seconds
[2025-09-21T12:46:12.374+0000] {processor.py:161} INFO - Started process (PID=2817) to work on /home/airflow/.local/lib/python3.8/site-packages/airflow/example_dags/example_setup_teardown.py
[2025-09-21T12:46:12.378+0000] {processor.py:830} INFO - Processing file /home/airflow/.local/lib/python3.8/site-packages/airflow/example_dags/example_setup_teardown.py for tasks to queue
[2025-09-21T12:46:12.387+0000] {logging_mixin.py:188} INFO - [2025-09-21T12:46:12.385+0000] {dagbag.py:538} INFO - Filling up the DagBag from /home/airflow/.local/lib/python3.8/site-packages/airflow/example_dags/example_setup_teardown.py
[2025-09-21T12:46:12.416+0000] {processor.py:840} INFO - DAG(s) 'example_setup_teardown' retrieved from /home/airflow/.local/lib/python3.8/site-packages/airflow/example_dags/example_setup_teardown.py
[2025-09-21T12:46:12.514+0000] {logging_mixin.py:188} INFO - [2025-09-21T12:46:12.513+0000] {dag.py:3036} INFO - Sync 1 DAGs
[2025-09-21T12:46:12.639+0000] {logging_mixin.py:188} INFO - [2025-09-21T12:46:12.638+0000] {dag.py:3823} INFO - Setting next_dagrun for example_setup_teardown to 2025-09-20 00:00:00+00:00, run_after=2025-09-21 00:00:00+00:00
[2025-09-21T12:46:12.728+0000] {processor.py:183} INFO - Processing /home/airflow/.local/lib/python3.8/site-packages/airflow/example_dags/example_setup_teardown.py took 0.369 seconds
[2025-09-21T12:46:43.010+0000] {processor.py:161} INFO - Started process (PID=2875) to work on /home/airflow/.local/lib/python3.8/site-packages/airflow/example_dags/example_setup_teardown.py
[2025-09-21T12:46:43.015+0000] {processor.py:830} INFO - Processing file /home/airflow/.local/lib/python3.8/site-packages/airflow/example_dags/example_setup_teardown.py for tasks to queue
[2025-09-21T12:46:43.023+0000] {logging_mixin.py:188} INFO - [2025-09-21T12:46:43.021+0000] {dagbag.py:538} INFO - Filling up the DagBag from /home/airflow/.local/lib/python3.8/site-packages/airflow/example_dags/example_setup_teardown.py
[2025-09-21T12:46:43.059+0000] {processor.py:840} INFO - DAG(s) 'example_setup_teardown' retrieved from /home/airflow/.local/lib/python3.8/site-packages/airflow/example_dags/example_setup_teardown.py
[2025-09-21T12:46:43.149+0000] {logging_mixin.py:188} INFO - [2025-09-21T12:46:43.148+0000] {dag.py:3036} INFO - Sync 1 DAGs
[2025-09-21T12:46:43.253+0000] {logging_mixin.py:188} INFO - [2025-09-21T12:46:43.253+0000] {dag.py:3823} INFO - Setting next_dagrun for example_setup_teardown to 2025-09-20 00:00:00+00:00, run_after=2025-09-21 00:00:00+00:00
[2025-09-21T12:46:43.346+0000] {processor.py:183} INFO - Processing /home/airflow/.local/lib/python3.8/site-packages/airflow/example_dags/example_setup_teardown.py took 0.350 seconds
[2025-09-21T12:47:14.018+0000] {processor.py:161} INFO - Started process (PID=2933) to work on /home/airflow/.local/lib/python3.8/site-packages/airflow/example_dags/example_setup_teardown.py
[2025-09-21T12:47:14.021+0000] {processor.py:830} INFO - Processing file /home/airflow/.local/lib/python3.8/site-packages/airflow/example_dags/example_setup_teardown.py for tasks to queue
[2025-09-21T12:47:14.026+0000] {logging_mixin.py:188} INFO - [2025-09-21T12:47:14.025+0000] {dagbag.py:538} INFO - Filling up the DagBag from /home/airflow/.local/lib/python3.8/site-packages/airflow/example_dags/example_setup_teardown.py
[2025-09-21T12:47:14.043+0000] {processor.py:840} INFO - DAG(s) 'example_setup_teardown' retrieved from /home/airflow/.local/lib/python3.8/site-packages/airflow/example_dags/example_setup_teardown.py
[2025-09-21T12:47:14.098+0000] {logging_mixin.py:188} INFO - [2025-09-21T12:47:14.098+0000] {dag.py:3036} INFO - Sync 1 DAGs
[2025-09-21T12:47:14.167+0000] {logging_mixin.py:188} INFO - [2025-09-21T12:47:14.166+0000] {dag.py:3823} INFO - Setting next_dagrun for example_setup_teardown to 2025-09-20 00:00:00+00:00, run_after=2025-09-21 00:00:00+00:00
[2025-09-21T12:47:14.217+0000] {processor.py:183} INFO - Processing /home/airflow/.local/lib/python3.8/site-packages/airflow/example_dags/example_setup_teardown.py took 0.207 seconds
[2025-09-21T12:47:44.354+0000] {processor.py:161} INFO - Started process (PID=2991) to work on /home/airflow/.local/lib/python3.8/site-packages/airflow/example_dags/example_setup_teardown.py
[2025-09-21T12:47:44.357+0000] {processor.py:830} INFO - Processing file /home/airflow/.local/lib/python3.8/site-packages/airflow/example_dags/example_setup_teardown.py for tasks to queue
[2025-09-21T12:47:44.361+0000] {logging_mixin.py:188} INFO - [2025-09-21T12:47:44.360+0000] {dagbag.py:538} INFO - Filling up the DagBag from /home/airflow/.local/lib/python3.8/site-packages/airflow/example_dags/example_setup_teardown.py
[2025-09-21T12:47:44.375+0000] {processor.py:840} INFO - DAG(s) 'example_setup_teardown' retrieved from /home/airflow/.local/lib/python3.8/site-packages/airflow/example_dags/example_setup_teardown.py
[2025-09-21T12:47:44.424+0000] {logging_mixin.py:188} INFO - [2025-09-21T12:47:44.424+0000] {dag.py:3036} INFO - Sync 1 DAGs
[2025-09-21T12:47:44.477+0000] {logging_mixin.py:188} INFO - [2025-09-21T12:47:44.476+0000] {dag.py:3823} INFO - Setting next_dagrun for example_setup_teardown to 2025-09-20 00:00:00+00:00, run_after=2025-09-21 00:00:00+00:00
[2025-09-21T12:47:44.517+0000] {processor.py:183} INFO - Processing /home/airflow/.local/lib/python3.8/site-packages/airflow/example_dags/example_setup_teardown.py took 0.172 seconds
[2025-09-21T12:48:14.960+0000] {processor.py:161} INFO - Started process (PID=3049) to work on /home/airflow/.local/lib/python3.8/site-packages/airflow/example_dags/example_setup_teardown.py
[2025-09-21T12:48:14.964+0000] {processor.py:830} INFO - Processing file /home/airflow/.local/lib/python3.8/site-packages/airflow/example_dags/example_setup_teardown.py for tasks to queue
[2025-09-21T12:48:14.972+0000] {logging_mixin.py:188} INFO - [2025-09-21T12:48:14.971+0000] {dagbag.py:538} INFO - Filling up the DagBag from /home/airflow/.local/lib/python3.8/site-packages/airflow/example_dags/example_setup_teardown.py
[2025-09-21T12:48:15.004+0000] {processor.py:840} INFO - DAG(s) 'example_setup_teardown' retrieved from /home/airflow/.local/lib/python3.8/site-packages/airflow/example_dags/example_setup_teardown.py
[2025-09-21T12:48:15.101+0000] {logging_mixin.py:188} INFO - [2025-09-21T12:48:15.100+0000] {dag.py:3036} INFO - Sync 1 DAGs
[2025-09-21T12:48:15.203+0000] {logging_mixin.py:188} INFO - [2025-09-21T12:48:15.203+0000] {dag.py:3823} INFO - Setting next_dagrun for example_setup_teardown to 2025-09-20 00:00:00+00:00, run_after=2025-09-21 00:00:00+00:00
[2025-09-21T12:48:15.300+0000] {processor.py:183} INFO - Processing /home/airflow/.local/lib/python3.8/site-packages/airflow/example_dags/example_setup_teardown.py took 0.355 seconds
[2025-09-21T12:48:45.548+0000] {processor.py:161} INFO - Started process (PID=3107) to work on /home/airflow/.local/lib/python3.8/site-packages/airflow/example_dags/example_setup_teardown.py
[2025-09-21T12:48:45.551+0000] {processor.py:830} INFO - Processing file /home/airflow/.local/lib/python3.8/site-packages/airflow/example_dags/example_setup_teardown.py for tasks to queue
[2025-09-21T12:48:45.559+0000] {logging_mixin.py:188} INFO - [2025-09-21T12:48:45.558+0000] {dagbag.py:538} INFO - Filling up the DagBag from /home/airflow/.local/lib/python3.8/site-packages/airflow/example_dags/example_setup_teardown.py
[2025-09-21T12:48:45.589+0000] {processor.py:840} INFO - DAG(s) 'example_setup_teardown' retrieved from /home/airflow/.local/lib/python3.8/site-packages/airflow/example_dags/example_setup_teardown.py
[2025-09-21T12:48:45.676+0000] {logging_mixin.py:188} INFO - [2025-09-21T12:48:45.675+0000] {dag.py:3036} INFO - Sync 1 DAGs
[2025-09-21T12:48:45.755+0000] {logging_mixin.py:188} INFO - [2025-09-21T12:48:45.755+0000] {dag.py:3823} INFO - Setting next_dagrun for example_setup_teardown to 2025-09-20 00:00:00+00:00, run_after=2025-09-21 00:00:00+00:00
[2025-09-21T12:48:45.793+0000] {processor.py:183} INFO - Processing /home/airflow/.local/lib/python3.8/site-packages/airflow/example_dags/example_setup_teardown.py took 0.258 seconds
[2025-09-21T12:49:16.607+0000] {processor.py:161} INFO - Started process (PID=3165) to work on /home/airflow/.local/lib/python3.8/site-packages/airflow/example_dags/example_setup_teardown.py
[2025-09-21T12:49:16.612+0000] {processor.py:830} INFO - Processing file /home/airflow/.local/lib/python3.8/site-packages/airflow/example_dags/example_setup_teardown.py for tasks to queue
[2025-09-21T12:49:16.620+0000] {logging_mixin.py:188} INFO - [2025-09-21T12:49:16.619+0000] {dagbag.py:538} INFO - Filling up the DagBag from /home/airflow/.local/lib/python3.8/site-packages/airflow/example_dags/example_setup_teardown.py
[2025-09-21T12:49:16.649+0000] {processor.py:840} INFO - DAG(s) 'example_setup_teardown' retrieved from /home/airflow/.local/lib/python3.8/site-packages/airflow/example_dags/example_setup_teardown.py
[2025-09-21T12:49:16.739+0000] {logging_mixin.py:188} INFO - [2025-09-21T12:49:16.739+0000] {dag.py:3036} INFO - Sync 1 DAGs
[2025-09-21T12:49:16.815+0000] {logging_mixin.py:188} INFO - [2025-09-21T12:49:16.814+0000] {dag.py:3823} INFO - Setting next_dagrun for example_setup_teardown to 2025-09-20 00:00:00+00:00, run_after=2025-09-21 00:00:00+00:00
[2025-09-21T12:49:16.861+0000] {processor.py:183} INFO - Processing /home/airflow/.local/lib/python3.8/site-packages/airflow/example_dags/example_setup_teardown.py took 0.267 seconds
[2025-09-21T12:49:47.025+0000] {processor.py:161} INFO - Started process (PID=3224) to work on /home/airflow/.local/lib/python3.8/site-packages/airflow/example_dags/example_setup_teardown.py
[2025-09-21T12:49:47.027+0000] {processor.py:830} INFO - Processing file /home/airflow/.local/lib/python3.8/site-packages/airflow/example_dags/example_setup_teardown.py for tasks to queue
[2025-09-21T12:49:47.031+0000] {logging_mixin.py:188} INFO - [2025-09-21T12:49:47.031+0000] {dagbag.py:538} INFO - Filling up the DagBag from /home/airflow/.local/lib/python3.8/site-packages/airflow/example_dags/example_setup_teardown.py
[2025-09-21T12:49:47.044+0000] {processor.py:840} INFO - DAG(s) 'example_setup_teardown' retrieved from /home/airflow/.local/lib/python3.8/site-packages/airflow/example_dags/example_setup_teardown.py
[2025-09-21T12:49:47.089+0000] {logging_mixin.py:188} INFO - [2025-09-21T12:49:47.089+0000] {dag.py:3036} INFO - Sync 1 DAGs
[2025-09-21T12:49:47.139+0000] {logging_mixin.py:188} INFO - [2025-09-21T12:49:47.138+0000] {dag.py:3823} INFO - Setting next_dagrun for example_setup_teardown to 2025-09-20 00:00:00+00:00, run_after=2025-09-21 00:00:00+00:00
[2025-09-21T12:49:47.182+0000] {processor.py:183} INFO - Processing /home/airflow/.local/lib/python3.8/site-packages/airflow/example_dags/example_setup_teardown.py took 0.164 seconds
[2025-09-21T15:01:32.255+0000] {processor.py:161} INFO - Started process (PID=91) to work on /home/airflow/.local/lib/python3.8/site-packages/airflow/example_dags/example_setup_teardown.py
[2025-09-21T15:01:32.258+0000] {processor.py:830} INFO - Processing file /home/airflow/.local/lib/python3.8/site-packages/airflow/example_dags/example_setup_teardown.py for tasks to queue
[2025-09-21T15:01:32.264+0000] {logging_mixin.py:188} INFO - [2025-09-21T15:01:32.263+0000] {dagbag.py:538} INFO - Filling up the DagBag from /home/airflow/.local/lib/python3.8/site-packages/airflow/example_dags/example_setup_teardown.py
[2025-09-21T15:01:32.320+0000] {processor.py:840} INFO - DAG(s) 'example_setup_teardown' retrieved from /home/airflow/.local/lib/python3.8/site-packages/airflow/example_dags/example_setup_teardown.py
[2025-09-21T15:01:32.693+0000] {logging_mixin.py:188} INFO - [2025-09-21T15:01:32.693+0000] {dag.py:3036} INFO - Sync 1 DAGs
[2025-09-21T15:01:32.744+0000] {logging_mixin.py:188} INFO - [2025-09-21T15:01:32.743+0000] {dag.py:3823} INFO - Setting next_dagrun for example_setup_teardown to 2025-09-20 00:00:00+00:00, run_after=2025-09-21 00:00:00+00:00
[2025-09-21T15:01:32.793+0000] {processor.py:183} INFO - Processing /home/airflow/.local/lib/python3.8/site-packages/airflow/example_dags/example_setup_teardown.py took 0.548 seconds
[2025-09-21T15:02:03.236+0000] {processor.py:161} INFO - Started process (PID=149) to work on /home/airflow/.local/lib/python3.8/site-packages/airflow/example_dags/example_setup_teardown.py
[2025-09-21T15:02:03.238+0000] {processor.py:830} INFO - Processing file /home/airflow/.local/lib/python3.8/site-packages/airflow/example_dags/example_setup_teardown.py for tasks to queue
[2025-09-21T15:02:03.241+0000] {logging_mixin.py:188} INFO - [2025-09-21T15:02:03.240+0000] {dagbag.py:538} INFO - Filling up the DagBag from /home/airflow/.local/lib/python3.8/site-packages/airflow/example_dags/example_setup_teardown.py
[2025-09-21T15:02:03.252+0000] {processor.py:840} INFO - DAG(s) 'example_setup_teardown' retrieved from /home/airflow/.local/lib/python3.8/site-packages/airflow/example_dags/example_setup_teardown.py
[2025-09-21T15:02:03.287+0000] {logging_mixin.py:188} INFO - [2025-09-21T15:02:03.287+0000] {dag.py:3036} INFO - Sync 1 DAGs
[2025-09-21T15:02:03.325+0000] {logging_mixin.py:188} INFO - [2025-09-21T15:02:03.325+0000] {dag.py:3823} INFO - Setting next_dagrun for example_setup_teardown to 2025-09-20 00:00:00+00:00, run_after=2025-09-21 00:00:00+00:00
[2025-09-21T15:02:03.364+0000] {processor.py:183} INFO - Processing /home/airflow/.local/lib/python3.8/site-packages/airflow/example_dags/example_setup_teardown.py took 0.134 seconds
[2025-09-21T15:02:33.665+0000] {processor.py:161} INFO - Started process (PID=207) to work on /home/airflow/.local/lib/python3.8/site-packages/airflow/example_dags/example_setup_teardown.py
[2025-09-21T15:02:33.667+0000] {processor.py:830} INFO - Processing file /home/airflow/.local/lib/python3.8/site-packages/airflow/example_dags/example_setup_teardown.py for tasks to queue
[2025-09-21T15:02:33.670+0000] {logging_mixin.py:188} INFO - [2025-09-21T15:02:33.670+0000] {dagbag.py:538} INFO - Filling up the DagBag from /home/airflow/.local/lib/python3.8/site-packages/airflow/example_dags/example_setup_teardown.py
[2025-09-21T15:02:33.683+0000] {processor.py:840} INFO - DAG(s) 'example_setup_teardown' retrieved from /home/airflow/.local/lib/python3.8/site-packages/airflow/example_dags/example_setup_teardown.py
[2025-09-21T15:02:33.722+0000] {logging_mixin.py:188} INFO - [2025-09-21T15:02:33.721+0000] {dag.py:3036} INFO - Sync 1 DAGs
[2025-09-21T15:02:33.769+0000] {logging_mixin.py:188} INFO - [2025-09-21T15:02:33.769+0000] {dag.py:3823} INFO - Setting next_dagrun for example_setup_teardown to 2025-09-20 00:00:00+00:00, run_after=2025-09-21 00:00:00+00:00
[2025-09-21T15:02:33.806+0000] {processor.py:183} INFO - Processing /home/airflow/.local/lib/python3.8/site-packages/airflow/example_dags/example_setup_teardown.py took 0.146 seconds
[2025-09-21T15:03:04.252+0000] {processor.py:161} INFO - Started process (PID=265) to work on /home/airflow/.local/lib/python3.8/site-packages/airflow/example_dags/example_setup_teardown.py
[2025-09-21T15:03:04.254+0000] {processor.py:830} INFO - Processing file /home/airflow/.local/lib/python3.8/site-packages/airflow/example_dags/example_setup_teardown.py for tasks to queue
[2025-09-21T15:03:04.259+0000] {logging_mixin.py:188} INFO - [2025-09-21T15:03:04.258+0000] {dagbag.py:538} INFO - Filling up the DagBag from /home/airflow/.local/lib/python3.8/site-packages/airflow/example_dags/example_setup_teardown.py
[2025-09-21T15:03:04.275+0000] {processor.py:840} INFO - DAG(s) 'example_setup_teardown' retrieved from /home/airflow/.local/lib/python3.8/site-packages/airflow/example_dags/example_setup_teardown.py
[2025-09-21T15:03:04.315+0000] {logging_mixin.py:188} INFO - [2025-09-21T15:03:04.315+0000] {dag.py:3036} INFO - Sync 1 DAGs
[2025-09-21T15:03:04.357+0000] {logging_mixin.py:188} INFO - [2025-09-21T15:03:04.357+0000] {dag.py:3823} INFO - Setting next_dagrun for example_setup_teardown to 2025-09-20 00:00:00+00:00, run_after=2025-09-21 00:00:00+00:00
[2025-09-21T15:03:04.395+0000] {processor.py:183} INFO - Processing /home/airflow/.local/lib/python3.8/site-packages/airflow/example_dags/example_setup_teardown.py took 0.148 seconds
[2025-09-21T15:03:35.446+0000] {processor.py:161} INFO - Started process (PID=329) to work on /home/airflow/.local/lib/python3.8/site-packages/airflow/example_dags/example_setup_teardown.py
[2025-09-21T15:03:35.448+0000] {processor.py:830} INFO - Processing file /home/airflow/.local/lib/python3.8/site-packages/airflow/example_dags/example_setup_teardown.py for tasks to queue
[2025-09-21T15:03:35.451+0000] {logging_mixin.py:188} INFO - [2025-09-21T15:03:35.451+0000] {dagbag.py:538} INFO - Filling up the DagBag from /home/airflow/.local/lib/python3.8/site-packages/airflow/example_dags/example_setup_teardown.py
[2025-09-21T15:03:35.463+0000] {processor.py:840} INFO - DAG(s) 'example_setup_teardown' retrieved from /home/airflow/.local/lib/python3.8/site-packages/airflow/example_dags/example_setup_teardown.py
[2025-09-21T15:03:35.501+0000] {logging_mixin.py:188} INFO - [2025-09-21T15:03:35.501+0000] {dag.py:3036} INFO - Sync 1 DAGs
[2025-09-21T15:03:35.541+0000] {logging_mixin.py:188} INFO - [2025-09-21T15:03:35.541+0000] {dag.py:3823} INFO - Setting next_dagrun for example_setup_teardown to 2025-09-20 00:00:00+00:00, run_after=2025-09-21 00:00:00+00:00
[2025-09-21T15:03:35.582+0000] {processor.py:183} INFO - Processing /home/airflow/.local/lib/python3.8/site-packages/airflow/example_dags/example_setup_teardown.py took 0.142 seconds
[2025-09-21T15:04:06.346+0000] {processor.py:161} INFO - Started process (PID=387) to work on /home/airflow/.local/lib/python3.8/site-packages/airflow/example_dags/example_setup_teardown.py
[2025-09-21T15:04:06.348+0000] {processor.py:830} INFO - Processing file /home/airflow/.local/lib/python3.8/site-packages/airflow/example_dags/example_setup_teardown.py for tasks to queue
[2025-09-21T15:04:06.353+0000] {logging_mixin.py:188} INFO - [2025-09-21T15:04:06.352+0000] {dagbag.py:538} INFO - Filling up the DagBag from /home/airflow/.local/lib/python3.8/site-packages/airflow/example_dags/example_setup_teardown.py
[2025-09-21T15:04:06.369+0000] {processor.py:840} INFO - DAG(s) 'example_setup_teardown' retrieved from /home/airflow/.local/lib/python3.8/site-packages/airflow/example_dags/example_setup_teardown.py
[2025-09-21T15:04:06.410+0000] {logging_mixin.py:188} INFO - [2025-09-21T15:04:06.410+0000] {dag.py:3036} INFO - Sync 1 DAGs
[2025-09-21T15:04:06.457+0000] {logging_mixin.py:188} INFO - [2025-09-21T15:04:06.456+0000] {dag.py:3823} INFO - Setting next_dagrun for example_setup_teardown to 2025-09-20 00:00:00+00:00, run_after=2025-09-21 00:00:00+00:00
[2025-09-21T15:04:06.494+0000] {processor.py:183} INFO - Processing /home/airflow/.local/lib/python3.8/site-packages/airflow/example_dags/example_setup_teardown.py took 0.156 seconds
[2025-09-21T15:04:37.368+0000] {processor.py:161} INFO - Started process (PID=445) to work on /home/airflow/.local/lib/python3.8/site-packages/airflow/example_dags/example_setup_teardown.py
[2025-09-21T15:04:37.369+0000] {processor.py:830} INFO - Processing file /home/airflow/.local/lib/python3.8/site-packages/airflow/example_dags/example_setup_teardown.py for tasks to queue
[2025-09-21T15:04:37.373+0000] {logging_mixin.py:188} INFO - [2025-09-21T15:04:37.373+0000] {dagbag.py:538} INFO - Filling up the DagBag from /home/airflow/.local/lib/python3.8/site-packages/airflow/example_dags/example_setup_teardown.py
[2025-09-21T15:04:37.385+0000] {processor.py:840} INFO - DAG(s) 'example_setup_teardown' retrieved from /home/airflow/.local/lib/python3.8/site-packages/airflow/example_dags/example_setup_teardown.py
[2025-09-21T15:04:37.427+0000] {logging_mixin.py:188} INFO - [2025-09-21T15:04:37.426+0000] {dag.py:3036} INFO - Sync 1 DAGs
[2025-09-21T15:04:37.470+0000] {logging_mixin.py:188} INFO - [2025-09-21T15:04:37.470+0000] {dag.py:3823} INFO - Setting next_dagrun for example_setup_teardown to 2025-09-20 00:00:00+00:00, run_after=2025-09-21 00:00:00+00:00
[2025-09-21T15:04:37.508+0000] {processor.py:183} INFO - Processing /home/airflow/.local/lib/python3.8/site-packages/airflow/example_dags/example_setup_teardown.py took 0.147 seconds
[2025-09-21T15:05:08.660+0000] {processor.py:161} INFO - Started process (PID=502) to work on /home/airflow/.local/lib/python3.8/site-packages/airflow/example_dags/example_setup_teardown.py
[2025-09-21T15:05:08.662+0000] {processor.py:830} INFO - Processing file /home/airflow/.local/lib/python3.8/site-packages/airflow/example_dags/example_setup_teardown.py for tasks to queue
[2025-09-21T15:05:08.666+0000] {logging_mixin.py:188} INFO - [2025-09-21T15:05:08.665+0000] {dagbag.py:538} INFO - Filling up the DagBag from /home/airflow/.local/lib/python3.8/site-packages/airflow/example_dags/example_setup_teardown.py
[2025-09-21T15:05:08.679+0000] {processor.py:840} INFO - DAG(s) 'example_setup_teardown' retrieved from /home/airflow/.local/lib/python3.8/site-packages/airflow/example_dags/example_setup_teardown.py
[2025-09-21T15:05:08.730+0000] {logging_mixin.py:188} INFO - [2025-09-21T15:05:08.730+0000] {dag.py:3036} INFO - Sync 1 DAGs
[2025-09-21T15:05:08.772+0000] {logging_mixin.py:188} INFO - [2025-09-21T15:05:08.772+0000] {dag.py:3823} INFO - Setting next_dagrun for example_setup_teardown to 2025-09-20 00:00:00+00:00, run_after=2025-09-21 00:00:00+00:00
[2025-09-21T15:05:08.806+0000] {processor.py:183} INFO - Processing /home/airflow/.local/lib/python3.8/site-packages/airflow/example_dags/example_setup_teardown.py took 0.151 seconds
[2025-09-21T15:05:39.811+0000] {processor.py:161} INFO - Started process (PID=560) to work on /home/airflow/.local/lib/python3.8/site-packages/airflow/example_dags/example_setup_teardown.py
[2025-09-21T15:05:39.812+0000] {processor.py:830} INFO - Processing file /home/airflow/.local/lib/python3.8/site-packages/airflow/example_dags/example_setup_teardown.py for tasks to queue
[2025-09-21T15:05:39.816+0000] {logging_mixin.py:188} INFO - [2025-09-21T15:05:39.815+0000] {dagbag.py:538} INFO - Filling up the DagBag from /home/airflow/.local/lib/python3.8/site-packages/airflow/example_dags/example_setup_teardown.py
[2025-09-21T15:05:39.827+0000] {processor.py:840} INFO - DAG(s) 'example_setup_teardown' retrieved from /home/airflow/.local/lib/python3.8/site-packages/airflow/example_dags/example_setup_teardown.py
[2025-09-21T15:05:39.884+0000] {logging_mixin.py:188} INFO - [2025-09-21T15:05:39.884+0000] {dag.py:3036} INFO - Sync 1 DAGs
[2025-09-21T15:05:39.924+0000] {logging_mixin.py:188} INFO - [2025-09-21T15:05:39.924+0000] {dag.py:3823} INFO - Setting next_dagrun for example_setup_teardown to 2025-09-20 00:00:00+00:00, run_after=2025-09-21 00:00:00+00:00
[2025-09-21T15:05:39.958+0000] {processor.py:183} INFO - Processing /home/airflow/.local/lib/python3.8/site-packages/airflow/example_dags/example_setup_teardown.py took 0.153 seconds
[2025-09-21T15:06:10.071+0000] {processor.py:161} INFO - Started process (PID=616) to work on /home/airflow/.local/lib/python3.8/site-packages/airflow/example_dags/example_setup_teardown.py
[2025-09-21T15:06:10.073+0000] {processor.py:830} INFO - Processing file /home/airflow/.local/lib/python3.8/site-packages/airflow/example_dags/example_setup_teardown.py for tasks to queue
[2025-09-21T15:06:10.077+0000] {logging_mixin.py:188} INFO - [2025-09-21T15:06:10.076+0000] {dagbag.py:538} INFO - Filling up the DagBag from /home/airflow/.local/lib/python3.8/site-packages/airflow/example_dags/example_setup_teardown.py
[2025-09-21T15:06:10.088+0000] {processor.py:840} INFO - DAG(s) 'example_setup_teardown' retrieved from /home/airflow/.local/lib/python3.8/site-packages/airflow/example_dags/example_setup_teardown.py
[2025-09-21T15:06:10.124+0000] {logging_mixin.py:188} INFO - [2025-09-21T15:06:10.124+0000] {dag.py:3036} INFO - Sync 1 DAGs
[2025-09-21T15:06:10.164+0000] {logging_mixin.py:188} INFO - [2025-09-21T15:06:10.163+0000] {dag.py:3823} INFO - Setting next_dagrun for example_setup_teardown to 2025-09-20 00:00:00+00:00, run_after=2025-09-21 00:00:00+00:00
[2025-09-21T15:06:10.203+0000] {processor.py:183} INFO - Processing /home/airflow/.local/lib/python3.8/site-packages/airflow/example_dags/example_setup_teardown.py took 0.137 seconds
[2025-09-21T15:06:40.273+0000] {processor.py:161} INFO - Started process (PID=674) to work on /home/airflow/.local/lib/python3.8/site-packages/airflow/example_dags/example_setup_teardown.py
[2025-09-21T15:06:40.275+0000] {processor.py:830} INFO - Processing file /home/airflow/.local/lib/python3.8/site-packages/airflow/example_dags/example_setup_teardown.py for tasks to queue
[2025-09-21T15:06:40.280+0000] {logging_mixin.py:188} INFO - [2025-09-21T15:06:40.279+0000] {dagbag.py:538} INFO - Filling up the DagBag from /home/airflow/.local/lib/python3.8/site-packages/airflow/example_dags/example_setup_teardown.py
[2025-09-21T15:06:40.291+0000] {processor.py:840} INFO - DAG(s) 'example_setup_teardown' retrieved from /home/airflow/.local/lib/python3.8/site-packages/airflow/example_dags/example_setup_teardown.py
[2025-09-21T15:06:40.326+0000] {logging_mixin.py:188} INFO - [2025-09-21T15:06:40.326+0000] {dag.py:3036} INFO - Sync 1 DAGs
[2025-09-21T15:06:40.371+0000] {logging_mixin.py:188} INFO - [2025-09-21T15:06:40.370+0000] {dag.py:3823} INFO - Setting next_dagrun for example_setup_teardown to 2025-09-20 00:00:00+00:00, run_after=2025-09-21 00:00:00+00:00
[2025-09-21T15:06:40.410+0000] {processor.py:183} INFO - Processing /home/airflow/.local/lib/python3.8/site-packages/airflow/example_dags/example_setup_teardown.py took 0.143 seconds
[2025-09-21T15:07:10.872+0000] {processor.py:161} INFO - Started process (PID=732) to work on /home/airflow/.local/lib/python3.8/site-packages/airflow/example_dags/example_setup_teardown.py
[2025-09-21T15:07:10.875+0000] {processor.py:830} INFO - Processing file /home/airflow/.local/lib/python3.8/site-packages/airflow/example_dags/example_setup_teardown.py for tasks to queue
[2025-09-21T15:07:10.879+0000] {logging_mixin.py:188} INFO - [2025-09-21T15:07:10.878+0000] {dagbag.py:538} INFO - Filling up the DagBag from /home/airflow/.local/lib/python3.8/site-packages/airflow/example_dags/example_setup_teardown.py
[2025-09-21T15:07:10.893+0000] {processor.py:840} INFO - DAG(s) 'example_setup_teardown' retrieved from /home/airflow/.local/lib/python3.8/site-packages/airflow/example_dags/example_setup_teardown.py
[2025-09-21T15:07:10.939+0000] {logging_mixin.py:188} INFO - [2025-09-21T15:07:10.938+0000] {dag.py:3036} INFO - Sync 1 DAGs
[2025-09-21T15:07:11.010+0000] {logging_mixin.py:188} INFO - [2025-09-21T15:07:11.009+0000] {dag.py:3823} INFO - Setting next_dagrun for example_setup_teardown to 2025-09-20 00:00:00+00:00, run_after=2025-09-21 00:00:00+00:00
[2025-09-21T15:07:11.071+0000] {processor.py:183} INFO - Processing /home/airflow/.local/lib/python3.8/site-packages/airflow/example_dags/example_setup_teardown.py took 0.205 seconds
[2025-09-21T15:07:41.379+0000] {processor.py:161} INFO - Started process (PID=790) to work on /home/airflow/.local/lib/python3.8/site-packages/airflow/example_dags/example_setup_teardown.py
[2025-09-21T15:07:41.380+0000] {processor.py:830} INFO - Processing file /home/airflow/.local/lib/python3.8/site-packages/airflow/example_dags/example_setup_teardown.py for tasks to queue
[2025-09-21T15:07:41.384+0000] {logging_mixin.py:188} INFO - [2025-09-21T15:07:41.383+0000] {dagbag.py:538} INFO - Filling up the DagBag from /home/airflow/.local/lib/python3.8/site-packages/airflow/example_dags/example_setup_teardown.py
[2025-09-21T15:07:41.397+0000] {processor.py:840} INFO - DAG(s) 'example_setup_teardown' retrieved from /home/airflow/.local/lib/python3.8/site-packages/airflow/example_dags/example_setup_teardown.py
[2025-09-21T15:07:41.441+0000] {logging_mixin.py:188} INFO - [2025-09-21T15:07:41.440+0000] {dag.py:3036} INFO - Sync 1 DAGs
[2025-09-21T15:07:41.492+0000] {logging_mixin.py:188} INFO - [2025-09-21T15:07:41.491+0000] {dag.py:3823} INFO - Setting next_dagrun for example_setup_teardown to 2025-09-20 00:00:00+00:00, run_after=2025-09-21 00:00:00+00:00
[2025-09-21T15:07:41.538+0000] {processor.py:183} INFO - Processing /home/airflow/.local/lib/python3.8/site-packages/airflow/example_dags/example_setup_teardown.py took 0.166 seconds
[2025-09-21T15:11:27.540+0000] {processor.py:161} INFO - Started process (PID=91) to work on /home/airflow/.local/lib/python3.8/site-packages/airflow/example_dags/example_setup_teardown.py
[2025-09-21T15:11:27.542+0000] {processor.py:830} INFO - Processing file /home/airflow/.local/lib/python3.8/site-packages/airflow/example_dags/example_setup_teardown.py for tasks to queue
[2025-09-21T15:11:27.546+0000] {logging_mixin.py:188} INFO - [2025-09-21T15:11:27.545+0000] {dagbag.py:538} INFO - Filling up the DagBag from /home/airflow/.local/lib/python3.8/site-packages/airflow/example_dags/example_setup_teardown.py
[2025-09-21T15:11:27.572+0000] {processor.py:840} INFO - DAG(s) 'example_setup_teardown' retrieved from /home/airflow/.local/lib/python3.8/site-packages/airflow/example_dags/example_setup_teardown.py
[2025-09-21T15:11:27.799+0000] {logging_mixin.py:188} INFO - [2025-09-21T15:11:27.798+0000] {dag.py:3036} INFO - Sync 1 DAGs
[2025-09-21T15:11:27.848+0000] {logging_mixin.py:188} INFO - [2025-09-21T15:11:27.847+0000] {dag.py:3823} INFO - Setting next_dagrun for example_setup_teardown to 2025-09-20 00:00:00+00:00, run_after=2025-09-21 00:00:00+00:00
[2025-09-21T15:11:27.907+0000] {processor.py:183} INFO - Processing /home/airflow/.local/lib/python3.8/site-packages/airflow/example_dags/example_setup_teardown.py took 0.375 seconds
[2025-09-21T15:11:58.797+0000] {processor.py:161} INFO - Started process (PID=149) to work on /home/airflow/.local/lib/python3.8/site-packages/airflow/example_dags/example_setup_teardown.py
[2025-09-21T15:11:58.799+0000] {processor.py:830} INFO - Processing file /home/airflow/.local/lib/python3.8/site-packages/airflow/example_dags/example_setup_teardown.py for tasks to queue
[2025-09-21T15:11:58.802+0000] {logging_mixin.py:188} INFO - [2025-09-21T15:11:58.802+0000] {dagbag.py:538} INFO - Filling up the DagBag from /home/airflow/.local/lib/python3.8/site-packages/airflow/example_dags/example_setup_teardown.py
[2025-09-21T15:11:58.813+0000] {processor.py:840} INFO - DAG(s) 'example_setup_teardown' retrieved from /home/airflow/.local/lib/python3.8/site-packages/airflow/example_dags/example_setup_teardown.py
[2025-09-21T15:11:58.849+0000] {logging_mixin.py:188} INFO - [2025-09-21T15:11:58.849+0000] {dag.py:3036} INFO - Sync 1 DAGs
[2025-09-21T15:11:58.888+0000] {logging_mixin.py:188} INFO - [2025-09-21T15:11:58.888+0000] {dag.py:3823} INFO - Setting next_dagrun for example_setup_teardown to 2025-09-20 00:00:00+00:00, run_after=2025-09-21 00:00:00+00:00
[2025-09-21T15:11:58.923+0000] {processor.py:183} INFO - Processing /home/airflow/.local/lib/python3.8/site-packages/airflow/example_dags/example_setup_teardown.py took 0.132 seconds
[2025-09-21T15:12:29.121+0000] {processor.py:161} INFO - Started process (PID=207) to work on /home/airflow/.local/lib/python3.8/site-packages/airflow/example_dags/example_setup_teardown.py
[2025-09-21T15:12:29.124+0000] {processor.py:830} INFO - Processing file /home/airflow/.local/lib/python3.8/site-packages/airflow/example_dags/example_setup_teardown.py for tasks to queue
[2025-09-21T15:12:29.128+0000] {logging_mixin.py:188} INFO - [2025-09-21T15:12:29.127+0000] {dagbag.py:538} INFO - Filling up the DagBag from /home/airflow/.local/lib/python3.8/site-packages/airflow/example_dags/example_setup_teardown.py
[2025-09-21T15:12:29.141+0000] {processor.py:840} INFO - DAG(s) 'example_setup_teardown' retrieved from /home/airflow/.local/lib/python3.8/site-packages/airflow/example_dags/example_setup_teardown.py
[2025-09-21T15:12:29.178+0000] {logging_mixin.py:188} INFO - [2025-09-21T15:12:29.178+0000] {dag.py:3036} INFO - Sync 1 DAGs
[2025-09-21T15:12:29.220+0000] {logging_mixin.py:188} INFO - [2025-09-21T15:12:29.220+0000] {dag.py:3823} INFO - Setting next_dagrun for example_setup_teardown to 2025-09-20 00:00:00+00:00, run_after=2025-09-21 00:00:00+00:00
[2025-09-21T15:12:29.262+0000] {processor.py:183} INFO - Processing /home/airflow/.local/lib/python3.8/site-packages/airflow/example_dags/example_setup_teardown.py took 0.149 seconds
[2025-09-21T15:12:59.429+0000] {processor.py:161} INFO - Started process (PID=265) to work on /home/airflow/.local/lib/python3.8/site-packages/airflow/example_dags/example_setup_teardown.py
[2025-09-21T15:12:59.431+0000] {processor.py:830} INFO - Processing file /home/airflow/.local/lib/python3.8/site-packages/airflow/example_dags/example_setup_teardown.py for tasks to queue
[2025-09-21T15:12:59.435+0000] {logging_mixin.py:188} INFO - [2025-09-21T15:12:59.434+0000] {dagbag.py:538} INFO - Filling up the DagBag from /home/airflow/.local/lib/python3.8/site-packages/airflow/example_dags/example_setup_teardown.py
[2025-09-21T15:12:59.446+0000] {processor.py:840} INFO - DAG(s) 'example_setup_teardown' retrieved from /home/airflow/.local/lib/python3.8/site-packages/airflow/example_dags/example_setup_teardown.py
[2025-09-21T15:12:59.484+0000] {logging_mixin.py:188} INFO - [2025-09-21T15:12:59.483+0000] {dag.py:3036} INFO - Sync 1 DAGs
[2025-09-21T15:12:59.522+0000] {logging_mixin.py:188} INFO - [2025-09-21T15:12:59.522+0000] {dag.py:3823} INFO - Setting next_dagrun for example_setup_teardown to 2025-09-20 00:00:00+00:00, run_after=2025-09-21 00:00:00+00:00
[2025-09-21T15:12:59.558+0000] {processor.py:183} INFO - Processing /home/airflow/.local/lib/python3.8/site-packages/airflow/example_dags/example_setup_teardown.py took 0.134 seconds
[2025-09-21T15:13:30.213+0000] {processor.py:161} INFO - Started process (PID=323) to work on /home/airflow/.local/lib/python3.8/site-packages/airflow/example_dags/example_setup_teardown.py
[2025-09-21T15:13:30.216+0000] {processor.py:830} INFO - Processing file /home/airflow/.local/lib/python3.8/site-packages/airflow/example_dags/example_setup_teardown.py for tasks to queue
[2025-09-21T15:13:30.220+0000] {logging_mixin.py:188} INFO - [2025-09-21T15:13:30.219+0000] {dagbag.py:538} INFO - Filling up the DagBag from /home/airflow/.local/lib/python3.8/site-packages/airflow/example_dags/example_setup_teardown.py
[2025-09-21T15:13:30.232+0000] {processor.py:840} INFO - DAG(s) 'example_setup_teardown' retrieved from /home/airflow/.local/lib/python3.8/site-packages/airflow/example_dags/example_setup_teardown.py
[2025-09-21T15:13:30.269+0000] {logging_mixin.py:188} INFO - [2025-09-21T15:13:30.268+0000] {dag.py:3036} INFO - Sync 1 DAGs
[2025-09-21T15:13:30.308+0000] {logging_mixin.py:188} INFO - [2025-09-21T15:13:30.308+0000] {dag.py:3823} INFO - Setting next_dagrun for example_setup_teardown to 2025-09-20 00:00:00+00:00, run_after=2025-09-21 00:00:00+00:00
[2025-09-21T15:13:30.341+0000] {processor.py:183} INFO - Processing /home/airflow/.local/lib/python3.8/site-packages/airflow/example_dags/example_setup_teardown.py took 0.136 seconds
[2025-09-21T15:14:00.504+0000] {processor.py:161} INFO - Started process (PID=381) to work on /home/airflow/.local/lib/python3.8/site-packages/airflow/example_dags/example_setup_teardown.py
[2025-09-21T15:14:00.513+0000] {processor.py:830} INFO - Processing file /home/airflow/.local/lib/python3.8/site-packages/airflow/example_dags/example_setup_teardown.py for tasks to queue
[2025-09-21T15:14:00.518+0000] {logging_mixin.py:188} INFO - [2025-09-21T15:14:00.517+0000] {dagbag.py:538} INFO - Filling up the DagBag from /home/airflow/.local/lib/python3.8/site-packages/airflow/example_dags/example_setup_teardown.py
[2025-09-21T15:14:00.537+0000] {processor.py:840} INFO - DAG(s) 'example_setup_teardown' retrieved from /home/airflow/.local/lib/python3.8/site-packages/airflow/example_dags/example_setup_teardown.py
[2025-09-21T15:14:00.579+0000] {logging_mixin.py:188} INFO - [2025-09-21T15:14:00.578+0000] {dag.py:3036} INFO - Sync 1 DAGs
[2025-09-21T15:14:00.622+0000] {logging_mixin.py:188} INFO - [2025-09-21T15:14:00.621+0000] {dag.py:3823} INFO - Setting next_dagrun for example_setup_teardown to 2025-09-20 00:00:00+00:00, run_after=2025-09-21 00:00:00+00:00
[2025-09-21T15:14:00.664+0000] {processor.py:183} INFO - Processing /home/airflow/.local/lib/python3.8/site-packages/airflow/example_dags/example_setup_teardown.py took 0.168 seconds
[2025-09-21T15:14:31.933+0000] {processor.py:161} INFO - Started process (PID=439) to work on /home/airflow/.local/lib/python3.8/site-packages/airflow/example_dags/example_setup_teardown.py
[2025-09-21T15:14:31.935+0000] {processor.py:830} INFO - Processing file /home/airflow/.local/lib/python3.8/site-packages/airflow/example_dags/example_setup_teardown.py for tasks to queue
[2025-09-21T15:14:31.940+0000] {logging_mixin.py:188} INFO - [2025-09-21T15:14:31.939+0000] {dagbag.py:538} INFO - Filling up the DagBag from /home/airflow/.local/lib/python3.8/site-packages/airflow/example_dags/example_setup_teardown.py
[2025-09-21T15:14:31.957+0000] {processor.py:840} INFO - DAG(s) 'example_setup_teardown' retrieved from /home/airflow/.local/lib/python3.8/site-packages/airflow/example_dags/example_setup_teardown.py
[2025-09-21T15:14:31.996+0000] {logging_mixin.py:188} INFO - [2025-09-21T15:14:31.995+0000] {dag.py:3036} INFO - Sync 1 DAGs
[2025-09-21T15:14:32.038+0000] {logging_mixin.py:188} INFO - [2025-09-21T15:14:32.037+0000] {dag.py:3823} INFO - Setting next_dagrun for example_setup_teardown to 2025-09-20 00:00:00+00:00, run_after=2025-09-21 00:00:00+00:00
[2025-09-21T15:14:32.072+0000] {processor.py:183} INFO - Processing /home/airflow/.local/lib/python3.8/site-packages/airflow/example_dags/example_setup_teardown.py took 0.148 seconds
[2025-09-21T15:15:02.581+0000] {processor.py:161} INFO - Started process (PID=497) to work on /home/airflow/.local/lib/python3.8/site-packages/airflow/example_dags/example_setup_teardown.py
[2025-09-21T15:15:02.583+0000] {processor.py:830} INFO - Processing file /home/airflow/.local/lib/python3.8/site-packages/airflow/example_dags/example_setup_teardown.py for tasks to queue
[2025-09-21T15:15:02.587+0000] {logging_mixin.py:188} INFO - [2025-09-21T15:15:02.587+0000] {dagbag.py:538} INFO - Filling up the DagBag from /home/airflow/.local/lib/python3.8/site-packages/airflow/example_dags/example_setup_teardown.py
[2025-09-21T15:15:02.606+0000] {processor.py:840} INFO - DAG(s) 'example_setup_teardown' retrieved from /home/airflow/.local/lib/python3.8/site-packages/airflow/example_dags/example_setup_teardown.py
[2025-09-21T15:15:02.655+0000] {logging_mixin.py:188} INFO - [2025-09-21T15:15:02.655+0000] {dag.py:3036} INFO - Sync 1 DAGs
[2025-09-21T15:15:02.702+0000] {logging_mixin.py:188} INFO - [2025-09-21T15:15:02.701+0000] {dag.py:3823} INFO - Setting next_dagrun for example_setup_teardown to 2025-09-20 00:00:00+00:00, run_after=2025-09-21 00:00:00+00:00
[2025-09-21T15:15:02.739+0000] {processor.py:183} INFO - Processing /home/airflow/.local/lib/python3.8/site-packages/airflow/example_dags/example_setup_teardown.py took 0.166 seconds
[2025-09-21T15:15:33.942+0000] {processor.py:161} INFO - Started process (PID=556) to work on /home/airflow/.local/lib/python3.8/site-packages/airflow/example_dags/example_setup_teardown.py
[2025-09-21T15:15:33.944+0000] {processor.py:830} INFO - Processing file /home/airflow/.local/lib/python3.8/site-packages/airflow/example_dags/example_setup_teardown.py for tasks to queue
[2025-09-21T15:15:33.949+0000] {logging_mixin.py:188} INFO - [2025-09-21T15:15:33.948+0000] {dagbag.py:538} INFO - Filling up the DagBag from /home/airflow/.local/lib/python3.8/site-packages/airflow/example_dags/example_setup_teardown.py
[2025-09-21T15:15:33.970+0000] {processor.py:840} INFO - DAG(s) 'example_setup_teardown' retrieved from /home/airflow/.local/lib/python3.8/site-packages/airflow/example_dags/example_setup_teardown.py
[2025-09-21T15:15:34.043+0000] {logging_mixin.py:188} INFO - [2025-09-21T15:15:34.043+0000] {dag.py:3036} INFO - Sync 1 DAGs
[2025-09-21T15:15:34.102+0000] {logging_mixin.py:188} INFO - [2025-09-21T15:15:34.102+0000] {dag.py:3823} INFO - Setting next_dagrun for example_setup_teardown to 2025-09-20 00:00:00+00:00, run_after=2025-09-21 00:00:00+00:00
[2025-09-21T15:15:34.154+0000] {processor.py:183} INFO - Processing /home/airflow/.local/lib/python3.8/site-packages/airflow/example_dags/example_setup_teardown.py took 0.223 seconds
[2025-09-21T15:16:05.114+0000] {processor.py:161} INFO - Started process (PID=613) to work on /home/airflow/.local/lib/python3.8/site-packages/airflow/example_dags/example_setup_teardown.py
[2025-09-21T15:16:05.116+0000] {processor.py:830} INFO - Processing file /home/airflow/.local/lib/python3.8/site-packages/airflow/example_dags/example_setup_teardown.py for tasks to queue
[2025-09-21T15:16:05.119+0000] {logging_mixin.py:188} INFO - [2025-09-21T15:16:05.119+0000] {dagbag.py:538} INFO - Filling up the DagBag from /home/airflow/.local/lib/python3.8/site-packages/airflow/example_dags/example_setup_teardown.py
[2025-09-21T15:16:05.132+0000] {processor.py:840} INFO - DAG(s) 'example_setup_teardown' retrieved from /home/airflow/.local/lib/python3.8/site-packages/airflow/example_dags/example_setup_teardown.py
[2025-09-21T15:16:05.175+0000] {logging_mixin.py:188} INFO - [2025-09-21T15:16:05.174+0000] {dag.py:3036} INFO - Sync 1 DAGs
[2025-09-21T15:16:05.217+0000] {logging_mixin.py:188} INFO - [2025-09-21T15:16:05.216+0000] {dag.py:3823} INFO - Setting next_dagrun for example_setup_teardown to 2025-09-20 00:00:00+00:00, run_after=2025-09-21 00:00:00+00:00
[2025-09-21T15:16:05.254+0000] {processor.py:183} INFO - Processing /home/airflow/.local/lib/python3.8/site-packages/airflow/example_dags/example_setup_teardown.py took 0.146 seconds
[2025-09-21T15:16:35.572+0000] {processor.py:161} INFO - Started process (PID=670) to work on /home/airflow/.local/lib/python3.8/site-packages/airflow/example_dags/example_setup_teardown.py
[2025-09-21T15:16:35.574+0000] {processor.py:830} INFO - Processing file /home/airflow/.local/lib/python3.8/site-packages/airflow/example_dags/example_setup_teardown.py for tasks to queue
[2025-09-21T15:16:35.578+0000] {logging_mixin.py:188} INFO - [2025-09-21T15:16:35.577+0000] {dagbag.py:538} INFO - Filling up the DagBag from /home/airflow/.local/lib/python3.8/site-packages/airflow/example_dags/example_setup_teardown.py
[2025-09-21T15:16:35.590+0000] {processor.py:840} INFO - DAG(s) 'example_setup_teardown' retrieved from /home/airflow/.local/lib/python3.8/site-packages/airflow/example_dags/example_setup_teardown.py
[2025-09-21T15:16:35.626+0000] {logging_mixin.py:188} INFO - [2025-09-21T15:16:35.626+0000] {dag.py:3036} INFO - Sync 1 DAGs
[2025-09-21T15:16:35.666+0000] {logging_mixin.py:188} INFO - [2025-09-21T15:16:35.666+0000] {dag.py:3823} INFO - Setting next_dagrun for example_setup_teardown to 2025-09-20 00:00:00+00:00, run_after=2025-09-21 00:00:00+00:00
[2025-09-21T15:16:35.700+0000] {processor.py:183} INFO - Processing /home/airflow/.local/lib/python3.8/site-packages/airflow/example_dags/example_setup_teardown.py took 0.133 seconds
[2025-09-21T15:17:06.437+0000] {processor.py:161} INFO - Started process (PID=728) to work on /home/airflow/.local/lib/python3.8/site-packages/airflow/example_dags/example_setup_teardown.py
[2025-09-21T15:17:06.439+0000] {processor.py:830} INFO - Processing file /home/airflow/.local/lib/python3.8/site-packages/airflow/example_dags/example_setup_teardown.py for tasks to queue
[2025-09-21T15:17:06.443+0000] {logging_mixin.py:188} INFO - [2025-09-21T15:17:06.442+0000] {dagbag.py:538} INFO - Filling up the DagBag from /home/airflow/.local/lib/python3.8/site-packages/airflow/example_dags/example_setup_teardown.py
[2025-09-21T15:17:06.454+0000] {processor.py:840} INFO - DAG(s) 'example_setup_teardown' retrieved from /home/airflow/.local/lib/python3.8/site-packages/airflow/example_dags/example_setup_teardown.py
[2025-09-21T15:17:06.491+0000] {logging_mixin.py:188} INFO - [2025-09-21T15:17:06.490+0000] {dag.py:3036} INFO - Sync 1 DAGs
[2025-09-21T15:17:06.532+0000] {logging_mixin.py:188} INFO - [2025-09-21T15:17:06.531+0000] {dag.py:3823} INFO - Setting next_dagrun for example_setup_teardown to 2025-09-20 00:00:00+00:00, run_after=2025-09-21 00:00:00+00:00
[2025-09-21T15:17:06.566+0000] {processor.py:183} INFO - Processing /home/airflow/.local/lib/python3.8/site-packages/airflow/example_dags/example_setup_teardown.py took 0.134 seconds
[2025-09-21T15:17:37.085+0000] {processor.py:161} INFO - Started process (PID=786) to work on /home/airflow/.local/lib/python3.8/site-packages/airflow/example_dags/example_setup_teardown.py
[2025-09-21T15:17:37.087+0000] {processor.py:830} INFO - Processing file /home/airflow/.local/lib/python3.8/site-packages/airflow/example_dags/example_setup_teardown.py for tasks to queue
[2025-09-21T15:17:37.090+0000] {logging_mixin.py:188} INFO - [2025-09-21T15:17:37.090+0000] {dagbag.py:538} INFO - Filling up the DagBag from /home/airflow/.local/lib/python3.8/site-packages/airflow/example_dags/example_setup_teardown.py
[2025-09-21T15:17:37.104+0000] {processor.py:840} INFO - DAG(s) 'example_setup_teardown' retrieved from /home/airflow/.local/lib/python3.8/site-packages/airflow/example_dags/example_setup_teardown.py
[2025-09-21T15:17:37.146+0000] {logging_mixin.py:188} INFO - [2025-09-21T15:17:37.145+0000] {dag.py:3036} INFO - Sync 1 DAGs
[2025-09-21T15:17:37.187+0000] {logging_mixin.py:188} INFO - [2025-09-21T15:17:37.186+0000] {dag.py:3823} INFO - Setting next_dagrun for example_setup_teardown to 2025-09-20 00:00:00+00:00, run_after=2025-09-21 00:00:00+00:00
[2025-09-21T15:17:37.228+0000] {processor.py:183} INFO - Processing /home/airflow/.local/lib/python3.8/site-packages/airflow/example_dags/example_setup_teardown.py took 0.150 seconds
[2025-09-21T15:18:07.645+0000] {processor.py:161} INFO - Started process (PID=844) to work on /home/airflow/.local/lib/python3.8/site-packages/airflow/example_dags/example_setup_teardown.py
[2025-09-21T15:18:07.647+0000] {processor.py:830} INFO - Processing file /home/airflow/.local/lib/python3.8/site-packages/airflow/example_dags/example_setup_teardown.py for tasks to queue
[2025-09-21T15:18:07.650+0000] {logging_mixin.py:188} INFO - [2025-09-21T15:18:07.650+0000] {dagbag.py:538} INFO - Filling up the DagBag from /home/airflow/.local/lib/python3.8/site-packages/airflow/example_dags/example_setup_teardown.py
[2025-09-21T15:18:07.662+0000] {processor.py:840} INFO - DAG(s) 'example_setup_teardown' retrieved from /home/airflow/.local/lib/python3.8/site-packages/airflow/example_dags/example_setup_teardown.py
[2025-09-21T15:18:07.700+0000] {logging_mixin.py:188} INFO - [2025-09-21T15:18:07.700+0000] {dag.py:3036} INFO - Sync 1 DAGs
[2025-09-21T15:18:07.740+0000] {logging_mixin.py:188} INFO - [2025-09-21T15:18:07.740+0000] {dag.py:3823} INFO - Setting next_dagrun for example_setup_teardown to 2025-09-20 00:00:00+00:00, run_after=2025-09-21 00:00:00+00:00
[2025-09-21T15:18:07.777+0000] {processor.py:183} INFO - Processing /home/airflow/.local/lib/python3.8/site-packages/airflow/example_dags/example_setup_teardown.py took 0.138 seconds
[2025-09-21T15:18:38.512+0000] {processor.py:161} INFO - Started process (PID=902) to work on /home/airflow/.local/lib/python3.8/site-packages/airflow/example_dags/example_setup_teardown.py
[2025-09-21T15:18:38.514+0000] {processor.py:830} INFO - Processing file /home/airflow/.local/lib/python3.8/site-packages/airflow/example_dags/example_setup_teardown.py for tasks to queue
[2025-09-21T15:18:38.518+0000] {logging_mixin.py:188} INFO - [2025-09-21T15:18:38.517+0000] {dagbag.py:538} INFO - Filling up the DagBag from /home/airflow/.local/lib/python3.8/site-packages/airflow/example_dags/example_setup_teardown.py
[2025-09-21T15:18:38.529+0000] {processor.py:840} INFO - DAG(s) 'example_setup_teardown' retrieved from /home/airflow/.local/lib/python3.8/site-packages/airflow/example_dags/example_setup_teardown.py
[2025-09-21T15:18:38.566+0000] {logging_mixin.py:188} INFO - [2025-09-21T15:18:38.565+0000] {dag.py:3036} INFO - Sync 1 DAGs
[2025-09-21T15:18:38.603+0000] {logging_mixin.py:188} INFO - [2025-09-21T15:18:38.603+0000] {dag.py:3823} INFO - Setting next_dagrun for example_setup_teardown to 2025-09-20 00:00:00+00:00, run_after=2025-09-21 00:00:00+00:00
[2025-09-21T15:18:38.637+0000] {processor.py:183} INFO - Processing /home/airflow/.local/lib/python3.8/site-packages/airflow/example_dags/example_setup_teardown.py took 0.131 seconds
[2025-09-21T15:19:08.872+0000] {processor.py:161} INFO - Started process (PID=960) to work on /home/airflow/.local/lib/python3.8/site-packages/airflow/example_dags/example_setup_teardown.py
[2025-09-21T15:19:08.874+0000] {processor.py:830} INFO - Processing file /home/airflow/.local/lib/python3.8/site-packages/airflow/example_dags/example_setup_teardown.py for tasks to queue
[2025-09-21T15:19:08.878+0000] {logging_mixin.py:188} INFO - [2025-09-21T15:19:08.877+0000] {dagbag.py:538} INFO - Filling up the DagBag from /home/airflow/.local/lib/python3.8/site-packages/airflow/example_dags/example_setup_teardown.py
[2025-09-21T15:19:08.889+0000] {processor.py:840} INFO - DAG(s) 'example_setup_teardown' retrieved from /home/airflow/.local/lib/python3.8/site-packages/airflow/example_dags/example_setup_teardown.py
[2025-09-21T15:19:08.925+0000] {logging_mixin.py:188} INFO - [2025-09-21T15:19:08.925+0000] {dag.py:3036} INFO - Sync 1 DAGs
[2025-09-21T15:19:08.963+0000] {logging_mixin.py:188} INFO - [2025-09-21T15:19:08.962+0000] {dag.py:3823} INFO - Setting next_dagrun for example_setup_teardown to 2025-09-20 00:00:00+00:00, run_after=2025-09-21 00:00:00+00:00
[2025-09-21T15:19:08.998+0000] {processor.py:183} INFO - Processing /home/airflow/.local/lib/python3.8/site-packages/airflow/example_dags/example_setup_teardown.py took 0.131 seconds
[2025-09-21T15:19:39.179+0000] {processor.py:161} INFO - Started process (PID=1018) to work on /home/airflow/.local/lib/python3.8/site-packages/airflow/example_dags/example_setup_teardown.py
[2025-09-21T15:19:39.181+0000] {processor.py:830} INFO - Processing file /home/airflow/.local/lib/python3.8/site-packages/airflow/example_dags/example_setup_teardown.py for tasks to queue
[2025-09-21T15:19:39.185+0000] {logging_mixin.py:188} INFO - [2025-09-21T15:19:39.184+0000] {dagbag.py:538} INFO - Filling up the DagBag from /home/airflow/.local/lib/python3.8/site-packages/airflow/example_dags/example_setup_teardown.py
[2025-09-21T15:19:39.197+0000] {processor.py:840} INFO - DAG(s) 'example_setup_teardown' retrieved from /home/airflow/.local/lib/python3.8/site-packages/airflow/example_dags/example_setup_teardown.py
[2025-09-21T15:19:39.234+0000] {logging_mixin.py:188} INFO - [2025-09-21T15:19:39.233+0000] {dag.py:3036} INFO - Sync 1 DAGs
[2025-09-21T15:19:39.272+0000] {logging_mixin.py:188} INFO - [2025-09-21T15:19:39.271+0000] {dag.py:3823} INFO - Setting next_dagrun for example_setup_teardown to 2025-09-20 00:00:00+00:00, run_after=2025-09-21 00:00:00+00:00
[2025-09-21T15:19:39.309+0000] {processor.py:183} INFO - Processing /home/airflow/.local/lib/python3.8/site-packages/airflow/example_dags/example_setup_teardown.py took 0.136 seconds
[2025-09-21T15:20:09.429+0000] {processor.py:161} INFO - Started process (PID=1075) to work on /home/airflow/.local/lib/python3.8/site-packages/airflow/example_dags/example_setup_teardown.py
[2025-09-21T15:20:09.431+0000] {processor.py:830} INFO - Processing file /home/airflow/.local/lib/python3.8/site-packages/airflow/example_dags/example_setup_teardown.py for tasks to queue
[2025-09-21T15:20:09.434+0000] {logging_mixin.py:188} INFO - [2025-09-21T15:20:09.434+0000] {dagbag.py:538} INFO - Filling up the DagBag from /home/airflow/.local/lib/python3.8/site-packages/airflow/example_dags/example_setup_teardown.py
[2025-09-21T15:20:09.446+0000] {processor.py:840} INFO - DAG(s) 'example_setup_teardown' retrieved from /home/airflow/.local/lib/python3.8/site-packages/airflow/example_dags/example_setup_teardown.py
[2025-09-21T15:20:09.483+0000] {logging_mixin.py:188} INFO - [2025-09-21T15:20:09.482+0000] {dag.py:3036} INFO - Sync 1 DAGs
[2025-09-21T15:20:09.522+0000] {logging_mixin.py:188} INFO - [2025-09-21T15:20:09.521+0000] {dag.py:3823} INFO - Setting next_dagrun for example_setup_teardown to 2025-09-20 00:00:00+00:00, run_after=2025-09-21 00:00:00+00:00
[2025-09-21T15:20:09.562+0000] {processor.py:183} INFO - Processing /home/airflow/.local/lib/python3.8/site-packages/airflow/example_dags/example_setup_teardown.py took 0.138 seconds
[2025-09-21T15:20:39.755+0000] {processor.py:161} INFO - Started process (PID=1133) to work on /home/airflow/.local/lib/python3.8/site-packages/airflow/example_dags/example_setup_teardown.py
[2025-09-21T15:20:39.756+0000] {processor.py:830} INFO - Processing file /home/airflow/.local/lib/python3.8/site-packages/airflow/example_dags/example_setup_teardown.py for tasks to queue
[2025-09-21T15:20:39.760+0000] {logging_mixin.py:188} INFO - [2025-09-21T15:20:39.759+0000] {dagbag.py:538} INFO - Filling up the DagBag from /home/airflow/.local/lib/python3.8/site-packages/airflow/example_dags/example_setup_teardown.py
[2025-09-21T15:20:39.772+0000] {processor.py:840} INFO - DAG(s) 'example_setup_teardown' retrieved from /home/airflow/.local/lib/python3.8/site-packages/airflow/example_dags/example_setup_teardown.py
[2025-09-21T15:20:39.808+0000] {logging_mixin.py:188} INFO - [2025-09-21T15:20:39.807+0000] {dag.py:3036} INFO - Sync 1 DAGs
[2025-09-21T15:20:39.846+0000] {logging_mixin.py:188} INFO - [2025-09-21T15:20:39.845+0000] {dag.py:3823} INFO - Setting next_dagrun for example_setup_teardown to 2025-09-20 00:00:00+00:00, run_after=2025-09-21 00:00:00+00:00
[2025-09-21T15:20:39.883+0000] {processor.py:183} INFO - Processing /home/airflow/.local/lib/python3.8/site-packages/airflow/example_dags/example_setup_teardown.py took 0.135 seconds
[2025-09-21T15:21:09.982+0000] {processor.py:161} INFO - Started process (PID=1191) to work on /home/airflow/.local/lib/python3.8/site-packages/airflow/example_dags/example_setup_teardown.py
[2025-09-21T15:21:09.984+0000] {processor.py:830} INFO - Processing file /home/airflow/.local/lib/python3.8/site-packages/airflow/example_dags/example_setup_teardown.py for tasks to queue
[2025-09-21T15:21:09.987+0000] {logging_mixin.py:188} INFO - [2025-09-21T15:21:09.987+0000] {dagbag.py:538} INFO - Filling up the DagBag from /home/airflow/.local/lib/python3.8/site-packages/airflow/example_dags/example_setup_teardown.py
[2025-09-21T15:21:09.999+0000] {processor.py:840} INFO - DAG(s) 'example_setup_teardown' retrieved from /home/airflow/.local/lib/python3.8/site-packages/airflow/example_dags/example_setup_teardown.py
[2025-09-21T15:21:10.034+0000] {logging_mixin.py:188} INFO - [2025-09-21T15:21:10.034+0000] {dag.py:3036} INFO - Sync 1 DAGs
[2025-09-21T15:21:10.072+0000] {logging_mixin.py:188} INFO - [2025-09-21T15:21:10.071+0000] {dag.py:3823} INFO - Setting next_dagrun for example_setup_teardown to 2025-09-20 00:00:00+00:00, run_after=2025-09-21 00:00:00+00:00
[2025-09-21T15:21:10.105+0000] {processor.py:183} INFO - Processing /home/airflow/.local/lib/python3.8/site-packages/airflow/example_dags/example_setup_teardown.py took 0.129 seconds
[2025-09-21T15:21:40.276+0000] {processor.py:161} INFO - Started process (PID=1249) to work on /home/airflow/.local/lib/python3.8/site-packages/airflow/example_dags/example_setup_teardown.py
[2025-09-21T15:21:40.278+0000] {processor.py:830} INFO - Processing file /home/airflow/.local/lib/python3.8/site-packages/airflow/example_dags/example_setup_teardown.py for tasks to queue
[2025-09-21T15:21:40.283+0000] {logging_mixin.py:188} INFO - [2025-09-21T15:21:40.282+0000] {dagbag.py:538} INFO - Filling up the DagBag from /home/airflow/.local/lib/python3.8/site-packages/airflow/example_dags/example_setup_teardown.py
[2025-09-21T15:21:40.295+0000] {processor.py:840} INFO - DAG(s) 'example_setup_teardown' retrieved from /home/airflow/.local/lib/python3.8/site-packages/airflow/example_dags/example_setup_teardown.py
[2025-09-21T15:21:40.334+0000] {logging_mixin.py:188} INFO - [2025-09-21T15:21:40.334+0000] {dag.py:3036} INFO - Sync 1 DAGs
[2025-09-21T15:21:40.376+0000] {logging_mixin.py:188} INFO - [2025-09-21T15:21:40.376+0000] {dag.py:3823} INFO - Setting next_dagrun for example_setup_teardown to 2025-09-20 00:00:00+00:00, run_after=2025-09-21 00:00:00+00:00
[2025-09-21T15:21:40.421+0000] {processor.py:183} INFO - Processing /home/airflow/.local/lib/python3.8/site-packages/airflow/example_dags/example_setup_teardown.py took 0.151 seconds
[2025-09-21T15:22:10.683+0000] {processor.py:161} INFO - Started process (PID=1308) to work on /home/airflow/.local/lib/python3.8/site-packages/airflow/example_dags/example_setup_teardown.py
[2025-09-21T15:22:10.685+0000] {processor.py:830} INFO - Processing file /home/airflow/.local/lib/python3.8/site-packages/airflow/example_dags/example_setup_teardown.py for tasks to queue
[2025-09-21T15:22:10.689+0000] {logging_mixin.py:188} INFO - [2025-09-21T15:22:10.689+0000] {dagbag.py:538} INFO - Filling up the DagBag from /home/airflow/.local/lib/python3.8/site-packages/airflow/example_dags/example_setup_teardown.py
[2025-09-21T15:22:10.704+0000] {processor.py:840} INFO - DAG(s) 'example_setup_teardown' retrieved from /home/airflow/.local/lib/python3.8/site-packages/airflow/example_dags/example_setup_teardown.py
[2025-09-21T15:22:10.745+0000] {logging_mixin.py:188} INFO - [2025-09-21T15:22:10.744+0000] {dag.py:3036} INFO - Sync 1 DAGs
[2025-09-21T15:22:10.788+0000] {logging_mixin.py:188} INFO - [2025-09-21T15:22:10.788+0000] {dag.py:3823} INFO - Setting next_dagrun for example_setup_teardown to 2025-09-20 00:00:00+00:00, run_after=2025-09-21 00:00:00+00:00
[2025-09-21T15:22:10.829+0000] {processor.py:183} INFO - Processing /home/airflow/.local/lib/python3.8/site-packages/airflow/example_dags/example_setup_teardown.py took 0.154 seconds
[2025-09-21T15:22:41.624+0000] {processor.py:161} INFO - Started process (PID=1366) to work on /home/airflow/.local/lib/python3.8/site-packages/airflow/example_dags/example_setup_teardown.py
[2025-09-21T15:22:41.627+0000] {processor.py:830} INFO - Processing file /home/airflow/.local/lib/python3.8/site-packages/airflow/example_dags/example_setup_teardown.py for tasks to queue
[2025-09-21T15:22:41.631+0000] {logging_mixin.py:188} INFO - [2025-09-21T15:22:41.631+0000] {dagbag.py:538} INFO - Filling up the DagBag from /home/airflow/.local/lib/python3.8/site-packages/airflow/example_dags/example_setup_teardown.py
[2025-09-21T15:22:41.655+0000] {processor.py:840} INFO - DAG(s) 'example_setup_teardown' retrieved from /home/airflow/.local/lib/python3.8/site-packages/airflow/example_dags/example_setup_teardown.py
[2025-09-21T15:22:41.703+0000] {logging_mixin.py:188} INFO - [2025-09-21T15:22:41.702+0000] {dag.py:3036} INFO - Sync 1 DAGs
[2025-09-21T15:22:41.752+0000] {logging_mixin.py:188} INFO - [2025-09-21T15:22:41.751+0000] {dag.py:3823} INFO - Setting next_dagrun for example_setup_teardown to 2025-09-20 00:00:00+00:00, run_after=2025-09-21 00:00:00+00:00
[2025-09-21T15:22:41.786+0000] {processor.py:183} INFO - Processing /home/airflow/.local/lib/python3.8/site-packages/airflow/example_dags/example_setup_teardown.py took 0.171 seconds
[2025-09-21T15:23:11.843+0000] {processor.py:161} INFO - Started process (PID=1424) to work on /home/airflow/.local/lib/python3.8/site-packages/airflow/example_dags/example_setup_teardown.py
[2025-09-21T15:23:11.845+0000] {processor.py:830} INFO - Processing file /home/airflow/.local/lib/python3.8/site-packages/airflow/example_dags/example_setup_teardown.py for tasks to queue
[2025-09-21T15:23:11.848+0000] {logging_mixin.py:188} INFO - [2025-09-21T15:23:11.848+0000] {dagbag.py:538} INFO - Filling up the DagBag from /home/airflow/.local/lib/python3.8/site-packages/airflow/example_dags/example_setup_teardown.py
[2025-09-21T15:23:11.859+0000] {processor.py:840} INFO - DAG(s) 'example_setup_teardown' retrieved from /home/airflow/.local/lib/python3.8/site-packages/airflow/example_dags/example_setup_teardown.py
[2025-09-21T15:23:11.896+0000] {logging_mixin.py:188} INFO - [2025-09-21T15:23:11.896+0000] {dag.py:3036} INFO - Sync 1 DAGs
[2025-09-21T15:23:11.935+0000] {logging_mixin.py:188} INFO - [2025-09-21T15:23:11.935+0000] {dag.py:3823} INFO - Setting next_dagrun for example_setup_teardown to 2025-09-20 00:00:00+00:00, run_after=2025-09-21 00:00:00+00:00
[2025-09-21T15:23:11.972+0000] {processor.py:183} INFO - Processing /home/airflow/.local/lib/python3.8/site-packages/airflow/example_dags/example_setup_teardown.py took 0.135 seconds
[2025-09-21T15:23:42.275+0000] {processor.py:161} INFO - Started process (PID=1482) to work on /home/airflow/.local/lib/python3.8/site-packages/airflow/example_dags/example_setup_teardown.py
[2025-09-21T15:23:42.277+0000] {processor.py:830} INFO - Processing file /home/airflow/.local/lib/python3.8/site-packages/airflow/example_dags/example_setup_teardown.py for tasks to queue
[2025-09-21T15:23:42.280+0000] {logging_mixin.py:188} INFO - [2025-09-21T15:23:42.280+0000] {dagbag.py:538} INFO - Filling up the DagBag from /home/airflow/.local/lib/python3.8/site-packages/airflow/example_dags/example_setup_teardown.py
[2025-09-21T15:23:42.292+0000] {processor.py:840} INFO - DAG(s) 'example_setup_teardown' retrieved from /home/airflow/.local/lib/python3.8/site-packages/airflow/example_dags/example_setup_teardown.py
[2025-09-21T15:23:42.330+0000] {logging_mixin.py:188} INFO - [2025-09-21T15:23:42.329+0000] {dag.py:3036} INFO - Sync 1 DAGs
[2025-09-21T15:23:42.379+0000] {logging_mixin.py:188} INFO - [2025-09-21T15:23:42.379+0000] {dag.py:3823} INFO - Setting next_dagrun for example_setup_teardown to 2025-09-20 00:00:00+00:00, run_after=2025-09-21 00:00:00+00:00
[2025-09-21T15:23:42.416+0000] {processor.py:183} INFO - Processing /home/airflow/.local/lib/python3.8/site-packages/airflow/example_dags/example_setup_teardown.py took 0.147 seconds
[2025-09-21T15:24:12.574+0000] {processor.py:161} INFO - Started process (PID=1540) to work on /home/airflow/.local/lib/python3.8/site-packages/airflow/example_dags/example_setup_teardown.py
[2025-09-21T15:24:12.576+0000] {processor.py:830} INFO - Processing file /home/airflow/.local/lib/python3.8/site-packages/airflow/example_dags/example_setup_teardown.py for tasks to queue
[2025-09-21T15:24:12.579+0000] {logging_mixin.py:188} INFO - [2025-09-21T15:24:12.579+0000] {dagbag.py:538} INFO - Filling up the DagBag from /home/airflow/.local/lib/python3.8/site-packages/airflow/example_dags/example_setup_teardown.py
[2025-09-21T15:24:12.591+0000] {processor.py:840} INFO - DAG(s) 'example_setup_teardown' retrieved from /home/airflow/.local/lib/python3.8/site-packages/airflow/example_dags/example_setup_teardown.py
[2025-09-21T15:24:12.631+0000] {logging_mixin.py:188} INFO - [2025-09-21T15:24:12.631+0000] {dag.py:3036} INFO - Sync 1 DAGs
[2025-09-21T15:24:12.675+0000] {logging_mixin.py:188} INFO - [2025-09-21T15:24:12.674+0000] {dag.py:3823} INFO - Setting next_dagrun for example_setup_teardown to 2025-09-20 00:00:00+00:00, run_after=2025-09-21 00:00:00+00:00
[2025-09-21T15:24:12.712+0000] {processor.py:183} INFO - Processing /home/airflow/.local/lib/python3.8/site-packages/airflow/example_dags/example_setup_teardown.py took 0.144 seconds
[2025-09-21T15:24:43.126+0000] {processor.py:161} INFO - Started process (PID=1598) to work on /home/airflow/.local/lib/python3.8/site-packages/airflow/example_dags/example_setup_teardown.py
[2025-09-21T15:24:43.128+0000] {processor.py:830} INFO - Processing file /home/airflow/.local/lib/python3.8/site-packages/airflow/example_dags/example_setup_teardown.py for tasks to queue
[2025-09-21T15:24:43.132+0000] {logging_mixin.py:188} INFO - [2025-09-21T15:24:43.131+0000] {dagbag.py:538} INFO - Filling up the DagBag from /home/airflow/.local/lib/python3.8/site-packages/airflow/example_dags/example_setup_teardown.py
[2025-09-21T15:24:43.143+0000] {processor.py:840} INFO - DAG(s) 'example_setup_teardown' retrieved from /home/airflow/.local/lib/python3.8/site-packages/airflow/example_dags/example_setup_teardown.py
[2025-09-21T15:24:43.184+0000] {logging_mixin.py:188} INFO - [2025-09-21T15:24:43.184+0000] {dag.py:3036} INFO - Sync 1 DAGs
[2025-09-21T15:24:43.233+0000] {logging_mixin.py:188} INFO - [2025-09-21T15:24:43.232+0000] {dag.py:3823} INFO - Setting next_dagrun for example_setup_teardown to 2025-09-20 00:00:00+00:00, run_after=2025-09-21 00:00:00+00:00
[2025-09-21T15:24:43.270+0000] {processor.py:183} INFO - Processing /home/airflow/.local/lib/python3.8/site-packages/airflow/example_dags/example_setup_teardown.py took 0.150 seconds
[2025-09-21T15:25:13.523+0000] {processor.py:161} INFO - Started process (PID=1657) to work on /home/airflow/.local/lib/python3.8/site-packages/airflow/example_dags/example_setup_teardown.py
[2025-09-21T15:25:13.525+0000] {processor.py:830} INFO - Processing file /home/airflow/.local/lib/python3.8/site-packages/airflow/example_dags/example_setup_teardown.py for tasks to queue
[2025-09-21T15:25:13.529+0000] {logging_mixin.py:188} INFO - [2025-09-21T15:25:13.528+0000] {dagbag.py:538} INFO - Filling up the DagBag from /home/airflow/.local/lib/python3.8/site-packages/airflow/example_dags/example_setup_teardown.py
[2025-09-21T15:25:13.541+0000] {processor.py:840} INFO - DAG(s) 'example_setup_teardown' retrieved from /home/airflow/.local/lib/python3.8/site-packages/airflow/example_dags/example_setup_teardown.py
[2025-09-21T15:25:13.580+0000] {logging_mixin.py:188} INFO - [2025-09-21T15:25:13.579+0000] {dag.py:3036} INFO - Sync 1 DAGs
[2025-09-21T15:25:13.631+0000] {logging_mixin.py:188} INFO - [2025-09-21T15:25:13.630+0000] {dag.py:3823} INFO - Setting next_dagrun for example_setup_teardown to 2025-09-20 00:00:00+00:00, run_after=2025-09-21 00:00:00+00:00
[2025-09-21T15:25:13.698+0000] {processor.py:183} INFO - Processing /home/airflow/.local/lib/python3.8/site-packages/airflow/example_dags/example_setup_teardown.py took 0.181 seconds
[2025-09-21T15:25:43.774+0000] {processor.py:161} INFO - Started process (PID=1716) to work on /home/airflow/.local/lib/python3.8/site-packages/airflow/example_dags/example_setup_teardown.py
[2025-09-21T15:25:43.776+0000] {processor.py:830} INFO - Processing file /home/airflow/.local/lib/python3.8/site-packages/airflow/example_dags/example_setup_teardown.py for tasks to queue
[2025-09-21T15:25:43.780+0000] {logging_mixin.py:188} INFO - [2025-09-21T15:25:43.779+0000] {dagbag.py:538} INFO - Filling up the DagBag from /home/airflow/.local/lib/python3.8/site-packages/airflow/example_dags/example_setup_teardown.py
[2025-09-21T15:25:43.793+0000] {processor.py:840} INFO - DAG(s) 'example_setup_teardown' retrieved from /home/airflow/.local/lib/python3.8/site-packages/airflow/example_dags/example_setup_teardown.py
[2025-09-21T15:25:43.847+0000] {logging_mixin.py:188} INFO - [2025-09-21T15:25:43.846+0000] {dag.py:3036} INFO - Sync 1 DAGs
[2025-09-21T15:25:43.897+0000] {logging_mixin.py:188} INFO - [2025-09-21T15:25:43.897+0000] {dag.py:3823} INFO - Setting next_dagrun for example_setup_teardown to 2025-09-20 00:00:00+00:00, run_after=2025-09-21 00:00:00+00:00
[2025-09-21T15:25:43.957+0000] {processor.py:183} INFO - Processing /home/airflow/.local/lib/python3.8/site-packages/airflow/example_dags/example_setup_teardown.py took 0.189 seconds
[2025-09-21T15:26:14.165+0000] {processor.py:161} INFO - Started process (PID=1774) to work on /home/airflow/.local/lib/python3.8/site-packages/airflow/example_dags/example_setup_teardown.py
[2025-09-21T15:26:14.166+0000] {processor.py:830} INFO - Processing file /home/airflow/.local/lib/python3.8/site-packages/airflow/example_dags/example_setup_teardown.py for tasks to queue
[2025-09-21T15:26:14.170+0000] {logging_mixin.py:188} INFO - [2025-09-21T15:26:14.169+0000] {dagbag.py:538} INFO - Filling up the DagBag from /home/airflow/.local/lib/python3.8/site-packages/airflow/example_dags/example_setup_teardown.py
[2025-09-21T15:26:14.181+0000] {processor.py:840} INFO - DAG(s) 'example_setup_teardown' retrieved from /home/airflow/.local/lib/python3.8/site-packages/airflow/example_dags/example_setup_teardown.py
[2025-09-21T15:26:14.219+0000] {logging_mixin.py:188} INFO - [2025-09-21T15:26:14.219+0000] {dag.py:3036} INFO - Sync 1 DAGs
[2025-09-21T15:26:14.260+0000] {logging_mixin.py:188} INFO - [2025-09-21T15:26:14.259+0000] {dag.py:3823} INFO - Setting next_dagrun for example_setup_teardown to 2025-09-20 00:00:00+00:00, run_after=2025-09-21 00:00:00+00:00
[2025-09-21T15:26:14.300+0000] {processor.py:183} INFO - Processing /home/airflow/.local/lib/python3.8/site-packages/airflow/example_dags/example_setup_teardown.py took 0.142 seconds
[2025-09-21T15:26:44.692+0000] {processor.py:161} INFO - Started process (PID=1831) to work on /home/airflow/.local/lib/python3.8/site-packages/airflow/example_dags/example_setup_teardown.py
[2025-09-21T15:26:44.695+0000] {processor.py:830} INFO - Processing file /home/airflow/.local/lib/python3.8/site-packages/airflow/example_dags/example_setup_teardown.py for tasks to queue
[2025-09-21T15:26:44.699+0000] {logging_mixin.py:188} INFO - [2025-09-21T15:26:44.698+0000] {dagbag.py:538} INFO - Filling up the DagBag from /home/airflow/.local/lib/python3.8/site-packages/airflow/example_dags/example_setup_teardown.py
[2025-09-21T15:26:44.712+0000] {processor.py:840} INFO - DAG(s) 'example_setup_teardown' retrieved from /home/airflow/.local/lib/python3.8/site-packages/airflow/example_dags/example_setup_teardown.py
[2025-09-21T15:26:44.756+0000] {logging_mixin.py:188} INFO - [2025-09-21T15:26:44.756+0000] {dag.py:3036} INFO - Sync 1 DAGs
[2025-09-21T15:26:44.800+0000] {logging_mixin.py:188} INFO - [2025-09-21T15:26:44.800+0000] {dag.py:3823} INFO - Setting next_dagrun for example_setup_teardown to 2025-09-20 00:00:00+00:00, run_after=2025-09-21 00:00:00+00:00
[2025-09-21T15:26:44.834+0000] {processor.py:183} INFO - Processing /home/airflow/.local/lib/python3.8/site-packages/airflow/example_dags/example_setup_teardown.py took 0.148 seconds
[2025-09-21T15:27:15.573+0000] {processor.py:161} INFO - Started process (PID=1889) to work on /home/airflow/.local/lib/python3.8/site-packages/airflow/example_dags/example_setup_teardown.py
[2025-09-21T15:27:15.576+0000] {processor.py:830} INFO - Processing file /home/airflow/.local/lib/python3.8/site-packages/airflow/example_dags/example_setup_teardown.py for tasks to queue
[2025-09-21T15:27:15.580+0000] {logging_mixin.py:188} INFO - [2025-09-21T15:27:15.580+0000] {dagbag.py:538} INFO - Filling up the DagBag from /home/airflow/.local/lib/python3.8/site-packages/airflow/example_dags/example_setup_teardown.py
[2025-09-21T15:27:15.592+0000] {processor.py:840} INFO - DAG(s) 'example_setup_teardown' retrieved from /home/airflow/.local/lib/python3.8/site-packages/airflow/example_dags/example_setup_teardown.py
[2025-09-21T15:27:15.638+0000] {logging_mixin.py:188} INFO - [2025-09-21T15:27:15.638+0000] {dag.py:3036} INFO - Sync 1 DAGs
[2025-09-21T15:27:15.685+0000] {logging_mixin.py:188} INFO - [2025-09-21T15:27:15.685+0000] {dag.py:3823} INFO - Setting next_dagrun for example_setup_teardown to 2025-09-20 00:00:00+00:00, run_after=2025-09-21 00:00:00+00:00
[2025-09-21T15:27:15.727+0000] {processor.py:183} INFO - Processing /home/airflow/.local/lib/python3.8/site-packages/airflow/example_dags/example_setup_teardown.py took 0.159 seconds
[2025-09-21T15:27:46.034+0000] {processor.py:161} INFO - Started process (PID=1947) to work on /home/airflow/.local/lib/python3.8/site-packages/airflow/example_dags/example_setup_teardown.py
[2025-09-21T15:27:46.036+0000] {processor.py:830} INFO - Processing file /home/airflow/.local/lib/python3.8/site-packages/airflow/example_dags/example_setup_teardown.py for tasks to queue
[2025-09-21T15:27:46.039+0000] {logging_mixin.py:188} INFO - [2025-09-21T15:27:46.039+0000] {dagbag.py:538} INFO - Filling up the DagBag from /home/airflow/.local/lib/python3.8/site-packages/airflow/example_dags/example_setup_teardown.py
[2025-09-21T15:27:46.051+0000] {processor.py:840} INFO - DAG(s) 'example_setup_teardown' retrieved from /home/airflow/.local/lib/python3.8/site-packages/airflow/example_dags/example_setup_teardown.py
[2025-09-21T15:27:46.088+0000] {logging_mixin.py:188} INFO - [2025-09-21T15:27:46.088+0000] {dag.py:3036} INFO - Sync 1 DAGs
[2025-09-21T15:27:46.127+0000] {logging_mixin.py:188} INFO - [2025-09-21T15:27:46.127+0000] {dag.py:3823} INFO - Setting next_dagrun for example_setup_teardown to 2025-09-20 00:00:00+00:00, run_after=2025-09-21 00:00:00+00:00
[2025-09-21T15:27:46.162+0000] {processor.py:183} INFO - Processing /home/airflow/.local/lib/python3.8/site-packages/airflow/example_dags/example_setup_teardown.py took 0.134 seconds
[2025-09-21T15:28:16.819+0000] {processor.py:161} INFO - Started process (PID=2005) to work on /home/airflow/.local/lib/python3.8/site-packages/airflow/example_dags/example_setup_teardown.py
[2025-09-21T15:28:16.820+0000] {processor.py:830} INFO - Processing file /home/airflow/.local/lib/python3.8/site-packages/airflow/example_dags/example_setup_teardown.py for tasks to queue
[2025-09-21T15:28:16.824+0000] {logging_mixin.py:188} INFO - [2025-09-21T15:28:16.823+0000] {dagbag.py:538} INFO - Filling up the DagBag from /home/airflow/.local/lib/python3.8/site-packages/airflow/example_dags/example_setup_teardown.py
[2025-09-21T15:28:16.836+0000] {processor.py:840} INFO - DAG(s) 'example_setup_teardown' retrieved from /home/airflow/.local/lib/python3.8/site-packages/airflow/example_dags/example_setup_teardown.py
[2025-09-21T15:28:16.874+0000] {logging_mixin.py:188} INFO - [2025-09-21T15:28:16.874+0000] {dag.py:3036} INFO - Sync 1 DAGs
[2025-09-21T15:28:16.915+0000] {logging_mixin.py:188} INFO - [2025-09-21T15:28:16.915+0000] {dag.py:3823} INFO - Setting next_dagrun for example_setup_teardown to 2025-09-20 00:00:00+00:00, run_after=2025-09-21 00:00:00+00:00
[2025-09-21T15:28:16.952+0000] {processor.py:183} INFO - Processing /home/airflow/.local/lib/python3.8/site-packages/airflow/example_dags/example_setup_teardown.py took 0.140 seconds
[2025-09-21T15:28:47.067+0000] {processor.py:161} INFO - Started process (PID=2063) to work on /home/airflow/.local/lib/python3.8/site-packages/airflow/example_dags/example_setup_teardown.py
[2025-09-21T15:28:47.068+0000] {processor.py:830} INFO - Processing file /home/airflow/.local/lib/python3.8/site-packages/airflow/example_dags/example_setup_teardown.py for tasks to queue
[2025-09-21T15:28:47.072+0000] {logging_mixin.py:188} INFO - [2025-09-21T15:28:47.071+0000] {dagbag.py:538} INFO - Filling up the DagBag from /home/airflow/.local/lib/python3.8/site-packages/airflow/example_dags/example_setup_teardown.py
[2025-09-21T15:28:47.083+0000] {processor.py:840} INFO - DAG(s) 'example_setup_teardown' retrieved from /home/airflow/.local/lib/python3.8/site-packages/airflow/example_dags/example_setup_teardown.py
[2025-09-21T15:28:47.121+0000] {logging_mixin.py:188} INFO - [2025-09-21T15:28:47.120+0000] {dag.py:3036} INFO - Sync 1 DAGs
[2025-09-21T15:28:47.163+0000] {logging_mixin.py:188} INFO - [2025-09-21T15:28:47.163+0000] {dag.py:3823} INFO - Setting next_dagrun for example_setup_teardown to 2025-09-20 00:00:00+00:00, run_after=2025-09-21 00:00:00+00:00
[2025-09-21T15:28:47.228+0000] {processor.py:183} INFO - Processing /home/airflow/.local/lib/python3.8/site-packages/airflow/example_dags/example_setup_teardown.py took 0.167 seconds
[2025-09-21T15:29:17.545+0000] {processor.py:161} INFO - Started process (PID=2119) to work on /home/airflow/.local/lib/python3.8/site-packages/airflow/example_dags/example_setup_teardown.py
[2025-09-21T15:29:17.547+0000] {processor.py:830} INFO - Processing file /home/airflow/.local/lib/python3.8/site-packages/airflow/example_dags/example_setup_teardown.py for tasks to queue
[2025-09-21T15:29:17.552+0000] {logging_mixin.py:188} INFO - [2025-09-21T15:29:17.551+0000] {dagbag.py:538} INFO - Filling up the DagBag from /home/airflow/.local/lib/python3.8/site-packages/airflow/example_dags/example_setup_teardown.py
[2025-09-21T15:29:17.564+0000] {processor.py:840} INFO - DAG(s) 'example_setup_teardown' retrieved from /home/airflow/.local/lib/python3.8/site-packages/airflow/example_dags/example_setup_teardown.py
[2025-09-21T15:29:17.605+0000] {logging_mixin.py:188} INFO - [2025-09-21T15:29:17.605+0000] {dag.py:3036} INFO - Sync 1 DAGs
[2025-09-21T15:29:17.648+0000] {logging_mixin.py:188} INFO - [2025-09-21T15:29:17.647+0000] {dag.py:3823} INFO - Setting next_dagrun for example_setup_teardown to 2025-09-20 00:00:00+00:00, run_after=2025-09-21 00:00:00+00:00
[2025-09-21T15:29:17.684+0000] {processor.py:183} INFO - Processing /home/airflow/.local/lib/python3.8/site-packages/airflow/example_dags/example_setup_teardown.py took 0.144 seconds
[2025-09-21T15:29:47.982+0000] {processor.py:161} INFO - Started process (PID=2177) to work on /home/airflow/.local/lib/python3.8/site-packages/airflow/example_dags/example_setup_teardown.py
[2025-09-21T15:29:47.984+0000] {processor.py:830} INFO - Processing file /home/airflow/.local/lib/python3.8/site-packages/airflow/example_dags/example_setup_teardown.py for tasks to queue
[2025-09-21T15:29:47.987+0000] {logging_mixin.py:188} INFO - [2025-09-21T15:29:47.987+0000] {dagbag.py:538} INFO - Filling up the DagBag from /home/airflow/.local/lib/python3.8/site-packages/airflow/example_dags/example_setup_teardown.py
[2025-09-21T15:29:48.000+0000] {processor.py:840} INFO - DAG(s) 'example_setup_teardown' retrieved from /home/airflow/.local/lib/python3.8/site-packages/airflow/example_dags/example_setup_teardown.py
[2025-09-21T15:29:48.045+0000] {logging_mixin.py:188} INFO - [2025-09-21T15:29:48.044+0000] {dag.py:3036} INFO - Sync 1 DAGs
[2025-09-21T15:29:48.098+0000] {logging_mixin.py:188} INFO - [2025-09-21T15:29:48.098+0000] {dag.py:3823} INFO - Setting next_dagrun for example_setup_teardown to 2025-09-20 00:00:00+00:00, run_after=2025-09-21 00:00:00+00:00
[2025-09-21T15:29:48.138+0000] {processor.py:183} INFO - Processing /home/airflow/.local/lib/python3.8/site-packages/airflow/example_dags/example_setup_teardown.py took 0.163 seconds
[2025-09-21T15:30:18.644+0000] {processor.py:161} INFO - Started process (PID=2235) to work on /home/airflow/.local/lib/python3.8/site-packages/airflow/example_dags/example_setup_teardown.py
[2025-09-21T15:30:18.646+0000] {processor.py:830} INFO - Processing file /home/airflow/.local/lib/python3.8/site-packages/airflow/example_dags/example_setup_teardown.py for tasks to queue
[2025-09-21T15:30:18.650+0000] {logging_mixin.py:188} INFO - [2025-09-21T15:30:18.649+0000] {dagbag.py:538} INFO - Filling up the DagBag from /home/airflow/.local/lib/python3.8/site-packages/airflow/example_dags/example_setup_teardown.py
[2025-09-21T15:30:18.661+0000] {processor.py:840} INFO - DAG(s) 'example_setup_teardown' retrieved from /home/airflow/.local/lib/python3.8/site-packages/airflow/example_dags/example_setup_teardown.py
[2025-09-21T15:30:18.699+0000] {logging_mixin.py:188} INFO - [2025-09-21T15:30:18.698+0000] {dag.py:3036} INFO - Sync 1 DAGs
[2025-09-21T15:30:18.741+0000] {logging_mixin.py:188} INFO - [2025-09-21T15:30:18.741+0000] {dag.py:3823} INFO - Setting next_dagrun for example_setup_teardown to 2025-09-20 00:00:00+00:00, run_after=2025-09-21 00:00:00+00:00
[2025-09-21T15:30:18.780+0000] {processor.py:183} INFO - Processing /home/airflow/.local/lib/python3.8/site-packages/airflow/example_dags/example_setup_teardown.py took 0.142 seconds
[2025-09-21T15:30:49.274+0000] {processor.py:161} INFO - Started process (PID=2293) to work on /home/airflow/.local/lib/python3.8/site-packages/airflow/example_dags/example_setup_teardown.py
[2025-09-21T15:30:49.276+0000] {processor.py:830} INFO - Processing file /home/airflow/.local/lib/python3.8/site-packages/airflow/example_dags/example_setup_teardown.py for tasks to queue
[2025-09-21T15:30:49.280+0000] {logging_mixin.py:188} INFO - [2025-09-21T15:30:49.279+0000] {dagbag.py:538} INFO - Filling up the DagBag from /home/airflow/.local/lib/python3.8/site-packages/airflow/example_dags/example_setup_teardown.py
[2025-09-21T15:30:49.292+0000] {processor.py:840} INFO - DAG(s) 'example_setup_teardown' retrieved from /home/airflow/.local/lib/python3.8/site-packages/airflow/example_dags/example_setup_teardown.py
[2025-09-21T15:30:49.327+0000] {logging_mixin.py:188} INFO - [2025-09-21T15:30:49.327+0000] {dag.py:3036} INFO - Sync 1 DAGs
[2025-09-21T15:30:49.368+0000] {logging_mixin.py:188} INFO - [2025-09-21T15:30:49.367+0000] {dag.py:3823} INFO - Setting next_dagrun for example_setup_teardown to 2025-09-20 00:00:00+00:00, run_after=2025-09-21 00:00:00+00:00
[2025-09-21T15:30:49.402+0000] {processor.py:183} INFO - Processing /home/airflow/.local/lib/python3.8/site-packages/airflow/example_dags/example_setup_teardown.py took 0.135 seconds
[2025-09-21T15:31:20.393+0000] {processor.py:161} INFO - Started process (PID=2351) to work on /home/airflow/.local/lib/python3.8/site-packages/airflow/example_dags/example_setup_teardown.py
[2025-09-21T15:31:20.395+0000] {processor.py:830} INFO - Processing file /home/airflow/.local/lib/python3.8/site-packages/airflow/example_dags/example_setup_teardown.py for tasks to queue
[2025-09-21T15:31:20.399+0000] {logging_mixin.py:188} INFO - [2025-09-21T15:31:20.398+0000] {dagbag.py:538} INFO - Filling up the DagBag from /home/airflow/.local/lib/python3.8/site-packages/airflow/example_dags/example_setup_teardown.py
[2025-09-21T15:31:20.410+0000] {processor.py:840} INFO - DAG(s) 'example_setup_teardown' retrieved from /home/airflow/.local/lib/python3.8/site-packages/airflow/example_dags/example_setup_teardown.py
[2025-09-21T15:31:20.447+0000] {logging_mixin.py:188} INFO - [2025-09-21T15:31:20.446+0000] {dag.py:3036} INFO - Sync 1 DAGs
[2025-09-21T15:31:20.485+0000] {logging_mixin.py:188} INFO - [2025-09-21T15:31:20.485+0000] {dag.py:3823} INFO - Setting next_dagrun for example_setup_teardown to 2025-09-20 00:00:00+00:00, run_after=2025-09-21 00:00:00+00:00
[2025-09-21T15:31:20.519+0000] {processor.py:183} INFO - Processing /home/airflow/.local/lib/python3.8/site-packages/airflow/example_dags/example_setup_teardown.py took 0.132 seconds
[2025-09-21T15:31:50.679+0000] {processor.py:161} INFO - Started process (PID=2409) to work on /home/airflow/.local/lib/python3.8/site-packages/airflow/example_dags/example_setup_teardown.py
[2025-09-21T15:31:50.681+0000] {processor.py:830} INFO - Processing file /home/airflow/.local/lib/python3.8/site-packages/airflow/example_dags/example_setup_teardown.py for tasks to queue
[2025-09-21T15:31:50.684+0000] {logging_mixin.py:188} INFO - [2025-09-21T15:31:50.684+0000] {dagbag.py:538} INFO - Filling up the DagBag from /home/airflow/.local/lib/python3.8/site-packages/airflow/example_dags/example_setup_teardown.py
[2025-09-21T15:31:50.696+0000] {processor.py:840} INFO - DAG(s) 'example_setup_teardown' retrieved from /home/airflow/.local/lib/python3.8/site-packages/airflow/example_dags/example_setup_teardown.py
[2025-09-21T15:31:50.733+0000] {logging_mixin.py:188} INFO - [2025-09-21T15:31:50.732+0000] {dag.py:3036} INFO - Sync 1 DAGs
[2025-09-21T15:31:50.777+0000] {logging_mixin.py:188} INFO - [2025-09-21T15:31:50.776+0000] {dag.py:3823} INFO - Setting next_dagrun for example_setup_teardown to 2025-09-20 00:00:00+00:00, run_after=2025-09-21 00:00:00+00:00
[2025-09-21T15:31:50.813+0000] {processor.py:183} INFO - Processing /home/airflow/.local/lib/python3.8/site-packages/airflow/example_dags/example_setup_teardown.py took 0.139 seconds
[2025-09-21T15:32:21.009+0000] {processor.py:161} INFO - Started process (PID=2467) to work on /home/airflow/.local/lib/python3.8/site-packages/airflow/example_dags/example_setup_teardown.py
[2025-09-21T15:32:21.011+0000] {processor.py:830} INFO - Processing file /home/airflow/.local/lib/python3.8/site-packages/airflow/example_dags/example_setup_teardown.py for tasks to queue
[2025-09-21T15:32:21.014+0000] {logging_mixin.py:188} INFO - [2025-09-21T15:32:21.013+0000] {dagbag.py:538} INFO - Filling up the DagBag from /home/airflow/.local/lib/python3.8/site-packages/airflow/example_dags/example_setup_teardown.py
[2025-09-21T15:32:21.026+0000] {processor.py:840} INFO - DAG(s) 'example_setup_teardown' retrieved from /home/airflow/.local/lib/python3.8/site-packages/airflow/example_dags/example_setup_teardown.py
[2025-09-21T15:32:21.063+0000] {logging_mixin.py:188} INFO - [2025-09-21T15:32:21.062+0000] {dag.py:3036} INFO - Sync 1 DAGs
[2025-09-21T15:32:21.106+0000] {logging_mixin.py:188} INFO - [2025-09-21T15:32:21.106+0000] {dag.py:3823} INFO - Setting next_dagrun for example_setup_teardown to 2025-09-20 00:00:00+00:00, run_after=2025-09-21 00:00:00+00:00
[2025-09-21T15:32:21.147+0000] {processor.py:183} INFO - Processing /home/airflow/.local/lib/python3.8/site-packages/airflow/example_dags/example_setup_teardown.py took 0.145 seconds
[2025-09-21T15:32:51.272+0000] {processor.py:161} INFO - Started process (PID=2523) to work on /home/airflow/.local/lib/python3.8/site-packages/airflow/example_dags/example_setup_teardown.py
[2025-09-21T15:32:51.274+0000] {processor.py:830} INFO - Processing file /home/airflow/.local/lib/python3.8/site-packages/airflow/example_dags/example_setup_teardown.py for tasks to queue
[2025-09-21T15:32:51.278+0000] {logging_mixin.py:188} INFO - [2025-09-21T15:32:51.278+0000] {dagbag.py:538} INFO - Filling up the DagBag from /home/airflow/.local/lib/python3.8/site-packages/airflow/example_dags/example_setup_teardown.py
[2025-09-21T15:32:51.294+0000] {processor.py:840} INFO - DAG(s) 'example_setup_teardown' retrieved from /home/airflow/.local/lib/python3.8/site-packages/airflow/example_dags/example_setup_teardown.py
[2025-09-21T15:32:51.334+0000] {logging_mixin.py:188} INFO - [2025-09-21T15:32:51.333+0000] {dag.py:3036} INFO - Sync 1 DAGs
[2025-09-21T15:32:51.378+0000] {logging_mixin.py:188} INFO - [2025-09-21T15:32:51.378+0000] {dag.py:3823} INFO - Setting next_dagrun for example_setup_teardown to 2025-09-20 00:00:00+00:00, run_after=2025-09-21 00:00:00+00:00
[2025-09-21T15:32:51.424+0000] {processor.py:183} INFO - Processing /home/airflow/.local/lib/python3.8/site-packages/airflow/example_dags/example_setup_teardown.py took 0.158 seconds
[2025-09-21T15:33:21.504+0000] {processor.py:161} INFO - Started process (PID=2581) to work on /home/airflow/.local/lib/python3.8/site-packages/airflow/example_dags/example_setup_teardown.py
[2025-09-21T15:33:21.506+0000] {processor.py:830} INFO - Processing file /home/airflow/.local/lib/python3.8/site-packages/airflow/example_dags/example_setup_teardown.py for tasks to queue
[2025-09-21T15:33:21.509+0000] {logging_mixin.py:188} INFO - [2025-09-21T15:33:21.509+0000] {dagbag.py:538} INFO - Filling up the DagBag from /home/airflow/.local/lib/python3.8/site-packages/airflow/example_dags/example_setup_teardown.py
[2025-09-21T15:33:21.521+0000] {processor.py:840} INFO - DAG(s) 'example_setup_teardown' retrieved from /home/airflow/.local/lib/python3.8/site-packages/airflow/example_dags/example_setup_teardown.py
[2025-09-21T15:33:21.563+0000] {logging_mixin.py:188} INFO - [2025-09-21T15:33:21.563+0000] {dag.py:3036} INFO - Sync 1 DAGs
[2025-09-21T15:33:21.604+0000] {logging_mixin.py:188} INFO - [2025-09-21T15:33:21.604+0000] {dag.py:3823} INFO - Setting next_dagrun for example_setup_teardown to 2025-09-20 00:00:00+00:00, run_after=2025-09-21 00:00:00+00:00
[2025-09-21T15:33:21.643+0000] {processor.py:183} INFO - Processing /home/airflow/.local/lib/python3.8/site-packages/airflow/example_dags/example_setup_teardown.py took 0.144 seconds
[2025-09-21T15:33:51.705+0000] {processor.py:161} INFO - Started process (PID=2639) to work on /home/airflow/.local/lib/python3.8/site-packages/airflow/example_dags/example_setup_teardown.py
[2025-09-21T15:33:51.708+0000] {processor.py:830} INFO - Processing file /home/airflow/.local/lib/python3.8/site-packages/airflow/example_dags/example_setup_teardown.py for tasks to queue
[2025-09-21T15:33:51.712+0000] {logging_mixin.py:188} INFO - [2025-09-21T15:33:51.711+0000] {dagbag.py:538} INFO - Filling up the DagBag from /home/airflow/.local/lib/python3.8/site-packages/airflow/example_dags/example_setup_teardown.py
[2025-09-21T15:33:51.724+0000] {processor.py:840} INFO - DAG(s) 'example_setup_teardown' retrieved from /home/airflow/.local/lib/python3.8/site-packages/airflow/example_dags/example_setup_teardown.py
[2025-09-21T15:33:51.759+0000] {logging_mixin.py:188} INFO - [2025-09-21T15:33:51.759+0000] {dag.py:3036} INFO - Sync 1 DAGs
[2025-09-21T15:33:51.797+0000] {logging_mixin.py:188} INFO - [2025-09-21T15:33:51.797+0000] {dag.py:3823} INFO - Setting next_dagrun for example_setup_teardown to 2025-09-20 00:00:00+00:00, run_after=2025-09-21 00:00:00+00:00
[2025-09-21T15:33:51.830+0000] {processor.py:183} INFO - Processing /home/airflow/.local/lib/python3.8/site-packages/airflow/example_dags/example_setup_teardown.py took 0.132 seconds
[2025-09-21T15:34:22.293+0000] {processor.py:161} INFO - Started process (PID=2697) to work on /home/airflow/.local/lib/python3.8/site-packages/airflow/example_dags/example_setup_teardown.py
[2025-09-21T15:34:22.295+0000] {processor.py:830} INFO - Processing file /home/airflow/.local/lib/python3.8/site-packages/airflow/example_dags/example_setup_teardown.py for tasks to queue
[2025-09-21T15:34:22.299+0000] {logging_mixin.py:188} INFO - [2025-09-21T15:34:22.299+0000] {dagbag.py:538} INFO - Filling up the DagBag from /home/airflow/.local/lib/python3.8/site-packages/airflow/example_dags/example_setup_teardown.py
[2025-09-21T15:34:22.312+0000] {processor.py:840} INFO - DAG(s) 'example_setup_teardown' retrieved from /home/airflow/.local/lib/python3.8/site-packages/airflow/example_dags/example_setup_teardown.py
[2025-09-21T15:34:22.347+0000] {logging_mixin.py:188} INFO - [2025-09-21T15:34:22.346+0000] {dag.py:3036} INFO - Sync 1 DAGs
[2025-09-21T15:34:22.403+0000] {logging_mixin.py:188} INFO - [2025-09-21T15:34:22.402+0000] {dag.py:3823} INFO - Setting next_dagrun for example_setup_teardown to 2025-09-20 00:00:00+00:00, run_after=2025-09-21 00:00:00+00:00
[2025-09-21T15:34:22.445+0000] {processor.py:183} INFO - Processing /home/airflow/.local/lib/python3.8/site-packages/airflow/example_dags/example_setup_teardown.py took 0.160 seconds
[2025-09-21T15:34:52.748+0000] {processor.py:161} INFO - Started process (PID=2761) to work on /home/airflow/.local/lib/python3.8/site-packages/airflow/example_dags/example_setup_teardown.py
[2025-09-21T15:34:52.749+0000] {processor.py:830} INFO - Processing file /home/airflow/.local/lib/python3.8/site-packages/airflow/example_dags/example_setup_teardown.py for tasks to queue
[2025-09-21T15:34:52.753+0000] {logging_mixin.py:188} INFO - [2025-09-21T15:34:52.752+0000] {dagbag.py:538} INFO - Filling up the DagBag from /home/airflow/.local/lib/python3.8/site-packages/airflow/example_dags/example_setup_teardown.py
[2025-09-21T15:34:52.764+0000] {processor.py:840} INFO - DAG(s) 'example_setup_teardown' retrieved from /home/airflow/.local/lib/python3.8/site-packages/airflow/example_dags/example_setup_teardown.py
[2025-09-21T15:34:52.811+0000] {logging_mixin.py:188} INFO - [2025-09-21T15:34:52.811+0000] {dag.py:3036} INFO - Sync 1 DAGs
[2025-09-21T15:34:52.855+0000] {logging_mixin.py:188} INFO - [2025-09-21T15:34:52.854+0000] {dag.py:3823} INFO - Setting next_dagrun for example_setup_teardown to 2025-09-20 00:00:00+00:00, run_after=2025-09-21 00:00:00+00:00
[2025-09-21T15:34:52.895+0000] {processor.py:183} INFO - Processing /home/airflow/.local/lib/python3.8/site-packages/airflow/example_dags/example_setup_teardown.py took 0.153 seconds
[2025-09-21T15:35:23.681+0000] {processor.py:161} INFO - Started process (PID=2819) to work on /home/airflow/.local/lib/python3.8/site-packages/airflow/example_dags/example_setup_teardown.py
[2025-09-21T15:35:23.683+0000] {processor.py:830} INFO - Processing file /home/airflow/.local/lib/python3.8/site-packages/airflow/example_dags/example_setup_teardown.py for tasks to queue
[2025-09-21T15:35:23.687+0000] {logging_mixin.py:188} INFO - [2025-09-21T15:35:23.686+0000] {dagbag.py:538} INFO - Filling up the DagBag from /home/airflow/.local/lib/python3.8/site-packages/airflow/example_dags/example_setup_teardown.py
[2025-09-21T15:35:23.699+0000] {processor.py:840} INFO - DAG(s) 'example_setup_teardown' retrieved from /home/airflow/.local/lib/python3.8/site-packages/airflow/example_dags/example_setup_teardown.py
[2025-09-21T15:35:23.734+0000] {logging_mixin.py:188} INFO - [2025-09-21T15:35:23.734+0000] {dag.py:3036} INFO - Sync 1 DAGs
[2025-09-21T15:35:23.774+0000] {logging_mixin.py:188} INFO - [2025-09-21T15:35:23.774+0000] {dag.py:3823} INFO - Setting next_dagrun for example_setup_teardown to 2025-09-20 00:00:00+00:00, run_after=2025-09-21 00:00:00+00:00
[2025-09-21T15:35:23.814+0000] {processor.py:183} INFO - Processing /home/airflow/.local/lib/python3.8/site-packages/airflow/example_dags/example_setup_teardown.py took 0.139 seconds
[2025-09-21T15:35:53.954+0000] {processor.py:161} INFO - Started process (PID=2877) to work on /home/airflow/.local/lib/python3.8/site-packages/airflow/example_dags/example_setup_teardown.py
[2025-09-21T15:35:53.956+0000] {processor.py:830} INFO - Processing file /home/airflow/.local/lib/python3.8/site-packages/airflow/example_dags/example_setup_teardown.py for tasks to queue
[2025-09-21T15:35:53.959+0000] {logging_mixin.py:188} INFO - [2025-09-21T15:35:53.959+0000] {dagbag.py:538} INFO - Filling up the DagBag from /home/airflow/.local/lib/python3.8/site-packages/airflow/example_dags/example_setup_teardown.py
[2025-09-21T15:35:53.975+0000] {processor.py:840} INFO - DAG(s) 'example_setup_teardown' retrieved from /home/airflow/.local/lib/python3.8/site-packages/airflow/example_dags/example_setup_teardown.py
[2025-09-21T15:35:54.016+0000] {logging_mixin.py:188} INFO - [2025-09-21T15:35:54.015+0000] {dag.py:3036} INFO - Sync 1 DAGs
[2025-09-21T15:35:54.056+0000] {logging_mixin.py:188} INFO - [2025-09-21T15:35:54.056+0000] {dag.py:3823} INFO - Setting next_dagrun for example_setup_teardown to 2025-09-20 00:00:00+00:00, run_after=2025-09-21 00:00:00+00:00
[2025-09-21T15:35:54.092+0000] {processor.py:183} INFO - Processing /home/airflow/.local/lib/python3.8/site-packages/airflow/example_dags/example_setup_teardown.py took 0.146 seconds
[2025-09-21T15:38:53.176+0000] {processor.py:161} INFO - Started process (PID=91) to work on /home/airflow/.local/lib/python3.8/site-packages/airflow/example_dags/example_setup_teardown.py
[2025-09-21T15:38:53.179+0000] {processor.py:830} INFO - Processing file /home/airflow/.local/lib/python3.8/site-packages/airflow/example_dags/example_setup_teardown.py for tasks to queue
[2025-09-21T15:38:53.186+0000] {logging_mixin.py:188} INFO - [2025-09-21T15:38:53.185+0000] {dagbag.py:538} INFO - Filling up the DagBag from /home/airflow/.local/lib/python3.8/site-packages/airflow/example_dags/example_setup_teardown.py
[2025-09-21T15:38:53.213+0000] {processor.py:840} INFO - DAG(s) 'example_setup_teardown' retrieved from /home/airflow/.local/lib/python3.8/site-packages/airflow/example_dags/example_setup_teardown.py
[2025-09-21T15:38:53.495+0000] {logging_mixin.py:188} INFO - [2025-09-21T15:38:53.494+0000] {dag.py:3036} INFO - Sync 1 DAGs
[2025-09-21T15:38:53.539+0000] {logging_mixin.py:188} INFO - [2025-09-21T15:38:53.539+0000] {dag.py:3823} INFO - Setting next_dagrun for example_setup_teardown to 2025-09-20 00:00:00+00:00, run_after=2025-09-21 00:00:00+00:00
[2025-09-21T15:38:53.573+0000] {processor.py:183} INFO - Processing /home/airflow/.local/lib/python3.8/site-packages/airflow/example_dags/example_setup_teardown.py took 0.405 seconds
[2025-09-21T15:39:23.745+0000] {processor.py:161} INFO - Started process (PID=149) to work on /home/airflow/.local/lib/python3.8/site-packages/airflow/example_dags/example_setup_teardown.py
[2025-09-21T15:39:23.746+0000] {processor.py:830} INFO - Processing file /home/airflow/.local/lib/python3.8/site-packages/airflow/example_dags/example_setup_teardown.py for tasks to queue
[2025-09-21T15:39:23.750+0000] {logging_mixin.py:188} INFO - [2025-09-21T15:39:23.749+0000] {dagbag.py:538} INFO - Filling up the DagBag from /home/airflow/.local/lib/python3.8/site-packages/airflow/example_dags/example_setup_teardown.py
[2025-09-21T15:39:23.762+0000] {processor.py:840} INFO - DAG(s) 'example_setup_teardown' retrieved from /home/airflow/.local/lib/python3.8/site-packages/airflow/example_dags/example_setup_teardown.py
[2025-09-21T15:39:23.798+0000] {logging_mixin.py:188} INFO - [2025-09-21T15:39:23.798+0000] {dag.py:3036} INFO - Sync 1 DAGs
[2025-09-21T15:39:23.840+0000] {logging_mixin.py:188} INFO - [2025-09-21T15:39:23.840+0000] {dag.py:3823} INFO - Setting next_dagrun for example_setup_teardown to 2025-09-20 00:00:00+00:00, run_after=2025-09-21 00:00:00+00:00
[2025-09-21T15:39:23.876+0000] {processor.py:183} INFO - Processing /home/airflow/.local/lib/python3.8/site-packages/airflow/example_dags/example_setup_teardown.py took 0.137 seconds
[2025-09-21T15:39:54.016+0000] {processor.py:161} INFO - Started process (PID=207) to work on /home/airflow/.local/lib/python3.8/site-packages/airflow/example_dags/example_setup_teardown.py
[2025-09-21T15:39:54.018+0000] {processor.py:830} INFO - Processing file /home/airflow/.local/lib/python3.8/site-packages/airflow/example_dags/example_setup_teardown.py for tasks to queue
[2025-09-21T15:39:54.021+0000] {logging_mixin.py:188} INFO - [2025-09-21T15:39:54.021+0000] {dagbag.py:538} INFO - Filling up the DagBag from /home/airflow/.local/lib/python3.8/site-packages/airflow/example_dags/example_setup_teardown.py
[2025-09-21T15:39:54.034+0000] {processor.py:840} INFO - DAG(s) 'example_setup_teardown' retrieved from /home/airflow/.local/lib/python3.8/site-packages/airflow/example_dags/example_setup_teardown.py
[2025-09-21T15:39:54.071+0000] {logging_mixin.py:188} INFO - [2025-09-21T15:39:54.071+0000] {dag.py:3036} INFO - Sync 1 DAGs
[2025-09-21T15:39:54.111+0000] {logging_mixin.py:188} INFO - [2025-09-21T15:39:54.111+0000] {dag.py:3823} INFO - Setting next_dagrun for example_setup_teardown to 2025-09-20 00:00:00+00:00, run_after=2025-09-21 00:00:00+00:00
[2025-09-21T15:39:54.150+0000] {processor.py:183} INFO - Processing /home/airflow/.local/lib/python3.8/site-packages/airflow/example_dags/example_setup_teardown.py took 0.140 seconds
[2025-09-21T15:40:25.067+0000] {processor.py:161} INFO - Started process (PID=265) to work on /home/airflow/.local/lib/python3.8/site-packages/airflow/example_dags/example_setup_teardown.py
[2025-09-21T15:40:25.069+0000] {processor.py:830} INFO - Processing file /home/airflow/.local/lib/python3.8/site-packages/airflow/example_dags/example_setup_teardown.py for tasks to queue
[2025-09-21T15:40:25.073+0000] {logging_mixin.py:188} INFO - [2025-09-21T15:40:25.072+0000] {dagbag.py:538} INFO - Filling up the DagBag from /home/airflow/.local/lib/python3.8/site-packages/airflow/example_dags/example_setup_teardown.py
[2025-09-21T15:40:25.087+0000] {processor.py:840} INFO - DAG(s) 'example_setup_teardown' retrieved from /home/airflow/.local/lib/python3.8/site-packages/airflow/example_dags/example_setup_teardown.py
[2025-09-21T15:40:25.126+0000] {logging_mixin.py:188} INFO - [2025-09-21T15:40:25.126+0000] {dag.py:3036} INFO - Sync 1 DAGs
[2025-09-21T15:40:25.172+0000] {logging_mixin.py:188} INFO - [2025-09-21T15:40:25.172+0000] {dag.py:3823} INFO - Setting next_dagrun for example_setup_teardown to 2025-09-20 00:00:00+00:00, run_after=2025-09-21 00:00:00+00:00
[2025-09-21T15:40:25.208+0000] {processor.py:183} INFO - Processing /home/airflow/.local/lib/python3.8/site-packages/airflow/example_dags/example_setup_teardown.py took 0.149 seconds
[2025-09-21T15:40:56.052+0000] {processor.py:161} INFO - Started process (PID=323) to work on /home/airflow/.local/lib/python3.8/site-packages/airflow/example_dags/example_setup_teardown.py
[2025-09-21T15:40:56.054+0000] {processor.py:830} INFO - Processing file /home/airflow/.local/lib/python3.8/site-packages/airflow/example_dags/example_setup_teardown.py for tasks to queue
[2025-09-21T15:40:56.057+0000] {logging_mixin.py:188} INFO - [2025-09-21T15:40:56.057+0000] {dagbag.py:538} INFO - Filling up the DagBag from /home/airflow/.local/lib/python3.8/site-packages/airflow/example_dags/example_setup_teardown.py
[2025-09-21T15:40:56.073+0000] {processor.py:840} INFO - DAG(s) 'example_setup_teardown' retrieved from /home/airflow/.local/lib/python3.8/site-packages/airflow/example_dags/example_setup_teardown.py
[2025-09-21T15:40:56.112+0000] {logging_mixin.py:188} INFO - [2025-09-21T15:40:56.111+0000] {dag.py:3036} INFO - Sync 1 DAGs
[2025-09-21T15:40:56.156+0000] {logging_mixin.py:188} INFO - [2025-09-21T15:40:56.156+0000] {dag.py:3823} INFO - Setting next_dagrun for example_setup_teardown to 2025-09-20 00:00:00+00:00, run_after=2025-09-21 00:00:00+00:00
[2025-09-21T15:40:56.217+0000] {processor.py:183} INFO - Processing /home/airflow/.local/lib/python3.8/site-packages/airflow/example_dags/example_setup_teardown.py took 0.172 seconds
[2025-09-21T15:41:26.638+0000] {processor.py:161} INFO - Started process (PID=381) to work on /home/airflow/.local/lib/python3.8/site-packages/airflow/example_dags/example_setup_teardown.py
[2025-09-21T15:41:26.640+0000] {processor.py:830} INFO - Processing file /home/airflow/.local/lib/python3.8/site-packages/airflow/example_dags/example_setup_teardown.py for tasks to queue
[2025-09-21T15:41:26.643+0000] {logging_mixin.py:188} INFO - [2025-09-21T15:41:26.643+0000] {dagbag.py:538} INFO - Filling up the DagBag from /home/airflow/.local/lib/python3.8/site-packages/airflow/example_dags/example_setup_teardown.py
[2025-09-21T15:41:26.654+0000] {processor.py:840} INFO - DAG(s) 'example_setup_teardown' retrieved from /home/airflow/.local/lib/python3.8/site-packages/airflow/example_dags/example_setup_teardown.py
[2025-09-21T15:41:26.690+0000] {logging_mixin.py:188} INFO - [2025-09-21T15:41:26.689+0000] {dag.py:3036} INFO - Sync 1 DAGs
[2025-09-21T15:41:26.729+0000] {logging_mixin.py:188} INFO - [2025-09-21T15:41:26.728+0000] {dag.py:3823} INFO - Setting next_dagrun for example_setup_teardown to 2025-09-20 00:00:00+00:00, run_after=2025-09-21 00:00:00+00:00
[2025-09-21T15:41:26.766+0000] {processor.py:183} INFO - Processing /home/airflow/.local/lib/python3.8/site-packages/airflow/example_dags/example_setup_teardown.py took 0.135 seconds
[2025-09-21T15:41:56.903+0000] {processor.py:161} INFO - Started process (PID=437) to work on /home/airflow/.local/lib/python3.8/site-packages/airflow/example_dags/example_setup_teardown.py
[2025-09-21T15:41:56.905+0000] {processor.py:830} INFO - Processing file /home/airflow/.local/lib/python3.8/site-packages/airflow/example_dags/example_setup_teardown.py for tasks to queue
[2025-09-21T15:41:56.908+0000] {logging_mixin.py:188} INFO - [2025-09-21T15:41:56.907+0000] {dagbag.py:538} INFO - Filling up the DagBag from /home/airflow/.local/lib/python3.8/site-packages/airflow/example_dags/example_setup_teardown.py
[2025-09-21T15:41:56.919+0000] {processor.py:840} INFO - DAG(s) 'example_setup_teardown' retrieved from /home/airflow/.local/lib/python3.8/site-packages/airflow/example_dags/example_setup_teardown.py
[2025-09-21T15:41:56.955+0000] {logging_mixin.py:188} INFO - [2025-09-21T15:41:56.955+0000] {dag.py:3036} INFO - Sync 1 DAGs
[2025-09-21T15:41:56.994+0000] {logging_mixin.py:188} INFO - [2025-09-21T15:41:56.993+0000] {dag.py:3823} INFO - Setting next_dagrun for example_setup_teardown to 2025-09-20 00:00:00+00:00, run_after=2025-09-21 00:00:00+00:00
[2025-09-21T15:41:57.031+0000] {processor.py:183} INFO - Processing /home/airflow/.local/lib/python3.8/site-packages/airflow/example_dags/example_setup_teardown.py took 0.134 seconds
[2025-09-21T15:42:27.146+0000] {processor.py:161} INFO - Started process (PID=495) to work on /home/airflow/.local/lib/python3.8/site-packages/airflow/example_dags/example_setup_teardown.py
[2025-09-21T15:42:27.148+0000] {processor.py:830} INFO - Processing file /home/airflow/.local/lib/python3.8/site-packages/airflow/example_dags/example_setup_teardown.py for tasks to queue
[2025-09-21T15:42:27.151+0000] {logging_mixin.py:188} INFO - [2025-09-21T15:42:27.151+0000] {dagbag.py:538} INFO - Filling up the DagBag from /home/airflow/.local/lib/python3.8/site-packages/airflow/example_dags/example_setup_teardown.py
[2025-09-21T15:42:27.163+0000] {processor.py:840} INFO - DAG(s) 'example_setup_teardown' retrieved from /home/airflow/.local/lib/python3.8/site-packages/airflow/example_dags/example_setup_teardown.py
[2025-09-21T15:42:27.202+0000] {logging_mixin.py:188} INFO - [2025-09-21T15:42:27.202+0000] {dag.py:3036} INFO - Sync 1 DAGs
[2025-09-21T15:42:27.244+0000] {logging_mixin.py:188} INFO - [2025-09-21T15:42:27.244+0000] {dag.py:3823} INFO - Setting next_dagrun for example_setup_teardown to 2025-09-20 00:00:00+00:00, run_after=2025-09-21 00:00:00+00:00
[2025-09-21T15:42:27.283+0000] {processor.py:183} INFO - Processing /home/airflow/.local/lib/python3.8/site-packages/airflow/example_dags/example_setup_teardown.py took 0.143 seconds
[2025-09-21T15:42:58.063+0000] {processor.py:161} INFO - Started process (PID=553) to work on /home/airflow/.local/lib/python3.8/site-packages/airflow/example_dags/example_setup_teardown.py
[2025-09-21T15:42:58.066+0000] {processor.py:830} INFO - Processing file /home/airflow/.local/lib/python3.8/site-packages/airflow/example_dags/example_setup_teardown.py for tasks to queue
[2025-09-21T15:42:58.071+0000] {logging_mixin.py:188} INFO - [2025-09-21T15:42:58.070+0000] {dagbag.py:538} INFO - Filling up the DagBag from /home/airflow/.local/lib/python3.8/site-packages/airflow/example_dags/example_setup_teardown.py
[2025-09-21T15:42:58.091+0000] {processor.py:840} INFO - DAG(s) 'example_setup_teardown' retrieved from /home/airflow/.local/lib/python3.8/site-packages/airflow/example_dags/example_setup_teardown.py
[2025-09-21T15:42:58.143+0000] {logging_mixin.py:188} INFO - [2025-09-21T15:42:58.143+0000] {dag.py:3036} INFO - Sync 1 DAGs
[2025-09-21T15:42:58.200+0000] {logging_mixin.py:188} INFO - [2025-09-21T15:42:58.200+0000] {dag.py:3823} INFO - Setting next_dagrun for example_setup_teardown to 2025-09-20 00:00:00+00:00, run_after=2025-09-21 00:00:00+00:00
[2025-09-21T15:42:58.247+0000] {processor.py:183} INFO - Processing /home/airflow/.local/lib/python3.8/site-packages/airflow/example_dags/example_setup_teardown.py took 0.193 seconds
[2025-09-21T15:43:28.664+0000] {processor.py:161} INFO - Started process (PID=611) to work on /home/airflow/.local/lib/python3.8/site-packages/airflow/example_dags/example_setup_teardown.py
[2025-09-21T15:43:28.665+0000] {processor.py:830} INFO - Processing file /home/airflow/.local/lib/python3.8/site-packages/airflow/example_dags/example_setup_teardown.py for tasks to queue
[2025-09-21T15:43:28.669+0000] {logging_mixin.py:188} INFO - [2025-09-21T15:43:28.668+0000] {dagbag.py:538} INFO - Filling up the DagBag from /home/airflow/.local/lib/python3.8/site-packages/airflow/example_dags/example_setup_teardown.py
[2025-09-21T15:43:28.686+0000] {processor.py:840} INFO - DAG(s) 'example_setup_teardown' retrieved from /home/airflow/.local/lib/python3.8/site-packages/airflow/example_dags/example_setup_teardown.py
[2025-09-21T15:43:28.727+0000] {logging_mixin.py:188} INFO - [2025-09-21T15:43:28.727+0000] {dag.py:3036} INFO - Sync 1 DAGs
[2025-09-21T15:43:28.768+0000] {logging_mixin.py:188} INFO - [2025-09-21T15:43:28.768+0000] {dag.py:3823} INFO - Setting next_dagrun for example_setup_teardown to 2025-09-20 00:00:00+00:00, run_after=2025-09-21 00:00:00+00:00
[2025-09-21T15:43:28.805+0000] {processor.py:183} INFO - Processing /home/airflow/.local/lib/python3.8/site-packages/airflow/example_dags/example_setup_teardown.py took 0.147 seconds
[2025-09-21T15:43:59.278+0000] {processor.py:161} INFO - Started process (PID=669) to work on /home/airflow/.local/lib/python3.8/site-packages/airflow/example_dags/example_setup_teardown.py
[2025-09-21T15:43:59.281+0000] {processor.py:830} INFO - Processing file /home/airflow/.local/lib/python3.8/site-packages/airflow/example_dags/example_setup_teardown.py for tasks to queue
[2025-09-21T15:43:59.286+0000] {logging_mixin.py:188} INFO - [2025-09-21T15:43:59.285+0000] {dagbag.py:538} INFO - Filling up the DagBag from /home/airflow/.local/lib/python3.8/site-packages/airflow/example_dags/example_setup_teardown.py
[2025-09-21T15:43:59.301+0000] {processor.py:840} INFO - DAG(s) 'example_setup_teardown' retrieved from /home/airflow/.local/lib/python3.8/site-packages/airflow/example_dags/example_setup_teardown.py
[2025-09-21T15:43:59.349+0000] {logging_mixin.py:188} INFO - [2025-09-21T15:43:59.349+0000] {dag.py:3036} INFO - Sync 1 DAGs
[2025-09-21T15:43:59.404+0000] {logging_mixin.py:188} INFO - [2025-09-21T15:43:59.403+0000] {dag.py:3823} INFO - Setting next_dagrun for example_setup_teardown to 2025-09-20 00:00:00+00:00, run_after=2025-09-21 00:00:00+00:00
[2025-09-21T15:43:59.445+0000] {processor.py:183} INFO - Processing /home/airflow/.local/lib/python3.8/site-packages/airflow/example_dags/example_setup_teardown.py took 0.174 seconds
[2025-09-21T15:44:30.300+0000] {processor.py:161} INFO - Started process (PID=727) to work on /home/airflow/.local/lib/python3.8/site-packages/airflow/example_dags/example_setup_teardown.py
[2025-09-21T15:44:30.301+0000] {processor.py:830} INFO - Processing file /home/airflow/.local/lib/python3.8/site-packages/airflow/example_dags/example_setup_teardown.py for tasks to queue
[2025-09-21T15:44:30.305+0000] {logging_mixin.py:188} INFO - [2025-09-21T15:44:30.304+0000] {dagbag.py:538} INFO - Filling up the DagBag from /home/airflow/.local/lib/python3.8/site-packages/airflow/example_dags/example_setup_teardown.py
[2025-09-21T15:44:30.316+0000] {processor.py:840} INFO - DAG(s) 'example_setup_teardown' retrieved from /home/airflow/.local/lib/python3.8/site-packages/airflow/example_dags/example_setup_teardown.py
[2025-09-21T15:44:30.357+0000] {logging_mixin.py:188} INFO - [2025-09-21T15:44:30.356+0000] {dag.py:3036} INFO - Sync 1 DAGs
[2025-09-21T15:44:30.400+0000] {logging_mixin.py:188} INFO - [2025-09-21T15:44:30.399+0000] {dag.py:3823} INFO - Setting next_dagrun for example_setup_teardown to 2025-09-20 00:00:00+00:00, run_after=2025-09-21 00:00:00+00:00
[2025-09-21T15:44:30.441+0000] {processor.py:183} INFO - Processing /home/airflow/.local/lib/python3.8/site-packages/airflow/example_dags/example_setup_teardown.py took 0.147 seconds
[2025-09-21T15:45:00.891+0000] {processor.py:161} INFO - Started process (PID=785) to work on /home/airflow/.local/lib/python3.8/site-packages/airflow/example_dags/example_setup_teardown.py
[2025-09-21T15:45:00.892+0000] {processor.py:830} INFO - Processing file /home/airflow/.local/lib/python3.8/site-packages/airflow/example_dags/example_setup_teardown.py for tasks to queue
[2025-09-21T15:45:00.897+0000] {logging_mixin.py:188} INFO - [2025-09-21T15:45:00.896+0000] {dagbag.py:538} INFO - Filling up the DagBag from /home/airflow/.local/lib/python3.8/site-packages/airflow/example_dags/example_setup_teardown.py
[2025-09-21T15:45:00.909+0000] {processor.py:840} INFO - DAG(s) 'example_setup_teardown' retrieved from /home/airflow/.local/lib/python3.8/site-packages/airflow/example_dags/example_setup_teardown.py
[2025-09-21T15:45:00.947+0000] {logging_mixin.py:188} INFO - [2025-09-21T15:45:00.947+0000] {dag.py:3036} INFO - Sync 1 DAGs
[2025-09-21T15:45:00.986+0000] {logging_mixin.py:188} INFO - [2025-09-21T15:45:00.985+0000] {dag.py:3823} INFO - Setting next_dagrun for example_setup_teardown to 2025-09-20 00:00:00+00:00, run_after=2025-09-21 00:00:00+00:00
[2025-09-21T15:45:01.023+0000] {processor.py:183} INFO - Processing /home/airflow/.local/lib/python3.8/site-packages/airflow/example_dags/example_setup_teardown.py took 0.138 seconds
[2025-09-21T15:45:31.282+0000] {processor.py:161} INFO - Started process (PID=843) to work on /home/airflow/.local/lib/python3.8/site-packages/airflow/example_dags/example_setup_teardown.py
[2025-09-21T15:45:31.285+0000] {processor.py:830} INFO - Processing file /home/airflow/.local/lib/python3.8/site-packages/airflow/example_dags/example_setup_teardown.py for tasks to queue
[2025-09-21T15:45:31.288+0000] {logging_mixin.py:188} INFO - [2025-09-21T15:45:31.288+0000] {dagbag.py:538} INFO - Filling up the DagBag from /home/airflow/.local/lib/python3.8/site-packages/airflow/example_dags/example_setup_teardown.py
[2025-09-21T15:45:31.300+0000] {processor.py:840} INFO - DAG(s) 'example_setup_teardown' retrieved from /home/airflow/.local/lib/python3.8/site-packages/airflow/example_dags/example_setup_teardown.py
[2025-09-21T15:45:31.337+0000] {logging_mixin.py:188} INFO - [2025-09-21T15:45:31.337+0000] {dag.py:3036} INFO - Sync 1 DAGs
[2025-09-21T15:45:31.377+0000] {logging_mixin.py:188} INFO - [2025-09-21T15:45:31.376+0000] {dag.py:3823} INFO - Setting next_dagrun for example_setup_teardown to 2025-09-20 00:00:00+00:00, run_after=2025-09-21 00:00:00+00:00
[2025-09-21T15:45:31.410+0000] {processor.py:183} INFO - Processing /home/airflow/.local/lib/python3.8/site-packages/airflow/example_dags/example_setup_teardown.py took 0.133 seconds
[2025-09-21T15:46:01.607+0000] {processor.py:161} INFO - Started process (PID=900) to work on /home/airflow/.local/lib/python3.8/site-packages/airflow/example_dags/example_setup_teardown.py
[2025-09-21T15:46:01.610+0000] {processor.py:830} INFO - Processing file /home/airflow/.local/lib/python3.8/site-packages/airflow/example_dags/example_setup_teardown.py for tasks to queue
[2025-09-21T15:46:01.613+0000] {logging_mixin.py:188} INFO - [2025-09-21T15:46:01.613+0000] {dagbag.py:538} INFO - Filling up the DagBag from /home/airflow/.local/lib/python3.8/site-packages/airflow/example_dags/example_setup_teardown.py
[2025-09-21T15:46:01.629+0000] {processor.py:840} INFO - DAG(s) 'example_setup_teardown' retrieved from /home/airflow/.local/lib/python3.8/site-packages/airflow/example_dags/example_setup_teardown.py
[2025-09-21T15:46:01.672+0000] {logging_mixin.py:188} INFO - [2025-09-21T15:46:01.671+0000] {dag.py:3036} INFO - Sync 1 DAGs
[2025-09-21T15:46:01.717+0000] {logging_mixin.py:188} INFO - [2025-09-21T15:46:01.716+0000] {dag.py:3823} INFO - Setting next_dagrun for example_setup_teardown to 2025-09-20 00:00:00+00:00, run_after=2025-09-21 00:00:00+00:00
[2025-09-21T15:46:01.753+0000] {processor.py:183} INFO - Processing /home/airflow/.local/lib/python3.8/site-packages/airflow/example_dags/example_setup_teardown.py took 0.154 seconds
[2025-09-21T15:46:32.614+0000] {processor.py:161} INFO - Started process (PID=959) to work on /home/airflow/.local/lib/python3.8/site-packages/airflow/example_dags/example_setup_teardown.py
[2025-09-21T15:46:32.615+0000] {processor.py:830} INFO - Processing file /home/airflow/.local/lib/python3.8/site-packages/airflow/example_dags/example_setup_teardown.py for tasks to queue
[2025-09-21T15:46:32.619+0000] {logging_mixin.py:188} INFO - [2025-09-21T15:46:32.618+0000] {dagbag.py:538} INFO - Filling up the DagBag from /home/airflow/.local/lib/python3.8/site-packages/airflow/example_dags/example_setup_teardown.py
[2025-09-21T15:46:32.634+0000] {processor.py:840} INFO - DAG(s) 'example_setup_teardown' retrieved from /home/airflow/.local/lib/python3.8/site-packages/airflow/example_dags/example_setup_teardown.py
[2025-09-21T15:46:32.680+0000] {logging_mixin.py:188} INFO - [2025-09-21T15:46:32.680+0000] {dag.py:3036} INFO - Sync 1 DAGs
[2025-09-21T15:46:32.734+0000] {logging_mixin.py:188} INFO - [2025-09-21T15:46:32.733+0000] {dag.py:3823} INFO - Setting next_dagrun for example_setup_teardown to 2025-09-20 00:00:00+00:00, run_after=2025-09-21 00:00:00+00:00
[2025-09-21T15:46:32.786+0000] {processor.py:183} INFO - Processing /home/airflow/.local/lib/python3.8/site-packages/airflow/example_dags/example_setup_teardown.py took 0.180 seconds
[2025-09-21T15:47:02.852+0000] {processor.py:161} INFO - Started process (PID=1016) to work on /home/airflow/.local/lib/python3.8/site-packages/airflow/example_dags/example_setup_teardown.py
[2025-09-21T15:47:02.854+0000] {processor.py:830} INFO - Processing file /home/airflow/.local/lib/python3.8/site-packages/airflow/example_dags/example_setup_teardown.py for tasks to queue
[2025-09-21T15:47:02.858+0000] {logging_mixin.py:188} INFO - [2025-09-21T15:47:02.858+0000] {dagbag.py:538} INFO - Filling up the DagBag from /home/airflow/.local/lib/python3.8/site-packages/airflow/example_dags/example_setup_teardown.py
[2025-09-21T15:47:02.875+0000] {processor.py:840} INFO - DAG(s) 'example_setup_teardown' retrieved from /home/airflow/.local/lib/python3.8/site-packages/airflow/example_dags/example_setup_teardown.py
[2025-09-21T15:47:02.916+0000] {logging_mixin.py:188} INFO - [2025-09-21T15:47:02.915+0000] {dag.py:3036} INFO - Sync 1 DAGs
[2025-09-21T15:47:02.960+0000] {logging_mixin.py:188} INFO - [2025-09-21T15:47:02.959+0000] {dag.py:3823} INFO - Setting next_dagrun for example_setup_teardown to 2025-09-20 00:00:00+00:00, run_after=2025-09-21 00:00:00+00:00
[2025-09-21T15:47:02.995+0000] {processor.py:183} INFO - Processing /home/airflow/.local/lib/python3.8/site-packages/airflow/example_dags/example_setup_teardown.py took 0.150 seconds
[2025-09-21T15:47:33.351+0000] {processor.py:161} INFO - Started process (PID=1074) to work on /home/airflow/.local/lib/python3.8/site-packages/airflow/example_dags/example_setup_teardown.py
[2025-09-21T15:47:33.353+0000] {processor.py:830} INFO - Processing file /home/airflow/.local/lib/python3.8/site-packages/airflow/example_dags/example_setup_teardown.py for tasks to queue
[2025-09-21T15:47:33.356+0000] {logging_mixin.py:188} INFO - [2025-09-21T15:47:33.355+0000] {dagbag.py:538} INFO - Filling up the DagBag from /home/airflow/.local/lib/python3.8/site-packages/airflow/example_dags/example_setup_teardown.py
[2025-09-21T15:47:33.368+0000] {processor.py:840} INFO - DAG(s) 'example_setup_teardown' retrieved from /home/airflow/.local/lib/python3.8/site-packages/airflow/example_dags/example_setup_teardown.py
[2025-09-21T15:47:33.411+0000] {logging_mixin.py:188} INFO - [2025-09-21T15:47:33.411+0000] {dag.py:3036} INFO - Sync 1 DAGs
[2025-09-21T15:47:33.449+0000] {logging_mixin.py:188} INFO - [2025-09-21T15:47:33.449+0000] {dag.py:3823} INFO - Setting next_dagrun for example_setup_teardown to 2025-09-20 00:00:00+00:00, run_after=2025-09-21 00:00:00+00:00
[2025-09-21T15:47:33.492+0000] {processor.py:183} INFO - Processing /home/airflow/.local/lib/python3.8/site-packages/airflow/example_dags/example_setup_teardown.py took 0.147 seconds
[2025-09-21T15:48:04.336+0000] {processor.py:161} INFO - Started process (PID=1132) to work on /home/airflow/.local/lib/python3.8/site-packages/airflow/example_dags/example_setup_teardown.py
[2025-09-21T15:48:04.338+0000] {processor.py:830} INFO - Processing file /home/airflow/.local/lib/python3.8/site-packages/airflow/example_dags/example_setup_teardown.py for tasks to queue
[2025-09-21T15:48:04.341+0000] {logging_mixin.py:188} INFO - [2025-09-21T15:48:04.341+0000] {dagbag.py:538} INFO - Filling up the DagBag from /home/airflow/.local/lib/python3.8/site-packages/airflow/example_dags/example_setup_teardown.py
[2025-09-21T15:48:04.353+0000] {processor.py:840} INFO - DAG(s) 'example_setup_teardown' retrieved from /home/airflow/.local/lib/python3.8/site-packages/airflow/example_dags/example_setup_teardown.py
[2025-09-21T15:48:04.388+0000] {logging_mixin.py:188} INFO - [2025-09-21T15:48:04.388+0000] {dag.py:3036} INFO - Sync 1 DAGs
[2025-09-21T15:48:04.432+0000] {logging_mixin.py:188} INFO - [2025-09-21T15:48:04.432+0000] {dag.py:3823} INFO - Setting next_dagrun for example_setup_teardown to 2025-09-20 00:00:00+00:00, run_after=2025-09-21 00:00:00+00:00
[2025-09-21T15:48:04.467+0000] {processor.py:183} INFO - Processing /home/airflow/.local/lib/python3.8/site-packages/airflow/example_dags/example_setup_teardown.py took 0.136 seconds
[2025-09-21T15:48:34.581+0000] {processor.py:161} INFO - Started process (PID=1190) to work on /home/airflow/.local/lib/python3.8/site-packages/airflow/example_dags/example_setup_teardown.py
[2025-09-21T15:48:34.582+0000] {processor.py:830} INFO - Processing file /home/airflow/.local/lib/python3.8/site-packages/airflow/example_dags/example_setup_teardown.py for tasks to queue
[2025-09-21T15:48:34.586+0000] {logging_mixin.py:188} INFO - [2025-09-21T15:48:34.585+0000] {dagbag.py:538} INFO - Filling up the DagBag from /home/airflow/.local/lib/python3.8/site-packages/airflow/example_dags/example_setup_teardown.py
[2025-09-21T15:48:34.597+0000] {processor.py:840} INFO - DAG(s) 'example_setup_teardown' retrieved from /home/airflow/.local/lib/python3.8/site-packages/airflow/example_dags/example_setup_teardown.py
[2025-09-21T15:48:34.632+0000] {logging_mixin.py:188} INFO - [2025-09-21T15:48:34.631+0000] {dag.py:3036} INFO - Sync 1 DAGs
[2025-09-21T15:48:34.670+0000] {logging_mixin.py:188} INFO - [2025-09-21T15:48:34.670+0000] {dag.py:3823} INFO - Setting next_dagrun for example_setup_teardown to 2025-09-20 00:00:00+00:00, run_after=2025-09-21 00:00:00+00:00
[2025-09-21T15:48:34.704+0000] {processor.py:183} INFO - Processing /home/airflow/.local/lib/python3.8/site-packages/airflow/example_dags/example_setup_teardown.py took 0.129 seconds
[2025-09-21T15:49:04.843+0000] {processor.py:161} INFO - Started process (PID=1248) to work on /home/airflow/.local/lib/python3.8/site-packages/airflow/example_dags/example_setup_teardown.py
[2025-09-21T15:49:04.845+0000] {processor.py:830} INFO - Processing file /home/airflow/.local/lib/python3.8/site-packages/airflow/example_dags/example_setup_teardown.py for tasks to queue
[2025-09-21T15:49:04.850+0000] {logging_mixin.py:188} INFO - [2025-09-21T15:49:04.849+0000] {dagbag.py:538} INFO - Filling up the DagBag from /home/airflow/.local/lib/python3.8/site-packages/airflow/example_dags/example_setup_teardown.py
[2025-09-21T15:49:04.864+0000] {processor.py:840} INFO - DAG(s) 'example_setup_teardown' retrieved from /home/airflow/.local/lib/python3.8/site-packages/airflow/example_dags/example_setup_teardown.py
[2025-09-21T15:49:04.898+0000] {logging_mixin.py:188} INFO - [2025-09-21T15:49:04.898+0000] {dag.py:3036} INFO - Sync 1 DAGs
[2025-09-21T15:49:04.935+0000] {logging_mixin.py:188} INFO - [2025-09-21T15:49:04.935+0000] {dag.py:3823} INFO - Setting next_dagrun for example_setup_teardown to 2025-09-20 00:00:00+00:00, run_after=2025-09-21 00:00:00+00:00
[2025-09-21T15:49:04.977+0000] {processor.py:183} INFO - Processing /home/airflow/.local/lib/python3.8/site-packages/airflow/example_dags/example_setup_teardown.py took 0.141 seconds
[2025-09-21T15:49:35.223+0000] {processor.py:161} INFO - Started process (PID=1306) to work on /home/airflow/.local/lib/python3.8/site-packages/airflow/example_dags/example_setup_teardown.py
[2025-09-21T15:49:35.225+0000] {processor.py:830} INFO - Processing file /home/airflow/.local/lib/python3.8/site-packages/airflow/example_dags/example_setup_teardown.py for tasks to queue
[2025-09-21T15:49:35.229+0000] {logging_mixin.py:188} INFO - [2025-09-21T15:49:35.228+0000] {dagbag.py:538} INFO - Filling up the DagBag from /home/airflow/.local/lib/python3.8/site-packages/airflow/example_dags/example_setup_teardown.py
[2025-09-21T15:49:35.244+0000] {processor.py:840} INFO - DAG(s) 'example_setup_teardown' retrieved from /home/airflow/.local/lib/python3.8/site-packages/airflow/example_dags/example_setup_teardown.py
[2025-09-21T15:49:35.286+0000] {logging_mixin.py:188} INFO - [2025-09-21T15:49:35.286+0000] {dag.py:3036} INFO - Sync 1 DAGs
[2025-09-21T15:49:35.332+0000] {logging_mixin.py:188} INFO - [2025-09-21T15:49:35.331+0000] {dag.py:3823} INFO - Setting next_dagrun for example_setup_teardown to 2025-09-20 00:00:00+00:00, run_after=2025-09-21 00:00:00+00:00
[2025-09-21T15:49:35.368+0000] {processor.py:183} INFO - Processing /home/airflow/.local/lib/python3.8/site-packages/airflow/example_dags/example_setup_teardown.py took 0.154 seconds
[2025-09-21T15:50:05.897+0000] {processor.py:161} INFO - Started process (PID=1364) to work on /home/airflow/.local/lib/python3.8/site-packages/airflow/example_dags/example_setup_teardown.py
[2025-09-21T15:50:05.902+0000] {processor.py:830} INFO - Processing file /home/airflow/.local/lib/python3.8/site-packages/airflow/example_dags/example_setup_teardown.py for tasks to queue
[2025-09-21T15:50:05.908+0000] {logging_mixin.py:188} INFO - [2025-09-21T15:50:05.907+0000] {dagbag.py:538} INFO - Filling up the DagBag from /home/airflow/.local/lib/python3.8/site-packages/airflow/example_dags/example_setup_teardown.py
[2025-09-21T15:50:05.922+0000] {processor.py:840} INFO - DAG(s) 'example_setup_teardown' retrieved from /home/airflow/.local/lib/python3.8/site-packages/airflow/example_dags/example_setup_teardown.py
[2025-09-21T15:50:05.960+0000] {logging_mixin.py:188} INFO - [2025-09-21T15:50:05.960+0000] {dag.py:3036} INFO - Sync 1 DAGs
[2025-09-21T15:50:06.004+0000] {logging_mixin.py:188} INFO - [2025-09-21T15:50:06.004+0000] {dag.py:3823} INFO - Setting next_dagrun for example_setup_teardown to 2025-09-20 00:00:00+00:00, run_after=2025-09-21 00:00:00+00:00
[2025-09-21T15:50:06.049+0000] {processor.py:183} INFO - Processing /home/airflow/.local/lib/python3.8/site-packages/airflow/example_dags/example_setup_teardown.py took 0.162 seconds
[2025-09-21T15:50:36.229+0000] {processor.py:161} INFO - Started process (PID=1422) to work on /home/airflow/.local/lib/python3.8/site-packages/airflow/example_dags/example_setup_teardown.py
[2025-09-21T15:50:36.230+0000] {processor.py:830} INFO - Processing file /home/airflow/.local/lib/python3.8/site-packages/airflow/example_dags/example_setup_teardown.py for tasks to queue
[2025-09-21T15:50:36.234+0000] {logging_mixin.py:188} INFO - [2025-09-21T15:50:36.233+0000] {dagbag.py:538} INFO - Filling up the DagBag from /home/airflow/.local/lib/python3.8/site-packages/airflow/example_dags/example_setup_teardown.py
[2025-09-21T15:50:36.246+0000] {processor.py:840} INFO - DAG(s) 'example_setup_teardown' retrieved from /home/airflow/.local/lib/python3.8/site-packages/airflow/example_dags/example_setup_teardown.py
[2025-09-21T15:50:36.282+0000] {logging_mixin.py:188} INFO - [2025-09-21T15:50:36.282+0000] {dag.py:3036} INFO - Sync 1 DAGs
[2025-09-21T15:50:36.325+0000] {logging_mixin.py:188} INFO - [2025-09-21T15:50:36.325+0000] {dag.py:3823} INFO - Setting next_dagrun for example_setup_teardown to 2025-09-20 00:00:00+00:00, run_after=2025-09-21 00:00:00+00:00
[2025-09-21T15:50:36.359+0000] {processor.py:183} INFO - Processing /home/airflow/.local/lib/python3.8/site-packages/airflow/example_dags/example_setup_teardown.py took 0.136 seconds
[2025-09-21T15:51:06.576+0000] {processor.py:161} INFO - Started process (PID=1480) to work on /home/airflow/.local/lib/python3.8/site-packages/airflow/example_dags/example_setup_teardown.py
[2025-09-21T15:51:06.578+0000] {processor.py:830} INFO - Processing file /home/airflow/.local/lib/python3.8/site-packages/airflow/example_dags/example_setup_teardown.py for tasks to queue
[2025-09-21T15:51:06.581+0000] {logging_mixin.py:188} INFO - [2025-09-21T15:51:06.581+0000] {dagbag.py:538} INFO - Filling up the DagBag from /home/airflow/.local/lib/python3.8/site-packages/airflow/example_dags/example_setup_teardown.py
[2025-09-21T15:51:06.594+0000] {processor.py:840} INFO - DAG(s) 'example_setup_teardown' retrieved from /home/airflow/.local/lib/python3.8/site-packages/airflow/example_dags/example_setup_teardown.py
[2025-09-21T15:51:06.631+0000] {logging_mixin.py:188} INFO - [2025-09-21T15:51:06.631+0000] {dag.py:3036} INFO - Sync 1 DAGs
[2025-09-21T15:51:06.671+0000] {logging_mixin.py:188} INFO - [2025-09-21T15:51:06.670+0000] {dag.py:3823} INFO - Setting next_dagrun for example_setup_teardown to 2025-09-20 00:00:00+00:00, run_after=2025-09-21 00:00:00+00:00
[2025-09-21T15:51:06.730+0000] {processor.py:183} INFO - Processing /home/airflow/.local/lib/python3.8/site-packages/airflow/example_dags/example_setup_teardown.py took 0.162 seconds
[2025-09-21T15:51:37.180+0000] {processor.py:161} INFO - Started process (PID=1537) to work on /home/airflow/.local/lib/python3.8/site-packages/airflow/example_dags/example_setup_teardown.py
[2025-09-21T15:51:37.181+0000] {processor.py:830} INFO - Processing file /home/airflow/.local/lib/python3.8/site-packages/airflow/example_dags/example_setup_teardown.py for tasks to queue
[2025-09-21T15:51:37.185+0000] {logging_mixin.py:188} INFO - [2025-09-21T15:51:37.184+0000] {dagbag.py:538} INFO - Filling up the DagBag from /home/airflow/.local/lib/python3.8/site-packages/airflow/example_dags/example_setup_teardown.py
[2025-09-21T15:51:37.196+0000] {processor.py:840} INFO - DAG(s) 'example_setup_teardown' retrieved from /home/airflow/.local/lib/python3.8/site-packages/airflow/example_dags/example_setup_teardown.py
[2025-09-21T15:51:37.230+0000] {logging_mixin.py:188} INFO - [2025-09-21T15:51:37.230+0000] {dag.py:3036} INFO - Sync 1 DAGs
[2025-09-21T15:51:37.268+0000] {logging_mixin.py:188} INFO - [2025-09-21T15:51:37.268+0000] {dag.py:3823} INFO - Setting next_dagrun for example_setup_teardown to 2025-09-20 00:00:00+00:00, run_after=2025-09-21 00:00:00+00:00
[2025-09-21T15:51:37.307+0000] {processor.py:183} INFO - Processing /home/airflow/.local/lib/python3.8/site-packages/airflow/example_dags/example_setup_teardown.py took 0.132 seconds
[2025-09-21T15:52:07.669+0000] {processor.py:161} INFO - Started process (PID=1596) to work on /home/airflow/.local/lib/python3.8/site-packages/airflow/example_dags/example_setup_teardown.py
[2025-09-21T15:52:07.671+0000] {processor.py:830} INFO - Processing file /home/airflow/.local/lib/python3.8/site-packages/airflow/example_dags/example_setup_teardown.py for tasks to queue
[2025-09-21T15:52:07.674+0000] {logging_mixin.py:188} INFO - [2025-09-21T15:52:07.674+0000] {dagbag.py:538} INFO - Filling up the DagBag from /home/airflow/.local/lib/python3.8/site-packages/airflow/example_dags/example_setup_teardown.py
[2025-09-21T15:52:07.687+0000] {processor.py:840} INFO - DAG(s) 'example_setup_teardown' retrieved from /home/airflow/.local/lib/python3.8/site-packages/airflow/example_dags/example_setup_teardown.py
[2025-09-21T15:52:07.723+0000] {logging_mixin.py:188} INFO - [2025-09-21T15:52:07.722+0000] {dag.py:3036} INFO - Sync 1 DAGs
[2025-09-21T15:52:07.771+0000] {logging_mixin.py:188} INFO - [2025-09-21T15:52:07.770+0000] {dag.py:3823} INFO - Setting next_dagrun for example_setup_teardown to 2025-09-20 00:00:00+00:00, run_after=2025-09-21 00:00:00+00:00
[2025-09-21T15:52:07.809+0000] {processor.py:183} INFO - Processing /home/airflow/.local/lib/python3.8/site-packages/airflow/example_dags/example_setup_teardown.py took 0.145 seconds
[2025-09-21T15:52:38.159+0000] {processor.py:161} INFO - Started process (PID=1654) to work on /home/airflow/.local/lib/python3.8/site-packages/airflow/example_dags/example_setup_teardown.py
[2025-09-21T15:52:38.161+0000] {processor.py:830} INFO - Processing file /home/airflow/.local/lib/python3.8/site-packages/airflow/example_dags/example_setup_teardown.py for tasks to queue
[2025-09-21T15:52:38.165+0000] {logging_mixin.py:188} INFO - [2025-09-21T15:52:38.164+0000] {dagbag.py:538} INFO - Filling up the DagBag from /home/airflow/.local/lib/python3.8/site-packages/airflow/example_dags/example_setup_teardown.py
[2025-09-21T15:52:38.180+0000] {processor.py:840} INFO - DAG(s) 'example_setup_teardown' retrieved from /home/airflow/.local/lib/python3.8/site-packages/airflow/example_dags/example_setup_teardown.py
[2025-09-21T15:52:38.218+0000] {logging_mixin.py:188} INFO - [2025-09-21T15:52:38.218+0000] {dag.py:3036} INFO - Sync 1 DAGs
[2025-09-21T15:52:38.260+0000] {logging_mixin.py:188} INFO - [2025-09-21T15:52:38.259+0000] {dag.py:3823} INFO - Setting next_dagrun for example_setup_teardown to 2025-09-20 00:00:00+00:00, run_after=2025-09-21 00:00:00+00:00
[2025-09-21T15:52:38.292+0000] {processor.py:183} INFO - Processing /home/airflow/.local/lib/python3.8/site-packages/airflow/example_dags/example_setup_teardown.py took 0.139 seconds
[2025-09-21T15:53:09.221+0000] {processor.py:161} INFO - Started process (PID=1712) to work on /home/airflow/.local/lib/python3.8/site-packages/airflow/example_dags/example_setup_teardown.py
[2025-09-21T15:53:09.223+0000] {processor.py:830} INFO - Processing file /home/airflow/.local/lib/python3.8/site-packages/airflow/example_dags/example_setup_teardown.py for tasks to queue
[2025-09-21T15:53:09.227+0000] {logging_mixin.py:188} INFO - [2025-09-21T15:53:09.226+0000] {dagbag.py:538} INFO - Filling up the DagBag from /home/airflow/.local/lib/python3.8/site-packages/airflow/example_dags/example_setup_teardown.py
[2025-09-21T15:53:09.241+0000] {processor.py:840} INFO - DAG(s) 'example_setup_teardown' retrieved from /home/airflow/.local/lib/python3.8/site-packages/airflow/example_dags/example_setup_teardown.py
[2025-09-21T15:53:09.277+0000] {logging_mixin.py:188} INFO - [2025-09-21T15:53:09.276+0000] {dag.py:3036} INFO - Sync 1 DAGs
[2025-09-21T15:53:09.325+0000] {logging_mixin.py:188} INFO - [2025-09-21T15:53:09.325+0000] {dag.py:3823} INFO - Setting next_dagrun for example_setup_teardown to 2025-09-20 00:00:00+00:00, run_after=2025-09-21 00:00:00+00:00
[2025-09-21T15:53:09.364+0000] {processor.py:183} INFO - Processing /home/airflow/.local/lib/python3.8/site-packages/airflow/example_dags/example_setup_teardown.py took 0.150 seconds
[2025-09-21T15:53:40.007+0000] {processor.py:161} INFO - Started process (PID=1770) to work on /home/airflow/.local/lib/python3.8/site-packages/airflow/example_dags/example_setup_teardown.py
[2025-09-21T15:53:40.008+0000] {processor.py:830} INFO - Processing file /home/airflow/.local/lib/python3.8/site-packages/airflow/example_dags/example_setup_teardown.py for tasks to queue
[2025-09-21T15:53:40.012+0000] {logging_mixin.py:188} INFO - [2025-09-21T15:53:40.011+0000] {dagbag.py:538} INFO - Filling up the DagBag from /home/airflow/.local/lib/python3.8/site-packages/airflow/example_dags/example_setup_teardown.py
[2025-09-21T15:53:40.023+0000] {processor.py:840} INFO - DAG(s) 'example_setup_teardown' retrieved from /home/airflow/.local/lib/python3.8/site-packages/airflow/example_dags/example_setup_teardown.py
[2025-09-21T15:53:40.064+0000] {logging_mixin.py:188} INFO - [2025-09-21T15:53:40.064+0000] {dag.py:3036} INFO - Sync 1 DAGs
[2025-09-21T15:53:40.104+0000] {logging_mixin.py:188} INFO - [2025-09-21T15:53:40.103+0000] {dag.py:3823} INFO - Setting next_dagrun for example_setup_teardown to 2025-09-20 00:00:00+00:00, run_after=2025-09-21 00:00:00+00:00
[2025-09-21T15:53:40.140+0000] {processor.py:183} INFO - Processing /home/airflow/.local/lib/python3.8/site-packages/airflow/example_dags/example_setup_teardown.py took 0.139 seconds
[2025-09-21T15:54:10.942+0000] {processor.py:161} INFO - Started process (PID=1828) to work on /home/airflow/.local/lib/python3.8/site-packages/airflow/example_dags/example_setup_teardown.py
[2025-09-21T15:54:10.944+0000] {processor.py:830} INFO - Processing file /home/airflow/.local/lib/python3.8/site-packages/airflow/example_dags/example_setup_teardown.py for tasks to queue
[2025-09-21T15:54:10.947+0000] {logging_mixin.py:188} INFO - [2025-09-21T15:54:10.947+0000] {dagbag.py:538} INFO - Filling up the DagBag from /home/airflow/.local/lib/python3.8/site-packages/airflow/example_dags/example_setup_teardown.py
[2025-09-21T15:54:10.960+0000] {processor.py:840} INFO - DAG(s) 'example_setup_teardown' retrieved from /home/airflow/.local/lib/python3.8/site-packages/airflow/example_dags/example_setup_teardown.py
[2025-09-21T15:54:10.999+0000] {logging_mixin.py:188} INFO - [2025-09-21T15:54:10.998+0000] {dag.py:3036} INFO - Sync 1 DAGs
[2025-09-21T15:54:11.037+0000] {logging_mixin.py:188} INFO - [2025-09-21T15:54:11.037+0000] {dag.py:3823} INFO - Setting next_dagrun for example_setup_teardown to 2025-09-20 00:00:00+00:00, run_after=2025-09-21 00:00:00+00:00
[2025-09-21T15:54:11.074+0000] {processor.py:183} INFO - Processing /home/airflow/.local/lib/python3.8/site-packages/airflow/example_dags/example_setup_teardown.py took 0.139 seconds
[2025-09-21T15:54:41.547+0000] {processor.py:161} INFO - Started process (PID=1886) to work on /home/airflow/.local/lib/python3.8/site-packages/airflow/example_dags/example_setup_teardown.py
[2025-09-21T15:54:41.549+0000] {processor.py:830} INFO - Processing file /home/airflow/.local/lib/python3.8/site-packages/airflow/example_dags/example_setup_teardown.py for tasks to queue
[2025-09-21T15:54:41.553+0000] {logging_mixin.py:188} INFO - [2025-09-21T15:54:41.552+0000] {dagbag.py:538} INFO - Filling up the DagBag from /home/airflow/.local/lib/python3.8/site-packages/airflow/example_dags/example_setup_teardown.py
[2025-09-21T15:54:41.564+0000] {processor.py:840} INFO - DAG(s) 'example_setup_teardown' retrieved from /home/airflow/.local/lib/python3.8/site-packages/airflow/example_dags/example_setup_teardown.py
[2025-09-21T15:54:41.601+0000] {logging_mixin.py:188} INFO - [2025-09-21T15:54:41.601+0000] {dag.py:3036} INFO - Sync 1 DAGs
[2025-09-21T15:54:41.815+0000] {logging_mixin.py:188} INFO - [2025-09-21T15:54:41.815+0000] {dag.py:3823} INFO - Setting next_dagrun for example_setup_teardown to 2025-09-20 00:00:00+00:00, run_after=2025-09-21 00:00:00+00:00
[2025-09-21T15:54:41.852+0000] {processor.py:183} INFO - Processing /home/airflow/.local/lib/python3.8/site-packages/airflow/example_dags/example_setup_teardown.py took 0.311 seconds
[2025-09-21T15:55:12.606+0000] {processor.py:161} INFO - Started process (PID=1944) to work on /home/airflow/.local/lib/python3.8/site-packages/airflow/example_dags/example_setup_teardown.py
[2025-09-21T15:55:12.608+0000] {processor.py:830} INFO - Processing file /home/airflow/.local/lib/python3.8/site-packages/airflow/example_dags/example_setup_teardown.py for tasks to queue
[2025-09-21T15:55:12.611+0000] {logging_mixin.py:188} INFO - [2025-09-21T15:55:12.611+0000] {dagbag.py:538} INFO - Filling up the DagBag from /home/airflow/.local/lib/python3.8/site-packages/airflow/example_dags/example_setup_teardown.py
[2025-09-21T15:55:12.623+0000] {processor.py:840} INFO - DAG(s) 'example_setup_teardown' retrieved from /home/airflow/.local/lib/python3.8/site-packages/airflow/example_dags/example_setup_teardown.py
[2025-09-21T15:55:12.660+0000] {logging_mixin.py:188} INFO - [2025-09-21T15:55:12.659+0000] {dag.py:3036} INFO - Sync 1 DAGs
[2025-09-21T15:55:12.872+0000] {logging_mixin.py:188} INFO - [2025-09-21T15:55:12.871+0000] {dag.py:3823} INFO - Setting next_dagrun for example_setup_teardown to 2025-09-20 00:00:00+00:00, run_after=2025-09-21 00:00:00+00:00
[2025-09-21T15:55:12.906+0000] {processor.py:183} INFO - Processing /home/airflow/.local/lib/python3.8/site-packages/airflow/example_dags/example_setup_teardown.py took 0.305 seconds
[2025-09-21T15:55:43.449+0000] {processor.py:161} INFO - Started process (PID=2002) to work on /home/airflow/.local/lib/python3.8/site-packages/airflow/example_dags/example_setup_teardown.py
[2025-09-21T15:55:43.451+0000] {processor.py:830} INFO - Processing file /home/airflow/.local/lib/python3.8/site-packages/airflow/example_dags/example_setup_teardown.py for tasks to queue
[2025-09-21T15:55:43.454+0000] {logging_mixin.py:188} INFO - [2025-09-21T15:55:43.454+0000] {dagbag.py:538} INFO - Filling up the DagBag from /home/airflow/.local/lib/python3.8/site-packages/airflow/example_dags/example_setup_teardown.py
[2025-09-21T15:55:43.467+0000] {processor.py:840} INFO - DAG(s) 'example_setup_teardown' retrieved from /home/airflow/.local/lib/python3.8/site-packages/airflow/example_dags/example_setup_teardown.py
[2025-09-21T15:55:43.505+0000] {logging_mixin.py:188} INFO - [2025-09-21T15:55:43.505+0000] {dag.py:3036} INFO - Sync 1 DAGs
[2025-09-21T15:55:43.724+0000] {logging_mixin.py:188} INFO - [2025-09-21T15:55:43.723+0000] {dag.py:3823} INFO - Setting next_dagrun for example_setup_teardown to 2025-09-20 00:00:00+00:00, run_after=2025-09-21 00:00:00+00:00
[2025-09-21T15:55:43.760+0000] {processor.py:183} INFO - Processing /home/airflow/.local/lib/python3.8/site-packages/airflow/example_dags/example_setup_teardown.py took 0.316 seconds
[2025-09-21T15:56:14.219+0000] {processor.py:161} INFO - Started process (PID=2060) to work on /home/airflow/.local/lib/python3.8/site-packages/airflow/example_dags/example_setup_teardown.py
[2025-09-21T15:56:14.222+0000] {processor.py:830} INFO - Processing file /home/airflow/.local/lib/python3.8/site-packages/airflow/example_dags/example_setup_teardown.py for tasks to queue
[2025-09-21T15:56:14.226+0000] {logging_mixin.py:188} INFO - [2025-09-21T15:56:14.225+0000] {dagbag.py:538} INFO - Filling up the DagBag from /home/airflow/.local/lib/python3.8/site-packages/airflow/example_dags/example_setup_teardown.py
[2025-09-21T15:56:14.247+0000] {processor.py:840} INFO - DAG(s) 'example_setup_teardown' retrieved from /home/airflow/.local/lib/python3.8/site-packages/airflow/example_dags/example_setup_teardown.py
[2025-09-21T15:56:14.303+0000] {logging_mixin.py:188} INFO - [2025-09-21T15:56:14.303+0000] {dag.py:3036} INFO - Sync 1 DAGs
[2025-09-21T15:56:14.608+0000] {logging_mixin.py:188} INFO - [2025-09-21T15:56:14.608+0000] {dag.py:3823} INFO - Setting next_dagrun for example_setup_teardown to 2025-09-20 00:00:00+00:00, run_after=2025-09-21 00:00:00+00:00
[2025-09-21T15:56:14.661+0000] {processor.py:183} INFO - Processing /home/airflow/.local/lib/python3.8/site-packages/airflow/example_dags/example_setup_teardown.py took 0.450 seconds
[2025-09-21T15:56:45.281+0000] {processor.py:161} INFO - Started process (PID=2118) to work on /home/airflow/.local/lib/python3.8/site-packages/airflow/example_dags/example_setup_teardown.py
[2025-09-21T15:56:45.283+0000] {processor.py:830} INFO - Processing file /home/airflow/.local/lib/python3.8/site-packages/airflow/example_dags/example_setup_teardown.py for tasks to queue
[2025-09-21T15:56:45.287+0000] {logging_mixin.py:188} INFO - [2025-09-21T15:56:45.286+0000] {dagbag.py:538} INFO - Filling up the DagBag from /home/airflow/.local/lib/python3.8/site-packages/airflow/example_dags/example_setup_teardown.py
[2025-09-21T15:56:45.300+0000] {processor.py:840} INFO - DAG(s) 'example_setup_teardown' retrieved from /home/airflow/.local/lib/python3.8/site-packages/airflow/example_dags/example_setup_teardown.py
[2025-09-21T15:56:45.339+0000] {logging_mixin.py:188} INFO - [2025-09-21T15:56:45.339+0000] {dag.py:3036} INFO - Sync 1 DAGs
[2025-09-21T15:56:45.382+0000] {logging_mixin.py:188} INFO - [2025-09-21T15:56:45.382+0000] {dag.py:3823} INFO - Setting next_dagrun for example_setup_teardown to 2025-09-20 00:00:00+00:00, run_after=2025-09-21 00:00:00+00:00
[2025-09-21T15:56:45.417+0000] {processor.py:183} INFO - Processing /home/airflow/.local/lib/python3.8/site-packages/airflow/example_dags/example_setup_teardown.py took 0.142 seconds
[2025-09-21T15:57:15.681+0000] {processor.py:161} INFO - Started process (PID=2176) to work on /home/airflow/.local/lib/python3.8/site-packages/airflow/example_dags/example_setup_teardown.py
[2025-09-21T15:57:15.683+0000] {processor.py:830} INFO - Processing file /home/airflow/.local/lib/python3.8/site-packages/airflow/example_dags/example_setup_teardown.py for tasks to queue
[2025-09-21T15:57:15.687+0000] {logging_mixin.py:188} INFO - [2025-09-21T15:57:15.686+0000] {dagbag.py:538} INFO - Filling up the DagBag from /home/airflow/.local/lib/python3.8/site-packages/airflow/example_dags/example_setup_teardown.py
[2025-09-21T15:57:15.702+0000] {processor.py:840} INFO - DAG(s) 'example_setup_teardown' retrieved from /home/airflow/.local/lib/python3.8/site-packages/airflow/example_dags/example_setup_teardown.py
[2025-09-21T15:57:15.740+0000] {logging_mixin.py:188} INFO - [2025-09-21T15:57:15.739+0000] {dag.py:3036} INFO - Sync 1 DAGs
[2025-09-21T15:57:15.781+0000] {logging_mixin.py:188} INFO - [2025-09-21T15:57:15.781+0000] {dag.py:3823} INFO - Setting next_dagrun for example_setup_teardown to 2025-09-20 00:00:00+00:00, run_after=2025-09-21 00:00:00+00:00
[2025-09-21T15:57:15.815+0000] {processor.py:183} INFO - Processing /home/airflow/.local/lib/python3.8/site-packages/airflow/example_dags/example_setup_teardown.py took 0.140 seconds
[2025-09-21T15:57:46.131+0000] {processor.py:161} INFO - Started process (PID=2240) to work on /home/airflow/.local/lib/python3.8/site-packages/airflow/example_dags/example_setup_teardown.py
[2025-09-21T15:57:46.133+0000] {processor.py:830} INFO - Processing file /home/airflow/.local/lib/python3.8/site-packages/airflow/example_dags/example_setup_teardown.py for tasks to queue
[2025-09-21T15:57:46.137+0000] {logging_mixin.py:188} INFO - [2025-09-21T15:57:46.137+0000] {dagbag.py:538} INFO - Filling up the DagBag from /home/airflow/.local/lib/python3.8/site-packages/airflow/example_dags/example_setup_teardown.py
[2025-09-21T15:57:46.151+0000] {processor.py:840} INFO - DAG(s) 'example_setup_teardown' retrieved from /home/airflow/.local/lib/python3.8/site-packages/airflow/example_dags/example_setup_teardown.py
[2025-09-21T15:57:46.188+0000] {logging_mixin.py:188} INFO - [2025-09-21T15:57:46.188+0000] {dag.py:3036} INFO - Sync 1 DAGs
[2025-09-21T15:57:46.229+0000] {logging_mixin.py:188} INFO - [2025-09-21T15:57:46.228+0000] {dag.py:3823} INFO - Setting next_dagrun for example_setup_teardown to 2025-09-20 00:00:00+00:00, run_after=2025-09-21 00:00:00+00:00
[2025-09-21T15:57:46.264+0000] {processor.py:183} INFO - Processing /home/airflow/.local/lib/python3.8/site-packages/airflow/example_dags/example_setup_teardown.py took 0.140 seconds
[2025-09-21T15:58:16.686+0000] {processor.py:161} INFO - Started process (PID=2298) to work on /home/airflow/.local/lib/python3.8/site-packages/airflow/example_dags/example_setup_teardown.py
[2025-09-21T15:58:16.688+0000] {processor.py:830} INFO - Processing file /home/airflow/.local/lib/python3.8/site-packages/airflow/example_dags/example_setup_teardown.py for tasks to queue
[2025-09-21T15:58:16.691+0000] {logging_mixin.py:188} INFO - [2025-09-21T15:58:16.691+0000] {dagbag.py:538} INFO - Filling up the DagBag from /home/airflow/.local/lib/python3.8/site-packages/airflow/example_dags/example_setup_teardown.py
[2025-09-21T15:58:16.703+0000] {processor.py:840} INFO - DAG(s) 'example_setup_teardown' retrieved from /home/airflow/.local/lib/python3.8/site-packages/airflow/example_dags/example_setup_teardown.py
[2025-09-21T15:58:16.741+0000] {logging_mixin.py:188} INFO - [2025-09-21T15:58:16.740+0000] {dag.py:3036} INFO - Sync 1 DAGs
[2025-09-21T15:58:16.781+0000] {logging_mixin.py:188} INFO - [2025-09-21T15:58:16.781+0000] {dag.py:3823} INFO - Setting next_dagrun for example_setup_teardown to 2025-09-20 00:00:00+00:00, run_after=2025-09-21 00:00:00+00:00
[2025-09-21T15:58:16.818+0000] {processor.py:183} INFO - Processing /home/airflow/.local/lib/python3.8/site-packages/airflow/example_dags/example_setup_teardown.py took 0.138 seconds
[2025-09-21T15:58:46.913+0000] {processor.py:161} INFO - Started process (PID=2356) to work on /home/airflow/.local/lib/python3.8/site-packages/airflow/example_dags/example_setup_teardown.py
[2025-09-21T15:58:46.915+0000] {processor.py:830} INFO - Processing file /home/airflow/.local/lib/python3.8/site-packages/airflow/example_dags/example_setup_teardown.py for tasks to queue
[2025-09-21T15:58:46.920+0000] {logging_mixin.py:188} INFO - [2025-09-21T15:58:46.919+0000] {dagbag.py:538} INFO - Filling up the DagBag from /home/airflow/.local/lib/python3.8/site-packages/airflow/example_dags/example_setup_teardown.py
[2025-09-21T15:58:46.938+0000] {processor.py:840} INFO - DAG(s) 'example_setup_teardown' retrieved from /home/airflow/.local/lib/python3.8/site-packages/airflow/example_dags/example_setup_teardown.py
[2025-09-21T15:58:46.985+0000] {logging_mixin.py:188} INFO - [2025-09-21T15:58:46.984+0000] {dag.py:3036} INFO - Sync 1 DAGs
[2025-09-21T15:58:47.034+0000] {logging_mixin.py:188} INFO - [2025-09-21T15:58:47.034+0000] {dag.py:3823} INFO - Setting next_dagrun for example_setup_teardown to 2025-09-20 00:00:00+00:00, run_after=2025-09-21 00:00:00+00:00
[2025-09-21T15:58:47.069+0000] {processor.py:183} INFO - Processing /home/airflow/.local/lib/python3.8/site-packages/airflow/example_dags/example_setup_teardown.py took 0.165 seconds
[2025-09-21T15:59:17.790+0000] {processor.py:161} INFO - Started process (PID=2414) to work on /home/airflow/.local/lib/python3.8/site-packages/airflow/example_dags/example_setup_teardown.py
[2025-09-21T15:59:17.792+0000] {processor.py:830} INFO - Processing file /home/airflow/.local/lib/python3.8/site-packages/airflow/example_dags/example_setup_teardown.py for tasks to queue
[2025-09-21T15:59:17.795+0000] {logging_mixin.py:188} INFO - [2025-09-21T15:59:17.795+0000] {dagbag.py:538} INFO - Filling up the DagBag from /home/airflow/.local/lib/python3.8/site-packages/airflow/example_dags/example_setup_teardown.py
[2025-09-21T15:59:17.807+0000] {processor.py:840} INFO - DAG(s) 'example_setup_teardown' retrieved from /home/airflow/.local/lib/python3.8/site-packages/airflow/example_dags/example_setup_teardown.py
[2025-09-21T15:59:17.843+0000] {logging_mixin.py:188} INFO - [2025-09-21T15:59:17.843+0000] {dag.py:3036} INFO - Sync 1 DAGs
[2025-09-21T15:59:17.886+0000] {logging_mixin.py:188} INFO - [2025-09-21T15:59:17.886+0000] {dag.py:3823} INFO - Setting next_dagrun for example_setup_teardown to 2025-09-20 00:00:00+00:00, run_after=2025-09-21 00:00:00+00:00
[2025-09-21T15:59:17.924+0000] {processor.py:183} INFO - Processing /home/airflow/.local/lib/python3.8/site-packages/airflow/example_dags/example_setup_teardown.py took 0.139 seconds
[2025-09-21T15:59:48.122+0000] {processor.py:161} INFO - Started process (PID=2472) to work on /home/airflow/.local/lib/python3.8/site-packages/airflow/example_dags/example_setup_teardown.py
[2025-09-21T15:59:48.124+0000] {processor.py:830} INFO - Processing file /home/airflow/.local/lib/python3.8/site-packages/airflow/example_dags/example_setup_teardown.py for tasks to queue
[2025-09-21T15:59:48.127+0000] {logging_mixin.py:188} INFO - [2025-09-21T15:59:48.126+0000] {dagbag.py:538} INFO - Filling up the DagBag from /home/airflow/.local/lib/python3.8/site-packages/airflow/example_dags/example_setup_teardown.py
[2025-09-21T15:59:48.140+0000] {processor.py:840} INFO - DAG(s) 'example_setup_teardown' retrieved from /home/airflow/.local/lib/python3.8/site-packages/airflow/example_dags/example_setup_teardown.py
[2025-09-21T15:59:48.177+0000] {logging_mixin.py:188} INFO - [2025-09-21T15:59:48.177+0000] {dag.py:3036} INFO - Sync 1 DAGs
[2025-09-21T15:59:48.219+0000] {logging_mixin.py:188} INFO - [2025-09-21T15:59:48.218+0000] {dag.py:3823} INFO - Setting next_dagrun for example_setup_teardown to 2025-09-20 00:00:00+00:00, run_after=2025-09-21 00:00:00+00:00
[2025-09-21T15:59:48.256+0000] {processor.py:183} INFO - Processing /home/airflow/.local/lib/python3.8/site-packages/airflow/example_dags/example_setup_teardown.py took 0.140 seconds
[2025-09-21T16:00:19.011+0000] {processor.py:161} INFO - Started process (PID=2530) to work on /home/airflow/.local/lib/python3.8/site-packages/airflow/example_dags/example_setup_teardown.py
[2025-09-21T16:00:19.013+0000] {processor.py:830} INFO - Processing file /home/airflow/.local/lib/python3.8/site-packages/airflow/example_dags/example_setup_teardown.py for tasks to queue
[2025-09-21T16:00:19.016+0000] {logging_mixin.py:188} INFO - [2025-09-21T16:00:19.016+0000] {dagbag.py:538} INFO - Filling up the DagBag from /home/airflow/.local/lib/python3.8/site-packages/airflow/example_dags/example_setup_teardown.py
[2025-09-21T16:00:19.029+0000] {processor.py:840} INFO - DAG(s) 'example_setup_teardown' retrieved from /home/airflow/.local/lib/python3.8/site-packages/airflow/example_dags/example_setup_teardown.py
[2025-09-21T16:00:19.065+0000] {logging_mixin.py:188} INFO - [2025-09-21T16:00:19.065+0000] {dag.py:3036} INFO - Sync 1 DAGs
[2025-09-21T16:00:19.105+0000] {logging_mixin.py:188} INFO - [2025-09-21T16:00:19.105+0000] {dag.py:3823} INFO - Setting next_dagrun for example_setup_teardown to 2025-09-20 00:00:00+00:00, run_after=2025-09-21 00:00:00+00:00
[2025-09-21T16:00:19.146+0000] {processor.py:183} INFO - Processing /home/airflow/.local/lib/python3.8/site-packages/airflow/example_dags/example_setup_teardown.py took 0.141 seconds
[2025-09-21T16:00:49.206+0000] {processor.py:161} INFO - Started process (PID=2586) to work on /home/airflow/.local/lib/python3.8/site-packages/airflow/example_dags/example_setup_teardown.py
[2025-09-21T16:00:49.208+0000] {processor.py:830} INFO - Processing file /home/airflow/.local/lib/python3.8/site-packages/airflow/example_dags/example_setup_teardown.py for tasks to queue
[2025-09-21T16:00:49.212+0000] {logging_mixin.py:188} INFO - [2025-09-21T16:00:49.212+0000] {dagbag.py:538} INFO - Filling up the DagBag from /home/airflow/.local/lib/python3.8/site-packages/airflow/example_dags/example_setup_teardown.py
[2025-09-21T16:00:49.227+0000] {processor.py:840} INFO - DAG(s) 'example_setup_teardown' retrieved from /home/airflow/.local/lib/python3.8/site-packages/airflow/example_dags/example_setup_teardown.py
[2025-09-21T16:00:49.266+0000] {logging_mixin.py:188} INFO - [2025-09-21T16:00:49.265+0000] {dag.py:3036} INFO - Sync 1 DAGs
[2025-09-21T16:00:49.321+0000] {logging_mixin.py:188} INFO - [2025-09-21T16:00:49.320+0000] {dag.py:3823} INFO - Setting next_dagrun for example_setup_teardown to 2025-09-20 00:00:00+00:00, run_after=2025-09-21 00:00:00+00:00
[2025-09-21T16:00:49.356+0000] {processor.py:183} INFO - Processing /home/airflow/.local/lib/python3.8/site-packages/airflow/example_dags/example_setup_teardown.py took 0.156 seconds
[2025-09-21T16:01:19.934+0000] {processor.py:161} INFO - Started process (PID=2645) to work on /home/airflow/.local/lib/python3.8/site-packages/airflow/example_dags/example_setup_teardown.py
[2025-09-21T16:01:19.936+0000] {processor.py:830} INFO - Processing file /home/airflow/.local/lib/python3.8/site-packages/airflow/example_dags/example_setup_teardown.py for tasks to queue
[2025-09-21T16:01:19.939+0000] {logging_mixin.py:188} INFO - [2025-09-21T16:01:19.939+0000] {dagbag.py:538} INFO - Filling up the DagBag from /home/airflow/.local/lib/python3.8/site-packages/airflow/example_dags/example_setup_teardown.py
[2025-09-21T16:01:19.952+0000] {processor.py:840} INFO - DAG(s) 'example_setup_teardown' retrieved from /home/airflow/.local/lib/python3.8/site-packages/airflow/example_dags/example_setup_teardown.py
[2025-09-21T16:01:19.990+0000] {logging_mixin.py:188} INFO - [2025-09-21T16:01:19.989+0000] {dag.py:3036} INFO - Sync 1 DAGs
[2025-09-21T16:01:20.038+0000] {logging_mixin.py:188} INFO - [2025-09-21T16:01:20.037+0000] {dag.py:3823} INFO - Setting next_dagrun for example_setup_teardown to 2025-09-20 00:00:00+00:00, run_after=2025-09-21 00:00:00+00:00
[2025-09-21T16:01:20.077+0000] {processor.py:183} INFO - Processing /home/airflow/.local/lib/python3.8/site-packages/airflow/example_dags/example_setup_teardown.py took 0.149 seconds
[2025-09-21T16:01:50.556+0000] {processor.py:161} INFO - Started process (PID=2703) to work on /home/airflow/.local/lib/python3.8/site-packages/airflow/example_dags/example_setup_teardown.py
[2025-09-21T16:01:50.558+0000] {processor.py:830} INFO - Processing file /home/airflow/.local/lib/python3.8/site-packages/airflow/example_dags/example_setup_teardown.py for tasks to queue
[2025-09-21T16:01:50.562+0000] {logging_mixin.py:188} INFO - [2025-09-21T16:01:50.561+0000] {dagbag.py:538} INFO - Filling up the DagBag from /home/airflow/.local/lib/python3.8/site-packages/airflow/example_dags/example_setup_teardown.py
[2025-09-21T16:01:50.574+0000] {processor.py:840} INFO - DAG(s) 'example_setup_teardown' retrieved from /home/airflow/.local/lib/python3.8/site-packages/airflow/example_dags/example_setup_teardown.py
[2025-09-21T16:01:50.621+0000] {logging_mixin.py:188} INFO - [2025-09-21T16:01:50.621+0000] {dag.py:3036} INFO - Sync 1 DAGs
[2025-09-21T16:01:50.671+0000] {logging_mixin.py:188} INFO - [2025-09-21T16:01:50.671+0000] {dag.py:3823} INFO - Setting next_dagrun for example_setup_teardown to 2025-09-20 00:00:00+00:00, run_after=2025-09-21 00:00:00+00:00
[2025-09-21T16:01:50.709+0000] {processor.py:183} INFO - Processing /home/airflow/.local/lib/python3.8/site-packages/airflow/example_dags/example_setup_teardown.py took 0.158 seconds
[2025-09-21T16:02:21.638+0000] {processor.py:161} INFO - Started process (PID=2760) to work on /home/airflow/.local/lib/python3.8/site-packages/airflow/example_dags/example_setup_teardown.py
[2025-09-21T16:02:21.640+0000] {processor.py:830} INFO - Processing file /home/airflow/.local/lib/python3.8/site-packages/airflow/example_dags/example_setup_teardown.py for tasks to queue
[2025-09-21T16:02:21.643+0000] {logging_mixin.py:188} INFO - [2025-09-21T16:02:21.642+0000] {dagbag.py:538} INFO - Filling up the DagBag from /home/airflow/.local/lib/python3.8/site-packages/airflow/example_dags/example_setup_teardown.py
[2025-09-21T16:02:21.656+0000] {processor.py:840} INFO - DAG(s) 'example_setup_teardown' retrieved from /home/airflow/.local/lib/python3.8/site-packages/airflow/example_dags/example_setup_teardown.py
[2025-09-21T16:02:21.692+0000] {logging_mixin.py:188} INFO - [2025-09-21T16:02:21.691+0000] {dag.py:3036} INFO - Sync 1 DAGs
[2025-09-21T16:02:21.732+0000] {logging_mixin.py:188} INFO - [2025-09-21T16:02:21.732+0000] {dag.py:3823} INFO - Setting next_dagrun for example_setup_teardown to 2025-09-20 00:00:00+00:00, run_after=2025-09-21 00:00:00+00:00
[2025-09-21T16:02:21.773+0000] {processor.py:183} INFO - Processing /home/airflow/.local/lib/python3.8/site-packages/airflow/example_dags/example_setup_teardown.py took 0.142 seconds
[2025-09-21T16:02:52.647+0000] {processor.py:161} INFO - Started process (PID=2818) to work on /home/airflow/.local/lib/python3.8/site-packages/airflow/example_dags/example_setup_teardown.py
[2025-09-21T16:02:52.649+0000] {processor.py:830} INFO - Processing file /home/airflow/.local/lib/python3.8/site-packages/airflow/example_dags/example_setup_teardown.py for tasks to queue
[2025-09-21T16:02:52.652+0000] {logging_mixin.py:188} INFO - [2025-09-21T16:02:52.651+0000] {dagbag.py:538} INFO - Filling up the DagBag from /home/airflow/.local/lib/python3.8/site-packages/airflow/example_dags/example_setup_teardown.py
[2025-09-21T16:02:52.664+0000] {processor.py:840} INFO - DAG(s) 'example_setup_teardown' retrieved from /home/airflow/.local/lib/python3.8/site-packages/airflow/example_dags/example_setup_teardown.py
[2025-09-21T16:02:52.704+0000] {logging_mixin.py:188} INFO - [2025-09-21T16:02:52.703+0000] {dag.py:3036} INFO - Sync 1 DAGs
[2025-09-21T16:02:52.744+0000] {logging_mixin.py:188} INFO - [2025-09-21T16:02:52.743+0000] {dag.py:3823} INFO - Setting next_dagrun for example_setup_teardown to 2025-09-20 00:00:00+00:00, run_after=2025-09-21 00:00:00+00:00
[2025-09-21T16:02:52.778+0000] {processor.py:183} INFO - Processing /home/airflow/.local/lib/python3.8/site-packages/airflow/example_dags/example_setup_teardown.py took 0.137 seconds
[2025-09-21T16:03:23.107+0000] {processor.py:161} INFO - Started process (PID=2875) to work on /home/airflow/.local/lib/python3.8/site-packages/airflow/example_dags/example_setup_teardown.py
[2025-09-21T16:03:23.109+0000] {processor.py:830} INFO - Processing file /home/airflow/.local/lib/python3.8/site-packages/airflow/example_dags/example_setup_teardown.py for tasks to queue
[2025-09-21T16:03:23.112+0000] {logging_mixin.py:188} INFO - [2025-09-21T16:03:23.112+0000] {dagbag.py:538} INFO - Filling up the DagBag from /home/airflow/.local/lib/python3.8/site-packages/airflow/example_dags/example_setup_teardown.py
[2025-09-21T16:03:23.129+0000] {processor.py:840} INFO - DAG(s) 'example_setup_teardown' retrieved from /home/airflow/.local/lib/python3.8/site-packages/airflow/example_dags/example_setup_teardown.py
[2025-09-21T16:03:23.168+0000] {logging_mixin.py:188} INFO - [2025-09-21T16:03:23.168+0000] {dag.py:3036} INFO - Sync 1 DAGs
[2025-09-21T16:03:23.207+0000] {logging_mixin.py:188} INFO - [2025-09-21T16:03:23.207+0000] {dag.py:3823} INFO - Setting next_dagrun for example_setup_teardown to 2025-09-20 00:00:00+00:00, run_after=2025-09-21 00:00:00+00:00
[2025-09-21T16:03:23.248+0000] {processor.py:183} INFO - Processing /home/airflow/.local/lib/python3.8/site-packages/airflow/example_dags/example_setup_teardown.py took 0.146 seconds
[2025-09-21T16:03:53.829+0000] {processor.py:161} INFO - Started process (PID=2933) to work on /home/airflow/.local/lib/python3.8/site-packages/airflow/example_dags/example_setup_teardown.py
[2025-09-21T16:03:53.831+0000] {processor.py:830} INFO - Processing file /home/airflow/.local/lib/python3.8/site-packages/airflow/example_dags/example_setup_teardown.py for tasks to queue
[2025-09-21T16:03:53.834+0000] {logging_mixin.py:188} INFO - [2025-09-21T16:03:53.834+0000] {dagbag.py:538} INFO - Filling up the DagBag from /home/airflow/.local/lib/python3.8/site-packages/airflow/example_dags/example_setup_teardown.py
[2025-09-21T16:03:53.847+0000] {processor.py:840} INFO - DAG(s) 'example_setup_teardown' retrieved from /home/airflow/.local/lib/python3.8/site-packages/airflow/example_dags/example_setup_teardown.py
[2025-09-21T16:03:53.883+0000] {logging_mixin.py:188} INFO - [2025-09-21T16:03:53.882+0000] {dag.py:3036} INFO - Sync 1 DAGs
[2025-09-21T16:03:53.923+0000] {logging_mixin.py:188} INFO - [2025-09-21T16:03:53.923+0000] {dag.py:3823} INFO - Setting next_dagrun for example_setup_teardown to 2025-09-20 00:00:00+00:00, run_after=2025-09-21 00:00:00+00:00
[2025-09-21T16:03:53.958+0000] {processor.py:183} INFO - Processing /home/airflow/.local/lib/python3.8/site-packages/airflow/example_dags/example_setup_teardown.py took 0.134 seconds
[2025-09-21T16:04:24.542+0000] {processor.py:161} INFO - Started process (PID=2991) to work on /home/airflow/.local/lib/python3.8/site-packages/airflow/example_dags/example_setup_teardown.py
[2025-09-21T16:04:24.544+0000] {processor.py:830} INFO - Processing file /home/airflow/.local/lib/python3.8/site-packages/airflow/example_dags/example_setup_teardown.py for tasks to queue
[2025-09-21T16:04:24.548+0000] {logging_mixin.py:188} INFO - [2025-09-21T16:04:24.547+0000] {dagbag.py:538} INFO - Filling up the DagBag from /home/airflow/.local/lib/python3.8/site-packages/airflow/example_dags/example_setup_teardown.py
[2025-09-21T16:04:24.564+0000] {processor.py:840} INFO - DAG(s) 'example_setup_teardown' retrieved from /home/airflow/.local/lib/python3.8/site-packages/airflow/example_dags/example_setup_teardown.py
[2025-09-21T16:04:24.605+0000] {logging_mixin.py:188} INFO - [2025-09-21T16:04:24.604+0000] {dag.py:3036} INFO - Sync 1 DAGs
[2025-09-21T16:04:24.650+0000] {logging_mixin.py:188} INFO - [2025-09-21T16:04:24.649+0000] {dag.py:3823} INFO - Setting next_dagrun for example_setup_teardown to 2025-09-20 00:00:00+00:00, run_after=2025-09-21 00:00:00+00:00
[2025-09-21T16:04:24.687+0000] {processor.py:183} INFO - Processing /home/airflow/.local/lib/python3.8/site-packages/airflow/example_dags/example_setup_teardown.py took 0.156 seconds
[2025-09-21T16:04:54.926+0000] {processor.py:161} INFO - Started process (PID=3049) to work on /home/airflow/.local/lib/python3.8/site-packages/airflow/example_dags/example_setup_teardown.py
[2025-09-21T16:04:54.928+0000] {processor.py:830} INFO - Processing file /home/airflow/.local/lib/python3.8/site-packages/airflow/example_dags/example_setup_teardown.py for tasks to queue
[2025-09-21T16:04:54.931+0000] {logging_mixin.py:188} INFO - [2025-09-21T16:04:54.931+0000] {dagbag.py:538} INFO - Filling up the DagBag from /home/airflow/.local/lib/python3.8/site-packages/airflow/example_dags/example_setup_teardown.py
[2025-09-21T16:04:54.942+0000] {processor.py:840} INFO - DAG(s) 'example_setup_teardown' retrieved from /home/airflow/.local/lib/python3.8/site-packages/airflow/example_dags/example_setup_teardown.py
[2025-09-21T16:04:54.978+0000] {logging_mixin.py:188} INFO - [2025-09-21T16:04:54.978+0000] {dag.py:3036} INFO - Sync 1 DAGs
[2025-09-21T16:04:55.018+0000] {logging_mixin.py:188} INFO - [2025-09-21T16:04:55.018+0000] {dag.py:3823} INFO - Setting next_dagrun for example_setup_teardown to 2025-09-20 00:00:00+00:00, run_after=2025-09-21 00:00:00+00:00
[2025-09-21T16:04:55.053+0000] {processor.py:183} INFO - Processing /home/airflow/.local/lib/python3.8/site-packages/airflow/example_dags/example_setup_teardown.py took 0.133 seconds
[2025-09-21T16:05:25.517+0000] {processor.py:161} INFO - Started process (PID=3107) to work on /home/airflow/.local/lib/python3.8/site-packages/airflow/example_dags/example_setup_teardown.py
[2025-09-21T16:05:25.519+0000] {processor.py:830} INFO - Processing file /home/airflow/.local/lib/python3.8/site-packages/airflow/example_dags/example_setup_teardown.py for tasks to queue
[2025-09-21T16:05:25.523+0000] {logging_mixin.py:188} INFO - [2025-09-21T16:05:25.522+0000] {dagbag.py:538} INFO - Filling up the DagBag from /home/airflow/.local/lib/python3.8/site-packages/airflow/example_dags/example_setup_teardown.py
[2025-09-21T16:05:25.539+0000] {processor.py:840} INFO - DAG(s) 'example_setup_teardown' retrieved from /home/airflow/.local/lib/python3.8/site-packages/airflow/example_dags/example_setup_teardown.py
[2025-09-21T16:05:25.576+0000] {logging_mixin.py:188} INFO - [2025-09-21T16:05:25.575+0000] {dag.py:3036} INFO - Sync 1 DAGs
[2025-09-21T16:05:25.624+0000] {logging_mixin.py:188} INFO - [2025-09-21T16:05:25.623+0000] {dag.py:3823} INFO - Setting next_dagrun for example_setup_teardown to 2025-09-20 00:00:00+00:00, run_after=2025-09-21 00:00:00+00:00
[2025-09-21T16:05:25.662+0000] {processor.py:183} INFO - Processing /home/airflow/.local/lib/python3.8/site-packages/airflow/example_dags/example_setup_teardown.py took 0.151 seconds
[2025-09-21T16:05:56.532+0000] {processor.py:161} INFO - Started process (PID=3166) to work on /home/airflow/.local/lib/python3.8/site-packages/airflow/example_dags/example_setup_teardown.py
[2025-09-21T16:05:56.534+0000] {processor.py:830} INFO - Processing file /home/airflow/.local/lib/python3.8/site-packages/airflow/example_dags/example_setup_teardown.py for tasks to queue
[2025-09-21T16:05:56.538+0000] {logging_mixin.py:188} INFO - [2025-09-21T16:05:56.537+0000] {dagbag.py:538} INFO - Filling up the DagBag from /home/airflow/.local/lib/python3.8/site-packages/airflow/example_dags/example_setup_teardown.py
[2025-09-21T16:05:56.549+0000] {processor.py:840} INFO - DAG(s) 'example_setup_teardown' retrieved from /home/airflow/.local/lib/python3.8/site-packages/airflow/example_dags/example_setup_teardown.py
[2025-09-21T16:05:56.585+0000] {logging_mixin.py:188} INFO - [2025-09-21T16:05:56.585+0000] {dag.py:3036} INFO - Sync 1 DAGs
[2025-09-21T16:05:56.624+0000] {logging_mixin.py:188} INFO - [2025-09-21T16:05:56.623+0000] {dag.py:3823} INFO - Setting next_dagrun for example_setup_teardown to 2025-09-20 00:00:00+00:00, run_after=2025-09-21 00:00:00+00:00
[2025-09-21T16:05:56.666+0000] {processor.py:183} INFO - Processing /home/airflow/.local/lib/python3.8/site-packages/airflow/example_dags/example_setup_teardown.py took 0.139 seconds
[2025-09-21T16:06:27.424+0000] {processor.py:161} INFO - Started process (PID=3224) to work on /home/airflow/.local/lib/python3.8/site-packages/airflow/example_dags/example_setup_teardown.py
[2025-09-21T16:06:27.425+0000] {processor.py:830} INFO - Processing file /home/airflow/.local/lib/python3.8/site-packages/airflow/example_dags/example_setup_teardown.py for tasks to queue
[2025-09-21T16:06:27.429+0000] {logging_mixin.py:188} INFO - [2025-09-21T16:06:27.428+0000] {dagbag.py:538} INFO - Filling up the DagBag from /home/airflow/.local/lib/python3.8/site-packages/airflow/example_dags/example_setup_teardown.py
[2025-09-21T16:06:27.441+0000] {processor.py:840} INFO - DAG(s) 'example_setup_teardown' retrieved from /home/airflow/.local/lib/python3.8/site-packages/airflow/example_dags/example_setup_teardown.py
[2025-09-21T16:06:27.487+0000] {logging_mixin.py:188} INFO - [2025-09-21T16:06:27.486+0000] {dag.py:3036} INFO - Sync 1 DAGs
[2025-09-21T16:06:27.542+0000] {logging_mixin.py:188} INFO - [2025-09-21T16:06:27.542+0000] {dag.py:3823} INFO - Setting next_dagrun for example_setup_teardown to 2025-09-20 00:00:00+00:00, run_after=2025-09-21 00:00:00+00:00
[2025-09-21T16:06:27.608+0000] {processor.py:183} INFO - Processing /home/airflow/.local/lib/python3.8/site-packages/airflow/example_dags/example_setup_teardown.py took 0.191 seconds
[2025-09-21T16:06:58.434+0000] {processor.py:161} INFO - Started process (PID=3282) to work on /home/airflow/.local/lib/python3.8/site-packages/airflow/example_dags/example_setup_teardown.py
[2025-09-21T16:06:58.436+0000] {processor.py:830} INFO - Processing file /home/airflow/.local/lib/python3.8/site-packages/airflow/example_dags/example_setup_teardown.py for tasks to queue
[2025-09-21T16:06:58.439+0000] {logging_mixin.py:188} INFO - [2025-09-21T16:06:58.439+0000] {dagbag.py:538} INFO - Filling up the DagBag from /home/airflow/.local/lib/python3.8/site-packages/airflow/example_dags/example_setup_teardown.py
[2025-09-21T16:06:58.452+0000] {processor.py:840} INFO - DAG(s) 'example_setup_teardown' retrieved from /home/airflow/.local/lib/python3.8/site-packages/airflow/example_dags/example_setup_teardown.py
[2025-09-21T16:06:58.494+0000] {logging_mixin.py:188} INFO - [2025-09-21T16:06:58.493+0000] {dag.py:3036} INFO - Sync 1 DAGs
[2025-09-21T16:06:58.538+0000] {logging_mixin.py:188} INFO - [2025-09-21T16:06:58.537+0000] {dag.py:3823} INFO - Setting next_dagrun for example_setup_teardown to 2025-09-20 00:00:00+00:00, run_after=2025-09-21 00:00:00+00:00
[2025-09-21T16:06:58.576+0000] {processor.py:183} INFO - Processing /home/airflow/.local/lib/python3.8/site-packages/airflow/example_dags/example_setup_teardown.py took 0.149 seconds
[2025-09-21T16:07:28.938+0000] {processor.py:161} INFO - Started process (PID=3340) to work on /home/airflow/.local/lib/python3.8/site-packages/airflow/example_dags/example_setup_teardown.py
[2025-09-21T16:07:28.941+0000] {processor.py:830} INFO - Processing file /home/airflow/.local/lib/python3.8/site-packages/airflow/example_dags/example_setup_teardown.py for tasks to queue
[2025-09-21T16:07:28.944+0000] {logging_mixin.py:188} INFO - [2025-09-21T16:07:28.944+0000] {dagbag.py:538} INFO - Filling up the DagBag from /home/airflow/.local/lib/python3.8/site-packages/airflow/example_dags/example_setup_teardown.py
[2025-09-21T16:07:28.956+0000] {processor.py:840} INFO - DAG(s) 'example_setup_teardown' retrieved from /home/airflow/.local/lib/python3.8/site-packages/airflow/example_dags/example_setup_teardown.py
[2025-09-21T16:07:28.995+0000] {logging_mixin.py:188} INFO - [2025-09-21T16:07:28.995+0000] {dag.py:3036} INFO - Sync 1 DAGs
[2025-09-21T16:07:29.037+0000] {logging_mixin.py:188} INFO - [2025-09-21T16:07:29.037+0000] {dag.py:3823} INFO - Setting next_dagrun for example_setup_teardown to 2025-09-20 00:00:00+00:00, run_after=2025-09-21 00:00:00+00:00
[2025-09-21T16:07:29.073+0000] {processor.py:183} INFO - Processing /home/airflow/.local/lib/python3.8/site-packages/airflow/example_dags/example_setup_teardown.py took 0.143 seconds
[2025-09-21T16:07:59.897+0000] {processor.py:161} INFO - Started process (PID=3398) to work on /home/airflow/.local/lib/python3.8/site-packages/airflow/example_dags/example_setup_teardown.py
[2025-09-21T16:07:59.900+0000] {processor.py:830} INFO - Processing file /home/airflow/.local/lib/python3.8/site-packages/airflow/example_dags/example_setup_teardown.py for tasks to queue
[2025-09-21T16:07:59.903+0000] {logging_mixin.py:188} INFO - [2025-09-21T16:07:59.902+0000] {dagbag.py:538} INFO - Filling up the DagBag from /home/airflow/.local/lib/python3.8/site-packages/airflow/example_dags/example_setup_teardown.py
[2025-09-21T16:07:59.915+0000] {processor.py:840} INFO - DAG(s) 'example_setup_teardown' retrieved from /home/airflow/.local/lib/python3.8/site-packages/airflow/example_dags/example_setup_teardown.py
[2025-09-21T16:07:59.952+0000] {logging_mixin.py:188} INFO - [2025-09-21T16:07:59.951+0000] {dag.py:3036} INFO - Sync 1 DAGs
[2025-09-21T16:07:59.993+0000] {logging_mixin.py:188} INFO - [2025-09-21T16:07:59.992+0000] {dag.py:3823} INFO - Setting next_dagrun for example_setup_teardown to 2025-09-20 00:00:00+00:00, run_after=2025-09-21 00:00:00+00:00
[2025-09-21T16:08:00.045+0000] {processor.py:183} INFO - Processing /home/airflow/.local/lib/python3.8/site-packages/airflow/example_dags/example_setup_teardown.py took 0.155 seconds
[2025-09-21T16:08:30.449+0000] {processor.py:161} INFO - Started process (PID=3456) to work on /home/airflow/.local/lib/python3.8/site-packages/airflow/example_dags/example_setup_teardown.py
[2025-09-21T16:08:30.451+0000] {processor.py:830} INFO - Processing file /home/airflow/.local/lib/python3.8/site-packages/airflow/example_dags/example_setup_teardown.py for tasks to queue
[2025-09-21T16:08:30.455+0000] {logging_mixin.py:188} INFO - [2025-09-21T16:08:30.454+0000] {dagbag.py:538} INFO - Filling up the DagBag from /home/airflow/.local/lib/python3.8/site-packages/airflow/example_dags/example_setup_teardown.py
[2025-09-21T16:08:30.470+0000] {processor.py:840} INFO - DAG(s) 'example_setup_teardown' retrieved from /home/airflow/.local/lib/python3.8/site-packages/airflow/example_dags/example_setup_teardown.py
[2025-09-21T16:08:30.524+0000] {logging_mixin.py:188} INFO - [2025-09-21T16:08:30.524+0000] {dag.py:3036} INFO - Sync 1 DAGs
[2025-09-21T16:08:30.572+0000] {logging_mixin.py:188} INFO - [2025-09-21T16:08:30.572+0000] {dag.py:3823} INFO - Setting next_dagrun for example_setup_teardown to 2025-09-20 00:00:00+00:00, run_after=2025-09-21 00:00:00+00:00
[2025-09-21T16:08:30.614+0000] {processor.py:183} INFO - Processing /home/airflow/.local/lib/python3.8/site-packages/airflow/example_dags/example_setup_teardown.py took 0.175 seconds
[2025-09-21T16:09:01.504+0000] {processor.py:161} INFO - Started process (PID=3514) to work on /home/airflow/.local/lib/python3.8/site-packages/airflow/example_dags/example_setup_teardown.py
[2025-09-21T16:09:01.507+0000] {processor.py:830} INFO - Processing file /home/airflow/.local/lib/python3.8/site-packages/airflow/example_dags/example_setup_teardown.py for tasks to queue
[2025-09-21T16:09:01.512+0000] {logging_mixin.py:188} INFO - [2025-09-21T16:09:01.511+0000] {dagbag.py:538} INFO - Filling up the DagBag from /home/airflow/.local/lib/python3.8/site-packages/airflow/example_dags/example_setup_teardown.py
[2025-09-21T16:09:01.529+0000] {processor.py:840} INFO - DAG(s) 'example_setup_teardown' retrieved from /home/airflow/.local/lib/python3.8/site-packages/airflow/example_dags/example_setup_teardown.py
[2025-09-21T16:09:01.582+0000] {logging_mixin.py:188} INFO - [2025-09-21T16:09:01.582+0000] {dag.py:3036} INFO - Sync 1 DAGs
[2025-09-21T16:09:01.636+0000] {logging_mixin.py:188} INFO - [2025-09-21T16:09:01.636+0000] {dag.py:3823} INFO - Setting next_dagrun for example_setup_teardown to 2025-09-20 00:00:00+00:00, run_after=2025-09-21 00:00:00+00:00
[2025-09-21T16:09:01.679+0000] {processor.py:183} INFO - Processing /home/airflow/.local/lib/python3.8/site-packages/airflow/example_dags/example_setup_teardown.py took 0.183 seconds
[2025-09-21T16:09:31.826+0000] {processor.py:161} INFO - Started process (PID=3572) to work on /home/airflow/.local/lib/python3.8/site-packages/airflow/example_dags/example_setup_teardown.py
[2025-09-21T16:09:31.829+0000] {processor.py:830} INFO - Processing file /home/airflow/.local/lib/python3.8/site-packages/airflow/example_dags/example_setup_teardown.py for tasks to queue
[2025-09-21T16:09:31.833+0000] {logging_mixin.py:188} INFO - [2025-09-21T16:09:31.833+0000] {dagbag.py:538} INFO - Filling up the DagBag from /home/airflow/.local/lib/python3.8/site-packages/airflow/example_dags/example_setup_teardown.py
[2025-09-21T16:09:31.845+0000] {processor.py:840} INFO - DAG(s) 'example_setup_teardown' retrieved from /home/airflow/.local/lib/python3.8/site-packages/airflow/example_dags/example_setup_teardown.py
[2025-09-21T16:09:31.882+0000] {logging_mixin.py:188} INFO - [2025-09-21T16:09:31.881+0000] {dag.py:3036} INFO - Sync 1 DAGs
[2025-09-21T16:09:31.924+0000] {logging_mixin.py:188} INFO - [2025-09-21T16:09:31.924+0000] {dag.py:3823} INFO - Setting next_dagrun for example_setup_teardown to 2025-09-20 00:00:00+00:00, run_after=2025-09-21 00:00:00+00:00
[2025-09-21T16:09:31.957+0000] {processor.py:183} INFO - Processing /home/airflow/.local/lib/python3.8/site-packages/airflow/example_dags/example_setup_teardown.py took 0.139 seconds
[2025-09-21T16:10:02.229+0000] {processor.py:161} INFO - Started process (PID=3630) to work on /home/airflow/.local/lib/python3.8/site-packages/airflow/example_dags/example_setup_teardown.py
[2025-09-21T16:10:02.231+0000] {processor.py:830} INFO - Processing file /home/airflow/.local/lib/python3.8/site-packages/airflow/example_dags/example_setup_teardown.py for tasks to queue
[2025-09-21T16:10:02.235+0000] {logging_mixin.py:188} INFO - [2025-09-21T16:10:02.234+0000] {dagbag.py:538} INFO - Filling up the DagBag from /home/airflow/.local/lib/python3.8/site-packages/airflow/example_dags/example_setup_teardown.py
[2025-09-21T16:10:02.247+0000] {processor.py:840} INFO - DAG(s) 'example_setup_teardown' retrieved from /home/airflow/.local/lib/python3.8/site-packages/airflow/example_dags/example_setup_teardown.py
[2025-09-21T16:10:02.287+0000] {logging_mixin.py:188} INFO - [2025-09-21T16:10:02.287+0000] {dag.py:3036} INFO - Sync 1 DAGs
[2025-09-21T16:10:02.328+0000] {logging_mixin.py:188} INFO - [2025-09-21T16:10:02.328+0000] {dag.py:3823} INFO - Setting next_dagrun for example_setup_teardown to 2025-09-20 00:00:00+00:00, run_after=2025-09-21 00:00:00+00:00
[2025-09-21T16:10:02.362+0000] {processor.py:183} INFO - Processing /home/airflow/.local/lib/python3.8/site-packages/airflow/example_dags/example_setup_teardown.py took 0.139 seconds
[2025-09-21T16:10:32.628+0000] {processor.py:161} INFO - Started process (PID=3688) to work on /home/airflow/.local/lib/python3.8/site-packages/airflow/example_dags/example_setup_teardown.py
[2025-09-21T16:10:32.629+0000] {processor.py:830} INFO - Processing file /home/airflow/.local/lib/python3.8/site-packages/airflow/example_dags/example_setup_teardown.py for tasks to queue
[2025-09-21T16:10:32.633+0000] {logging_mixin.py:188} INFO - [2025-09-21T16:10:32.633+0000] {dagbag.py:538} INFO - Filling up the DagBag from /home/airflow/.local/lib/python3.8/site-packages/airflow/example_dags/example_setup_teardown.py
[2025-09-21T16:10:32.648+0000] {processor.py:840} INFO - DAG(s) 'example_setup_teardown' retrieved from /home/airflow/.local/lib/python3.8/site-packages/airflow/example_dags/example_setup_teardown.py
[2025-09-21T16:10:32.685+0000] {logging_mixin.py:188} INFO - [2025-09-21T16:10:32.684+0000] {dag.py:3036} INFO - Sync 1 DAGs
[2025-09-21T16:10:32.725+0000] {logging_mixin.py:188} INFO - [2025-09-21T16:10:32.725+0000] {dag.py:3823} INFO - Setting next_dagrun for example_setup_teardown to 2025-09-20 00:00:00+00:00, run_after=2025-09-21 00:00:00+00:00
[2025-09-21T16:10:32.768+0000] {processor.py:183} INFO - Processing /home/airflow/.local/lib/python3.8/site-packages/airflow/example_dags/example_setup_teardown.py took 0.146 seconds
[2025-09-21T16:11:03.296+0000] {processor.py:161} INFO - Started process (PID=3746) to work on /home/airflow/.local/lib/python3.8/site-packages/airflow/example_dags/example_setup_teardown.py
[2025-09-21T16:11:03.298+0000] {processor.py:830} INFO - Processing file /home/airflow/.local/lib/python3.8/site-packages/airflow/example_dags/example_setup_teardown.py for tasks to queue
[2025-09-21T16:11:03.303+0000] {logging_mixin.py:188} INFO - [2025-09-21T16:11:03.303+0000] {dagbag.py:538} INFO - Filling up the DagBag from /home/airflow/.local/lib/python3.8/site-packages/airflow/example_dags/example_setup_teardown.py
[2025-09-21T16:11:03.316+0000] {processor.py:840} INFO - DAG(s) 'example_setup_teardown' retrieved from /home/airflow/.local/lib/python3.8/site-packages/airflow/example_dags/example_setup_teardown.py
[2025-09-21T16:11:03.369+0000] {logging_mixin.py:188} INFO - [2025-09-21T16:11:03.368+0000] {dag.py:3036} INFO - Sync 1 DAGs
[2025-09-21T16:11:03.426+0000] {logging_mixin.py:188} INFO - [2025-09-21T16:11:03.426+0000] {dag.py:3823} INFO - Setting next_dagrun for example_setup_teardown to 2025-09-20 00:00:00+00:00, run_after=2025-09-21 00:00:00+00:00
[2025-09-21T16:11:03.463+0000] {processor.py:183} INFO - Processing /home/airflow/.local/lib/python3.8/site-packages/airflow/example_dags/example_setup_teardown.py took 0.175 seconds
[2025-09-21T16:11:33.760+0000] {processor.py:161} INFO - Started process (PID=3804) to work on /home/airflow/.local/lib/python3.8/site-packages/airflow/example_dags/example_setup_teardown.py
[2025-09-21T16:11:33.762+0000] {processor.py:830} INFO - Processing file /home/airflow/.local/lib/python3.8/site-packages/airflow/example_dags/example_setup_teardown.py for tasks to queue
[2025-09-21T16:11:33.767+0000] {logging_mixin.py:188} INFO - [2025-09-21T16:11:33.766+0000] {dagbag.py:538} INFO - Filling up the DagBag from /home/airflow/.local/lib/python3.8/site-packages/airflow/example_dags/example_setup_teardown.py
[2025-09-21T16:11:33.779+0000] {processor.py:840} INFO - DAG(s) 'example_setup_teardown' retrieved from /home/airflow/.local/lib/python3.8/site-packages/airflow/example_dags/example_setup_teardown.py
[2025-09-21T16:11:33.817+0000] {logging_mixin.py:188} INFO - [2025-09-21T16:11:33.817+0000] {dag.py:3036} INFO - Sync 1 DAGs
[2025-09-21T16:11:33.857+0000] {logging_mixin.py:188} INFO - [2025-09-21T16:11:33.857+0000] {dag.py:3823} INFO - Setting next_dagrun for example_setup_teardown to 2025-09-20 00:00:00+00:00, run_after=2025-09-21 00:00:00+00:00
[2025-09-21T16:11:33.892+0000] {processor.py:183} INFO - Processing /home/airflow/.local/lib/python3.8/site-packages/airflow/example_dags/example_setup_teardown.py took 0.138 seconds
[2025-09-21T16:12:04.241+0000] {processor.py:161} INFO - Started process (PID=3862) to work on /home/airflow/.local/lib/python3.8/site-packages/airflow/example_dags/example_setup_teardown.py
[2025-09-21T16:12:04.243+0000] {processor.py:830} INFO - Processing file /home/airflow/.local/lib/python3.8/site-packages/airflow/example_dags/example_setup_teardown.py for tasks to queue
[2025-09-21T16:12:04.249+0000] {logging_mixin.py:188} INFO - [2025-09-21T16:12:04.248+0000] {dagbag.py:538} INFO - Filling up the DagBag from /home/airflow/.local/lib/python3.8/site-packages/airflow/example_dags/example_setup_teardown.py
[2025-09-21T16:12:04.261+0000] {processor.py:840} INFO - DAG(s) 'example_setup_teardown' retrieved from /home/airflow/.local/lib/python3.8/site-packages/airflow/example_dags/example_setup_teardown.py
[2025-09-21T16:12:04.298+0000] {logging_mixin.py:188} INFO - [2025-09-21T16:12:04.298+0000] {dag.py:3036} INFO - Sync 1 DAGs
[2025-09-21T16:12:04.338+0000] {logging_mixin.py:188} INFO - [2025-09-21T16:12:04.338+0000] {dag.py:3823} INFO - Setting next_dagrun for example_setup_teardown to 2025-09-20 00:00:00+00:00, run_after=2025-09-21 00:00:00+00:00
[2025-09-21T16:12:04.378+0000] {processor.py:183} INFO - Processing /home/airflow/.local/lib/python3.8/site-packages/airflow/example_dags/example_setup_teardown.py took 0.143 seconds
[2025-09-21T16:12:34.963+0000] {processor.py:161} INFO - Started process (PID=3920) to work on /home/airflow/.local/lib/python3.8/site-packages/airflow/example_dags/example_setup_teardown.py
[2025-09-21T16:12:34.965+0000] {processor.py:830} INFO - Processing file /home/airflow/.local/lib/python3.8/site-packages/airflow/example_dags/example_setup_teardown.py for tasks to queue
[2025-09-21T16:12:34.968+0000] {logging_mixin.py:188} INFO - [2025-09-21T16:12:34.967+0000] {dagbag.py:538} INFO - Filling up the DagBag from /home/airflow/.local/lib/python3.8/site-packages/airflow/example_dags/example_setup_teardown.py
[2025-09-21T16:12:34.981+0000] {processor.py:840} INFO - DAG(s) 'example_setup_teardown' retrieved from /home/airflow/.local/lib/python3.8/site-packages/airflow/example_dags/example_setup_teardown.py
[2025-09-21T16:12:35.036+0000] {logging_mixin.py:188} INFO - [2025-09-21T16:12:35.036+0000] {dag.py:3036} INFO - Sync 1 DAGs
[2025-09-21T16:12:35.079+0000] {logging_mixin.py:188} INFO - [2025-09-21T16:12:35.079+0000] {dag.py:3823} INFO - Setting next_dagrun for example_setup_teardown to 2025-09-20 00:00:00+00:00, run_after=2025-09-21 00:00:00+00:00
[2025-09-21T16:12:35.116+0000] {processor.py:183} INFO - Processing /home/airflow/.local/lib/python3.8/site-packages/airflow/example_dags/example_setup_teardown.py took 0.161 seconds
[2025-09-21T16:13:05.851+0000] {processor.py:161} INFO - Started process (PID=3978) to work on /home/airflow/.local/lib/python3.8/site-packages/airflow/example_dags/example_setup_teardown.py
[2025-09-21T16:13:05.853+0000] {processor.py:830} INFO - Processing file /home/airflow/.local/lib/python3.8/site-packages/airflow/example_dags/example_setup_teardown.py for tasks to queue
[2025-09-21T16:13:05.857+0000] {logging_mixin.py:188} INFO - [2025-09-21T16:13:05.856+0000] {dagbag.py:538} INFO - Filling up the DagBag from /home/airflow/.local/lib/python3.8/site-packages/airflow/example_dags/example_setup_teardown.py
[2025-09-21T16:13:05.869+0000] {processor.py:840} INFO - DAG(s) 'example_setup_teardown' retrieved from /home/airflow/.local/lib/python3.8/site-packages/airflow/example_dags/example_setup_teardown.py
[2025-09-21T16:13:05.909+0000] {logging_mixin.py:188} INFO - [2025-09-21T16:13:05.908+0000] {dag.py:3036} INFO - Sync 1 DAGs
[2025-09-21T16:13:05.951+0000] {logging_mixin.py:188} INFO - [2025-09-21T16:13:05.950+0000] {dag.py:3823} INFO - Setting next_dagrun for example_setup_teardown to 2025-09-20 00:00:00+00:00, run_after=2025-09-21 00:00:00+00:00
[2025-09-21T16:13:05.993+0000] {processor.py:183} INFO - Processing /home/airflow/.local/lib/python3.8/site-packages/airflow/example_dags/example_setup_teardown.py took 0.151 seconds
[2025-09-21T16:13:36.599+0000] {processor.py:161} INFO - Started process (PID=4036) to work on /home/airflow/.local/lib/python3.8/site-packages/airflow/example_dags/example_setup_teardown.py
[2025-09-21T16:13:36.602+0000] {processor.py:830} INFO - Processing file /home/airflow/.local/lib/python3.8/site-packages/airflow/example_dags/example_setup_teardown.py for tasks to queue
[2025-09-21T16:13:36.606+0000] {logging_mixin.py:188} INFO - [2025-09-21T16:13:36.606+0000] {dagbag.py:538} INFO - Filling up the DagBag from /home/airflow/.local/lib/python3.8/site-packages/airflow/example_dags/example_setup_teardown.py
[2025-09-21T16:13:36.623+0000] {processor.py:840} INFO - DAG(s) 'example_setup_teardown' retrieved from /home/airflow/.local/lib/python3.8/site-packages/airflow/example_dags/example_setup_teardown.py
[2025-09-21T16:13:36.676+0000] {logging_mixin.py:188} INFO - [2025-09-21T16:13:36.676+0000] {dag.py:3036} INFO - Sync 1 DAGs
[2025-09-21T16:13:36.723+0000] {logging_mixin.py:188} INFO - [2025-09-21T16:13:36.723+0000] {dag.py:3823} INFO - Setting next_dagrun for example_setup_teardown to 2025-09-20 00:00:00+00:00, run_after=2025-09-21 00:00:00+00:00
[2025-09-21T16:13:36.766+0000] {processor.py:183} INFO - Processing /home/airflow/.local/lib/python3.8/site-packages/airflow/example_dags/example_setup_teardown.py took 0.175 seconds
[2025-09-21T16:14:07.541+0000] {processor.py:161} INFO - Started process (PID=4094) to work on /home/airflow/.local/lib/python3.8/site-packages/airflow/example_dags/example_setup_teardown.py
[2025-09-21T16:14:07.544+0000] {processor.py:830} INFO - Processing file /home/airflow/.local/lib/python3.8/site-packages/airflow/example_dags/example_setup_teardown.py for tasks to queue
[2025-09-21T16:14:07.549+0000] {logging_mixin.py:188} INFO - [2025-09-21T16:14:07.548+0000] {dagbag.py:538} INFO - Filling up the DagBag from /home/airflow/.local/lib/python3.8/site-packages/airflow/example_dags/example_setup_teardown.py
[2025-09-21T16:14:07.563+0000] {processor.py:840} INFO - DAG(s) 'example_setup_teardown' retrieved from /home/airflow/.local/lib/python3.8/site-packages/airflow/example_dags/example_setup_teardown.py
[2025-09-21T16:14:07.602+0000] {logging_mixin.py:188} INFO - [2025-09-21T16:14:07.601+0000] {dag.py:3036} INFO - Sync 1 DAGs
[2025-09-21T16:14:07.665+0000] {logging_mixin.py:188} INFO - [2025-09-21T16:14:07.664+0000] {dag.py:3823} INFO - Setting next_dagrun for example_setup_teardown to 2025-09-20 00:00:00+00:00, run_after=2025-09-21 00:00:00+00:00
[2025-09-21T16:14:07.716+0000] {processor.py:183} INFO - Processing /home/airflow/.local/lib/python3.8/site-packages/airflow/example_dags/example_setup_teardown.py took 0.182 seconds
[2025-09-21T16:14:38.023+0000] {processor.py:161} INFO - Started process (PID=4152) to work on /home/airflow/.local/lib/python3.8/site-packages/airflow/example_dags/example_setup_teardown.py
[2025-09-21T16:14:38.036+0000] {processor.py:830} INFO - Processing file /home/airflow/.local/lib/python3.8/site-packages/airflow/example_dags/example_setup_teardown.py for tasks to queue
[2025-09-21T16:14:38.041+0000] {logging_mixin.py:188} INFO - [2025-09-21T16:14:38.040+0000] {dagbag.py:538} INFO - Filling up the DagBag from /home/airflow/.local/lib/python3.8/site-packages/airflow/example_dags/example_setup_teardown.py
[2025-09-21T16:14:38.088+0000] {processor.py:840} INFO - DAG(s) 'example_setup_teardown' retrieved from /home/airflow/.local/lib/python3.8/site-packages/airflow/example_dags/example_setup_teardown.py
[2025-09-21T16:14:38.145+0000] {logging_mixin.py:188} INFO - [2025-09-21T16:14:38.144+0000] {dag.py:3036} INFO - Sync 1 DAGs
[2025-09-21T16:14:38.203+0000] {logging_mixin.py:188} INFO - [2025-09-21T16:14:38.202+0000] {dag.py:3823} INFO - Setting next_dagrun for example_setup_teardown to 2025-09-20 00:00:00+00:00, run_after=2025-09-21 00:00:00+00:00
[2025-09-21T16:14:38.243+0000] {processor.py:183} INFO - Processing /home/airflow/.local/lib/python3.8/site-packages/airflow/example_dags/example_setup_teardown.py took 0.227 seconds
[2025-09-21T16:15:08.356+0000] {processor.py:161} INFO - Started process (PID=4210) to work on /home/airflow/.local/lib/python3.8/site-packages/airflow/example_dags/example_setup_teardown.py
[2025-09-21T16:15:08.358+0000] {processor.py:830} INFO - Processing file /home/airflow/.local/lib/python3.8/site-packages/airflow/example_dags/example_setup_teardown.py for tasks to queue
[2025-09-21T16:15:08.362+0000] {logging_mixin.py:188} INFO - [2025-09-21T16:15:08.361+0000] {dagbag.py:538} INFO - Filling up the DagBag from /home/airflow/.local/lib/python3.8/site-packages/airflow/example_dags/example_setup_teardown.py
[2025-09-21T16:15:08.374+0000] {processor.py:840} INFO - DAG(s) 'example_setup_teardown' retrieved from /home/airflow/.local/lib/python3.8/site-packages/airflow/example_dags/example_setup_teardown.py
[2025-09-21T16:15:08.417+0000] {logging_mixin.py:188} INFO - [2025-09-21T16:15:08.416+0000] {dag.py:3036} INFO - Sync 1 DAGs
[2025-09-21T16:15:08.458+0000] {logging_mixin.py:188} INFO - [2025-09-21T16:15:08.457+0000] {dag.py:3823} INFO - Setting next_dagrun for example_setup_teardown to 2025-09-20 00:00:00+00:00, run_after=2025-09-21 00:00:00+00:00
[2025-09-21T16:15:08.493+0000] {processor.py:183} INFO - Processing /home/airflow/.local/lib/python3.8/site-packages/airflow/example_dags/example_setup_teardown.py took 0.142 seconds
[2025-09-21T16:15:38.692+0000] {processor.py:161} INFO - Started process (PID=4268) to work on /home/airflow/.local/lib/python3.8/site-packages/airflow/example_dags/example_setup_teardown.py
[2025-09-21T16:15:38.694+0000] {processor.py:830} INFO - Processing file /home/airflow/.local/lib/python3.8/site-packages/airflow/example_dags/example_setup_teardown.py for tasks to queue
[2025-09-21T16:15:38.698+0000] {logging_mixin.py:188} INFO - [2025-09-21T16:15:38.697+0000] {dagbag.py:538} INFO - Filling up the DagBag from /home/airflow/.local/lib/python3.8/site-packages/airflow/example_dags/example_setup_teardown.py
[2025-09-21T16:15:38.711+0000] {processor.py:840} INFO - DAG(s) 'example_setup_teardown' retrieved from /home/airflow/.local/lib/python3.8/site-packages/airflow/example_dags/example_setup_teardown.py
[2025-09-21T16:15:38.751+0000] {logging_mixin.py:188} INFO - [2025-09-21T16:15:38.751+0000] {dag.py:3036} INFO - Sync 1 DAGs
[2025-09-21T16:15:38.795+0000] {logging_mixin.py:188} INFO - [2025-09-21T16:15:38.795+0000] {dag.py:3823} INFO - Setting next_dagrun for example_setup_teardown to 2025-09-20 00:00:00+00:00, run_after=2025-09-21 00:00:00+00:00
[2025-09-21T16:15:38.833+0000] {processor.py:183} INFO - Processing /home/airflow/.local/lib/python3.8/site-packages/airflow/example_dags/example_setup_teardown.py took 0.147 seconds
[2025-09-21T16:16:09.162+0000] {processor.py:161} INFO - Started process (PID=4326) to work on /home/airflow/.local/lib/python3.8/site-packages/airflow/example_dags/example_setup_teardown.py
[2025-09-21T16:16:09.164+0000] {processor.py:830} INFO - Processing file /home/airflow/.local/lib/python3.8/site-packages/airflow/example_dags/example_setup_teardown.py for tasks to queue
[2025-09-21T16:16:09.168+0000] {logging_mixin.py:188} INFO - [2025-09-21T16:16:09.168+0000] {dagbag.py:538} INFO - Filling up the DagBag from /home/airflow/.local/lib/python3.8/site-packages/airflow/example_dags/example_setup_teardown.py
[2025-09-21T16:16:09.180+0000] {processor.py:840} INFO - DAG(s) 'example_setup_teardown' retrieved from /home/airflow/.local/lib/python3.8/site-packages/airflow/example_dags/example_setup_teardown.py
[2025-09-21T16:16:09.223+0000] {logging_mixin.py:188} INFO - [2025-09-21T16:16:09.222+0000] {dag.py:3036} INFO - Sync 1 DAGs
[2025-09-21T16:16:09.275+0000] {logging_mixin.py:188} INFO - [2025-09-21T16:16:09.274+0000] {dag.py:3823} INFO - Setting next_dagrun for example_setup_teardown to 2025-09-20 00:00:00+00:00, run_after=2025-09-21 00:00:00+00:00
[2025-09-21T16:16:09.312+0000] {processor.py:183} INFO - Processing /home/airflow/.local/lib/python3.8/site-packages/airflow/example_dags/example_setup_teardown.py took 0.157 seconds
[2025-09-21T16:16:39.587+0000] {processor.py:161} INFO - Started process (PID=4384) to work on /home/airflow/.local/lib/python3.8/site-packages/airflow/example_dags/example_setup_teardown.py
[2025-09-21T16:16:39.589+0000] {processor.py:830} INFO - Processing file /home/airflow/.local/lib/python3.8/site-packages/airflow/example_dags/example_setup_teardown.py for tasks to queue
[2025-09-21T16:16:39.592+0000] {logging_mixin.py:188} INFO - [2025-09-21T16:16:39.592+0000] {dagbag.py:538} INFO - Filling up the DagBag from /home/airflow/.local/lib/python3.8/site-packages/airflow/example_dags/example_setup_teardown.py
[2025-09-21T16:16:39.607+0000] {processor.py:840} INFO - DAG(s) 'example_setup_teardown' retrieved from /home/airflow/.local/lib/python3.8/site-packages/airflow/example_dags/example_setup_teardown.py
[2025-09-21T16:16:39.647+0000] {logging_mixin.py:188} INFO - [2025-09-21T16:16:39.647+0000] {dag.py:3036} INFO - Sync 1 DAGs
[2025-09-21T16:16:39.686+0000] {logging_mixin.py:188} INFO - [2025-09-21T16:16:39.686+0000] {dag.py:3823} INFO - Setting next_dagrun for example_setup_teardown to 2025-09-20 00:00:00+00:00, run_after=2025-09-21 00:00:00+00:00
[2025-09-21T16:16:39.720+0000] {processor.py:183} INFO - Processing /home/airflow/.local/lib/python3.8/site-packages/airflow/example_dags/example_setup_teardown.py took 0.139 seconds
