[2025-09-21T11:12:58.492+0000] {processor.py:161} INFO - Started process (PID=101) to work on /home/airflow/.local/lib/python3.8/site-packages/airflow/example_dags/example_setup_teardown_taskflow.py
[2025-09-21T11:12:58.497+0000] {processor.py:830} INFO - Processing file /home/airflow/.local/lib/python3.8/site-packages/airflow/example_dags/example_setup_teardown_taskflow.py for tasks to queue
[2025-09-21T11:12:58.501+0000] {logging_mixin.py:188} INFO - [2025-09-21T11:12:58.500+0000] {dagbag.py:538} INFO - Filling up the DagBag from /home/airflow/.local/lib/python3.8/site-packages/airflow/example_dags/example_setup_teardown_taskflow.py
[2025-09-21T11:12:58.535+0000] {processor.py:840} INFO - DAG(s) 'example_setup_teardown_taskflow' retrieved from /home/airflow/.local/lib/python3.8/site-packages/airflow/example_dags/example_setup_teardown_taskflow.py
[2025-09-21T11:12:58.665+0000] {logging_mixin.py:188} INFO - [2025-09-21T11:12:58.664+0000] {dag.py:3036} INFO - Sync 1 DAGs
[2025-09-21T11:12:58.742+0000] {logging_mixin.py:188} INFO - [2025-09-21T11:12:58.742+0000] {dag.py:3823} INFO - Setting next_dagrun for example_setup_teardown_taskflow to 2025-09-20 00:00:00+00:00, run_after=2025-09-21 00:00:00+00:00
[2025-09-21T11:12:58.827+0000] {processor.py:183} INFO - Processing /home/airflow/.local/lib/python3.8/site-packages/airflow/example_dags/example_setup_teardown_taskflow.py took 0.362 seconds
[2025-09-21T11:13:29.691+0000] {processor.py:161} INFO - Started process (PID=159) to work on /home/airflow/.local/lib/python3.8/site-packages/airflow/example_dags/example_setup_teardown_taskflow.py
[2025-09-21T11:13:29.693+0000] {processor.py:830} INFO - Processing file /home/airflow/.local/lib/python3.8/site-packages/airflow/example_dags/example_setup_teardown_taskflow.py for tasks to queue
[2025-09-21T11:13:29.697+0000] {logging_mixin.py:188} INFO - [2025-09-21T11:13:29.696+0000] {dagbag.py:538} INFO - Filling up the DagBag from /home/airflow/.local/lib/python3.8/site-packages/airflow/example_dags/example_setup_teardown_taskflow.py
[2025-09-21T11:13:29.717+0000] {processor.py:840} INFO - DAG(s) 'example_setup_teardown_taskflow' retrieved from /home/airflow/.local/lib/python3.8/site-packages/airflow/example_dags/example_setup_teardown_taskflow.py
[2025-09-21T11:13:29.754+0000] {logging_mixin.py:188} INFO - [2025-09-21T11:13:29.754+0000] {dag.py:3036} INFO - Sync 1 DAGs
[2025-09-21T11:13:29.796+0000] {logging_mixin.py:188} INFO - [2025-09-21T11:13:29.795+0000] {dag.py:3823} INFO - Setting next_dagrun for example_setup_teardown_taskflow to 2025-09-20 00:00:00+00:00, run_after=2025-09-21 00:00:00+00:00
[2025-09-21T11:13:29.830+0000] {processor.py:183} INFO - Processing /home/airflow/.local/lib/python3.8/site-packages/airflow/example_dags/example_setup_teardown_taskflow.py took 0.144 seconds
[2025-09-21T11:14:00.013+0000] {processor.py:161} INFO - Started process (PID=217) to work on /home/airflow/.local/lib/python3.8/site-packages/airflow/example_dags/example_setup_teardown_taskflow.py
[2025-09-21T11:14:00.015+0000] {processor.py:830} INFO - Processing file /home/airflow/.local/lib/python3.8/site-packages/airflow/example_dags/example_setup_teardown_taskflow.py for tasks to queue
[2025-09-21T11:14:00.018+0000] {logging_mixin.py:188} INFO - [2025-09-21T11:14:00.018+0000] {dagbag.py:538} INFO - Filling up the DagBag from /home/airflow/.local/lib/python3.8/site-packages/airflow/example_dags/example_setup_teardown_taskflow.py
[2025-09-21T11:14:00.035+0000] {processor.py:840} INFO - DAG(s) 'example_setup_teardown_taskflow' retrieved from /home/airflow/.local/lib/python3.8/site-packages/airflow/example_dags/example_setup_teardown_taskflow.py
[2025-09-21T11:14:00.086+0000] {logging_mixin.py:188} INFO - [2025-09-21T11:14:00.085+0000] {dag.py:3036} INFO - Sync 1 DAGs
[2025-09-21T11:14:00.129+0000] {logging_mixin.py:188} INFO - [2025-09-21T11:14:00.128+0000] {dag.py:3823} INFO - Setting next_dagrun for example_setup_teardown_taskflow to 2025-09-20 00:00:00+00:00, run_after=2025-09-21 00:00:00+00:00
[2025-09-21T11:14:00.164+0000] {processor.py:183} INFO - Processing /home/airflow/.local/lib/python3.8/site-packages/airflow/example_dags/example_setup_teardown_taskflow.py took 0.156 seconds
[2025-09-21T11:14:30.504+0000] {processor.py:161} INFO - Started process (PID=275) to work on /home/airflow/.local/lib/python3.8/site-packages/airflow/example_dags/example_setup_teardown_taskflow.py
[2025-09-21T11:14:30.506+0000] {processor.py:830} INFO - Processing file /home/airflow/.local/lib/python3.8/site-packages/airflow/example_dags/example_setup_teardown_taskflow.py for tasks to queue
[2025-09-21T11:14:30.510+0000] {logging_mixin.py:188} INFO - [2025-09-21T11:14:30.509+0000] {dagbag.py:538} INFO - Filling up the DagBag from /home/airflow/.local/lib/python3.8/site-packages/airflow/example_dags/example_setup_teardown_taskflow.py
[2025-09-21T11:14:30.527+0000] {processor.py:840} INFO - DAG(s) 'example_setup_teardown_taskflow' retrieved from /home/airflow/.local/lib/python3.8/site-packages/airflow/example_dags/example_setup_teardown_taskflow.py
[2025-09-21T11:14:30.564+0000] {logging_mixin.py:188} INFO - [2025-09-21T11:14:30.563+0000] {dag.py:3036} INFO - Sync 1 DAGs
[2025-09-21T11:14:30.603+0000] {logging_mixin.py:188} INFO - [2025-09-21T11:14:30.602+0000] {dag.py:3823} INFO - Setting next_dagrun for example_setup_teardown_taskflow to 2025-09-20 00:00:00+00:00, run_after=2025-09-21 00:00:00+00:00
[2025-09-21T11:14:30.639+0000] {processor.py:183} INFO - Processing /home/airflow/.local/lib/python3.8/site-packages/airflow/example_dags/example_setup_teardown_taskflow.py took 0.140 seconds
[2025-09-21T11:15:01.857+0000] {processor.py:161} INFO - Started process (PID=333) to work on /home/airflow/.local/lib/python3.8/site-packages/airflow/example_dags/example_setup_teardown_taskflow.py
[2025-09-21T11:15:01.860+0000] {processor.py:830} INFO - Processing file /home/airflow/.local/lib/python3.8/site-packages/airflow/example_dags/example_setup_teardown_taskflow.py for tasks to queue
[2025-09-21T11:15:01.865+0000] {logging_mixin.py:188} INFO - [2025-09-21T11:15:01.865+0000] {dagbag.py:538} INFO - Filling up the DagBag from /home/airflow/.local/lib/python3.8/site-packages/airflow/example_dags/example_setup_teardown_taskflow.py
[2025-09-21T11:15:01.898+0000] {processor.py:840} INFO - DAG(s) 'example_setup_teardown_taskflow' retrieved from /home/airflow/.local/lib/python3.8/site-packages/airflow/example_dags/example_setup_teardown_taskflow.py
[2025-09-21T11:15:01.976+0000] {logging_mixin.py:188} INFO - [2025-09-21T11:15:01.976+0000] {dag.py:3036} INFO - Sync 1 DAGs
[2025-09-21T11:15:02.072+0000] {logging_mixin.py:188} INFO - [2025-09-21T11:15:02.072+0000] {dag.py:3823} INFO - Setting next_dagrun for example_setup_teardown_taskflow to 2025-09-20 00:00:00+00:00, run_after=2025-09-21 00:00:00+00:00
[2025-09-21T11:15:02.187+0000] {processor.py:183} INFO - Processing /home/airflow/.local/lib/python3.8/site-packages/airflow/example_dags/example_setup_teardown_taskflow.py took 0.340 seconds
[2025-09-21T11:15:32.348+0000] {processor.py:161} INFO - Started process (PID=392) to work on /home/airflow/.local/lib/python3.8/site-packages/airflow/example_dags/example_setup_teardown_taskflow.py
[2025-09-21T11:15:32.350+0000] {processor.py:830} INFO - Processing file /home/airflow/.local/lib/python3.8/site-packages/airflow/example_dags/example_setup_teardown_taskflow.py for tasks to queue
[2025-09-21T11:15:32.354+0000] {logging_mixin.py:188} INFO - [2025-09-21T11:15:32.354+0000] {dagbag.py:538} INFO - Filling up the DagBag from /home/airflow/.local/lib/python3.8/site-packages/airflow/example_dags/example_setup_teardown_taskflow.py
[2025-09-21T11:15:32.374+0000] {processor.py:840} INFO - DAG(s) 'example_setup_teardown_taskflow' retrieved from /home/airflow/.local/lib/python3.8/site-packages/airflow/example_dags/example_setup_teardown_taskflow.py
[2025-09-21T11:15:32.421+0000] {logging_mixin.py:188} INFO - [2025-09-21T11:15:32.421+0000] {dag.py:3036} INFO - Sync 1 DAGs
[2025-09-21T11:15:32.468+0000] {logging_mixin.py:188} INFO - [2025-09-21T11:15:32.468+0000] {dag.py:3823} INFO - Setting next_dagrun for example_setup_teardown_taskflow to 2025-09-20 00:00:00+00:00, run_after=2025-09-21 00:00:00+00:00
[2025-09-21T11:15:32.506+0000] {processor.py:183} INFO - Processing /home/airflow/.local/lib/python3.8/site-packages/airflow/example_dags/example_setup_teardown_taskflow.py took 0.164 seconds
[2025-09-21T11:16:02.701+0000] {processor.py:161} INFO - Started process (PID=451) to work on /home/airflow/.local/lib/python3.8/site-packages/airflow/example_dags/example_setup_teardown_taskflow.py
[2025-09-21T11:16:02.703+0000] {processor.py:830} INFO - Processing file /home/airflow/.local/lib/python3.8/site-packages/airflow/example_dags/example_setup_teardown_taskflow.py for tasks to queue
[2025-09-21T11:16:02.707+0000] {logging_mixin.py:188} INFO - [2025-09-21T11:16:02.707+0000] {dagbag.py:538} INFO - Filling up the DagBag from /home/airflow/.local/lib/python3.8/site-packages/airflow/example_dags/example_setup_teardown_taskflow.py
[2025-09-21T11:16:02.732+0000] {processor.py:840} INFO - DAG(s) 'example_setup_teardown_taskflow' retrieved from /home/airflow/.local/lib/python3.8/site-packages/airflow/example_dags/example_setup_teardown_taskflow.py
[2025-09-21T11:16:02.768+0000] {logging_mixin.py:188} INFO - [2025-09-21T11:16:02.768+0000] {dag.py:3036} INFO - Sync 1 DAGs
[2025-09-21T11:16:02.813+0000] {logging_mixin.py:188} INFO - [2025-09-21T11:16:02.813+0000] {dag.py:3823} INFO - Setting next_dagrun for example_setup_teardown_taskflow to 2025-09-20 00:00:00+00:00, run_after=2025-09-21 00:00:00+00:00
[2025-09-21T11:16:02.856+0000] {processor.py:183} INFO - Processing /home/airflow/.local/lib/python3.8/site-packages/airflow/example_dags/example_setup_teardown_taskflow.py took 0.161 seconds
[2025-09-21T11:16:33.209+0000] {processor.py:161} INFO - Started process (PID=510) to work on /home/airflow/.local/lib/python3.8/site-packages/airflow/example_dags/example_setup_teardown_taskflow.py
[2025-09-21T11:16:33.211+0000] {processor.py:830} INFO - Processing file /home/airflow/.local/lib/python3.8/site-packages/airflow/example_dags/example_setup_teardown_taskflow.py for tasks to queue
[2025-09-21T11:16:33.215+0000] {logging_mixin.py:188} INFO - [2025-09-21T11:16:33.214+0000] {dagbag.py:538} INFO - Filling up the DagBag from /home/airflow/.local/lib/python3.8/site-packages/airflow/example_dags/example_setup_teardown_taskflow.py
[2025-09-21T11:16:33.232+0000] {processor.py:840} INFO - DAG(s) 'example_setup_teardown_taskflow' retrieved from /home/airflow/.local/lib/python3.8/site-packages/airflow/example_dags/example_setup_teardown_taskflow.py
[2025-09-21T11:16:33.268+0000] {logging_mixin.py:188} INFO - [2025-09-21T11:16:33.268+0000] {dag.py:3036} INFO - Sync 1 DAGs
[2025-09-21T11:16:33.320+0000] {logging_mixin.py:188} INFO - [2025-09-21T11:16:33.320+0000] {dag.py:3823} INFO - Setting next_dagrun for example_setup_teardown_taskflow to 2025-09-20 00:00:00+00:00, run_after=2025-09-21 00:00:00+00:00
[2025-09-21T11:16:33.359+0000] {processor.py:183} INFO - Processing /home/airflow/.local/lib/python3.8/site-packages/airflow/example_dags/example_setup_teardown_taskflow.py took 0.154 seconds
[2025-09-21T11:17:03.939+0000] {processor.py:161} INFO - Started process (PID=567) to work on /home/airflow/.local/lib/python3.8/site-packages/airflow/example_dags/example_setup_teardown_taskflow.py
[2025-09-21T11:17:03.941+0000] {processor.py:830} INFO - Processing file /home/airflow/.local/lib/python3.8/site-packages/airflow/example_dags/example_setup_teardown_taskflow.py for tasks to queue
[2025-09-21T11:17:03.944+0000] {logging_mixin.py:188} INFO - [2025-09-21T11:17:03.943+0000] {dagbag.py:538} INFO - Filling up the DagBag from /home/airflow/.local/lib/python3.8/site-packages/airflow/example_dags/example_setup_teardown_taskflow.py
[2025-09-21T11:17:03.961+0000] {processor.py:840} INFO - DAG(s) 'example_setup_teardown_taskflow' retrieved from /home/airflow/.local/lib/python3.8/site-packages/airflow/example_dags/example_setup_teardown_taskflow.py
[2025-09-21T11:17:03.998+0000] {logging_mixin.py:188} INFO - [2025-09-21T11:17:03.998+0000] {dag.py:3036} INFO - Sync 1 DAGs
[2025-09-21T11:17:04.037+0000] {logging_mixin.py:188} INFO - [2025-09-21T11:17:04.037+0000] {dag.py:3823} INFO - Setting next_dagrun for example_setup_teardown_taskflow to 2025-09-20 00:00:00+00:00, run_after=2025-09-21 00:00:00+00:00
[2025-09-21T11:17:04.072+0000] {processor.py:183} INFO - Processing /home/airflow/.local/lib/python3.8/site-packages/airflow/example_dags/example_setup_teardown_taskflow.py took 0.139 seconds
[2025-09-21T11:17:34.895+0000] {processor.py:161} INFO - Started process (PID=625) to work on /home/airflow/.local/lib/python3.8/site-packages/airflow/example_dags/example_setup_teardown_taskflow.py
[2025-09-21T11:17:34.897+0000] {processor.py:830} INFO - Processing file /home/airflow/.local/lib/python3.8/site-packages/airflow/example_dags/example_setup_teardown_taskflow.py for tasks to queue
[2025-09-21T11:17:34.900+0000] {logging_mixin.py:188} INFO - [2025-09-21T11:17:34.900+0000] {dagbag.py:538} INFO - Filling up the DagBag from /home/airflow/.local/lib/python3.8/site-packages/airflow/example_dags/example_setup_teardown_taskflow.py
[2025-09-21T11:17:34.917+0000] {processor.py:840} INFO - DAG(s) 'example_setup_teardown_taskflow' retrieved from /home/airflow/.local/lib/python3.8/site-packages/airflow/example_dags/example_setup_teardown_taskflow.py
[2025-09-21T11:17:34.957+0000] {logging_mixin.py:188} INFO - [2025-09-21T11:17:34.956+0000] {dag.py:3036} INFO - Sync 1 DAGs
[2025-09-21T11:17:34.996+0000] {logging_mixin.py:188} INFO - [2025-09-21T11:17:34.996+0000] {dag.py:3823} INFO - Setting next_dagrun for example_setup_teardown_taskflow to 2025-09-20 00:00:00+00:00, run_after=2025-09-21 00:00:00+00:00
[2025-09-21T11:17:35.032+0000] {processor.py:183} INFO - Processing /home/airflow/.local/lib/python3.8/site-packages/airflow/example_dags/example_setup_teardown_taskflow.py took 0.143 seconds
[2025-09-21T11:18:05.773+0000] {processor.py:161} INFO - Started process (PID=683) to work on /home/airflow/.local/lib/python3.8/site-packages/airflow/example_dags/example_setup_teardown_taskflow.py
[2025-09-21T11:18:05.775+0000] {processor.py:830} INFO - Processing file /home/airflow/.local/lib/python3.8/site-packages/airflow/example_dags/example_setup_teardown_taskflow.py for tasks to queue
[2025-09-21T11:18:05.779+0000] {logging_mixin.py:188} INFO - [2025-09-21T11:18:05.778+0000] {dagbag.py:538} INFO - Filling up the DagBag from /home/airflow/.local/lib/python3.8/site-packages/airflow/example_dags/example_setup_teardown_taskflow.py
[2025-09-21T11:18:05.797+0000] {processor.py:840} INFO - DAG(s) 'example_setup_teardown_taskflow' retrieved from /home/airflow/.local/lib/python3.8/site-packages/airflow/example_dags/example_setup_teardown_taskflow.py
[2025-09-21T11:18:05.840+0000] {logging_mixin.py:188} INFO - [2025-09-21T11:18:05.840+0000] {dag.py:3036} INFO - Sync 1 DAGs
[2025-09-21T11:18:05.878+0000] {logging_mixin.py:188} INFO - [2025-09-21T11:18:05.878+0000] {dag.py:3823} INFO - Setting next_dagrun for example_setup_teardown_taskflow to 2025-09-20 00:00:00+00:00, run_after=2025-09-21 00:00:00+00:00
[2025-09-21T11:18:05.914+0000] {processor.py:183} INFO - Processing /home/airflow/.local/lib/python3.8/site-packages/airflow/example_dags/example_setup_teardown_taskflow.py took 0.146 seconds
[2025-09-21T11:18:36.433+0000] {processor.py:161} INFO - Started process (PID=747) to work on /home/airflow/.local/lib/python3.8/site-packages/airflow/example_dags/example_setup_teardown_taskflow.py
[2025-09-21T11:18:36.435+0000] {processor.py:830} INFO - Processing file /home/airflow/.local/lib/python3.8/site-packages/airflow/example_dags/example_setup_teardown_taskflow.py for tasks to queue
[2025-09-21T11:18:36.440+0000] {logging_mixin.py:188} INFO - [2025-09-21T11:18:36.439+0000] {dagbag.py:538} INFO - Filling up the DagBag from /home/airflow/.local/lib/python3.8/site-packages/airflow/example_dags/example_setup_teardown_taskflow.py
[2025-09-21T11:18:36.463+0000] {processor.py:840} INFO - DAG(s) 'example_setup_teardown_taskflow' retrieved from /home/airflow/.local/lib/python3.8/site-packages/airflow/example_dags/example_setup_teardown_taskflow.py
[2025-09-21T11:18:36.521+0000] {logging_mixin.py:188} INFO - [2025-09-21T11:18:36.520+0000] {dag.py:3036} INFO - Sync 1 DAGs
[2025-09-21T11:18:36.567+0000] {logging_mixin.py:188} INFO - [2025-09-21T11:18:36.566+0000] {dag.py:3823} INFO - Setting next_dagrun for example_setup_teardown_taskflow to 2025-09-20 00:00:00+00:00, run_after=2025-09-21 00:00:00+00:00
[2025-09-21T11:18:36.602+0000] {processor.py:183} INFO - Processing /home/airflow/.local/lib/python3.8/site-packages/airflow/example_dags/example_setup_teardown_taskflow.py took 0.180 seconds
[2025-09-21T11:19:07.408+0000] {processor.py:161} INFO - Started process (PID=805) to work on /home/airflow/.local/lib/python3.8/site-packages/airflow/example_dags/example_setup_teardown_taskflow.py
[2025-09-21T11:19:07.410+0000] {processor.py:830} INFO - Processing file /home/airflow/.local/lib/python3.8/site-packages/airflow/example_dags/example_setup_teardown_taskflow.py for tasks to queue
[2025-09-21T11:19:07.413+0000] {logging_mixin.py:188} INFO - [2025-09-21T11:19:07.413+0000] {dagbag.py:538} INFO - Filling up the DagBag from /home/airflow/.local/lib/python3.8/site-packages/airflow/example_dags/example_setup_teardown_taskflow.py
[2025-09-21T11:19:07.431+0000] {processor.py:840} INFO - DAG(s) 'example_setup_teardown_taskflow' retrieved from /home/airflow/.local/lib/python3.8/site-packages/airflow/example_dags/example_setup_teardown_taskflow.py
[2025-09-21T11:19:07.468+0000] {logging_mixin.py:188} INFO - [2025-09-21T11:19:07.468+0000] {dag.py:3036} INFO - Sync 1 DAGs
[2025-09-21T11:19:07.508+0000] {logging_mixin.py:188} INFO - [2025-09-21T11:19:07.507+0000] {dag.py:3823} INFO - Setting next_dagrun for example_setup_teardown_taskflow to 2025-09-20 00:00:00+00:00, run_after=2025-09-21 00:00:00+00:00
[2025-09-21T11:19:07.544+0000] {processor.py:183} INFO - Processing /home/airflow/.local/lib/python3.8/site-packages/airflow/example_dags/example_setup_teardown_taskflow.py took 0.142 seconds
[2025-09-21T11:19:38.098+0000] {processor.py:161} INFO - Started process (PID=863) to work on /home/airflow/.local/lib/python3.8/site-packages/airflow/example_dags/example_setup_teardown_taskflow.py
[2025-09-21T11:19:38.100+0000] {processor.py:830} INFO - Processing file /home/airflow/.local/lib/python3.8/site-packages/airflow/example_dags/example_setup_teardown_taskflow.py for tasks to queue
[2025-09-21T11:19:38.103+0000] {logging_mixin.py:188} INFO - [2025-09-21T11:19:38.103+0000] {dagbag.py:538} INFO - Filling up the DagBag from /home/airflow/.local/lib/python3.8/site-packages/airflow/example_dags/example_setup_teardown_taskflow.py
[2025-09-21T11:19:38.123+0000] {processor.py:840} INFO - DAG(s) 'example_setup_teardown_taskflow' retrieved from /home/airflow/.local/lib/python3.8/site-packages/airflow/example_dags/example_setup_teardown_taskflow.py
[2025-09-21T11:19:38.160+0000] {logging_mixin.py:188} INFO - [2025-09-21T11:19:38.159+0000] {dag.py:3036} INFO - Sync 1 DAGs
[2025-09-21T11:19:38.198+0000] {logging_mixin.py:188} INFO - [2025-09-21T11:19:38.198+0000] {dag.py:3823} INFO - Setting next_dagrun for example_setup_teardown_taskflow to 2025-09-20 00:00:00+00:00, run_after=2025-09-21 00:00:00+00:00
[2025-09-21T11:19:38.237+0000] {processor.py:183} INFO - Processing /home/airflow/.local/lib/python3.8/site-packages/airflow/example_dags/example_setup_teardown_taskflow.py took 0.145 seconds
[2025-09-21T11:20:08.892+0000] {processor.py:161} INFO - Started process (PID=921) to work on /home/airflow/.local/lib/python3.8/site-packages/airflow/example_dags/example_setup_teardown_taskflow.py
[2025-09-21T11:20:08.894+0000] {processor.py:830} INFO - Processing file /home/airflow/.local/lib/python3.8/site-packages/airflow/example_dags/example_setup_teardown_taskflow.py for tasks to queue
[2025-09-21T11:20:08.898+0000] {logging_mixin.py:188} INFO - [2025-09-21T11:20:08.897+0000] {dagbag.py:538} INFO - Filling up the DagBag from /home/airflow/.local/lib/python3.8/site-packages/airflow/example_dags/example_setup_teardown_taskflow.py
[2025-09-21T11:20:08.925+0000] {processor.py:840} INFO - DAG(s) 'example_setup_teardown_taskflow' retrieved from /home/airflow/.local/lib/python3.8/site-packages/airflow/example_dags/example_setup_teardown_taskflow.py
[2025-09-21T11:20:08.992+0000] {logging_mixin.py:188} INFO - [2025-09-21T11:20:08.992+0000] {dag.py:3036} INFO - Sync 1 DAGs
[2025-09-21T11:20:09.058+0000] {logging_mixin.py:188} INFO - [2025-09-21T11:20:09.058+0000] {dag.py:3823} INFO - Setting next_dagrun for example_setup_teardown_taskflow to 2025-09-20 00:00:00+00:00, run_after=2025-09-21 00:00:00+00:00
[2025-09-21T11:20:09.118+0000] {processor.py:183} INFO - Processing /home/airflow/.local/lib/python3.8/site-packages/airflow/example_dags/example_setup_teardown_taskflow.py took 0.233 seconds
[2025-09-21T11:20:39.674+0000] {processor.py:161} INFO - Started process (PID=979) to work on /home/airflow/.local/lib/python3.8/site-packages/airflow/example_dags/example_setup_teardown_taskflow.py
[2025-09-21T11:20:39.676+0000] {processor.py:830} INFO - Processing file /home/airflow/.local/lib/python3.8/site-packages/airflow/example_dags/example_setup_teardown_taskflow.py for tasks to queue
[2025-09-21T11:20:39.679+0000] {logging_mixin.py:188} INFO - [2025-09-21T11:20:39.679+0000] {dagbag.py:538} INFO - Filling up the DagBag from /home/airflow/.local/lib/python3.8/site-packages/airflow/example_dags/example_setup_teardown_taskflow.py
[2025-09-21T11:20:39.696+0000] {processor.py:840} INFO - DAG(s) 'example_setup_teardown_taskflow' retrieved from /home/airflow/.local/lib/python3.8/site-packages/airflow/example_dags/example_setup_teardown_taskflow.py
[2025-09-21T11:20:39.734+0000] {logging_mixin.py:188} INFO - [2025-09-21T11:20:39.734+0000] {dag.py:3036} INFO - Sync 1 DAGs
[2025-09-21T11:20:39.773+0000] {logging_mixin.py:188} INFO - [2025-09-21T11:20:39.772+0000] {dag.py:3823} INFO - Setting next_dagrun for example_setup_teardown_taskflow to 2025-09-20 00:00:00+00:00, run_after=2025-09-21 00:00:00+00:00
[2025-09-21T11:20:39.810+0000] {processor.py:183} INFO - Processing /home/airflow/.local/lib/python3.8/site-packages/airflow/example_dags/example_setup_teardown_taskflow.py took 0.141 seconds
[2025-09-21T11:21:09.975+0000] {processor.py:161} INFO - Started process (PID=1035) to work on /home/airflow/.local/lib/python3.8/site-packages/airflow/example_dags/example_setup_teardown_taskflow.py
[2025-09-21T11:21:09.977+0000] {processor.py:830} INFO - Processing file /home/airflow/.local/lib/python3.8/site-packages/airflow/example_dags/example_setup_teardown_taskflow.py for tasks to queue
[2025-09-21T11:21:09.981+0000] {logging_mixin.py:188} INFO - [2025-09-21T11:21:09.980+0000] {dagbag.py:538} INFO - Filling up the DagBag from /home/airflow/.local/lib/python3.8/site-packages/airflow/example_dags/example_setup_teardown_taskflow.py
[2025-09-21T11:21:09.997+0000] {processor.py:840} INFO - DAG(s) 'example_setup_teardown_taskflow' retrieved from /home/airflow/.local/lib/python3.8/site-packages/airflow/example_dags/example_setup_teardown_taskflow.py
[2025-09-21T11:21:10.032+0000] {logging_mixin.py:188} INFO - [2025-09-21T11:21:10.032+0000] {dag.py:3036} INFO - Sync 1 DAGs
[2025-09-21T11:21:10.069+0000] {logging_mixin.py:188} INFO - [2025-09-21T11:21:10.069+0000] {dag.py:3823} INFO - Setting next_dagrun for example_setup_teardown_taskflow to 2025-09-20 00:00:00+00:00, run_after=2025-09-21 00:00:00+00:00
[2025-09-21T11:21:10.106+0000] {processor.py:183} INFO - Processing /home/airflow/.local/lib/python3.8/site-packages/airflow/example_dags/example_setup_teardown_taskflow.py took 0.137 seconds
[2025-09-21T11:21:40.270+0000] {processor.py:161} INFO - Started process (PID=1093) to work on /home/airflow/.local/lib/python3.8/site-packages/airflow/example_dags/example_setup_teardown_taskflow.py
[2025-09-21T11:21:40.272+0000] {processor.py:830} INFO - Processing file /home/airflow/.local/lib/python3.8/site-packages/airflow/example_dags/example_setup_teardown_taskflow.py for tasks to queue
[2025-09-21T11:21:40.276+0000] {logging_mixin.py:188} INFO - [2025-09-21T11:21:40.275+0000] {dagbag.py:538} INFO - Filling up the DagBag from /home/airflow/.local/lib/python3.8/site-packages/airflow/example_dags/example_setup_teardown_taskflow.py
[2025-09-21T11:21:40.293+0000] {processor.py:840} INFO - DAG(s) 'example_setup_teardown_taskflow' retrieved from /home/airflow/.local/lib/python3.8/site-packages/airflow/example_dags/example_setup_teardown_taskflow.py
[2025-09-21T11:21:40.332+0000] {logging_mixin.py:188} INFO - [2025-09-21T11:21:40.332+0000] {dag.py:3036} INFO - Sync 1 DAGs
[2025-09-21T11:21:40.371+0000] {logging_mixin.py:188} INFO - [2025-09-21T11:21:40.370+0000] {dag.py:3823} INFO - Setting next_dagrun for example_setup_teardown_taskflow to 2025-09-20 00:00:00+00:00, run_after=2025-09-21 00:00:00+00:00
[2025-09-21T11:21:40.408+0000] {processor.py:183} INFO - Processing /home/airflow/.local/lib/python3.8/site-packages/airflow/example_dags/example_setup_teardown_taskflow.py took 0.145 seconds
[2025-09-21T11:22:10.615+0000] {processor.py:161} INFO - Started process (PID=1151) to work on /home/airflow/.local/lib/python3.8/site-packages/airflow/example_dags/example_setup_teardown_taskflow.py
[2025-09-21T11:22:10.617+0000] {processor.py:830} INFO - Processing file /home/airflow/.local/lib/python3.8/site-packages/airflow/example_dags/example_setup_teardown_taskflow.py for tasks to queue
[2025-09-21T11:22:10.621+0000] {logging_mixin.py:188} INFO - [2025-09-21T11:22:10.620+0000] {dagbag.py:538} INFO - Filling up the DagBag from /home/airflow/.local/lib/python3.8/site-packages/airflow/example_dags/example_setup_teardown_taskflow.py
[2025-09-21T11:22:10.638+0000] {processor.py:840} INFO - DAG(s) 'example_setup_teardown_taskflow' retrieved from /home/airflow/.local/lib/python3.8/site-packages/airflow/example_dags/example_setup_teardown_taskflow.py
[2025-09-21T11:22:10.678+0000] {logging_mixin.py:188} INFO - [2025-09-21T11:22:10.678+0000] {dag.py:3036} INFO - Sync 1 DAGs
[2025-09-21T11:22:10.717+0000] {logging_mixin.py:188} INFO - [2025-09-21T11:22:10.716+0000] {dag.py:3823} INFO - Setting next_dagrun for example_setup_teardown_taskflow to 2025-09-20 00:00:00+00:00, run_after=2025-09-21 00:00:00+00:00
[2025-09-21T11:22:10.749+0000] {processor.py:183} INFO - Processing /home/airflow/.local/lib/python3.8/site-packages/airflow/example_dags/example_setup_teardown_taskflow.py took 0.139 seconds
[2025-09-21T11:22:40.876+0000] {processor.py:161} INFO - Started process (PID=1209) to work on /home/airflow/.local/lib/python3.8/site-packages/airflow/example_dags/example_setup_teardown_taskflow.py
[2025-09-21T11:22:40.878+0000] {processor.py:830} INFO - Processing file /home/airflow/.local/lib/python3.8/site-packages/airflow/example_dags/example_setup_teardown_taskflow.py for tasks to queue
[2025-09-21T11:22:40.881+0000] {logging_mixin.py:188} INFO - [2025-09-21T11:22:40.881+0000] {dagbag.py:538} INFO - Filling up the DagBag from /home/airflow/.local/lib/python3.8/site-packages/airflow/example_dags/example_setup_teardown_taskflow.py
[2025-09-21T11:22:40.899+0000] {processor.py:840} INFO - DAG(s) 'example_setup_teardown_taskflow' retrieved from /home/airflow/.local/lib/python3.8/site-packages/airflow/example_dags/example_setup_teardown_taskflow.py
[2025-09-21T11:22:40.944+0000] {logging_mixin.py:188} INFO - [2025-09-21T11:22:40.944+0000] {dag.py:3036} INFO - Sync 1 DAGs
[2025-09-21T11:22:40.987+0000] {logging_mixin.py:188} INFO - [2025-09-21T11:22:40.986+0000] {dag.py:3823} INFO - Setting next_dagrun for example_setup_teardown_taskflow to 2025-09-20 00:00:00+00:00, run_after=2025-09-21 00:00:00+00:00
[2025-09-21T11:22:41.025+0000] {processor.py:183} INFO - Processing /home/airflow/.local/lib/python3.8/site-packages/airflow/example_dags/example_setup_teardown_taskflow.py took 0.155 seconds
[2025-09-21T11:23:11.787+0000] {processor.py:161} INFO - Started process (PID=1267) to work on /home/airflow/.local/lib/python3.8/site-packages/airflow/example_dags/example_setup_teardown_taskflow.py
[2025-09-21T11:23:11.789+0000] {processor.py:830} INFO - Processing file /home/airflow/.local/lib/python3.8/site-packages/airflow/example_dags/example_setup_teardown_taskflow.py for tasks to queue
[2025-09-21T11:23:11.792+0000] {logging_mixin.py:188} INFO - [2025-09-21T11:23:11.792+0000] {dagbag.py:538} INFO - Filling up the DagBag from /home/airflow/.local/lib/python3.8/site-packages/airflow/example_dags/example_setup_teardown_taskflow.py
[2025-09-21T11:23:11.811+0000] {processor.py:840} INFO - DAG(s) 'example_setup_teardown_taskflow' retrieved from /home/airflow/.local/lib/python3.8/site-packages/airflow/example_dags/example_setup_teardown_taskflow.py
[2025-09-21T11:23:11.847+0000] {logging_mixin.py:188} INFO - [2025-09-21T11:23:11.846+0000] {dag.py:3036} INFO - Sync 1 DAGs
[2025-09-21T11:23:11.894+0000] {logging_mixin.py:188} INFO - [2025-09-21T11:23:11.894+0000] {dag.py:3823} INFO - Setting next_dagrun for example_setup_teardown_taskflow to 2025-09-20 00:00:00+00:00, run_after=2025-09-21 00:00:00+00:00
[2025-09-21T11:23:11.937+0000] {processor.py:183} INFO - Processing /home/airflow/.local/lib/python3.8/site-packages/airflow/example_dags/example_setup_teardown_taskflow.py took 0.155 seconds
[2025-09-21T11:23:42.304+0000] {processor.py:161} INFO - Started process (PID=1325) to work on /home/airflow/.local/lib/python3.8/site-packages/airflow/example_dags/example_setup_teardown_taskflow.py
[2025-09-21T11:23:42.306+0000] {processor.py:830} INFO - Processing file /home/airflow/.local/lib/python3.8/site-packages/airflow/example_dags/example_setup_teardown_taskflow.py for tasks to queue
[2025-09-21T11:23:42.311+0000] {logging_mixin.py:188} INFO - [2025-09-21T11:23:42.310+0000] {dagbag.py:538} INFO - Filling up the DagBag from /home/airflow/.local/lib/python3.8/site-packages/airflow/example_dags/example_setup_teardown_taskflow.py
[2025-09-21T11:23:42.338+0000] {processor.py:840} INFO - DAG(s) 'example_setup_teardown_taskflow' retrieved from /home/airflow/.local/lib/python3.8/site-packages/airflow/example_dags/example_setup_teardown_taskflow.py
[2025-09-21T11:23:42.376+0000] {logging_mixin.py:188} INFO - [2025-09-21T11:23:42.376+0000] {dag.py:3036} INFO - Sync 1 DAGs
[2025-09-21T11:23:42.414+0000] {logging_mixin.py:188} INFO - [2025-09-21T11:23:42.413+0000] {dag.py:3823} INFO - Setting next_dagrun for example_setup_teardown_taskflow to 2025-09-20 00:00:00+00:00, run_after=2025-09-21 00:00:00+00:00
[2025-09-21T11:23:42.461+0000] {processor.py:183} INFO - Processing /home/airflow/.local/lib/python3.8/site-packages/airflow/example_dags/example_setup_teardown_taskflow.py took 0.163 seconds
[2025-09-21T11:24:13.412+0000] {processor.py:161} INFO - Started process (PID=1383) to work on /home/airflow/.local/lib/python3.8/site-packages/airflow/example_dags/example_setup_teardown_taskflow.py
[2025-09-21T11:24:13.414+0000] {processor.py:830} INFO - Processing file /home/airflow/.local/lib/python3.8/site-packages/airflow/example_dags/example_setup_teardown_taskflow.py for tasks to queue
[2025-09-21T11:24:13.417+0000] {logging_mixin.py:188} INFO - [2025-09-21T11:24:13.417+0000] {dagbag.py:538} INFO - Filling up the DagBag from /home/airflow/.local/lib/python3.8/site-packages/airflow/example_dags/example_setup_teardown_taskflow.py
[2025-09-21T11:24:13.440+0000] {processor.py:840} INFO - DAG(s) 'example_setup_teardown_taskflow' retrieved from /home/airflow/.local/lib/python3.8/site-packages/airflow/example_dags/example_setup_teardown_taskflow.py
[2025-09-21T11:24:13.487+0000] {logging_mixin.py:188} INFO - [2025-09-21T11:24:13.487+0000] {dag.py:3036} INFO - Sync 1 DAGs
[2025-09-21T11:24:13.534+0000] {logging_mixin.py:188} INFO - [2025-09-21T11:24:13.534+0000] {dag.py:3823} INFO - Setting next_dagrun for example_setup_teardown_taskflow to 2025-09-20 00:00:00+00:00, run_after=2025-09-21 00:00:00+00:00
[2025-09-21T11:24:13.573+0000] {processor.py:183} INFO - Processing /home/airflow/.local/lib/python3.8/site-packages/airflow/example_dags/example_setup_teardown_taskflow.py took 0.167 seconds
[2025-09-21T11:24:44.136+0000] {processor.py:161} INFO - Started process (PID=1441) to work on /home/airflow/.local/lib/python3.8/site-packages/airflow/example_dags/example_setup_teardown_taskflow.py
[2025-09-21T11:24:44.138+0000] {processor.py:830} INFO - Processing file /home/airflow/.local/lib/python3.8/site-packages/airflow/example_dags/example_setup_teardown_taskflow.py for tasks to queue
[2025-09-21T11:24:44.143+0000] {logging_mixin.py:188} INFO - [2025-09-21T11:24:44.142+0000] {dagbag.py:538} INFO - Filling up the DagBag from /home/airflow/.local/lib/python3.8/site-packages/airflow/example_dags/example_setup_teardown_taskflow.py
[2025-09-21T11:24:44.166+0000] {processor.py:840} INFO - DAG(s) 'example_setup_teardown_taskflow' retrieved from /home/airflow/.local/lib/python3.8/site-packages/airflow/example_dags/example_setup_teardown_taskflow.py
[2025-09-21T11:24:44.206+0000] {logging_mixin.py:188} INFO - [2025-09-21T11:24:44.205+0000] {dag.py:3036} INFO - Sync 1 DAGs
[2025-09-21T11:24:44.255+0000] {logging_mixin.py:188} INFO - [2025-09-21T11:24:44.254+0000] {dag.py:3823} INFO - Setting next_dagrun for example_setup_teardown_taskflow to 2025-09-20 00:00:00+00:00, run_after=2025-09-21 00:00:00+00:00
[2025-09-21T11:24:44.297+0000] {processor.py:183} INFO - Processing /home/airflow/.local/lib/python3.8/site-packages/airflow/example_dags/example_setup_teardown_taskflow.py took 0.169 seconds
[2025-09-21T11:25:14.969+0000] {processor.py:161} INFO - Started process (PID=1499) to work on /home/airflow/.local/lib/python3.8/site-packages/airflow/example_dags/example_setup_teardown_taskflow.py
[2025-09-21T11:25:14.970+0000] {processor.py:830} INFO - Processing file /home/airflow/.local/lib/python3.8/site-packages/airflow/example_dags/example_setup_teardown_taskflow.py for tasks to queue
[2025-09-21T11:25:14.975+0000] {logging_mixin.py:188} INFO - [2025-09-21T11:25:14.974+0000] {dagbag.py:538} INFO - Filling up the DagBag from /home/airflow/.local/lib/python3.8/site-packages/airflow/example_dags/example_setup_teardown_taskflow.py
[2025-09-21T11:25:15.001+0000] {processor.py:840} INFO - DAG(s) 'example_setup_teardown_taskflow' retrieved from /home/airflow/.local/lib/python3.8/site-packages/airflow/example_dags/example_setup_teardown_taskflow.py
[2025-09-21T11:25:15.041+0000] {logging_mixin.py:188} INFO - [2025-09-21T11:25:15.041+0000] {dag.py:3036} INFO - Sync 1 DAGs
[2025-09-21T11:25:15.082+0000] {logging_mixin.py:188} INFO - [2025-09-21T11:25:15.081+0000] {dag.py:3823} INFO - Setting next_dagrun for example_setup_teardown_taskflow to 2025-09-20 00:00:00+00:00, run_after=2025-09-21 00:00:00+00:00
[2025-09-21T11:25:15.119+0000] {processor.py:183} INFO - Processing /home/airflow/.local/lib/python3.8/site-packages/airflow/example_dags/example_setup_teardown_taskflow.py took 0.156 seconds
[2025-09-21T11:25:45.635+0000] {processor.py:161} INFO - Started process (PID=1557) to work on /home/airflow/.local/lib/python3.8/site-packages/airflow/example_dags/example_setup_teardown_taskflow.py
[2025-09-21T11:25:45.637+0000] {processor.py:830} INFO - Processing file /home/airflow/.local/lib/python3.8/site-packages/airflow/example_dags/example_setup_teardown_taskflow.py for tasks to queue
[2025-09-21T11:25:45.640+0000] {logging_mixin.py:188} INFO - [2025-09-21T11:25:45.640+0000] {dagbag.py:538} INFO - Filling up the DagBag from /home/airflow/.local/lib/python3.8/site-packages/airflow/example_dags/example_setup_teardown_taskflow.py
[2025-09-21T11:25:45.657+0000] {processor.py:840} INFO - DAG(s) 'example_setup_teardown_taskflow' retrieved from /home/airflow/.local/lib/python3.8/site-packages/airflow/example_dags/example_setup_teardown_taskflow.py
[2025-09-21T11:25:45.700+0000] {logging_mixin.py:188} INFO - [2025-09-21T11:25:45.699+0000] {dag.py:3036} INFO - Sync 1 DAGs
[2025-09-21T11:25:45.742+0000] {logging_mixin.py:188} INFO - [2025-09-21T11:25:45.741+0000] {dag.py:3823} INFO - Setting next_dagrun for example_setup_teardown_taskflow to 2025-09-20 00:00:00+00:00, run_after=2025-09-21 00:00:00+00:00
[2025-09-21T11:25:45.779+0000] {processor.py:183} INFO - Processing /home/airflow/.local/lib/python3.8/site-packages/airflow/example_dags/example_setup_teardown_taskflow.py took 0.150 seconds
[2025-09-21T11:26:16.243+0000] {processor.py:161} INFO - Started process (PID=1615) to work on /home/airflow/.local/lib/python3.8/site-packages/airflow/example_dags/example_setup_teardown_taskflow.py
[2025-09-21T11:26:16.245+0000] {processor.py:830} INFO - Processing file /home/airflow/.local/lib/python3.8/site-packages/airflow/example_dags/example_setup_teardown_taskflow.py for tasks to queue
[2025-09-21T11:26:16.250+0000] {logging_mixin.py:188} INFO - [2025-09-21T11:26:16.249+0000] {dagbag.py:538} INFO - Filling up the DagBag from /home/airflow/.local/lib/python3.8/site-packages/airflow/example_dags/example_setup_teardown_taskflow.py
[2025-09-21T11:26:16.269+0000] {processor.py:840} INFO - DAG(s) 'example_setup_teardown_taskflow' retrieved from /home/airflow/.local/lib/python3.8/site-packages/airflow/example_dags/example_setup_teardown_taskflow.py
[2025-09-21T11:26:16.307+0000] {logging_mixin.py:188} INFO - [2025-09-21T11:26:16.306+0000] {dag.py:3036} INFO - Sync 1 DAGs
[2025-09-21T11:26:16.350+0000] {logging_mixin.py:188} INFO - [2025-09-21T11:26:16.350+0000] {dag.py:3823} INFO - Setting next_dagrun for example_setup_teardown_taskflow to 2025-09-20 00:00:00+00:00, run_after=2025-09-21 00:00:00+00:00
[2025-09-21T11:26:16.561+0000] {processor.py:183} INFO - Processing /home/airflow/.local/lib/python3.8/site-packages/airflow/example_dags/example_setup_teardown_taskflow.py took 0.326 seconds
[2025-09-21T11:26:47.701+0000] {processor.py:161} INFO - Started process (PID=1674) to work on /home/airflow/.local/lib/python3.8/site-packages/airflow/example_dags/example_setup_teardown_taskflow.py
[2025-09-21T11:26:47.703+0000] {processor.py:830} INFO - Processing file /home/airflow/.local/lib/python3.8/site-packages/airflow/example_dags/example_setup_teardown_taskflow.py for tasks to queue
[2025-09-21T11:26:47.709+0000] {logging_mixin.py:188} INFO - [2025-09-21T11:26:47.708+0000] {dagbag.py:538} INFO - Filling up the DagBag from /home/airflow/.local/lib/python3.8/site-packages/airflow/example_dags/example_setup_teardown_taskflow.py
[2025-09-21T11:26:47.734+0000] {processor.py:840} INFO - DAG(s) 'example_setup_teardown_taskflow' retrieved from /home/airflow/.local/lib/python3.8/site-packages/airflow/example_dags/example_setup_teardown_taskflow.py
[2025-09-21T11:26:47.805+0000] {logging_mixin.py:188} INFO - [2025-09-21T11:26:47.804+0000] {dag.py:3036} INFO - Sync 1 DAGs
[2025-09-21T11:26:47.883+0000] {logging_mixin.py:188} INFO - [2025-09-21T11:26:47.882+0000] {dag.py:3823} INFO - Setting next_dagrun for example_setup_teardown_taskflow to 2025-09-20 00:00:00+00:00, run_after=2025-09-21 00:00:00+00:00
[2025-09-21T11:26:48.152+0000] {processor.py:183} INFO - Processing /home/airflow/.local/lib/python3.8/site-packages/airflow/example_dags/example_setup_teardown_taskflow.py took 0.460 seconds
[2025-09-21T11:27:18.263+0000] {processor.py:161} INFO - Started process (PID=1732) to work on /home/airflow/.local/lib/python3.8/site-packages/airflow/example_dags/example_setup_teardown_taskflow.py
[2025-09-21T11:27:18.265+0000] {processor.py:830} INFO - Processing file /home/airflow/.local/lib/python3.8/site-packages/airflow/example_dags/example_setup_teardown_taskflow.py for tasks to queue
[2025-09-21T11:27:18.268+0000] {logging_mixin.py:188} INFO - [2025-09-21T11:27:18.267+0000] {dagbag.py:538} INFO - Filling up the DagBag from /home/airflow/.local/lib/python3.8/site-packages/airflow/example_dags/example_setup_teardown_taskflow.py
[2025-09-21T11:27:18.290+0000] {processor.py:840} INFO - DAG(s) 'example_setup_teardown_taskflow' retrieved from /home/airflow/.local/lib/python3.8/site-packages/airflow/example_dags/example_setup_teardown_taskflow.py
[2025-09-21T11:27:18.328+0000] {logging_mixin.py:188} INFO - [2025-09-21T11:27:18.328+0000] {dag.py:3036} INFO - Sync 1 DAGs
[2025-09-21T11:27:18.535+0000] {logging_mixin.py:188} INFO - [2025-09-21T11:27:18.535+0000] {dag.py:3823} INFO - Setting next_dagrun for example_setup_teardown_taskflow to 2025-09-20 00:00:00+00:00, run_after=2025-09-21 00:00:00+00:00
[2025-09-21T11:27:18.573+0000] {processor.py:183} INFO - Processing /home/airflow/.local/lib/python3.8/site-packages/airflow/example_dags/example_setup_teardown_taskflow.py took 0.316 seconds
[2025-09-21T11:27:48.698+0000] {processor.py:161} INFO - Started process (PID=1789) to work on /home/airflow/.local/lib/python3.8/site-packages/airflow/example_dags/example_setup_teardown_taskflow.py
[2025-09-21T11:27:48.700+0000] {processor.py:830} INFO - Processing file /home/airflow/.local/lib/python3.8/site-packages/airflow/example_dags/example_setup_teardown_taskflow.py for tasks to queue
[2025-09-21T11:27:48.703+0000] {logging_mixin.py:188} INFO - [2025-09-21T11:27:48.703+0000] {dagbag.py:538} INFO - Filling up the DagBag from /home/airflow/.local/lib/python3.8/site-packages/airflow/example_dags/example_setup_teardown_taskflow.py
[2025-09-21T11:27:48.720+0000] {processor.py:840} INFO - DAG(s) 'example_setup_teardown_taskflow' retrieved from /home/airflow/.local/lib/python3.8/site-packages/airflow/example_dags/example_setup_teardown_taskflow.py
[2025-09-21T11:27:48.763+0000] {logging_mixin.py:188} INFO - [2025-09-21T11:27:48.762+0000] {dag.py:3036} INFO - Sync 1 DAGs
[2025-09-21T11:27:48.805+0000] {logging_mixin.py:188} INFO - [2025-09-21T11:27:48.804+0000] {dag.py:3823} INFO - Setting next_dagrun for example_setup_teardown_taskflow to 2025-09-20 00:00:00+00:00, run_after=2025-09-21 00:00:00+00:00
[2025-09-21T11:27:48.848+0000] {processor.py:183} INFO - Processing /home/airflow/.local/lib/python3.8/site-packages/airflow/example_dags/example_setup_teardown_taskflow.py took 0.155 seconds
[2025-09-21T11:28:19.660+0000] {processor.py:161} INFO - Started process (PID=1847) to work on /home/airflow/.local/lib/python3.8/site-packages/airflow/example_dags/example_setup_teardown_taskflow.py
[2025-09-21T11:28:19.662+0000] {processor.py:830} INFO - Processing file /home/airflow/.local/lib/python3.8/site-packages/airflow/example_dags/example_setup_teardown_taskflow.py for tasks to queue
[2025-09-21T11:28:19.666+0000] {logging_mixin.py:188} INFO - [2025-09-21T11:28:19.665+0000] {dagbag.py:538} INFO - Filling up the DagBag from /home/airflow/.local/lib/python3.8/site-packages/airflow/example_dags/example_setup_teardown_taskflow.py
[2025-09-21T11:28:19.686+0000] {processor.py:840} INFO - DAG(s) 'example_setup_teardown_taskflow' retrieved from /home/airflow/.local/lib/python3.8/site-packages/airflow/example_dags/example_setup_teardown_taskflow.py
[2025-09-21T11:28:19.731+0000] {logging_mixin.py:188} INFO - [2025-09-21T11:28:19.730+0000] {dag.py:3036} INFO - Sync 1 DAGs
[2025-09-21T11:28:19.783+0000] {logging_mixin.py:188} INFO - [2025-09-21T11:28:19.782+0000] {dag.py:3823} INFO - Setting next_dagrun for example_setup_teardown_taskflow to 2025-09-20 00:00:00+00:00, run_after=2025-09-21 00:00:00+00:00
[2025-09-21T11:28:19.823+0000] {processor.py:183} INFO - Processing /home/airflow/.local/lib/python3.8/site-packages/airflow/example_dags/example_setup_teardown_taskflow.py took 0.173 seconds
[2025-09-21T11:28:50.179+0000] {processor.py:161} INFO - Started process (PID=1905) to work on /home/airflow/.local/lib/python3.8/site-packages/airflow/example_dags/example_setup_teardown_taskflow.py
[2025-09-21T11:28:50.181+0000] {processor.py:830} INFO - Processing file /home/airflow/.local/lib/python3.8/site-packages/airflow/example_dags/example_setup_teardown_taskflow.py for tasks to queue
[2025-09-21T11:28:50.184+0000] {logging_mixin.py:188} INFO - [2025-09-21T11:28:50.184+0000] {dagbag.py:538} INFO - Filling up the DagBag from /home/airflow/.local/lib/python3.8/site-packages/airflow/example_dags/example_setup_teardown_taskflow.py
[2025-09-21T11:28:50.203+0000] {processor.py:840} INFO - DAG(s) 'example_setup_teardown_taskflow' retrieved from /home/airflow/.local/lib/python3.8/site-packages/airflow/example_dags/example_setup_teardown_taskflow.py
[2025-09-21T11:28:50.249+0000] {logging_mixin.py:188} INFO - [2025-09-21T11:28:50.248+0000] {dag.py:3036} INFO - Sync 1 DAGs
[2025-09-21T11:28:50.289+0000] {logging_mixin.py:188} INFO - [2025-09-21T11:28:50.288+0000] {dag.py:3823} INFO - Setting next_dagrun for example_setup_teardown_taskflow to 2025-09-20 00:00:00+00:00, run_after=2025-09-21 00:00:00+00:00
[2025-09-21T11:28:50.325+0000] {processor.py:183} INFO - Processing /home/airflow/.local/lib/python3.8/site-packages/airflow/example_dags/example_setup_teardown_taskflow.py took 0.153 seconds
[2025-09-21T11:29:20.720+0000] {processor.py:161} INFO - Started process (PID=1964) to work on /home/airflow/.local/lib/python3.8/site-packages/airflow/example_dags/example_setup_teardown_taskflow.py
[2025-09-21T11:29:20.722+0000] {processor.py:830} INFO - Processing file /home/airflow/.local/lib/python3.8/site-packages/airflow/example_dags/example_setup_teardown_taskflow.py for tasks to queue
[2025-09-21T11:29:20.726+0000] {logging_mixin.py:188} INFO - [2025-09-21T11:29:20.725+0000] {dagbag.py:538} INFO - Filling up the DagBag from /home/airflow/.local/lib/python3.8/site-packages/airflow/example_dags/example_setup_teardown_taskflow.py
[2025-09-21T11:29:20.750+0000] {processor.py:840} INFO - DAG(s) 'example_setup_teardown_taskflow' retrieved from /home/airflow/.local/lib/python3.8/site-packages/airflow/example_dags/example_setup_teardown_taskflow.py
[2025-09-21T11:29:20.790+0000] {logging_mixin.py:188} INFO - [2025-09-21T11:29:20.789+0000] {dag.py:3036} INFO - Sync 1 DAGs
[2025-09-21T11:29:20.829+0000] {logging_mixin.py:188} INFO - [2025-09-21T11:29:20.829+0000] {dag.py:3823} INFO - Setting next_dagrun for example_setup_teardown_taskflow to 2025-09-20 00:00:00+00:00, run_after=2025-09-21 00:00:00+00:00
[2025-09-21T11:29:20.866+0000] {processor.py:183} INFO - Processing /home/airflow/.local/lib/python3.8/site-packages/airflow/example_dags/example_setup_teardown_taskflow.py took 0.152 seconds
[2025-09-21T11:29:51.320+0000] {processor.py:161} INFO - Started process (PID=2022) to work on /home/airflow/.local/lib/python3.8/site-packages/airflow/example_dags/example_setup_teardown_taskflow.py
[2025-09-21T11:29:51.322+0000] {processor.py:830} INFO - Processing file /home/airflow/.local/lib/python3.8/site-packages/airflow/example_dags/example_setup_teardown_taskflow.py for tasks to queue
[2025-09-21T11:29:51.325+0000] {logging_mixin.py:188} INFO - [2025-09-21T11:29:51.324+0000] {dagbag.py:538} INFO - Filling up the DagBag from /home/airflow/.local/lib/python3.8/site-packages/airflow/example_dags/example_setup_teardown_taskflow.py
[2025-09-21T11:29:51.343+0000] {processor.py:840} INFO - DAG(s) 'example_setup_teardown_taskflow' retrieved from /home/airflow/.local/lib/python3.8/site-packages/airflow/example_dags/example_setup_teardown_taskflow.py
[2025-09-21T11:29:51.382+0000] {logging_mixin.py:188} INFO - [2025-09-21T11:29:51.381+0000] {dag.py:3036} INFO - Sync 1 DAGs
[2025-09-21T11:29:51.422+0000] {logging_mixin.py:188} INFO - [2025-09-21T11:29:51.421+0000] {dag.py:3823} INFO - Setting next_dagrun for example_setup_teardown_taskflow to 2025-09-20 00:00:00+00:00, run_after=2025-09-21 00:00:00+00:00
[2025-09-21T11:29:51.456+0000] {processor.py:183} INFO - Processing /home/airflow/.local/lib/python3.8/site-packages/airflow/example_dags/example_setup_teardown_taskflow.py took 0.143 seconds
[2025-09-21T11:30:22.157+0000] {processor.py:161} INFO - Started process (PID=2080) to work on /home/airflow/.local/lib/python3.8/site-packages/airflow/example_dags/example_setup_teardown_taskflow.py
[2025-09-21T11:30:22.159+0000] {processor.py:830} INFO - Processing file /home/airflow/.local/lib/python3.8/site-packages/airflow/example_dags/example_setup_teardown_taskflow.py for tasks to queue
[2025-09-21T11:30:22.162+0000] {logging_mixin.py:188} INFO - [2025-09-21T11:30:22.162+0000] {dagbag.py:538} INFO - Filling up the DagBag from /home/airflow/.local/lib/python3.8/site-packages/airflow/example_dags/example_setup_teardown_taskflow.py
[2025-09-21T11:30:22.184+0000] {processor.py:840} INFO - DAG(s) 'example_setup_teardown_taskflow' retrieved from /home/airflow/.local/lib/python3.8/site-packages/airflow/example_dags/example_setup_teardown_taskflow.py
[2025-09-21T11:30:22.237+0000] {logging_mixin.py:188} INFO - [2025-09-21T11:30:22.236+0000] {dag.py:3036} INFO - Sync 1 DAGs
[2025-09-21T11:30:22.281+0000] {logging_mixin.py:188} INFO - [2025-09-21T11:30:22.280+0000] {dag.py:3823} INFO - Setting next_dagrun for example_setup_teardown_taskflow to 2025-09-20 00:00:00+00:00, run_after=2025-09-21 00:00:00+00:00
[2025-09-21T11:30:22.319+0000] {processor.py:183} INFO - Processing /home/airflow/.local/lib/python3.8/site-packages/airflow/example_dags/example_setup_teardown_taskflow.py took 0.170 seconds
[2025-09-21T11:30:53.082+0000] {processor.py:161} INFO - Started process (PID=2138) to work on /home/airflow/.local/lib/python3.8/site-packages/airflow/example_dags/example_setup_teardown_taskflow.py
[2025-09-21T11:30:53.084+0000] {processor.py:830} INFO - Processing file /home/airflow/.local/lib/python3.8/site-packages/airflow/example_dags/example_setup_teardown_taskflow.py for tasks to queue
[2025-09-21T11:30:53.087+0000] {logging_mixin.py:188} INFO - [2025-09-21T11:30:53.087+0000] {dagbag.py:538} INFO - Filling up the DagBag from /home/airflow/.local/lib/python3.8/site-packages/airflow/example_dags/example_setup_teardown_taskflow.py
[2025-09-21T11:30:53.104+0000] {processor.py:840} INFO - DAG(s) 'example_setup_teardown_taskflow' retrieved from /home/airflow/.local/lib/python3.8/site-packages/airflow/example_dags/example_setup_teardown_taskflow.py
[2025-09-21T11:30:53.143+0000] {logging_mixin.py:188} INFO - [2025-09-21T11:30:53.143+0000] {dag.py:3036} INFO - Sync 1 DAGs
[2025-09-21T11:30:53.183+0000] {logging_mixin.py:188} INFO - [2025-09-21T11:30:53.182+0000] {dag.py:3823} INFO - Setting next_dagrun for example_setup_teardown_taskflow to 2025-09-20 00:00:00+00:00, run_after=2025-09-21 00:00:00+00:00
[2025-09-21T11:30:53.221+0000] {processor.py:183} INFO - Processing /home/airflow/.local/lib/python3.8/site-packages/airflow/example_dags/example_setup_teardown_taskflow.py took 0.145 seconds
[2025-09-21T11:31:23.408+0000] {processor.py:161} INFO - Started process (PID=2195) to work on /home/airflow/.local/lib/python3.8/site-packages/airflow/example_dags/example_setup_teardown_taskflow.py
[2025-09-21T11:31:23.409+0000] {processor.py:830} INFO - Processing file /home/airflow/.local/lib/python3.8/site-packages/airflow/example_dags/example_setup_teardown_taskflow.py for tasks to queue
[2025-09-21T11:31:23.413+0000] {logging_mixin.py:188} INFO - [2025-09-21T11:31:23.412+0000] {dagbag.py:538} INFO - Filling up the DagBag from /home/airflow/.local/lib/python3.8/site-packages/airflow/example_dags/example_setup_teardown_taskflow.py
[2025-09-21T11:31:23.430+0000] {processor.py:840} INFO - DAG(s) 'example_setup_teardown_taskflow' retrieved from /home/airflow/.local/lib/python3.8/site-packages/airflow/example_dags/example_setup_teardown_taskflow.py
[2025-09-21T11:31:23.467+0000] {logging_mixin.py:188} INFO - [2025-09-21T11:31:23.466+0000] {dag.py:3036} INFO - Sync 1 DAGs
[2025-09-21T11:31:23.506+0000] {logging_mixin.py:188} INFO - [2025-09-21T11:31:23.505+0000] {dag.py:3823} INFO - Setting next_dagrun for example_setup_teardown_taskflow to 2025-09-20 00:00:00+00:00, run_after=2025-09-21 00:00:00+00:00
[2025-09-21T11:31:23.543+0000] {processor.py:183} INFO - Processing /home/airflow/.local/lib/python3.8/site-packages/airflow/example_dags/example_setup_teardown_taskflow.py took 0.141 seconds
[2025-09-21T11:31:54.040+0000] {processor.py:161} INFO - Started process (PID=2253) to work on /home/airflow/.local/lib/python3.8/site-packages/airflow/example_dags/example_setup_teardown_taskflow.py
[2025-09-21T11:31:54.042+0000] {processor.py:830} INFO - Processing file /home/airflow/.local/lib/python3.8/site-packages/airflow/example_dags/example_setup_teardown_taskflow.py for tasks to queue
[2025-09-21T11:31:54.045+0000] {logging_mixin.py:188} INFO - [2025-09-21T11:31:54.044+0000] {dagbag.py:538} INFO - Filling up the DagBag from /home/airflow/.local/lib/python3.8/site-packages/airflow/example_dags/example_setup_teardown_taskflow.py
[2025-09-21T11:31:54.062+0000] {processor.py:840} INFO - DAG(s) 'example_setup_teardown_taskflow' retrieved from /home/airflow/.local/lib/python3.8/site-packages/airflow/example_dags/example_setup_teardown_taskflow.py
[2025-09-21T11:31:54.099+0000] {logging_mixin.py:188} INFO - [2025-09-21T11:31:54.098+0000] {dag.py:3036} INFO - Sync 1 DAGs
[2025-09-21T11:31:54.138+0000] {logging_mixin.py:188} INFO - [2025-09-21T11:31:54.138+0000] {dag.py:3823} INFO - Setting next_dagrun for example_setup_teardown_taskflow to 2025-09-20 00:00:00+00:00, run_after=2025-09-21 00:00:00+00:00
[2025-09-21T11:31:54.173+0000] {processor.py:183} INFO - Processing /home/airflow/.local/lib/python3.8/site-packages/airflow/example_dags/example_setup_teardown_taskflow.py took 0.139 seconds
[2025-09-21T11:32:24.365+0000] {processor.py:161} INFO - Started process (PID=2311) to work on /home/airflow/.local/lib/python3.8/site-packages/airflow/example_dags/example_setup_teardown_taskflow.py
[2025-09-21T11:32:24.367+0000] {processor.py:830} INFO - Processing file /home/airflow/.local/lib/python3.8/site-packages/airflow/example_dags/example_setup_teardown_taskflow.py for tasks to queue
[2025-09-21T11:32:24.371+0000] {logging_mixin.py:188} INFO - [2025-09-21T11:32:24.370+0000] {dagbag.py:538} INFO - Filling up the DagBag from /home/airflow/.local/lib/python3.8/site-packages/airflow/example_dags/example_setup_teardown_taskflow.py
[2025-09-21T11:32:24.391+0000] {processor.py:840} INFO - DAG(s) 'example_setup_teardown_taskflow' retrieved from /home/airflow/.local/lib/python3.8/site-packages/airflow/example_dags/example_setup_teardown_taskflow.py
[2025-09-21T11:32:24.428+0000] {logging_mixin.py:188} INFO - [2025-09-21T11:32:24.428+0000] {dag.py:3036} INFO - Sync 1 DAGs
[2025-09-21T11:32:24.467+0000] {logging_mixin.py:188} INFO - [2025-09-21T11:32:24.466+0000] {dag.py:3823} INFO - Setting next_dagrun for example_setup_teardown_taskflow to 2025-09-20 00:00:00+00:00, run_after=2025-09-21 00:00:00+00:00
[2025-09-21T11:32:24.502+0000] {processor.py:183} INFO - Processing /home/airflow/.local/lib/python3.8/site-packages/airflow/example_dags/example_setup_teardown_taskflow.py took 0.145 seconds
[2025-09-21T11:32:54.645+0000] {processor.py:161} INFO - Started process (PID=2369) to work on /home/airflow/.local/lib/python3.8/site-packages/airflow/example_dags/example_setup_teardown_taskflow.py
[2025-09-21T11:32:54.647+0000] {processor.py:830} INFO - Processing file /home/airflow/.local/lib/python3.8/site-packages/airflow/example_dags/example_setup_teardown_taskflow.py for tasks to queue
[2025-09-21T11:32:54.651+0000] {logging_mixin.py:188} INFO - [2025-09-21T11:32:54.650+0000] {dagbag.py:538} INFO - Filling up the DagBag from /home/airflow/.local/lib/python3.8/site-packages/airflow/example_dags/example_setup_teardown_taskflow.py
[2025-09-21T11:32:54.669+0000] {processor.py:840} INFO - DAG(s) 'example_setup_teardown_taskflow' retrieved from /home/airflow/.local/lib/python3.8/site-packages/airflow/example_dags/example_setup_teardown_taskflow.py
[2025-09-21T11:32:54.706+0000] {logging_mixin.py:188} INFO - [2025-09-21T11:32:54.705+0000] {dag.py:3036} INFO - Sync 1 DAGs
[2025-09-21T11:32:54.744+0000] {logging_mixin.py:188} INFO - [2025-09-21T11:32:54.744+0000] {dag.py:3823} INFO - Setting next_dagrun for example_setup_teardown_taskflow to 2025-09-20 00:00:00+00:00, run_after=2025-09-21 00:00:00+00:00
[2025-09-21T11:32:54.779+0000] {processor.py:183} INFO - Processing /home/airflow/.local/lib/python3.8/site-packages/airflow/example_dags/example_setup_teardown_taskflow.py took 0.139 seconds
[2025-09-21T11:33:25.379+0000] {processor.py:161} INFO - Started process (PID=2427) to work on /home/airflow/.local/lib/python3.8/site-packages/airflow/example_dags/example_setup_teardown_taskflow.py
[2025-09-21T11:33:25.381+0000] {processor.py:830} INFO - Processing file /home/airflow/.local/lib/python3.8/site-packages/airflow/example_dags/example_setup_teardown_taskflow.py for tasks to queue
[2025-09-21T11:33:25.384+0000] {logging_mixin.py:188} INFO - [2025-09-21T11:33:25.384+0000] {dagbag.py:538} INFO - Filling up the DagBag from /home/airflow/.local/lib/python3.8/site-packages/airflow/example_dags/example_setup_teardown_taskflow.py
[2025-09-21T11:33:25.403+0000] {processor.py:840} INFO - DAG(s) 'example_setup_teardown_taskflow' retrieved from /home/airflow/.local/lib/python3.8/site-packages/airflow/example_dags/example_setup_teardown_taskflow.py
[2025-09-21T11:33:25.442+0000] {logging_mixin.py:188} INFO - [2025-09-21T11:33:25.442+0000] {dag.py:3036} INFO - Sync 1 DAGs
[2025-09-21T11:33:25.482+0000] {logging_mixin.py:188} INFO - [2025-09-21T11:33:25.482+0000] {dag.py:3823} INFO - Setting next_dagrun for example_setup_teardown_taskflow to 2025-09-20 00:00:00+00:00, run_after=2025-09-21 00:00:00+00:00
[2025-09-21T11:33:25.520+0000] {processor.py:183} INFO - Processing /home/airflow/.local/lib/python3.8/site-packages/airflow/example_dags/example_setup_teardown_taskflow.py took 0.147 seconds
[2025-09-21T11:33:56.437+0000] {processor.py:161} INFO - Started process (PID=2486) to work on /home/airflow/.local/lib/python3.8/site-packages/airflow/example_dags/example_setup_teardown_taskflow.py
[2025-09-21T11:33:56.439+0000] {processor.py:830} INFO - Processing file /home/airflow/.local/lib/python3.8/site-packages/airflow/example_dags/example_setup_teardown_taskflow.py for tasks to queue
[2025-09-21T11:33:56.442+0000] {logging_mixin.py:188} INFO - [2025-09-21T11:33:56.442+0000] {dagbag.py:538} INFO - Filling up the DagBag from /home/airflow/.local/lib/python3.8/site-packages/airflow/example_dags/example_setup_teardown_taskflow.py
[2025-09-21T11:33:56.461+0000] {processor.py:840} INFO - DAG(s) 'example_setup_teardown_taskflow' retrieved from /home/airflow/.local/lib/python3.8/site-packages/airflow/example_dags/example_setup_teardown_taskflow.py
[2025-09-21T11:33:56.499+0000] {logging_mixin.py:188} INFO - [2025-09-21T11:33:56.498+0000] {dag.py:3036} INFO - Sync 1 DAGs
[2025-09-21T11:33:56.537+0000] {logging_mixin.py:188} INFO - [2025-09-21T11:33:56.537+0000] {dag.py:3823} INFO - Setting next_dagrun for example_setup_teardown_taskflow to 2025-09-20 00:00:00+00:00, run_after=2025-09-21 00:00:00+00:00
[2025-09-21T11:33:56.571+0000] {processor.py:183} INFO - Processing /home/airflow/.local/lib/python3.8/site-packages/airflow/example_dags/example_setup_teardown_taskflow.py took 0.142 seconds
[2025-09-21T11:34:26.813+0000] {processor.py:161} INFO - Started process (PID=2543) to work on /home/airflow/.local/lib/python3.8/site-packages/airflow/example_dags/example_setup_teardown_taskflow.py
[2025-09-21T11:34:26.814+0000] {processor.py:830} INFO - Processing file /home/airflow/.local/lib/python3.8/site-packages/airflow/example_dags/example_setup_teardown_taskflow.py for tasks to queue
[2025-09-21T11:34:26.818+0000] {logging_mixin.py:188} INFO - [2025-09-21T11:34:26.817+0000] {dagbag.py:538} INFO - Filling up the DagBag from /home/airflow/.local/lib/python3.8/site-packages/airflow/example_dags/example_setup_teardown_taskflow.py
[2025-09-21T11:34:26.835+0000] {processor.py:840} INFO - DAG(s) 'example_setup_teardown_taskflow' retrieved from /home/airflow/.local/lib/python3.8/site-packages/airflow/example_dags/example_setup_teardown_taskflow.py
[2025-09-21T11:34:26.873+0000] {logging_mixin.py:188} INFO - [2025-09-21T11:34:26.873+0000] {dag.py:3036} INFO - Sync 1 DAGs
[2025-09-21T11:34:26.915+0000] {logging_mixin.py:188} INFO - [2025-09-21T11:34:26.914+0000] {dag.py:3823} INFO - Setting next_dagrun for example_setup_teardown_taskflow to 2025-09-20 00:00:00+00:00, run_after=2025-09-21 00:00:00+00:00
[2025-09-21T11:34:26.951+0000] {processor.py:183} INFO - Processing /home/airflow/.local/lib/python3.8/site-packages/airflow/example_dags/example_setup_teardown_taskflow.py took 0.145 seconds
[2025-09-21T11:34:57.388+0000] {processor.py:161} INFO - Started process (PID=2601) to work on /home/airflow/.local/lib/python3.8/site-packages/airflow/example_dags/example_setup_teardown_taskflow.py
[2025-09-21T11:34:57.390+0000] {processor.py:830} INFO - Processing file /home/airflow/.local/lib/python3.8/site-packages/airflow/example_dags/example_setup_teardown_taskflow.py for tasks to queue
[2025-09-21T11:34:57.394+0000] {logging_mixin.py:188} INFO - [2025-09-21T11:34:57.393+0000] {dagbag.py:538} INFO - Filling up the DagBag from /home/airflow/.local/lib/python3.8/site-packages/airflow/example_dags/example_setup_teardown_taskflow.py
[2025-09-21T11:34:57.412+0000] {processor.py:840} INFO - DAG(s) 'example_setup_teardown_taskflow' retrieved from /home/airflow/.local/lib/python3.8/site-packages/airflow/example_dags/example_setup_teardown_taskflow.py
[2025-09-21T11:34:57.449+0000] {logging_mixin.py:188} INFO - [2025-09-21T11:34:57.449+0000] {dag.py:3036} INFO - Sync 1 DAGs
[2025-09-21T11:34:57.489+0000] {logging_mixin.py:188} INFO - [2025-09-21T11:34:57.489+0000] {dag.py:3823} INFO - Setting next_dagrun for example_setup_teardown_taskflow to 2025-09-20 00:00:00+00:00, run_after=2025-09-21 00:00:00+00:00
[2025-09-21T11:34:57.527+0000] {processor.py:183} INFO - Processing /home/airflow/.local/lib/python3.8/site-packages/airflow/example_dags/example_setup_teardown_taskflow.py took 0.144 seconds
[2025-09-21T11:35:28.094+0000] {processor.py:161} INFO - Started process (PID=2659) to work on /home/airflow/.local/lib/python3.8/site-packages/airflow/example_dags/example_setup_teardown_taskflow.py
[2025-09-21T11:35:28.096+0000] {processor.py:830} INFO - Processing file /home/airflow/.local/lib/python3.8/site-packages/airflow/example_dags/example_setup_teardown_taskflow.py for tasks to queue
[2025-09-21T11:35:28.100+0000] {logging_mixin.py:188} INFO - [2025-09-21T11:35:28.099+0000] {dagbag.py:538} INFO - Filling up the DagBag from /home/airflow/.local/lib/python3.8/site-packages/airflow/example_dags/example_setup_teardown_taskflow.py
[2025-09-21T11:35:28.120+0000] {processor.py:840} INFO - DAG(s) 'example_setup_teardown_taskflow' retrieved from /home/airflow/.local/lib/python3.8/site-packages/airflow/example_dags/example_setup_teardown_taskflow.py
[2025-09-21T11:35:28.157+0000] {logging_mixin.py:188} INFO - [2025-09-21T11:35:28.157+0000] {dag.py:3036} INFO - Sync 1 DAGs
[2025-09-21T11:35:28.197+0000] {logging_mixin.py:188} INFO - [2025-09-21T11:35:28.197+0000] {dag.py:3823} INFO - Setting next_dagrun for example_setup_teardown_taskflow to 2025-09-20 00:00:00+00:00, run_after=2025-09-21 00:00:00+00:00
[2025-09-21T11:35:28.232+0000] {processor.py:183} INFO - Processing /home/airflow/.local/lib/python3.8/site-packages/airflow/example_dags/example_setup_teardown_taskflow.py took 0.146 seconds
[2025-09-21T11:35:58.535+0000] {processor.py:161} INFO - Started process (PID=2717) to work on /home/airflow/.local/lib/python3.8/site-packages/airflow/example_dags/example_setup_teardown_taskflow.py
[2025-09-21T11:35:58.537+0000] {processor.py:830} INFO - Processing file /home/airflow/.local/lib/python3.8/site-packages/airflow/example_dags/example_setup_teardown_taskflow.py for tasks to queue
[2025-09-21T11:35:58.540+0000] {logging_mixin.py:188} INFO - [2025-09-21T11:35:58.540+0000] {dagbag.py:538} INFO - Filling up the DagBag from /home/airflow/.local/lib/python3.8/site-packages/airflow/example_dags/example_setup_teardown_taskflow.py
[2025-09-21T11:35:58.557+0000] {processor.py:840} INFO - DAG(s) 'example_setup_teardown_taskflow' retrieved from /home/airflow/.local/lib/python3.8/site-packages/airflow/example_dags/example_setup_teardown_taskflow.py
[2025-09-21T11:35:58.594+0000] {logging_mixin.py:188} INFO - [2025-09-21T11:35:58.594+0000] {dag.py:3036} INFO - Sync 1 DAGs
[2025-09-21T11:35:58.632+0000] {logging_mixin.py:188} INFO - [2025-09-21T11:35:58.632+0000] {dag.py:3823} INFO - Setting next_dagrun for example_setup_teardown_taskflow to 2025-09-20 00:00:00+00:00, run_after=2025-09-21 00:00:00+00:00
[2025-09-21T11:35:58.667+0000] {processor.py:183} INFO - Processing /home/airflow/.local/lib/python3.8/site-packages/airflow/example_dags/example_setup_teardown_taskflow.py took 0.140 seconds
[2025-09-21T11:36:28.978+0000] {processor.py:161} INFO - Started process (PID=2775) to work on /home/airflow/.local/lib/python3.8/site-packages/airflow/example_dags/example_setup_teardown_taskflow.py
[2025-09-21T11:36:28.979+0000] {processor.py:830} INFO - Processing file /home/airflow/.local/lib/python3.8/site-packages/airflow/example_dags/example_setup_teardown_taskflow.py for tasks to queue
[2025-09-21T11:36:28.983+0000] {logging_mixin.py:188} INFO - [2025-09-21T11:36:28.983+0000] {dagbag.py:538} INFO - Filling up the DagBag from /home/airflow/.local/lib/python3.8/site-packages/airflow/example_dags/example_setup_teardown_taskflow.py
[2025-09-21T11:36:29.004+0000] {processor.py:840} INFO - DAG(s) 'example_setup_teardown_taskflow' retrieved from /home/airflow/.local/lib/python3.8/site-packages/airflow/example_dags/example_setup_teardown_taskflow.py
[2025-09-21T11:36:29.043+0000] {logging_mixin.py:188} INFO - [2025-09-21T11:36:29.043+0000] {dag.py:3036} INFO - Sync 1 DAGs
[2025-09-21T11:36:29.083+0000] {logging_mixin.py:188} INFO - [2025-09-21T11:36:29.082+0000] {dag.py:3823} INFO - Setting next_dagrun for example_setup_teardown_taskflow to 2025-09-20 00:00:00+00:00, run_after=2025-09-21 00:00:00+00:00
[2025-09-21T11:36:29.117+0000] {processor.py:183} INFO - Processing /home/airflow/.local/lib/python3.8/site-packages/airflow/example_dags/example_setup_teardown_taskflow.py took 0.148 seconds
[2025-09-21T11:36:59.611+0000] {processor.py:161} INFO - Started process (PID=2833) to work on /home/airflow/.local/lib/python3.8/site-packages/airflow/example_dags/example_setup_teardown_taskflow.py
[2025-09-21T11:36:59.613+0000] {processor.py:830} INFO - Processing file /home/airflow/.local/lib/python3.8/site-packages/airflow/example_dags/example_setup_teardown_taskflow.py for tasks to queue
[2025-09-21T11:36:59.616+0000] {logging_mixin.py:188} INFO - [2025-09-21T11:36:59.616+0000] {dagbag.py:538} INFO - Filling up the DagBag from /home/airflow/.local/lib/python3.8/site-packages/airflow/example_dags/example_setup_teardown_taskflow.py
[2025-09-21T11:36:59.637+0000] {processor.py:840} INFO - DAG(s) 'example_setup_teardown_taskflow' retrieved from /home/airflow/.local/lib/python3.8/site-packages/airflow/example_dags/example_setup_teardown_taskflow.py
[2025-09-21T11:36:59.675+0000] {logging_mixin.py:188} INFO - [2025-09-21T11:36:59.675+0000] {dag.py:3036} INFO - Sync 1 DAGs
[2025-09-21T11:36:59.728+0000] {logging_mixin.py:188} INFO - [2025-09-21T11:36:59.727+0000] {dag.py:3823} INFO - Setting next_dagrun for example_setup_teardown_taskflow to 2025-09-20 00:00:00+00:00, run_after=2025-09-21 00:00:00+00:00
[2025-09-21T11:36:59.774+0000] {processor.py:183} INFO - Processing /home/airflow/.local/lib/python3.8/site-packages/airflow/example_dags/example_setup_teardown_taskflow.py took 0.169 seconds
[2025-09-21T11:37:30.080+0000] {processor.py:161} INFO - Started process (PID=2891) to work on /home/airflow/.local/lib/python3.8/site-packages/airflow/example_dags/example_setup_teardown_taskflow.py
[2025-09-21T11:37:30.082+0000] {processor.py:830} INFO - Processing file /home/airflow/.local/lib/python3.8/site-packages/airflow/example_dags/example_setup_teardown_taskflow.py for tasks to queue
[2025-09-21T11:37:30.087+0000] {logging_mixin.py:188} INFO - [2025-09-21T11:37:30.087+0000] {dagbag.py:538} INFO - Filling up the DagBag from /home/airflow/.local/lib/python3.8/site-packages/airflow/example_dags/example_setup_teardown_taskflow.py
[2025-09-21T11:37:30.109+0000] {processor.py:840} INFO - DAG(s) 'example_setup_teardown_taskflow' retrieved from /home/airflow/.local/lib/python3.8/site-packages/airflow/example_dags/example_setup_teardown_taskflow.py
[2025-09-21T11:37:30.149+0000] {logging_mixin.py:188} INFO - [2025-09-21T11:37:30.149+0000] {dag.py:3036} INFO - Sync 1 DAGs
[2025-09-21T11:37:30.192+0000] {logging_mixin.py:188} INFO - [2025-09-21T11:37:30.191+0000] {dag.py:3823} INFO - Setting next_dagrun for example_setup_teardown_taskflow to 2025-09-20 00:00:00+00:00, run_after=2025-09-21 00:00:00+00:00
[2025-09-21T11:37:30.230+0000] {processor.py:183} INFO - Processing /home/airflow/.local/lib/python3.8/site-packages/airflow/example_dags/example_setup_teardown_taskflow.py took 0.160 seconds
[2025-09-21T11:38:00.419+0000] {processor.py:161} INFO - Started process (PID=2949) to work on /home/airflow/.local/lib/python3.8/site-packages/airflow/example_dags/example_setup_teardown_taskflow.py
[2025-09-21T11:38:00.421+0000] {processor.py:830} INFO - Processing file /home/airflow/.local/lib/python3.8/site-packages/airflow/example_dags/example_setup_teardown_taskflow.py for tasks to queue
[2025-09-21T11:38:00.426+0000] {logging_mixin.py:188} INFO - [2025-09-21T11:38:00.425+0000] {dagbag.py:538} INFO - Filling up the DagBag from /home/airflow/.local/lib/python3.8/site-packages/airflow/example_dags/example_setup_teardown_taskflow.py
[2025-09-21T11:38:00.443+0000] {processor.py:840} INFO - DAG(s) 'example_setup_teardown_taskflow' retrieved from /home/airflow/.local/lib/python3.8/site-packages/airflow/example_dags/example_setup_teardown_taskflow.py
[2025-09-21T11:38:00.479+0000] {logging_mixin.py:188} INFO - [2025-09-21T11:38:00.479+0000] {dag.py:3036} INFO - Sync 1 DAGs
[2025-09-21T11:38:00.520+0000] {logging_mixin.py:188} INFO - [2025-09-21T11:38:00.519+0000] {dag.py:3823} INFO - Setting next_dagrun for example_setup_teardown_taskflow to 2025-09-20 00:00:00+00:00, run_after=2025-09-21 00:00:00+00:00
[2025-09-21T11:38:00.555+0000] {processor.py:183} INFO - Processing /home/airflow/.local/lib/python3.8/site-packages/airflow/example_dags/example_setup_teardown_taskflow.py took 0.142 seconds
[2025-09-21T11:38:31.334+0000] {processor.py:161} INFO - Started process (PID=3007) to work on /home/airflow/.local/lib/python3.8/site-packages/airflow/example_dags/example_setup_teardown_taskflow.py
[2025-09-21T11:38:31.337+0000] {processor.py:830} INFO - Processing file /home/airflow/.local/lib/python3.8/site-packages/airflow/example_dags/example_setup_teardown_taskflow.py for tasks to queue
[2025-09-21T11:38:31.343+0000] {logging_mixin.py:188} INFO - [2025-09-21T11:38:31.341+0000] {dagbag.py:538} INFO - Filling up the DagBag from /home/airflow/.local/lib/python3.8/site-packages/airflow/example_dags/example_setup_teardown_taskflow.py
[2025-09-21T11:38:31.375+0000] {processor.py:840} INFO - DAG(s) 'example_setup_teardown_taskflow' retrieved from /home/airflow/.local/lib/python3.8/site-packages/airflow/example_dags/example_setup_teardown_taskflow.py
[2025-09-21T11:38:31.437+0000] {logging_mixin.py:188} INFO - [2025-09-21T11:38:31.436+0000] {dag.py:3036} INFO - Sync 1 DAGs
[2025-09-21T11:38:31.489+0000] {logging_mixin.py:188} INFO - [2025-09-21T11:38:31.488+0000] {dag.py:3823} INFO - Setting next_dagrun for example_setup_teardown_taskflow to 2025-09-20 00:00:00+00:00, run_after=2025-09-21 00:00:00+00:00
[2025-09-21T11:38:31.538+0000] {processor.py:183} INFO - Processing /home/airflow/.local/lib/python3.8/site-packages/airflow/example_dags/example_setup_teardown_taskflow.py took 0.222 seconds
[2025-09-21T11:39:01.692+0000] {processor.py:161} INFO - Started process (PID=3065) to work on /home/airflow/.local/lib/python3.8/site-packages/airflow/example_dags/example_setup_teardown_taskflow.py
[2025-09-21T11:39:01.694+0000] {processor.py:830} INFO - Processing file /home/airflow/.local/lib/python3.8/site-packages/airflow/example_dags/example_setup_teardown_taskflow.py for tasks to queue
[2025-09-21T11:39:01.698+0000] {logging_mixin.py:188} INFO - [2025-09-21T11:39:01.697+0000] {dagbag.py:538} INFO - Filling up the DagBag from /home/airflow/.local/lib/python3.8/site-packages/airflow/example_dags/example_setup_teardown_taskflow.py
[2025-09-21T11:39:01.716+0000] {processor.py:840} INFO - DAG(s) 'example_setup_teardown_taskflow' retrieved from /home/airflow/.local/lib/python3.8/site-packages/airflow/example_dags/example_setup_teardown_taskflow.py
[2025-09-21T11:39:01.760+0000] {logging_mixin.py:188} INFO - [2025-09-21T11:39:01.759+0000] {dag.py:3036} INFO - Sync 1 DAGs
[2025-09-21T11:39:01.799+0000] {logging_mixin.py:188} INFO - [2025-09-21T11:39:01.798+0000] {dag.py:3823} INFO - Setting next_dagrun for example_setup_teardown_taskflow to 2025-09-20 00:00:00+00:00, run_after=2025-09-21 00:00:00+00:00
[2025-09-21T11:39:01.833+0000] {processor.py:183} INFO - Processing /home/airflow/.local/lib/python3.8/site-packages/airflow/example_dags/example_setup_teardown_taskflow.py took 0.148 seconds
[2025-09-21T11:39:32.290+0000] {processor.py:161} INFO - Started process (PID=3123) to work on /home/airflow/.local/lib/python3.8/site-packages/airflow/example_dags/example_setup_teardown_taskflow.py
[2025-09-21T11:39:32.292+0000] {processor.py:830} INFO - Processing file /home/airflow/.local/lib/python3.8/site-packages/airflow/example_dags/example_setup_teardown_taskflow.py for tasks to queue
[2025-09-21T11:39:32.297+0000] {logging_mixin.py:188} INFO - [2025-09-21T11:39:32.296+0000] {dagbag.py:538} INFO - Filling up the DagBag from /home/airflow/.local/lib/python3.8/site-packages/airflow/example_dags/example_setup_teardown_taskflow.py
[2025-09-21T11:39:32.316+0000] {processor.py:840} INFO - DAG(s) 'example_setup_teardown_taskflow' retrieved from /home/airflow/.local/lib/python3.8/site-packages/airflow/example_dags/example_setup_teardown_taskflow.py
[2025-09-21T11:39:32.354+0000] {logging_mixin.py:188} INFO - [2025-09-21T11:39:32.354+0000] {dag.py:3036} INFO - Sync 1 DAGs
[2025-09-21T11:39:32.395+0000] {logging_mixin.py:188} INFO - [2025-09-21T11:39:32.394+0000] {dag.py:3823} INFO - Setting next_dagrun for example_setup_teardown_taskflow to 2025-09-20 00:00:00+00:00, run_after=2025-09-21 00:00:00+00:00
[2025-09-21T11:39:32.430+0000] {processor.py:183} INFO - Processing /home/airflow/.local/lib/python3.8/site-packages/airflow/example_dags/example_setup_teardown_taskflow.py took 0.149 seconds
[2025-09-21T11:40:02.891+0000] {processor.py:161} INFO - Started process (PID=3181) to work on /home/airflow/.local/lib/python3.8/site-packages/airflow/example_dags/example_setup_teardown_taskflow.py
[2025-09-21T11:40:02.893+0000] {processor.py:830} INFO - Processing file /home/airflow/.local/lib/python3.8/site-packages/airflow/example_dags/example_setup_teardown_taskflow.py for tasks to queue
[2025-09-21T11:40:02.896+0000] {logging_mixin.py:188} INFO - [2025-09-21T11:40:02.896+0000] {dagbag.py:538} INFO - Filling up the DagBag from /home/airflow/.local/lib/python3.8/site-packages/airflow/example_dags/example_setup_teardown_taskflow.py
[2025-09-21T11:40:02.926+0000] {processor.py:840} INFO - DAG(s) 'example_setup_teardown_taskflow' retrieved from /home/airflow/.local/lib/python3.8/site-packages/airflow/example_dags/example_setup_teardown_taskflow.py
[2025-09-21T11:40:02.989+0000] {logging_mixin.py:188} INFO - [2025-09-21T11:40:02.988+0000] {dag.py:3036} INFO - Sync 1 DAGs
[2025-09-21T11:40:03.050+0000] {logging_mixin.py:188} INFO - [2025-09-21T11:40:03.050+0000] {dag.py:3823} INFO - Setting next_dagrun for example_setup_teardown_taskflow to 2025-09-20 00:00:00+00:00, run_after=2025-09-21 00:00:00+00:00
[2025-09-21T11:40:03.105+0000] {processor.py:183} INFO - Processing /home/airflow/.local/lib/python3.8/site-packages/airflow/example_dags/example_setup_teardown_taskflow.py took 0.220 seconds
[2025-09-21T11:40:33.305+0000] {processor.py:161} INFO - Started process (PID=3240) to work on /home/airflow/.local/lib/python3.8/site-packages/airflow/example_dags/example_setup_teardown_taskflow.py
[2025-09-21T11:40:33.307+0000] {processor.py:830} INFO - Processing file /home/airflow/.local/lib/python3.8/site-packages/airflow/example_dags/example_setup_teardown_taskflow.py for tasks to queue
[2025-09-21T11:40:33.310+0000] {logging_mixin.py:188} INFO - [2025-09-21T11:40:33.310+0000] {dagbag.py:538} INFO - Filling up the DagBag from /home/airflow/.local/lib/python3.8/site-packages/airflow/example_dags/example_setup_teardown_taskflow.py
[2025-09-21T11:40:33.328+0000] {processor.py:840} INFO - DAG(s) 'example_setup_teardown_taskflow' retrieved from /home/airflow/.local/lib/python3.8/site-packages/airflow/example_dags/example_setup_teardown_taskflow.py
[2025-09-21T11:40:33.371+0000] {logging_mixin.py:188} INFO - [2025-09-21T11:40:33.370+0000] {dag.py:3036} INFO - Sync 1 DAGs
[2025-09-21T11:40:33.419+0000] {logging_mixin.py:188} INFO - [2025-09-21T11:40:33.418+0000] {dag.py:3823} INFO - Setting next_dagrun for example_setup_teardown_taskflow to 2025-09-20 00:00:00+00:00, run_after=2025-09-21 00:00:00+00:00
[2025-09-21T11:40:33.458+0000] {processor.py:183} INFO - Processing /home/airflow/.local/lib/python3.8/site-packages/airflow/example_dags/example_setup_teardown_taskflow.py took 0.159 seconds
[2025-09-21T11:41:03.821+0000] {processor.py:161} INFO - Started process (PID=3298) to work on /home/airflow/.local/lib/python3.8/site-packages/airflow/example_dags/example_setup_teardown_taskflow.py
[2025-09-21T11:41:03.823+0000] {processor.py:830} INFO - Processing file /home/airflow/.local/lib/python3.8/site-packages/airflow/example_dags/example_setup_teardown_taskflow.py for tasks to queue
[2025-09-21T11:41:03.827+0000] {logging_mixin.py:188} INFO - [2025-09-21T11:41:03.826+0000] {dagbag.py:538} INFO - Filling up the DagBag from /home/airflow/.local/lib/python3.8/site-packages/airflow/example_dags/example_setup_teardown_taskflow.py
[2025-09-21T11:41:03.845+0000] {processor.py:840} INFO - DAG(s) 'example_setup_teardown_taskflow' retrieved from /home/airflow/.local/lib/python3.8/site-packages/airflow/example_dags/example_setup_teardown_taskflow.py
[2025-09-21T11:41:03.886+0000] {logging_mixin.py:188} INFO - [2025-09-21T11:41:03.886+0000] {dag.py:3036} INFO - Sync 1 DAGs
[2025-09-21T11:41:03.927+0000] {logging_mixin.py:188} INFO - [2025-09-21T11:41:03.927+0000] {dag.py:3823} INFO - Setting next_dagrun for example_setup_teardown_taskflow to 2025-09-20 00:00:00+00:00, run_after=2025-09-21 00:00:00+00:00
[2025-09-21T11:41:03.963+0000] {processor.py:183} INFO - Processing /home/airflow/.local/lib/python3.8/site-packages/airflow/example_dags/example_setup_teardown_taskflow.py took 0.148 seconds
[2025-09-21T11:41:34.514+0000] {processor.py:161} INFO - Started process (PID=3356) to work on /home/airflow/.local/lib/python3.8/site-packages/airflow/example_dags/example_setup_teardown_taskflow.py
[2025-09-21T11:41:34.516+0000] {processor.py:830} INFO - Processing file /home/airflow/.local/lib/python3.8/site-packages/airflow/example_dags/example_setup_teardown_taskflow.py for tasks to queue
[2025-09-21T11:41:34.519+0000] {logging_mixin.py:188} INFO - [2025-09-21T11:41:34.519+0000] {dagbag.py:538} INFO - Filling up the DagBag from /home/airflow/.local/lib/python3.8/site-packages/airflow/example_dags/example_setup_teardown_taskflow.py
[2025-09-21T11:41:34.537+0000] {processor.py:840} INFO - DAG(s) 'example_setup_teardown_taskflow' retrieved from /home/airflow/.local/lib/python3.8/site-packages/airflow/example_dags/example_setup_teardown_taskflow.py
[2025-09-21T11:41:34.578+0000] {logging_mixin.py:188} INFO - [2025-09-21T11:41:34.578+0000] {dag.py:3036} INFO - Sync 1 DAGs
[2025-09-21T11:41:34.617+0000] {logging_mixin.py:188} INFO - [2025-09-21T11:41:34.617+0000] {dag.py:3823} INFO - Setting next_dagrun for example_setup_teardown_taskflow to 2025-09-20 00:00:00+00:00, run_after=2025-09-21 00:00:00+00:00
[2025-09-21T11:41:34.650+0000] {processor.py:183} INFO - Processing /home/airflow/.local/lib/python3.8/site-packages/airflow/example_dags/example_setup_teardown_taskflow.py took 0.142 seconds
[2025-09-21T11:42:05.390+0000] {processor.py:161} INFO - Started process (PID=3414) to work on /home/airflow/.local/lib/python3.8/site-packages/airflow/example_dags/example_setup_teardown_taskflow.py
[2025-09-21T11:42:05.392+0000] {processor.py:830} INFO - Processing file /home/airflow/.local/lib/python3.8/site-packages/airflow/example_dags/example_setup_teardown_taskflow.py for tasks to queue
[2025-09-21T11:42:05.395+0000] {logging_mixin.py:188} INFO - [2025-09-21T11:42:05.395+0000] {dagbag.py:538} INFO - Filling up the DagBag from /home/airflow/.local/lib/python3.8/site-packages/airflow/example_dags/example_setup_teardown_taskflow.py
[2025-09-21T11:42:05.414+0000] {processor.py:840} INFO - DAG(s) 'example_setup_teardown_taskflow' retrieved from /home/airflow/.local/lib/python3.8/site-packages/airflow/example_dags/example_setup_teardown_taskflow.py
[2025-09-21T11:42:05.454+0000] {logging_mixin.py:188} INFO - [2025-09-21T11:42:05.453+0000] {dag.py:3036} INFO - Sync 1 DAGs
[2025-09-21T11:42:05.497+0000] {logging_mixin.py:188} INFO - [2025-09-21T11:42:05.496+0000] {dag.py:3823} INFO - Setting next_dagrun for example_setup_teardown_taskflow to 2025-09-20 00:00:00+00:00, run_after=2025-09-21 00:00:00+00:00
[2025-09-21T11:42:05.533+0000] {processor.py:183} INFO - Processing /home/airflow/.local/lib/python3.8/site-packages/airflow/example_dags/example_setup_teardown_taskflow.py took 0.149 seconds
[2025-09-21T11:42:35.702+0000] {processor.py:161} INFO - Started process (PID=3472) to work on /home/airflow/.local/lib/python3.8/site-packages/airflow/example_dags/example_setup_teardown_taskflow.py
[2025-09-21T11:42:35.704+0000] {processor.py:830} INFO - Processing file /home/airflow/.local/lib/python3.8/site-packages/airflow/example_dags/example_setup_teardown_taskflow.py for tasks to queue
[2025-09-21T11:42:35.707+0000] {logging_mixin.py:188} INFO - [2025-09-21T11:42:35.706+0000] {dagbag.py:538} INFO - Filling up the DagBag from /home/airflow/.local/lib/python3.8/site-packages/airflow/example_dags/example_setup_teardown_taskflow.py
[2025-09-21T11:42:35.725+0000] {processor.py:840} INFO - DAG(s) 'example_setup_teardown_taskflow' retrieved from /home/airflow/.local/lib/python3.8/site-packages/airflow/example_dags/example_setup_teardown_taskflow.py
[2025-09-21T11:42:35.764+0000] {logging_mixin.py:188} INFO - [2025-09-21T11:42:35.764+0000] {dag.py:3036} INFO - Sync 1 DAGs
[2025-09-21T11:42:35.807+0000] {logging_mixin.py:188} INFO - [2025-09-21T11:42:35.806+0000] {dag.py:3823} INFO - Setting next_dagrun for example_setup_teardown_taskflow to 2025-09-20 00:00:00+00:00, run_after=2025-09-21 00:00:00+00:00
[2025-09-21T11:42:35.844+0000] {processor.py:183} INFO - Processing /home/airflow/.local/lib/python3.8/site-packages/airflow/example_dags/example_setup_teardown_taskflow.py took 0.148 seconds
[2025-09-21T11:43:06.599+0000] {processor.py:161} INFO - Started process (PID=3527) to work on /home/airflow/.local/lib/python3.8/site-packages/airflow/example_dags/example_setup_teardown_taskflow.py
[2025-09-21T11:43:06.601+0000] {processor.py:830} INFO - Processing file /home/airflow/.local/lib/python3.8/site-packages/airflow/example_dags/example_setup_teardown_taskflow.py for tasks to queue
[2025-09-21T11:43:06.605+0000] {logging_mixin.py:188} INFO - [2025-09-21T11:43:06.605+0000] {dagbag.py:538} INFO - Filling up the DagBag from /home/airflow/.local/lib/python3.8/site-packages/airflow/example_dags/example_setup_teardown_taskflow.py
[2025-09-21T11:43:06.630+0000] {processor.py:840} INFO - DAG(s) 'example_setup_teardown_taskflow' retrieved from /home/airflow/.local/lib/python3.8/site-packages/airflow/example_dags/example_setup_teardown_taskflow.py
[2025-09-21T11:43:06.674+0000] {logging_mixin.py:188} INFO - [2025-09-21T11:43:06.674+0000] {dag.py:3036} INFO - Sync 1 DAGs
[2025-09-21T11:43:06.720+0000] {logging_mixin.py:188} INFO - [2025-09-21T11:43:06.719+0000] {dag.py:3823} INFO - Setting next_dagrun for example_setup_teardown_taskflow to 2025-09-20 00:00:00+00:00, run_after=2025-09-21 00:00:00+00:00
[2025-09-21T11:43:06.765+0000] {processor.py:183} INFO - Processing /home/airflow/.local/lib/python3.8/site-packages/airflow/example_dags/example_setup_teardown_taskflow.py took 0.172 seconds
[2025-09-21T11:43:36.893+0000] {processor.py:161} INFO - Started process (PID=3584) to work on /home/airflow/.local/lib/python3.8/site-packages/airflow/example_dags/example_setup_teardown_taskflow.py
[2025-09-21T11:43:36.896+0000] {processor.py:830} INFO - Processing file /home/airflow/.local/lib/python3.8/site-packages/airflow/example_dags/example_setup_teardown_taskflow.py for tasks to queue
[2025-09-21T11:43:36.899+0000] {logging_mixin.py:188} INFO - [2025-09-21T11:43:36.898+0000] {dagbag.py:538} INFO - Filling up the DagBag from /home/airflow/.local/lib/python3.8/site-packages/airflow/example_dags/example_setup_teardown_taskflow.py
[2025-09-21T11:43:36.917+0000] {processor.py:840} INFO - DAG(s) 'example_setup_teardown_taskflow' retrieved from /home/airflow/.local/lib/python3.8/site-packages/airflow/example_dags/example_setup_teardown_taskflow.py
[2025-09-21T11:43:36.958+0000] {logging_mixin.py:188} INFO - [2025-09-21T11:43:36.957+0000] {dag.py:3036} INFO - Sync 1 DAGs
[2025-09-21T11:43:37.000+0000] {logging_mixin.py:188} INFO - [2025-09-21T11:43:36.999+0000] {dag.py:3823} INFO - Setting next_dagrun for example_setup_teardown_taskflow to 2025-09-20 00:00:00+00:00, run_after=2025-09-21 00:00:00+00:00
[2025-09-21T11:43:37.035+0000] {processor.py:183} INFO - Processing /home/airflow/.local/lib/python3.8/site-packages/airflow/example_dags/example_setup_teardown_taskflow.py took 0.150 seconds
[2025-09-21T11:46:09.898+0000] {processor.py:161} INFO - Started process (PID=101) to work on /home/airflow/.local/lib/python3.8/site-packages/airflow/example_dags/example_setup_teardown_taskflow.py
[2025-09-21T11:46:09.900+0000] {processor.py:830} INFO - Processing file /home/airflow/.local/lib/python3.8/site-packages/airflow/example_dags/example_setup_teardown_taskflow.py for tasks to queue
[2025-09-21T11:46:09.904+0000] {logging_mixin.py:188} INFO - [2025-09-21T11:46:09.903+0000] {dagbag.py:538} INFO - Filling up the DagBag from /home/airflow/.local/lib/python3.8/site-packages/airflow/example_dags/example_setup_teardown_taskflow.py
[2025-09-21T11:46:09.921+0000] {processor.py:840} INFO - DAG(s) 'example_setup_teardown_taskflow' retrieved from /home/airflow/.local/lib/python3.8/site-packages/airflow/example_dags/example_setup_teardown_taskflow.py
[2025-09-21T11:46:10.112+0000] {logging_mixin.py:188} INFO - [2025-09-21T11:46:10.111+0000] {dag.py:3036} INFO - Sync 1 DAGs
[2025-09-21T11:46:10.147+0000] {logging_mixin.py:188} INFO - [2025-09-21T11:46:10.147+0000] {dag.py:3823} INFO - Setting next_dagrun for example_setup_teardown_taskflow to 2025-09-20 00:00:00+00:00, run_after=2025-09-21 00:00:00+00:00
[2025-09-21T11:46:10.190+0000] {processor.py:183} INFO - Processing /home/airflow/.local/lib/python3.8/site-packages/airflow/example_dags/example_setup_teardown_taskflow.py took 0.298 seconds
[2025-09-21T11:46:41.019+0000] {processor.py:161} INFO - Started process (PID=159) to work on /home/airflow/.local/lib/python3.8/site-packages/airflow/example_dags/example_setup_teardown_taskflow.py
[2025-09-21T11:46:41.021+0000] {processor.py:830} INFO - Processing file /home/airflow/.local/lib/python3.8/site-packages/airflow/example_dags/example_setup_teardown_taskflow.py for tasks to queue
[2025-09-21T11:46:41.026+0000] {logging_mixin.py:188} INFO - [2025-09-21T11:46:41.025+0000] {dagbag.py:538} INFO - Filling up the DagBag from /home/airflow/.local/lib/python3.8/site-packages/airflow/example_dags/example_setup_teardown_taskflow.py
[2025-09-21T11:46:41.045+0000] {processor.py:840} INFO - DAG(s) 'example_setup_teardown_taskflow' retrieved from /home/airflow/.local/lib/python3.8/site-packages/airflow/example_dags/example_setup_teardown_taskflow.py
[2025-09-21T11:46:41.084+0000] {logging_mixin.py:188} INFO - [2025-09-21T11:46:41.084+0000] {dag.py:3036} INFO - Sync 1 DAGs
[2025-09-21T11:46:41.128+0000] {logging_mixin.py:188} INFO - [2025-09-21T11:46:41.128+0000] {dag.py:3823} INFO - Setting next_dagrun for example_setup_teardown_taskflow to 2025-09-20 00:00:00+00:00, run_after=2025-09-21 00:00:00+00:00
[2025-09-21T11:46:41.163+0000] {processor.py:183} INFO - Processing /home/airflow/.local/lib/python3.8/site-packages/airflow/example_dags/example_setup_teardown_taskflow.py took 0.153 seconds
[2025-09-21T11:47:12.046+0000] {processor.py:161} INFO - Started process (PID=217) to work on /home/airflow/.local/lib/python3.8/site-packages/airflow/example_dags/example_setup_teardown_taskflow.py
[2025-09-21T11:47:12.048+0000] {processor.py:830} INFO - Processing file /home/airflow/.local/lib/python3.8/site-packages/airflow/example_dags/example_setup_teardown_taskflow.py for tasks to queue
[2025-09-21T11:47:12.052+0000] {logging_mixin.py:188} INFO - [2025-09-21T11:47:12.051+0000] {dagbag.py:538} INFO - Filling up the DagBag from /home/airflow/.local/lib/python3.8/site-packages/airflow/example_dags/example_setup_teardown_taskflow.py
[2025-09-21T11:47:12.069+0000] {processor.py:840} INFO - DAG(s) 'example_setup_teardown_taskflow' retrieved from /home/airflow/.local/lib/python3.8/site-packages/airflow/example_dags/example_setup_teardown_taskflow.py
[2025-09-21T11:47:12.105+0000] {logging_mixin.py:188} INFO - [2025-09-21T11:47:12.105+0000] {dag.py:3036} INFO - Sync 1 DAGs
[2025-09-21T11:47:12.144+0000] {logging_mixin.py:188} INFO - [2025-09-21T11:47:12.144+0000] {dag.py:3823} INFO - Setting next_dagrun for example_setup_teardown_taskflow to 2025-09-20 00:00:00+00:00, run_after=2025-09-21 00:00:00+00:00
[2025-09-21T11:47:12.180+0000] {processor.py:183} INFO - Processing /home/airflow/.local/lib/python3.8/site-packages/airflow/example_dags/example_setup_teardown_taskflow.py took 0.139 seconds
[2025-09-21T11:47:43.010+0000] {processor.py:161} INFO - Started process (PID=275) to work on /home/airflow/.local/lib/python3.8/site-packages/airflow/example_dags/example_setup_teardown_taskflow.py
[2025-09-21T11:47:43.015+0000] {processor.py:830} INFO - Processing file /home/airflow/.local/lib/python3.8/site-packages/airflow/example_dags/example_setup_teardown_taskflow.py for tasks to queue
[2025-09-21T11:47:43.020+0000] {logging_mixin.py:188} INFO - [2025-09-21T11:47:43.019+0000] {dagbag.py:538} INFO - Filling up the DagBag from /home/airflow/.local/lib/python3.8/site-packages/airflow/example_dags/example_setup_teardown_taskflow.py
[2025-09-21T11:47:43.046+0000] {processor.py:840} INFO - DAG(s) 'example_setup_teardown_taskflow' retrieved from /home/airflow/.local/lib/python3.8/site-packages/airflow/example_dags/example_setup_teardown_taskflow.py
[2025-09-21T11:47:43.101+0000] {logging_mixin.py:188} INFO - [2025-09-21T11:47:43.101+0000] {dag.py:3036} INFO - Sync 1 DAGs
[2025-09-21T11:47:43.158+0000] {logging_mixin.py:188} INFO - [2025-09-21T11:47:43.157+0000] {dag.py:3823} INFO - Setting next_dagrun for example_setup_teardown_taskflow to 2025-09-20 00:00:00+00:00, run_after=2025-09-21 00:00:00+00:00
[2025-09-21T11:47:43.213+0000] {processor.py:183} INFO - Processing /home/airflow/.local/lib/python3.8/site-packages/airflow/example_dags/example_setup_teardown_taskflow.py took 0.212 seconds
[2025-09-21T11:48:13.960+0000] {processor.py:161} INFO - Started process (PID=333) to work on /home/airflow/.local/lib/python3.8/site-packages/airflow/example_dags/example_setup_teardown_taskflow.py
[2025-09-21T11:48:13.963+0000] {processor.py:830} INFO - Processing file /home/airflow/.local/lib/python3.8/site-packages/airflow/example_dags/example_setup_teardown_taskflow.py for tasks to queue
[2025-09-21T11:48:13.967+0000] {logging_mixin.py:188} INFO - [2025-09-21T11:48:13.966+0000] {dagbag.py:538} INFO - Filling up the DagBag from /home/airflow/.local/lib/python3.8/site-packages/airflow/example_dags/example_setup_teardown_taskflow.py
[2025-09-21T11:48:13.984+0000] {processor.py:840} INFO - DAG(s) 'example_setup_teardown_taskflow' retrieved from /home/airflow/.local/lib/python3.8/site-packages/airflow/example_dags/example_setup_teardown_taskflow.py
[2025-09-21T11:48:14.027+0000] {logging_mixin.py:188} INFO - [2025-09-21T11:48:14.026+0000] {dag.py:3036} INFO - Sync 1 DAGs
[2025-09-21T11:48:14.067+0000] {logging_mixin.py:188} INFO - [2025-09-21T11:48:14.066+0000] {dag.py:3823} INFO - Setting next_dagrun for example_setup_teardown_taskflow to 2025-09-20 00:00:00+00:00, run_after=2025-09-21 00:00:00+00:00
[2025-09-21T11:48:14.101+0000] {processor.py:183} INFO - Processing /home/airflow/.local/lib/python3.8/site-packages/airflow/example_dags/example_setup_teardown_taskflow.py took 0.148 seconds
[2025-09-21T11:48:44.521+0000] {processor.py:161} INFO - Started process (PID=391) to work on /home/airflow/.local/lib/python3.8/site-packages/airflow/example_dags/example_setup_teardown_taskflow.py
[2025-09-21T11:48:44.530+0000] {processor.py:830} INFO - Processing file /home/airflow/.local/lib/python3.8/site-packages/airflow/example_dags/example_setup_teardown_taskflow.py for tasks to queue
[2025-09-21T11:48:44.538+0000] {logging_mixin.py:188} INFO - [2025-09-21T11:48:44.537+0000] {dagbag.py:538} INFO - Filling up the DagBag from /home/airflow/.local/lib/python3.8/site-packages/airflow/example_dags/example_setup_teardown_taskflow.py
[2025-09-21T11:48:44.563+0000] {processor.py:840} INFO - DAG(s) 'example_setup_teardown_taskflow' retrieved from /home/airflow/.local/lib/python3.8/site-packages/airflow/example_dags/example_setup_teardown_taskflow.py
[2025-09-21T11:48:44.607+0000] {logging_mixin.py:188} INFO - [2025-09-21T11:48:44.607+0000] {dag.py:3036} INFO - Sync 1 DAGs
[2025-09-21T11:48:44.657+0000] {logging_mixin.py:188} INFO - [2025-09-21T11:48:44.657+0000] {dag.py:3823} INFO - Setting next_dagrun for example_setup_teardown_taskflow to 2025-09-20 00:00:00+00:00, run_after=2025-09-21 00:00:00+00:00
[2025-09-21T11:48:44.695+0000] {processor.py:183} INFO - Processing /home/airflow/.local/lib/python3.8/site-packages/airflow/example_dags/example_setup_teardown_taskflow.py took 0.185 seconds
[2025-09-21T11:49:15.691+0000] {processor.py:161} INFO - Started process (PID=449) to work on /home/airflow/.local/lib/python3.8/site-packages/airflow/example_dags/example_setup_teardown_taskflow.py
[2025-09-21T11:49:15.694+0000] {processor.py:830} INFO - Processing file /home/airflow/.local/lib/python3.8/site-packages/airflow/example_dags/example_setup_teardown_taskflow.py for tasks to queue
[2025-09-21T11:49:15.701+0000] {logging_mixin.py:188} INFO - [2025-09-21T11:49:15.700+0000] {dagbag.py:538} INFO - Filling up the DagBag from /home/airflow/.local/lib/python3.8/site-packages/airflow/example_dags/example_setup_teardown_taskflow.py
[2025-09-21T11:49:15.733+0000] {processor.py:840} INFO - DAG(s) 'example_setup_teardown_taskflow' retrieved from /home/airflow/.local/lib/python3.8/site-packages/airflow/example_dags/example_setup_teardown_taskflow.py
[2025-09-21T11:49:15.799+0000] {logging_mixin.py:188} INFO - [2025-09-21T11:49:15.798+0000] {dag.py:3036} INFO - Sync 1 DAGs
[2025-09-21T11:49:15.878+0000] {logging_mixin.py:188} INFO - [2025-09-21T11:49:15.877+0000] {dag.py:3823} INFO - Setting next_dagrun for example_setup_teardown_taskflow to 2025-09-20 00:00:00+00:00, run_after=2025-09-21 00:00:00+00:00
[2025-09-21T11:49:15.933+0000] {processor.py:183} INFO - Processing /home/airflow/.local/lib/python3.8/site-packages/airflow/example_dags/example_setup_teardown_taskflow.py took 0.252 seconds
[2025-09-21T11:49:46.580+0000] {processor.py:161} INFO - Started process (PID=507) to work on /home/airflow/.local/lib/python3.8/site-packages/airflow/example_dags/example_setup_teardown_taskflow.py
[2025-09-21T11:49:46.582+0000] {processor.py:830} INFO - Processing file /home/airflow/.local/lib/python3.8/site-packages/airflow/example_dags/example_setup_teardown_taskflow.py for tasks to queue
[2025-09-21T11:49:46.586+0000] {logging_mixin.py:188} INFO - [2025-09-21T11:49:46.586+0000] {dagbag.py:538} INFO - Filling up the DagBag from /home/airflow/.local/lib/python3.8/site-packages/airflow/example_dags/example_setup_teardown_taskflow.py
[2025-09-21T11:49:46.606+0000] {processor.py:840} INFO - DAG(s) 'example_setup_teardown_taskflow' retrieved from /home/airflow/.local/lib/python3.8/site-packages/airflow/example_dags/example_setup_teardown_taskflow.py
[2025-09-21T11:49:46.651+0000] {logging_mixin.py:188} INFO - [2025-09-21T11:49:46.650+0000] {dag.py:3036} INFO - Sync 1 DAGs
[2025-09-21T11:49:46.697+0000] {logging_mixin.py:188} INFO - [2025-09-21T11:49:46.697+0000] {dag.py:3823} INFO - Setting next_dagrun for example_setup_teardown_taskflow to 2025-09-20 00:00:00+00:00, run_after=2025-09-21 00:00:00+00:00
[2025-09-21T11:49:46.749+0000] {processor.py:183} INFO - Processing /home/airflow/.local/lib/python3.8/site-packages/airflow/example_dags/example_setup_teardown_taskflow.py took 0.176 seconds
[2025-09-21T11:50:17.266+0000] {processor.py:161} INFO - Started process (PID=565) to work on /home/airflow/.local/lib/python3.8/site-packages/airflow/example_dags/example_setup_teardown_taskflow.py
[2025-09-21T11:50:17.268+0000] {processor.py:830} INFO - Processing file /home/airflow/.local/lib/python3.8/site-packages/airflow/example_dags/example_setup_teardown_taskflow.py for tasks to queue
[2025-09-21T11:50:17.273+0000] {logging_mixin.py:188} INFO - [2025-09-21T11:50:17.272+0000] {dagbag.py:538} INFO - Filling up the DagBag from /home/airflow/.local/lib/python3.8/site-packages/airflow/example_dags/example_setup_teardown_taskflow.py
[2025-09-21T11:50:17.294+0000] {processor.py:840} INFO - DAG(s) 'example_setup_teardown_taskflow' retrieved from /home/airflow/.local/lib/python3.8/site-packages/airflow/example_dags/example_setup_teardown_taskflow.py
[2025-09-21T11:50:17.342+0000] {logging_mixin.py:188} INFO - [2025-09-21T11:50:17.342+0000] {dag.py:3036} INFO - Sync 1 DAGs
[2025-09-21T11:50:17.396+0000] {logging_mixin.py:188} INFO - [2025-09-21T11:50:17.396+0000] {dag.py:3823} INFO - Setting next_dagrun for example_setup_teardown_taskflow to 2025-09-20 00:00:00+00:00, run_after=2025-09-21 00:00:00+00:00
[2025-09-21T11:50:17.446+0000] {processor.py:183} INFO - Processing /home/airflow/.local/lib/python3.8/site-packages/airflow/example_dags/example_setup_teardown_taskflow.py took 0.186 seconds
[2025-09-21T11:50:48.333+0000] {processor.py:161} INFO - Started process (PID=624) to work on /home/airflow/.local/lib/python3.8/site-packages/airflow/example_dags/example_setup_teardown_taskflow.py
[2025-09-21T11:50:48.337+0000] {processor.py:830} INFO - Processing file /home/airflow/.local/lib/python3.8/site-packages/airflow/example_dags/example_setup_teardown_taskflow.py for tasks to queue
[2025-09-21T11:50:48.345+0000] {logging_mixin.py:188} INFO - [2025-09-21T11:50:48.344+0000] {dagbag.py:538} INFO - Filling up the DagBag from /home/airflow/.local/lib/python3.8/site-packages/airflow/example_dags/example_setup_teardown_taskflow.py
[2025-09-21T11:50:48.385+0000] {processor.py:840} INFO - DAG(s) 'example_setup_teardown_taskflow' retrieved from /home/airflow/.local/lib/python3.8/site-packages/airflow/example_dags/example_setup_teardown_taskflow.py
[2025-09-21T11:50:48.485+0000] {logging_mixin.py:188} INFO - [2025-09-21T11:50:48.484+0000] {dag.py:3036} INFO - Sync 1 DAGs
[2025-09-21T11:50:48.589+0000] {logging_mixin.py:188} INFO - [2025-09-21T11:50:48.589+0000] {dag.py:3823} INFO - Setting next_dagrun for example_setup_teardown_taskflow to 2025-09-20 00:00:00+00:00, run_after=2025-09-21 00:00:00+00:00
[2025-09-21T11:50:48.666+0000] {processor.py:183} INFO - Processing /home/airflow/.local/lib/python3.8/site-packages/airflow/example_dags/example_setup_teardown_taskflow.py took 0.347 seconds
[2025-09-21T11:51:19.201+0000] {processor.py:161} INFO - Started process (PID=682) to work on /home/airflow/.local/lib/python3.8/site-packages/airflow/example_dags/example_setup_teardown_taskflow.py
[2025-09-21T11:51:19.204+0000] {processor.py:830} INFO - Processing file /home/airflow/.local/lib/python3.8/site-packages/airflow/example_dags/example_setup_teardown_taskflow.py for tasks to queue
[2025-09-21T11:51:19.209+0000] {logging_mixin.py:188} INFO - [2025-09-21T11:51:19.208+0000] {dagbag.py:538} INFO - Filling up the DagBag from /home/airflow/.local/lib/python3.8/site-packages/airflow/example_dags/example_setup_teardown_taskflow.py
[2025-09-21T11:51:19.231+0000] {processor.py:840} INFO - DAG(s) 'example_setup_teardown_taskflow' retrieved from /home/airflow/.local/lib/python3.8/site-packages/airflow/example_dags/example_setup_teardown_taskflow.py
[2025-09-21T11:51:19.282+0000] {logging_mixin.py:188} INFO - [2025-09-21T11:51:19.281+0000] {dag.py:3036} INFO - Sync 1 DAGs
[2025-09-21T11:51:19.326+0000] {logging_mixin.py:188} INFO - [2025-09-21T11:51:19.326+0000] {dag.py:3823} INFO - Setting next_dagrun for example_setup_teardown_taskflow to 2025-09-20 00:00:00+00:00, run_after=2025-09-21 00:00:00+00:00
[2025-09-21T11:51:19.369+0000] {processor.py:183} INFO - Processing /home/airflow/.local/lib/python3.8/site-packages/airflow/example_dags/example_setup_teardown_taskflow.py took 0.175 seconds
[2025-09-21T11:51:50.033+0000] {processor.py:161} INFO - Started process (PID=740) to work on /home/airflow/.local/lib/python3.8/site-packages/airflow/example_dags/example_setup_teardown_taskflow.py
[2025-09-21T11:51:50.035+0000] {processor.py:830} INFO - Processing file /home/airflow/.local/lib/python3.8/site-packages/airflow/example_dags/example_setup_teardown_taskflow.py for tasks to queue
[2025-09-21T11:51:50.038+0000] {logging_mixin.py:188} INFO - [2025-09-21T11:51:50.038+0000] {dagbag.py:538} INFO - Filling up the DagBag from /home/airflow/.local/lib/python3.8/site-packages/airflow/example_dags/example_setup_teardown_taskflow.py
[2025-09-21T11:51:50.060+0000] {processor.py:840} INFO - DAG(s) 'example_setup_teardown_taskflow' retrieved from /home/airflow/.local/lib/python3.8/site-packages/airflow/example_dags/example_setup_teardown_taskflow.py
[2025-09-21T11:51:50.103+0000] {logging_mixin.py:188} INFO - [2025-09-21T11:51:50.103+0000] {dag.py:3036} INFO - Sync 1 DAGs
[2025-09-21T11:51:50.144+0000] {logging_mixin.py:188} INFO - [2025-09-21T11:51:50.144+0000] {dag.py:3823} INFO - Setting next_dagrun for example_setup_teardown_taskflow to 2025-09-20 00:00:00+00:00, run_after=2025-09-21 00:00:00+00:00
[2025-09-21T11:51:50.184+0000] {processor.py:183} INFO - Processing /home/airflow/.local/lib/python3.8/site-packages/airflow/example_dags/example_setup_teardown_taskflow.py took 0.159 seconds
[2025-09-21T11:52:21.962+0000] {processor.py:161} INFO - Started process (PID=798) to work on /home/airflow/.local/lib/python3.8/site-packages/airflow/example_dags/example_setup_teardown_taskflow.py
[2025-09-21T11:52:21.965+0000] {processor.py:830} INFO - Processing file /home/airflow/.local/lib/python3.8/site-packages/airflow/example_dags/example_setup_teardown_taskflow.py for tasks to queue
[2025-09-21T11:52:21.969+0000] {logging_mixin.py:188} INFO - [2025-09-21T11:52:21.968+0000] {dagbag.py:538} INFO - Filling up the DagBag from /home/airflow/.local/lib/python3.8/site-packages/airflow/example_dags/example_setup_teardown_taskflow.py
[2025-09-21T11:52:21.992+0000] {processor.py:840} INFO - DAG(s) 'example_setup_teardown_taskflow' retrieved from /home/airflow/.local/lib/python3.8/site-packages/airflow/example_dags/example_setup_teardown_taskflow.py
[2025-09-21T11:52:22.034+0000] {logging_mixin.py:188} INFO - [2025-09-21T11:52:22.034+0000] {dag.py:3036} INFO - Sync 1 DAGs
[2025-09-21T11:52:22.084+0000] {logging_mixin.py:188} INFO - [2025-09-21T11:52:22.084+0000] {dag.py:3823} INFO - Setting next_dagrun for example_setup_teardown_taskflow to 2025-09-20 00:00:00+00:00, run_after=2025-09-21 00:00:00+00:00
[2025-09-21T11:52:22.129+0000] {processor.py:183} INFO - Processing /home/airflow/.local/lib/python3.8/site-packages/airflow/example_dags/example_setup_teardown_taskflow.py took 0.175 seconds
[2025-09-21T11:52:53.838+0000] {processor.py:161} INFO - Started process (PID=862) to work on /home/airflow/.local/lib/python3.8/site-packages/airflow/example_dags/example_setup_teardown_taskflow.py
[2025-09-21T11:52:53.840+0000] {processor.py:830} INFO - Processing file /home/airflow/.local/lib/python3.8/site-packages/airflow/example_dags/example_setup_teardown_taskflow.py for tasks to queue
[2025-09-21T11:52:53.845+0000] {logging_mixin.py:188} INFO - [2025-09-21T11:52:53.844+0000] {dagbag.py:538} INFO - Filling up the DagBag from /home/airflow/.local/lib/python3.8/site-packages/airflow/example_dags/example_setup_teardown_taskflow.py
[2025-09-21T11:52:53.867+0000] {processor.py:840} INFO - DAG(s) 'example_setup_teardown_taskflow' retrieved from /home/airflow/.local/lib/python3.8/site-packages/airflow/example_dags/example_setup_teardown_taskflow.py
[2025-09-21T11:52:53.912+0000] {logging_mixin.py:188} INFO - [2025-09-21T11:52:53.912+0000] {dag.py:3036} INFO - Sync 1 DAGs
[2025-09-21T11:52:53.969+0000] {logging_mixin.py:188} INFO - [2025-09-21T11:52:53.969+0000] {dag.py:3823} INFO - Setting next_dagrun for example_setup_teardown_taskflow to 2025-09-20 00:00:00+00:00, run_after=2025-09-21 00:00:00+00:00
[2025-09-21T11:52:54.013+0000] {processor.py:183} INFO - Processing /home/airflow/.local/lib/python3.8/site-packages/airflow/example_dags/example_setup_teardown_taskflow.py took 0.180 seconds
[2025-09-21T11:53:25.965+0000] {processor.py:161} INFO - Started process (PID=920) to work on /home/airflow/.local/lib/python3.8/site-packages/airflow/example_dags/example_setup_teardown_taskflow.py
[2025-09-21T11:53:25.968+0000] {processor.py:830} INFO - Processing file /home/airflow/.local/lib/python3.8/site-packages/airflow/example_dags/example_setup_teardown_taskflow.py for tasks to queue
[2025-09-21T11:53:25.974+0000] {logging_mixin.py:188} INFO - [2025-09-21T11:53:25.973+0000] {dagbag.py:538} INFO - Filling up the DagBag from /home/airflow/.local/lib/python3.8/site-packages/airflow/example_dags/example_setup_teardown_taskflow.py
[2025-09-21T11:53:26.002+0000] {processor.py:840} INFO - DAG(s) 'example_setup_teardown_taskflow' retrieved from /home/airflow/.local/lib/python3.8/site-packages/airflow/example_dags/example_setup_teardown_taskflow.py
[2025-09-21T11:53:26.056+0000] {logging_mixin.py:188} INFO - [2025-09-21T11:53:26.056+0000] {dag.py:3036} INFO - Sync 1 DAGs
[2025-09-21T11:53:26.121+0000] {logging_mixin.py:188} INFO - [2025-09-21T11:53:26.120+0000] {dag.py:3823} INFO - Setting next_dagrun for example_setup_teardown_taskflow to 2025-09-20 00:00:00+00:00, run_after=2025-09-21 00:00:00+00:00
[2025-09-21T11:53:26.163+0000] {processor.py:183} INFO - Processing /home/airflow/.local/lib/python3.8/site-packages/airflow/example_dags/example_setup_teardown_taskflow.py took 0.208 seconds
[2025-09-21T11:53:57.168+0000] {processor.py:161} INFO - Started process (PID=978) to work on /home/airflow/.local/lib/python3.8/site-packages/airflow/example_dags/example_setup_teardown_taskflow.py
[2025-09-21T11:53:57.170+0000] {processor.py:830} INFO - Processing file /home/airflow/.local/lib/python3.8/site-packages/airflow/example_dags/example_setup_teardown_taskflow.py for tasks to queue
[2025-09-21T11:53:57.175+0000] {logging_mixin.py:188} INFO - [2025-09-21T11:53:57.174+0000] {dagbag.py:538} INFO - Filling up the DagBag from /home/airflow/.local/lib/python3.8/site-packages/airflow/example_dags/example_setup_teardown_taskflow.py
[2025-09-21T11:53:57.197+0000] {processor.py:840} INFO - DAG(s) 'example_setup_teardown_taskflow' retrieved from /home/airflow/.local/lib/python3.8/site-packages/airflow/example_dags/example_setup_teardown_taskflow.py
[2025-09-21T11:53:57.235+0000] {logging_mixin.py:188} INFO - [2025-09-21T11:53:57.235+0000] {dag.py:3036} INFO - Sync 1 DAGs
[2025-09-21T11:53:57.280+0000] {logging_mixin.py:188} INFO - [2025-09-21T11:53:57.280+0000] {dag.py:3823} INFO - Setting next_dagrun for example_setup_teardown_taskflow to 2025-09-20 00:00:00+00:00, run_after=2025-09-21 00:00:00+00:00
[2025-09-21T11:53:57.320+0000] {processor.py:183} INFO - Processing /home/airflow/.local/lib/python3.8/site-packages/airflow/example_dags/example_setup_teardown_taskflow.py took 0.160 seconds
[2025-09-21T11:54:29.423+0000] {processor.py:161} INFO - Started process (PID=1036) to work on /home/airflow/.local/lib/python3.8/site-packages/airflow/example_dags/example_setup_teardown_taskflow.py
[2025-09-21T11:54:29.428+0000] {processor.py:830} INFO - Processing file /home/airflow/.local/lib/python3.8/site-packages/airflow/example_dags/example_setup_teardown_taskflow.py for tasks to queue
[2025-09-21T11:54:29.437+0000] {logging_mixin.py:188} INFO - [2025-09-21T11:54:29.436+0000] {dagbag.py:538} INFO - Filling up the DagBag from /home/airflow/.local/lib/python3.8/site-packages/airflow/example_dags/example_setup_teardown_taskflow.py
[2025-09-21T11:54:29.480+0000] {processor.py:840} INFO - DAG(s) 'example_setup_teardown_taskflow' retrieved from /home/airflow/.local/lib/python3.8/site-packages/airflow/example_dags/example_setup_teardown_taskflow.py
[2025-09-21T11:54:29.568+0000] {logging_mixin.py:188} INFO - [2025-09-21T11:54:29.567+0000] {dag.py:3036} INFO - Sync 1 DAGs
[2025-09-21T11:54:29.635+0000] {logging_mixin.py:188} INFO - [2025-09-21T11:54:29.634+0000] {dag.py:3823} INFO - Setting next_dagrun for example_setup_teardown_taskflow to 2025-09-20 00:00:00+00:00, run_after=2025-09-21 00:00:00+00:00
[2025-09-21T11:54:29.685+0000] {processor.py:183} INFO - Processing /home/airflow/.local/lib/python3.8/site-packages/airflow/example_dags/example_setup_teardown_taskflow.py took 0.278 seconds
[2025-09-21T11:55:00.077+0000] {processor.py:161} INFO - Started process (PID=1093) to work on /home/airflow/.local/lib/python3.8/site-packages/airflow/example_dags/example_setup_teardown_taskflow.py
[2025-09-21T11:55:00.079+0000] {processor.py:830} INFO - Processing file /home/airflow/.local/lib/python3.8/site-packages/airflow/example_dags/example_setup_teardown_taskflow.py for tasks to queue
[2025-09-21T11:55:00.085+0000] {logging_mixin.py:188} INFO - [2025-09-21T11:55:00.084+0000] {dagbag.py:538} INFO - Filling up the DagBag from /home/airflow/.local/lib/python3.8/site-packages/airflow/example_dags/example_setup_teardown_taskflow.py
[2025-09-21T11:55:00.107+0000] {processor.py:840} INFO - DAG(s) 'example_setup_teardown_taskflow' retrieved from /home/airflow/.local/lib/python3.8/site-packages/airflow/example_dags/example_setup_teardown_taskflow.py
[2025-09-21T11:55:00.147+0000] {logging_mixin.py:188} INFO - [2025-09-21T11:55:00.146+0000] {dag.py:3036} INFO - Sync 1 DAGs
[2025-09-21T11:55:00.201+0000] {logging_mixin.py:188} INFO - [2025-09-21T11:55:00.200+0000] {dag.py:3823} INFO - Setting next_dagrun for example_setup_teardown_taskflow to 2025-09-20 00:00:00+00:00, run_after=2025-09-21 00:00:00+00:00
[2025-09-21T11:55:00.254+0000] {processor.py:183} INFO - Processing /home/airflow/.local/lib/python3.8/site-packages/airflow/example_dags/example_setup_teardown_taskflow.py took 0.185 seconds
[2025-09-21T11:55:31.403+0000] {processor.py:161} INFO - Started process (PID=1151) to work on /home/airflow/.local/lib/python3.8/site-packages/airflow/example_dags/example_setup_teardown_taskflow.py
[2025-09-21T11:55:31.406+0000] {processor.py:830} INFO - Processing file /home/airflow/.local/lib/python3.8/site-packages/airflow/example_dags/example_setup_teardown_taskflow.py for tasks to queue
[2025-09-21T11:55:31.412+0000] {logging_mixin.py:188} INFO - [2025-09-21T11:55:31.411+0000] {dagbag.py:538} INFO - Filling up the DagBag from /home/airflow/.local/lib/python3.8/site-packages/airflow/example_dags/example_setup_teardown_taskflow.py
[2025-09-21T11:55:31.433+0000] {processor.py:840} INFO - DAG(s) 'example_setup_teardown_taskflow' retrieved from /home/airflow/.local/lib/python3.8/site-packages/airflow/example_dags/example_setup_teardown_taskflow.py
[2025-09-21T11:55:31.474+0000] {logging_mixin.py:188} INFO - [2025-09-21T11:55:31.473+0000] {dag.py:3036} INFO - Sync 1 DAGs
[2025-09-21T11:55:31.514+0000] {logging_mixin.py:188} INFO - [2025-09-21T11:55:31.514+0000] {dag.py:3823} INFO - Setting next_dagrun for example_setup_teardown_taskflow to 2025-09-20 00:00:00+00:00, run_after=2025-09-21 00:00:00+00:00
[2025-09-21T11:55:31.560+0000] {processor.py:183} INFO - Processing /home/airflow/.local/lib/python3.8/site-packages/airflow/example_dags/example_setup_teardown_taskflow.py took 0.165 seconds
[2025-09-21T11:56:02.403+0000] {processor.py:161} INFO - Started process (PID=1209) to work on /home/airflow/.local/lib/python3.8/site-packages/airflow/example_dags/example_setup_teardown_taskflow.py
[2025-09-21T11:56:02.406+0000] {processor.py:830} INFO - Processing file /home/airflow/.local/lib/python3.8/site-packages/airflow/example_dags/example_setup_teardown_taskflow.py for tasks to queue
[2025-09-21T11:56:02.412+0000] {logging_mixin.py:188} INFO - [2025-09-21T11:56:02.411+0000] {dagbag.py:538} INFO - Filling up the DagBag from /home/airflow/.local/lib/python3.8/site-packages/airflow/example_dags/example_setup_teardown_taskflow.py
[2025-09-21T11:56:02.436+0000] {processor.py:840} INFO - DAG(s) 'example_setup_teardown_taskflow' retrieved from /home/airflow/.local/lib/python3.8/site-packages/airflow/example_dags/example_setup_teardown_taskflow.py
[2025-09-21T11:56:02.492+0000] {logging_mixin.py:188} INFO - [2025-09-21T11:56:02.492+0000] {dag.py:3036} INFO - Sync 1 DAGs
[2025-09-21T11:56:02.547+0000] {logging_mixin.py:188} INFO - [2025-09-21T11:56:02.547+0000] {dag.py:3823} INFO - Setting next_dagrun for example_setup_teardown_taskflow to 2025-09-20 00:00:00+00:00, run_after=2025-09-21 00:00:00+00:00
[2025-09-21T11:56:02.580+0000] {processor.py:183} INFO - Processing /home/airflow/.local/lib/python3.8/site-packages/airflow/example_dags/example_setup_teardown_taskflow.py took 0.186 seconds
[2025-09-21T11:56:33.662+0000] {processor.py:161} INFO - Started process (PID=1266) to work on /home/airflow/.local/lib/python3.8/site-packages/airflow/example_dags/example_setup_teardown_taskflow.py
[2025-09-21T11:56:33.665+0000] {processor.py:830} INFO - Processing file /home/airflow/.local/lib/python3.8/site-packages/airflow/example_dags/example_setup_teardown_taskflow.py for tasks to queue
[2025-09-21T11:56:33.669+0000] {logging_mixin.py:188} INFO - [2025-09-21T11:56:33.668+0000] {dagbag.py:538} INFO - Filling up the DagBag from /home/airflow/.local/lib/python3.8/site-packages/airflow/example_dags/example_setup_teardown_taskflow.py
[2025-09-21T11:56:33.691+0000] {processor.py:840} INFO - DAG(s) 'example_setup_teardown_taskflow' retrieved from /home/airflow/.local/lib/python3.8/site-packages/airflow/example_dags/example_setup_teardown_taskflow.py
[2025-09-21T11:56:33.737+0000] {logging_mixin.py:188} INFO - [2025-09-21T11:56:33.736+0000] {dag.py:3036} INFO - Sync 1 DAGs
[2025-09-21T11:56:33.784+0000] {logging_mixin.py:188} INFO - [2025-09-21T11:56:33.783+0000] {dag.py:3823} INFO - Setting next_dagrun for example_setup_teardown_taskflow to 2025-09-20 00:00:00+00:00, run_after=2025-09-21 00:00:00+00:00
[2025-09-21T11:56:33.831+0000] {processor.py:183} INFO - Processing /home/airflow/.local/lib/python3.8/site-packages/airflow/example_dags/example_setup_teardown_taskflow.py took 0.174 seconds
[2025-09-21T11:57:04.142+0000] {processor.py:161} INFO - Started process (PID=1323) to work on /home/airflow/.local/lib/python3.8/site-packages/airflow/example_dags/example_setup_teardown_taskflow.py
[2025-09-21T11:57:04.145+0000] {processor.py:830} INFO - Processing file /home/airflow/.local/lib/python3.8/site-packages/airflow/example_dags/example_setup_teardown_taskflow.py for tasks to queue
[2025-09-21T11:57:04.149+0000] {logging_mixin.py:188} INFO - [2025-09-21T11:57:04.149+0000] {dagbag.py:538} INFO - Filling up the DagBag from /home/airflow/.local/lib/python3.8/site-packages/airflow/example_dags/example_setup_teardown_taskflow.py
[2025-09-21T11:57:04.177+0000] {processor.py:840} INFO - DAG(s) 'example_setup_teardown_taskflow' retrieved from /home/airflow/.local/lib/python3.8/site-packages/airflow/example_dags/example_setup_teardown_taskflow.py
[2025-09-21T11:57:04.228+0000] {logging_mixin.py:188} INFO - [2025-09-21T11:57:04.228+0000] {dag.py:3036} INFO - Sync 1 DAGs
[2025-09-21T11:57:04.281+0000] {logging_mixin.py:188} INFO - [2025-09-21T11:57:04.281+0000] {dag.py:3823} INFO - Setting next_dagrun for example_setup_teardown_taskflow to 2025-09-20 00:00:00+00:00, run_after=2025-09-21 00:00:00+00:00
[2025-09-21T11:57:04.329+0000] {processor.py:183} INFO - Processing /home/airflow/.local/lib/python3.8/site-packages/airflow/example_dags/example_setup_teardown_taskflow.py took 0.194 seconds
[2025-09-21T11:57:34.415+0000] {processor.py:161} INFO - Started process (PID=1381) to work on /home/airflow/.local/lib/python3.8/site-packages/airflow/example_dags/example_setup_teardown_taskflow.py
[2025-09-21T11:57:34.417+0000] {processor.py:830} INFO - Processing file /home/airflow/.local/lib/python3.8/site-packages/airflow/example_dags/example_setup_teardown_taskflow.py for tasks to queue
[2025-09-21T11:57:34.421+0000] {logging_mixin.py:188} INFO - [2025-09-21T11:57:34.420+0000] {dagbag.py:538} INFO - Filling up the DagBag from /home/airflow/.local/lib/python3.8/site-packages/airflow/example_dags/example_setup_teardown_taskflow.py
[2025-09-21T11:57:34.444+0000] {processor.py:840} INFO - DAG(s) 'example_setup_teardown_taskflow' retrieved from /home/airflow/.local/lib/python3.8/site-packages/airflow/example_dags/example_setup_teardown_taskflow.py
[2025-09-21T11:57:34.488+0000] {logging_mixin.py:188} INFO - [2025-09-21T11:57:34.487+0000] {dag.py:3036} INFO - Sync 1 DAGs
[2025-09-21T11:57:34.561+0000] {logging_mixin.py:188} INFO - [2025-09-21T11:57:34.561+0000] {dag.py:3823} INFO - Setting next_dagrun for example_setup_teardown_taskflow to 2025-09-20 00:00:00+00:00, run_after=2025-09-21 00:00:00+00:00
[2025-09-21T11:57:34.614+0000] {processor.py:183} INFO - Processing /home/airflow/.local/lib/python3.8/site-packages/airflow/example_dags/example_setup_teardown_taskflow.py took 0.207 seconds
[2025-09-21T11:58:05.082+0000] {processor.py:161} INFO - Started process (PID=1439) to work on /home/airflow/.local/lib/python3.8/site-packages/airflow/example_dags/example_setup_teardown_taskflow.py
[2025-09-21T11:58:05.085+0000] {processor.py:830} INFO - Processing file /home/airflow/.local/lib/python3.8/site-packages/airflow/example_dags/example_setup_teardown_taskflow.py for tasks to queue
[2025-09-21T11:58:05.091+0000] {logging_mixin.py:188} INFO - [2025-09-21T11:58:05.090+0000] {dagbag.py:538} INFO - Filling up the DagBag from /home/airflow/.local/lib/python3.8/site-packages/airflow/example_dags/example_setup_teardown_taskflow.py
[2025-09-21T11:58:05.128+0000] {processor.py:840} INFO - DAG(s) 'example_setup_teardown_taskflow' retrieved from /home/airflow/.local/lib/python3.8/site-packages/airflow/example_dags/example_setup_teardown_taskflow.py
[2025-09-21T11:58:05.201+0000] {logging_mixin.py:188} INFO - [2025-09-21T11:58:05.200+0000] {dag.py:3036} INFO - Sync 1 DAGs
[2025-09-21T11:58:05.299+0000] {logging_mixin.py:188} INFO - [2025-09-21T11:58:05.299+0000] {dag.py:3823} INFO - Setting next_dagrun for example_setup_teardown_taskflow to 2025-09-20 00:00:00+00:00, run_after=2025-09-21 00:00:00+00:00
[2025-09-21T11:58:05.348+0000] {processor.py:183} INFO - Processing /home/airflow/.local/lib/python3.8/site-packages/airflow/example_dags/example_setup_teardown_taskflow.py took 0.275 seconds
[2025-09-21T11:58:35.673+0000] {processor.py:161} INFO - Started process (PID=1497) to work on /home/airflow/.local/lib/python3.8/site-packages/airflow/example_dags/example_setup_teardown_taskflow.py
[2025-09-21T11:58:35.676+0000] {processor.py:830} INFO - Processing file /home/airflow/.local/lib/python3.8/site-packages/airflow/example_dags/example_setup_teardown_taskflow.py for tasks to queue
[2025-09-21T11:58:35.686+0000] {logging_mixin.py:188} INFO - [2025-09-21T11:58:35.685+0000] {dagbag.py:538} INFO - Filling up the DagBag from /home/airflow/.local/lib/python3.8/site-packages/airflow/example_dags/example_setup_teardown_taskflow.py
[2025-09-21T11:58:35.716+0000] {processor.py:840} INFO - DAG(s) 'example_setup_teardown_taskflow' retrieved from /home/airflow/.local/lib/python3.8/site-packages/airflow/example_dags/example_setup_teardown_taskflow.py
[2025-09-21T11:58:35.772+0000] {logging_mixin.py:188} INFO - [2025-09-21T11:58:35.771+0000] {dag.py:3036} INFO - Sync 1 DAGs
[2025-09-21T11:58:35.833+0000] {logging_mixin.py:188} INFO - [2025-09-21T11:58:35.833+0000] {dag.py:3823} INFO - Setting next_dagrun for example_setup_teardown_taskflow to 2025-09-20 00:00:00+00:00, run_after=2025-09-21 00:00:00+00:00
[2025-09-21T11:58:35.889+0000] {processor.py:183} INFO - Processing /home/airflow/.local/lib/python3.8/site-packages/airflow/example_dags/example_setup_teardown_taskflow.py took 0.225 seconds
[2025-09-21T11:59:06.377+0000] {processor.py:161} INFO - Started process (PID=1555) to work on /home/airflow/.local/lib/python3.8/site-packages/airflow/example_dags/example_setup_teardown_taskflow.py
[2025-09-21T11:59:06.379+0000] {processor.py:830} INFO - Processing file /home/airflow/.local/lib/python3.8/site-packages/airflow/example_dags/example_setup_teardown_taskflow.py for tasks to queue
[2025-09-21T11:59:06.382+0000] {logging_mixin.py:188} INFO - [2025-09-21T11:59:06.381+0000] {dagbag.py:538} INFO - Filling up the DagBag from /home/airflow/.local/lib/python3.8/site-packages/airflow/example_dags/example_setup_teardown_taskflow.py
[2025-09-21T11:59:06.402+0000] {processor.py:840} INFO - DAG(s) 'example_setup_teardown_taskflow' retrieved from /home/airflow/.local/lib/python3.8/site-packages/airflow/example_dags/example_setup_teardown_taskflow.py
[2025-09-21T11:59:06.445+0000] {logging_mixin.py:188} INFO - [2025-09-21T11:59:06.445+0000] {dag.py:3036} INFO - Sync 1 DAGs
[2025-09-21T11:59:06.492+0000] {logging_mixin.py:188} INFO - [2025-09-21T11:59:06.492+0000] {dag.py:3823} INFO - Setting next_dagrun for example_setup_teardown_taskflow to 2025-09-20 00:00:00+00:00, run_after=2025-09-21 00:00:00+00:00
[2025-09-21T11:59:06.551+0000] {processor.py:183} INFO - Processing /home/airflow/.local/lib/python3.8/site-packages/airflow/example_dags/example_setup_teardown_taskflow.py took 0.180 seconds
[2025-09-21T11:59:37.321+0000] {processor.py:161} INFO - Started process (PID=1613) to work on /home/airflow/.local/lib/python3.8/site-packages/airflow/example_dags/example_setup_teardown_taskflow.py
[2025-09-21T11:59:37.323+0000] {processor.py:830} INFO - Processing file /home/airflow/.local/lib/python3.8/site-packages/airflow/example_dags/example_setup_teardown_taskflow.py for tasks to queue
[2025-09-21T11:59:37.328+0000] {logging_mixin.py:188} INFO - [2025-09-21T11:59:37.327+0000] {dagbag.py:538} INFO - Filling up the DagBag from /home/airflow/.local/lib/python3.8/site-packages/airflow/example_dags/example_setup_teardown_taskflow.py
[2025-09-21T11:59:37.347+0000] {processor.py:840} INFO - DAG(s) 'example_setup_teardown_taskflow' retrieved from /home/airflow/.local/lib/python3.8/site-packages/airflow/example_dags/example_setup_teardown_taskflow.py
[2025-09-21T11:59:37.390+0000] {logging_mixin.py:188} INFO - [2025-09-21T11:59:37.389+0000] {dag.py:3036} INFO - Sync 1 DAGs
[2025-09-21T11:59:37.436+0000] {logging_mixin.py:188} INFO - [2025-09-21T11:59:37.435+0000] {dag.py:3823} INFO - Setting next_dagrun for example_setup_teardown_taskflow to 2025-09-20 00:00:00+00:00, run_after=2025-09-21 00:00:00+00:00
[2025-09-21T11:59:37.480+0000] {processor.py:183} INFO - Processing /home/airflow/.local/lib/python3.8/site-packages/airflow/example_dags/example_setup_teardown_taskflow.py took 0.167 seconds
[2025-09-21T12:00:08.651+0000] {processor.py:161} INFO - Started process (PID=1671) to work on /home/airflow/.local/lib/python3.8/site-packages/airflow/example_dags/example_setup_teardown_taskflow.py
[2025-09-21T12:00:08.654+0000] {processor.py:830} INFO - Processing file /home/airflow/.local/lib/python3.8/site-packages/airflow/example_dags/example_setup_teardown_taskflow.py for tasks to queue
[2025-09-21T12:00:08.659+0000] {logging_mixin.py:188} INFO - [2025-09-21T12:00:08.658+0000] {dagbag.py:538} INFO - Filling up the DagBag from /home/airflow/.local/lib/python3.8/site-packages/airflow/example_dags/example_setup_teardown_taskflow.py
[2025-09-21T12:00:08.684+0000] {processor.py:840} INFO - DAG(s) 'example_setup_teardown_taskflow' retrieved from /home/airflow/.local/lib/python3.8/site-packages/airflow/example_dags/example_setup_teardown_taskflow.py
[2025-09-21T12:00:08.740+0000] {logging_mixin.py:188} INFO - [2025-09-21T12:00:08.739+0000] {dag.py:3036} INFO - Sync 1 DAGs
[2025-09-21T12:00:08.798+0000] {logging_mixin.py:188} INFO - [2025-09-21T12:00:08.797+0000] {dag.py:3823} INFO - Setting next_dagrun for example_setup_teardown_taskflow to 2025-09-20 00:00:00+00:00, run_after=2025-09-21 00:00:00+00:00
[2025-09-21T12:00:08.851+0000] {processor.py:183} INFO - Processing /home/airflow/.local/lib/python3.8/site-packages/airflow/example_dags/example_setup_teardown_taskflow.py took 0.207 seconds
[2025-09-21T12:00:39.146+0000] {processor.py:161} INFO - Started process (PID=1729) to work on /home/airflow/.local/lib/python3.8/site-packages/airflow/example_dags/example_setup_teardown_taskflow.py
[2025-09-21T12:00:39.148+0000] {processor.py:830} INFO - Processing file /home/airflow/.local/lib/python3.8/site-packages/airflow/example_dags/example_setup_teardown_taskflow.py for tasks to queue
[2025-09-21T12:00:39.152+0000] {logging_mixin.py:188} INFO - [2025-09-21T12:00:39.151+0000] {dagbag.py:538} INFO - Filling up the DagBag from /home/airflow/.local/lib/python3.8/site-packages/airflow/example_dags/example_setup_teardown_taskflow.py
[2025-09-21T12:00:39.173+0000] {processor.py:840} INFO - DAG(s) 'example_setup_teardown_taskflow' retrieved from /home/airflow/.local/lib/python3.8/site-packages/airflow/example_dags/example_setup_teardown_taskflow.py
[2025-09-21T12:00:39.218+0000] {logging_mixin.py:188} INFO - [2025-09-21T12:00:39.217+0000] {dag.py:3036} INFO - Sync 1 DAGs
[2025-09-21T12:00:39.271+0000] {logging_mixin.py:188} INFO - [2025-09-21T12:00:39.270+0000] {dag.py:3823} INFO - Setting next_dagrun for example_setup_teardown_taskflow to 2025-09-20 00:00:00+00:00, run_after=2025-09-21 00:00:00+00:00
[2025-09-21T12:00:39.321+0000] {processor.py:183} INFO - Processing /home/airflow/.local/lib/python3.8/site-packages/airflow/example_dags/example_setup_teardown_taskflow.py took 0.181 seconds
[2025-09-21T12:01:10.732+0000] {processor.py:161} INFO - Started process (PID=1787) to work on /home/airflow/.local/lib/python3.8/site-packages/airflow/example_dags/example_setup_teardown_taskflow.py
[2025-09-21T12:01:10.739+0000] {processor.py:830} INFO - Processing file /home/airflow/.local/lib/python3.8/site-packages/airflow/example_dags/example_setup_teardown_taskflow.py for tasks to queue
[2025-09-21T12:01:10.747+0000] {logging_mixin.py:188} INFO - [2025-09-21T12:01:10.745+0000] {dagbag.py:538} INFO - Filling up the DagBag from /home/airflow/.local/lib/python3.8/site-packages/airflow/example_dags/example_setup_teardown_taskflow.py
[2025-09-21T12:01:10.797+0000] {processor.py:840} INFO - DAG(s) 'example_setup_teardown_taskflow' retrieved from /home/airflow/.local/lib/python3.8/site-packages/airflow/example_dags/example_setup_teardown_taskflow.py
[2025-09-21T12:01:10.889+0000] {logging_mixin.py:188} INFO - [2025-09-21T12:01:10.888+0000] {dag.py:3036} INFO - Sync 1 DAGs
[2025-09-21T12:01:10.989+0000] {logging_mixin.py:188} INFO - [2025-09-21T12:01:10.988+0000] {dag.py:3823} INFO - Setting next_dagrun for example_setup_teardown_taskflow to 2025-09-20 00:00:00+00:00, run_after=2025-09-21 00:00:00+00:00
[2025-09-21T12:01:11.076+0000] {processor.py:183} INFO - Processing /home/airflow/.local/lib/python3.8/site-packages/airflow/example_dags/example_setup_teardown_taskflow.py took 0.363 seconds
[2025-09-21T12:01:41.579+0000] {processor.py:161} INFO - Started process (PID=1845) to work on /home/airflow/.local/lib/python3.8/site-packages/airflow/example_dags/example_setup_teardown_taskflow.py
[2025-09-21T12:01:41.583+0000] {processor.py:830} INFO - Processing file /home/airflow/.local/lib/python3.8/site-packages/airflow/example_dags/example_setup_teardown_taskflow.py for tasks to queue
[2025-09-21T12:01:41.592+0000] {logging_mixin.py:188} INFO - [2025-09-21T12:01:41.590+0000] {dagbag.py:538} INFO - Filling up the DagBag from /home/airflow/.local/lib/python3.8/site-packages/airflow/example_dags/example_setup_teardown_taskflow.py
[2025-09-21T12:01:41.634+0000] {processor.py:840} INFO - DAG(s) 'example_setup_teardown_taskflow' retrieved from /home/airflow/.local/lib/python3.8/site-packages/airflow/example_dags/example_setup_teardown_taskflow.py
[2025-09-21T12:01:41.728+0000] {logging_mixin.py:188} INFO - [2025-09-21T12:01:41.727+0000] {dag.py:3036} INFO - Sync 1 DAGs
[2025-09-21T12:01:41.817+0000] {logging_mixin.py:188} INFO - [2025-09-21T12:01:41.816+0000] {dag.py:3823} INFO - Setting next_dagrun for example_setup_teardown_taskflow to 2025-09-20 00:00:00+00:00, run_after=2025-09-21 00:00:00+00:00
[2025-09-21T12:01:41.852+0000] {processor.py:183} INFO - Processing /home/airflow/.local/lib/python3.8/site-packages/airflow/example_dags/example_setup_teardown_taskflow.py took 0.287 seconds
[2025-09-21T12:02:12.152+0000] {processor.py:161} INFO - Started process (PID=1903) to work on /home/airflow/.local/lib/python3.8/site-packages/airflow/example_dags/example_setup_teardown_taskflow.py
[2025-09-21T12:02:12.155+0000] {processor.py:830} INFO - Processing file /home/airflow/.local/lib/python3.8/site-packages/airflow/example_dags/example_setup_teardown_taskflow.py for tasks to queue
[2025-09-21T12:02:12.160+0000] {logging_mixin.py:188} INFO - [2025-09-21T12:02:12.159+0000] {dagbag.py:538} INFO - Filling up the DagBag from /home/airflow/.local/lib/python3.8/site-packages/airflow/example_dags/example_setup_teardown_taskflow.py
[2025-09-21T12:02:12.190+0000] {processor.py:840} INFO - DAG(s) 'example_setup_teardown_taskflow' retrieved from /home/airflow/.local/lib/python3.8/site-packages/airflow/example_dags/example_setup_teardown_taskflow.py
[2025-09-21T12:02:12.256+0000] {logging_mixin.py:188} INFO - [2025-09-21T12:02:12.256+0000] {dag.py:3036} INFO - Sync 1 DAGs
[2025-09-21T12:02:12.316+0000] {logging_mixin.py:188} INFO - [2025-09-21T12:02:12.316+0000] {dag.py:3823} INFO - Setting next_dagrun for example_setup_teardown_taskflow to 2025-09-20 00:00:00+00:00, run_after=2025-09-21 00:00:00+00:00
[2025-09-21T12:02:12.367+0000] {processor.py:183} INFO - Processing /home/airflow/.local/lib/python3.8/site-packages/airflow/example_dags/example_setup_teardown_taskflow.py took 0.223 seconds
[2025-09-21T12:02:43.528+0000] {processor.py:161} INFO - Started process (PID=1961) to work on /home/airflow/.local/lib/python3.8/site-packages/airflow/example_dags/example_setup_teardown_taskflow.py
[2025-09-21T12:02:43.532+0000] {processor.py:830} INFO - Processing file /home/airflow/.local/lib/python3.8/site-packages/airflow/example_dags/example_setup_teardown_taskflow.py for tasks to queue
[2025-09-21T12:02:43.540+0000] {logging_mixin.py:188} INFO - [2025-09-21T12:02:43.538+0000] {dagbag.py:538} INFO - Filling up the DagBag from /home/airflow/.local/lib/python3.8/site-packages/airflow/example_dags/example_setup_teardown_taskflow.py
[2025-09-21T12:02:43.567+0000] {processor.py:840} INFO - DAG(s) 'example_setup_teardown_taskflow' retrieved from /home/airflow/.local/lib/python3.8/site-packages/airflow/example_dags/example_setup_teardown_taskflow.py
[2025-09-21T12:02:43.617+0000] {logging_mixin.py:188} INFO - [2025-09-21T12:02:43.616+0000] {dag.py:3036} INFO - Sync 1 DAGs
[2025-09-21T12:02:43.686+0000] {logging_mixin.py:188} INFO - [2025-09-21T12:02:43.685+0000] {dag.py:3823} INFO - Setting next_dagrun for example_setup_teardown_taskflow to 2025-09-20 00:00:00+00:00, run_after=2025-09-21 00:00:00+00:00
[2025-09-21T12:02:43.762+0000] {processor.py:183} INFO - Processing /home/airflow/.local/lib/python3.8/site-packages/airflow/example_dags/example_setup_teardown_taskflow.py took 0.242 seconds
[2025-09-21T12:03:14.429+0000] {processor.py:161} INFO - Started process (PID=2019) to work on /home/airflow/.local/lib/python3.8/site-packages/airflow/example_dags/example_setup_teardown_taskflow.py
[2025-09-21T12:03:14.434+0000] {processor.py:830} INFO - Processing file /home/airflow/.local/lib/python3.8/site-packages/airflow/example_dags/example_setup_teardown_taskflow.py for tasks to queue
[2025-09-21T12:03:14.439+0000] {logging_mixin.py:188} INFO - [2025-09-21T12:03:14.439+0000] {dagbag.py:538} INFO - Filling up the DagBag from /home/airflow/.local/lib/python3.8/site-packages/airflow/example_dags/example_setup_teardown_taskflow.py
[2025-09-21T12:03:14.466+0000] {processor.py:840} INFO - DAG(s) 'example_setup_teardown_taskflow' retrieved from /home/airflow/.local/lib/python3.8/site-packages/airflow/example_dags/example_setup_teardown_taskflow.py
[2025-09-21T12:03:14.518+0000] {logging_mixin.py:188} INFO - [2025-09-21T12:03:14.517+0000] {dag.py:3036} INFO - Sync 1 DAGs
[2025-09-21T12:03:14.577+0000] {logging_mixin.py:188} INFO - [2025-09-21T12:03:14.577+0000] {dag.py:3823} INFO - Setting next_dagrun for example_setup_teardown_taskflow to 2025-09-20 00:00:00+00:00, run_after=2025-09-21 00:00:00+00:00
[2025-09-21T12:03:14.630+0000] {processor.py:183} INFO - Processing /home/airflow/.local/lib/python3.8/site-packages/airflow/example_dags/example_setup_teardown_taskflow.py took 0.208 seconds
[2025-09-21T12:03:45.436+0000] {processor.py:161} INFO - Started process (PID=2077) to work on /home/airflow/.local/lib/python3.8/site-packages/airflow/example_dags/example_setup_teardown_taskflow.py
[2025-09-21T12:03:45.441+0000] {processor.py:830} INFO - Processing file /home/airflow/.local/lib/python3.8/site-packages/airflow/example_dags/example_setup_teardown_taskflow.py for tasks to queue
[2025-09-21T12:03:45.452+0000] {logging_mixin.py:188} INFO - [2025-09-21T12:03:45.450+0000] {dagbag.py:538} INFO - Filling up the DagBag from /home/airflow/.local/lib/python3.8/site-packages/airflow/example_dags/example_setup_teardown_taskflow.py
[2025-09-21T12:03:45.513+0000] {processor.py:840} INFO - DAG(s) 'example_setup_teardown_taskflow' retrieved from /home/airflow/.local/lib/python3.8/site-packages/airflow/example_dags/example_setup_teardown_taskflow.py
[2025-09-21T12:03:45.645+0000] {logging_mixin.py:188} INFO - [2025-09-21T12:03:45.644+0000] {dag.py:3036} INFO - Sync 1 DAGs
[2025-09-21T12:03:45.766+0000] {logging_mixin.py:188} INFO - [2025-09-21T12:03:45.765+0000] {dag.py:3823} INFO - Setting next_dagrun for example_setup_teardown_taskflow to 2025-09-20 00:00:00+00:00, run_after=2025-09-21 00:00:00+00:00
[2025-09-21T12:03:45.818+0000] {processor.py:183} INFO - Processing /home/airflow/.local/lib/python3.8/site-packages/airflow/example_dags/example_setup_teardown_taskflow.py took 0.399 seconds
[2025-09-21T12:04:16.013+0000] {processor.py:161} INFO - Started process (PID=2135) to work on /home/airflow/.local/lib/python3.8/site-packages/airflow/example_dags/example_setup_teardown_taskflow.py
[2025-09-21T12:04:16.015+0000] {processor.py:830} INFO - Processing file /home/airflow/.local/lib/python3.8/site-packages/airflow/example_dags/example_setup_teardown_taskflow.py for tasks to queue
[2025-09-21T12:04:16.021+0000] {logging_mixin.py:188} INFO - [2025-09-21T12:04:16.020+0000] {dagbag.py:538} INFO - Filling up the DagBag from /home/airflow/.local/lib/python3.8/site-packages/airflow/example_dags/example_setup_teardown_taskflow.py
[2025-09-21T12:04:16.043+0000] {processor.py:840} INFO - DAG(s) 'example_setup_teardown_taskflow' retrieved from /home/airflow/.local/lib/python3.8/site-packages/airflow/example_dags/example_setup_teardown_taskflow.py
[2025-09-21T12:04:16.091+0000] {logging_mixin.py:188} INFO - [2025-09-21T12:04:16.091+0000] {dag.py:3036} INFO - Sync 1 DAGs
[2025-09-21T12:04:16.144+0000] {logging_mixin.py:188} INFO - [2025-09-21T12:04:16.144+0000] {dag.py:3823} INFO - Setting next_dagrun for example_setup_teardown_taskflow to 2025-09-20 00:00:00+00:00, run_after=2025-09-21 00:00:00+00:00
[2025-09-21T12:04:16.191+0000] {processor.py:183} INFO - Processing /home/airflow/.local/lib/python3.8/site-packages/airflow/example_dags/example_setup_teardown_taskflow.py took 0.184 seconds
[2025-09-21T12:04:46.550+0000] {processor.py:161} INFO - Started process (PID=2193) to work on /home/airflow/.local/lib/python3.8/site-packages/airflow/example_dags/example_setup_teardown_taskflow.py
[2025-09-21T12:04:46.553+0000] {processor.py:830} INFO - Processing file /home/airflow/.local/lib/python3.8/site-packages/airflow/example_dags/example_setup_teardown_taskflow.py for tasks to queue
[2025-09-21T12:04:46.558+0000] {logging_mixin.py:188} INFO - [2025-09-21T12:04:46.557+0000] {dagbag.py:538} INFO - Filling up the DagBag from /home/airflow/.local/lib/python3.8/site-packages/airflow/example_dags/example_setup_teardown_taskflow.py
[2025-09-21T12:04:46.580+0000] {processor.py:840} INFO - DAG(s) 'example_setup_teardown_taskflow' retrieved from /home/airflow/.local/lib/python3.8/site-packages/airflow/example_dags/example_setup_teardown_taskflow.py
[2025-09-21T12:04:46.625+0000] {logging_mixin.py:188} INFO - [2025-09-21T12:04:46.625+0000] {dag.py:3036} INFO - Sync 1 DAGs
[2025-09-21T12:04:46.678+0000] {logging_mixin.py:188} INFO - [2025-09-21T12:04:46.677+0000] {dag.py:3823} INFO - Setting next_dagrun for example_setup_teardown_taskflow to 2025-09-20 00:00:00+00:00, run_after=2025-09-21 00:00:00+00:00
[2025-09-21T12:04:46.723+0000] {processor.py:183} INFO - Processing /home/airflow/.local/lib/python3.8/site-packages/airflow/example_dags/example_setup_teardown_taskflow.py took 0.184 seconds
[2025-09-21T12:05:16.943+0000] {processor.py:161} INFO - Started process (PID=2251) to work on /home/airflow/.local/lib/python3.8/site-packages/airflow/example_dags/example_setup_teardown_taskflow.py
[2025-09-21T12:05:16.946+0000] {processor.py:830} INFO - Processing file /home/airflow/.local/lib/python3.8/site-packages/airflow/example_dags/example_setup_teardown_taskflow.py for tasks to queue
[2025-09-21T12:05:16.951+0000] {logging_mixin.py:188} INFO - [2025-09-21T12:05:16.950+0000] {dagbag.py:538} INFO - Filling up the DagBag from /home/airflow/.local/lib/python3.8/site-packages/airflow/example_dags/example_setup_teardown_taskflow.py
[2025-09-21T12:05:16.976+0000] {processor.py:840} INFO - DAG(s) 'example_setup_teardown_taskflow' retrieved from /home/airflow/.local/lib/python3.8/site-packages/airflow/example_dags/example_setup_teardown_taskflow.py
[2025-09-21T12:05:17.042+0000] {logging_mixin.py:188} INFO - [2025-09-21T12:05:17.041+0000] {dag.py:3036} INFO - Sync 1 DAGs
[2025-09-21T12:05:17.119+0000] {logging_mixin.py:188} INFO - [2025-09-21T12:05:17.118+0000] {dag.py:3823} INFO - Setting next_dagrun for example_setup_teardown_taskflow to 2025-09-20 00:00:00+00:00, run_after=2025-09-21 00:00:00+00:00
[2025-09-21T12:05:17.208+0000] {processor.py:183} INFO - Processing /home/airflow/.local/lib/python3.8/site-packages/airflow/example_dags/example_setup_teardown_taskflow.py took 0.272 seconds
[2025-09-21T12:05:47.860+0000] {processor.py:161} INFO - Started process (PID=2309) to work on /home/airflow/.local/lib/python3.8/site-packages/airflow/example_dags/example_setup_teardown_taskflow.py
[2025-09-21T12:05:47.862+0000] {processor.py:830} INFO - Processing file /home/airflow/.local/lib/python3.8/site-packages/airflow/example_dags/example_setup_teardown_taskflow.py for tasks to queue
[2025-09-21T12:05:47.866+0000] {logging_mixin.py:188} INFO - [2025-09-21T12:05:47.865+0000] {dagbag.py:538} INFO - Filling up the DagBag from /home/airflow/.local/lib/python3.8/site-packages/airflow/example_dags/example_setup_teardown_taskflow.py
[2025-09-21T12:05:47.884+0000] {processor.py:840} INFO - DAG(s) 'example_setup_teardown_taskflow' retrieved from /home/airflow/.local/lib/python3.8/site-packages/airflow/example_dags/example_setup_teardown_taskflow.py
[2025-09-21T12:05:47.922+0000] {logging_mixin.py:188} INFO - [2025-09-21T12:05:47.922+0000] {dag.py:3036} INFO - Sync 1 DAGs
[2025-09-21T12:05:47.971+0000] {logging_mixin.py:188} INFO - [2025-09-21T12:05:47.971+0000] {dag.py:3823} INFO - Setting next_dagrun for example_setup_teardown_taskflow to 2025-09-20 00:00:00+00:00, run_after=2025-09-21 00:00:00+00:00
[2025-09-21T12:05:48.009+0000] {processor.py:183} INFO - Processing /home/airflow/.local/lib/python3.8/site-packages/airflow/example_dags/example_setup_teardown_taskflow.py took 0.158 seconds
[2025-09-21T12:06:18.446+0000] {processor.py:161} INFO - Started process (PID=2367) to work on /home/airflow/.local/lib/python3.8/site-packages/airflow/example_dags/example_setup_teardown_taskflow.py
[2025-09-21T12:06:18.448+0000] {processor.py:830} INFO - Processing file /home/airflow/.local/lib/python3.8/site-packages/airflow/example_dags/example_setup_teardown_taskflow.py for tasks to queue
[2025-09-21T12:06:18.453+0000] {logging_mixin.py:188} INFO - [2025-09-21T12:06:18.452+0000] {dagbag.py:538} INFO - Filling up the DagBag from /home/airflow/.local/lib/python3.8/site-packages/airflow/example_dags/example_setup_teardown_taskflow.py
[2025-09-21T12:06:18.478+0000] {processor.py:840} INFO - DAG(s) 'example_setup_teardown_taskflow' retrieved from /home/airflow/.local/lib/python3.8/site-packages/airflow/example_dags/example_setup_teardown_taskflow.py
[2025-09-21T12:06:18.519+0000] {logging_mixin.py:188} INFO - [2025-09-21T12:06:18.518+0000] {dag.py:3036} INFO - Sync 1 DAGs
[2025-09-21T12:06:18.560+0000] {logging_mixin.py:188} INFO - [2025-09-21T12:06:18.560+0000] {dag.py:3823} INFO - Setting next_dagrun for example_setup_teardown_taskflow to 2025-09-20 00:00:00+00:00, run_after=2025-09-21 00:00:00+00:00
[2025-09-21T12:06:18.605+0000] {processor.py:183} INFO - Processing /home/airflow/.local/lib/python3.8/site-packages/airflow/example_dags/example_setup_teardown_taskflow.py took 0.174 seconds
[2025-09-21T12:06:49.236+0000] {processor.py:161} INFO - Started process (PID=2425) to work on /home/airflow/.local/lib/python3.8/site-packages/airflow/example_dags/example_setup_teardown_taskflow.py
[2025-09-21T12:06:49.238+0000] {processor.py:830} INFO - Processing file /home/airflow/.local/lib/python3.8/site-packages/airflow/example_dags/example_setup_teardown_taskflow.py for tasks to queue
[2025-09-21T12:06:49.241+0000] {logging_mixin.py:188} INFO - [2025-09-21T12:06:49.240+0000] {dagbag.py:538} INFO - Filling up the DagBag from /home/airflow/.local/lib/python3.8/site-packages/airflow/example_dags/example_setup_teardown_taskflow.py
[2025-09-21T12:06:49.265+0000] {processor.py:840} INFO - DAG(s) 'example_setup_teardown_taskflow' retrieved from /home/airflow/.local/lib/python3.8/site-packages/airflow/example_dags/example_setup_teardown_taskflow.py
[2025-09-21T12:06:49.334+0000] {logging_mixin.py:188} INFO - [2025-09-21T12:06:49.333+0000] {dag.py:3036} INFO - Sync 1 DAGs
[2025-09-21T12:06:49.409+0000] {logging_mixin.py:188} INFO - [2025-09-21T12:06:49.408+0000] {dag.py:3823} INFO - Setting next_dagrun for example_setup_teardown_taskflow to 2025-09-20 00:00:00+00:00, run_after=2025-09-21 00:00:00+00:00
[2025-09-21T12:06:49.483+0000] {processor.py:183} INFO - Processing /home/airflow/.local/lib/python3.8/site-packages/airflow/example_dags/example_setup_teardown_taskflow.py took 0.253 seconds
[2025-09-21T12:07:20.518+0000] {processor.py:161} INFO - Started process (PID=2484) to work on /home/airflow/.local/lib/python3.8/site-packages/airflow/example_dags/example_setup_teardown_taskflow.py
[2025-09-21T12:07:20.520+0000] {processor.py:830} INFO - Processing file /home/airflow/.local/lib/python3.8/site-packages/airflow/example_dags/example_setup_teardown_taskflow.py for tasks to queue
[2025-09-21T12:07:20.524+0000] {logging_mixin.py:188} INFO - [2025-09-21T12:07:20.523+0000] {dagbag.py:538} INFO - Filling up the DagBag from /home/airflow/.local/lib/python3.8/site-packages/airflow/example_dags/example_setup_teardown_taskflow.py
[2025-09-21T12:07:20.551+0000] {processor.py:840} INFO - DAG(s) 'example_setup_teardown_taskflow' retrieved from /home/airflow/.local/lib/python3.8/site-packages/airflow/example_dags/example_setup_teardown_taskflow.py
[2025-09-21T12:07:20.590+0000] {logging_mixin.py:188} INFO - [2025-09-21T12:07:20.590+0000] {dag.py:3036} INFO - Sync 1 DAGs
[2025-09-21T12:07:20.631+0000] {logging_mixin.py:188} INFO - [2025-09-21T12:07:20.630+0000] {dag.py:3823} INFO - Setting next_dagrun for example_setup_teardown_taskflow to 2025-09-20 00:00:00+00:00, run_after=2025-09-21 00:00:00+00:00
[2025-09-21T12:07:20.683+0000] {processor.py:183} INFO - Processing /home/airflow/.local/lib/python3.8/site-packages/airflow/example_dags/example_setup_teardown_taskflow.py took 0.172 seconds
[2025-09-21T12:07:51.077+0000] {processor.py:161} INFO - Started process (PID=2542) to work on /home/airflow/.local/lib/python3.8/site-packages/airflow/example_dags/example_setup_teardown_taskflow.py
[2025-09-21T12:07:51.080+0000] {processor.py:830} INFO - Processing file /home/airflow/.local/lib/python3.8/site-packages/airflow/example_dags/example_setup_teardown_taskflow.py for tasks to queue
[2025-09-21T12:07:51.084+0000] {logging_mixin.py:188} INFO - [2025-09-21T12:07:51.083+0000] {dagbag.py:538} INFO - Filling up the DagBag from /home/airflow/.local/lib/python3.8/site-packages/airflow/example_dags/example_setup_teardown_taskflow.py
[2025-09-21T12:07:51.110+0000] {processor.py:840} INFO - DAG(s) 'example_setup_teardown_taskflow' retrieved from /home/airflow/.local/lib/python3.8/site-packages/airflow/example_dags/example_setup_teardown_taskflow.py
[2025-09-21T12:07:51.163+0000] {logging_mixin.py:188} INFO - [2025-09-21T12:07:51.162+0000] {dag.py:3036} INFO - Sync 1 DAGs
[2025-09-21T12:07:51.223+0000] {logging_mixin.py:188} INFO - [2025-09-21T12:07:51.222+0000] {dag.py:3823} INFO - Setting next_dagrun for example_setup_teardown_taskflow to 2025-09-20 00:00:00+00:00, run_after=2025-09-21 00:00:00+00:00
[2025-09-21T12:07:51.273+0000] {processor.py:183} INFO - Processing /home/airflow/.local/lib/python3.8/site-packages/airflow/example_dags/example_setup_teardown_taskflow.py took 0.205 seconds
[2025-09-21T12:08:21.503+0000] {processor.py:161} INFO - Started process (PID=2600) to work on /home/airflow/.local/lib/python3.8/site-packages/airflow/example_dags/example_setup_teardown_taskflow.py
[2025-09-21T12:08:21.509+0000] {processor.py:830} INFO - Processing file /home/airflow/.local/lib/python3.8/site-packages/airflow/example_dags/example_setup_teardown_taskflow.py for tasks to queue
[2025-09-21T12:08:21.520+0000] {logging_mixin.py:188} INFO - [2025-09-21T12:08:21.519+0000] {dagbag.py:538} INFO - Filling up the DagBag from /home/airflow/.local/lib/python3.8/site-packages/airflow/example_dags/example_setup_teardown_taskflow.py
[2025-09-21T12:08:21.560+0000] {processor.py:840} INFO - DAG(s) 'example_setup_teardown_taskflow' retrieved from /home/airflow/.local/lib/python3.8/site-packages/airflow/example_dags/example_setup_teardown_taskflow.py
[2025-09-21T12:08:21.618+0000] {logging_mixin.py:188} INFO - [2025-09-21T12:08:21.618+0000] {dag.py:3036} INFO - Sync 1 DAGs
[2025-09-21T12:08:21.684+0000] {logging_mixin.py:188} INFO - [2025-09-21T12:08:21.683+0000] {dag.py:3823} INFO - Setting next_dagrun for example_setup_teardown_taskflow to 2025-09-20 00:00:00+00:00, run_after=2025-09-21 00:00:00+00:00
[2025-09-21T12:08:21.741+0000] {processor.py:183} INFO - Processing /home/airflow/.local/lib/python3.8/site-packages/airflow/example_dags/example_setup_teardown_taskflow.py took 0.266 seconds
[2025-09-21T12:08:52.319+0000] {processor.py:161} INFO - Started process (PID=2658) to work on /home/airflow/.local/lib/python3.8/site-packages/airflow/example_dags/example_setup_teardown_taskflow.py
[2025-09-21T12:08:52.322+0000] {processor.py:830} INFO - Processing file /home/airflow/.local/lib/python3.8/site-packages/airflow/example_dags/example_setup_teardown_taskflow.py for tasks to queue
[2025-09-21T12:08:52.326+0000] {logging_mixin.py:188} INFO - [2025-09-21T12:08:52.325+0000] {dagbag.py:538} INFO - Filling up the DagBag from /home/airflow/.local/lib/python3.8/site-packages/airflow/example_dags/example_setup_teardown_taskflow.py
[2025-09-21T12:08:52.352+0000] {processor.py:840} INFO - DAG(s) 'example_setup_teardown_taskflow' retrieved from /home/airflow/.local/lib/python3.8/site-packages/airflow/example_dags/example_setup_teardown_taskflow.py
[2025-09-21T12:08:52.396+0000] {logging_mixin.py:188} INFO - [2025-09-21T12:08:52.395+0000] {dag.py:3036} INFO - Sync 1 DAGs
[2025-09-21T12:08:52.445+0000] {logging_mixin.py:188} INFO - [2025-09-21T12:08:52.445+0000] {dag.py:3823} INFO - Setting next_dagrun for example_setup_teardown_taskflow to 2025-09-20 00:00:00+00:00, run_after=2025-09-21 00:00:00+00:00
[2025-09-21T12:08:52.487+0000] {processor.py:183} INFO - Processing /home/airflow/.local/lib/python3.8/site-packages/airflow/example_dags/example_setup_teardown_taskflow.py took 0.177 seconds
[2025-09-21T12:09:23.624+0000] {processor.py:161} INFO - Started process (PID=2716) to work on /home/airflow/.local/lib/python3.8/site-packages/airflow/example_dags/example_setup_teardown_taskflow.py
[2025-09-21T12:09:23.627+0000] {processor.py:830} INFO - Processing file /home/airflow/.local/lib/python3.8/site-packages/airflow/example_dags/example_setup_teardown_taskflow.py for tasks to queue
[2025-09-21T12:09:23.632+0000] {logging_mixin.py:188} INFO - [2025-09-21T12:09:23.631+0000] {dagbag.py:538} INFO - Filling up the DagBag from /home/airflow/.local/lib/python3.8/site-packages/airflow/example_dags/example_setup_teardown_taskflow.py
[2025-09-21T12:09:23.656+0000] {processor.py:840} INFO - DAG(s) 'example_setup_teardown_taskflow' retrieved from /home/airflow/.local/lib/python3.8/site-packages/airflow/example_dags/example_setup_teardown_taskflow.py
[2025-09-21T12:09:23.730+0000] {logging_mixin.py:188} INFO - [2025-09-21T12:09:23.729+0000] {dag.py:3036} INFO - Sync 1 DAGs
[2025-09-21T12:09:23.863+0000] {logging_mixin.py:188} INFO - [2025-09-21T12:09:23.863+0000] {dag.py:3823} INFO - Setting next_dagrun for example_setup_teardown_taskflow to 2025-09-20 00:00:00+00:00, run_after=2025-09-21 00:00:00+00:00
[2025-09-21T12:09:23.956+0000] {processor.py:183} INFO - Processing /home/airflow/.local/lib/python3.8/site-packages/airflow/example_dags/example_setup_teardown_taskflow.py took 0.341 seconds
[2025-09-21T12:09:54.235+0000] {processor.py:161} INFO - Started process (PID=2776) to work on /home/airflow/.local/lib/python3.8/site-packages/airflow/example_dags/example_setup_teardown_taskflow.py
[2025-09-21T12:09:54.238+0000] {processor.py:830} INFO - Processing file /home/airflow/.local/lib/python3.8/site-packages/airflow/example_dags/example_setup_teardown_taskflow.py for tasks to queue
[2025-09-21T12:09:54.243+0000] {logging_mixin.py:188} INFO - [2025-09-21T12:09:54.242+0000] {dagbag.py:538} INFO - Filling up the DagBag from /home/airflow/.local/lib/python3.8/site-packages/airflow/example_dags/example_setup_teardown_taskflow.py
[2025-09-21T12:09:54.270+0000] {processor.py:840} INFO - DAG(s) 'example_setup_teardown_taskflow' retrieved from /home/airflow/.local/lib/python3.8/site-packages/airflow/example_dags/example_setup_teardown_taskflow.py
[2025-09-21T12:09:54.328+0000] {logging_mixin.py:188} INFO - [2025-09-21T12:09:54.327+0000] {dag.py:3036} INFO - Sync 1 DAGs
[2025-09-21T12:09:54.397+0000] {logging_mixin.py:188} INFO - [2025-09-21T12:09:54.396+0000] {dag.py:3823} INFO - Setting next_dagrun for example_setup_teardown_taskflow to 2025-09-20 00:00:00+00:00, run_after=2025-09-21 00:00:00+00:00
[2025-09-21T12:09:54.445+0000] {processor.py:183} INFO - Processing /home/airflow/.local/lib/python3.8/site-packages/airflow/example_dags/example_setup_teardown_taskflow.py took 0.219 seconds
[2025-09-21T12:10:24.973+0000] {processor.py:161} INFO - Started process (PID=2834) to work on /home/airflow/.local/lib/python3.8/site-packages/airflow/example_dags/example_setup_teardown_taskflow.py
[2025-09-21T12:10:24.976+0000] {processor.py:830} INFO - Processing file /home/airflow/.local/lib/python3.8/site-packages/airflow/example_dags/example_setup_teardown_taskflow.py for tasks to queue
[2025-09-21T12:10:24.981+0000] {logging_mixin.py:188} INFO - [2025-09-21T12:10:24.980+0000] {dagbag.py:538} INFO - Filling up the DagBag from /home/airflow/.local/lib/python3.8/site-packages/airflow/example_dags/example_setup_teardown_taskflow.py
[2025-09-21T12:10:25.008+0000] {processor.py:840} INFO - DAG(s) 'example_setup_teardown_taskflow' retrieved from /home/airflow/.local/lib/python3.8/site-packages/airflow/example_dags/example_setup_teardown_taskflow.py
[2025-09-21T12:10:25.075+0000] {logging_mixin.py:188} INFO - [2025-09-21T12:10:25.074+0000] {dag.py:3036} INFO - Sync 1 DAGs
[2025-09-21T12:10:25.181+0000] {logging_mixin.py:188} INFO - [2025-09-21T12:10:25.180+0000] {dag.py:3823} INFO - Setting next_dagrun for example_setup_teardown_taskflow to 2025-09-20 00:00:00+00:00, run_after=2025-09-21 00:00:00+00:00
[2025-09-21T12:10:25.272+0000] {processor.py:183} INFO - Processing /home/airflow/.local/lib/python3.8/site-packages/airflow/example_dags/example_setup_teardown_taskflow.py took 0.306 seconds
[2025-09-21T12:10:55.955+0000] {processor.py:161} INFO - Started process (PID=2890) to work on /home/airflow/.local/lib/python3.8/site-packages/airflow/example_dags/example_setup_teardown_taskflow.py
[2025-09-21T12:10:55.958+0000] {processor.py:830} INFO - Processing file /home/airflow/.local/lib/python3.8/site-packages/airflow/example_dags/example_setup_teardown_taskflow.py for tasks to queue
[2025-09-21T12:10:55.964+0000] {logging_mixin.py:188} INFO - [2025-09-21T12:10:55.963+0000] {dagbag.py:538} INFO - Filling up the DagBag from /home/airflow/.local/lib/python3.8/site-packages/airflow/example_dags/example_setup_teardown_taskflow.py
[2025-09-21T12:10:55.992+0000] {processor.py:840} INFO - DAG(s) 'example_setup_teardown_taskflow' retrieved from /home/airflow/.local/lib/python3.8/site-packages/airflow/example_dags/example_setup_teardown_taskflow.py
[2025-09-21T12:10:56.051+0000] {logging_mixin.py:188} INFO - [2025-09-21T12:10:56.050+0000] {dag.py:3036} INFO - Sync 1 DAGs
[2025-09-21T12:10:56.113+0000] {logging_mixin.py:188} INFO - [2025-09-21T12:10:56.112+0000] {dag.py:3823} INFO - Setting next_dagrun for example_setup_teardown_taskflow to 2025-09-20 00:00:00+00:00, run_after=2025-09-21 00:00:00+00:00
[2025-09-21T12:10:56.159+0000] {processor.py:183} INFO - Processing /home/airflow/.local/lib/python3.8/site-packages/airflow/example_dags/example_setup_teardown_taskflow.py took 0.212 seconds
[2025-09-21T12:11:26.348+0000] {processor.py:161} INFO - Started process (PID=2948) to work on /home/airflow/.local/lib/python3.8/site-packages/airflow/example_dags/example_setup_teardown_taskflow.py
[2025-09-21T12:11:26.350+0000] {processor.py:830} INFO - Processing file /home/airflow/.local/lib/python3.8/site-packages/airflow/example_dags/example_setup_teardown_taskflow.py for tasks to queue
[2025-09-21T12:11:26.354+0000] {logging_mixin.py:188} INFO - [2025-09-21T12:11:26.353+0000] {dagbag.py:538} INFO - Filling up the DagBag from /home/airflow/.local/lib/python3.8/site-packages/airflow/example_dags/example_setup_teardown_taskflow.py
[2025-09-21T12:11:26.376+0000] {processor.py:840} INFO - DAG(s) 'example_setup_teardown_taskflow' retrieved from /home/airflow/.local/lib/python3.8/site-packages/airflow/example_dags/example_setup_teardown_taskflow.py
[2025-09-21T12:11:26.432+0000] {logging_mixin.py:188} INFO - [2025-09-21T12:11:26.431+0000] {dag.py:3036} INFO - Sync 1 DAGs
[2025-09-21T12:11:26.498+0000] {logging_mixin.py:188} INFO - [2025-09-21T12:11:26.498+0000] {dag.py:3823} INFO - Setting next_dagrun for example_setup_teardown_taskflow to 2025-09-20 00:00:00+00:00, run_after=2025-09-21 00:00:00+00:00
[2025-09-21T12:11:26.549+0000] {processor.py:183} INFO - Processing /home/airflow/.local/lib/python3.8/site-packages/airflow/example_dags/example_setup_teardown_taskflow.py took 0.207 seconds
[2025-09-21T12:11:56.938+0000] {processor.py:161} INFO - Started process (PID=3011) to work on /home/airflow/.local/lib/python3.8/site-packages/airflow/example_dags/example_setup_teardown_taskflow.py
[2025-09-21T12:11:56.940+0000] {processor.py:830} INFO - Processing file /home/airflow/.local/lib/python3.8/site-packages/airflow/example_dags/example_setup_teardown_taskflow.py for tasks to queue
[2025-09-21T12:11:56.943+0000] {logging_mixin.py:188} INFO - [2025-09-21T12:11:56.943+0000] {dagbag.py:538} INFO - Filling up the DagBag from /home/airflow/.local/lib/python3.8/site-packages/airflow/example_dags/example_setup_teardown_taskflow.py
[2025-09-21T12:11:56.967+0000] {processor.py:840} INFO - DAG(s) 'example_setup_teardown_taskflow' retrieved from /home/airflow/.local/lib/python3.8/site-packages/airflow/example_dags/example_setup_teardown_taskflow.py
[2025-09-21T12:11:57.006+0000] {logging_mixin.py:188} INFO - [2025-09-21T12:11:57.006+0000] {dag.py:3036} INFO - Sync 1 DAGs
[2025-09-21T12:11:57.051+0000] {logging_mixin.py:188} INFO - [2025-09-21T12:11:57.050+0000] {dag.py:3823} INFO - Setting next_dagrun for example_setup_teardown_taskflow to 2025-09-20 00:00:00+00:00, run_after=2025-09-21 00:00:00+00:00
[2025-09-21T12:11:57.089+0000] {processor.py:183} INFO - Processing /home/airflow/.local/lib/python3.8/site-packages/airflow/example_dags/example_setup_teardown_taskflow.py took 0.157 seconds
[2025-09-21T12:12:27.377+0000] {processor.py:161} INFO - Started process (PID=3069) to work on /home/airflow/.local/lib/python3.8/site-packages/airflow/example_dags/example_setup_teardown_taskflow.py
[2025-09-21T12:12:27.380+0000] {processor.py:830} INFO - Processing file /home/airflow/.local/lib/python3.8/site-packages/airflow/example_dags/example_setup_teardown_taskflow.py for tasks to queue
[2025-09-21T12:12:27.383+0000] {logging_mixin.py:188} INFO - [2025-09-21T12:12:27.383+0000] {dagbag.py:538} INFO - Filling up the DagBag from /home/airflow/.local/lib/python3.8/site-packages/airflow/example_dags/example_setup_teardown_taskflow.py
[2025-09-21T12:12:27.409+0000] {processor.py:840} INFO - DAG(s) 'example_setup_teardown_taskflow' retrieved from /home/airflow/.local/lib/python3.8/site-packages/airflow/example_dags/example_setup_teardown_taskflow.py
[2025-09-21T12:12:27.460+0000] {logging_mixin.py:188} INFO - [2025-09-21T12:12:27.460+0000] {dag.py:3036} INFO - Sync 1 DAGs
[2025-09-21T12:12:27.517+0000] {logging_mixin.py:188} INFO - [2025-09-21T12:12:27.516+0000] {dag.py:3823} INFO - Setting next_dagrun for example_setup_teardown_taskflow to 2025-09-20 00:00:00+00:00, run_after=2025-09-21 00:00:00+00:00
[2025-09-21T12:12:27.560+0000] {processor.py:183} INFO - Processing /home/airflow/.local/lib/python3.8/site-packages/airflow/example_dags/example_setup_teardown_taskflow.py took 0.191 seconds
[2025-09-21T12:12:57.923+0000] {processor.py:161} INFO - Started process (PID=3127) to work on /home/airflow/.local/lib/python3.8/site-packages/airflow/example_dags/example_setup_teardown_taskflow.py
[2025-09-21T12:12:57.925+0000] {processor.py:830} INFO - Processing file /home/airflow/.local/lib/python3.8/site-packages/airflow/example_dags/example_setup_teardown_taskflow.py for tasks to queue
[2025-09-21T12:12:57.929+0000] {logging_mixin.py:188} INFO - [2025-09-21T12:12:57.929+0000] {dagbag.py:538} INFO - Filling up the DagBag from /home/airflow/.local/lib/python3.8/site-packages/airflow/example_dags/example_setup_teardown_taskflow.py
[2025-09-21T12:12:57.951+0000] {processor.py:840} INFO - DAG(s) 'example_setup_teardown_taskflow' retrieved from /home/airflow/.local/lib/python3.8/site-packages/airflow/example_dags/example_setup_teardown_taskflow.py
[2025-09-21T12:12:57.993+0000] {logging_mixin.py:188} INFO - [2025-09-21T12:12:57.992+0000] {dag.py:3036} INFO - Sync 1 DAGs
[2025-09-21T12:12:58.035+0000] {logging_mixin.py:188} INFO - [2025-09-21T12:12:58.035+0000] {dag.py:3823} INFO - Setting next_dagrun for example_setup_teardown_taskflow to 2025-09-20 00:00:00+00:00, run_after=2025-09-21 00:00:00+00:00
[2025-09-21T12:12:58.070+0000] {processor.py:183} INFO - Processing /home/airflow/.local/lib/python3.8/site-packages/airflow/example_dags/example_setup_teardown_taskflow.py took 0.153 seconds
[2025-09-21T12:13:28.400+0000] {processor.py:161} INFO - Started process (PID=3185) to work on /home/airflow/.local/lib/python3.8/site-packages/airflow/example_dags/example_setup_teardown_taskflow.py
[2025-09-21T12:13:28.403+0000] {processor.py:830} INFO - Processing file /home/airflow/.local/lib/python3.8/site-packages/airflow/example_dags/example_setup_teardown_taskflow.py for tasks to queue
[2025-09-21T12:13:28.410+0000] {logging_mixin.py:188} INFO - [2025-09-21T12:13:28.408+0000] {dagbag.py:538} INFO - Filling up the DagBag from /home/airflow/.local/lib/python3.8/site-packages/airflow/example_dags/example_setup_teardown_taskflow.py
[2025-09-21T12:13:28.452+0000] {processor.py:840} INFO - DAG(s) 'example_setup_teardown_taskflow' retrieved from /home/airflow/.local/lib/python3.8/site-packages/airflow/example_dags/example_setup_teardown_taskflow.py
[2025-09-21T12:13:28.529+0000] {logging_mixin.py:188} INFO - [2025-09-21T12:13:28.529+0000] {dag.py:3036} INFO - Sync 1 DAGs
[2025-09-21T12:13:28.596+0000] {logging_mixin.py:188} INFO - [2025-09-21T12:13:28.595+0000] {dag.py:3823} INFO - Setting next_dagrun for example_setup_teardown_taskflow to 2025-09-20 00:00:00+00:00, run_after=2025-09-21 00:00:00+00:00
[2025-09-21T12:13:28.642+0000] {processor.py:183} INFO - Processing /home/airflow/.local/lib/python3.8/site-packages/airflow/example_dags/example_setup_teardown_taskflow.py took 0.251 seconds
[2025-09-21T12:13:59.690+0000] {processor.py:161} INFO - Started process (PID=3243) to work on /home/airflow/.local/lib/python3.8/site-packages/airflow/example_dags/example_setup_teardown_taskflow.py
[2025-09-21T12:13:59.691+0000] {processor.py:830} INFO - Processing file /home/airflow/.local/lib/python3.8/site-packages/airflow/example_dags/example_setup_teardown_taskflow.py for tasks to queue
[2025-09-21T12:13:59.695+0000] {logging_mixin.py:188} INFO - [2025-09-21T12:13:59.695+0000] {dagbag.py:538} INFO - Filling up the DagBag from /home/airflow/.local/lib/python3.8/site-packages/airflow/example_dags/example_setup_teardown_taskflow.py
[2025-09-21T12:13:59.713+0000] {processor.py:840} INFO - DAG(s) 'example_setup_teardown_taskflow' retrieved from /home/airflow/.local/lib/python3.8/site-packages/airflow/example_dags/example_setup_teardown_taskflow.py
[2025-09-21T12:13:59.753+0000] {logging_mixin.py:188} INFO - [2025-09-21T12:13:59.753+0000] {dag.py:3036} INFO - Sync 1 DAGs
[2025-09-21T12:13:59.794+0000] {logging_mixin.py:188} INFO - [2025-09-21T12:13:59.794+0000] {dag.py:3823} INFO - Setting next_dagrun for example_setup_teardown_taskflow to 2025-09-20 00:00:00+00:00, run_after=2025-09-21 00:00:00+00:00
[2025-09-21T12:13:59.834+0000] {processor.py:183} INFO - Processing /home/airflow/.local/lib/python3.8/site-packages/airflow/example_dags/example_setup_teardown_taskflow.py took 0.152 seconds
[2025-09-21T12:14:30.194+0000] {processor.py:161} INFO - Started process (PID=3299) to work on /home/airflow/.local/lib/python3.8/site-packages/airflow/example_dags/example_setup_teardown_taskflow.py
[2025-09-21T12:14:30.196+0000] {processor.py:830} INFO - Processing file /home/airflow/.local/lib/python3.8/site-packages/airflow/example_dags/example_setup_teardown_taskflow.py for tasks to queue
[2025-09-21T12:14:30.202+0000] {logging_mixin.py:188} INFO - [2025-09-21T12:14:30.202+0000] {dagbag.py:538} INFO - Filling up the DagBag from /home/airflow/.local/lib/python3.8/site-packages/airflow/example_dags/example_setup_teardown_taskflow.py
[2025-09-21T12:14:30.232+0000] {processor.py:840} INFO - DAG(s) 'example_setup_teardown_taskflow' retrieved from /home/airflow/.local/lib/python3.8/site-packages/airflow/example_dags/example_setup_teardown_taskflow.py
[2025-09-21T12:14:30.283+0000] {logging_mixin.py:188} INFO - [2025-09-21T12:14:30.283+0000] {dag.py:3036} INFO - Sync 1 DAGs
[2025-09-21T12:14:30.336+0000] {logging_mixin.py:188} INFO - [2025-09-21T12:14:30.335+0000] {dag.py:3823} INFO - Setting next_dagrun for example_setup_teardown_taskflow to 2025-09-20 00:00:00+00:00, run_after=2025-09-21 00:00:00+00:00
[2025-09-21T12:14:30.385+0000] {processor.py:183} INFO - Processing /home/airflow/.local/lib/python3.8/site-packages/airflow/example_dags/example_setup_teardown_taskflow.py took 0.200 seconds
[2025-09-21T12:15:01.375+0000] {processor.py:161} INFO - Started process (PID=3357) to work on /home/airflow/.local/lib/python3.8/site-packages/airflow/example_dags/example_setup_teardown_taskflow.py
[2025-09-21T12:15:01.377+0000] {processor.py:830} INFO - Processing file /home/airflow/.local/lib/python3.8/site-packages/airflow/example_dags/example_setup_teardown_taskflow.py for tasks to queue
[2025-09-21T12:15:01.382+0000] {logging_mixin.py:188} INFO - [2025-09-21T12:15:01.382+0000] {dagbag.py:538} INFO - Filling up the DagBag from /home/airflow/.local/lib/python3.8/site-packages/airflow/example_dags/example_setup_teardown_taskflow.py
[2025-09-21T12:15:01.403+0000] {processor.py:840} INFO - DAG(s) 'example_setup_teardown_taskflow' retrieved from /home/airflow/.local/lib/python3.8/site-packages/airflow/example_dags/example_setup_teardown_taskflow.py
[2025-09-21T12:15:01.450+0000] {logging_mixin.py:188} INFO - [2025-09-21T12:15:01.449+0000] {dag.py:3036} INFO - Sync 1 DAGs
[2025-09-21T12:15:01.501+0000] {logging_mixin.py:188} INFO - [2025-09-21T12:15:01.501+0000] {dag.py:3823} INFO - Setting next_dagrun for example_setup_teardown_taskflow to 2025-09-20 00:00:00+00:00, run_after=2025-09-21 00:00:00+00:00
[2025-09-21T12:15:01.570+0000] {processor.py:183} INFO - Processing /home/airflow/.local/lib/python3.8/site-packages/airflow/example_dags/example_setup_teardown_taskflow.py took 0.202 seconds
[2025-09-21T12:15:32.526+0000] {processor.py:161} INFO - Started process (PID=3414) to work on /home/airflow/.local/lib/python3.8/site-packages/airflow/example_dags/example_setup_teardown_taskflow.py
[2025-09-21T12:15:32.531+0000] {processor.py:830} INFO - Processing file /home/airflow/.local/lib/python3.8/site-packages/airflow/example_dags/example_setup_teardown_taskflow.py for tasks to queue
[2025-09-21T12:15:32.540+0000] {logging_mixin.py:188} INFO - [2025-09-21T12:15:32.539+0000] {dagbag.py:538} INFO - Filling up the DagBag from /home/airflow/.local/lib/python3.8/site-packages/airflow/example_dags/example_setup_teardown_taskflow.py
[2025-09-21T12:15:32.594+0000] {processor.py:840} INFO - DAG(s) 'example_setup_teardown_taskflow' retrieved from /home/airflow/.local/lib/python3.8/site-packages/airflow/example_dags/example_setup_teardown_taskflow.py
[2025-09-21T12:15:32.698+0000] {logging_mixin.py:188} INFO - [2025-09-21T12:15:32.697+0000] {dag.py:3036} INFO - Sync 1 DAGs
[2025-09-21T12:15:32.822+0000] {logging_mixin.py:188} INFO - [2025-09-21T12:15:32.821+0000] {dag.py:3823} INFO - Setting next_dagrun for example_setup_teardown_taskflow to 2025-09-20 00:00:00+00:00, run_after=2025-09-21 00:00:00+00:00
[2025-09-21T12:15:32.926+0000] {processor.py:183} INFO - Processing /home/airflow/.local/lib/python3.8/site-packages/airflow/example_dags/example_setup_teardown_taskflow.py took 0.420 seconds
[2025-09-21T12:16:03.192+0000] {processor.py:161} INFO - Started process (PID=3471) to work on /home/airflow/.local/lib/python3.8/site-packages/airflow/example_dags/example_setup_teardown_taskflow.py
[2025-09-21T12:16:03.194+0000] {processor.py:830} INFO - Processing file /home/airflow/.local/lib/python3.8/site-packages/airflow/example_dags/example_setup_teardown_taskflow.py for tasks to queue
[2025-09-21T12:16:03.199+0000] {logging_mixin.py:188} INFO - [2025-09-21T12:16:03.198+0000] {dagbag.py:538} INFO - Filling up the DagBag from /home/airflow/.local/lib/python3.8/site-packages/airflow/example_dags/example_setup_teardown_taskflow.py
[2025-09-21T12:16:03.220+0000] {processor.py:840} INFO - DAG(s) 'example_setup_teardown_taskflow' retrieved from /home/airflow/.local/lib/python3.8/site-packages/airflow/example_dags/example_setup_teardown_taskflow.py
[2025-09-21T12:16:03.263+0000] {logging_mixin.py:188} INFO - [2025-09-21T12:16:03.262+0000] {dag.py:3036} INFO - Sync 1 DAGs
[2025-09-21T12:16:03.320+0000] {logging_mixin.py:188} INFO - [2025-09-21T12:16:03.319+0000] {dag.py:3823} INFO - Setting next_dagrun for example_setup_teardown_taskflow to 2025-09-20 00:00:00+00:00, run_after=2025-09-21 00:00:00+00:00
[2025-09-21T12:16:03.363+0000] {processor.py:183} INFO - Processing /home/airflow/.local/lib/python3.8/site-packages/airflow/example_dags/example_setup_teardown_taskflow.py took 0.177 seconds
[2025-09-21T12:16:33.886+0000] {processor.py:161} INFO - Started process (PID=3529) to work on /home/airflow/.local/lib/python3.8/site-packages/airflow/example_dags/example_setup_teardown_taskflow.py
[2025-09-21T12:16:33.888+0000] {processor.py:830} INFO - Processing file /home/airflow/.local/lib/python3.8/site-packages/airflow/example_dags/example_setup_teardown_taskflow.py for tasks to queue
[2025-09-21T12:16:33.892+0000] {logging_mixin.py:188} INFO - [2025-09-21T12:16:33.891+0000] {dagbag.py:538} INFO - Filling up the DagBag from /home/airflow/.local/lib/python3.8/site-packages/airflow/example_dags/example_setup_teardown_taskflow.py
[2025-09-21T12:16:33.912+0000] {processor.py:840} INFO - DAG(s) 'example_setup_teardown_taskflow' retrieved from /home/airflow/.local/lib/python3.8/site-packages/airflow/example_dags/example_setup_teardown_taskflow.py
[2025-09-21T12:16:33.954+0000] {logging_mixin.py:188} INFO - [2025-09-21T12:16:33.953+0000] {dag.py:3036} INFO - Sync 1 DAGs
[2025-09-21T12:16:34.003+0000] {logging_mixin.py:188} INFO - [2025-09-21T12:16:34.002+0000] {dag.py:3823} INFO - Setting next_dagrun for example_setup_teardown_taskflow to 2025-09-20 00:00:00+00:00, run_after=2025-09-21 00:00:00+00:00
[2025-09-21T12:16:34.047+0000] {processor.py:183} INFO - Processing /home/airflow/.local/lib/python3.8/site-packages/airflow/example_dags/example_setup_teardown_taskflow.py took 0.166 seconds
[2025-09-21T12:17:04.725+0000] {processor.py:161} INFO - Started process (PID=3587) to work on /home/airflow/.local/lib/python3.8/site-packages/airflow/example_dags/example_setup_teardown_taskflow.py
[2025-09-21T12:17:04.727+0000] {processor.py:830} INFO - Processing file /home/airflow/.local/lib/python3.8/site-packages/airflow/example_dags/example_setup_teardown_taskflow.py for tasks to queue
[2025-09-21T12:17:04.733+0000] {logging_mixin.py:188} INFO - [2025-09-21T12:17:04.732+0000] {dagbag.py:538} INFO - Filling up the DagBag from /home/airflow/.local/lib/python3.8/site-packages/airflow/example_dags/example_setup_teardown_taskflow.py
[2025-09-21T12:17:04.760+0000] {processor.py:840} INFO - DAG(s) 'example_setup_teardown_taskflow' retrieved from /home/airflow/.local/lib/python3.8/site-packages/airflow/example_dags/example_setup_teardown_taskflow.py
[2025-09-21T12:17:04.824+0000] {logging_mixin.py:188} INFO - [2025-09-21T12:17:04.824+0000] {dag.py:3036} INFO - Sync 1 DAGs
[2025-09-21T12:17:04.879+0000] {logging_mixin.py:188} INFO - [2025-09-21T12:17:04.879+0000] {dag.py:3823} INFO - Setting next_dagrun for example_setup_teardown_taskflow to 2025-09-20 00:00:00+00:00, run_after=2025-09-21 00:00:00+00:00
[2025-09-21T12:17:04.930+0000] {processor.py:183} INFO - Processing /home/airflow/.local/lib/python3.8/site-packages/airflow/example_dags/example_setup_teardown_taskflow.py took 0.213 seconds
[2025-09-21T12:17:35.279+0000] {processor.py:161} INFO - Started process (PID=3645) to work on /home/airflow/.local/lib/python3.8/site-packages/airflow/example_dags/example_setup_teardown_taskflow.py
[2025-09-21T12:17:35.284+0000] {processor.py:830} INFO - Processing file /home/airflow/.local/lib/python3.8/site-packages/airflow/example_dags/example_setup_teardown_taskflow.py for tasks to queue
[2025-09-21T12:17:35.294+0000] {logging_mixin.py:188} INFO - [2025-09-21T12:17:35.293+0000] {dagbag.py:538} INFO - Filling up the DagBag from /home/airflow/.local/lib/python3.8/site-packages/airflow/example_dags/example_setup_teardown_taskflow.py
[2025-09-21T12:17:35.345+0000] {processor.py:840} INFO - DAG(s) 'example_setup_teardown_taskflow' retrieved from /home/airflow/.local/lib/python3.8/site-packages/airflow/example_dags/example_setup_teardown_taskflow.py
[2025-09-21T12:17:35.448+0000] {logging_mixin.py:188} INFO - [2025-09-21T12:17:35.447+0000] {dag.py:3036} INFO - Sync 1 DAGs
[2025-09-21T12:17:35.562+0000] {logging_mixin.py:188} INFO - [2025-09-21T12:17:35.561+0000] {dag.py:3823} INFO - Setting next_dagrun for example_setup_teardown_taskflow to 2025-09-20 00:00:00+00:00, run_after=2025-09-21 00:00:00+00:00
[2025-09-21T12:17:35.656+0000] {processor.py:183} INFO - Processing /home/airflow/.local/lib/python3.8/site-packages/airflow/example_dags/example_setup_teardown_taskflow.py took 0.393 seconds
[2025-09-21T12:18:05.762+0000] {processor.py:161} INFO - Started process (PID=3703) to work on /home/airflow/.local/lib/python3.8/site-packages/airflow/example_dags/example_setup_teardown_taskflow.py
[2025-09-21T12:18:05.765+0000] {processor.py:830} INFO - Processing file /home/airflow/.local/lib/python3.8/site-packages/airflow/example_dags/example_setup_teardown_taskflow.py for tasks to queue
[2025-09-21T12:18:05.770+0000] {logging_mixin.py:188} INFO - [2025-09-21T12:18:05.769+0000] {dagbag.py:538} INFO - Filling up the DagBag from /home/airflow/.local/lib/python3.8/site-packages/airflow/example_dags/example_setup_teardown_taskflow.py
[2025-09-21T12:18:05.798+0000] {processor.py:840} INFO - DAG(s) 'example_setup_teardown_taskflow' retrieved from /home/airflow/.local/lib/python3.8/site-packages/airflow/example_dags/example_setup_teardown_taskflow.py
[2025-09-21T12:18:05.856+0000] {logging_mixin.py:188} INFO - [2025-09-21T12:18:05.856+0000] {dag.py:3036} INFO - Sync 1 DAGs
[2025-09-21T12:18:05.918+0000] {logging_mixin.py:188} INFO - [2025-09-21T12:18:05.918+0000] {dag.py:3823} INFO - Setting next_dagrun for example_setup_teardown_taskflow to 2025-09-20 00:00:00+00:00, run_after=2025-09-21 00:00:00+00:00
[2025-09-21T12:18:05.973+0000] {processor.py:183} INFO - Processing /home/airflow/.local/lib/python3.8/site-packages/airflow/example_dags/example_setup_teardown_taskflow.py took 0.220 seconds
[2025-09-21T12:18:36.177+0000] {processor.py:161} INFO - Started process (PID=3761) to work on /home/airflow/.local/lib/python3.8/site-packages/airflow/example_dags/example_setup_teardown_taskflow.py
[2025-09-21T12:18:36.180+0000] {processor.py:830} INFO - Processing file /home/airflow/.local/lib/python3.8/site-packages/airflow/example_dags/example_setup_teardown_taskflow.py for tasks to queue
[2025-09-21T12:18:36.187+0000] {logging_mixin.py:188} INFO - [2025-09-21T12:18:36.186+0000] {dagbag.py:538} INFO - Filling up the DagBag from /home/airflow/.local/lib/python3.8/site-packages/airflow/example_dags/example_setup_teardown_taskflow.py
[2025-09-21T12:18:36.223+0000] {processor.py:840} INFO - DAG(s) 'example_setup_teardown_taskflow' retrieved from /home/airflow/.local/lib/python3.8/site-packages/airflow/example_dags/example_setup_teardown_taskflow.py
[2025-09-21T12:18:36.308+0000] {logging_mixin.py:188} INFO - [2025-09-21T12:18:36.306+0000] {dag.py:3036} INFO - Sync 1 DAGs
[2025-09-21T12:18:36.378+0000] {logging_mixin.py:188} INFO - [2025-09-21T12:18:36.378+0000] {dag.py:3823} INFO - Setting next_dagrun for example_setup_teardown_taskflow to 2025-09-20 00:00:00+00:00, run_after=2025-09-21 00:00:00+00:00
[2025-09-21T12:18:36.434+0000] {processor.py:183} INFO - Processing /home/airflow/.local/lib/python3.8/site-packages/airflow/example_dags/example_setup_teardown_taskflow.py took 0.268 seconds
[2025-09-21T12:19:06.663+0000] {processor.py:161} INFO - Started process (PID=3819) to work on /home/airflow/.local/lib/python3.8/site-packages/airflow/example_dags/example_setup_teardown_taskflow.py
[2025-09-21T12:19:06.669+0000] {processor.py:830} INFO - Processing file /home/airflow/.local/lib/python3.8/site-packages/airflow/example_dags/example_setup_teardown_taskflow.py for tasks to queue
[2025-09-21T12:19:06.673+0000] {logging_mixin.py:188} INFO - [2025-09-21T12:19:06.672+0000] {dagbag.py:538} INFO - Filling up the DagBag from /home/airflow/.local/lib/python3.8/site-packages/airflow/example_dags/example_setup_teardown_taskflow.py
[2025-09-21T12:19:06.696+0000] {processor.py:840} INFO - DAG(s) 'example_setup_teardown_taskflow' retrieved from /home/airflow/.local/lib/python3.8/site-packages/airflow/example_dags/example_setup_teardown_taskflow.py
[2025-09-21T12:19:06.757+0000] {logging_mixin.py:188} INFO - [2025-09-21T12:19:06.756+0000] {dag.py:3036} INFO - Sync 1 DAGs
[2025-09-21T12:19:06.810+0000] {logging_mixin.py:188} INFO - [2025-09-21T12:19:06.810+0000] {dag.py:3823} INFO - Setting next_dagrun for example_setup_teardown_taskflow to 2025-09-20 00:00:00+00:00, run_after=2025-09-21 00:00:00+00:00
[2025-09-21T12:19:06.853+0000] {processor.py:183} INFO - Processing /home/airflow/.local/lib/python3.8/site-packages/airflow/example_dags/example_setup_teardown_taskflow.py took 0.198 seconds
[2025-09-21T12:22:03.473+0000] {processor.py:161} INFO - Started process (PID=110) to work on /home/airflow/.local/lib/python3.8/site-packages/airflow/example_dags/example_setup_teardown_taskflow.py
[2025-09-21T12:22:03.476+0000] {processor.py:830} INFO - Processing file /home/airflow/.local/lib/python3.8/site-packages/airflow/example_dags/example_setup_teardown_taskflow.py for tasks to queue
[2025-09-21T12:22:03.485+0000] {logging_mixin.py:188} INFO - [2025-09-21T12:22:03.483+0000] {dagbag.py:538} INFO - Filling up the DagBag from /home/airflow/.local/lib/python3.8/site-packages/airflow/example_dags/example_setup_teardown_taskflow.py
[2025-09-21T12:22:03.515+0000] {processor.py:840} INFO - DAG(s) 'example_setup_teardown_taskflow' retrieved from /home/airflow/.local/lib/python3.8/site-packages/airflow/example_dags/example_setup_teardown_taskflow.py
[2025-09-21T12:22:03.821+0000] {logging_mixin.py:188} INFO - [2025-09-21T12:22:03.819+0000] {override.py:1769} INFO - Created Permission View: can delete on DAG:example_setup_teardown_taskflow
[2025-09-21T12:22:03.839+0000] {logging_mixin.py:188} INFO - [2025-09-21T12:22:03.838+0000] {override.py:1769} INFO - Created Permission View: can edit on DAG:example_setup_teardown_taskflow
[2025-09-21T12:22:03.853+0000] {logging_mixin.py:188} INFO - [2025-09-21T12:22:03.852+0000] {override.py:1769} INFO - Created Permission View: can read on DAG:example_setup_teardown_taskflow
[2025-09-21T12:22:03.855+0000] {logging_mixin.py:188} INFO - [2025-09-21T12:22:03.854+0000] {dag.py:3036} INFO - Sync 1 DAGs
[2025-09-21T12:22:03.885+0000] {logging_mixin.py:188} INFO - [2025-09-21T12:22:03.884+0000] {dag.py:3058} INFO - Creating ORM DAG for example_setup_teardown_taskflow
[2025-09-21T12:22:03.910+0000] {logging_mixin.py:188} INFO - [2025-09-21T12:22:03.910+0000] {dag.py:3823} INFO - Setting next_dagrun for example_setup_teardown_taskflow to 2025-09-20 00:00:00+00:00, run_after=2025-09-21 00:00:00+00:00
[2025-09-21T12:22:03.945+0000] {processor.py:183} INFO - Processing /home/airflow/.local/lib/python3.8/site-packages/airflow/example_dags/example_setup_teardown_taskflow.py took 0.480 seconds
[2025-09-21T12:22:34.253+0000] {processor.py:161} INFO - Started process (PID=168) to work on /home/airflow/.local/lib/python3.8/site-packages/airflow/example_dags/example_setup_teardown_taskflow.py
[2025-09-21T12:22:34.256+0000] {processor.py:830} INFO - Processing file /home/airflow/.local/lib/python3.8/site-packages/airflow/example_dags/example_setup_teardown_taskflow.py for tasks to queue
[2025-09-21T12:22:34.261+0000] {logging_mixin.py:188} INFO - [2025-09-21T12:22:34.261+0000] {dagbag.py:538} INFO - Filling up the DagBag from /home/airflow/.local/lib/python3.8/site-packages/airflow/example_dags/example_setup_teardown_taskflow.py
[2025-09-21T12:22:34.297+0000] {processor.py:840} INFO - DAG(s) 'example_setup_teardown_taskflow' retrieved from /home/airflow/.local/lib/python3.8/site-packages/airflow/example_dags/example_setup_teardown_taskflow.py
[2025-09-21T12:22:34.356+0000] {logging_mixin.py:188} INFO - [2025-09-21T12:22:34.355+0000] {dag.py:3036} INFO - Sync 1 DAGs
[2025-09-21T12:22:34.409+0000] {logging_mixin.py:188} INFO - [2025-09-21T12:22:34.409+0000] {dag.py:3823} INFO - Setting next_dagrun for example_setup_teardown_taskflow to 2025-09-20 00:00:00+00:00, run_after=2025-09-21 00:00:00+00:00
[2025-09-21T12:22:34.446+0000] {processor.py:183} INFO - Processing /home/airflow/.local/lib/python3.8/site-packages/airflow/example_dags/example_setup_teardown_taskflow.py took 0.205 seconds
[2025-09-21T12:23:05.061+0000] {processor.py:161} INFO - Started process (PID=226) to work on /home/airflow/.local/lib/python3.8/site-packages/airflow/example_dags/example_setup_teardown_taskflow.py
[2025-09-21T12:23:05.064+0000] {processor.py:830} INFO - Processing file /home/airflow/.local/lib/python3.8/site-packages/airflow/example_dags/example_setup_teardown_taskflow.py for tasks to queue
[2025-09-21T12:23:05.068+0000] {logging_mixin.py:188} INFO - [2025-09-21T12:23:05.067+0000] {dagbag.py:538} INFO - Filling up the DagBag from /home/airflow/.local/lib/python3.8/site-packages/airflow/example_dags/example_setup_teardown_taskflow.py
[2025-09-21T12:23:05.090+0000] {processor.py:840} INFO - DAG(s) 'example_setup_teardown_taskflow' retrieved from /home/airflow/.local/lib/python3.8/site-packages/airflow/example_dags/example_setup_teardown_taskflow.py
[2025-09-21T12:23:05.150+0000] {logging_mixin.py:188} INFO - [2025-09-21T12:23:05.149+0000] {dag.py:3036} INFO - Sync 1 DAGs
[2025-09-21T12:23:05.215+0000] {logging_mixin.py:188} INFO - [2025-09-21T12:23:05.214+0000] {dag.py:3823} INFO - Setting next_dagrun for example_setup_teardown_taskflow to 2025-09-20 00:00:00+00:00, run_after=2025-09-21 00:00:00+00:00
[2025-09-21T12:23:05.267+0000] {processor.py:183} INFO - Processing /home/airflow/.local/lib/python3.8/site-packages/airflow/example_dags/example_setup_teardown_taskflow.py took 0.220 seconds
[2025-09-21T12:23:35.715+0000] {processor.py:161} INFO - Started process (PID=284) to work on /home/airflow/.local/lib/python3.8/site-packages/airflow/example_dags/example_setup_teardown_taskflow.py
[2025-09-21T12:23:35.719+0000] {processor.py:830} INFO - Processing file /home/airflow/.local/lib/python3.8/site-packages/airflow/example_dags/example_setup_teardown_taskflow.py for tasks to queue
[2025-09-21T12:23:35.727+0000] {logging_mixin.py:188} INFO - [2025-09-21T12:23:35.726+0000] {dagbag.py:538} INFO - Filling up the DagBag from /home/airflow/.local/lib/python3.8/site-packages/airflow/example_dags/example_setup_teardown_taskflow.py
[2025-09-21T12:23:35.767+0000] {processor.py:840} INFO - DAG(s) 'example_setup_teardown_taskflow' retrieved from /home/airflow/.local/lib/python3.8/site-packages/airflow/example_dags/example_setup_teardown_taskflow.py
[2025-09-21T12:23:35.857+0000] {logging_mixin.py:188} INFO - [2025-09-21T12:23:35.856+0000] {dag.py:3036} INFO - Sync 1 DAGs
[2025-09-21T12:23:35.954+0000] {logging_mixin.py:188} INFO - [2025-09-21T12:23:35.953+0000] {dag.py:3823} INFO - Setting next_dagrun for example_setup_teardown_taskflow to 2025-09-20 00:00:00+00:00, run_after=2025-09-21 00:00:00+00:00
[2025-09-21T12:23:36.037+0000] {processor.py:183} INFO - Processing /home/airflow/.local/lib/python3.8/site-packages/airflow/example_dags/example_setup_teardown_taskflow.py took 0.338 seconds
[2025-09-21T12:24:08.046+0000] {processor.py:161} INFO - Started process (PID=342) to work on /home/airflow/.local/lib/python3.8/site-packages/airflow/example_dags/example_setup_teardown_taskflow.py
[2025-09-21T12:24:08.049+0000] {processor.py:830} INFO - Processing file /home/airflow/.local/lib/python3.8/site-packages/airflow/example_dags/example_setup_teardown_taskflow.py for tasks to queue
[2025-09-21T12:24:08.055+0000] {logging_mixin.py:188} INFO - [2025-09-21T12:24:08.054+0000] {dagbag.py:538} INFO - Filling up the DagBag from /home/airflow/.local/lib/python3.8/site-packages/airflow/example_dags/example_setup_teardown_taskflow.py
[2025-09-21T12:24:08.089+0000] {processor.py:840} INFO - DAG(s) 'example_setup_teardown_taskflow' retrieved from /home/airflow/.local/lib/python3.8/site-packages/airflow/example_dags/example_setup_teardown_taskflow.py
[2025-09-21T12:24:08.159+0000] {logging_mixin.py:188} INFO - [2025-09-21T12:24:08.158+0000] {dag.py:3036} INFO - Sync 1 DAGs
[2025-09-21T12:24:08.212+0000] {logging_mixin.py:188} INFO - [2025-09-21T12:24:08.212+0000] {dag.py:3823} INFO - Setting next_dagrun for example_setup_teardown_taskflow to 2025-09-20 00:00:00+00:00, run_after=2025-09-21 00:00:00+00:00
[2025-09-21T12:24:08.254+0000] {processor.py:183} INFO - Processing /home/airflow/.local/lib/python3.8/site-packages/airflow/example_dags/example_setup_teardown_taskflow.py took 0.219 seconds
[2025-09-21T12:24:38.765+0000] {processor.py:161} INFO - Started process (PID=400) to work on /home/airflow/.local/lib/python3.8/site-packages/airflow/example_dags/example_setup_teardown_taskflow.py
[2025-09-21T12:24:38.769+0000] {processor.py:830} INFO - Processing file /home/airflow/.local/lib/python3.8/site-packages/airflow/example_dags/example_setup_teardown_taskflow.py for tasks to queue
[2025-09-21T12:24:38.775+0000] {logging_mixin.py:188} INFO - [2025-09-21T12:24:38.774+0000] {dagbag.py:538} INFO - Filling up the DagBag from /home/airflow/.local/lib/python3.8/site-packages/airflow/example_dags/example_setup_teardown_taskflow.py
[2025-09-21T12:24:38.814+0000] {processor.py:840} INFO - DAG(s) 'example_setup_teardown_taskflow' retrieved from /home/airflow/.local/lib/python3.8/site-packages/airflow/example_dags/example_setup_teardown_taskflow.py
[2025-09-21T12:24:38.902+0000] {logging_mixin.py:188} INFO - [2025-09-21T12:24:38.901+0000] {dag.py:3036} INFO - Sync 1 DAGs
[2025-09-21T12:24:38.962+0000] {logging_mixin.py:188} INFO - [2025-09-21T12:24:38.961+0000] {dag.py:3823} INFO - Setting next_dagrun for example_setup_teardown_taskflow to 2025-09-20 00:00:00+00:00, run_after=2025-09-21 00:00:00+00:00
[2025-09-21T12:24:39.015+0000] {processor.py:183} INFO - Processing /home/airflow/.local/lib/python3.8/site-packages/airflow/example_dags/example_setup_teardown_taskflow.py took 0.261 seconds
[2025-09-21T12:25:09.550+0000] {processor.py:161} INFO - Started process (PID=458) to work on /home/airflow/.local/lib/python3.8/site-packages/airflow/example_dags/example_setup_teardown_taskflow.py
[2025-09-21T12:25:09.553+0000] {processor.py:830} INFO - Processing file /home/airflow/.local/lib/python3.8/site-packages/airflow/example_dags/example_setup_teardown_taskflow.py for tasks to queue
[2025-09-21T12:25:09.559+0000] {logging_mixin.py:188} INFO - [2025-09-21T12:25:09.558+0000] {dagbag.py:538} INFO - Filling up the DagBag from /home/airflow/.local/lib/python3.8/site-packages/airflow/example_dags/example_setup_teardown_taskflow.py
[2025-09-21T12:25:09.591+0000] {processor.py:840} INFO - DAG(s) 'example_setup_teardown_taskflow' retrieved from /home/airflow/.local/lib/python3.8/site-packages/airflow/example_dags/example_setup_teardown_taskflow.py
[2025-09-21T12:25:09.661+0000] {logging_mixin.py:188} INFO - [2025-09-21T12:25:09.661+0000] {dag.py:3036} INFO - Sync 1 DAGs
[2025-09-21T12:25:09.773+0000] {logging_mixin.py:188} INFO - [2025-09-21T12:25:09.772+0000] {dag.py:3823} INFO - Setting next_dagrun for example_setup_teardown_taskflow to 2025-09-20 00:00:00+00:00, run_after=2025-09-21 00:00:00+00:00
[2025-09-21T12:25:09.858+0000] {processor.py:183} INFO - Processing /home/airflow/.local/lib/python3.8/site-packages/airflow/example_dags/example_setup_teardown_taskflow.py took 0.319 seconds
[2025-09-21T12:25:40.797+0000] {processor.py:161} INFO - Started process (PID=516) to work on /home/airflow/.local/lib/python3.8/site-packages/airflow/example_dags/example_setup_teardown_taskflow.py
[2025-09-21T12:25:40.799+0000] {processor.py:830} INFO - Processing file /home/airflow/.local/lib/python3.8/site-packages/airflow/example_dags/example_setup_teardown_taskflow.py for tasks to queue
[2025-09-21T12:25:40.806+0000] {logging_mixin.py:188} INFO - [2025-09-21T12:25:40.805+0000] {dagbag.py:538} INFO - Filling up the DagBag from /home/airflow/.local/lib/python3.8/site-packages/airflow/example_dags/example_setup_teardown_taskflow.py
[2025-09-21T12:25:40.835+0000] {processor.py:840} INFO - DAG(s) 'example_setup_teardown_taskflow' retrieved from /home/airflow/.local/lib/python3.8/site-packages/airflow/example_dags/example_setup_teardown_taskflow.py
[2025-09-21T12:25:40.885+0000] {logging_mixin.py:188} INFO - [2025-09-21T12:25:40.885+0000] {dag.py:3036} INFO - Sync 1 DAGs
[2025-09-21T12:25:40.936+0000] {logging_mixin.py:188} INFO - [2025-09-21T12:25:40.935+0000] {dag.py:3823} INFO - Setting next_dagrun for example_setup_teardown_taskflow to 2025-09-20 00:00:00+00:00, run_after=2025-09-21 00:00:00+00:00
[2025-09-21T12:25:40.977+0000] {processor.py:183} INFO - Processing /home/airflow/.local/lib/python3.8/site-packages/airflow/example_dags/example_setup_teardown_taskflow.py took 0.188 seconds
[2025-09-21T12:26:12.212+0000] {processor.py:161} INFO - Started process (PID=574) to work on /home/airflow/.local/lib/python3.8/site-packages/airflow/example_dags/example_setup_teardown_taskflow.py
[2025-09-21T12:26:12.218+0000] {processor.py:830} INFO - Processing file /home/airflow/.local/lib/python3.8/site-packages/airflow/example_dags/example_setup_teardown_taskflow.py for tasks to queue
[2025-09-21T12:26:12.226+0000] {logging_mixin.py:188} INFO - [2025-09-21T12:26:12.225+0000] {dagbag.py:538} INFO - Filling up the DagBag from /home/airflow/.local/lib/python3.8/site-packages/airflow/example_dags/example_setup_teardown_taskflow.py
[2025-09-21T12:26:12.280+0000] {processor.py:840} INFO - DAG(s) 'example_setup_teardown_taskflow' retrieved from /home/airflow/.local/lib/python3.8/site-packages/airflow/example_dags/example_setup_teardown_taskflow.py
[2025-09-21T12:26:12.380+0000] {logging_mixin.py:188} INFO - [2025-09-21T12:26:12.380+0000] {dag.py:3036} INFO - Sync 1 DAGs
[2025-09-21T12:26:12.419+0000] {logging_mixin.py:188} INFO - [2025-09-21T12:26:12.419+0000] {dag.py:3823} INFO - Setting next_dagrun for example_setup_teardown_taskflow to 2025-09-20 00:00:00+00:00, run_after=2025-09-21 00:00:00+00:00
[2025-09-21T12:26:12.460+0000] {processor.py:183} INFO - Processing /home/airflow/.local/lib/python3.8/site-packages/airflow/example_dags/example_setup_teardown_taskflow.py took 0.282 seconds
[2025-09-21T12:26:43.436+0000] {processor.py:161} INFO - Started process (PID=632) to work on /home/airflow/.local/lib/python3.8/site-packages/airflow/example_dags/example_setup_teardown_taskflow.py
[2025-09-21T12:26:43.439+0000] {processor.py:830} INFO - Processing file /home/airflow/.local/lib/python3.8/site-packages/airflow/example_dags/example_setup_teardown_taskflow.py for tasks to queue
[2025-09-21T12:26:43.444+0000] {logging_mixin.py:188} INFO - [2025-09-21T12:26:43.443+0000] {dagbag.py:538} INFO - Filling up the DagBag from /home/airflow/.local/lib/python3.8/site-packages/airflow/example_dags/example_setup_teardown_taskflow.py
[2025-09-21T12:26:43.467+0000] {processor.py:840} INFO - DAG(s) 'example_setup_teardown_taskflow' retrieved from /home/airflow/.local/lib/python3.8/site-packages/airflow/example_dags/example_setup_teardown_taskflow.py
[2025-09-21T12:26:43.514+0000] {logging_mixin.py:188} INFO - [2025-09-21T12:26:43.513+0000] {dag.py:3036} INFO - Sync 1 DAGs
[2025-09-21T12:26:43.589+0000] {logging_mixin.py:188} INFO - [2025-09-21T12:26:43.588+0000] {dag.py:3823} INFO - Setting next_dagrun for example_setup_teardown_taskflow to 2025-09-20 00:00:00+00:00, run_after=2025-09-21 00:00:00+00:00
[2025-09-21T12:26:43.666+0000] {processor.py:183} INFO - Processing /home/airflow/.local/lib/python3.8/site-packages/airflow/example_dags/example_setup_teardown_taskflow.py took 0.236 seconds
[2025-09-21T12:27:14.785+0000] {processor.py:161} INFO - Started process (PID=690) to work on /home/airflow/.local/lib/python3.8/site-packages/airflow/example_dags/example_setup_teardown_taskflow.py
[2025-09-21T12:27:14.790+0000] {processor.py:830} INFO - Processing file /home/airflow/.local/lib/python3.8/site-packages/airflow/example_dags/example_setup_teardown_taskflow.py for tasks to queue
[2025-09-21T12:27:14.798+0000] {logging_mixin.py:188} INFO - [2025-09-21T12:27:14.796+0000] {dagbag.py:538} INFO - Filling up the DagBag from /home/airflow/.local/lib/python3.8/site-packages/airflow/example_dags/example_setup_teardown_taskflow.py
[2025-09-21T12:27:14.836+0000] {processor.py:840} INFO - DAG(s) 'example_setup_teardown_taskflow' retrieved from /home/airflow/.local/lib/python3.8/site-packages/airflow/example_dags/example_setup_teardown_taskflow.py
[2025-09-21T12:27:14.949+0000] {logging_mixin.py:188} INFO - [2025-09-21T12:27:14.948+0000] {dag.py:3036} INFO - Sync 1 DAGs
[2025-09-21T12:27:15.034+0000] {logging_mixin.py:188} INFO - [2025-09-21T12:27:15.034+0000] {dag.py:3823} INFO - Setting next_dagrun for example_setup_teardown_taskflow to 2025-09-20 00:00:00+00:00, run_after=2025-09-21 00:00:00+00:00
[2025-09-21T12:27:15.077+0000] {processor.py:183} INFO - Processing /home/airflow/.local/lib/python3.8/site-packages/airflow/example_dags/example_setup_teardown_taskflow.py took 0.306 seconds
[2025-09-21T12:27:45.950+0000] {processor.py:161} INFO - Started process (PID=748) to work on /home/airflow/.local/lib/python3.8/site-packages/airflow/example_dags/example_setup_teardown_taskflow.py
[2025-09-21T12:27:45.953+0000] {processor.py:830} INFO - Processing file /home/airflow/.local/lib/python3.8/site-packages/airflow/example_dags/example_setup_teardown_taskflow.py for tasks to queue
[2025-09-21T12:27:45.957+0000] {logging_mixin.py:188} INFO - [2025-09-21T12:27:45.956+0000] {dagbag.py:538} INFO - Filling up the DagBag from /home/airflow/.local/lib/python3.8/site-packages/airflow/example_dags/example_setup_teardown_taskflow.py
[2025-09-21T12:27:45.990+0000] {processor.py:840} INFO - DAG(s) 'example_setup_teardown_taskflow' retrieved from /home/airflow/.local/lib/python3.8/site-packages/airflow/example_dags/example_setup_teardown_taskflow.py
[2025-09-21T12:27:46.045+0000] {logging_mixin.py:188} INFO - [2025-09-21T12:27:46.044+0000] {dag.py:3036} INFO - Sync 1 DAGs
[2025-09-21T12:27:46.113+0000] {logging_mixin.py:188} INFO - [2025-09-21T12:27:46.112+0000] {dag.py:3823} INFO - Setting next_dagrun for example_setup_teardown_taskflow to 2025-09-20 00:00:00+00:00, run_after=2025-09-21 00:00:00+00:00
[2025-09-21T12:27:46.176+0000] {processor.py:183} INFO - Processing /home/airflow/.local/lib/python3.8/site-packages/airflow/example_dags/example_setup_teardown_taskflow.py took 0.234 seconds
[2025-09-21T12:28:17.385+0000] {processor.py:161} INFO - Started process (PID=806) to work on /home/airflow/.local/lib/python3.8/site-packages/airflow/example_dags/example_setup_teardown_taskflow.py
[2025-09-21T12:28:17.387+0000] {processor.py:830} INFO - Processing file /home/airflow/.local/lib/python3.8/site-packages/airflow/example_dags/example_setup_teardown_taskflow.py for tasks to queue
[2025-09-21T12:28:17.392+0000] {logging_mixin.py:188} INFO - [2025-09-21T12:28:17.391+0000] {dagbag.py:538} INFO - Filling up the DagBag from /home/airflow/.local/lib/python3.8/site-packages/airflow/example_dags/example_setup_teardown_taskflow.py
[2025-09-21T12:28:17.416+0000] {processor.py:840} INFO - DAG(s) 'example_setup_teardown_taskflow' retrieved from /home/airflow/.local/lib/python3.8/site-packages/airflow/example_dags/example_setup_teardown_taskflow.py
[2025-09-21T12:28:17.473+0000] {logging_mixin.py:188} INFO - [2025-09-21T12:28:17.472+0000] {dag.py:3036} INFO - Sync 1 DAGs
[2025-09-21T12:28:17.561+0000] {logging_mixin.py:188} INFO - [2025-09-21T12:28:17.559+0000] {dag.py:3823} INFO - Setting next_dagrun for example_setup_teardown_taskflow to 2025-09-20 00:00:00+00:00, run_after=2025-09-21 00:00:00+00:00
[2025-09-21T12:28:17.658+0000] {processor.py:183} INFO - Processing /home/airflow/.local/lib/python3.8/site-packages/airflow/example_dags/example_setup_teardown_taskflow.py took 0.281 seconds
[2025-09-21T12:28:48.462+0000] {processor.py:161} INFO - Started process (PID=864) to work on /home/airflow/.local/lib/python3.8/site-packages/airflow/example_dags/example_setup_teardown_taskflow.py
[2025-09-21T12:28:48.464+0000] {processor.py:830} INFO - Processing file /home/airflow/.local/lib/python3.8/site-packages/airflow/example_dags/example_setup_teardown_taskflow.py for tasks to queue
[2025-09-21T12:28:48.468+0000] {logging_mixin.py:188} INFO - [2025-09-21T12:28:48.468+0000] {dagbag.py:538} INFO - Filling up the DagBag from /home/airflow/.local/lib/python3.8/site-packages/airflow/example_dags/example_setup_teardown_taskflow.py
[2025-09-21T12:28:48.487+0000] {processor.py:840} INFO - DAG(s) 'example_setup_teardown_taskflow' retrieved from /home/airflow/.local/lib/python3.8/site-packages/airflow/example_dags/example_setup_teardown_taskflow.py
[2025-09-21T12:28:48.526+0000] {logging_mixin.py:188} INFO - [2025-09-21T12:28:48.526+0000] {dag.py:3036} INFO - Sync 1 DAGs
[2025-09-21T12:28:48.568+0000] {logging_mixin.py:188} INFO - [2025-09-21T12:28:48.567+0000] {dag.py:3823} INFO - Setting next_dagrun for example_setup_teardown_taskflow to 2025-09-20 00:00:00+00:00, run_after=2025-09-21 00:00:00+00:00
[2025-09-21T12:28:48.608+0000] {processor.py:183} INFO - Processing /home/airflow/.local/lib/python3.8/site-packages/airflow/example_dags/example_setup_teardown_taskflow.py took 0.152 seconds
[2025-09-21T12:29:19.240+0000] {processor.py:161} INFO - Started process (PID=921) to work on /home/airflow/.local/lib/python3.8/site-packages/airflow/example_dags/example_setup_teardown_taskflow.py
[2025-09-21T12:29:19.246+0000] {processor.py:830} INFO - Processing file /home/airflow/.local/lib/python3.8/site-packages/airflow/example_dags/example_setup_teardown_taskflow.py for tasks to queue
[2025-09-21T12:29:19.251+0000] {logging_mixin.py:188} INFO - [2025-09-21T12:29:19.250+0000] {dagbag.py:538} INFO - Filling up the DagBag from /home/airflow/.local/lib/python3.8/site-packages/airflow/example_dags/example_setup_teardown_taskflow.py
[2025-09-21T12:29:19.285+0000] {processor.py:840} INFO - DAG(s) 'example_setup_teardown_taskflow' retrieved from /home/airflow/.local/lib/python3.8/site-packages/airflow/example_dags/example_setup_teardown_taskflow.py
[2025-09-21T12:29:19.343+0000] {logging_mixin.py:188} INFO - [2025-09-21T12:29:19.343+0000] {dag.py:3036} INFO - Sync 1 DAGs
[2025-09-21T12:29:19.402+0000] {logging_mixin.py:188} INFO - [2025-09-21T12:29:19.402+0000] {dag.py:3823} INFO - Setting next_dagrun for example_setup_teardown_taskflow to 2025-09-20 00:00:00+00:00, run_after=2025-09-21 00:00:00+00:00
[2025-09-21T12:29:19.457+0000] {processor.py:183} INFO - Processing /home/airflow/.local/lib/python3.8/site-packages/airflow/example_dags/example_setup_teardown_taskflow.py took 0.226 seconds
[2025-09-21T12:29:50.451+0000] {processor.py:161} INFO - Started process (PID=978) to work on /home/airflow/.local/lib/python3.8/site-packages/airflow/example_dags/example_setup_teardown_taskflow.py
[2025-09-21T12:29:50.455+0000] {processor.py:830} INFO - Processing file /home/airflow/.local/lib/python3.8/site-packages/airflow/example_dags/example_setup_teardown_taskflow.py for tasks to queue
[2025-09-21T12:29:50.462+0000] {logging_mixin.py:188} INFO - [2025-09-21T12:29:50.461+0000] {dagbag.py:538} INFO - Filling up the DagBag from /home/airflow/.local/lib/python3.8/site-packages/airflow/example_dags/example_setup_teardown_taskflow.py
[2025-09-21T12:29:50.497+0000] {processor.py:840} INFO - DAG(s) 'example_setup_teardown_taskflow' retrieved from /home/airflow/.local/lib/python3.8/site-packages/airflow/example_dags/example_setup_teardown_taskflow.py
[2025-09-21T12:29:50.557+0000] {logging_mixin.py:188} INFO - [2025-09-21T12:29:50.557+0000] {dag.py:3036} INFO - Sync 1 DAGs
[2025-09-21T12:29:50.614+0000] {logging_mixin.py:188} INFO - [2025-09-21T12:29:50.613+0000] {dag.py:3823} INFO - Setting next_dagrun for example_setup_teardown_taskflow to 2025-09-20 00:00:00+00:00, run_after=2025-09-21 00:00:00+00:00
[2025-09-21T12:29:50.656+0000] {processor.py:183} INFO - Processing /home/airflow/.local/lib/python3.8/site-packages/airflow/example_dags/example_setup_teardown_taskflow.py took 0.221 seconds
[2025-09-21T12:30:21.600+0000] {processor.py:161} INFO - Started process (PID=1036) to work on /home/airflow/.local/lib/python3.8/site-packages/airflow/example_dags/example_setup_teardown_taskflow.py
[2025-09-21T12:30:21.603+0000] {processor.py:830} INFO - Processing file /home/airflow/.local/lib/python3.8/site-packages/airflow/example_dags/example_setup_teardown_taskflow.py for tasks to queue
[2025-09-21T12:30:21.609+0000] {logging_mixin.py:188} INFO - [2025-09-21T12:30:21.608+0000] {dagbag.py:538} INFO - Filling up the DagBag from /home/airflow/.local/lib/python3.8/site-packages/airflow/example_dags/example_setup_teardown_taskflow.py
[2025-09-21T12:30:21.636+0000] {processor.py:840} INFO - DAG(s) 'example_setup_teardown_taskflow' retrieved from /home/airflow/.local/lib/python3.8/site-packages/airflow/example_dags/example_setup_teardown_taskflow.py
[2025-09-21T12:30:21.678+0000] {logging_mixin.py:188} INFO - [2025-09-21T12:30:21.677+0000] {dag.py:3036} INFO - Sync 1 DAGs
[2025-09-21T12:30:21.722+0000] {logging_mixin.py:188} INFO - [2025-09-21T12:30:21.721+0000] {dag.py:3823} INFO - Setting next_dagrun for example_setup_teardown_taskflow to 2025-09-20 00:00:00+00:00, run_after=2025-09-21 00:00:00+00:00
[2025-09-21T12:30:21.762+0000] {processor.py:183} INFO - Processing /home/airflow/.local/lib/python3.8/site-packages/airflow/example_dags/example_setup_teardown_taskflow.py took 0.181 seconds
[2025-09-21T12:30:52.345+0000] {processor.py:161} INFO - Started process (PID=1094) to work on /home/airflow/.local/lib/python3.8/site-packages/airflow/example_dags/example_setup_teardown_taskflow.py
[2025-09-21T12:30:52.351+0000] {processor.py:830} INFO - Processing file /home/airflow/.local/lib/python3.8/site-packages/airflow/example_dags/example_setup_teardown_taskflow.py for tasks to queue
[2025-09-21T12:30:52.362+0000] {logging_mixin.py:188} INFO - [2025-09-21T12:30:52.360+0000] {dagbag.py:538} INFO - Filling up the DagBag from /home/airflow/.local/lib/python3.8/site-packages/airflow/example_dags/example_setup_teardown_taskflow.py
[2025-09-21T12:30:52.410+0000] {processor.py:840} INFO - DAG(s) 'example_setup_teardown_taskflow' retrieved from /home/airflow/.local/lib/python3.8/site-packages/airflow/example_dags/example_setup_teardown_taskflow.py
[2025-09-21T12:30:52.510+0000] {logging_mixin.py:188} INFO - [2025-09-21T12:30:52.509+0000] {dag.py:3036} INFO - Sync 1 DAGs
[2025-09-21T12:30:52.631+0000] {logging_mixin.py:188} INFO - [2025-09-21T12:30:52.630+0000] {dag.py:3823} INFO - Setting next_dagrun for example_setup_teardown_taskflow to 2025-09-20 00:00:00+00:00, run_after=2025-09-21 00:00:00+00:00
[2025-09-21T12:30:52.737+0000] {processor.py:183} INFO - Processing /home/airflow/.local/lib/python3.8/site-packages/airflow/example_dags/example_setup_teardown_taskflow.py took 0.409 seconds
[2025-09-21T12:31:23.243+0000] {processor.py:161} INFO - Started process (PID=1152) to work on /home/airflow/.local/lib/python3.8/site-packages/airflow/example_dags/example_setup_teardown_taskflow.py
[2025-09-21T12:31:23.248+0000] {processor.py:830} INFO - Processing file /home/airflow/.local/lib/python3.8/site-packages/airflow/example_dags/example_setup_teardown_taskflow.py for tasks to queue
[2025-09-21T12:31:23.256+0000] {logging_mixin.py:188} INFO - [2025-09-21T12:31:23.255+0000] {dagbag.py:538} INFO - Filling up the DagBag from /home/airflow/.local/lib/python3.8/site-packages/airflow/example_dags/example_setup_teardown_taskflow.py
[2025-09-21T12:31:23.299+0000] {processor.py:840} INFO - DAG(s) 'example_setup_teardown_taskflow' retrieved from /home/airflow/.local/lib/python3.8/site-packages/airflow/example_dags/example_setup_teardown_taskflow.py
[2025-09-21T12:31:23.377+0000] {logging_mixin.py:188} INFO - [2025-09-21T12:31:23.376+0000] {dag.py:3036} INFO - Sync 1 DAGs
[2025-09-21T12:31:23.452+0000] {logging_mixin.py:188} INFO - [2025-09-21T12:31:23.451+0000] {dag.py:3823} INFO - Setting next_dagrun for example_setup_teardown_taskflow to 2025-09-20 00:00:00+00:00, run_after=2025-09-21 00:00:00+00:00
[2025-09-21T12:31:23.517+0000] {processor.py:183} INFO - Processing /home/airflow/.local/lib/python3.8/site-packages/airflow/example_dags/example_setup_teardown_taskflow.py took 0.311 seconds
[2025-09-21T12:31:54.184+0000] {processor.py:161} INFO - Started process (PID=1210) to work on /home/airflow/.local/lib/python3.8/site-packages/airflow/example_dags/example_setup_teardown_taskflow.py
[2025-09-21T12:31:54.188+0000] {processor.py:830} INFO - Processing file /home/airflow/.local/lib/python3.8/site-packages/airflow/example_dags/example_setup_teardown_taskflow.py for tasks to queue
[2025-09-21T12:31:54.196+0000] {logging_mixin.py:188} INFO - [2025-09-21T12:31:54.195+0000] {dagbag.py:538} INFO - Filling up the DagBag from /home/airflow/.local/lib/python3.8/site-packages/airflow/example_dags/example_setup_teardown_taskflow.py
[2025-09-21T12:31:54.259+0000] {processor.py:840} INFO - DAG(s) 'example_setup_teardown_taskflow' retrieved from /home/airflow/.local/lib/python3.8/site-packages/airflow/example_dags/example_setup_teardown_taskflow.py
[2025-09-21T12:31:54.322+0000] {logging_mixin.py:188} INFO - [2025-09-21T12:31:54.321+0000] {dag.py:3036} INFO - Sync 1 DAGs
[2025-09-21T12:31:54.370+0000] {logging_mixin.py:188} INFO - [2025-09-21T12:31:54.369+0000] {dag.py:3823} INFO - Setting next_dagrun for example_setup_teardown_taskflow to 2025-09-20 00:00:00+00:00, run_after=2025-09-21 00:00:00+00:00
[2025-09-21T12:31:54.408+0000] {processor.py:183} INFO - Processing /home/airflow/.local/lib/python3.8/site-packages/airflow/example_dags/example_setup_teardown_taskflow.py took 0.241 seconds
[2025-09-21T12:32:24.909+0000] {processor.py:161} INFO - Started process (PID=1268) to work on /home/airflow/.local/lib/python3.8/site-packages/airflow/example_dags/example_setup_teardown_taskflow.py
[2025-09-21T12:32:24.911+0000] {processor.py:830} INFO - Processing file /home/airflow/.local/lib/python3.8/site-packages/airflow/example_dags/example_setup_teardown_taskflow.py for tasks to queue
[2025-09-21T12:32:24.915+0000] {logging_mixin.py:188} INFO - [2025-09-21T12:32:24.914+0000] {dagbag.py:538} INFO - Filling up the DagBag from /home/airflow/.local/lib/python3.8/site-packages/airflow/example_dags/example_setup_teardown_taskflow.py
[2025-09-21T12:32:24.938+0000] {processor.py:840} INFO - DAG(s) 'example_setup_teardown_taskflow' retrieved from /home/airflow/.local/lib/python3.8/site-packages/airflow/example_dags/example_setup_teardown_taskflow.py
[2025-09-21T12:32:24.992+0000] {logging_mixin.py:188} INFO - [2025-09-21T12:32:24.991+0000] {dag.py:3036} INFO - Sync 1 DAGs
[2025-09-21T12:32:25.044+0000] {logging_mixin.py:188} INFO - [2025-09-21T12:32:25.044+0000] {dag.py:3823} INFO - Setting next_dagrun for example_setup_teardown_taskflow to 2025-09-20 00:00:00+00:00, run_after=2025-09-21 00:00:00+00:00
[2025-09-21T12:32:25.090+0000] {processor.py:183} INFO - Processing /home/airflow/.local/lib/python3.8/site-packages/airflow/example_dags/example_setup_teardown_taskflow.py took 0.189 seconds
[2025-09-21T12:32:55.581+0000] {processor.py:161} INFO - Started process (PID=1326) to work on /home/airflow/.local/lib/python3.8/site-packages/airflow/example_dags/example_setup_teardown_taskflow.py
[2025-09-21T12:32:55.584+0000] {processor.py:830} INFO - Processing file /home/airflow/.local/lib/python3.8/site-packages/airflow/example_dags/example_setup_teardown_taskflow.py for tasks to queue
[2025-09-21T12:32:55.589+0000] {logging_mixin.py:188} INFO - [2025-09-21T12:32:55.589+0000] {dagbag.py:538} INFO - Filling up the DagBag from /home/airflow/.local/lib/python3.8/site-packages/airflow/example_dags/example_setup_teardown_taskflow.py
[2025-09-21T12:32:55.617+0000] {processor.py:840} INFO - DAG(s) 'example_setup_teardown_taskflow' retrieved from /home/airflow/.local/lib/python3.8/site-packages/airflow/example_dags/example_setup_teardown_taskflow.py
[2025-09-21T12:32:55.678+0000] {logging_mixin.py:188} INFO - [2025-09-21T12:32:55.677+0000] {dag.py:3036} INFO - Sync 1 DAGs
[2025-09-21T12:32:55.737+0000] {logging_mixin.py:188} INFO - [2025-09-21T12:32:55.736+0000] {dag.py:3823} INFO - Setting next_dagrun for example_setup_teardown_taskflow to 2025-09-20 00:00:00+00:00, run_after=2025-09-21 00:00:00+00:00
[2025-09-21T12:32:55.791+0000] {processor.py:183} INFO - Processing /home/airflow/.local/lib/python3.8/site-packages/airflow/example_dags/example_setup_teardown_taskflow.py took 0.218 seconds
[2025-09-21T12:33:26.005+0000] {processor.py:161} INFO - Started process (PID=1384) to work on /home/airflow/.local/lib/python3.8/site-packages/airflow/example_dags/example_setup_teardown_taskflow.py
[2025-09-21T12:33:26.010+0000] {processor.py:830} INFO - Processing file /home/airflow/.local/lib/python3.8/site-packages/airflow/example_dags/example_setup_teardown_taskflow.py for tasks to queue
[2025-09-21T12:33:26.022+0000] {logging_mixin.py:188} INFO - [2025-09-21T12:33:26.020+0000] {dagbag.py:538} INFO - Filling up the DagBag from /home/airflow/.local/lib/python3.8/site-packages/airflow/example_dags/example_setup_teardown_taskflow.py
[2025-09-21T12:33:26.079+0000] {processor.py:840} INFO - DAG(s) 'example_setup_teardown_taskflow' retrieved from /home/airflow/.local/lib/python3.8/site-packages/airflow/example_dags/example_setup_teardown_taskflow.py
[2025-09-21T12:33:26.194+0000] {logging_mixin.py:188} INFO - [2025-09-21T12:33:26.193+0000] {dag.py:3036} INFO - Sync 1 DAGs
[2025-09-21T12:33:26.241+0000] {logging_mixin.py:188} INFO - [2025-09-21T12:33:26.240+0000] {dag.py:3823} INFO - Setting next_dagrun for example_setup_teardown_taskflow to 2025-09-20 00:00:00+00:00, run_after=2025-09-21 00:00:00+00:00
[2025-09-21T12:33:26.282+0000] {processor.py:183} INFO - Processing /home/airflow/.local/lib/python3.8/site-packages/airflow/example_dags/example_setup_teardown_taskflow.py took 0.295 seconds
[2025-09-21T12:33:56.663+0000] {processor.py:161} INFO - Started process (PID=1442) to work on /home/airflow/.local/lib/python3.8/site-packages/airflow/example_dags/example_setup_teardown_taskflow.py
[2025-09-21T12:33:56.666+0000] {processor.py:830} INFO - Processing file /home/airflow/.local/lib/python3.8/site-packages/airflow/example_dags/example_setup_teardown_taskflow.py for tasks to queue
[2025-09-21T12:33:56.671+0000] {logging_mixin.py:188} INFO - [2025-09-21T12:33:56.670+0000] {dagbag.py:538} INFO - Filling up the DagBag from /home/airflow/.local/lib/python3.8/site-packages/airflow/example_dags/example_setup_teardown_taskflow.py
[2025-09-21T12:33:56.696+0000] {processor.py:840} INFO - DAG(s) 'example_setup_teardown_taskflow' retrieved from /home/airflow/.local/lib/python3.8/site-packages/airflow/example_dags/example_setup_teardown_taskflow.py
[2025-09-21T12:33:56.746+0000] {logging_mixin.py:188} INFO - [2025-09-21T12:33:56.746+0000] {dag.py:3036} INFO - Sync 1 DAGs
[2025-09-21T12:33:56.806+0000] {logging_mixin.py:188} INFO - [2025-09-21T12:33:56.805+0000] {dag.py:3823} INFO - Setting next_dagrun for example_setup_teardown_taskflow to 2025-09-20 00:00:00+00:00, run_after=2025-09-21 00:00:00+00:00
[2025-09-21T12:33:56.859+0000] {processor.py:183} INFO - Processing /home/airflow/.local/lib/python3.8/site-packages/airflow/example_dags/example_setup_teardown_taskflow.py took 0.204 seconds
[2025-09-21T12:34:27.669+0000] {processor.py:161} INFO - Started process (PID=1500) to work on /home/airflow/.local/lib/python3.8/site-packages/airflow/example_dags/example_setup_teardown_taskflow.py
[2025-09-21T12:34:27.674+0000] {processor.py:830} INFO - Processing file /home/airflow/.local/lib/python3.8/site-packages/airflow/example_dags/example_setup_teardown_taskflow.py for tasks to queue
[2025-09-21T12:34:27.684+0000] {logging_mixin.py:188} INFO - [2025-09-21T12:34:27.683+0000] {dagbag.py:538} INFO - Filling up the DagBag from /home/airflow/.local/lib/python3.8/site-packages/airflow/example_dags/example_setup_teardown_taskflow.py
[2025-09-21T12:34:27.721+0000] {processor.py:840} INFO - DAG(s) 'example_setup_teardown_taskflow' retrieved from /home/airflow/.local/lib/python3.8/site-packages/airflow/example_dags/example_setup_teardown_taskflow.py
[2025-09-21T12:34:27.768+0000] {logging_mixin.py:188} INFO - [2025-09-21T12:34:27.768+0000] {dag.py:3036} INFO - Sync 1 DAGs
[2025-09-21T12:34:27.822+0000] {logging_mixin.py:188} INFO - [2025-09-21T12:34:27.822+0000] {dag.py:3823} INFO - Setting next_dagrun for example_setup_teardown_taskflow to 2025-09-20 00:00:00+00:00, run_after=2025-09-21 00:00:00+00:00
[2025-09-21T12:34:27.863+0000] {processor.py:183} INFO - Processing /home/airflow/.local/lib/python3.8/site-packages/airflow/example_dags/example_setup_teardown_taskflow.py took 0.207 seconds
[2025-09-21T12:34:58.126+0000] {processor.py:161} INFO - Started process (PID=1558) to work on /home/airflow/.local/lib/python3.8/site-packages/airflow/example_dags/example_setup_teardown_taskflow.py
[2025-09-21T12:34:58.129+0000] {processor.py:830} INFO - Processing file /home/airflow/.local/lib/python3.8/site-packages/airflow/example_dags/example_setup_teardown_taskflow.py for tasks to queue
[2025-09-21T12:34:58.135+0000] {logging_mixin.py:188} INFO - [2025-09-21T12:34:58.134+0000] {dagbag.py:538} INFO - Filling up the DagBag from /home/airflow/.local/lib/python3.8/site-packages/airflow/example_dags/example_setup_teardown_taskflow.py
[2025-09-21T12:34:58.175+0000] {processor.py:840} INFO - DAG(s) 'example_setup_teardown_taskflow' retrieved from /home/airflow/.local/lib/python3.8/site-packages/airflow/example_dags/example_setup_teardown_taskflow.py
[2025-09-21T12:34:58.260+0000] {logging_mixin.py:188} INFO - [2025-09-21T12:34:58.260+0000] {dag.py:3036} INFO - Sync 1 DAGs
[2025-09-21T12:34:58.361+0000] {logging_mixin.py:188} INFO - [2025-09-21T12:34:58.361+0000] {dag.py:3823} INFO - Setting next_dagrun for example_setup_teardown_taskflow to 2025-09-20 00:00:00+00:00, run_after=2025-09-21 00:00:00+00:00
[2025-09-21T12:34:58.413+0000] {processor.py:183} INFO - Processing /home/airflow/.local/lib/python3.8/site-packages/airflow/example_dags/example_setup_teardown_taskflow.py took 0.297 seconds
[2025-09-21T12:35:29.110+0000] {processor.py:161} INFO - Started process (PID=1622) to work on /home/airflow/.local/lib/python3.8/site-packages/airflow/example_dags/example_setup_teardown_taskflow.py
[2025-09-21T12:35:29.114+0000] {processor.py:830} INFO - Processing file /home/airflow/.local/lib/python3.8/site-packages/airflow/example_dags/example_setup_teardown_taskflow.py for tasks to queue
[2025-09-21T12:35:29.121+0000] {logging_mixin.py:188} INFO - [2025-09-21T12:35:29.120+0000] {dagbag.py:538} INFO - Filling up the DagBag from /home/airflow/.local/lib/python3.8/site-packages/airflow/example_dags/example_setup_teardown_taskflow.py
[2025-09-21T12:35:29.147+0000] {processor.py:840} INFO - DAG(s) 'example_setup_teardown_taskflow' retrieved from /home/airflow/.local/lib/python3.8/site-packages/airflow/example_dags/example_setup_teardown_taskflow.py
[2025-09-21T12:35:29.191+0000] {logging_mixin.py:188} INFO - [2025-09-21T12:35:29.191+0000] {dag.py:3036} INFO - Sync 1 DAGs
[2025-09-21T12:35:29.242+0000] {logging_mixin.py:188} INFO - [2025-09-21T12:35:29.242+0000] {dag.py:3823} INFO - Setting next_dagrun for example_setup_teardown_taskflow to 2025-09-20 00:00:00+00:00, run_after=2025-09-21 00:00:00+00:00
[2025-09-21T12:35:29.302+0000] {processor.py:183} INFO - Processing /home/airflow/.local/lib/python3.8/site-packages/airflow/example_dags/example_setup_teardown_taskflow.py took 0.202 seconds
[2025-09-21T12:36:00.323+0000] {processor.py:161} INFO - Started process (PID=1680) to work on /home/airflow/.local/lib/python3.8/site-packages/airflow/example_dags/example_setup_teardown_taskflow.py
[2025-09-21T12:36:00.327+0000] {processor.py:830} INFO - Processing file /home/airflow/.local/lib/python3.8/site-packages/airflow/example_dags/example_setup_teardown_taskflow.py for tasks to queue
[2025-09-21T12:36:00.334+0000] {logging_mixin.py:188} INFO - [2025-09-21T12:36:00.333+0000] {dagbag.py:538} INFO - Filling up the DagBag from /home/airflow/.local/lib/python3.8/site-packages/airflow/example_dags/example_setup_teardown_taskflow.py
[2025-09-21T12:36:00.375+0000] {processor.py:840} INFO - DAG(s) 'example_setup_teardown_taskflow' retrieved from /home/airflow/.local/lib/python3.8/site-packages/airflow/example_dags/example_setup_teardown_taskflow.py
[2025-09-21T12:36:00.457+0000] {logging_mixin.py:188} INFO - [2025-09-21T12:36:00.456+0000] {dag.py:3036} INFO - Sync 1 DAGs
[2025-09-21T12:36:00.546+0000] {logging_mixin.py:188} INFO - [2025-09-21T12:36:00.545+0000] {dag.py:3823} INFO - Setting next_dagrun for example_setup_teardown_taskflow to 2025-09-20 00:00:00+00:00, run_after=2025-09-21 00:00:00+00:00
[2025-09-21T12:36:00.636+0000] {processor.py:183} INFO - Processing /home/airflow/.local/lib/python3.8/site-packages/airflow/example_dags/example_setup_teardown_taskflow.py took 0.331 seconds
[2025-09-21T12:36:31.278+0000] {processor.py:161} INFO - Started process (PID=1738) to work on /home/airflow/.local/lib/python3.8/site-packages/airflow/example_dags/example_setup_teardown_taskflow.py
[2025-09-21T12:36:31.281+0000] {processor.py:830} INFO - Processing file /home/airflow/.local/lib/python3.8/site-packages/airflow/example_dags/example_setup_teardown_taskflow.py for tasks to queue
[2025-09-21T12:36:31.289+0000] {logging_mixin.py:188} INFO - [2025-09-21T12:36:31.288+0000] {dagbag.py:538} INFO - Filling up the DagBag from /home/airflow/.local/lib/python3.8/site-packages/airflow/example_dags/example_setup_teardown_taskflow.py
[2025-09-21T12:36:31.322+0000] {processor.py:840} INFO - DAG(s) 'example_setup_teardown_taskflow' retrieved from /home/airflow/.local/lib/python3.8/site-packages/airflow/example_dags/example_setup_teardown_taskflow.py
[2025-09-21T12:36:31.369+0000] {logging_mixin.py:188} INFO - [2025-09-21T12:36:31.369+0000] {dag.py:3036} INFO - Sync 1 DAGs
[2025-09-21T12:36:31.421+0000] {logging_mixin.py:188} INFO - [2025-09-21T12:36:31.420+0000] {dag.py:3823} INFO - Setting next_dagrun for example_setup_teardown_taskflow to 2025-09-20 00:00:00+00:00, run_after=2025-09-21 00:00:00+00:00
[2025-09-21T12:36:31.476+0000] {processor.py:183} INFO - Processing /home/airflow/.local/lib/python3.8/site-packages/airflow/example_dags/example_setup_teardown_taskflow.py took 0.206 seconds
[2025-09-21T12:37:01.664+0000] {processor.py:161} INFO - Started process (PID=1795) to work on /home/airflow/.local/lib/python3.8/site-packages/airflow/example_dags/example_setup_teardown_taskflow.py
[2025-09-21T12:37:01.667+0000] {processor.py:830} INFO - Processing file /home/airflow/.local/lib/python3.8/site-packages/airflow/example_dags/example_setup_teardown_taskflow.py for tasks to queue
[2025-09-21T12:37:01.671+0000] {logging_mixin.py:188} INFO - [2025-09-21T12:37:01.670+0000] {dagbag.py:538} INFO - Filling up the DagBag from /home/airflow/.local/lib/python3.8/site-packages/airflow/example_dags/example_setup_teardown_taskflow.py
[2025-09-21T12:37:01.690+0000] {processor.py:840} INFO - DAG(s) 'example_setup_teardown_taskflow' retrieved from /home/airflow/.local/lib/python3.8/site-packages/airflow/example_dags/example_setup_teardown_taskflow.py
[2025-09-21T12:37:01.729+0000] {logging_mixin.py:188} INFO - [2025-09-21T12:37:01.729+0000] {dag.py:3036} INFO - Sync 1 DAGs
[2025-09-21T12:37:01.782+0000] {logging_mixin.py:188} INFO - [2025-09-21T12:37:01.782+0000] {dag.py:3823} INFO - Setting next_dagrun for example_setup_teardown_taskflow to 2025-09-20 00:00:00+00:00, run_after=2025-09-21 00:00:00+00:00
[2025-09-21T12:37:01.836+0000] {processor.py:183} INFO - Processing /home/airflow/.local/lib/python3.8/site-packages/airflow/example_dags/example_setup_teardown_taskflow.py took 0.180 seconds
[2025-09-21T12:37:32.550+0000] {processor.py:161} INFO - Started process (PID=1853) to work on /home/airflow/.local/lib/python3.8/site-packages/airflow/example_dags/example_setup_teardown_taskflow.py
[2025-09-21T12:37:32.555+0000] {processor.py:830} INFO - Processing file /home/airflow/.local/lib/python3.8/site-packages/airflow/example_dags/example_setup_teardown_taskflow.py for tasks to queue
[2025-09-21T12:37:32.566+0000] {logging_mixin.py:188} INFO - [2025-09-21T12:37:32.565+0000] {dagbag.py:538} INFO - Filling up the DagBag from /home/airflow/.local/lib/python3.8/site-packages/airflow/example_dags/example_setup_teardown_taskflow.py
[2025-09-21T12:37:32.597+0000] {processor.py:840} INFO - DAG(s) 'example_setup_teardown_taskflow' retrieved from /home/airflow/.local/lib/python3.8/site-packages/airflow/example_dags/example_setup_teardown_taskflow.py
[2025-09-21T12:37:32.642+0000] {logging_mixin.py:188} INFO - [2025-09-21T12:37:32.642+0000] {dag.py:3036} INFO - Sync 1 DAGs
[2025-09-21T12:37:32.690+0000] {logging_mixin.py:188} INFO - [2025-09-21T12:37:32.690+0000] {dag.py:3823} INFO - Setting next_dagrun for example_setup_teardown_taskflow to 2025-09-20 00:00:00+00:00, run_after=2025-09-21 00:00:00+00:00
[2025-09-21T12:37:32.727+0000] {processor.py:183} INFO - Processing /home/airflow/.local/lib/python3.8/site-packages/airflow/example_dags/example_setup_teardown_taskflow.py took 0.193 seconds
[2025-09-21T12:38:03.310+0000] {processor.py:161} INFO - Started process (PID=1911) to work on /home/airflow/.local/lib/python3.8/site-packages/airflow/example_dags/example_setup_teardown_taskflow.py
[2025-09-21T12:38:03.313+0000] {processor.py:830} INFO - Processing file /home/airflow/.local/lib/python3.8/site-packages/airflow/example_dags/example_setup_teardown_taskflow.py for tasks to queue
[2025-09-21T12:38:03.318+0000] {logging_mixin.py:188} INFO - [2025-09-21T12:38:03.317+0000] {dagbag.py:538} INFO - Filling up the DagBag from /home/airflow/.local/lib/python3.8/site-packages/airflow/example_dags/example_setup_teardown_taskflow.py
[2025-09-21T12:38:03.365+0000] {processor.py:840} INFO - DAG(s) 'example_setup_teardown_taskflow' retrieved from /home/airflow/.local/lib/python3.8/site-packages/airflow/example_dags/example_setup_teardown_taskflow.py
[2025-09-21T12:38:03.461+0000] {logging_mixin.py:188} INFO - [2025-09-21T12:38:03.460+0000] {dag.py:3036} INFO - Sync 1 DAGs
[2025-09-21T12:38:03.573+0000] {logging_mixin.py:188} INFO - [2025-09-21T12:38:03.569+0000] {dag.py:3823} INFO - Setting next_dagrun for example_setup_teardown_taskflow to 2025-09-20 00:00:00+00:00, run_after=2025-09-21 00:00:00+00:00
[2025-09-21T12:38:03.682+0000] {processor.py:183} INFO - Processing /home/airflow/.local/lib/python3.8/site-packages/airflow/example_dags/example_setup_teardown_taskflow.py took 0.392 seconds
[2025-09-21T12:38:34.032+0000] {processor.py:161} INFO - Started process (PID=1970) to work on /home/airflow/.local/lib/python3.8/site-packages/airflow/example_dags/example_setup_teardown_taskflow.py
[2025-09-21T12:38:34.035+0000] {processor.py:830} INFO - Processing file /home/airflow/.local/lib/python3.8/site-packages/airflow/example_dags/example_setup_teardown_taskflow.py for tasks to queue
[2025-09-21T12:38:34.039+0000] {logging_mixin.py:188} INFO - [2025-09-21T12:38:34.038+0000] {dagbag.py:538} INFO - Filling up the DagBag from /home/airflow/.local/lib/python3.8/site-packages/airflow/example_dags/example_setup_teardown_taskflow.py
[2025-09-21T12:38:34.059+0000] {processor.py:840} INFO - DAG(s) 'example_setup_teardown_taskflow' retrieved from /home/airflow/.local/lib/python3.8/site-packages/airflow/example_dags/example_setup_teardown_taskflow.py
[2025-09-21T12:38:34.111+0000] {logging_mixin.py:188} INFO - [2025-09-21T12:38:34.110+0000] {dag.py:3036} INFO - Sync 1 DAGs
[2025-09-21T12:38:34.168+0000] {logging_mixin.py:188} INFO - [2025-09-21T12:38:34.168+0000] {dag.py:3823} INFO - Setting next_dagrun for example_setup_teardown_taskflow to 2025-09-20 00:00:00+00:00, run_after=2025-09-21 00:00:00+00:00
[2025-09-21T12:38:34.243+0000] {processor.py:183} INFO - Processing /home/airflow/.local/lib/python3.8/site-packages/airflow/example_dags/example_setup_teardown_taskflow.py took 0.218 seconds
[2025-09-21T12:39:04.473+0000] {processor.py:161} INFO - Started process (PID=2028) to work on /home/airflow/.local/lib/python3.8/site-packages/airflow/example_dags/example_setup_teardown_taskflow.py
[2025-09-21T12:39:04.476+0000] {processor.py:830} INFO - Processing file /home/airflow/.local/lib/python3.8/site-packages/airflow/example_dags/example_setup_teardown_taskflow.py for tasks to queue
[2025-09-21T12:39:04.480+0000] {logging_mixin.py:188} INFO - [2025-09-21T12:39:04.480+0000] {dagbag.py:538} INFO - Filling up the DagBag from /home/airflow/.local/lib/python3.8/site-packages/airflow/example_dags/example_setup_teardown_taskflow.py
[2025-09-21T12:39:04.507+0000] {processor.py:840} INFO - DAG(s) 'example_setup_teardown_taskflow' retrieved from /home/airflow/.local/lib/python3.8/site-packages/airflow/example_dags/example_setup_teardown_taskflow.py
[2025-09-21T12:39:04.561+0000] {logging_mixin.py:188} INFO - [2025-09-21T12:39:04.560+0000] {dag.py:3036} INFO - Sync 1 DAGs
[2025-09-21T12:39:04.616+0000] {logging_mixin.py:188} INFO - [2025-09-21T12:39:04.616+0000] {dag.py:3823} INFO - Setting next_dagrun for example_setup_teardown_taskflow to 2025-09-20 00:00:00+00:00, run_after=2025-09-21 00:00:00+00:00
[2025-09-21T12:39:04.661+0000] {processor.py:183} INFO - Processing /home/airflow/.local/lib/python3.8/site-packages/airflow/example_dags/example_setup_teardown_taskflow.py took 0.194 seconds
[2025-09-21T12:39:36.291+0000] {processor.py:161} INFO - Started process (PID=2086) to work on /home/airflow/.local/lib/python3.8/site-packages/airflow/example_dags/example_setup_teardown_taskflow.py
[2025-09-21T12:39:36.293+0000] {processor.py:830} INFO - Processing file /home/airflow/.local/lib/python3.8/site-packages/airflow/example_dags/example_setup_teardown_taskflow.py for tasks to queue
[2025-09-21T12:39:36.297+0000] {logging_mixin.py:188} INFO - [2025-09-21T12:39:36.297+0000] {dagbag.py:538} INFO - Filling up the DagBag from /home/airflow/.local/lib/python3.8/site-packages/airflow/example_dags/example_setup_teardown_taskflow.py
[2025-09-21T12:39:36.323+0000] {processor.py:840} INFO - DAG(s) 'example_setup_teardown_taskflow' retrieved from /home/airflow/.local/lib/python3.8/site-packages/airflow/example_dags/example_setup_teardown_taskflow.py
[2025-09-21T12:39:36.370+0000] {logging_mixin.py:188} INFO - [2025-09-21T12:39:36.370+0000] {dag.py:3036} INFO - Sync 1 DAGs
[2025-09-21T12:39:36.420+0000] {logging_mixin.py:188} INFO - [2025-09-21T12:39:36.419+0000] {dag.py:3823} INFO - Setting next_dagrun for example_setup_teardown_taskflow to 2025-09-20 00:00:00+00:00, run_after=2025-09-21 00:00:00+00:00
[2025-09-21T12:39:36.469+0000] {processor.py:183} INFO - Processing /home/airflow/.local/lib/python3.8/site-packages/airflow/example_dags/example_setup_teardown_taskflow.py took 0.185 seconds
[2025-09-21T12:40:06.974+0000] {processor.py:161} INFO - Started process (PID=2144) to work on /home/airflow/.local/lib/python3.8/site-packages/airflow/example_dags/example_setup_teardown_taskflow.py
[2025-09-21T12:40:06.977+0000] {processor.py:830} INFO - Processing file /home/airflow/.local/lib/python3.8/site-packages/airflow/example_dags/example_setup_teardown_taskflow.py for tasks to queue
[2025-09-21T12:40:06.982+0000] {logging_mixin.py:188} INFO - [2025-09-21T12:40:06.981+0000] {dagbag.py:538} INFO - Filling up the DagBag from /home/airflow/.local/lib/python3.8/site-packages/airflow/example_dags/example_setup_teardown_taskflow.py
[2025-09-21T12:40:07.009+0000] {processor.py:840} INFO - DAG(s) 'example_setup_teardown_taskflow' retrieved from /home/airflow/.local/lib/python3.8/site-packages/airflow/example_dags/example_setup_teardown_taskflow.py
[2025-09-21T12:40:07.066+0000] {logging_mixin.py:188} INFO - [2025-09-21T12:40:07.066+0000] {dag.py:3036} INFO - Sync 1 DAGs
[2025-09-21T12:40:07.128+0000] {logging_mixin.py:188} INFO - [2025-09-21T12:40:07.127+0000] {dag.py:3823} INFO - Setting next_dagrun for example_setup_teardown_taskflow to 2025-09-20 00:00:00+00:00, run_after=2025-09-21 00:00:00+00:00
[2025-09-21T12:40:07.186+0000] {processor.py:183} INFO - Processing /home/airflow/.local/lib/python3.8/site-packages/airflow/example_dags/example_setup_teardown_taskflow.py took 0.219 seconds
[2025-09-21T12:40:37.791+0000] {processor.py:161} INFO - Started process (PID=2202) to work on /home/airflow/.local/lib/python3.8/site-packages/airflow/example_dags/example_setup_teardown_taskflow.py
[2025-09-21T12:40:37.793+0000] {processor.py:830} INFO - Processing file /home/airflow/.local/lib/python3.8/site-packages/airflow/example_dags/example_setup_teardown_taskflow.py for tasks to queue
[2025-09-21T12:40:37.797+0000] {logging_mixin.py:188} INFO - [2025-09-21T12:40:37.797+0000] {dagbag.py:538} INFO - Filling up the DagBag from /home/airflow/.local/lib/python3.8/site-packages/airflow/example_dags/example_setup_teardown_taskflow.py
[2025-09-21T12:40:37.821+0000] {processor.py:840} INFO - DAG(s) 'example_setup_teardown_taskflow' retrieved from /home/airflow/.local/lib/python3.8/site-packages/airflow/example_dags/example_setup_teardown_taskflow.py
[2025-09-21T12:40:37.867+0000] {logging_mixin.py:188} INFO - [2025-09-21T12:40:37.867+0000] {dag.py:3036} INFO - Sync 1 DAGs
[2025-09-21T12:40:37.912+0000] {logging_mixin.py:188} INFO - [2025-09-21T12:40:37.912+0000] {dag.py:3823} INFO - Setting next_dagrun for example_setup_teardown_taskflow to 2025-09-20 00:00:00+00:00, run_after=2025-09-21 00:00:00+00:00
[2025-09-21T12:40:37.951+0000] {processor.py:183} INFO - Processing /home/airflow/.local/lib/python3.8/site-packages/airflow/example_dags/example_setup_teardown_taskflow.py took 0.166 seconds
[2025-09-21T12:41:09.049+0000] {processor.py:161} INFO - Started process (PID=2260) to work on /home/airflow/.local/lib/python3.8/site-packages/airflow/example_dags/example_setup_teardown_taskflow.py
[2025-09-21T12:41:09.056+0000] {processor.py:830} INFO - Processing file /home/airflow/.local/lib/python3.8/site-packages/airflow/example_dags/example_setup_teardown_taskflow.py for tasks to queue
[2025-09-21T12:41:09.065+0000] {logging_mixin.py:188} INFO - [2025-09-21T12:41:09.064+0000] {dagbag.py:538} INFO - Filling up the DagBag from /home/airflow/.local/lib/python3.8/site-packages/airflow/example_dags/example_setup_teardown_taskflow.py
[2025-09-21T12:41:09.144+0000] {processor.py:840} INFO - DAG(s) 'example_setup_teardown_taskflow' retrieved from /home/airflow/.local/lib/python3.8/site-packages/airflow/example_dags/example_setup_teardown_taskflow.py
[2025-09-21T12:41:09.196+0000] {logging_mixin.py:188} INFO - [2025-09-21T12:41:09.196+0000] {dag.py:3036} INFO - Sync 1 DAGs
[2025-09-21T12:41:09.272+0000] {logging_mixin.py:188} INFO - [2025-09-21T12:41:09.272+0000] {dag.py:3823} INFO - Setting next_dagrun for example_setup_teardown_taskflow to 2025-09-20 00:00:00+00:00, run_after=2025-09-21 00:00:00+00:00
[2025-09-21T12:41:09.324+0000] {processor.py:183} INFO - Processing /home/airflow/.local/lib/python3.8/site-packages/airflow/example_dags/example_setup_teardown_taskflow.py took 0.290 seconds
[2025-09-21T12:41:39.728+0000] {processor.py:161} INFO - Started process (PID=2318) to work on /home/airflow/.local/lib/python3.8/site-packages/airflow/example_dags/example_setup_teardown_taskflow.py
[2025-09-21T12:41:39.730+0000] {processor.py:830} INFO - Processing file /home/airflow/.local/lib/python3.8/site-packages/airflow/example_dags/example_setup_teardown_taskflow.py for tasks to queue
[2025-09-21T12:41:39.734+0000] {logging_mixin.py:188} INFO - [2025-09-21T12:41:39.733+0000] {dagbag.py:538} INFO - Filling up the DagBag from /home/airflow/.local/lib/python3.8/site-packages/airflow/example_dags/example_setup_teardown_taskflow.py
[2025-09-21T12:41:39.753+0000] {processor.py:840} INFO - DAG(s) 'example_setup_teardown_taskflow' retrieved from /home/airflow/.local/lib/python3.8/site-packages/airflow/example_dags/example_setup_teardown_taskflow.py
[2025-09-21T12:41:39.794+0000] {logging_mixin.py:188} INFO - [2025-09-21T12:41:39.793+0000] {dag.py:3036} INFO - Sync 1 DAGs
[2025-09-21T12:41:39.836+0000] {logging_mixin.py:188} INFO - [2025-09-21T12:41:39.836+0000] {dag.py:3823} INFO - Setting next_dagrun for example_setup_teardown_taskflow to 2025-09-20 00:00:00+00:00, run_after=2025-09-21 00:00:00+00:00
[2025-09-21T12:41:39.873+0000] {processor.py:183} INFO - Processing /home/airflow/.local/lib/python3.8/site-packages/airflow/example_dags/example_setup_teardown_taskflow.py took 0.149 seconds
[2025-09-21T12:42:10.058+0000] {processor.py:161} INFO - Started process (PID=2376) to work on /home/airflow/.local/lib/python3.8/site-packages/airflow/example_dags/example_setup_teardown_taskflow.py
[2025-09-21T12:42:10.060+0000] {processor.py:830} INFO - Processing file /home/airflow/.local/lib/python3.8/site-packages/airflow/example_dags/example_setup_teardown_taskflow.py for tasks to queue
[2025-09-21T12:42:10.067+0000] {logging_mixin.py:188} INFO - [2025-09-21T12:42:10.066+0000] {dagbag.py:538} INFO - Filling up the DagBag from /home/airflow/.local/lib/python3.8/site-packages/airflow/example_dags/example_setup_teardown_taskflow.py
[2025-09-21T12:42:10.090+0000] {processor.py:840} INFO - DAG(s) 'example_setup_teardown_taskflow' retrieved from /home/airflow/.local/lib/python3.8/site-packages/airflow/example_dags/example_setup_teardown_taskflow.py
[2025-09-21T12:42:10.129+0000] {logging_mixin.py:188} INFO - [2025-09-21T12:42:10.128+0000] {dag.py:3036} INFO - Sync 1 DAGs
[2025-09-21T12:42:10.178+0000] {logging_mixin.py:188} INFO - [2025-09-21T12:42:10.177+0000] {dag.py:3823} INFO - Setting next_dagrun for example_setup_teardown_taskflow to 2025-09-20 00:00:00+00:00, run_after=2025-09-21 00:00:00+00:00
[2025-09-21T12:42:10.230+0000] {processor.py:183} INFO - Processing /home/airflow/.local/lib/python3.8/site-packages/airflow/example_dags/example_setup_teardown_taskflow.py took 0.178 seconds
[2025-09-21T12:42:40.679+0000] {processor.py:161} INFO - Started process (PID=2434) to work on /home/airflow/.local/lib/python3.8/site-packages/airflow/example_dags/example_setup_teardown_taskflow.py
[2025-09-21T12:42:40.681+0000] {processor.py:830} INFO - Processing file /home/airflow/.local/lib/python3.8/site-packages/airflow/example_dags/example_setup_teardown_taskflow.py for tasks to queue
[2025-09-21T12:42:40.685+0000] {logging_mixin.py:188} INFO - [2025-09-21T12:42:40.684+0000] {dagbag.py:538} INFO - Filling up the DagBag from /home/airflow/.local/lib/python3.8/site-packages/airflow/example_dags/example_setup_teardown_taskflow.py
[2025-09-21T12:42:40.705+0000] {processor.py:840} INFO - DAG(s) 'example_setup_teardown_taskflow' retrieved from /home/airflow/.local/lib/python3.8/site-packages/airflow/example_dags/example_setup_teardown_taskflow.py
[2025-09-21T12:42:40.745+0000] {logging_mixin.py:188} INFO - [2025-09-21T12:42:40.745+0000] {dag.py:3036} INFO - Sync 1 DAGs
[2025-09-21T12:42:40.796+0000] {logging_mixin.py:188} INFO - [2025-09-21T12:42:40.795+0000] {dag.py:3823} INFO - Setting next_dagrun for example_setup_teardown_taskflow to 2025-09-20 00:00:00+00:00, run_after=2025-09-21 00:00:00+00:00
[2025-09-21T12:42:40.886+0000] {processor.py:183} INFO - Processing /home/airflow/.local/lib/python3.8/site-packages/airflow/example_dags/example_setup_teardown_taskflow.py took 0.214 seconds
[2025-09-21T12:43:11.777+0000] {processor.py:161} INFO - Started process (PID=2492) to work on /home/airflow/.local/lib/python3.8/site-packages/airflow/example_dags/example_setup_teardown_taskflow.py
[2025-09-21T12:43:11.779+0000] {processor.py:830} INFO - Processing file /home/airflow/.local/lib/python3.8/site-packages/airflow/example_dags/example_setup_teardown_taskflow.py for tasks to queue
[2025-09-21T12:43:11.783+0000] {logging_mixin.py:188} INFO - [2025-09-21T12:43:11.782+0000] {dagbag.py:538} INFO - Filling up the DagBag from /home/airflow/.local/lib/python3.8/site-packages/airflow/example_dags/example_setup_teardown_taskflow.py
[2025-09-21T12:43:11.809+0000] {processor.py:840} INFO - DAG(s) 'example_setup_teardown_taskflow' retrieved from /home/airflow/.local/lib/python3.8/site-packages/airflow/example_dags/example_setup_teardown_taskflow.py
[2025-09-21T12:43:11.875+0000] {logging_mixin.py:188} INFO - [2025-09-21T12:43:11.874+0000] {dag.py:3036} INFO - Sync 1 DAGs
[2025-09-21T12:43:11.963+0000] {logging_mixin.py:188} INFO - [2025-09-21T12:43:11.963+0000] {dag.py:3823} INFO - Setting next_dagrun for example_setup_teardown_taskflow to 2025-09-20 00:00:00+00:00, run_after=2025-09-21 00:00:00+00:00
[2025-09-21T12:43:12.036+0000] {processor.py:183} INFO - Processing /home/airflow/.local/lib/python3.8/site-packages/airflow/example_dags/example_setup_teardown_taskflow.py took 0.266 seconds
[2025-09-21T12:43:44.322+0000] {processor.py:161} INFO - Started process (PID=2550) to work on /home/airflow/.local/lib/python3.8/site-packages/airflow/example_dags/example_setup_teardown_taskflow.py
[2025-09-21T12:43:44.328+0000] {processor.py:830} INFO - Processing file /home/airflow/.local/lib/python3.8/site-packages/airflow/example_dags/example_setup_teardown_taskflow.py for tasks to queue
[2025-09-21T12:43:44.337+0000] {logging_mixin.py:188} INFO - [2025-09-21T12:43:44.335+0000] {dagbag.py:538} INFO - Filling up the DagBag from /home/airflow/.local/lib/python3.8/site-packages/airflow/example_dags/example_setup_teardown_taskflow.py
[2025-09-21T12:43:44.388+0000] {processor.py:840} INFO - DAG(s) 'example_setup_teardown_taskflow' retrieved from /home/airflow/.local/lib/python3.8/site-packages/airflow/example_dags/example_setup_teardown_taskflow.py
[2025-09-21T12:43:44.496+0000] {logging_mixin.py:188} INFO - [2025-09-21T12:43:44.495+0000] {dag.py:3036} INFO - Sync 1 DAGs
[2025-09-21T12:43:44.617+0000] {logging_mixin.py:188} INFO - [2025-09-21T12:43:44.616+0000] {dag.py:3823} INFO - Setting next_dagrun for example_setup_teardown_taskflow to 2025-09-20 00:00:00+00:00, run_after=2025-09-21 00:00:00+00:00
[2025-09-21T12:43:44.706+0000] {processor.py:183} INFO - Processing /home/airflow/.local/lib/python3.8/site-packages/airflow/example_dags/example_setup_teardown_taskflow.py took 0.403 seconds
[2025-09-21T12:44:15.212+0000] {processor.py:161} INFO - Started process (PID=2608) to work on /home/airflow/.local/lib/python3.8/site-packages/airflow/example_dags/example_setup_teardown_taskflow.py
[2025-09-21T12:44:15.213+0000] {processor.py:830} INFO - Processing file /home/airflow/.local/lib/python3.8/site-packages/airflow/example_dags/example_setup_teardown_taskflow.py for tasks to queue
[2025-09-21T12:44:15.217+0000] {logging_mixin.py:188} INFO - [2025-09-21T12:44:15.216+0000] {dagbag.py:538} INFO - Filling up the DagBag from /home/airflow/.local/lib/python3.8/site-packages/airflow/example_dags/example_setup_teardown_taskflow.py
[2025-09-21T12:44:15.237+0000] {processor.py:840} INFO - DAG(s) 'example_setup_teardown_taskflow' retrieved from /home/airflow/.local/lib/python3.8/site-packages/airflow/example_dags/example_setup_teardown_taskflow.py
[2025-09-21T12:44:15.288+0000] {logging_mixin.py:188} INFO - [2025-09-21T12:44:15.288+0000] {dag.py:3036} INFO - Sync 1 DAGs
[2025-09-21T12:44:15.342+0000] {logging_mixin.py:188} INFO - [2025-09-21T12:44:15.342+0000] {dag.py:3823} INFO - Setting next_dagrun for example_setup_teardown_taskflow to 2025-09-20 00:00:00+00:00, run_after=2025-09-21 00:00:00+00:00
[2025-09-21T12:44:15.381+0000] {processor.py:183} INFO - Processing /home/airflow/.local/lib/python3.8/site-packages/airflow/example_dags/example_setup_teardown_taskflow.py took 0.175 seconds
[2025-09-21T12:44:46.139+0000] {processor.py:161} INFO - Started process (PID=2666) to work on /home/airflow/.local/lib/python3.8/site-packages/airflow/example_dags/example_setup_teardown_taskflow.py
[2025-09-21T12:44:46.141+0000] {processor.py:830} INFO - Processing file /home/airflow/.local/lib/python3.8/site-packages/airflow/example_dags/example_setup_teardown_taskflow.py for tasks to queue
[2025-09-21T12:44:46.147+0000] {logging_mixin.py:188} INFO - [2025-09-21T12:44:46.146+0000] {dagbag.py:538} INFO - Filling up the DagBag from /home/airflow/.local/lib/python3.8/site-packages/airflow/example_dags/example_setup_teardown_taskflow.py
[2025-09-21T12:44:46.168+0000] {processor.py:840} INFO - DAG(s) 'example_setup_teardown_taskflow' retrieved from /home/airflow/.local/lib/python3.8/site-packages/airflow/example_dags/example_setup_teardown_taskflow.py
[2025-09-21T12:44:46.208+0000] {logging_mixin.py:188} INFO - [2025-09-21T12:44:46.207+0000] {dag.py:3036} INFO - Sync 1 DAGs
[2025-09-21T12:44:46.308+0000] {logging_mixin.py:188} INFO - [2025-09-21T12:44:46.308+0000] {dag.py:3823} INFO - Setting next_dagrun for example_setup_teardown_taskflow to 2025-09-20 00:00:00+00:00, run_after=2025-09-21 00:00:00+00:00
[2025-09-21T12:44:46.400+0000] {processor.py:183} INFO - Processing /home/airflow/.local/lib/python3.8/site-packages/airflow/example_dags/example_setup_teardown_taskflow.py took 0.267 seconds
[2025-09-21T12:45:17.830+0000] {processor.py:161} INFO - Started process (PID=2724) to work on /home/airflow/.local/lib/python3.8/site-packages/airflow/example_dags/example_setup_teardown_taskflow.py
[2025-09-21T12:45:17.833+0000] {processor.py:830} INFO - Processing file /home/airflow/.local/lib/python3.8/site-packages/airflow/example_dags/example_setup_teardown_taskflow.py for tasks to queue
[2025-09-21T12:45:17.838+0000] {logging_mixin.py:188} INFO - [2025-09-21T12:45:17.837+0000] {dagbag.py:538} INFO - Filling up the DagBag from /home/airflow/.local/lib/python3.8/site-packages/airflow/example_dags/example_setup_teardown_taskflow.py
[2025-09-21T12:45:17.868+0000] {processor.py:840} INFO - DAG(s) 'example_setup_teardown_taskflow' retrieved from /home/airflow/.local/lib/python3.8/site-packages/airflow/example_dags/example_setup_teardown_taskflow.py
[2025-09-21T12:45:17.960+0000] {logging_mixin.py:188} INFO - [2025-09-21T12:45:17.960+0000] {dag.py:3036} INFO - Sync 1 DAGs
[2025-09-21T12:45:18.067+0000] {logging_mixin.py:188} INFO - [2025-09-21T12:45:18.066+0000] {dag.py:3823} INFO - Setting next_dagrun for example_setup_teardown_taskflow to 2025-09-20 00:00:00+00:00, run_after=2025-09-21 00:00:00+00:00
[2025-09-21T12:45:18.155+0000] {processor.py:183} INFO - Processing /home/airflow/.local/lib/python3.8/site-packages/airflow/example_dags/example_setup_teardown_taskflow.py took 0.334 seconds
[2025-09-21T12:45:49.373+0000] {processor.py:161} INFO - Started process (PID=2782) to work on /home/airflow/.local/lib/python3.8/site-packages/airflow/example_dags/example_setup_teardown_taskflow.py
[2025-09-21T12:45:49.375+0000] {processor.py:830} INFO - Processing file /home/airflow/.local/lib/python3.8/site-packages/airflow/example_dags/example_setup_teardown_taskflow.py for tasks to queue
[2025-09-21T12:45:49.380+0000] {logging_mixin.py:188} INFO - [2025-09-21T12:45:49.379+0000] {dagbag.py:538} INFO - Filling up the DagBag from /home/airflow/.local/lib/python3.8/site-packages/airflow/example_dags/example_setup_teardown_taskflow.py
[2025-09-21T12:45:49.402+0000] {processor.py:840} INFO - DAG(s) 'example_setup_teardown_taskflow' retrieved from /home/airflow/.local/lib/python3.8/site-packages/airflow/example_dags/example_setup_teardown_taskflow.py
[2025-09-21T12:45:49.453+0000] {logging_mixin.py:188} INFO - [2025-09-21T12:45:49.453+0000] {dag.py:3036} INFO - Sync 1 DAGs
[2025-09-21T12:45:49.511+0000] {logging_mixin.py:188} INFO - [2025-09-21T12:45:49.511+0000] {dag.py:3823} INFO - Setting next_dagrun for example_setup_teardown_taskflow to 2025-09-20 00:00:00+00:00, run_after=2025-09-21 00:00:00+00:00
[2025-09-21T12:45:49.559+0000] {processor.py:183} INFO - Processing /home/airflow/.local/lib/python3.8/site-packages/airflow/example_dags/example_setup_teardown_taskflow.py took 0.192 seconds
[2025-09-21T12:46:19.945+0000] {processor.py:161} INFO - Started process (PID=2840) to work on /home/airflow/.local/lib/python3.8/site-packages/airflow/example_dags/example_setup_teardown_taskflow.py
[2025-09-21T12:46:19.947+0000] {processor.py:830} INFO - Processing file /home/airflow/.local/lib/python3.8/site-packages/airflow/example_dags/example_setup_teardown_taskflow.py for tasks to queue
[2025-09-21T12:46:19.951+0000] {logging_mixin.py:188} INFO - [2025-09-21T12:46:19.950+0000] {dagbag.py:538} INFO - Filling up the DagBag from /home/airflow/.local/lib/python3.8/site-packages/airflow/example_dags/example_setup_teardown_taskflow.py
[2025-09-21T12:46:19.969+0000] {processor.py:840} INFO - DAG(s) 'example_setup_teardown_taskflow' retrieved from /home/airflow/.local/lib/python3.8/site-packages/airflow/example_dags/example_setup_teardown_taskflow.py
[2025-09-21T12:46:20.016+0000] {logging_mixin.py:188} INFO - [2025-09-21T12:46:20.016+0000] {dag.py:3036} INFO - Sync 1 DAGs
[2025-09-21T12:46:20.066+0000] {logging_mixin.py:188} INFO - [2025-09-21T12:46:20.066+0000] {dag.py:3823} INFO - Setting next_dagrun for example_setup_teardown_taskflow to 2025-09-20 00:00:00+00:00, run_after=2025-09-21 00:00:00+00:00
[2025-09-21T12:46:20.108+0000] {processor.py:183} INFO - Processing /home/airflow/.local/lib/python3.8/site-packages/airflow/example_dags/example_setup_teardown_taskflow.py took 0.168 seconds
[2025-09-21T12:46:53.307+0000] {processor.py:161} INFO - Started process (PID=2898) to work on /home/airflow/.local/lib/python3.8/site-packages/airflow/example_dags/example_setup_teardown_taskflow.py
[2025-09-21T12:46:53.311+0000] {processor.py:830} INFO - Processing file /home/airflow/.local/lib/python3.8/site-packages/airflow/example_dags/example_setup_teardown_taskflow.py for tasks to queue
[2025-09-21T12:46:53.318+0000] {logging_mixin.py:188} INFO - [2025-09-21T12:46:53.317+0000] {dagbag.py:538} INFO - Filling up the DagBag from /home/airflow/.local/lib/python3.8/site-packages/airflow/example_dags/example_setup_teardown_taskflow.py
[2025-09-21T12:46:53.365+0000] {processor.py:840} INFO - DAG(s) 'example_setup_teardown_taskflow' retrieved from /home/airflow/.local/lib/python3.8/site-packages/airflow/example_dags/example_setup_teardown_taskflow.py
[2025-09-21T12:46:53.455+0000] {logging_mixin.py:188} INFO - [2025-09-21T12:46:53.454+0000] {dag.py:3036} INFO - Sync 1 DAGs
[2025-09-21T12:46:53.549+0000] {logging_mixin.py:188} INFO - [2025-09-21T12:46:53.548+0000] {dag.py:3823} INFO - Setting next_dagrun for example_setup_teardown_taskflow to 2025-09-20 00:00:00+00:00, run_after=2025-09-21 00:00:00+00:00
[2025-09-21T12:46:53.623+0000] {processor.py:183} INFO - Processing /home/airflow/.local/lib/python3.8/site-packages/airflow/example_dags/example_setup_teardown_taskflow.py took 0.327 seconds
[2025-09-21T12:47:23.915+0000] {processor.py:161} INFO - Started process (PID=2956) to work on /home/airflow/.local/lib/python3.8/site-packages/airflow/example_dags/example_setup_teardown_taskflow.py
[2025-09-21T12:47:23.919+0000] {processor.py:830} INFO - Processing file /home/airflow/.local/lib/python3.8/site-packages/airflow/example_dags/example_setup_teardown_taskflow.py for tasks to queue
[2025-09-21T12:47:23.928+0000] {logging_mixin.py:188} INFO - [2025-09-21T12:47:23.927+0000] {dagbag.py:538} INFO - Filling up the DagBag from /home/airflow/.local/lib/python3.8/site-packages/airflow/example_dags/example_setup_teardown_taskflow.py
[2025-09-21T12:47:23.971+0000] {processor.py:840} INFO - DAG(s) 'example_setup_teardown_taskflow' retrieved from /home/airflow/.local/lib/python3.8/site-packages/airflow/example_dags/example_setup_teardown_taskflow.py
[2025-09-21T12:47:24.048+0000] {logging_mixin.py:188} INFO - [2025-09-21T12:47:24.046+0000] {dag.py:3036} INFO - Sync 1 DAGs
[2025-09-21T12:47:24.160+0000] {logging_mixin.py:188} INFO - [2025-09-21T12:47:24.159+0000] {dag.py:3823} INFO - Setting next_dagrun for example_setup_teardown_taskflow to 2025-09-20 00:00:00+00:00, run_after=2025-09-21 00:00:00+00:00
[2025-09-21T12:47:24.254+0000] {processor.py:183} INFO - Processing /home/airflow/.local/lib/python3.8/site-packages/airflow/example_dags/example_setup_teardown_taskflow.py took 0.350 seconds
[2025-09-21T12:47:54.725+0000] {processor.py:161} INFO - Started process (PID=3014) to work on /home/airflow/.local/lib/python3.8/site-packages/airflow/example_dags/example_setup_teardown_taskflow.py
[2025-09-21T12:47:54.730+0000] {processor.py:830} INFO - Processing file /home/airflow/.local/lib/python3.8/site-packages/airflow/example_dags/example_setup_teardown_taskflow.py for tasks to queue
[2025-09-21T12:47:54.738+0000] {logging_mixin.py:188} INFO - [2025-09-21T12:47:54.737+0000] {dagbag.py:538} INFO - Filling up the DagBag from /home/airflow/.local/lib/python3.8/site-packages/airflow/example_dags/example_setup_teardown_taskflow.py
[2025-09-21T12:47:54.785+0000] {processor.py:840} INFO - DAG(s) 'example_setup_teardown_taskflow' retrieved from /home/airflow/.local/lib/python3.8/site-packages/airflow/example_dags/example_setup_teardown_taskflow.py
[2025-09-21T12:47:54.883+0000] {logging_mixin.py:188} INFO - [2025-09-21T12:47:54.882+0000] {dag.py:3036} INFO - Sync 1 DAGs
[2025-09-21T12:47:54.987+0000] {logging_mixin.py:188} INFO - [2025-09-21T12:47:54.986+0000] {dag.py:3823} INFO - Setting next_dagrun for example_setup_teardown_taskflow to 2025-09-20 00:00:00+00:00, run_after=2025-09-21 00:00:00+00:00
[2025-09-21T12:47:55.073+0000] {processor.py:183} INFO - Processing /home/airflow/.local/lib/python3.8/site-packages/airflow/example_dags/example_setup_teardown_taskflow.py took 0.362 seconds
