[2025-09-21T11:12:52.229+0000] {processor.py:161} INFO - Started process (PID=72) to work on /home/airflow/.local/lib/python3.8/site-packages/airflow/example_dags/example_dag_decorator.py
[2025-09-21T11:12:52.239+0000] {processor.py:830} INFO - Processing file /home/airflow/.local/lib/python3.8/site-packages/airflow/example_dags/example_dag_decorator.py for tasks to queue
[2025-09-21T11:12:52.244+0000] {logging_mixin.py:188} INFO - [2025-09-21T11:12:52.243+0000] {dagbag.py:538} INFO - Filling up the DagBag from /home/airflow/.local/lib/python3.8/site-packages/airflow/example_dags/example_dag_decorator.py
[2025-09-21T11:12:52.641+0000] {processor.py:840} INFO - DAG(s) 'example_dag_decorator' retrieved from /home/airflow/.local/lib/python3.8/site-packages/airflow/example_dags/example_dag_decorator.py
[2025-09-21T11:12:53.053+0000] {logging_mixin.py:188} INFO - [2025-09-21T11:12:53.053+0000] {dag.py:3036} INFO - Sync 1 DAGs
[2025-09-21T11:12:53.078+0000] {logging_mixin.py:188} INFO - [2025-09-21T11:12:53.077+0000] {dag.py:3823} INFO - Setting next_dagrun for example_dag_decorator to None, run_after=None
[2025-09-21T11:12:53.122+0000] {processor.py:183} INFO - Processing /home/airflow/.local/lib/python3.8/site-packages/airflow/example_dags/example_dag_decorator.py took 0.914 seconds
[2025-09-21T11:13:23.729+0000] {processor.py:161} INFO - Started process (PID=131) to work on /home/airflow/.local/lib/python3.8/site-packages/airflow/example_dags/example_dag_decorator.py
[2025-09-21T11:13:23.731+0000] {processor.py:830} INFO - Processing file /home/airflow/.local/lib/python3.8/site-packages/airflow/example_dags/example_dag_decorator.py for tasks to queue
[2025-09-21T11:13:23.735+0000] {logging_mixin.py:188} INFO - [2025-09-21T11:13:23.734+0000] {dagbag.py:538} INFO - Filling up the DagBag from /home/airflow/.local/lib/python3.8/site-packages/airflow/example_dags/example_dag_decorator.py
[2025-09-21T11:13:23.907+0000] {processor.py:840} INFO - DAG(s) 'example_dag_decorator' retrieved from /home/airflow/.local/lib/python3.8/site-packages/airflow/example_dags/example_dag_decorator.py
[2025-09-21T11:13:24.090+0000] {logging_mixin.py:188} INFO - [2025-09-21T11:13:24.090+0000] {dag.py:3036} INFO - Sync 1 DAGs
[2025-09-21T11:13:24.110+0000] {logging_mixin.py:188} INFO - [2025-09-21T11:13:24.110+0000] {dag.py:3823} INFO - Setting next_dagrun for example_dag_decorator to None, run_after=None
[2025-09-21T11:13:24.147+0000] {processor.py:183} INFO - Processing /home/airflow/.local/lib/python3.8/site-packages/airflow/example_dags/example_dag_decorator.py took 0.423 seconds
[2025-09-21T11:13:54.931+0000] {processor.py:161} INFO - Started process (PID=190) to work on /home/airflow/.local/lib/python3.8/site-packages/airflow/example_dags/example_dag_decorator.py
[2025-09-21T11:13:54.933+0000] {processor.py:830} INFO - Processing file /home/airflow/.local/lib/python3.8/site-packages/airflow/example_dags/example_dag_decorator.py for tasks to queue
[2025-09-21T11:13:54.937+0000] {logging_mixin.py:188} INFO - [2025-09-21T11:13:54.936+0000] {dagbag.py:538} INFO - Filling up the DagBag from /home/airflow/.local/lib/python3.8/site-packages/airflow/example_dags/example_dag_decorator.py
[2025-09-21T11:13:55.114+0000] {processor.py:840} INFO - DAG(s) 'example_dag_decorator' retrieved from /home/airflow/.local/lib/python3.8/site-packages/airflow/example_dags/example_dag_decorator.py
[2025-09-21T11:13:55.300+0000] {logging_mixin.py:188} INFO - [2025-09-21T11:13:55.300+0000] {dag.py:3036} INFO - Sync 1 DAGs
[2025-09-21T11:13:55.319+0000] {logging_mixin.py:188} INFO - [2025-09-21T11:13:55.318+0000] {dag.py:3823} INFO - Setting next_dagrun for example_dag_decorator to None, run_after=None
[2025-09-21T11:13:55.371+0000] {processor.py:183} INFO - Processing /home/airflow/.local/lib/python3.8/site-packages/airflow/example_dags/example_dag_decorator.py took 0.446 seconds
[2025-09-21T11:14:25.476+0000] {processor.py:161} INFO - Started process (PID=248) to work on /home/airflow/.local/lib/python3.8/site-packages/airflow/example_dags/example_dag_decorator.py
[2025-09-21T11:14:25.478+0000] {processor.py:830} INFO - Processing file /home/airflow/.local/lib/python3.8/site-packages/airflow/example_dags/example_dag_decorator.py for tasks to queue
[2025-09-21T11:14:25.481+0000] {logging_mixin.py:188} INFO - [2025-09-21T11:14:25.480+0000] {dagbag.py:538} INFO - Filling up the DagBag from /home/airflow/.local/lib/python3.8/site-packages/airflow/example_dags/example_dag_decorator.py
[2025-09-21T11:14:25.658+0000] {processor.py:840} INFO - DAG(s) 'example_dag_decorator' retrieved from /home/airflow/.local/lib/python3.8/site-packages/airflow/example_dags/example_dag_decorator.py
[2025-09-21T11:14:25.855+0000] {logging_mixin.py:188} INFO - [2025-09-21T11:14:25.855+0000] {dag.py:3036} INFO - Sync 1 DAGs
[2025-09-21T11:14:25.876+0000] {logging_mixin.py:188} INFO - [2025-09-21T11:14:25.876+0000] {dag.py:3823} INFO - Setting next_dagrun for example_dag_decorator to None, run_after=None
[2025-09-21T11:14:25.914+0000] {processor.py:183} INFO - Processing /home/airflow/.local/lib/python3.8/site-packages/airflow/example_dags/example_dag_decorator.py took 0.444 seconds
[2025-09-21T11:14:56.073+0000] {processor.py:161} INFO - Started process (PID=306) to work on /home/airflow/.local/lib/python3.8/site-packages/airflow/example_dags/example_dag_decorator.py
[2025-09-21T11:14:56.076+0000] {processor.py:830} INFO - Processing file /home/airflow/.local/lib/python3.8/site-packages/airflow/example_dags/example_dag_decorator.py for tasks to queue
[2025-09-21T11:14:56.079+0000] {logging_mixin.py:188} INFO - [2025-09-21T11:14:56.079+0000] {dagbag.py:538} INFO - Filling up the DagBag from /home/airflow/.local/lib/python3.8/site-packages/airflow/example_dags/example_dag_decorator.py
[2025-09-21T11:14:56.282+0000] {processor.py:840} INFO - DAG(s) 'example_dag_decorator' retrieved from /home/airflow/.local/lib/python3.8/site-packages/airflow/example_dags/example_dag_decorator.py
[2025-09-21T11:14:56.473+0000] {logging_mixin.py:188} INFO - [2025-09-21T11:14:56.473+0000] {dag.py:3036} INFO - Sync 1 DAGs
[2025-09-21T11:14:56.495+0000] {logging_mixin.py:188} INFO - [2025-09-21T11:14:56.494+0000] {dag.py:3823} INFO - Setting next_dagrun for example_dag_decorator to None, run_after=None
[2025-09-21T11:14:56.531+0000] {processor.py:183} INFO - Processing /home/airflow/.local/lib/python3.8/site-packages/airflow/example_dags/example_dag_decorator.py took 0.464 seconds
[2025-09-21T11:15:26.798+0000] {processor.py:161} INFO - Started process (PID=366) to work on /home/airflow/.local/lib/python3.8/site-packages/airflow/example_dags/example_dag_decorator.py
[2025-09-21T11:15:26.800+0000] {processor.py:830} INFO - Processing file /home/airflow/.local/lib/python3.8/site-packages/airflow/example_dags/example_dag_decorator.py for tasks to queue
[2025-09-21T11:15:26.804+0000] {logging_mixin.py:188} INFO - [2025-09-21T11:15:26.803+0000] {dagbag.py:538} INFO - Filling up the DagBag from /home/airflow/.local/lib/python3.8/site-packages/airflow/example_dags/example_dag_decorator.py
[2025-09-21T11:15:26.971+0000] {processor.py:840} INFO - DAG(s) 'example_dag_decorator' retrieved from /home/airflow/.local/lib/python3.8/site-packages/airflow/example_dags/example_dag_decorator.py
[2025-09-21T11:15:27.158+0000] {logging_mixin.py:188} INFO - [2025-09-21T11:15:27.158+0000] {dag.py:3036} INFO - Sync 1 DAGs
[2025-09-21T11:15:27.180+0000] {logging_mixin.py:188} INFO - [2025-09-21T11:15:27.179+0000] {dag.py:3823} INFO - Setting next_dagrun for example_dag_decorator to None, run_after=None
[2025-09-21T11:15:27.217+0000] {processor.py:183} INFO - Processing /home/airflow/.local/lib/python3.8/site-packages/airflow/example_dags/example_dag_decorator.py took 0.425 seconds
[2025-09-21T11:15:58.044+0000] {processor.py:161} INFO - Started process (PID=423) to work on /home/airflow/.local/lib/python3.8/site-packages/airflow/example_dags/example_dag_decorator.py
[2025-09-21T11:15:58.047+0000] {processor.py:830} INFO - Processing file /home/airflow/.local/lib/python3.8/site-packages/airflow/example_dags/example_dag_decorator.py for tasks to queue
[2025-09-21T11:15:58.050+0000] {logging_mixin.py:188} INFO - [2025-09-21T11:15:58.050+0000] {dagbag.py:538} INFO - Filling up the DagBag from /home/airflow/.local/lib/python3.8/site-packages/airflow/example_dags/example_dag_decorator.py
[2025-09-21T11:15:58.228+0000] {processor.py:840} INFO - DAG(s) 'example_dag_decorator' retrieved from /home/airflow/.local/lib/python3.8/site-packages/airflow/example_dags/example_dag_decorator.py
[2025-09-21T11:15:58.422+0000] {logging_mixin.py:188} INFO - [2025-09-21T11:15:58.422+0000] {dag.py:3036} INFO - Sync 1 DAGs
[2025-09-21T11:15:58.441+0000] {logging_mixin.py:188} INFO - [2025-09-21T11:15:58.441+0000] {dag.py:3823} INFO - Setting next_dagrun for example_dag_decorator to None, run_after=None
[2025-09-21T11:15:58.481+0000] {processor.py:183} INFO - Processing /home/airflow/.local/lib/python3.8/site-packages/airflow/example_dags/example_dag_decorator.py took 0.444 seconds
[2025-09-21T11:16:28.716+0000] {processor.py:161} INFO - Started process (PID=481) to work on /home/airflow/.local/lib/python3.8/site-packages/airflow/example_dags/example_dag_decorator.py
[2025-09-21T11:16:28.718+0000] {processor.py:830} INFO - Processing file /home/airflow/.local/lib/python3.8/site-packages/airflow/example_dags/example_dag_decorator.py for tasks to queue
[2025-09-21T11:16:28.721+0000] {logging_mixin.py:188} INFO - [2025-09-21T11:16:28.721+0000] {dagbag.py:538} INFO - Filling up the DagBag from /home/airflow/.local/lib/python3.8/site-packages/airflow/example_dags/example_dag_decorator.py
[2025-09-21T11:16:28.935+0000] {processor.py:840} INFO - DAG(s) 'example_dag_decorator' retrieved from /home/airflow/.local/lib/python3.8/site-packages/airflow/example_dags/example_dag_decorator.py
[2025-09-21T11:16:29.140+0000] {logging_mixin.py:188} INFO - [2025-09-21T11:16:29.140+0000] {dag.py:3036} INFO - Sync 1 DAGs
[2025-09-21T11:16:29.163+0000] {logging_mixin.py:188} INFO - [2025-09-21T11:16:29.163+0000] {dag.py:3823} INFO - Setting next_dagrun for example_dag_decorator to None, run_after=None
[2025-09-21T11:16:29.202+0000] {processor.py:183} INFO - Processing /home/airflow/.local/lib/python3.8/site-packages/airflow/example_dags/example_dag_decorator.py took 0.492 seconds
[2025-09-21T11:16:59.999+0000] {processor.py:161} INFO - Started process (PID=540) to work on /home/airflow/.local/lib/python3.8/site-packages/airflow/example_dags/example_dag_decorator.py
[2025-09-21T11:17:00.003+0000] {processor.py:830} INFO - Processing file /home/airflow/.local/lib/python3.8/site-packages/airflow/example_dags/example_dag_decorator.py for tasks to queue
[2025-09-21T11:17:00.008+0000] {logging_mixin.py:188} INFO - [2025-09-21T11:17:00.007+0000] {dagbag.py:538} INFO - Filling up the DagBag from /home/airflow/.local/lib/python3.8/site-packages/airflow/example_dags/example_dag_decorator.py
[2025-09-21T11:17:00.208+0000] {processor.py:840} INFO - DAG(s) 'example_dag_decorator' retrieved from /home/airflow/.local/lib/python3.8/site-packages/airflow/example_dags/example_dag_decorator.py
[2025-09-21T11:17:00.251+0000] {logging_mixin.py:188} INFO - [2025-09-21T11:17:00.249+0000] {dag.py:3036} INFO - Sync 1 DAGs
[2025-09-21T11:17:00.274+0000] {logging_mixin.py:188} INFO - [2025-09-21T11:17:00.274+0000] {dag.py:3823} INFO - Setting next_dagrun for example_dag_decorator to None, run_after=None
[2025-09-21T11:17:00.312+0000] {processor.py:183} INFO - Processing /home/airflow/.local/lib/python3.8/site-packages/airflow/example_dags/example_dag_decorator.py took 0.322 seconds
[2025-09-21T11:17:30.471+0000] {processor.py:161} INFO - Started process (PID=599) to work on /home/airflow/.local/lib/python3.8/site-packages/airflow/example_dags/example_dag_decorator.py
[2025-09-21T11:17:30.473+0000] {processor.py:830} INFO - Processing file /home/airflow/.local/lib/python3.8/site-packages/airflow/example_dags/example_dag_decorator.py for tasks to queue
[2025-09-21T11:17:30.476+0000] {logging_mixin.py:188} INFO - [2025-09-21T11:17:30.475+0000] {dagbag.py:538} INFO - Filling up the DagBag from /home/airflow/.local/lib/python3.8/site-packages/airflow/example_dags/example_dag_decorator.py
[2025-09-21T11:17:30.644+0000] {processor.py:840} INFO - DAG(s) 'example_dag_decorator' retrieved from /home/airflow/.local/lib/python3.8/site-packages/airflow/example_dags/example_dag_decorator.py
[2025-09-21T11:17:30.831+0000] {logging_mixin.py:188} INFO - [2025-09-21T11:17:30.830+0000] {dag.py:3036} INFO - Sync 1 DAGs
[2025-09-21T11:17:30.849+0000] {logging_mixin.py:188} INFO - [2025-09-21T11:17:30.849+0000] {dag.py:3823} INFO - Setting next_dagrun for example_dag_decorator to None, run_after=None
[2025-09-21T11:17:30.884+0000] {processor.py:183} INFO - Processing /home/airflow/.local/lib/python3.8/site-packages/airflow/example_dags/example_dag_decorator.py took 0.419 seconds
[2025-09-21T11:18:00.978+0000] {processor.py:161} INFO - Started process (PID=658) to work on /home/airflow/.local/lib/python3.8/site-packages/airflow/example_dags/example_dag_decorator.py
[2025-09-21T11:18:00.980+0000] {processor.py:830} INFO - Processing file /home/airflow/.local/lib/python3.8/site-packages/airflow/example_dags/example_dag_decorator.py for tasks to queue
[2025-09-21T11:18:00.983+0000] {logging_mixin.py:188} INFO - [2025-09-21T11:18:00.982+0000] {dagbag.py:538} INFO - Filling up the DagBag from /home/airflow/.local/lib/python3.8/site-packages/airflow/example_dags/example_dag_decorator.py
[2025-09-21T11:18:01.176+0000] {processor.py:840} INFO - DAG(s) 'example_dag_decorator' retrieved from /home/airflow/.local/lib/python3.8/site-packages/airflow/example_dags/example_dag_decorator.py
[2025-09-21T11:18:01.371+0000] {logging_mixin.py:188} INFO - [2025-09-21T11:18:01.371+0000] {dag.py:3036} INFO - Sync 1 DAGs
[2025-09-21T11:18:01.396+0000] {logging_mixin.py:188} INFO - [2025-09-21T11:18:01.395+0000] {dag.py:3823} INFO - Setting next_dagrun for example_dag_decorator to None, run_after=None
[2025-09-21T11:18:01.433+0000] {processor.py:183} INFO - Processing /home/airflow/.local/lib/python3.8/site-packages/airflow/example_dags/example_dag_decorator.py took 0.461 seconds
[2025-09-21T11:18:31.498+0000] {processor.py:161} INFO - Started process (PID=717) to work on /home/airflow/.local/lib/python3.8/site-packages/airflow/example_dags/example_dag_decorator.py
[2025-09-21T11:18:31.499+0000] {processor.py:830} INFO - Processing file /home/airflow/.local/lib/python3.8/site-packages/airflow/example_dags/example_dag_decorator.py for tasks to queue
[2025-09-21T11:18:31.503+0000] {logging_mixin.py:188} INFO - [2025-09-21T11:18:31.503+0000] {dagbag.py:538} INFO - Filling up the DagBag from /home/airflow/.local/lib/python3.8/site-packages/airflow/example_dags/example_dag_decorator.py
[2025-09-21T11:18:31.715+0000] {processor.py:840} INFO - DAG(s) 'example_dag_decorator' retrieved from /home/airflow/.local/lib/python3.8/site-packages/airflow/example_dags/example_dag_decorator.py
[2025-09-21T11:18:31.933+0000] {logging_mixin.py:188} INFO - [2025-09-21T11:18:31.932+0000] {dag.py:3036} INFO - Sync 1 DAGs
[2025-09-21T11:18:31.955+0000] {logging_mixin.py:188} INFO - [2025-09-21T11:18:31.954+0000] {dag.py:3823} INFO - Setting next_dagrun for example_dag_decorator to None, run_after=None
[2025-09-21T11:18:31.988+0000] {processor.py:183} INFO - Processing /home/airflow/.local/lib/python3.8/site-packages/airflow/example_dags/example_dag_decorator.py took 0.496 seconds
[2025-09-21T11:19:02.519+0000] {processor.py:161} INFO - Started process (PID=775) to work on /home/airflow/.local/lib/python3.8/site-packages/airflow/example_dags/example_dag_decorator.py
[2025-09-21T11:19:02.521+0000] {processor.py:830} INFO - Processing file /home/airflow/.local/lib/python3.8/site-packages/airflow/example_dags/example_dag_decorator.py for tasks to queue
[2025-09-21T11:19:02.524+0000] {logging_mixin.py:188} INFO - [2025-09-21T11:19:02.524+0000] {dagbag.py:538} INFO - Filling up the DagBag from /home/airflow/.local/lib/python3.8/site-packages/airflow/example_dags/example_dag_decorator.py
[2025-09-21T11:19:02.700+0000] {processor.py:840} INFO - DAG(s) 'example_dag_decorator' retrieved from /home/airflow/.local/lib/python3.8/site-packages/airflow/example_dags/example_dag_decorator.py
[2025-09-21T11:19:02.881+0000] {logging_mixin.py:188} INFO - [2025-09-21T11:19:02.881+0000] {dag.py:3036} INFO - Sync 1 DAGs
[2025-09-21T11:19:02.901+0000] {logging_mixin.py:188} INFO - [2025-09-21T11:19:02.901+0000] {dag.py:3823} INFO - Setting next_dagrun for example_dag_decorator to None, run_after=None
[2025-09-21T11:19:02.936+0000] {processor.py:183} INFO - Processing /home/airflow/.local/lib/python3.8/site-packages/airflow/example_dags/example_dag_decorator.py took 0.422 seconds
[2025-09-21T11:19:33.086+0000] {processor.py:161} INFO - Started process (PID=834) to work on /home/airflow/.local/lib/python3.8/site-packages/airflow/example_dags/example_dag_decorator.py
[2025-09-21T11:19:33.088+0000] {processor.py:830} INFO - Processing file /home/airflow/.local/lib/python3.8/site-packages/airflow/example_dags/example_dag_decorator.py for tasks to queue
[2025-09-21T11:19:33.091+0000] {logging_mixin.py:188} INFO - [2025-09-21T11:19:33.090+0000] {dagbag.py:538} INFO - Filling up the DagBag from /home/airflow/.local/lib/python3.8/site-packages/airflow/example_dags/example_dag_decorator.py
[2025-09-21T11:19:33.282+0000] {processor.py:840} INFO - DAG(s) 'example_dag_decorator' retrieved from /home/airflow/.local/lib/python3.8/site-packages/airflow/example_dags/example_dag_decorator.py
[2025-09-21T11:19:33.487+0000] {logging_mixin.py:188} INFO - [2025-09-21T11:19:33.486+0000] {dag.py:3036} INFO - Sync 1 DAGs
[2025-09-21T11:19:33.511+0000] {logging_mixin.py:188} INFO - [2025-09-21T11:19:33.511+0000] {dag.py:3823} INFO - Setting next_dagrun for example_dag_decorator to None, run_after=None
[2025-09-21T11:19:33.552+0000] {processor.py:183} INFO - Processing /home/airflow/.local/lib/python3.8/site-packages/airflow/example_dags/example_dag_decorator.py took 0.473 seconds
[2025-09-21T11:20:03.810+0000] {processor.py:161} INFO - Started process (PID=894) to work on /home/airflow/.local/lib/python3.8/site-packages/airflow/example_dags/example_dag_decorator.py
[2025-09-21T11:20:03.812+0000] {processor.py:830} INFO - Processing file /home/airflow/.local/lib/python3.8/site-packages/airflow/example_dags/example_dag_decorator.py for tasks to queue
[2025-09-21T11:20:03.817+0000] {logging_mixin.py:188} INFO - [2025-09-21T11:20:03.816+0000] {dagbag.py:538} INFO - Filling up the DagBag from /home/airflow/.local/lib/python3.8/site-packages/airflow/example_dags/example_dag_decorator.py
[2025-09-21T11:20:03.995+0000] {processor.py:840} INFO - DAG(s) 'example_dag_decorator' retrieved from /home/airflow/.local/lib/python3.8/site-packages/airflow/example_dags/example_dag_decorator.py
[2025-09-21T11:20:04.174+0000] {logging_mixin.py:188} INFO - [2025-09-21T11:20:04.173+0000] {dag.py:3036} INFO - Sync 1 DAGs
[2025-09-21T11:20:04.192+0000] {logging_mixin.py:188} INFO - [2025-09-21T11:20:04.192+0000] {dag.py:3823} INFO - Setting next_dagrun for example_dag_decorator to None, run_after=None
[2025-09-21T11:20:04.386+0000] {processor.py:183} INFO - Processing /home/airflow/.local/lib/python3.8/site-packages/airflow/example_dags/example_dag_decorator.py took 0.582 seconds
[2025-09-21T11:20:34.664+0000] {processor.py:161} INFO - Started process (PID=953) to work on /home/airflow/.local/lib/python3.8/site-packages/airflow/example_dags/example_dag_decorator.py
[2025-09-21T11:20:34.666+0000] {processor.py:830} INFO - Processing file /home/airflow/.local/lib/python3.8/site-packages/airflow/example_dags/example_dag_decorator.py for tasks to queue
[2025-09-21T11:20:34.669+0000] {logging_mixin.py:188} INFO - [2025-09-21T11:20:34.668+0000] {dagbag.py:538} INFO - Filling up the DagBag from /home/airflow/.local/lib/python3.8/site-packages/airflow/example_dags/example_dag_decorator.py
[2025-09-21T11:20:34.830+0000] {processor.py:840} INFO - DAG(s) 'example_dag_decorator' retrieved from /home/airflow/.local/lib/python3.8/site-packages/airflow/example_dags/example_dag_decorator.py
[2025-09-21T11:20:35.003+0000] {logging_mixin.py:188} INFO - [2025-09-21T11:20:35.002+0000] {dag.py:3036} INFO - Sync 1 DAGs
[2025-09-21T11:20:35.023+0000] {logging_mixin.py:188} INFO - [2025-09-21T11:20:35.023+0000] {dag.py:3823} INFO - Setting next_dagrun for example_dag_decorator to None, run_after=None
[2025-09-21T11:20:35.224+0000] {processor.py:183} INFO - Processing /home/airflow/.local/lib/python3.8/site-packages/airflow/example_dags/example_dag_decorator.py took 0.565 seconds
[2025-09-21T11:21:05.581+0000] {processor.py:161} INFO - Started process (PID=1011) to work on /home/airflow/.local/lib/python3.8/site-packages/airflow/example_dags/example_dag_decorator.py
[2025-09-21T11:21:05.583+0000] {processor.py:830} INFO - Processing file /home/airflow/.local/lib/python3.8/site-packages/airflow/example_dags/example_dag_decorator.py for tasks to queue
[2025-09-21T11:21:05.587+0000] {logging_mixin.py:188} INFO - [2025-09-21T11:21:05.586+0000] {dagbag.py:538} INFO - Filling up the DagBag from /home/airflow/.local/lib/python3.8/site-packages/airflow/example_dags/example_dag_decorator.py
[2025-09-21T11:21:05.801+0000] {processor.py:840} INFO - DAG(s) 'example_dag_decorator' retrieved from /home/airflow/.local/lib/python3.8/site-packages/airflow/example_dags/example_dag_decorator.py
[2025-09-21T11:21:05.983+0000] {logging_mixin.py:188} INFO - [2025-09-21T11:21:05.982+0000] {dag.py:3036} INFO - Sync 1 DAGs
[2025-09-21T11:21:06.166+0000] {logging_mixin.py:188} INFO - [2025-09-21T11:21:06.165+0000] {dag.py:3823} INFO - Setting next_dagrun for example_dag_decorator to None, run_after=None
[2025-09-21T11:21:06.200+0000] {processor.py:183} INFO - Processing /home/airflow/.local/lib/python3.8/site-packages/airflow/example_dags/example_dag_decorator.py took 0.625 seconds
[2025-09-21T11:21:37.095+0000] {processor.py:161} INFO - Started process (PID=1075) to work on /home/airflow/.local/lib/python3.8/site-packages/airflow/example_dags/example_dag_decorator.py
[2025-09-21T11:21:37.097+0000] {processor.py:830} INFO - Processing file /home/airflow/.local/lib/python3.8/site-packages/airflow/example_dags/example_dag_decorator.py for tasks to queue
[2025-09-21T11:21:37.100+0000] {logging_mixin.py:188} INFO - [2025-09-21T11:21:37.099+0000] {dagbag.py:538} INFO - Filling up the DagBag from /home/airflow/.local/lib/python3.8/site-packages/airflow/example_dags/example_dag_decorator.py
[2025-09-21T11:21:37.270+0000] {processor.py:840} INFO - DAG(s) 'example_dag_decorator' retrieved from /home/airflow/.local/lib/python3.8/site-packages/airflow/example_dags/example_dag_decorator.py
[2025-09-21T11:21:37.467+0000] {logging_mixin.py:188} INFO - [2025-09-21T11:21:37.467+0000] {dag.py:3036} INFO - Sync 1 DAGs
[2025-09-21T11:21:37.651+0000] {logging_mixin.py:188} INFO - [2025-09-21T11:21:37.650+0000] {dag.py:3823} INFO - Setting next_dagrun for example_dag_decorator to None, run_after=None
[2025-09-21T11:21:37.687+0000] {processor.py:183} INFO - Processing /home/airflow/.local/lib/python3.8/site-packages/airflow/example_dags/example_dag_decorator.py took 0.598 seconds
[2025-09-21T11:22:07.767+0000] {processor.py:161} INFO - Started process (PID=1136) to work on /home/airflow/.local/lib/python3.8/site-packages/airflow/example_dags/example_dag_decorator.py
[2025-09-21T11:22:07.769+0000] {processor.py:830} INFO - Processing file /home/airflow/.local/lib/python3.8/site-packages/airflow/example_dags/example_dag_decorator.py for tasks to queue
[2025-09-21T11:22:07.773+0000] {logging_mixin.py:188} INFO - [2025-09-21T11:22:07.772+0000] {dagbag.py:538} INFO - Filling up the DagBag from /home/airflow/.local/lib/python3.8/site-packages/airflow/example_dags/example_dag_decorator.py
[2025-09-21T11:22:07.955+0000] {processor.py:840} INFO - DAG(s) 'example_dag_decorator' retrieved from /home/airflow/.local/lib/python3.8/site-packages/airflow/example_dags/example_dag_decorator.py
[2025-09-21T11:22:08.312+0000] {logging_mixin.py:188} INFO - [2025-09-21T11:22:08.312+0000] {dag.py:3036} INFO - Sync 1 DAGs
[2025-09-21T11:22:08.332+0000] {logging_mixin.py:188} INFO - [2025-09-21T11:22:08.331+0000] {dag.py:3823} INFO - Setting next_dagrun for example_dag_decorator to None, run_after=None
[2025-09-21T11:22:08.367+0000] {processor.py:183} INFO - Processing /home/airflow/.local/lib/python3.8/site-packages/airflow/example_dags/example_dag_decorator.py took 0.605 seconds
[2025-09-21T11:22:38.967+0000] {processor.py:161} INFO - Started process (PID=1194) to work on /home/airflow/.local/lib/python3.8/site-packages/airflow/example_dags/example_dag_decorator.py
[2025-09-21T11:22:38.970+0000] {processor.py:830} INFO - Processing file /home/airflow/.local/lib/python3.8/site-packages/airflow/example_dags/example_dag_decorator.py for tasks to queue
[2025-09-21T11:22:38.973+0000] {logging_mixin.py:188} INFO - [2025-09-21T11:22:38.973+0000] {dagbag.py:538} INFO - Filling up the DagBag from /home/airflow/.local/lib/python3.8/site-packages/airflow/example_dags/example_dag_decorator.py
[2025-09-21T11:22:39.180+0000] {processor.py:840} INFO - DAG(s) 'example_dag_decorator' retrieved from /home/airflow/.local/lib/python3.8/site-packages/airflow/example_dags/example_dag_decorator.py
[2025-09-21T11:22:39.588+0000] {logging_mixin.py:188} INFO - [2025-09-21T11:22:39.588+0000] {dag.py:3036} INFO - Sync 1 DAGs
[2025-09-21T11:22:39.605+0000] {logging_mixin.py:188} INFO - [2025-09-21T11:22:39.605+0000] {dag.py:3823} INFO - Setting next_dagrun for example_dag_decorator to None, run_after=None
[2025-09-21T11:22:39.636+0000] {processor.py:183} INFO - Processing /home/airflow/.local/lib/python3.8/site-packages/airflow/example_dags/example_dag_decorator.py took 0.675 seconds
[2025-09-21T11:23:09.845+0000] {processor.py:161} INFO - Started process (PID=1252) to work on /home/airflow/.local/lib/python3.8/site-packages/airflow/example_dags/example_dag_decorator.py
[2025-09-21T11:23:09.847+0000] {processor.py:830} INFO - Processing file /home/airflow/.local/lib/python3.8/site-packages/airflow/example_dags/example_dag_decorator.py for tasks to queue
[2025-09-21T11:23:09.851+0000] {logging_mixin.py:188} INFO - [2025-09-21T11:23:09.850+0000] {dagbag.py:538} INFO - Filling up the DagBag from /home/airflow/.local/lib/python3.8/site-packages/airflow/example_dags/example_dag_decorator.py
[2025-09-21T11:23:10.026+0000] {processor.py:840} INFO - DAG(s) 'example_dag_decorator' retrieved from /home/airflow/.local/lib/python3.8/site-packages/airflow/example_dags/example_dag_decorator.py
[2025-09-21T11:23:10.395+0000] {logging_mixin.py:188} INFO - [2025-09-21T11:23:10.395+0000] {dag.py:3036} INFO - Sync 1 DAGs
[2025-09-21T11:23:10.414+0000] {logging_mixin.py:188} INFO - [2025-09-21T11:23:10.413+0000] {dag.py:3823} INFO - Setting next_dagrun for example_dag_decorator to None, run_after=None
[2025-09-21T11:23:10.452+0000] {processor.py:183} INFO - Processing /home/airflow/.local/lib/python3.8/site-packages/airflow/example_dags/example_dag_decorator.py took 0.612 seconds
[2025-09-21T11:23:40.778+0000] {processor.py:161} INFO - Started process (PID=1313) to work on /home/airflow/.local/lib/python3.8/site-packages/airflow/example_dags/example_dag_decorator.py
[2025-09-21T11:23:40.780+0000] {processor.py:830} INFO - Processing file /home/airflow/.local/lib/python3.8/site-packages/airflow/example_dags/example_dag_decorator.py for tasks to queue
[2025-09-21T11:23:40.783+0000] {logging_mixin.py:188} INFO - [2025-09-21T11:23:40.783+0000] {dagbag.py:538} INFO - Filling up the DagBag from /home/airflow/.local/lib/python3.8/site-packages/airflow/example_dags/example_dag_decorator.py
[2025-09-21T11:23:40.950+0000] {processor.py:840} INFO - DAG(s) 'example_dag_decorator' retrieved from /home/airflow/.local/lib/python3.8/site-packages/airflow/example_dags/example_dag_decorator.py
[2025-09-21T11:23:41.302+0000] {logging_mixin.py:188} INFO - [2025-09-21T11:23:41.301+0000] {dag.py:3036} INFO - Sync 1 DAGs
[2025-09-21T11:23:41.318+0000] {logging_mixin.py:188} INFO - [2025-09-21T11:23:41.318+0000] {dag.py:3823} INFO - Setting next_dagrun for example_dag_decorator to None, run_after=None
[2025-09-21T11:23:41.350+0000] {processor.py:183} INFO - Processing /home/airflow/.local/lib/python3.8/site-packages/airflow/example_dags/example_dag_decorator.py took 0.578 seconds
[2025-09-21T11:24:11.889+0000] {processor.py:161} INFO - Started process (PID=1373) to work on /home/airflow/.local/lib/python3.8/site-packages/airflow/example_dags/example_dag_decorator.py
[2025-09-21T11:24:11.890+0000] {processor.py:830} INFO - Processing file /home/airflow/.local/lib/python3.8/site-packages/airflow/example_dags/example_dag_decorator.py for tasks to queue
[2025-09-21T11:24:11.894+0000] {logging_mixin.py:188} INFO - [2025-09-21T11:24:11.893+0000] {dagbag.py:538} INFO - Filling up the DagBag from /home/airflow/.local/lib/python3.8/site-packages/airflow/example_dags/example_dag_decorator.py
[2025-09-21T11:24:12.098+0000] {processor.py:840} INFO - DAG(s) 'example_dag_decorator' retrieved from /home/airflow/.local/lib/python3.8/site-packages/airflow/example_dags/example_dag_decorator.py
[2025-09-21T11:24:12.540+0000] {logging_mixin.py:188} INFO - [2025-09-21T11:24:12.539+0000] {dag.py:3036} INFO - Sync 1 DAGs
[2025-09-21T11:24:12.559+0000] {logging_mixin.py:188} INFO - [2025-09-21T11:24:12.559+0000] {dag.py:3823} INFO - Setting next_dagrun for example_dag_decorator to None, run_after=None
[2025-09-21T11:24:12.599+0000] {processor.py:183} INFO - Processing /home/airflow/.local/lib/python3.8/site-packages/airflow/example_dags/example_dag_decorator.py took 0.716 seconds
[2025-09-21T11:24:42.782+0000] {processor.py:161} INFO - Started process (PID=1434) to work on /home/airflow/.local/lib/python3.8/site-packages/airflow/example_dags/example_dag_decorator.py
[2025-09-21T11:24:42.784+0000] {processor.py:830} INFO - Processing file /home/airflow/.local/lib/python3.8/site-packages/airflow/example_dags/example_dag_decorator.py for tasks to queue
[2025-09-21T11:24:42.788+0000] {logging_mixin.py:188} INFO - [2025-09-21T11:24:42.787+0000] {dagbag.py:538} INFO - Filling up the DagBag from /home/airflow/.local/lib/python3.8/site-packages/airflow/example_dags/example_dag_decorator.py
[2025-09-21T11:24:43.188+0000] {processor.py:840} INFO - DAG(s) 'example_dag_decorator' retrieved from /home/airflow/.local/lib/python3.8/site-packages/airflow/example_dags/example_dag_decorator.py
[2025-09-21T11:24:43.361+0000] {logging_mixin.py:188} INFO - [2025-09-21T11:24:43.360+0000] {dag.py:3036} INFO - Sync 1 DAGs
[2025-09-21T11:24:43.383+0000] {logging_mixin.py:188} INFO - [2025-09-21T11:24:43.382+0000] {dag.py:3823} INFO - Setting next_dagrun for example_dag_decorator to None, run_after=None
[2025-09-21T11:24:43.467+0000] {processor.py:183} INFO - Processing /home/airflow/.local/lib/python3.8/site-packages/airflow/example_dags/example_dag_decorator.py took 0.691 seconds
[2025-09-21T11:25:14.091+0000] {processor.py:161} INFO - Started process (PID=1492) to work on /home/airflow/.local/lib/python3.8/site-packages/airflow/example_dags/example_dag_decorator.py
[2025-09-21T11:25:14.093+0000] {processor.py:830} INFO - Processing file /home/airflow/.local/lib/python3.8/site-packages/airflow/example_dags/example_dag_decorator.py for tasks to queue
[2025-09-21T11:25:14.097+0000] {logging_mixin.py:188} INFO - [2025-09-21T11:25:14.096+0000] {dagbag.py:538} INFO - Filling up the DagBag from /home/airflow/.local/lib/python3.8/site-packages/airflow/example_dags/example_dag_decorator.py
[2025-09-21T11:25:14.435+0000] {processor.py:840} INFO - DAG(s) 'example_dag_decorator' retrieved from /home/airflow/.local/lib/python3.8/site-packages/airflow/example_dags/example_dag_decorator.py
[2025-09-21T11:25:14.613+0000] {logging_mixin.py:188} INFO - [2025-09-21T11:25:14.613+0000] {dag.py:3036} INFO - Sync 1 DAGs
[2025-09-21T11:25:14.632+0000] {logging_mixin.py:188} INFO - [2025-09-21T11:25:14.631+0000] {dag.py:3823} INFO - Setting next_dagrun for example_dag_decorator to None, run_after=None
[2025-09-21T11:25:14.664+0000] {processor.py:183} INFO - Processing /home/airflow/.local/lib/python3.8/site-packages/airflow/example_dags/example_dag_decorator.py took 0.579 seconds
[2025-09-21T11:25:44.855+0000] {processor.py:161} INFO - Started process (PID=1552) to work on /home/airflow/.local/lib/python3.8/site-packages/airflow/example_dags/example_dag_decorator.py
[2025-09-21T11:25:44.857+0000] {processor.py:830} INFO - Processing file /home/airflow/.local/lib/python3.8/site-packages/airflow/example_dags/example_dag_decorator.py for tasks to queue
[2025-09-21T11:25:44.861+0000] {logging_mixin.py:188} INFO - [2025-09-21T11:25:44.860+0000] {dagbag.py:538} INFO - Filling up the DagBag from /home/airflow/.local/lib/python3.8/site-packages/airflow/example_dags/example_dag_decorator.py
[2025-09-21T11:25:45.075+0000] {processor.py:840} INFO - DAG(s) 'example_dag_decorator' retrieved from /home/airflow/.local/lib/python3.8/site-packages/airflow/example_dags/example_dag_decorator.py
[2025-09-21T11:25:45.484+0000] {logging_mixin.py:188} INFO - [2025-09-21T11:25:45.484+0000] {dag.py:3036} INFO - Sync 1 DAGs
[2025-09-21T11:25:45.502+0000] {logging_mixin.py:188} INFO - [2025-09-21T11:25:45.502+0000] {dag.py:3823} INFO - Setting next_dagrun for example_dag_decorator to None, run_after=None
[2025-09-21T11:25:45.546+0000] {processor.py:183} INFO - Processing /home/airflow/.local/lib/python3.8/site-packages/airflow/example_dags/example_dag_decorator.py took 0.696 seconds
[2025-09-21T11:26:15.648+0000] {processor.py:161} INFO - Started process (PID=1612) to work on /home/airflow/.local/lib/python3.8/site-packages/airflow/example_dags/example_dag_decorator.py
[2025-09-21T11:26:15.652+0000] {processor.py:830} INFO - Processing file /home/airflow/.local/lib/python3.8/site-packages/airflow/example_dags/example_dag_decorator.py for tasks to queue
[2025-09-21T11:26:15.657+0000] {logging_mixin.py:188} INFO - [2025-09-21T11:26:15.656+0000] {dagbag.py:538} INFO - Filling up the DagBag from /home/airflow/.local/lib/python3.8/site-packages/airflow/example_dags/example_dag_decorator.py
[2025-09-21T11:26:16.060+0000] {processor.py:840} INFO - DAG(s) 'example_dag_decorator' retrieved from /home/airflow/.local/lib/python3.8/site-packages/airflow/example_dags/example_dag_decorator.py
[2025-09-21T11:26:16.241+0000] {logging_mixin.py:188} INFO - [2025-09-21T11:26:16.241+0000] {dag.py:3036} INFO - Sync 1 DAGs
[2025-09-21T11:26:16.261+0000] {logging_mixin.py:188} INFO - [2025-09-21T11:26:16.260+0000] {dag.py:3823} INFO - Setting next_dagrun for example_dag_decorator to None, run_after=None
[2025-09-21T11:26:16.297+0000] {processor.py:183} INFO - Processing /home/airflow/.local/lib/python3.8/site-packages/airflow/example_dags/example_dag_decorator.py took 0.657 seconds
[2025-09-21T11:26:46.546+0000] {processor.py:161} INFO - Started process (PID=1670) to work on /home/airflow/.local/lib/python3.8/site-packages/airflow/example_dags/example_dag_decorator.py
[2025-09-21T11:26:46.548+0000] {processor.py:830} INFO - Processing file /home/airflow/.local/lib/python3.8/site-packages/airflow/example_dags/example_dag_decorator.py for tasks to queue
[2025-09-21T11:26:46.552+0000] {logging_mixin.py:188} INFO - [2025-09-21T11:26:46.551+0000] {dagbag.py:538} INFO - Filling up the DagBag from /home/airflow/.local/lib/python3.8/site-packages/airflow/example_dags/example_dag_decorator.py
[2025-09-21T11:26:46.894+0000] {processor.py:840} INFO - DAG(s) 'example_dag_decorator' retrieved from /home/airflow/.local/lib/python3.8/site-packages/airflow/example_dags/example_dag_decorator.py
[2025-09-21T11:26:47.180+0000] {logging_mixin.py:188} INFO - [2025-09-21T11:26:47.180+0000] {dag.py:3036} INFO - Sync 1 DAGs
[2025-09-21T11:26:47.214+0000] {logging_mixin.py:188} INFO - [2025-09-21T11:26:47.213+0000] {dag.py:3823} INFO - Setting next_dagrun for example_dag_decorator to None, run_after=None
[2025-09-21T11:26:47.263+0000] {processor.py:183} INFO - Processing /home/airflow/.local/lib/python3.8/site-packages/airflow/example_dags/example_dag_decorator.py took 0.722 seconds
[2025-09-21T11:27:17.486+0000] {processor.py:161} INFO - Started process (PID=1728) to work on /home/airflow/.local/lib/python3.8/site-packages/airflow/example_dags/example_dag_decorator.py
[2025-09-21T11:27:17.488+0000] {processor.py:830} INFO - Processing file /home/airflow/.local/lib/python3.8/site-packages/airflow/example_dags/example_dag_decorator.py for tasks to queue
[2025-09-21T11:27:17.491+0000] {logging_mixin.py:188} INFO - [2025-09-21T11:27:17.491+0000] {dagbag.py:538} INFO - Filling up the DagBag from /home/airflow/.local/lib/python3.8/site-packages/airflow/example_dags/example_dag_decorator.py
[2025-09-21T11:27:17.850+0000] {processor.py:840} INFO - DAG(s) 'example_dag_decorator' retrieved from /home/airflow/.local/lib/python3.8/site-packages/airflow/example_dags/example_dag_decorator.py
[2025-09-21T11:27:18.025+0000] {logging_mixin.py:188} INFO - [2025-09-21T11:27:18.024+0000] {dag.py:3036} INFO - Sync 1 DAGs
[2025-09-21T11:27:18.043+0000] {logging_mixin.py:188} INFO - [2025-09-21T11:27:18.043+0000] {dag.py:3823} INFO - Setting next_dagrun for example_dag_decorator to None, run_after=None
[2025-09-21T11:27:18.075+0000] {processor.py:183} INFO - Processing /home/airflow/.local/lib/python3.8/site-packages/airflow/example_dags/example_dag_decorator.py took 0.595 seconds
[2025-09-21T11:27:48.211+0000] {processor.py:161} INFO - Started process (PID=1787) to work on /home/airflow/.local/lib/python3.8/site-packages/airflow/example_dags/example_dag_decorator.py
[2025-09-21T11:27:48.213+0000] {processor.py:830} INFO - Processing file /home/airflow/.local/lib/python3.8/site-packages/airflow/example_dags/example_dag_decorator.py for tasks to queue
[2025-09-21T11:27:48.216+0000] {logging_mixin.py:188} INFO - [2025-09-21T11:27:48.216+0000] {dagbag.py:538} INFO - Filling up the DagBag from /home/airflow/.local/lib/python3.8/site-packages/airflow/example_dags/example_dag_decorator.py
[2025-09-21T11:27:48.398+0000] {processor.py:840} INFO - DAG(s) 'example_dag_decorator' retrieved from /home/airflow/.local/lib/python3.8/site-packages/airflow/example_dags/example_dag_decorator.py
[2025-09-21T11:27:48.577+0000] {logging_mixin.py:188} INFO - [2025-09-21T11:27:48.576+0000] {dag.py:3036} INFO - Sync 1 DAGs
[2025-09-21T11:27:48.602+0000] {logging_mixin.py:188} INFO - [2025-09-21T11:27:48.602+0000] {dag.py:3823} INFO - Setting next_dagrun for example_dag_decorator to None, run_after=None
[2025-09-21T11:27:48.642+0000] {processor.py:183} INFO - Processing /home/airflow/.local/lib/python3.8/site-packages/airflow/example_dags/example_dag_decorator.py took 0.436 seconds
[2025-09-21T11:28:18.733+0000] {processor.py:161} INFO - Started process (PID=1845) to work on /home/airflow/.local/lib/python3.8/site-packages/airflow/example_dags/example_dag_decorator.py
[2025-09-21T11:28:18.735+0000] {processor.py:830} INFO - Processing file /home/airflow/.local/lib/python3.8/site-packages/airflow/example_dags/example_dag_decorator.py for tasks to queue
[2025-09-21T11:28:18.738+0000] {logging_mixin.py:188} INFO - [2025-09-21T11:28:18.738+0000] {dagbag.py:538} INFO - Filling up the DagBag from /home/airflow/.local/lib/python3.8/site-packages/airflow/example_dags/example_dag_decorator.py
[2025-09-21T11:28:18.923+0000] {processor.py:840} INFO - DAG(s) 'example_dag_decorator' retrieved from /home/airflow/.local/lib/python3.8/site-packages/airflow/example_dags/example_dag_decorator.py
[2025-09-21T11:28:19.127+0000] {logging_mixin.py:188} INFO - [2025-09-21T11:28:19.126+0000] {dag.py:3036} INFO - Sync 1 DAGs
[2025-09-21T11:28:19.156+0000] {logging_mixin.py:188} INFO - [2025-09-21T11:28:19.156+0000] {dag.py:3823} INFO - Setting next_dagrun for example_dag_decorator to None, run_after=None
[2025-09-21T11:28:19.193+0000] {processor.py:183} INFO - Processing /home/airflow/.local/lib/python3.8/site-packages/airflow/example_dags/example_dag_decorator.py took 0.467 seconds
[2025-09-21T11:28:50.004+0000] {processor.py:161} INFO - Started process (PID=1903) to work on /home/airflow/.local/lib/python3.8/site-packages/airflow/example_dags/example_dag_decorator.py
[2025-09-21T11:28:50.006+0000] {processor.py:830} INFO - Processing file /home/airflow/.local/lib/python3.8/site-packages/airflow/example_dags/example_dag_decorator.py for tasks to queue
[2025-09-21T11:28:50.010+0000] {logging_mixin.py:188} INFO - [2025-09-21T11:28:50.009+0000] {dagbag.py:538} INFO - Filling up the DagBag from /home/airflow/.local/lib/python3.8/site-packages/airflow/example_dags/example_dag_decorator.py
[2025-09-21T11:28:50.187+0000] {processor.py:840} INFO - DAG(s) 'example_dag_decorator' retrieved from /home/airflow/.local/lib/python3.8/site-packages/airflow/example_dags/example_dag_decorator.py
[2025-09-21T11:28:50.231+0000] {logging_mixin.py:188} INFO - [2025-09-21T11:28:50.231+0000] {dag.py:3036} INFO - Sync 1 DAGs
[2025-09-21T11:28:50.254+0000] {logging_mixin.py:188} INFO - [2025-09-21T11:28:50.254+0000] {dag.py:3823} INFO - Setting next_dagrun for example_dag_decorator to None, run_after=None
[2025-09-21T11:28:50.292+0000] {processor.py:183} INFO - Processing /home/airflow/.local/lib/python3.8/site-packages/airflow/example_dags/example_dag_decorator.py took 0.294 seconds
[2025-09-21T11:29:20.542+0000] {processor.py:161} INFO - Started process (PID=1962) to work on /home/airflow/.local/lib/python3.8/site-packages/airflow/example_dags/example_dag_decorator.py
[2025-09-21T11:29:20.544+0000] {processor.py:830} INFO - Processing file /home/airflow/.local/lib/python3.8/site-packages/airflow/example_dags/example_dag_decorator.py for tasks to queue
[2025-09-21T11:29:20.548+0000] {logging_mixin.py:188} INFO - [2025-09-21T11:29:20.547+0000] {dagbag.py:538} INFO - Filling up the DagBag from /home/airflow/.local/lib/python3.8/site-packages/airflow/example_dags/example_dag_decorator.py
[2025-09-21T11:29:20.740+0000] {processor.py:840} INFO - DAG(s) 'example_dag_decorator' retrieved from /home/airflow/.local/lib/python3.8/site-packages/airflow/example_dags/example_dag_decorator.py
[2025-09-21T11:29:20.923+0000] {logging_mixin.py:188} INFO - [2025-09-21T11:29:20.922+0000] {dag.py:3036} INFO - Sync 1 DAGs
[2025-09-21T11:29:20.943+0000] {logging_mixin.py:188} INFO - [2025-09-21T11:29:20.942+0000] {dag.py:3823} INFO - Setting next_dagrun for example_dag_decorator to None, run_after=None
[2025-09-21T11:29:20.980+0000] {processor.py:183} INFO - Processing /home/airflow/.local/lib/python3.8/site-packages/airflow/example_dags/example_dag_decorator.py took 0.443 seconds
[2025-09-21T11:29:51.156+0000] {processor.py:161} INFO - Started process (PID=2020) to work on /home/airflow/.local/lib/python3.8/site-packages/airflow/example_dags/example_dag_decorator.py
[2025-09-21T11:29:51.158+0000] {processor.py:830} INFO - Processing file /home/airflow/.local/lib/python3.8/site-packages/airflow/example_dags/example_dag_decorator.py for tasks to queue
[2025-09-21T11:29:51.161+0000] {logging_mixin.py:188} INFO - [2025-09-21T11:29:51.161+0000] {dagbag.py:538} INFO - Filling up the DagBag from /home/airflow/.local/lib/python3.8/site-packages/airflow/example_dags/example_dag_decorator.py
[2025-09-21T11:29:51.333+0000] {processor.py:840} INFO - DAG(s) 'example_dag_decorator' retrieved from /home/airflow/.local/lib/python3.8/site-packages/airflow/example_dags/example_dag_decorator.py
[2025-09-21T11:29:51.374+0000] {logging_mixin.py:188} INFO - [2025-09-21T11:29:51.374+0000] {dag.py:3036} INFO - Sync 1 DAGs
[2025-09-21T11:29:51.395+0000] {logging_mixin.py:188} INFO - [2025-09-21T11:29:51.395+0000] {dag.py:3823} INFO - Setting next_dagrun for example_dag_decorator to None, run_after=None
[2025-09-21T11:29:51.432+0000] {processor.py:183} INFO - Processing /home/airflow/.local/lib/python3.8/site-packages/airflow/example_dags/example_dag_decorator.py took 0.283 seconds
[2025-09-21T11:30:21.653+0000] {processor.py:161} INFO - Started process (PID=2079) to work on /home/airflow/.local/lib/python3.8/site-packages/airflow/example_dags/example_dag_decorator.py
[2025-09-21T11:30:21.656+0000] {processor.py:830} INFO - Processing file /home/airflow/.local/lib/python3.8/site-packages/airflow/example_dags/example_dag_decorator.py for tasks to queue
[2025-09-21T11:30:21.663+0000] {logging_mixin.py:188} INFO - [2025-09-21T11:30:21.663+0000] {dagbag.py:538} INFO - Filling up the DagBag from /home/airflow/.local/lib/python3.8/site-packages/airflow/example_dags/example_dag_decorator.py
[2025-09-21T11:30:21.851+0000] {processor.py:840} INFO - DAG(s) 'example_dag_decorator' retrieved from /home/airflow/.local/lib/python3.8/site-packages/airflow/example_dags/example_dag_decorator.py
[2025-09-21T11:30:22.042+0000] {logging_mixin.py:188} INFO - [2025-09-21T11:30:22.042+0000] {dag.py:3036} INFO - Sync 1 DAGs
[2025-09-21T11:30:22.061+0000] {logging_mixin.py:188} INFO - [2025-09-21T11:30:22.061+0000] {dag.py:3823} INFO - Setting next_dagrun for example_dag_decorator to None, run_after=None
[2025-09-21T11:30:22.099+0000] {processor.py:183} INFO - Processing /home/airflow/.local/lib/python3.8/site-packages/airflow/example_dags/example_dag_decorator.py took 0.459 seconds
[2025-09-21T11:30:53.081+0000] {processor.py:161} INFO - Started process (PID=2137) to work on /home/airflow/.local/lib/python3.8/site-packages/airflow/example_dags/example_dag_decorator.py
[2025-09-21T11:30:53.083+0000] {processor.py:830} INFO - Processing file /home/airflow/.local/lib/python3.8/site-packages/airflow/example_dags/example_dag_decorator.py for tasks to queue
[2025-09-21T11:30:53.087+0000] {logging_mixin.py:188} INFO - [2025-09-21T11:30:53.086+0000] {dagbag.py:538} INFO - Filling up the DagBag from /home/airflow/.local/lib/python3.8/site-packages/airflow/example_dags/example_dag_decorator.py
[2025-09-21T11:30:53.260+0000] {processor.py:840} INFO - DAG(s) 'example_dag_decorator' retrieved from /home/airflow/.local/lib/python3.8/site-packages/airflow/example_dags/example_dag_decorator.py
[2025-09-21T11:30:53.448+0000] {logging_mixin.py:188} INFO - [2025-09-21T11:30:53.448+0000] {dag.py:3036} INFO - Sync 1 DAGs
[2025-09-21T11:30:53.467+0000] {logging_mixin.py:188} INFO - [2025-09-21T11:30:53.467+0000] {dag.py:3823} INFO - Setting next_dagrun for example_dag_decorator to None, run_after=None
[2025-09-21T11:30:53.507+0000] {processor.py:183} INFO - Processing /home/airflow/.local/lib/python3.8/site-packages/airflow/example_dags/example_dag_decorator.py took 0.431 seconds
[2025-09-21T11:31:23.591+0000] {processor.py:161} INFO - Started process (PID=2197) to work on /home/airflow/.local/lib/python3.8/site-packages/airflow/example_dags/example_dag_decorator.py
[2025-09-21T11:31:23.593+0000] {processor.py:830} INFO - Processing file /home/airflow/.local/lib/python3.8/site-packages/airflow/example_dags/example_dag_decorator.py for tasks to queue
[2025-09-21T11:31:23.596+0000] {logging_mixin.py:188} INFO - [2025-09-21T11:31:23.595+0000] {dagbag.py:538} INFO - Filling up the DagBag from /home/airflow/.local/lib/python3.8/site-packages/airflow/example_dags/example_dag_decorator.py
[2025-09-21T11:31:23.776+0000] {processor.py:840} INFO - DAG(s) 'example_dag_decorator' retrieved from /home/airflow/.local/lib/python3.8/site-packages/airflow/example_dags/example_dag_decorator.py
[2025-09-21T11:31:23.961+0000] {logging_mixin.py:188} INFO - [2025-09-21T11:31:23.960+0000] {dag.py:3036} INFO - Sync 1 DAGs
[2025-09-21T11:31:23.980+0000] {logging_mixin.py:188} INFO - [2025-09-21T11:31:23.980+0000] {dag.py:3823} INFO - Setting next_dagrun for example_dag_decorator to None, run_after=None
[2025-09-21T11:31:24.015+0000] {processor.py:183} INFO - Processing /home/airflow/.local/lib/python3.8/site-packages/airflow/example_dags/example_dag_decorator.py took 0.430 seconds
[2025-09-21T11:31:54.350+0000] {processor.py:161} INFO - Started process (PID=2257) to work on /home/airflow/.local/lib/python3.8/site-packages/airflow/example_dags/example_dag_decorator.py
[2025-09-21T11:31:54.352+0000] {processor.py:830} INFO - Processing file /home/airflow/.local/lib/python3.8/site-packages/airflow/example_dags/example_dag_decorator.py for tasks to queue
[2025-09-21T11:31:54.356+0000] {logging_mixin.py:188} INFO - [2025-09-21T11:31:54.355+0000] {dagbag.py:538} INFO - Filling up the DagBag from /home/airflow/.local/lib/python3.8/site-packages/airflow/example_dags/example_dag_decorator.py
[2025-09-21T11:31:54.545+0000] {processor.py:840} INFO - DAG(s) 'example_dag_decorator' retrieved from /home/airflow/.local/lib/python3.8/site-packages/airflow/example_dags/example_dag_decorator.py
[2025-09-21T11:31:54.589+0000] {logging_mixin.py:188} INFO - [2025-09-21T11:31:54.589+0000] {dag.py:3036} INFO - Sync 1 DAGs
[2025-09-21T11:31:54.611+0000] {logging_mixin.py:188} INFO - [2025-09-21T11:31:54.611+0000] {dag.py:3823} INFO - Setting next_dagrun for example_dag_decorator to None, run_after=None
[2025-09-21T11:31:54.651+0000] {processor.py:183} INFO - Processing /home/airflow/.local/lib/python3.8/site-packages/airflow/example_dags/example_dag_decorator.py took 0.307 seconds
[2025-09-21T11:32:24.815+0000] {processor.py:161} INFO - Started process (PID=2317) to work on /home/airflow/.local/lib/python3.8/site-packages/airflow/example_dags/example_dag_decorator.py
[2025-09-21T11:32:24.816+0000] {processor.py:830} INFO - Processing file /home/airflow/.local/lib/python3.8/site-packages/airflow/example_dags/example_dag_decorator.py for tasks to queue
[2025-09-21T11:32:24.820+0000] {logging_mixin.py:188} INFO - [2025-09-21T11:32:24.819+0000] {dagbag.py:538} INFO - Filling up the DagBag from /home/airflow/.local/lib/python3.8/site-packages/airflow/example_dags/example_dag_decorator.py
[2025-09-21T11:32:24.989+0000] {processor.py:840} INFO - DAG(s) 'example_dag_decorator' retrieved from /home/airflow/.local/lib/python3.8/site-packages/airflow/example_dags/example_dag_decorator.py
[2025-09-21T11:32:25.164+0000] {logging_mixin.py:188} INFO - [2025-09-21T11:32:25.164+0000] {dag.py:3036} INFO - Sync 1 DAGs
[2025-09-21T11:32:25.183+0000] {logging_mixin.py:188} INFO - [2025-09-21T11:32:25.182+0000] {dag.py:3823} INFO - Setting next_dagrun for example_dag_decorator to None, run_after=None
[2025-09-21T11:32:25.221+0000] {processor.py:183} INFO - Processing /home/airflow/.local/lib/python3.8/site-packages/airflow/example_dags/example_dag_decorator.py took 0.412 seconds
[2025-09-21T11:32:55.313+0000] {processor.py:161} INFO - Started process (PID=2377) to work on /home/airflow/.local/lib/python3.8/site-packages/airflow/example_dags/example_dag_decorator.py
[2025-09-21T11:32:55.314+0000] {processor.py:830} INFO - Processing file /home/airflow/.local/lib/python3.8/site-packages/airflow/example_dags/example_dag_decorator.py for tasks to queue
[2025-09-21T11:32:55.318+0000] {logging_mixin.py:188} INFO - [2025-09-21T11:32:55.317+0000] {dagbag.py:538} INFO - Filling up the DagBag from /home/airflow/.local/lib/python3.8/site-packages/airflow/example_dags/example_dag_decorator.py
[2025-09-21T11:32:55.480+0000] {processor.py:840} INFO - DAG(s) 'example_dag_decorator' retrieved from /home/airflow/.local/lib/python3.8/site-packages/airflow/example_dags/example_dag_decorator.py
[2025-09-21T11:32:55.656+0000] {logging_mixin.py:188} INFO - [2025-09-21T11:32:55.655+0000] {dag.py:3036} INFO - Sync 1 DAGs
[2025-09-21T11:32:55.676+0000] {logging_mixin.py:188} INFO - [2025-09-21T11:32:55.676+0000] {dag.py:3823} INFO - Setting next_dagrun for example_dag_decorator to None, run_after=None
[2025-09-21T11:32:55.714+0000] {processor.py:183} INFO - Processing /home/airflow/.local/lib/python3.8/site-packages/airflow/example_dags/example_dag_decorator.py took 0.408 seconds
[2025-09-21T11:33:25.931+0000] {processor.py:161} INFO - Started process (PID=2435) to work on /home/airflow/.local/lib/python3.8/site-packages/airflow/example_dags/example_dag_decorator.py
[2025-09-21T11:33:25.933+0000] {processor.py:830} INFO - Processing file /home/airflow/.local/lib/python3.8/site-packages/airflow/example_dags/example_dag_decorator.py for tasks to queue
[2025-09-21T11:33:25.938+0000] {logging_mixin.py:188} INFO - [2025-09-21T11:33:25.937+0000] {dagbag.py:538} INFO - Filling up the DagBag from /home/airflow/.local/lib/python3.8/site-packages/airflow/example_dags/example_dag_decorator.py
[2025-09-21T11:33:26.108+0000] {processor.py:840} INFO - DAG(s) 'example_dag_decorator' retrieved from /home/airflow/.local/lib/python3.8/site-packages/airflow/example_dags/example_dag_decorator.py
[2025-09-21T11:33:26.294+0000] {logging_mixin.py:188} INFO - [2025-09-21T11:33:26.293+0000] {dag.py:3036} INFO - Sync 1 DAGs
[2025-09-21T11:33:26.312+0000] {logging_mixin.py:188} INFO - [2025-09-21T11:33:26.312+0000] {dag.py:3823} INFO - Setting next_dagrun for example_dag_decorator to None, run_after=None
[2025-09-21T11:33:26.353+0000] {processor.py:183} INFO - Processing /home/airflow/.local/lib/python3.8/site-packages/airflow/example_dags/example_dag_decorator.py took 0.430 seconds
[2025-09-21T11:33:56.435+0000] {processor.py:161} INFO - Started process (PID=2485) to work on /home/airflow/.local/lib/python3.8/site-packages/airflow/example_dags/example_dag_decorator.py
[2025-09-21T11:33:56.438+0000] {processor.py:830} INFO - Processing file /home/airflow/.local/lib/python3.8/site-packages/airflow/example_dags/example_dag_decorator.py for tasks to queue
[2025-09-21T11:33:56.441+0000] {logging_mixin.py:188} INFO - [2025-09-21T11:33:56.441+0000] {dagbag.py:538} INFO - Filling up the DagBag from /home/airflow/.local/lib/python3.8/site-packages/airflow/example_dags/example_dag_decorator.py
[2025-09-21T11:33:56.648+0000] {processor.py:840} INFO - DAG(s) 'example_dag_decorator' retrieved from /home/airflow/.local/lib/python3.8/site-packages/airflow/example_dags/example_dag_decorator.py
[2025-09-21T11:33:56.848+0000] {logging_mixin.py:188} INFO - [2025-09-21T11:33:56.847+0000] {dag.py:3036} INFO - Sync 1 DAGs
[2025-09-21T11:33:56.868+0000] {logging_mixin.py:188} INFO - [2025-09-21T11:33:56.868+0000] {dag.py:3823} INFO - Setting next_dagrun for example_dag_decorator to None, run_after=None
[2025-09-21T11:33:56.906+0000] {processor.py:183} INFO - Processing /home/airflow/.local/lib/python3.8/site-packages/airflow/example_dags/example_dag_decorator.py took 0.478 seconds
[2025-09-21T11:34:26.975+0000] {processor.py:161} INFO - Started process (PID=2545) to work on /home/airflow/.local/lib/python3.8/site-packages/airflow/example_dags/example_dag_decorator.py
[2025-09-21T11:34:26.977+0000] {processor.py:830} INFO - Processing file /home/airflow/.local/lib/python3.8/site-packages/airflow/example_dags/example_dag_decorator.py for tasks to queue
[2025-09-21T11:34:26.981+0000] {logging_mixin.py:188} INFO - [2025-09-21T11:34:26.980+0000] {dagbag.py:538} INFO - Filling up the DagBag from /home/airflow/.local/lib/python3.8/site-packages/airflow/example_dags/example_dag_decorator.py
[2025-09-21T11:34:27.152+0000] {processor.py:840} INFO - DAG(s) 'example_dag_decorator' retrieved from /home/airflow/.local/lib/python3.8/site-packages/airflow/example_dags/example_dag_decorator.py
[2025-09-21T11:34:27.338+0000] {logging_mixin.py:188} INFO - [2025-09-21T11:34:27.338+0000] {dag.py:3036} INFO - Sync 1 DAGs
[2025-09-21T11:34:27.360+0000] {logging_mixin.py:188} INFO - [2025-09-21T11:34:27.360+0000] {dag.py:3823} INFO - Setting next_dagrun for example_dag_decorator to None, run_after=None
[2025-09-21T11:34:27.400+0000] {processor.py:183} INFO - Processing /home/airflow/.local/lib/python3.8/site-packages/airflow/example_dags/example_dag_decorator.py took 0.432 seconds
[2025-09-21T11:34:57.707+0000] {processor.py:161} INFO - Started process (PID=2605) to work on /home/airflow/.local/lib/python3.8/site-packages/airflow/example_dags/example_dag_decorator.py
[2025-09-21T11:34:57.709+0000] {processor.py:830} INFO - Processing file /home/airflow/.local/lib/python3.8/site-packages/airflow/example_dags/example_dag_decorator.py for tasks to queue
[2025-09-21T11:34:57.712+0000] {logging_mixin.py:188} INFO - [2025-09-21T11:34:57.712+0000] {dagbag.py:538} INFO - Filling up the DagBag from /home/airflow/.local/lib/python3.8/site-packages/airflow/example_dags/example_dag_decorator.py
[2025-09-21T11:34:57.891+0000] {processor.py:840} INFO - DAG(s) 'example_dag_decorator' retrieved from /home/airflow/.local/lib/python3.8/site-packages/airflow/example_dags/example_dag_decorator.py
[2025-09-21T11:34:58.090+0000] {logging_mixin.py:188} INFO - [2025-09-21T11:34:58.090+0000] {dag.py:3036} INFO - Sync 1 DAGs
[2025-09-21T11:34:58.112+0000] {logging_mixin.py:188} INFO - [2025-09-21T11:34:58.111+0000] {dag.py:3823} INFO - Setting next_dagrun for example_dag_decorator to None, run_after=None
[2025-09-21T11:34:58.147+0000] {processor.py:183} INFO - Processing /home/airflow/.local/lib/python3.8/site-packages/airflow/example_dags/example_dag_decorator.py took 0.447 seconds
[2025-09-21T11:35:28.551+0000] {processor.py:161} INFO - Started process (PID=2665) to work on /home/airflow/.local/lib/python3.8/site-packages/airflow/example_dags/example_dag_decorator.py
[2025-09-21T11:35:28.552+0000] {processor.py:830} INFO - Processing file /home/airflow/.local/lib/python3.8/site-packages/airflow/example_dags/example_dag_decorator.py for tasks to queue
[2025-09-21T11:35:28.556+0000] {logging_mixin.py:188} INFO - [2025-09-21T11:35:28.555+0000] {dagbag.py:538} INFO - Filling up the DagBag from /home/airflow/.local/lib/python3.8/site-packages/airflow/example_dags/example_dag_decorator.py
[2025-09-21T11:35:28.761+0000] {processor.py:840} INFO - DAG(s) 'example_dag_decorator' retrieved from /home/airflow/.local/lib/python3.8/site-packages/airflow/example_dags/example_dag_decorator.py
[2025-09-21T11:35:28.944+0000] {logging_mixin.py:188} INFO - [2025-09-21T11:35:28.944+0000] {dag.py:3036} INFO - Sync 1 DAGs
[2025-09-21T11:35:28.963+0000] {logging_mixin.py:188} INFO - [2025-09-21T11:35:28.962+0000] {dag.py:3823} INFO - Setting next_dagrun for example_dag_decorator to None, run_after=None
[2025-09-21T11:35:29.001+0000] {processor.py:183} INFO - Processing /home/airflow/.local/lib/python3.8/site-packages/airflow/example_dags/example_dag_decorator.py took 0.457 seconds
[2025-09-21T11:35:59.057+0000] {processor.py:161} INFO - Started process (PID=2725) to work on /home/airflow/.local/lib/python3.8/site-packages/airflow/example_dags/example_dag_decorator.py
[2025-09-21T11:35:59.059+0000] {processor.py:830} INFO - Processing file /home/airflow/.local/lib/python3.8/site-packages/airflow/example_dags/example_dag_decorator.py for tasks to queue
[2025-09-21T11:35:59.064+0000] {logging_mixin.py:188} INFO - [2025-09-21T11:35:59.063+0000] {dagbag.py:538} INFO - Filling up the DagBag from /home/airflow/.local/lib/python3.8/site-packages/airflow/example_dags/example_dag_decorator.py
[2025-09-21T11:35:59.239+0000] {processor.py:840} INFO - DAG(s) 'example_dag_decorator' retrieved from /home/airflow/.local/lib/python3.8/site-packages/airflow/example_dags/example_dag_decorator.py
[2025-09-21T11:35:59.435+0000] {logging_mixin.py:188} INFO - [2025-09-21T11:35:59.434+0000] {dag.py:3036} INFO - Sync 1 DAGs
[2025-09-21T11:35:59.455+0000] {logging_mixin.py:188} INFO - [2025-09-21T11:35:59.455+0000] {dag.py:3823} INFO - Setting next_dagrun for example_dag_decorator to None, run_after=None
[2025-09-21T11:35:59.495+0000] {processor.py:183} INFO - Processing /home/airflow/.local/lib/python3.8/site-packages/airflow/example_dags/example_dag_decorator.py took 0.444 seconds
[2025-09-21T11:36:29.569+0000] {processor.py:161} INFO - Started process (PID=2783) to work on /home/airflow/.local/lib/python3.8/site-packages/airflow/example_dags/example_dag_decorator.py
[2025-09-21T11:36:29.571+0000] {processor.py:830} INFO - Processing file /home/airflow/.local/lib/python3.8/site-packages/airflow/example_dags/example_dag_decorator.py for tasks to queue
[2025-09-21T11:36:29.576+0000] {logging_mixin.py:188} INFO - [2025-09-21T11:36:29.575+0000] {dagbag.py:538} INFO - Filling up the DagBag from /home/airflow/.local/lib/python3.8/site-packages/airflow/example_dags/example_dag_decorator.py
[2025-09-21T11:36:29.777+0000] {processor.py:840} INFO - DAG(s) 'example_dag_decorator' retrieved from /home/airflow/.local/lib/python3.8/site-packages/airflow/example_dags/example_dag_decorator.py
[2025-09-21T11:36:29.992+0000] {logging_mixin.py:188} INFO - [2025-09-21T11:36:29.992+0000] {dag.py:3036} INFO - Sync 1 DAGs
[2025-09-21T11:36:30.016+0000] {logging_mixin.py:188} INFO - [2025-09-21T11:36:30.015+0000] {dag.py:3823} INFO - Setting next_dagrun for example_dag_decorator to None, run_after=None
[2025-09-21T11:36:30.056+0000] {processor.py:183} INFO - Processing /home/airflow/.local/lib/python3.8/site-packages/airflow/example_dags/example_dag_decorator.py took 0.497 seconds
[2025-09-21T11:37:00.250+0000] {processor.py:161} INFO - Started process (PID=2841) to work on /home/airflow/.local/lib/python3.8/site-packages/airflow/example_dags/example_dag_decorator.py
[2025-09-21T11:37:00.252+0000] {processor.py:830} INFO - Processing file /home/airflow/.local/lib/python3.8/site-packages/airflow/example_dags/example_dag_decorator.py for tasks to queue
[2025-09-21T11:37:00.256+0000] {logging_mixin.py:188} INFO - [2025-09-21T11:37:00.255+0000] {dagbag.py:538} INFO - Filling up the DagBag from /home/airflow/.local/lib/python3.8/site-packages/airflow/example_dags/example_dag_decorator.py
[2025-09-21T11:37:00.436+0000] {processor.py:840} INFO - DAG(s) 'example_dag_decorator' retrieved from /home/airflow/.local/lib/python3.8/site-packages/airflow/example_dags/example_dag_decorator.py
[2025-09-21T11:37:00.621+0000] {logging_mixin.py:188} INFO - [2025-09-21T11:37:00.620+0000] {dag.py:3036} INFO - Sync 1 DAGs
[2025-09-21T11:37:00.640+0000] {logging_mixin.py:188} INFO - [2025-09-21T11:37:00.640+0000] {dag.py:3823} INFO - Setting next_dagrun for example_dag_decorator to None, run_after=None
[2025-09-21T11:37:00.676+0000] {processor.py:183} INFO - Processing /home/airflow/.local/lib/python3.8/site-packages/airflow/example_dags/example_dag_decorator.py took 0.432 seconds
[2025-09-21T11:37:31.655+0000] {processor.py:161} INFO - Started process (PID=2899) to work on /home/airflow/.local/lib/python3.8/site-packages/airflow/example_dags/example_dag_decorator.py
[2025-09-21T11:37:31.657+0000] {processor.py:830} INFO - Processing file /home/airflow/.local/lib/python3.8/site-packages/airflow/example_dags/example_dag_decorator.py for tasks to queue
[2025-09-21T11:37:31.660+0000] {logging_mixin.py:188} INFO - [2025-09-21T11:37:31.660+0000] {dagbag.py:538} INFO - Filling up the DagBag from /home/airflow/.local/lib/python3.8/site-packages/airflow/example_dags/example_dag_decorator.py
[2025-09-21T11:37:31.822+0000] {processor.py:840} INFO - DAG(s) 'example_dag_decorator' retrieved from /home/airflow/.local/lib/python3.8/site-packages/airflow/example_dags/example_dag_decorator.py
[2025-09-21T11:37:31.996+0000] {logging_mixin.py:188} INFO - [2025-09-21T11:37:31.996+0000] {dag.py:3036} INFO - Sync 1 DAGs
[2025-09-21T11:37:32.020+0000] {logging_mixin.py:188} INFO - [2025-09-21T11:37:32.019+0000] {dag.py:3823} INFO - Setting next_dagrun for example_dag_decorator to None, run_after=None
[2025-09-21T11:37:32.069+0000] {processor.py:183} INFO - Processing /home/airflow/.local/lib/python3.8/site-packages/airflow/example_dags/example_dag_decorator.py took 0.419 seconds
[2025-09-21T11:38:03.013+0000] {processor.py:161} INFO - Started process (PID=2957) to work on /home/airflow/.local/lib/python3.8/site-packages/airflow/example_dags/example_dag_decorator.py
[2025-09-21T11:38:03.014+0000] {processor.py:830} INFO - Processing file /home/airflow/.local/lib/python3.8/site-packages/airflow/example_dags/example_dag_decorator.py for tasks to queue
[2025-09-21T11:38:03.018+0000] {logging_mixin.py:188} INFO - [2025-09-21T11:38:03.017+0000] {dagbag.py:538} INFO - Filling up the DagBag from /home/airflow/.local/lib/python3.8/site-packages/airflow/example_dags/example_dag_decorator.py
[2025-09-21T11:38:03.181+0000] {processor.py:840} INFO - DAG(s) 'example_dag_decorator' retrieved from /home/airflow/.local/lib/python3.8/site-packages/airflow/example_dags/example_dag_decorator.py
[2025-09-21T11:38:03.361+0000] {logging_mixin.py:188} INFO - [2025-09-21T11:38:03.360+0000] {dag.py:3036} INFO - Sync 1 DAGs
[2025-09-21T11:38:03.381+0000] {logging_mixin.py:188} INFO - [2025-09-21T11:38:03.380+0000] {dag.py:3823} INFO - Setting next_dagrun for example_dag_decorator to None, run_after=None
[2025-09-21T11:38:03.415+0000] {processor.py:183} INFO - Processing /home/airflow/.local/lib/python3.8/site-packages/airflow/example_dags/example_dag_decorator.py took 0.407 seconds
[2025-09-21T11:38:34.045+0000] {processor.py:161} INFO - Started process (PID=3015) to work on /home/airflow/.local/lib/python3.8/site-packages/airflow/example_dags/example_dag_decorator.py
[2025-09-21T11:38:34.047+0000] {processor.py:830} INFO - Processing file /home/airflow/.local/lib/python3.8/site-packages/airflow/example_dags/example_dag_decorator.py for tasks to queue
[2025-09-21T11:38:34.050+0000] {logging_mixin.py:188} INFO - [2025-09-21T11:38:34.050+0000] {dagbag.py:538} INFO - Filling up the DagBag from /home/airflow/.local/lib/python3.8/site-packages/airflow/example_dags/example_dag_decorator.py
[2025-09-21T11:38:34.229+0000] {processor.py:840} INFO - DAG(s) 'example_dag_decorator' retrieved from /home/airflow/.local/lib/python3.8/site-packages/airflow/example_dags/example_dag_decorator.py
[2025-09-21T11:38:34.274+0000] {logging_mixin.py:188} INFO - [2025-09-21T11:38:34.274+0000] {dag.py:3036} INFO - Sync 1 DAGs
[2025-09-21T11:38:34.297+0000] {logging_mixin.py:188} INFO - [2025-09-21T11:38:34.296+0000] {dag.py:3823} INFO - Setting next_dagrun for example_dag_decorator to None, run_after=None
[2025-09-21T11:38:34.335+0000] {processor.py:183} INFO - Processing /home/airflow/.local/lib/python3.8/site-packages/airflow/example_dags/example_dag_decorator.py took 0.295 seconds
[2025-09-21T11:39:05.300+0000] {processor.py:161} INFO - Started process (PID=3073) to work on /home/airflow/.local/lib/python3.8/site-packages/airflow/example_dags/example_dag_decorator.py
[2025-09-21T11:39:05.302+0000] {processor.py:830} INFO - Processing file /home/airflow/.local/lib/python3.8/site-packages/airflow/example_dags/example_dag_decorator.py for tasks to queue
[2025-09-21T11:39:05.306+0000] {logging_mixin.py:188} INFO - [2025-09-21T11:39:05.305+0000] {dagbag.py:538} INFO - Filling up the DagBag from /home/airflow/.local/lib/python3.8/site-packages/airflow/example_dags/example_dag_decorator.py
[2025-09-21T11:39:05.470+0000] {processor.py:840} INFO - DAG(s) 'example_dag_decorator' retrieved from /home/airflow/.local/lib/python3.8/site-packages/airflow/example_dags/example_dag_decorator.py
[2025-09-21T11:39:05.659+0000] {logging_mixin.py:188} INFO - [2025-09-21T11:39:05.658+0000] {dag.py:3036} INFO - Sync 1 DAGs
[2025-09-21T11:39:05.677+0000] {logging_mixin.py:188} INFO - [2025-09-21T11:39:05.677+0000] {dag.py:3823} INFO - Setting next_dagrun for example_dag_decorator to None, run_after=None
[2025-09-21T11:39:05.715+0000] {processor.py:183} INFO - Processing /home/airflow/.local/lib/python3.8/site-packages/airflow/example_dags/example_dag_decorator.py took 0.420 seconds
[2025-09-21T11:39:35.911+0000] {processor.py:161} INFO - Started process (PID=3131) to work on /home/airflow/.local/lib/python3.8/site-packages/airflow/example_dags/example_dag_decorator.py
[2025-09-21T11:39:35.913+0000] {processor.py:830} INFO - Processing file /home/airflow/.local/lib/python3.8/site-packages/airflow/example_dags/example_dag_decorator.py for tasks to queue
[2025-09-21T11:39:35.916+0000] {logging_mixin.py:188} INFO - [2025-09-21T11:39:35.916+0000] {dagbag.py:538} INFO - Filling up the DagBag from /home/airflow/.local/lib/python3.8/site-packages/airflow/example_dags/example_dag_decorator.py
[2025-09-21T11:39:36.114+0000] {processor.py:840} INFO - DAG(s) 'example_dag_decorator' retrieved from /home/airflow/.local/lib/python3.8/site-packages/airflow/example_dags/example_dag_decorator.py
[2025-09-21T11:39:36.327+0000] {logging_mixin.py:188} INFO - [2025-09-21T11:39:36.327+0000] {dag.py:3036} INFO - Sync 1 DAGs
[2025-09-21T11:39:36.346+0000] {logging_mixin.py:188} INFO - [2025-09-21T11:39:36.346+0000] {dag.py:3823} INFO - Setting next_dagrun for example_dag_decorator to None, run_after=None
[2025-09-21T11:39:36.383+0000] {processor.py:183} INFO - Processing /home/airflow/.local/lib/python3.8/site-packages/airflow/example_dags/example_dag_decorator.py took 0.478 seconds
[2025-09-21T11:40:06.671+0000] {processor.py:161} INFO - Started process (PID=3189) to work on /home/airflow/.local/lib/python3.8/site-packages/airflow/example_dags/example_dag_decorator.py
[2025-09-21T11:40:06.673+0000] {processor.py:830} INFO - Processing file /home/airflow/.local/lib/python3.8/site-packages/airflow/example_dags/example_dag_decorator.py for tasks to queue
[2025-09-21T11:40:06.676+0000] {logging_mixin.py:188} INFO - [2025-09-21T11:40:06.675+0000] {dagbag.py:538} INFO - Filling up the DagBag from /home/airflow/.local/lib/python3.8/site-packages/airflow/example_dags/example_dag_decorator.py
[2025-09-21T11:40:06.840+0000] {processor.py:840} INFO - DAG(s) 'example_dag_decorator' retrieved from /home/airflow/.local/lib/python3.8/site-packages/airflow/example_dags/example_dag_decorator.py
[2025-09-21T11:40:06.881+0000] {logging_mixin.py:188} INFO - [2025-09-21T11:40:06.880+0000] {dag.py:3036} INFO - Sync 1 DAGs
[2025-09-21T11:40:06.902+0000] {logging_mixin.py:188} INFO - [2025-09-21T11:40:06.901+0000] {dag.py:3823} INFO - Setting next_dagrun for example_dag_decorator to None, run_after=None
[2025-09-21T11:40:06.939+0000] {processor.py:183} INFO - Processing /home/airflow/.local/lib/python3.8/site-packages/airflow/example_dags/example_dag_decorator.py took 0.273 seconds
[2025-09-21T11:40:37.934+0000] {processor.py:161} INFO - Started process (PID=3248) to work on /home/airflow/.local/lib/python3.8/site-packages/airflow/example_dags/example_dag_decorator.py
[2025-09-21T11:40:37.936+0000] {processor.py:830} INFO - Processing file /home/airflow/.local/lib/python3.8/site-packages/airflow/example_dags/example_dag_decorator.py for tasks to queue
[2025-09-21T11:40:37.940+0000] {logging_mixin.py:188} INFO - [2025-09-21T11:40:37.939+0000] {dagbag.py:538} INFO - Filling up the DagBag from /home/airflow/.local/lib/python3.8/site-packages/airflow/example_dags/example_dag_decorator.py
[2025-09-21T11:40:38.101+0000] {processor.py:840} INFO - DAG(s) 'example_dag_decorator' retrieved from /home/airflow/.local/lib/python3.8/site-packages/airflow/example_dags/example_dag_decorator.py
[2025-09-21T11:40:38.275+0000] {logging_mixin.py:188} INFO - [2025-09-21T11:40:38.275+0000] {dag.py:3036} INFO - Sync 1 DAGs
[2025-09-21T11:40:38.296+0000] {logging_mixin.py:188} INFO - [2025-09-21T11:40:38.295+0000] {dag.py:3823} INFO - Setting next_dagrun for example_dag_decorator to None, run_after=None
[2025-09-21T11:40:38.335+0000] {processor.py:183} INFO - Processing /home/airflow/.local/lib/python3.8/site-packages/airflow/example_dags/example_dag_decorator.py took 0.405 seconds
[2025-09-21T11:41:08.434+0000] {processor.py:161} INFO - Started process (PID=3306) to work on /home/airflow/.local/lib/python3.8/site-packages/airflow/example_dags/example_dag_decorator.py
[2025-09-21T11:41:08.436+0000] {processor.py:830} INFO - Processing file /home/airflow/.local/lib/python3.8/site-packages/airflow/example_dags/example_dag_decorator.py for tasks to queue
[2025-09-21T11:41:08.439+0000] {logging_mixin.py:188} INFO - [2025-09-21T11:41:08.439+0000] {dagbag.py:538} INFO - Filling up the DagBag from /home/airflow/.local/lib/python3.8/site-packages/airflow/example_dags/example_dag_decorator.py
[2025-09-21T11:41:08.616+0000] {processor.py:840} INFO - DAG(s) 'example_dag_decorator' retrieved from /home/airflow/.local/lib/python3.8/site-packages/airflow/example_dags/example_dag_decorator.py
[2025-09-21T11:41:08.801+0000] {logging_mixin.py:188} INFO - [2025-09-21T11:41:08.801+0000] {dag.py:3036} INFO - Sync 1 DAGs
[2025-09-21T11:41:08.822+0000] {logging_mixin.py:188} INFO - [2025-09-21T11:41:08.822+0000] {dag.py:3823} INFO - Setting next_dagrun for example_dag_decorator to None, run_after=None
[2025-09-21T11:41:08.861+0000] {processor.py:183} INFO - Processing /home/airflow/.local/lib/python3.8/site-packages/airflow/example_dags/example_dag_decorator.py took 0.432 seconds
[2025-09-21T11:41:39.154+0000] {processor.py:161} INFO - Started process (PID=3370) to work on /home/airflow/.local/lib/python3.8/site-packages/airflow/example_dags/example_dag_decorator.py
[2025-09-21T11:41:39.156+0000] {processor.py:830} INFO - Processing file /home/airflow/.local/lib/python3.8/site-packages/airflow/example_dags/example_dag_decorator.py for tasks to queue
[2025-09-21T11:41:39.160+0000] {logging_mixin.py:188} INFO - [2025-09-21T11:41:39.159+0000] {dagbag.py:538} INFO - Filling up the DagBag from /home/airflow/.local/lib/python3.8/site-packages/airflow/example_dags/example_dag_decorator.py
[2025-09-21T11:41:39.325+0000] {processor.py:840} INFO - DAG(s) 'example_dag_decorator' retrieved from /home/airflow/.local/lib/python3.8/site-packages/airflow/example_dags/example_dag_decorator.py
[2025-09-21T11:41:39.366+0000] {logging_mixin.py:188} INFO - [2025-09-21T11:41:39.366+0000] {dag.py:3036} INFO - Sync 1 DAGs
[2025-09-21T11:41:39.390+0000] {logging_mixin.py:188} INFO - [2025-09-21T11:41:39.389+0000] {dag.py:3823} INFO - Setting next_dagrun for example_dag_decorator to None, run_after=None
[2025-09-21T11:41:39.426+0000] {processor.py:183} INFO - Processing /home/airflow/.local/lib/python3.8/site-packages/airflow/example_dags/example_dag_decorator.py took 0.278 seconds
[2025-09-21T11:42:10.040+0000] {processor.py:161} INFO - Started process (PID=3428) to work on /home/airflow/.local/lib/python3.8/site-packages/airflow/example_dags/example_dag_decorator.py
[2025-09-21T11:42:10.042+0000] {processor.py:830} INFO - Processing file /home/airflow/.local/lib/python3.8/site-packages/airflow/example_dags/example_dag_decorator.py for tasks to queue
[2025-09-21T11:42:10.045+0000] {logging_mixin.py:188} INFO - [2025-09-21T11:42:10.045+0000] {dagbag.py:538} INFO - Filling up the DagBag from /home/airflow/.local/lib/python3.8/site-packages/airflow/example_dags/example_dag_decorator.py
[2025-09-21T11:42:10.209+0000] {processor.py:840} INFO - DAG(s) 'example_dag_decorator' retrieved from /home/airflow/.local/lib/python3.8/site-packages/airflow/example_dags/example_dag_decorator.py
[2025-09-21T11:42:10.384+0000] {logging_mixin.py:188} INFO - [2025-09-21T11:42:10.384+0000] {dag.py:3036} INFO - Sync 1 DAGs
[2025-09-21T11:42:10.403+0000] {logging_mixin.py:188} INFO - [2025-09-21T11:42:10.403+0000] {dag.py:3823} INFO - Setting next_dagrun for example_dag_decorator to None, run_after=None
[2025-09-21T11:42:10.444+0000] {processor.py:183} INFO - Processing /home/airflow/.local/lib/python3.8/site-packages/airflow/example_dags/example_dag_decorator.py took 0.409 seconds
[2025-09-21T11:42:41.427+0000] {processor.py:161} INFO - Started process (PID=3486) to work on /home/airflow/.local/lib/python3.8/site-packages/airflow/example_dags/example_dag_decorator.py
[2025-09-21T11:42:41.428+0000] {processor.py:830} INFO - Processing file /home/airflow/.local/lib/python3.8/site-packages/airflow/example_dags/example_dag_decorator.py for tasks to queue
[2025-09-21T11:42:41.432+0000] {logging_mixin.py:188} INFO - [2025-09-21T11:42:41.431+0000] {dagbag.py:538} INFO - Filling up the DagBag from /home/airflow/.local/lib/python3.8/site-packages/airflow/example_dags/example_dag_decorator.py
[2025-09-21T11:42:41.597+0000] {processor.py:840} INFO - DAG(s) 'example_dag_decorator' retrieved from /home/airflow/.local/lib/python3.8/site-packages/airflow/example_dags/example_dag_decorator.py
[2025-09-21T11:42:41.779+0000] {logging_mixin.py:188} INFO - [2025-09-21T11:42:41.778+0000] {dag.py:3036} INFO - Sync 1 DAGs
[2025-09-21T11:42:41.798+0000] {logging_mixin.py:188} INFO - [2025-09-21T11:42:41.798+0000] {dag.py:3823} INFO - Setting next_dagrun for example_dag_decorator to None, run_after=None
[2025-09-21T11:42:41.837+0000] {processor.py:183} INFO - Processing /home/airflow/.local/lib/python3.8/site-packages/airflow/example_dags/example_dag_decorator.py took 0.415 seconds
[2025-09-21T11:43:12.395+0000] {processor.py:161} INFO - Started process (PID=3544) to work on /home/airflow/.local/lib/python3.8/site-packages/airflow/example_dags/example_dag_decorator.py
[2025-09-21T11:43:12.397+0000] {processor.py:830} INFO - Processing file /home/airflow/.local/lib/python3.8/site-packages/airflow/example_dags/example_dag_decorator.py for tasks to queue
[2025-09-21T11:43:12.400+0000] {logging_mixin.py:188} INFO - [2025-09-21T11:43:12.400+0000] {dagbag.py:538} INFO - Filling up the DagBag from /home/airflow/.local/lib/python3.8/site-packages/airflow/example_dags/example_dag_decorator.py
[2025-09-21T11:43:12.572+0000] {processor.py:840} INFO - DAG(s) 'example_dag_decorator' retrieved from /home/airflow/.local/lib/python3.8/site-packages/airflow/example_dags/example_dag_decorator.py
[2025-09-21T11:43:12.750+0000] {logging_mixin.py:188} INFO - [2025-09-21T11:43:12.750+0000] {dag.py:3036} INFO - Sync 1 DAGs
[2025-09-21T11:43:12.768+0000] {logging_mixin.py:188} INFO - [2025-09-21T11:43:12.768+0000] {dag.py:3823} INFO - Setting next_dagrun for example_dag_decorator to None, run_after=None
[2025-09-21T11:43:12.806+0000] {processor.py:183} INFO - Processing /home/airflow/.local/lib/python3.8/site-packages/airflow/example_dags/example_dag_decorator.py took 0.417 seconds
[2025-09-21T11:43:42.994+0000] {processor.py:161} INFO - Started process (PID=3602) to work on /home/airflow/.local/lib/python3.8/site-packages/airflow/example_dags/example_dag_decorator.py
[2025-09-21T11:43:42.997+0000] {processor.py:830} INFO - Processing file /home/airflow/.local/lib/python3.8/site-packages/airflow/example_dags/example_dag_decorator.py for tasks to queue
[2025-09-21T11:43:43.000+0000] {logging_mixin.py:188} INFO - [2025-09-21T11:43:43.000+0000] {dagbag.py:538} INFO - Filling up the DagBag from /home/airflow/.local/lib/python3.8/site-packages/airflow/example_dags/example_dag_decorator.py
[2025-09-21T11:43:43.165+0000] {processor.py:840} INFO - DAG(s) 'example_dag_decorator' retrieved from /home/airflow/.local/lib/python3.8/site-packages/airflow/example_dags/example_dag_decorator.py
[2025-09-21T11:43:43.352+0000] {logging_mixin.py:188} INFO - [2025-09-21T11:43:43.351+0000] {dag.py:3036} INFO - Sync 1 DAGs
[2025-09-21T11:43:43.370+0000] {logging_mixin.py:188} INFO - [2025-09-21T11:43:43.370+0000] {dag.py:3823} INFO - Setting next_dagrun for example_dag_decorator to None, run_after=None
[2025-09-21T11:43:43.408+0000] {processor.py:183} INFO - Processing /home/airflow/.local/lib/python3.8/site-packages/airflow/example_dags/example_dag_decorator.py took 0.420 seconds
[2025-09-21T11:46:03.054+0000] {processor.py:161} INFO - Started process (PID=72) to work on /home/airflow/.local/lib/python3.8/site-packages/airflow/example_dags/example_dag_decorator.py
[2025-09-21T11:46:03.056+0000] {processor.py:830} INFO - Processing file /home/airflow/.local/lib/python3.8/site-packages/airflow/example_dags/example_dag_decorator.py for tasks to queue
[2025-09-21T11:46:03.060+0000] {logging_mixin.py:188} INFO - [2025-09-21T11:46:03.060+0000] {dagbag.py:538} INFO - Filling up the DagBag from /home/airflow/.local/lib/python3.8/site-packages/airflow/example_dags/example_dag_decorator.py
[2025-09-21T11:46:03.346+0000] {processor.py:840} INFO - DAG(s) 'example_dag_decorator' retrieved from /home/airflow/.local/lib/python3.8/site-packages/airflow/example_dags/example_dag_decorator.py
[2025-09-21T11:46:03.699+0000] {logging_mixin.py:188} INFO - [2025-09-21T11:46:03.699+0000] {dag.py:3036} INFO - Sync 1 DAGs
[2025-09-21T11:46:03.733+0000] {logging_mixin.py:188} INFO - [2025-09-21T11:46:03.732+0000] {dag.py:3823} INFO - Setting next_dagrun for example_dag_decorator to None, run_after=None
[2025-09-21T11:46:03.835+0000] {processor.py:183} INFO - Processing /home/airflow/.local/lib/python3.8/site-packages/airflow/example_dags/example_dag_decorator.py took 0.789 seconds
[2025-09-21T11:46:34.415+0000] {processor.py:161} INFO - Started process (PID=130) to work on /home/airflow/.local/lib/python3.8/site-packages/airflow/example_dags/example_dag_decorator.py
[2025-09-21T11:46:34.418+0000] {processor.py:830} INFO - Processing file /home/airflow/.local/lib/python3.8/site-packages/airflow/example_dags/example_dag_decorator.py for tasks to queue
[2025-09-21T11:46:34.422+0000] {logging_mixin.py:188} INFO - [2025-09-21T11:46:34.422+0000] {dagbag.py:538} INFO - Filling up the DagBag from /home/airflow/.local/lib/python3.8/site-packages/airflow/example_dags/example_dag_decorator.py
[2025-09-21T11:46:34.627+0000] {processor.py:840} INFO - DAG(s) 'example_dag_decorator' retrieved from /home/airflow/.local/lib/python3.8/site-packages/airflow/example_dags/example_dag_decorator.py
[2025-09-21T11:46:34.855+0000] {logging_mixin.py:188} INFO - [2025-09-21T11:46:34.854+0000] {dag.py:3036} INFO - Sync 1 DAGs
[2025-09-21T11:46:34.891+0000] {logging_mixin.py:188} INFO - [2025-09-21T11:46:34.891+0000] {dag.py:3823} INFO - Setting next_dagrun for example_dag_decorator to None, run_after=None
[2025-09-21T11:46:35.161+0000] {processor.py:183} INFO - Processing /home/airflow/.local/lib/python3.8/site-packages/airflow/example_dags/example_dag_decorator.py took 0.753 seconds
[2025-09-21T11:47:05.771+0000] {processor.py:161} INFO - Started process (PID=188) to work on /home/airflow/.local/lib/python3.8/site-packages/airflow/example_dags/example_dag_decorator.py
[2025-09-21T11:47:05.773+0000] {processor.py:830} INFO - Processing file /home/airflow/.local/lib/python3.8/site-packages/airflow/example_dags/example_dag_decorator.py for tasks to queue
[2025-09-21T11:47:05.777+0000] {logging_mixin.py:188} INFO - [2025-09-21T11:47:05.776+0000] {dagbag.py:538} INFO - Filling up the DagBag from /home/airflow/.local/lib/python3.8/site-packages/airflow/example_dags/example_dag_decorator.py
[2025-09-21T11:47:05.947+0000] {processor.py:840} INFO - DAG(s) 'example_dag_decorator' retrieved from /home/airflow/.local/lib/python3.8/site-packages/airflow/example_dags/example_dag_decorator.py
[2025-09-21T11:47:06.132+0000] {logging_mixin.py:188} INFO - [2025-09-21T11:47:06.131+0000] {dag.py:3036} INFO - Sync 1 DAGs
[2025-09-21T11:47:06.150+0000] {logging_mixin.py:188} INFO - [2025-09-21T11:47:06.150+0000] {dag.py:3823} INFO - Setting next_dagrun for example_dag_decorator to None, run_after=None
[2025-09-21T11:47:06.188+0000] {processor.py:183} INFO - Processing /home/airflow/.local/lib/python3.8/site-packages/airflow/example_dags/example_dag_decorator.py took 0.422 seconds
[2025-09-21T11:47:36.863+0000] {processor.py:161} INFO - Started process (PID=246) to work on /home/airflow/.local/lib/python3.8/site-packages/airflow/example_dags/example_dag_decorator.py
[2025-09-21T11:47:36.865+0000] {processor.py:830} INFO - Processing file /home/airflow/.local/lib/python3.8/site-packages/airflow/example_dags/example_dag_decorator.py for tasks to queue
[2025-09-21T11:47:36.869+0000] {logging_mixin.py:188} INFO - [2025-09-21T11:47:36.868+0000] {dagbag.py:538} INFO - Filling up the DagBag from /home/airflow/.local/lib/python3.8/site-packages/airflow/example_dags/example_dag_decorator.py
[2025-09-21T11:47:37.075+0000] {processor.py:840} INFO - DAG(s) 'example_dag_decorator' retrieved from /home/airflow/.local/lib/python3.8/site-packages/airflow/example_dags/example_dag_decorator.py
[2025-09-21T11:47:37.297+0000] {logging_mixin.py:188} INFO - [2025-09-21T11:47:37.297+0000] {dag.py:3036} INFO - Sync 1 DAGs
[2025-09-21T11:47:37.325+0000] {logging_mixin.py:188} INFO - [2025-09-21T11:47:37.324+0000] {dag.py:3823} INFO - Setting next_dagrun for example_dag_decorator to None, run_after=None
[2025-09-21T11:47:37.362+0000] {processor.py:183} INFO - Processing /home/airflow/.local/lib/python3.8/site-packages/airflow/example_dags/example_dag_decorator.py took 0.505 seconds
[2025-09-21T11:48:08.073+0000] {processor.py:161} INFO - Started process (PID=304) to work on /home/airflow/.local/lib/python3.8/site-packages/airflow/example_dags/example_dag_decorator.py
[2025-09-21T11:48:08.075+0000] {processor.py:830} INFO - Processing file /home/airflow/.local/lib/python3.8/site-packages/airflow/example_dags/example_dag_decorator.py for tasks to queue
[2025-09-21T11:48:08.079+0000] {logging_mixin.py:188} INFO - [2025-09-21T11:48:08.078+0000] {dagbag.py:538} INFO - Filling up the DagBag from /home/airflow/.local/lib/python3.8/site-packages/airflow/example_dags/example_dag_decorator.py
[2025-09-21T11:48:08.243+0000] {processor.py:840} INFO - DAG(s) 'example_dag_decorator' retrieved from /home/airflow/.local/lib/python3.8/site-packages/airflow/example_dags/example_dag_decorator.py
[2025-09-21T11:48:08.425+0000] {logging_mixin.py:188} INFO - [2025-09-21T11:48:08.425+0000] {dag.py:3036} INFO - Sync 1 DAGs
[2025-09-21T11:48:08.445+0000] {logging_mixin.py:188} INFO - [2025-09-21T11:48:08.444+0000] {dag.py:3823} INFO - Setting next_dagrun for example_dag_decorator to None, run_after=None
[2025-09-21T11:48:08.479+0000] {processor.py:183} INFO - Processing /home/airflow/.local/lib/python3.8/site-packages/airflow/example_dags/example_dag_decorator.py took 0.413 seconds
[2025-09-21T11:48:38.685+0000] {processor.py:161} INFO - Started process (PID=363) to work on /home/airflow/.local/lib/python3.8/site-packages/airflow/example_dags/example_dag_decorator.py
[2025-09-21T11:48:38.687+0000] {processor.py:830} INFO - Processing file /home/airflow/.local/lib/python3.8/site-packages/airflow/example_dags/example_dag_decorator.py for tasks to queue
[2025-09-21T11:48:38.692+0000] {logging_mixin.py:188} INFO - [2025-09-21T11:48:38.692+0000] {dagbag.py:538} INFO - Filling up the DagBag from /home/airflow/.local/lib/python3.8/site-packages/airflow/example_dags/example_dag_decorator.py
[2025-09-21T11:48:38.938+0000] {processor.py:840} INFO - DAG(s) 'example_dag_decorator' retrieved from /home/airflow/.local/lib/python3.8/site-packages/airflow/example_dags/example_dag_decorator.py
[2025-09-21T11:48:39.178+0000] {logging_mixin.py:188} INFO - [2025-09-21T11:48:39.177+0000] {dag.py:3036} INFO - Sync 1 DAGs
[2025-09-21T11:48:39.201+0000] {logging_mixin.py:188} INFO - [2025-09-21T11:48:39.201+0000] {dag.py:3823} INFO - Setting next_dagrun for example_dag_decorator to None, run_after=None
[2025-09-21T11:48:39.237+0000] {processor.py:183} INFO - Processing /home/airflow/.local/lib/python3.8/site-packages/airflow/example_dags/example_dag_decorator.py took 0.559 seconds
[2025-09-21T11:49:09.704+0000] {processor.py:161} INFO - Started process (PID=421) to work on /home/airflow/.local/lib/python3.8/site-packages/airflow/example_dags/example_dag_decorator.py
[2025-09-21T11:49:09.706+0000] {processor.py:830} INFO - Processing file /home/airflow/.local/lib/python3.8/site-packages/airflow/example_dags/example_dag_decorator.py for tasks to queue
[2025-09-21T11:49:09.709+0000] {logging_mixin.py:188} INFO - [2025-09-21T11:49:09.709+0000] {dagbag.py:538} INFO - Filling up the DagBag from /home/airflow/.local/lib/python3.8/site-packages/airflow/example_dags/example_dag_decorator.py
[2025-09-21T11:49:09.890+0000] {processor.py:840} INFO - DAG(s) 'example_dag_decorator' retrieved from /home/airflow/.local/lib/python3.8/site-packages/airflow/example_dags/example_dag_decorator.py
[2025-09-21T11:49:10.076+0000] {logging_mixin.py:188} INFO - [2025-09-21T11:49:10.076+0000] {dag.py:3036} INFO - Sync 1 DAGs
[2025-09-21T11:49:10.095+0000] {logging_mixin.py:188} INFO - [2025-09-21T11:49:10.095+0000] {dag.py:3823} INFO - Setting next_dagrun for example_dag_decorator to None, run_after=None
[2025-09-21T11:49:10.135+0000] {processor.py:183} INFO - Processing /home/airflow/.local/lib/python3.8/site-packages/airflow/example_dags/example_dag_decorator.py took 0.438 seconds
[2025-09-21T11:49:40.362+0000] {processor.py:161} INFO - Started process (PID=480) to work on /home/airflow/.local/lib/python3.8/site-packages/airflow/example_dags/example_dag_decorator.py
[2025-09-21T11:49:40.364+0000] {processor.py:830} INFO - Processing file /home/airflow/.local/lib/python3.8/site-packages/airflow/example_dags/example_dag_decorator.py for tasks to queue
[2025-09-21T11:49:40.369+0000] {logging_mixin.py:188} INFO - [2025-09-21T11:49:40.368+0000] {dagbag.py:538} INFO - Filling up the DagBag from /home/airflow/.local/lib/python3.8/site-packages/airflow/example_dags/example_dag_decorator.py
[2025-09-21T11:49:40.593+0000] {processor.py:840} INFO - DAG(s) 'example_dag_decorator' retrieved from /home/airflow/.local/lib/python3.8/site-packages/airflow/example_dags/example_dag_decorator.py
[2025-09-21T11:49:40.803+0000] {logging_mixin.py:188} INFO - [2025-09-21T11:49:40.803+0000] {dag.py:3036} INFO - Sync 1 DAGs
[2025-09-21T11:49:40.824+0000] {logging_mixin.py:188} INFO - [2025-09-21T11:49:40.823+0000] {dag.py:3823} INFO - Setting next_dagrun for example_dag_decorator to None, run_after=None
[2025-09-21T11:49:41.038+0000] {processor.py:183} INFO - Processing /home/airflow/.local/lib/python3.8/site-packages/airflow/example_dags/example_dag_decorator.py took 0.684 seconds
[2025-09-21T11:50:12.070+0000] {processor.py:161} INFO - Started process (PID=538) to work on /home/airflow/.local/lib/python3.8/site-packages/airflow/example_dags/example_dag_decorator.py
[2025-09-21T11:50:12.073+0000] {processor.py:830} INFO - Processing file /home/airflow/.local/lib/python3.8/site-packages/airflow/example_dags/example_dag_decorator.py for tasks to queue
[2025-09-21T11:50:12.078+0000] {logging_mixin.py:188} INFO - [2025-09-21T11:50:12.077+0000] {dagbag.py:538} INFO - Filling up the DagBag from /home/airflow/.local/lib/python3.8/site-packages/airflow/example_dags/example_dag_decorator.py
[2025-09-21T11:50:12.277+0000] {processor.py:840} INFO - DAG(s) 'example_dag_decorator' retrieved from /home/airflow/.local/lib/python3.8/site-packages/airflow/example_dags/example_dag_decorator.py
[2025-09-21T11:50:12.510+0000] {logging_mixin.py:188} INFO - [2025-09-21T11:50:12.509+0000] {dag.py:3036} INFO - Sync 1 DAGs
[2025-09-21T11:50:12.537+0000] {logging_mixin.py:188} INFO - [2025-09-21T11:50:12.537+0000] {dag.py:3823} INFO - Setting next_dagrun for example_dag_decorator to None, run_after=None
[2025-09-21T11:50:12.778+0000] {processor.py:183} INFO - Processing /home/airflow/.local/lib/python3.8/site-packages/airflow/example_dags/example_dag_decorator.py took 0.715 seconds
[2025-09-21T11:50:43.036+0000] {processor.py:161} INFO - Started process (PID=596) to work on /home/airflow/.local/lib/python3.8/site-packages/airflow/example_dags/example_dag_decorator.py
[2025-09-21T11:50:43.043+0000] {processor.py:830} INFO - Processing file /home/airflow/.local/lib/python3.8/site-packages/airflow/example_dags/example_dag_decorator.py for tasks to queue
[2025-09-21T11:50:43.054+0000] {logging_mixin.py:188} INFO - [2025-09-21T11:50:43.053+0000] {dagbag.py:538} INFO - Filling up the DagBag from /home/airflow/.local/lib/python3.8/site-packages/airflow/example_dags/example_dag_decorator.py
[2025-09-21T11:50:43.289+0000] {processor.py:840} INFO - DAG(s) 'example_dag_decorator' retrieved from /home/airflow/.local/lib/python3.8/site-packages/airflow/example_dags/example_dag_decorator.py
[2025-09-21T11:50:43.555+0000] {logging_mixin.py:188} INFO - [2025-09-21T11:50:43.555+0000] {dag.py:3036} INFO - Sync 1 DAGs
[2025-09-21T11:50:43.790+0000] {logging_mixin.py:188} INFO - [2025-09-21T11:50:43.790+0000] {dag.py:3823} INFO - Setting next_dagrun for example_dag_decorator to None, run_after=None
[2025-09-21T11:50:43.836+0000] {processor.py:183} INFO - Processing /home/airflow/.local/lib/python3.8/site-packages/airflow/example_dags/example_dag_decorator.py took 0.823 seconds
[2025-09-21T11:51:14.312+0000] {processor.py:161} INFO - Started process (PID=653) to work on /home/airflow/.local/lib/python3.8/site-packages/airflow/example_dags/example_dag_decorator.py
[2025-09-21T11:51:14.315+0000] {processor.py:830} INFO - Processing file /home/airflow/.local/lib/python3.8/site-packages/airflow/example_dags/example_dag_decorator.py for tasks to queue
[2025-09-21T11:51:14.320+0000] {logging_mixin.py:188} INFO - [2025-09-21T11:51:14.319+0000] {dagbag.py:538} INFO - Filling up the DagBag from /home/airflow/.local/lib/python3.8/site-packages/airflow/example_dags/example_dag_decorator.py
[2025-09-21T11:51:14.618+0000] {processor.py:840} INFO - DAG(s) 'example_dag_decorator' retrieved from /home/airflow/.local/lib/python3.8/site-packages/airflow/example_dags/example_dag_decorator.py
[2025-09-21T11:51:14.901+0000] {logging_mixin.py:188} INFO - [2025-09-21T11:51:14.900+0000] {dag.py:3036} INFO - Sync 1 DAGs
[2025-09-21T11:51:15.150+0000] {logging_mixin.py:188} INFO - [2025-09-21T11:51:15.149+0000] {dag.py:3823} INFO - Setting next_dagrun for example_dag_decorator to None, run_after=None
[2025-09-21T11:51:15.193+0000] {processor.py:183} INFO - Processing /home/airflow/.local/lib/python3.8/site-packages/airflow/example_dags/example_dag_decorator.py took 0.889 seconds
[2025-09-21T11:51:46.226+0000] {processor.py:161} INFO - Started process (PID=713) to work on /home/airflow/.local/lib/python3.8/site-packages/airflow/example_dags/example_dag_decorator.py
[2025-09-21T11:51:46.231+0000] {processor.py:830} INFO - Processing file /home/airflow/.local/lib/python3.8/site-packages/airflow/example_dags/example_dag_decorator.py for tasks to queue
[2025-09-21T11:51:46.242+0000] {logging_mixin.py:188} INFO - [2025-09-21T11:51:46.240+0000] {dagbag.py:538} INFO - Filling up the DagBag from /home/airflow/.local/lib/python3.8/site-packages/airflow/example_dags/example_dag_decorator.py
[2025-09-21T11:51:46.575+0000] {processor.py:840} INFO - DAG(s) 'example_dag_decorator' retrieved from /home/airflow/.local/lib/python3.8/site-packages/airflow/example_dags/example_dag_decorator.py
[2025-09-21T11:51:46.815+0000] {logging_mixin.py:188} INFO - [2025-09-21T11:51:46.815+0000] {dag.py:3036} INFO - Sync 1 DAGs
[2025-09-21T11:51:47.023+0000] {logging_mixin.py:188} INFO - [2025-09-21T11:51:47.022+0000] {dag.py:3823} INFO - Setting next_dagrun for example_dag_decorator to None, run_after=None
[2025-09-21T11:51:47.062+0000] {processor.py:183} INFO - Processing /home/airflow/.local/lib/python3.8/site-packages/airflow/example_dags/example_dag_decorator.py took 0.848 seconds
[2025-09-21T11:52:17.279+0000] {processor.py:161} INFO - Started process (PID=770) to work on /home/airflow/.local/lib/python3.8/site-packages/airflow/example_dags/example_dag_decorator.py
[2025-09-21T11:52:17.280+0000] {processor.py:830} INFO - Processing file /home/airflow/.local/lib/python3.8/site-packages/airflow/example_dags/example_dag_decorator.py for tasks to queue
[2025-09-21T11:52:17.285+0000] {logging_mixin.py:188} INFO - [2025-09-21T11:52:17.284+0000] {dagbag.py:538} INFO - Filling up the DagBag from /home/airflow/.local/lib/python3.8/site-packages/airflow/example_dags/example_dag_decorator.py
[2025-09-21T11:52:17.490+0000] {processor.py:840} INFO - DAG(s) 'example_dag_decorator' retrieved from /home/airflow/.local/lib/python3.8/site-packages/airflow/example_dags/example_dag_decorator.py
[2025-09-21T11:52:17.779+0000] {logging_mixin.py:188} INFO - [2025-09-21T11:52:17.779+0000] {dag.py:3036} INFO - Sync 1 DAGs
[2025-09-21T11:52:18.004+0000] {logging_mixin.py:188} INFO - [2025-09-21T11:52:18.004+0000] {dag.py:3823} INFO - Setting next_dagrun for example_dag_decorator to None, run_after=None
[2025-09-21T11:52:18.055+0000] {processor.py:183} INFO - Processing /home/airflow/.local/lib/python3.8/site-packages/airflow/example_dags/example_dag_decorator.py took 0.783 seconds
[2025-09-21T11:52:48.735+0000] {processor.py:161} INFO - Started process (PID=828) to work on /home/airflow/.local/lib/python3.8/site-packages/airflow/example_dags/example_dag_decorator.py
[2025-09-21T11:52:48.740+0000] {processor.py:830} INFO - Processing file /home/airflow/.local/lib/python3.8/site-packages/airflow/example_dags/example_dag_decorator.py for tasks to queue
[2025-09-21T11:52:48.749+0000] {logging_mixin.py:188} INFO - [2025-09-21T11:52:48.748+0000] {dagbag.py:538} INFO - Filling up the DagBag from /home/airflow/.local/lib/python3.8/site-packages/airflow/example_dags/example_dag_decorator.py
[2025-09-21T11:52:49.146+0000] {processor.py:840} INFO - DAG(s) 'example_dag_decorator' retrieved from /home/airflow/.local/lib/python3.8/site-packages/airflow/example_dags/example_dag_decorator.py
[2025-09-21T11:52:49.477+0000] {logging_mixin.py:188} INFO - [2025-09-21T11:52:49.476+0000] {dag.py:3036} INFO - Sync 1 DAGs
[2025-09-21T11:52:49.803+0000] {logging_mixin.py:188} INFO - [2025-09-21T11:52:49.803+0000] {dag.py:3823} INFO - Setting next_dagrun for example_dag_decorator to None, run_after=None
[2025-09-21T11:52:49.849+0000] {processor.py:183} INFO - Processing /home/airflow/.local/lib/python3.8/site-packages/airflow/example_dags/example_dag_decorator.py took 1.129 seconds
[2025-09-21T11:53:20.139+0000] {processor.py:161} INFO - Started process (PID=888) to work on /home/airflow/.local/lib/python3.8/site-packages/airflow/example_dags/example_dag_decorator.py
[2025-09-21T11:53:20.142+0000] {processor.py:830} INFO - Processing file /home/airflow/.local/lib/python3.8/site-packages/airflow/example_dags/example_dag_decorator.py for tasks to queue
[2025-09-21T11:53:20.147+0000] {logging_mixin.py:188} INFO - [2025-09-21T11:53:20.146+0000] {dagbag.py:538} INFO - Filling up the DagBag from /home/airflow/.local/lib/python3.8/site-packages/airflow/example_dags/example_dag_decorator.py
[2025-09-21T11:53:20.437+0000] {processor.py:840} INFO - DAG(s) 'example_dag_decorator' retrieved from /home/airflow/.local/lib/python3.8/site-packages/airflow/example_dags/example_dag_decorator.py
[2025-09-21T11:53:20.895+0000] {logging_mixin.py:188} INFO - [2025-09-21T11:53:20.894+0000] {dag.py:3036} INFO - Sync 1 DAGs
[2025-09-21T11:53:20.929+0000] {logging_mixin.py:188} INFO - [2025-09-21T11:53:20.928+0000] {dag.py:3823} INFO - Setting next_dagrun for example_dag_decorator to None, run_after=None
[2025-09-21T11:53:20.999+0000] {processor.py:183} INFO - Processing /home/airflow/.local/lib/python3.8/site-packages/airflow/example_dags/example_dag_decorator.py took 0.867 seconds
[2025-09-21T11:53:51.890+0000] {processor.py:161} INFO - Started process (PID=946) to work on /home/airflow/.local/lib/python3.8/site-packages/airflow/example_dags/example_dag_decorator.py
[2025-09-21T11:53:51.895+0000] {processor.py:830} INFO - Processing file /home/airflow/.local/lib/python3.8/site-packages/airflow/example_dags/example_dag_decorator.py for tasks to queue
[2025-09-21T11:53:51.905+0000] {logging_mixin.py:188} INFO - [2025-09-21T11:53:51.904+0000] {dagbag.py:538} INFO - Filling up the DagBag from /home/airflow/.local/lib/python3.8/site-packages/airflow/example_dags/example_dag_decorator.py
[2025-09-21T11:53:52.143+0000] {processor.py:840} INFO - DAG(s) 'example_dag_decorator' retrieved from /home/airflow/.local/lib/python3.8/site-packages/airflow/example_dags/example_dag_decorator.py
[2025-09-21T11:53:52.664+0000] {logging_mixin.py:188} INFO - [2025-09-21T11:53:52.663+0000] {dag.py:3036} INFO - Sync 1 DAGs
[2025-09-21T11:53:52.681+0000] {logging_mixin.py:188} INFO - [2025-09-21T11:53:52.681+0000] {dag.py:3823} INFO - Setting next_dagrun for example_dag_decorator to None, run_after=None
[2025-09-21T11:53:52.723+0000] {processor.py:183} INFO - Processing /home/airflow/.local/lib/python3.8/site-packages/airflow/example_dags/example_dag_decorator.py took 0.848 seconds
[2025-09-21T11:54:22.984+0000] {processor.py:161} INFO - Started process (PID=1005) to work on /home/airflow/.local/lib/python3.8/site-packages/airflow/example_dags/example_dag_decorator.py
[2025-09-21T11:54:22.986+0000] {processor.py:830} INFO - Processing file /home/airflow/.local/lib/python3.8/site-packages/airflow/example_dags/example_dag_decorator.py for tasks to queue
[2025-09-21T11:54:22.992+0000] {logging_mixin.py:188} INFO - [2025-09-21T11:54:22.991+0000] {dagbag.py:538} INFO - Filling up the DagBag from /home/airflow/.local/lib/python3.8/site-packages/airflow/example_dags/example_dag_decorator.py
[2025-09-21T11:54:23.250+0000] {processor.py:840} INFO - DAG(s) 'example_dag_decorator' retrieved from /home/airflow/.local/lib/python3.8/site-packages/airflow/example_dags/example_dag_decorator.py
[2025-09-21T11:54:23.708+0000] {logging_mixin.py:188} INFO - [2025-09-21T11:54:23.707+0000] {dag.py:3036} INFO - Sync 1 DAGs
[2025-09-21T11:54:23.734+0000] {logging_mixin.py:188} INFO - [2025-09-21T11:54:23.734+0000] {dag.py:3823} INFO - Setting next_dagrun for example_dag_decorator to None, run_after=None
[2025-09-21T11:54:23.799+0000] {processor.py:183} INFO - Processing /home/airflow/.local/lib/python3.8/site-packages/airflow/example_dags/example_dag_decorator.py took 0.827 seconds
[2025-09-21T11:54:53.967+0000] {processor.py:161} INFO - Started process (PID=1068) to work on /home/airflow/.local/lib/python3.8/site-packages/airflow/example_dags/example_dag_decorator.py
[2025-09-21T11:54:53.970+0000] {processor.py:830} INFO - Processing file /home/airflow/.local/lib/python3.8/site-packages/airflow/example_dags/example_dag_decorator.py for tasks to queue
[2025-09-21T11:54:53.974+0000] {logging_mixin.py:188} INFO - [2025-09-21T11:54:53.974+0000] {dagbag.py:538} INFO - Filling up the DagBag from /home/airflow/.local/lib/python3.8/site-packages/airflow/example_dags/example_dag_decorator.py
[2025-09-21T11:54:54.223+0000] {processor.py:840} INFO - DAG(s) 'example_dag_decorator' retrieved from /home/airflow/.local/lib/python3.8/site-packages/airflow/example_dags/example_dag_decorator.py
[2025-09-21T11:54:54.667+0000] {logging_mixin.py:188} INFO - [2025-09-21T11:54:54.667+0000] {dag.py:3036} INFO - Sync 1 DAGs
[2025-09-21T11:54:54.687+0000] {logging_mixin.py:188} INFO - [2025-09-21T11:54:54.687+0000] {dag.py:3823} INFO - Setting next_dagrun for example_dag_decorator to None, run_after=None
[2025-09-21T11:54:54.723+0000] {processor.py:183} INFO - Processing /home/airflow/.local/lib/python3.8/site-packages/airflow/example_dags/example_dag_decorator.py took 0.764 seconds
[2025-09-21T11:55:25.007+0000] {processor.py:161} INFO - Started process (PID=1128) to work on /home/airflow/.local/lib/python3.8/site-packages/airflow/example_dags/example_dag_decorator.py
[2025-09-21T11:55:25.008+0000] {processor.py:830} INFO - Processing file /home/airflow/.local/lib/python3.8/site-packages/airflow/example_dags/example_dag_decorator.py for tasks to queue
[2025-09-21T11:55:25.012+0000] {logging_mixin.py:188} INFO - [2025-09-21T11:55:25.012+0000] {dagbag.py:538} INFO - Filling up the DagBag from /home/airflow/.local/lib/python3.8/site-packages/airflow/example_dags/example_dag_decorator.py
[2025-09-21T11:55:25.212+0000] {processor.py:840} INFO - DAG(s) 'example_dag_decorator' retrieved from /home/airflow/.local/lib/python3.8/site-packages/airflow/example_dags/example_dag_decorator.py
[2025-09-21T11:55:25.642+0000] {logging_mixin.py:188} INFO - [2025-09-21T11:55:25.641+0000] {dag.py:3036} INFO - Sync 1 DAGs
[2025-09-21T11:55:25.659+0000] {logging_mixin.py:188} INFO - [2025-09-21T11:55:25.658+0000] {dag.py:3823} INFO - Setting next_dagrun for example_dag_decorator to None, run_after=None
[2025-09-21T11:55:25.696+0000] {processor.py:183} INFO - Processing /home/airflow/.local/lib/python3.8/site-packages/airflow/example_dags/example_dag_decorator.py took 0.695 seconds
[2025-09-21T11:55:55.946+0000] {processor.py:161} INFO - Started process (PID=1186) to work on /home/airflow/.local/lib/python3.8/site-packages/airflow/example_dags/example_dag_decorator.py
[2025-09-21T11:55:55.949+0000] {processor.py:830} INFO - Processing file /home/airflow/.local/lib/python3.8/site-packages/airflow/example_dags/example_dag_decorator.py for tasks to queue
[2025-09-21T11:55:55.955+0000] {logging_mixin.py:188} INFO - [2025-09-21T11:55:55.954+0000] {dagbag.py:538} INFO - Filling up the DagBag from /home/airflow/.local/lib/python3.8/site-packages/airflow/example_dags/example_dag_decorator.py
[2025-09-21T11:55:56.199+0000] {processor.py:840} INFO - DAG(s) 'example_dag_decorator' retrieved from /home/airflow/.local/lib/python3.8/site-packages/airflow/example_dags/example_dag_decorator.py
[2025-09-21T11:55:56.692+0000] {logging_mixin.py:188} INFO - [2025-09-21T11:55:56.692+0000] {dag.py:3036} INFO - Sync 1 DAGs
[2025-09-21T11:55:56.713+0000] {logging_mixin.py:188} INFO - [2025-09-21T11:55:56.713+0000] {dag.py:3823} INFO - Setting next_dagrun for example_dag_decorator to None, run_after=None
[2025-09-21T11:55:56.766+0000] {processor.py:183} INFO - Processing /home/airflow/.local/lib/python3.8/site-packages/airflow/example_dags/example_dag_decorator.py took 0.829 seconds
[2025-09-21T11:56:27.499+0000] {processor.py:161} INFO - Started process (PID=1245) to work on /home/airflow/.local/lib/python3.8/site-packages/airflow/example_dags/example_dag_decorator.py
[2025-09-21T11:56:27.501+0000] {processor.py:830} INFO - Processing file /home/airflow/.local/lib/python3.8/site-packages/airflow/example_dags/example_dag_decorator.py for tasks to queue
[2025-09-21T11:56:27.506+0000] {logging_mixin.py:188} INFO - [2025-09-21T11:56:27.505+0000] {dagbag.py:538} INFO - Filling up the DagBag from /home/airflow/.local/lib/python3.8/site-packages/airflow/example_dags/example_dag_decorator.py
[2025-09-21T11:56:27.714+0000] {processor.py:840} INFO - DAG(s) 'example_dag_decorator' retrieved from /home/airflow/.local/lib/python3.8/site-packages/airflow/example_dags/example_dag_decorator.py
[2025-09-21T11:56:28.197+0000] {logging_mixin.py:188} INFO - [2025-09-21T11:56:28.196+0000] {dag.py:3036} INFO - Sync 1 DAGs
[2025-09-21T11:56:28.222+0000] {logging_mixin.py:188} INFO - [2025-09-21T11:56:28.222+0000] {dag.py:3823} INFO - Setting next_dagrun for example_dag_decorator to None, run_after=None
[2025-09-21T11:56:28.317+0000] {processor.py:183} INFO - Processing /home/airflow/.local/lib/python3.8/site-packages/airflow/example_dags/example_dag_decorator.py took 0.825 seconds
[2025-09-21T11:56:58.897+0000] {processor.py:161} INFO - Started process (PID=1303) to work on /home/airflow/.local/lib/python3.8/site-packages/airflow/example_dags/example_dag_decorator.py
[2025-09-21T11:56:58.902+0000] {processor.py:830} INFO - Processing file /home/airflow/.local/lib/python3.8/site-packages/airflow/example_dags/example_dag_decorator.py for tasks to queue
[2025-09-21T11:56:58.909+0000] {logging_mixin.py:188} INFO - [2025-09-21T11:56:58.908+0000] {dagbag.py:538} INFO - Filling up the DagBag from /home/airflow/.local/lib/python3.8/site-packages/airflow/example_dags/example_dag_decorator.py
[2025-09-21T11:56:59.352+0000] {processor.py:840} INFO - DAG(s) 'example_dag_decorator' retrieved from /home/airflow/.local/lib/python3.8/site-packages/airflow/example_dags/example_dag_decorator.py
[2025-09-21T11:56:59.935+0000] {logging_mixin.py:188} INFO - [2025-09-21T11:56:59.933+0000] {dag.py:3036} INFO - Sync 1 DAGs
[2025-09-21T11:56:59.982+0000] {logging_mixin.py:188} INFO - [2025-09-21T11:56:59.981+0000] {dag.py:3823} INFO - Setting next_dagrun for example_dag_decorator to None, run_after=None
[2025-09-21T11:57:00.096+0000] {processor.py:183} INFO - Processing /home/airflow/.local/lib/python3.8/site-packages/airflow/example_dags/example_dag_decorator.py took 1.214 seconds
[2025-09-21T11:57:30.188+0000] {processor.py:161} INFO - Started process (PID=1362) to work on /home/airflow/.local/lib/python3.8/site-packages/airflow/example_dags/example_dag_decorator.py
[2025-09-21T11:57:30.191+0000] {processor.py:830} INFO - Processing file /home/airflow/.local/lib/python3.8/site-packages/airflow/example_dags/example_dag_decorator.py for tasks to queue
[2025-09-21T11:57:30.195+0000] {logging_mixin.py:188} INFO - [2025-09-21T11:57:30.194+0000] {dagbag.py:538} INFO - Filling up the DagBag from /home/airflow/.local/lib/python3.8/site-packages/airflow/example_dags/example_dag_decorator.py
[2025-09-21T11:57:30.436+0000] {processor.py:840} INFO - DAG(s) 'example_dag_decorator' retrieved from /home/airflow/.local/lib/python3.8/site-packages/airflow/example_dags/example_dag_decorator.py
[2025-09-21T11:57:30.895+0000] {logging_mixin.py:188} INFO - [2025-09-21T11:57:30.894+0000] {dag.py:3036} INFO - Sync 1 DAGs
[2025-09-21T11:57:30.925+0000] {logging_mixin.py:188} INFO - [2025-09-21T11:57:30.924+0000] {dag.py:3823} INFO - Setting next_dagrun for example_dag_decorator to None, run_after=None
[2025-09-21T11:57:30.986+0000] {processor.py:183} INFO - Processing /home/airflow/.local/lib/python3.8/site-packages/airflow/example_dags/example_dag_decorator.py took 0.805 seconds
[2025-09-21T11:58:01.986+0000] {processor.py:161} INFO - Started process (PID=1421) to work on /home/airflow/.local/lib/python3.8/site-packages/airflow/example_dags/example_dag_decorator.py
[2025-09-21T11:58:01.991+0000] {processor.py:830} INFO - Processing file /home/airflow/.local/lib/python3.8/site-packages/airflow/example_dags/example_dag_decorator.py for tasks to queue
[2025-09-21T11:58:01.999+0000] {logging_mixin.py:188} INFO - [2025-09-21T11:58:01.998+0000] {dagbag.py:538} INFO - Filling up the DagBag from /home/airflow/.local/lib/python3.8/site-packages/airflow/example_dags/example_dag_decorator.py
[2025-09-21T11:58:02.229+0000] {processor.py:840} INFO - DAG(s) 'example_dag_decorator' retrieved from /home/airflow/.local/lib/python3.8/site-packages/airflow/example_dags/example_dag_decorator.py
[2025-09-21T11:58:02.708+0000] {logging_mixin.py:188} INFO - [2025-09-21T11:58:02.708+0000] {dag.py:3036} INFO - Sync 1 DAGs
[2025-09-21T11:58:02.727+0000] {logging_mixin.py:188} INFO - [2025-09-21T11:58:02.726+0000] {dag.py:3823} INFO - Setting next_dagrun for example_dag_decorator to None, run_after=None
[2025-09-21T11:58:02.773+0000] {processor.py:183} INFO - Processing /home/airflow/.local/lib/python3.8/site-packages/airflow/example_dags/example_dag_decorator.py took 0.800 seconds
[2025-09-21T11:58:33.166+0000] {processor.py:161} INFO - Started process (PID=1482) to work on /home/airflow/.local/lib/python3.8/site-packages/airflow/example_dags/example_dag_decorator.py
[2025-09-21T11:58:33.168+0000] {processor.py:830} INFO - Processing file /home/airflow/.local/lib/python3.8/site-packages/airflow/example_dags/example_dag_decorator.py for tasks to queue
[2025-09-21T11:58:33.173+0000] {logging_mixin.py:188} INFO - [2025-09-21T11:58:33.172+0000] {dagbag.py:538} INFO - Filling up the DagBag from /home/airflow/.local/lib/python3.8/site-packages/airflow/example_dags/example_dag_decorator.py
[2025-09-21T11:58:33.688+0000] {processor.py:840} INFO - DAG(s) 'example_dag_decorator' retrieved from /home/airflow/.local/lib/python3.8/site-packages/airflow/example_dags/example_dag_decorator.py
[2025-09-21T11:58:33.956+0000] {logging_mixin.py:188} INFO - [2025-09-21T11:58:33.956+0000] {dag.py:3036} INFO - Sync 1 DAGs
[2025-09-21T11:58:33.983+0000] {logging_mixin.py:188} INFO - [2025-09-21T11:58:33.982+0000] {dag.py:3823} INFO - Setting next_dagrun for example_dag_decorator to None, run_after=None
[2025-09-21T11:58:34.035+0000] {processor.py:183} INFO - Processing /home/airflow/.local/lib/python3.8/site-packages/airflow/example_dags/example_dag_decorator.py took 0.877 seconds
[2025-09-21T11:59:04.488+0000] {processor.py:161} INFO - Started process (PID=1541) to work on /home/airflow/.local/lib/python3.8/site-packages/airflow/example_dags/example_dag_decorator.py
[2025-09-21T11:59:04.490+0000] {processor.py:830} INFO - Processing file /home/airflow/.local/lib/python3.8/site-packages/airflow/example_dags/example_dag_decorator.py for tasks to queue
[2025-09-21T11:59:04.493+0000] {logging_mixin.py:188} INFO - [2025-09-21T11:59:04.493+0000] {dagbag.py:538} INFO - Filling up the DagBag from /home/airflow/.local/lib/python3.8/site-packages/airflow/example_dags/example_dag_decorator.py
[2025-09-21T11:59:04.707+0000] {processor.py:840} INFO - DAG(s) 'example_dag_decorator' retrieved from /home/airflow/.local/lib/python3.8/site-packages/airflow/example_dags/example_dag_decorator.py
[2025-09-21T11:59:04.964+0000] {logging_mixin.py:188} INFO - [2025-09-21T11:59:04.964+0000] {dag.py:3036} INFO - Sync 1 DAGs
[2025-09-21T11:59:04.991+0000] {logging_mixin.py:188} INFO - [2025-09-21T11:59:04.991+0000] {dag.py:3823} INFO - Setting next_dagrun for example_dag_decorator to None, run_after=None
[2025-09-21T11:59:05.046+0000] {processor.py:183} INFO - Processing /home/airflow/.local/lib/python3.8/site-packages/airflow/example_dags/example_dag_decorator.py took 0.564 seconds
[2025-09-21T11:59:35.362+0000] {processor.py:161} INFO - Started process (PID=1600) to work on /home/airflow/.local/lib/python3.8/site-packages/airflow/example_dags/example_dag_decorator.py
[2025-09-21T11:59:35.365+0000] {processor.py:830} INFO - Processing file /home/airflow/.local/lib/python3.8/site-packages/airflow/example_dags/example_dag_decorator.py for tasks to queue
[2025-09-21T11:59:35.372+0000] {logging_mixin.py:188} INFO - [2025-09-21T11:59:35.370+0000] {dagbag.py:538} INFO - Filling up the DagBag from /home/airflow/.local/lib/python3.8/site-packages/airflow/example_dags/example_dag_decorator.py
[2025-09-21T11:59:35.676+0000] {processor.py:840} INFO - DAG(s) 'example_dag_decorator' retrieved from /home/airflow/.local/lib/python3.8/site-packages/airflow/example_dags/example_dag_decorator.py
[2025-09-21T11:59:35.959+0000] {logging_mixin.py:188} INFO - [2025-09-21T11:59:35.958+0000] {dag.py:3036} INFO - Sync 1 DAGs
[2025-09-21T11:59:35.987+0000] {logging_mixin.py:188} INFO - [2025-09-21T11:59:35.987+0000] {dag.py:3823} INFO - Setting next_dagrun for example_dag_decorator to None, run_after=None
[2025-09-21T11:59:36.036+0000] {processor.py:183} INFO - Processing /home/airflow/.local/lib/python3.8/site-packages/airflow/example_dags/example_dag_decorator.py took 0.689 seconds
[2025-09-21T12:00:06.862+0000] {processor.py:161} INFO - Started process (PID=1659) to work on /home/airflow/.local/lib/python3.8/site-packages/airflow/example_dags/example_dag_decorator.py
[2025-09-21T12:00:06.865+0000] {processor.py:830} INFO - Processing file /home/airflow/.local/lib/python3.8/site-packages/airflow/example_dags/example_dag_decorator.py for tasks to queue
[2025-09-21T12:00:06.871+0000] {logging_mixin.py:188} INFO - [2025-09-21T12:00:06.870+0000] {dagbag.py:538} INFO - Filling up the DagBag from /home/airflow/.local/lib/python3.8/site-packages/airflow/example_dags/example_dag_decorator.py
[2025-09-21T12:00:07.054+0000] {processor.py:840} INFO - DAG(s) 'example_dag_decorator' retrieved from /home/airflow/.local/lib/python3.8/site-packages/airflow/example_dags/example_dag_decorator.py
[2025-09-21T12:00:07.298+0000] {logging_mixin.py:188} INFO - [2025-09-21T12:00:07.298+0000] {dag.py:3036} INFO - Sync 1 DAGs
[2025-09-21T12:00:07.322+0000] {logging_mixin.py:188} INFO - [2025-09-21T12:00:07.321+0000] {dag.py:3823} INFO - Setting next_dagrun for example_dag_decorator to None, run_after=None
[2025-09-21T12:00:07.369+0000] {processor.py:183} INFO - Processing /home/airflow/.local/lib/python3.8/site-packages/airflow/example_dags/example_dag_decorator.py took 0.517 seconds
[2025-09-21T12:00:37.619+0000] {processor.py:161} INFO - Started process (PID=1719) to work on /home/airflow/.local/lib/python3.8/site-packages/airflow/example_dags/example_dag_decorator.py
[2025-09-21T12:00:37.621+0000] {processor.py:830} INFO - Processing file /home/airflow/.local/lib/python3.8/site-packages/airflow/example_dags/example_dag_decorator.py for tasks to queue
[2025-09-21T12:00:37.626+0000] {logging_mixin.py:188} INFO - [2025-09-21T12:00:37.625+0000] {dagbag.py:538} INFO - Filling up the DagBag from /home/airflow/.local/lib/python3.8/site-packages/airflow/example_dags/example_dag_decorator.py
[2025-09-21T12:00:37.908+0000] {processor.py:840} INFO - DAG(s) 'example_dag_decorator' retrieved from /home/airflow/.local/lib/python3.8/site-packages/airflow/example_dags/example_dag_decorator.py
[2025-09-21T12:00:38.140+0000] {logging_mixin.py:188} INFO - [2025-09-21T12:00:38.140+0000] {dag.py:3036} INFO - Sync 1 DAGs
[2025-09-21T12:00:38.171+0000] {logging_mixin.py:188} INFO - [2025-09-21T12:00:38.170+0000] {dag.py:3823} INFO - Setting next_dagrun for example_dag_decorator to None, run_after=None
[2025-09-21T12:00:38.224+0000] {processor.py:183} INFO - Processing /home/airflow/.local/lib/python3.8/site-packages/airflow/example_dags/example_dag_decorator.py took 0.614 seconds
[2025-09-21T12:01:08.966+0000] {processor.py:161} INFO - Started process (PID=1778) to work on /home/airflow/.local/lib/python3.8/site-packages/airflow/example_dags/example_dag_decorator.py
[2025-09-21T12:01:08.970+0000] {processor.py:830} INFO - Processing file /home/airflow/.local/lib/python3.8/site-packages/airflow/example_dags/example_dag_decorator.py for tasks to queue
[2025-09-21T12:01:08.978+0000] {logging_mixin.py:188} INFO - [2025-09-21T12:01:08.977+0000] {dagbag.py:538} INFO - Filling up the DagBag from /home/airflow/.local/lib/python3.8/site-packages/airflow/example_dags/example_dag_decorator.py
[2025-09-21T12:01:09.309+0000] {processor.py:840} INFO - DAG(s) 'example_dag_decorator' retrieved from /home/airflow/.local/lib/python3.8/site-packages/airflow/example_dags/example_dag_decorator.py
[2025-09-21T12:01:09.530+0000] {logging_mixin.py:188} INFO - [2025-09-21T12:01:09.530+0000] {dag.py:3036} INFO - Sync 1 DAGs
[2025-09-21T12:01:09.558+0000] {logging_mixin.py:188} INFO - [2025-09-21T12:01:09.558+0000] {dag.py:3823} INFO - Setting next_dagrun for example_dag_decorator to None, run_after=None
[2025-09-21T12:01:09.611+0000] {processor.py:183} INFO - Processing /home/airflow/.local/lib/python3.8/site-packages/airflow/example_dags/example_dag_decorator.py took 0.659 seconds
[2025-09-21T12:01:39.981+0000] {processor.py:161} INFO - Started process (PID=1836) to work on /home/airflow/.local/lib/python3.8/site-packages/airflow/example_dags/example_dag_decorator.py
[2025-09-21T12:01:39.985+0000] {processor.py:830} INFO - Processing file /home/airflow/.local/lib/python3.8/site-packages/airflow/example_dags/example_dag_decorator.py for tasks to queue
[2025-09-21T12:01:39.992+0000] {logging_mixin.py:188} INFO - [2025-09-21T12:01:39.991+0000] {dagbag.py:538} INFO - Filling up the DagBag from /home/airflow/.local/lib/python3.8/site-packages/airflow/example_dags/example_dag_decorator.py
[2025-09-21T12:01:40.397+0000] {processor.py:840} INFO - DAG(s) 'example_dag_decorator' retrieved from /home/airflow/.local/lib/python3.8/site-packages/airflow/example_dags/example_dag_decorator.py
[2025-09-21T12:01:40.517+0000] {logging_mixin.py:188} INFO - [2025-09-21T12:01:40.515+0000] {dag.py:3036} INFO - Sync 1 DAGs
[2025-09-21T12:01:40.569+0000] {logging_mixin.py:188} INFO - [2025-09-21T12:01:40.568+0000] {dag.py:3823} INFO - Setting next_dagrun for example_dag_decorator to None, run_after=None
[2025-09-21T12:01:40.618+0000] {processor.py:183} INFO - Processing /home/airflow/.local/lib/python3.8/site-packages/airflow/example_dags/example_dag_decorator.py took 0.650 seconds
[2025-09-21T12:02:10.792+0000] {processor.py:161} INFO - Started process (PID=1894) to work on /home/airflow/.local/lib/python3.8/site-packages/airflow/example_dags/example_dag_decorator.py
[2025-09-21T12:02:10.796+0000] {processor.py:830} INFO - Processing file /home/airflow/.local/lib/python3.8/site-packages/airflow/example_dags/example_dag_decorator.py for tasks to queue
[2025-09-21T12:02:10.802+0000] {logging_mixin.py:188} INFO - [2025-09-21T12:02:10.801+0000] {dagbag.py:538} INFO - Filling up the DagBag from /home/airflow/.local/lib/python3.8/site-packages/airflow/example_dags/example_dag_decorator.py
[2025-09-21T12:02:11.109+0000] {processor.py:840} INFO - DAG(s) 'example_dag_decorator' retrieved from /home/airflow/.local/lib/python3.8/site-packages/airflow/example_dags/example_dag_decorator.py
[2025-09-21T12:02:11.172+0000] {logging_mixin.py:188} INFO - [2025-09-21T12:02:11.171+0000] {dag.py:3036} INFO - Sync 1 DAGs
[2025-09-21T12:02:11.203+0000] {logging_mixin.py:188} INFO - [2025-09-21T12:02:11.203+0000] {dag.py:3823} INFO - Setting next_dagrun for example_dag_decorator to None, run_after=None
[2025-09-21T12:02:11.257+0000] {processor.py:183} INFO - Processing /home/airflow/.local/lib/python3.8/site-packages/airflow/example_dags/example_dag_decorator.py took 0.474 seconds
[2025-09-21T12:02:41.675+0000] {processor.py:161} INFO - Started process (PID=1952) to work on /home/airflow/.local/lib/python3.8/site-packages/airflow/example_dags/example_dag_decorator.py
[2025-09-21T12:02:41.680+0000] {processor.py:830} INFO - Processing file /home/airflow/.local/lib/python3.8/site-packages/airflow/example_dags/example_dag_decorator.py for tasks to queue
[2025-09-21T12:02:41.689+0000] {logging_mixin.py:188} INFO - [2025-09-21T12:02:41.688+0000] {dagbag.py:538} INFO - Filling up the DagBag from /home/airflow/.local/lib/python3.8/site-packages/airflow/example_dags/example_dag_decorator.py
[2025-09-21T12:02:42.014+0000] {processor.py:840} INFO - DAG(s) 'example_dag_decorator' retrieved from /home/airflow/.local/lib/python3.8/site-packages/airflow/example_dags/example_dag_decorator.py
[2025-09-21T12:02:42.080+0000] {logging_mixin.py:188} INFO - [2025-09-21T12:02:42.079+0000] {dag.py:3036} INFO - Sync 1 DAGs
[2025-09-21T12:02:42.111+0000] {logging_mixin.py:188} INFO - [2025-09-21T12:02:42.111+0000] {dag.py:3823} INFO - Setting next_dagrun for example_dag_decorator to None, run_after=None
[2025-09-21T12:02:42.167+0000] {processor.py:183} INFO - Processing /home/airflow/.local/lib/python3.8/site-packages/airflow/example_dags/example_dag_decorator.py took 0.507 seconds
[2025-09-21T12:03:12.295+0000] {processor.py:161} INFO - Started process (PID=2011) to work on /home/airflow/.local/lib/python3.8/site-packages/airflow/example_dags/example_dag_decorator.py
[2025-09-21T12:03:12.297+0000] {processor.py:830} INFO - Processing file /home/airflow/.local/lib/python3.8/site-packages/airflow/example_dags/example_dag_decorator.py for tasks to queue
[2025-09-21T12:03:12.302+0000] {logging_mixin.py:188} INFO - [2025-09-21T12:03:12.302+0000] {dagbag.py:538} INFO - Filling up the DagBag from /home/airflow/.local/lib/python3.8/site-packages/airflow/example_dags/example_dag_decorator.py
[2025-09-21T12:03:12.612+0000] {processor.py:840} INFO - DAG(s) 'example_dag_decorator' retrieved from /home/airflow/.local/lib/python3.8/site-packages/airflow/example_dags/example_dag_decorator.py
[2025-09-21T12:03:12.683+0000] {logging_mixin.py:188} INFO - [2025-09-21T12:03:12.682+0000] {dag.py:3036} INFO - Sync 1 DAGs
[2025-09-21T12:03:12.726+0000] {logging_mixin.py:188} INFO - [2025-09-21T12:03:12.725+0000] {dag.py:3823} INFO - Setting next_dagrun for example_dag_decorator to None, run_after=None
[2025-09-21T12:03:12.792+0000] {processor.py:183} INFO - Processing /home/airflow/.local/lib/python3.8/site-packages/airflow/example_dags/example_dag_decorator.py took 0.507 seconds
[2025-09-21T12:03:42.939+0000] {processor.py:161} INFO - Started process (PID=2068) to work on /home/airflow/.local/lib/python3.8/site-packages/airflow/example_dags/example_dag_decorator.py
[2025-09-21T12:03:42.942+0000] {processor.py:830} INFO - Processing file /home/airflow/.local/lib/python3.8/site-packages/airflow/example_dags/example_dag_decorator.py for tasks to queue
[2025-09-21T12:03:42.950+0000] {logging_mixin.py:188} INFO - [2025-09-21T12:03:42.949+0000] {dagbag.py:538} INFO - Filling up the DagBag from /home/airflow/.local/lib/python3.8/site-packages/airflow/example_dags/example_dag_decorator.py
[2025-09-21T12:03:43.159+0000] {processor.py:840} INFO - DAG(s) 'example_dag_decorator' retrieved from /home/airflow/.local/lib/python3.8/site-packages/airflow/example_dags/example_dag_decorator.py
[2025-09-21T12:03:43.214+0000] {logging_mixin.py:188} INFO - [2025-09-21T12:03:43.213+0000] {dag.py:3036} INFO - Sync 1 DAGs
[2025-09-21T12:03:43.239+0000] {logging_mixin.py:188} INFO - [2025-09-21T12:03:43.238+0000] {dag.py:3823} INFO - Setting next_dagrun for example_dag_decorator to None, run_after=None
[2025-09-21T12:03:43.284+0000] {processor.py:183} INFO - Processing /home/airflow/.local/lib/python3.8/site-packages/airflow/example_dags/example_dag_decorator.py took 0.358 seconds
[2025-09-21T12:04:13.456+0000] {processor.py:161} INFO - Started process (PID=2127) to work on /home/airflow/.local/lib/python3.8/site-packages/airflow/example_dags/example_dag_decorator.py
[2025-09-21T12:04:13.459+0000] {processor.py:830} INFO - Processing file /home/airflow/.local/lib/python3.8/site-packages/airflow/example_dags/example_dag_decorator.py for tasks to queue
[2025-09-21T12:04:13.465+0000] {logging_mixin.py:188} INFO - [2025-09-21T12:04:13.464+0000] {dagbag.py:538} INFO - Filling up the DagBag from /home/airflow/.local/lib/python3.8/site-packages/airflow/example_dags/example_dag_decorator.py
[2025-09-21T12:04:13.755+0000] {processor.py:840} INFO - DAG(s) 'example_dag_decorator' retrieved from /home/airflow/.local/lib/python3.8/site-packages/airflow/example_dags/example_dag_decorator.py
[2025-09-21T12:04:13.880+0000] {logging_mixin.py:188} INFO - [2025-09-21T12:04:13.880+0000] {dag.py:3036} INFO - Sync 1 DAGs
[2025-09-21T12:04:13.941+0000] {logging_mixin.py:188} INFO - [2025-09-21T12:04:13.940+0000] {dag.py:3823} INFO - Setting next_dagrun for example_dag_decorator to None, run_after=None
[2025-09-21T12:04:14.014+0000] {processor.py:183} INFO - Processing /home/airflow/.local/lib/python3.8/site-packages/airflow/example_dags/example_dag_decorator.py took 0.566 seconds
[2025-09-21T12:04:44.130+0000] {processor.py:161} INFO - Started process (PID=2184) to work on /home/airflow/.local/lib/python3.8/site-packages/airflow/example_dags/example_dag_decorator.py
[2025-09-21T12:04:44.133+0000] {processor.py:830} INFO - Processing file /home/airflow/.local/lib/python3.8/site-packages/airflow/example_dags/example_dag_decorator.py for tasks to queue
[2025-09-21T12:04:44.138+0000] {logging_mixin.py:188} INFO - [2025-09-21T12:04:44.138+0000] {dagbag.py:538} INFO - Filling up the DagBag from /home/airflow/.local/lib/python3.8/site-packages/airflow/example_dags/example_dag_decorator.py
[2025-09-21T12:04:44.413+0000] {processor.py:840} INFO - DAG(s) 'example_dag_decorator' retrieved from /home/airflow/.local/lib/python3.8/site-packages/airflow/example_dags/example_dag_decorator.py
[2025-09-21T12:04:44.740+0000] {logging_mixin.py:188} INFO - [2025-09-21T12:04:44.739+0000] {dag.py:3036} INFO - Sync 1 DAGs
[2025-09-21T12:04:44.767+0000] {logging_mixin.py:188} INFO - [2025-09-21T12:04:44.767+0000] {dag.py:3823} INFO - Setting next_dagrun for example_dag_decorator to None, run_after=None
[2025-09-21T12:04:44.821+0000] {processor.py:183} INFO - Processing /home/airflow/.local/lib/python3.8/site-packages/airflow/example_dags/example_dag_decorator.py took 0.698 seconds
[2025-09-21T12:05:15.059+0000] {processor.py:161} INFO - Started process (PID=2241) to work on /home/airflow/.local/lib/python3.8/site-packages/airflow/example_dags/example_dag_decorator.py
[2025-09-21T12:05:15.064+0000] {processor.py:830} INFO - Processing file /home/airflow/.local/lib/python3.8/site-packages/airflow/example_dags/example_dag_decorator.py for tasks to queue
[2025-09-21T12:05:15.073+0000] {logging_mixin.py:188} INFO - [2025-09-21T12:05:15.072+0000] {dagbag.py:538} INFO - Filling up the DagBag from /home/airflow/.local/lib/python3.8/site-packages/airflow/example_dags/example_dag_decorator.py
[2025-09-21T12:05:15.367+0000] {processor.py:840} INFO - DAG(s) 'example_dag_decorator' retrieved from /home/airflow/.local/lib/python3.8/site-packages/airflow/example_dags/example_dag_decorator.py
[2025-09-21T12:05:15.702+0000] {logging_mixin.py:188} INFO - [2025-09-21T12:05:15.701+0000] {dag.py:3036} INFO - Sync 1 DAGs
[2025-09-21T12:05:15.723+0000] {logging_mixin.py:188} INFO - [2025-09-21T12:05:15.723+0000] {dag.py:3823} INFO - Setting next_dagrun for example_dag_decorator to None, run_after=None
[2025-09-21T12:05:15.766+0000] {processor.py:183} INFO - Processing /home/airflow/.local/lib/python3.8/site-packages/airflow/example_dags/example_dag_decorator.py took 0.720 seconds
[2025-09-21T12:05:46.394+0000] {processor.py:161} INFO - Started process (PID=2299) to work on /home/airflow/.local/lib/python3.8/site-packages/airflow/example_dags/example_dag_decorator.py
[2025-09-21T12:05:46.397+0000] {processor.py:830} INFO - Processing file /home/airflow/.local/lib/python3.8/site-packages/airflow/example_dags/example_dag_decorator.py for tasks to queue
[2025-09-21T12:05:46.401+0000] {logging_mixin.py:188} INFO - [2025-09-21T12:05:46.401+0000] {dagbag.py:538} INFO - Filling up the DagBag from /home/airflow/.local/lib/python3.8/site-packages/airflow/example_dags/example_dag_decorator.py
[2025-09-21T12:05:46.655+0000] {processor.py:840} INFO - DAG(s) 'example_dag_decorator' retrieved from /home/airflow/.local/lib/python3.8/site-packages/airflow/example_dags/example_dag_decorator.py
[2025-09-21T12:05:46.865+0000] {logging_mixin.py:188} INFO - [2025-09-21T12:05:46.865+0000] {dag.py:3036} INFO - Sync 1 DAGs
[2025-09-21T12:05:46.885+0000] {logging_mixin.py:188} INFO - [2025-09-21T12:05:46.885+0000] {dag.py:3823} INFO - Setting next_dagrun for example_dag_decorator to None, run_after=None
[2025-09-21T12:05:46.925+0000] {processor.py:183} INFO - Processing /home/airflow/.local/lib/python3.8/site-packages/airflow/example_dags/example_dag_decorator.py took 0.540 seconds
[2025-09-21T12:06:17.162+0000] {processor.py:161} INFO - Started process (PID=2357) to work on /home/airflow/.local/lib/python3.8/site-packages/airflow/example_dags/example_dag_decorator.py
[2025-09-21T12:06:17.164+0000] {processor.py:830} INFO - Processing file /home/airflow/.local/lib/python3.8/site-packages/airflow/example_dags/example_dag_decorator.py for tasks to queue
[2025-09-21T12:06:17.167+0000] {logging_mixin.py:188} INFO - [2025-09-21T12:06:17.166+0000] {dagbag.py:538} INFO - Filling up the DagBag from /home/airflow/.local/lib/python3.8/site-packages/airflow/example_dags/example_dag_decorator.py
[2025-09-21T12:06:17.341+0000] {processor.py:840} INFO - DAG(s) 'example_dag_decorator' retrieved from /home/airflow/.local/lib/python3.8/site-packages/airflow/example_dags/example_dag_decorator.py
[2025-09-21T12:06:17.545+0000] {logging_mixin.py:188} INFO - [2025-09-21T12:06:17.545+0000] {dag.py:3036} INFO - Sync 1 DAGs
[2025-09-21T12:06:17.567+0000] {logging_mixin.py:188} INFO - [2025-09-21T12:06:17.566+0000] {dag.py:3823} INFO - Setting next_dagrun for example_dag_decorator to None, run_after=None
[2025-09-21T12:06:17.608+0000] {processor.py:183} INFO - Processing /home/airflow/.local/lib/python3.8/site-packages/airflow/example_dags/example_dag_decorator.py took 0.452 seconds
[2025-09-21T12:06:47.939+0000] {processor.py:161} INFO - Started process (PID=2416) to work on /home/airflow/.local/lib/python3.8/site-packages/airflow/example_dags/example_dag_decorator.py
[2025-09-21T12:06:47.943+0000] {processor.py:830} INFO - Processing file /home/airflow/.local/lib/python3.8/site-packages/airflow/example_dags/example_dag_decorator.py for tasks to queue
[2025-09-21T12:06:47.949+0000] {logging_mixin.py:188} INFO - [2025-09-21T12:06:47.948+0000] {dagbag.py:538} INFO - Filling up the DagBag from /home/airflow/.local/lib/python3.8/site-packages/airflow/example_dags/example_dag_decorator.py
[2025-09-21T12:06:48.203+0000] {processor.py:840} INFO - DAG(s) 'example_dag_decorator' retrieved from /home/airflow/.local/lib/python3.8/site-packages/airflow/example_dags/example_dag_decorator.py
[2025-09-21T12:06:48.432+0000] {logging_mixin.py:188} INFO - [2025-09-21T12:06:48.431+0000] {dag.py:3036} INFO - Sync 1 DAGs
[2025-09-21T12:06:48.459+0000] {logging_mixin.py:188} INFO - [2025-09-21T12:06:48.459+0000] {dag.py:3823} INFO - Setting next_dagrun for example_dag_decorator to None, run_after=None
[2025-09-21T12:06:48.513+0000] {processor.py:183} INFO - Processing /home/airflow/.local/lib/python3.8/site-packages/airflow/example_dags/example_dag_decorator.py took 0.584 seconds
[2025-09-21T12:07:18.930+0000] {processor.py:161} INFO - Started process (PID=2477) to work on /home/airflow/.local/lib/python3.8/site-packages/airflow/example_dags/example_dag_decorator.py
[2025-09-21T12:07:18.934+0000] {processor.py:830} INFO - Processing file /home/airflow/.local/lib/python3.8/site-packages/airflow/example_dags/example_dag_decorator.py for tasks to queue
[2025-09-21T12:07:18.942+0000] {logging_mixin.py:188} INFO - [2025-09-21T12:07:18.941+0000] {dagbag.py:538} INFO - Filling up the DagBag from /home/airflow/.local/lib/python3.8/site-packages/airflow/example_dags/example_dag_decorator.py
[2025-09-21T12:07:19.208+0000] {processor.py:840} INFO - DAG(s) 'example_dag_decorator' retrieved from /home/airflow/.local/lib/python3.8/site-packages/airflow/example_dags/example_dag_decorator.py
[2025-09-21T12:07:19.501+0000] {logging_mixin.py:188} INFO - [2025-09-21T12:07:19.500+0000] {dag.py:3036} INFO - Sync 1 DAGs
[2025-09-21T12:07:19.524+0000] {logging_mixin.py:188} INFO - [2025-09-21T12:07:19.523+0000] {dag.py:3823} INFO - Setting next_dagrun for example_dag_decorator to None, run_after=None
[2025-09-21T12:07:19.570+0000] {processor.py:183} INFO - Processing /home/airflow/.local/lib/python3.8/site-packages/airflow/example_dags/example_dag_decorator.py took 0.655 seconds
[2025-09-21T12:07:49.887+0000] {processor.py:161} INFO - Started process (PID=2536) to work on /home/airflow/.local/lib/python3.8/site-packages/airflow/example_dags/example_dag_decorator.py
[2025-09-21T12:07:49.889+0000] {processor.py:830} INFO - Processing file /home/airflow/.local/lib/python3.8/site-packages/airflow/example_dags/example_dag_decorator.py for tasks to queue
[2025-09-21T12:07:49.893+0000] {logging_mixin.py:188} INFO - [2025-09-21T12:07:49.892+0000] {dagbag.py:538} INFO - Filling up the DagBag from /home/airflow/.local/lib/python3.8/site-packages/airflow/example_dags/example_dag_decorator.py
[2025-09-21T12:07:50.111+0000] {processor.py:840} INFO - DAG(s) 'example_dag_decorator' retrieved from /home/airflow/.local/lib/python3.8/site-packages/airflow/example_dags/example_dag_decorator.py
[2025-09-21T12:07:50.342+0000] {logging_mixin.py:188} INFO - [2025-09-21T12:07:50.341+0000] {dag.py:3036} INFO - Sync 1 DAGs
[2025-09-21T12:07:50.368+0000] {logging_mixin.py:188} INFO - [2025-09-21T12:07:50.367+0000] {dag.py:3823} INFO - Setting next_dagrun for example_dag_decorator to None, run_after=None
[2025-09-21T12:07:50.418+0000] {processor.py:183} INFO - Processing /home/airflow/.local/lib/python3.8/site-packages/airflow/example_dags/example_dag_decorator.py took 0.540 seconds
[2025-09-21T12:08:20.559+0000] {processor.py:161} INFO - Started process (PID=2595) to work on /home/airflow/.local/lib/python3.8/site-packages/airflow/example_dags/example_dag_decorator.py
[2025-09-21T12:08:20.560+0000] {processor.py:830} INFO - Processing file /home/airflow/.local/lib/python3.8/site-packages/airflow/example_dags/example_dag_decorator.py for tasks to queue
[2025-09-21T12:08:20.564+0000] {logging_mixin.py:188} INFO - [2025-09-21T12:08:20.563+0000] {dagbag.py:538} INFO - Filling up the DagBag from /home/airflow/.local/lib/python3.8/site-packages/airflow/example_dags/example_dag_decorator.py
[2025-09-21T12:08:20.760+0000] {processor.py:840} INFO - DAG(s) 'example_dag_decorator' retrieved from /home/airflow/.local/lib/python3.8/site-packages/airflow/example_dags/example_dag_decorator.py
[2025-09-21T12:08:21.034+0000] {logging_mixin.py:188} INFO - [2025-09-21T12:08:21.033+0000] {dag.py:3036} INFO - Sync 1 DAGs
[2025-09-21T12:08:21.063+0000] {logging_mixin.py:188} INFO - [2025-09-21T12:08:21.062+0000] {dag.py:3823} INFO - Setting next_dagrun for example_dag_decorator to None, run_after=None
[2025-09-21T12:08:21.113+0000] {processor.py:183} INFO - Processing /home/airflow/.local/lib/python3.8/site-packages/airflow/example_dags/example_dag_decorator.py took 0.561 seconds
[2025-09-21T12:08:51.726+0000] {processor.py:161} INFO - Started process (PID=2654) to work on /home/airflow/.local/lib/python3.8/site-packages/airflow/example_dags/example_dag_decorator.py
[2025-09-21T12:08:51.728+0000] {processor.py:830} INFO - Processing file /home/airflow/.local/lib/python3.8/site-packages/airflow/example_dags/example_dag_decorator.py for tasks to queue
[2025-09-21T12:08:51.732+0000] {logging_mixin.py:188} INFO - [2025-09-21T12:08:51.732+0000] {dagbag.py:538} INFO - Filling up the DagBag from /home/airflow/.local/lib/python3.8/site-packages/airflow/example_dags/example_dag_decorator.py
[2025-09-21T12:08:51.924+0000] {processor.py:840} INFO - DAG(s) 'example_dag_decorator' retrieved from /home/airflow/.local/lib/python3.8/site-packages/airflow/example_dags/example_dag_decorator.py
[2025-09-21T12:08:52.170+0000] {logging_mixin.py:188} INFO - [2025-09-21T12:08:52.170+0000] {dag.py:3036} INFO - Sync 1 DAGs
[2025-09-21T12:08:52.193+0000] {logging_mixin.py:188} INFO - [2025-09-21T12:08:52.193+0000] {dag.py:3823} INFO - Setting next_dagrun for example_dag_decorator to None, run_after=None
[2025-09-21T12:08:52.236+0000] {processor.py:183} INFO - Processing /home/airflow/.local/lib/python3.8/site-packages/airflow/example_dags/example_dag_decorator.py took 0.517 seconds
[2025-09-21T12:09:22.339+0000] {processor.py:161} INFO - Started process (PID=2712) to work on /home/airflow/.local/lib/python3.8/site-packages/airflow/example_dags/example_dag_decorator.py
[2025-09-21T12:09:22.341+0000] {processor.py:830} INFO - Processing file /home/airflow/.local/lib/python3.8/site-packages/airflow/example_dags/example_dag_decorator.py for tasks to queue
[2025-09-21T12:09:22.346+0000] {logging_mixin.py:188} INFO - [2025-09-21T12:09:22.345+0000] {dagbag.py:538} INFO - Filling up the DagBag from /home/airflow/.local/lib/python3.8/site-packages/airflow/example_dags/example_dag_decorator.py
[2025-09-21T12:09:22.656+0000] {processor.py:840} INFO - DAG(s) 'example_dag_decorator' retrieved from /home/airflow/.local/lib/python3.8/site-packages/airflow/example_dags/example_dag_decorator.py
[2025-09-21T12:09:23.006+0000] {logging_mixin.py:188} INFO - [2025-09-21T12:09:23.006+0000] {dag.py:3036} INFO - Sync 1 DAGs
[2025-09-21T12:09:23.027+0000] {logging_mixin.py:188} INFO - [2025-09-21T12:09:23.027+0000] {dag.py:3823} INFO - Setting next_dagrun for example_dag_decorator to None, run_after=None
[2025-09-21T12:09:23.092+0000] {processor.py:183} INFO - Processing /home/airflow/.local/lib/python3.8/site-packages/airflow/example_dags/example_dag_decorator.py took 0.760 seconds
[2025-09-21T12:09:53.241+0000] {processor.py:161} INFO - Started process (PID=2772) to work on /home/airflow/.local/lib/python3.8/site-packages/airflow/example_dags/example_dag_decorator.py
[2025-09-21T12:09:53.243+0000] {processor.py:830} INFO - Processing file /home/airflow/.local/lib/python3.8/site-packages/airflow/example_dags/example_dag_decorator.py for tasks to queue
[2025-09-21T12:09:53.248+0000] {logging_mixin.py:188} INFO - [2025-09-21T12:09:53.247+0000] {dagbag.py:538} INFO - Filling up the DagBag from /home/airflow/.local/lib/python3.8/site-packages/airflow/example_dags/example_dag_decorator.py
[2025-09-21T12:09:53.531+0000] {processor.py:840} INFO - DAG(s) 'example_dag_decorator' retrieved from /home/airflow/.local/lib/python3.8/site-packages/airflow/example_dags/example_dag_decorator.py
[2025-09-21T12:09:53.836+0000] {logging_mixin.py:188} INFO - [2025-09-21T12:09:53.835+0000] {dag.py:3036} INFO - Sync 1 DAGs
[2025-09-21T12:09:53.867+0000] {logging_mixin.py:188} INFO - [2025-09-21T12:09:53.867+0000] {dag.py:3823} INFO - Setting next_dagrun for example_dag_decorator to None, run_after=None
[2025-09-21T12:09:53.931+0000] {processor.py:183} INFO - Processing /home/airflow/.local/lib/python3.8/site-packages/airflow/example_dags/example_dag_decorator.py took 0.699 seconds
[2025-09-21T12:10:24.376+0000] {processor.py:161} INFO - Started process (PID=2830) to work on /home/airflow/.local/lib/python3.8/site-packages/airflow/example_dags/example_dag_decorator.py
[2025-09-21T12:10:24.383+0000] {processor.py:830} INFO - Processing file /home/airflow/.local/lib/python3.8/site-packages/airflow/example_dags/example_dag_decorator.py for tasks to queue
[2025-09-21T12:10:24.393+0000] {logging_mixin.py:188} INFO - [2025-09-21T12:10:24.391+0000] {dagbag.py:538} INFO - Filling up the DagBag from /home/airflow/.local/lib/python3.8/site-packages/airflow/example_dags/example_dag_decorator.py
[2025-09-21T12:10:24.618+0000] {processor.py:840} INFO - DAG(s) 'example_dag_decorator' retrieved from /home/airflow/.local/lib/python3.8/site-packages/airflow/example_dags/example_dag_decorator.py
[2025-09-21T12:10:24.846+0000] {logging_mixin.py:188} INFO - [2025-09-21T12:10:24.846+0000] {dag.py:3036} INFO - Sync 1 DAGs
[2025-09-21T12:10:24.869+0000] {logging_mixin.py:188} INFO - [2025-09-21T12:10:24.868+0000] {dag.py:3823} INFO - Setting next_dagrun for example_dag_decorator to None, run_after=None
[2025-09-21T12:10:24.912+0000] {processor.py:183} INFO - Processing /home/airflow/.local/lib/python3.8/site-packages/airflow/example_dags/example_dag_decorator.py took 0.561 seconds
[2025-09-21T12:10:55.366+0000] {processor.py:161} INFO - Started process (PID=2887) to work on /home/airflow/.local/lib/python3.8/site-packages/airflow/example_dags/example_dag_decorator.py
[2025-09-21T12:10:55.368+0000] {processor.py:830} INFO - Processing file /home/airflow/.local/lib/python3.8/site-packages/airflow/example_dags/example_dag_decorator.py for tasks to queue
[2025-09-21T12:10:55.374+0000] {logging_mixin.py:188} INFO - [2025-09-21T12:10:55.373+0000] {dagbag.py:538} INFO - Filling up the DagBag from /home/airflow/.local/lib/python3.8/site-packages/airflow/example_dags/example_dag_decorator.py
[2025-09-21T12:10:55.602+0000] {processor.py:840} INFO - DAG(s) 'example_dag_decorator' retrieved from /home/airflow/.local/lib/python3.8/site-packages/airflow/example_dags/example_dag_decorator.py
[2025-09-21T12:10:55.933+0000] {logging_mixin.py:188} INFO - [2025-09-21T12:10:55.932+0000] {dag.py:3036} INFO - Sync 1 DAGs
[2025-09-21T12:10:55.964+0000] {logging_mixin.py:188} INFO - [2025-09-21T12:10:55.964+0000] {dag.py:3823} INFO - Setting next_dagrun for example_dag_decorator to None, run_after=None
[2025-09-21T12:10:56.019+0000] {processor.py:183} INFO - Processing /home/airflow/.local/lib/python3.8/site-packages/airflow/example_dags/example_dag_decorator.py took 0.660 seconds
[2025-09-21T12:11:26.321+0000] {processor.py:161} INFO - Started process (PID=2947) to work on /home/airflow/.local/lib/python3.8/site-packages/airflow/example_dags/example_dag_decorator.py
[2025-09-21T12:11:26.323+0000] {processor.py:830} INFO - Processing file /home/airflow/.local/lib/python3.8/site-packages/airflow/example_dags/example_dag_decorator.py for tasks to queue
[2025-09-21T12:11:26.326+0000] {logging_mixin.py:188} INFO - [2025-09-21T12:11:26.325+0000] {dagbag.py:538} INFO - Filling up the DagBag from /home/airflow/.local/lib/python3.8/site-packages/airflow/example_dags/example_dag_decorator.py
[2025-09-21T12:11:26.558+0000] {processor.py:840} INFO - DAG(s) 'example_dag_decorator' retrieved from /home/airflow/.local/lib/python3.8/site-packages/airflow/example_dags/example_dag_decorator.py
[2025-09-21T12:11:26.815+0000] {logging_mixin.py:188} INFO - [2025-09-21T12:11:26.814+0000] {dag.py:3036} INFO - Sync 1 DAGs
[2025-09-21T12:11:26.842+0000] {logging_mixin.py:188} INFO - [2025-09-21T12:11:26.841+0000] {dag.py:3823} INFO - Setting next_dagrun for example_dag_decorator to None, run_after=None
[2025-09-21T12:11:26.906+0000] {processor.py:183} INFO - Processing /home/airflow/.local/lib/python3.8/site-packages/airflow/example_dags/example_dag_decorator.py took 0.591 seconds
[2025-09-21T12:11:57.012+0000] {processor.py:161} INFO - Started process (PID=3012) to work on /home/airflow/.local/lib/python3.8/site-packages/airflow/example_dags/example_dag_decorator.py
[2025-09-21T12:11:57.014+0000] {processor.py:830} INFO - Processing file /home/airflow/.local/lib/python3.8/site-packages/airflow/example_dags/example_dag_decorator.py for tasks to queue
[2025-09-21T12:11:57.018+0000] {logging_mixin.py:188} INFO - [2025-09-21T12:11:57.018+0000] {dagbag.py:538} INFO - Filling up the DagBag from /home/airflow/.local/lib/python3.8/site-packages/airflow/example_dags/example_dag_decorator.py
[2025-09-21T12:11:57.211+0000] {processor.py:840} INFO - DAG(s) 'example_dag_decorator' retrieved from /home/airflow/.local/lib/python3.8/site-packages/airflow/example_dags/example_dag_decorator.py
[2025-09-21T12:11:57.459+0000] {logging_mixin.py:188} INFO - [2025-09-21T12:11:57.458+0000] {dag.py:3036} INFO - Sync 1 DAGs
[2025-09-21T12:11:57.491+0000] {logging_mixin.py:188} INFO - [2025-09-21T12:11:57.490+0000] {dag.py:3823} INFO - Setting next_dagrun for example_dag_decorator to None, run_after=None
[2025-09-21T12:11:57.536+0000] {processor.py:183} INFO - Processing /home/airflow/.local/lib/python3.8/site-packages/airflow/example_dags/example_dag_decorator.py took 0.529 seconds
[2025-09-21T12:12:27.615+0000] {processor.py:161} INFO - Started process (PID=3071) to work on /home/airflow/.local/lib/python3.8/site-packages/airflow/example_dags/example_dag_decorator.py
[2025-09-21T12:12:27.618+0000] {processor.py:830} INFO - Processing file /home/airflow/.local/lib/python3.8/site-packages/airflow/example_dags/example_dag_decorator.py for tasks to queue
[2025-09-21T12:12:27.622+0000] {logging_mixin.py:188} INFO - [2025-09-21T12:12:27.621+0000] {dagbag.py:538} INFO - Filling up the DagBag from /home/airflow/.local/lib/python3.8/site-packages/airflow/example_dags/example_dag_decorator.py
[2025-09-21T12:12:27.824+0000] {processor.py:840} INFO - DAG(s) 'example_dag_decorator' retrieved from /home/airflow/.local/lib/python3.8/site-packages/airflow/example_dags/example_dag_decorator.py
[2025-09-21T12:12:28.062+0000] {logging_mixin.py:188} INFO - [2025-09-21T12:12:28.061+0000] {dag.py:3036} INFO - Sync 1 DAGs
[2025-09-21T12:12:28.088+0000] {logging_mixin.py:188} INFO - [2025-09-21T12:12:28.088+0000] {dag.py:3823} INFO - Setting next_dagrun for example_dag_decorator to None, run_after=None
[2025-09-21T12:12:28.125+0000] {processor.py:183} INFO - Processing /home/airflow/.local/lib/python3.8/site-packages/airflow/example_dags/example_dag_decorator.py took 0.516 seconds
[2025-09-21T12:12:58.188+0000] {processor.py:161} INFO - Started process (PID=3129) to work on /home/airflow/.local/lib/python3.8/site-packages/airflow/example_dags/example_dag_decorator.py
[2025-09-21T12:12:58.190+0000] {processor.py:830} INFO - Processing file /home/airflow/.local/lib/python3.8/site-packages/airflow/example_dags/example_dag_decorator.py for tasks to queue
[2025-09-21T12:12:58.193+0000] {logging_mixin.py:188} INFO - [2025-09-21T12:12:58.193+0000] {dagbag.py:538} INFO - Filling up the DagBag from /home/airflow/.local/lib/python3.8/site-packages/airflow/example_dags/example_dag_decorator.py
[2025-09-21T12:12:58.411+0000] {processor.py:840} INFO - DAG(s) 'example_dag_decorator' retrieved from /home/airflow/.local/lib/python3.8/site-packages/airflow/example_dags/example_dag_decorator.py
[2025-09-21T12:12:58.731+0000] {logging_mixin.py:188} INFO - [2025-09-21T12:12:58.730+0000] {dag.py:3036} INFO - Sync 1 DAGs
[2025-09-21T12:12:58.750+0000] {logging_mixin.py:188} INFO - [2025-09-21T12:12:58.750+0000] {dag.py:3823} INFO - Setting next_dagrun for example_dag_decorator to None, run_after=None
[2025-09-21T12:12:58.793+0000] {processor.py:183} INFO - Processing /home/airflow/.local/lib/python3.8/site-packages/airflow/example_dags/example_dag_decorator.py took 0.611 seconds
[2025-09-21T12:13:29.866+0000] {processor.py:161} INFO - Started process (PID=3187) to work on /home/airflow/.local/lib/python3.8/site-packages/airflow/example_dags/example_dag_decorator.py
[2025-09-21T12:13:29.883+0000] {processor.py:830} INFO - Processing file /home/airflow/.local/lib/python3.8/site-packages/airflow/example_dags/example_dag_decorator.py for tasks to queue
[2025-09-21T12:13:29.889+0000] {logging_mixin.py:188} INFO - [2025-09-21T12:13:29.888+0000] {dagbag.py:538} INFO - Filling up the DagBag from /home/airflow/.local/lib/python3.8/site-packages/airflow/example_dags/example_dag_decorator.py
[2025-09-21T12:13:30.398+0000] {processor.py:840} INFO - DAG(s) 'example_dag_decorator' retrieved from /home/airflow/.local/lib/python3.8/site-packages/airflow/example_dags/example_dag_decorator.py
[2025-09-21T12:13:30.472+0000] {logging_mixin.py:188} INFO - [2025-09-21T12:13:30.472+0000] {dag.py:3036} INFO - Sync 1 DAGs
[2025-09-21T12:13:30.527+0000] {logging_mixin.py:188} INFO - [2025-09-21T12:13:30.526+0000] {dag.py:3823} INFO - Setting next_dagrun for example_dag_decorator to None, run_after=None
[2025-09-21T12:13:30.602+0000] {processor.py:183} INFO - Processing /home/airflow/.local/lib/python3.8/site-packages/airflow/example_dags/example_dag_decorator.py took 0.756 seconds
[2025-09-21T12:14:00.975+0000] {processor.py:161} INFO - Started process (PID=3245) to work on /home/airflow/.local/lib/python3.8/site-packages/airflow/example_dags/example_dag_decorator.py
[2025-09-21T12:14:00.980+0000] {processor.py:830} INFO - Processing file /home/airflow/.local/lib/python3.8/site-packages/airflow/example_dags/example_dag_decorator.py for tasks to queue
[2025-09-21T12:14:00.988+0000] {logging_mixin.py:188} INFO - [2025-09-21T12:14:00.987+0000] {dagbag.py:538} INFO - Filling up the DagBag from /home/airflow/.local/lib/python3.8/site-packages/airflow/example_dags/example_dag_decorator.py
[2025-09-21T12:14:01.218+0000] {processor.py:840} INFO - DAG(s) 'example_dag_decorator' retrieved from /home/airflow/.local/lib/python3.8/site-packages/airflow/example_dags/example_dag_decorator.py
[2025-09-21T12:14:01.492+0000] {logging_mixin.py:188} INFO - [2025-09-21T12:14:01.492+0000] {dag.py:3036} INFO - Sync 1 DAGs
[2025-09-21T12:14:01.521+0000] {logging_mixin.py:188} INFO - [2025-09-21T12:14:01.520+0000] {dag.py:3823} INFO - Setting next_dagrun for example_dag_decorator to None, run_after=None
[2025-09-21T12:14:01.569+0000] {processor.py:183} INFO - Processing /home/airflow/.local/lib/python3.8/site-packages/airflow/example_dags/example_dag_decorator.py took 0.610 seconds
[2025-09-21T12:14:31.731+0000] {processor.py:161} INFO - Started process (PID=3303) to work on /home/airflow/.local/lib/python3.8/site-packages/airflow/example_dags/example_dag_decorator.py
[2025-09-21T12:14:31.736+0000] {processor.py:830} INFO - Processing file /home/airflow/.local/lib/python3.8/site-packages/airflow/example_dags/example_dag_decorator.py for tasks to queue
[2025-09-21T12:14:31.746+0000] {logging_mixin.py:188} INFO - [2025-09-21T12:14:31.745+0000] {dagbag.py:538} INFO - Filling up the DagBag from /home/airflow/.local/lib/python3.8/site-packages/airflow/example_dags/example_dag_decorator.py
[2025-09-21T12:14:31.987+0000] {processor.py:840} INFO - DAG(s) 'example_dag_decorator' retrieved from /home/airflow/.local/lib/python3.8/site-packages/airflow/example_dags/example_dag_decorator.py
[2025-09-21T12:14:32.255+0000] {logging_mixin.py:188} INFO - [2025-09-21T12:14:32.255+0000] {dag.py:3036} INFO - Sync 1 DAGs
[2025-09-21T12:14:32.284+0000] {logging_mixin.py:188} INFO - [2025-09-21T12:14:32.284+0000] {dag.py:3823} INFO - Setting next_dagrun for example_dag_decorator to None, run_after=None
[2025-09-21T12:14:32.338+0000] {processor.py:183} INFO - Processing /home/airflow/.local/lib/python3.8/site-packages/airflow/example_dags/example_dag_decorator.py took 0.622 seconds
[2025-09-21T12:15:02.441+0000] {processor.py:161} INFO - Started process (PID=3362) to work on /home/airflow/.local/lib/python3.8/site-packages/airflow/example_dags/example_dag_decorator.py
[2025-09-21T12:15:02.443+0000] {processor.py:830} INFO - Processing file /home/airflow/.local/lib/python3.8/site-packages/airflow/example_dags/example_dag_decorator.py for tasks to queue
[2025-09-21T12:15:02.446+0000] {logging_mixin.py:188} INFO - [2025-09-21T12:15:02.446+0000] {dagbag.py:538} INFO - Filling up the DagBag from /home/airflow/.local/lib/python3.8/site-packages/airflow/example_dags/example_dag_decorator.py
[2025-09-21T12:15:02.802+0000] {processor.py:840} INFO - DAG(s) 'example_dag_decorator' retrieved from /home/airflow/.local/lib/python3.8/site-packages/airflow/example_dags/example_dag_decorator.py
[2025-09-21T12:15:03.114+0000] {logging_mixin.py:188} INFO - [2025-09-21T12:15:03.114+0000] {dag.py:3036} INFO - Sync 1 DAGs
[2025-09-21T12:15:03.137+0000] {logging_mixin.py:188} INFO - [2025-09-21T12:15:03.137+0000] {dag.py:3823} INFO - Setting next_dagrun for example_dag_decorator to None, run_after=None
[2025-09-21T12:15:03.185+0000] {processor.py:183} INFO - Processing /home/airflow/.local/lib/python3.8/site-packages/airflow/example_dags/example_dag_decorator.py took 0.750 seconds
[2025-09-21T12:15:34.182+0000] {processor.py:161} INFO - Started process (PID=3420) to work on /home/airflow/.local/lib/python3.8/site-packages/airflow/example_dags/example_dag_decorator.py
[2025-09-21T12:15:34.185+0000] {processor.py:830} INFO - Processing file /home/airflow/.local/lib/python3.8/site-packages/airflow/example_dags/example_dag_decorator.py for tasks to queue
[2025-09-21T12:15:34.190+0000] {logging_mixin.py:188} INFO - [2025-09-21T12:15:34.189+0000] {dagbag.py:538} INFO - Filling up the DagBag from /home/airflow/.local/lib/python3.8/site-packages/airflow/example_dags/example_dag_decorator.py
[2025-09-21T12:15:34.439+0000] {processor.py:840} INFO - DAG(s) 'example_dag_decorator' retrieved from /home/airflow/.local/lib/python3.8/site-packages/airflow/example_dags/example_dag_decorator.py
[2025-09-21T12:15:34.700+0000] {logging_mixin.py:188} INFO - [2025-09-21T12:15:34.700+0000] {dag.py:3036} INFO - Sync 1 DAGs
[2025-09-21T12:15:34.730+0000] {logging_mixin.py:188} INFO - [2025-09-21T12:15:34.729+0000] {dag.py:3823} INFO - Setting next_dagrun for example_dag_decorator to None, run_after=None
[2025-09-21T12:15:34.776+0000] {processor.py:183} INFO - Processing /home/airflow/.local/lib/python3.8/site-packages/airflow/example_dags/example_dag_decorator.py took 0.603 seconds
[2025-09-21T12:16:05.721+0000] {processor.py:161} INFO - Started process (PID=3478) to work on /home/airflow/.local/lib/python3.8/site-packages/airflow/example_dags/example_dag_decorator.py
[2025-09-21T12:16:05.724+0000] {processor.py:830} INFO - Processing file /home/airflow/.local/lib/python3.8/site-packages/airflow/example_dags/example_dag_decorator.py for tasks to queue
[2025-09-21T12:16:05.733+0000] {logging_mixin.py:188} INFO - [2025-09-21T12:16:05.731+0000] {dagbag.py:538} INFO - Filling up the DagBag from /home/airflow/.local/lib/python3.8/site-packages/airflow/example_dags/example_dag_decorator.py
[2025-09-21T12:16:05.967+0000] {processor.py:840} INFO - DAG(s) 'example_dag_decorator' retrieved from /home/airflow/.local/lib/python3.8/site-packages/airflow/example_dags/example_dag_decorator.py
[2025-09-21T12:16:06.498+0000] {logging_mixin.py:188} INFO - [2025-09-21T12:16:06.498+0000] {dag.py:3036} INFO - Sync 1 DAGs
[2025-09-21T12:16:06.569+0000] {logging_mixin.py:188} INFO - [2025-09-21T12:16:06.569+0000] {dag.py:3823} INFO - Setting next_dagrun for example_dag_decorator to None, run_after=None
[2025-09-21T12:16:06.662+0000] {processor.py:183} INFO - Processing /home/airflow/.local/lib/python3.8/site-packages/airflow/example_dags/example_dag_decorator.py took 0.954 seconds
[2025-09-21T12:16:37.247+0000] {processor.py:161} INFO - Started process (PID=3537) to work on /home/airflow/.local/lib/python3.8/site-packages/airflow/example_dags/example_dag_decorator.py
[2025-09-21T12:16:37.249+0000] {processor.py:830} INFO - Processing file /home/airflow/.local/lib/python3.8/site-packages/airflow/example_dags/example_dag_decorator.py for tasks to queue
[2025-09-21T12:16:37.254+0000] {logging_mixin.py:188} INFO - [2025-09-21T12:16:37.253+0000] {dagbag.py:538} INFO - Filling up the DagBag from /home/airflow/.local/lib/python3.8/site-packages/airflow/example_dags/example_dag_decorator.py
[2025-09-21T12:16:37.578+0000] {processor.py:840} INFO - DAG(s) 'example_dag_decorator' retrieved from /home/airflow/.local/lib/python3.8/site-packages/airflow/example_dags/example_dag_decorator.py
[2025-09-21T12:16:37.819+0000] {logging_mixin.py:188} INFO - [2025-09-21T12:16:37.818+0000] {dag.py:3036} INFO - Sync 1 DAGs
[2025-09-21T12:16:37.876+0000] {logging_mixin.py:188} INFO - [2025-09-21T12:16:37.875+0000] {dag.py:3823} INFO - Setting next_dagrun for example_dag_decorator to None, run_after=None
[2025-09-21T12:16:37.997+0000] {processor.py:183} INFO - Processing /home/airflow/.local/lib/python3.8/site-packages/airflow/example_dags/example_dag_decorator.py took 0.761 seconds
[2025-09-21T12:17:08.620+0000] {processor.py:161} INFO - Started process (PID=3595) to work on /home/airflow/.local/lib/python3.8/site-packages/airflow/example_dags/example_dag_decorator.py
[2025-09-21T12:17:08.622+0000] {processor.py:830} INFO - Processing file /home/airflow/.local/lib/python3.8/site-packages/airflow/example_dags/example_dag_decorator.py for tasks to queue
[2025-09-21T12:17:08.625+0000] {logging_mixin.py:188} INFO - [2025-09-21T12:17:08.625+0000] {dagbag.py:538} INFO - Filling up the DagBag from /home/airflow/.local/lib/python3.8/site-packages/airflow/example_dags/example_dag_decorator.py
[2025-09-21T12:17:08.887+0000] {processor.py:840} INFO - DAG(s) 'example_dag_decorator' retrieved from /home/airflow/.local/lib/python3.8/site-packages/airflow/example_dags/example_dag_decorator.py
[2025-09-21T12:17:09.231+0000] {logging_mixin.py:188} INFO - [2025-09-21T12:17:09.231+0000] {dag.py:3036} INFO - Sync 1 DAGs
[2025-09-21T12:17:09.267+0000] {logging_mixin.py:188} INFO - [2025-09-21T12:17:09.266+0000] {dag.py:3823} INFO - Setting next_dagrun for example_dag_decorator to None, run_after=None
[2025-09-21T12:17:09.331+0000] {processor.py:183} INFO - Processing /home/airflow/.local/lib/python3.8/site-packages/airflow/example_dags/example_dag_decorator.py took 0.719 seconds
[2025-09-21T12:17:39.888+0000] {processor.py:161} INFO - Started process (PID=3652) to work on /home/airflow/.local/lib/python3.8/site-packages/airflow/example_dags/example_dag_decorator.py
[2025-09-21T12:17:39.890+0000] {processor.py:830} INFO - Processing file /home/airflow/.local/lib/python3.8/site-packages/airflow/example_dags/example_dag_decorator.py for tasks to queue
[2025-09-21T12:17:39.896+0000] {logging_mixin.py:188} INFO - [2025-09-21T12:17:39.895+0000] {dagbag.py:538} INFO - Filling up the DagBag from /home/airflow/.local/lib/python3.8/site-packages/airflow/example_dags/example_dag_decorator.py
[2025-09-21T12:17:40.208+0000] {processor.py:840} INFO - DAG(s) 'example_dag_decorator' retrieved from /home/airflow/.local/lib/python3.8/site-packages/airflow/example_dags/example_dag_decorator.py
[2025-09-21T12:17:40.548+0000] {logging_mixin.py:188} INFO - [2025-09-21T12:17:40.548+0000] {dag.py:3036} INFO - Sync 1 DAGs
[2025-09-21T12:17:40.585+0000] {logging_mixin.py:188} INFO - [2025-09-21T12:17:40.584+0000] {dag.py:3823} INFO - Setting next_dagrun for example_dag_decorator to None, run_after=None
[2025-09-21T12:17:40.640+0000] {processor.py:183} INFO - Processing /home/airflow/.local/lib/python3.8/site-packages/airflow/example_dags/example_dag_decorator.py took 0.763 seconds
[2025-09-21T12:18:11.161+0000] {processor.py:161} INFO - Started process (PID=3709) to work on /home/airflow/.local/lib/python3.8/site-packages/airflow/example_dags/example_dag_decorator.py
[2025-09-21T12:18:11.163+0000] {processor.py:830} INFO - Processing file /home/airflow/.local/lib/python3.8/site-packages/airflow/example_dags/example_dag_decorator.py for tasks to queue
[2025-09-21T12:18:11.170+0000] {logging_mixin.py:188} INFO - [2025-09-21T12:18:11.170+0000] {dagbag.py:538} INFO - Filling up the DagBag from /home/airflow/.local/lib/python3.8/site-packages/airflow/example_dags/example_dag_decorator.py
[2025-09-21T12:18:11.406+0000] {processor.py:840} INFO - DAG(s) 'example_dag_decorator' retrieved from /home/airflow/.local/lib/python3.8/site-packages/airflow/example_dags/example_dag_decorator.py
[2025-09-21T12:18:11.649+0000] {logging_mixin.py:188} INFO - [2025-09-21T12:18:11.648+0000] {dag.py:3036} INFO - Sync 1 DAGs
[2025-09-21T12:18:11.677+0000] {logging_mixin.py:188} INFO - [2025-09-21T12:18:11.676+0000] {dag.py:3823} INFO - Setting next_dagrun for example_dag_decorator to None, run_after=None
[2025-09-21T12:18:11.717+0000] {processor.py:183} INFO - Processing /home/airflow/.local/lib/python3.8/site-packages/airflow/example_dags/example_dag_decorator.py took 0.569 seconds
[2025-09-21T12:18:41.942+0000] {processor.py:161} INFO - Started process (PID=3767) to work on /home/airflow/.local/lib/python3.8/site-packages/airflow/example_dags/example_dag_decorator.py
[2025-09-21T12:18:41.944+0000] {processor.py:830} INFO - Processing file /home/airflow/.local/lib/python3.8/site-packages/airflow/example_dags/example_dag_decorator.py for tasks to queue
[2025-09-21T12:18:41.948+0000] {logging_mixin.py:188} INFO - [2025-09-21T12:18:41.947+0000] {dagbag.py:538} INFO - Filling up the DagBag from /home/airflow/.local/lib/python3.8/site-packages/airflow/example_dags/example_dag_decorator.py
[2025-09-21T12:18:42.153+0000] {processor.py:840} INFO - DAG(s) 'example_dag_decorator' retrieved from /home/airflow/.local/lib/python3.8/site-packages/airflow/example_dags/example_dag_decorator.py
[2025-09-21T12:18:42.199+0000] {logging_mixin.py:188} INFO - [2025-09-21T12:18:42.198+0000] {dag.py:3036} INFO - Sync 1 DAGs
[2025-09-21T12:18:42.223+0000] {logging_mixin.py:188} INFO - [2025-09-21T12:18:42.222+0000] {dag.py:3823} INFO - Setting next_dagrun for example_dag_decorator to None, run_after=None
[2025-09-21T12:18:42.269+0000] {processor.py:183} INFO - Processing /home/airflow/.local/lib/python3.8/site-packages/airflow/example_dags/example_dag_decorator.py took 0.333 seconds
[2025-09-21T12:21:55.964+0000] {processor.py:161} INFO - Started process (PID=81) to work on /home/airflow/.local/lib/python3.8/site-packages/airflow/example_dags/example_dag_decorator.py
[2025-09-21T12:21:55.967+0000] {processor.py:830} INFO - Processing file /home/airflow/.local/lib/python3.8/site-packages/airflow/example_dags/example_dag_decorator.py for tasks to queue
[2025-09-21T12:21:55.970+0000] {logging_mixin.py:188} INFO - [2025-09-21T12:21:55.969+0000] {dagbag.py:538} INFO - Filling up the DagBag from /home/airflow/.local/lib/python3.8/site-packages/airflow/example_dags/example_dag_decorator.py
[2025-09-21T12:21:56.442+0000] {processor.py:840} INFO - DAG(s) 'example_dag_decorator' retrieved from /home/airflow/.local/lib/python3.8/site-packages/airflow/example_dags/example_dag_decorator.py
[2025-09-21T12:21:56.691+0000] {logging_mixin.py:188} INFO - [2025-09-21T12:21:56.690+0000] {override.py:1769} INFO - Created Permission View: can delete on DAG:example_dag_decorator
[2025-09-21T12:21:56.714+0000] {logging_mixin.py:188} INFO - [2025-09-21T12:21:56.714+0000] {override.py:1769} INFO - Created Permission View: can edit on DAG:example_dag_decorator
[2025-09-21T12:21:56.729+0000] {logging_mixin.py:188} INFO - [2025-09-21T12:21:56.728+0000] {override.py:1769} INFO - Created Permission View: can read on DAG:example_dag_decorator
[2025-09-21T12:21:56.730+0000] {logging_mixin.py:188} INFO - [2025-09-21T12:21:56.730+0000] {dag.py:3036} INFO - Sync 1 DAGs
[2025-09-21T12:21:56.754+0000] {logging_mixin.py:188} INFO - [2025-09-21T12:21:56.753+0000] {dag.py:3058} INFO - Creating ORM DAG for example_dag_decorator
[2025-09-21T12:21:56.756+0000] {logging_mixin.py:188} INFO - [2025-09-21T12:21:56.755+0000] {dag.py:3823} INFO - Setting next_dagrun for example_dag_decorator to None, run_after=None
[2025-09-21T12:21:56.791+0000] {processor.py:183} INFO - Processing /home/airflow/.local/lib/python3.8/site-packages/airflow/example_dags/example_dag_decorator.py took 0.833 seconds
[2025-09-21T12:22:27.723+0000] {processor.py:161} INFO - Started process (PID=139) to work on /home/airflow/.local/lib/python3.8/site-packages/airflow/example_dags/example_dag_decorator.py
[2025-09-21T12:22:27.727+0000] {processor.py:830} INFO - Processing file /home/airflow/.local/lib/python3.8/site-packages/airflow/example_dags/example_dag_decorator.py for tasks to queue
[2025-09-21T12:22:27.732+0000] {logging_mixin.py:188} INFO - [2025-09-21T12:22:27.732+0000] {dagbag.py:538} INFO - Filling up the DagBag from /home/airflow/.local/lib/python3.8/site-packages/airflow/example_dags/example_dag_decorator.py
[2025-09-21T12:22:28.071+0000] {processor.py:840} INFO - DAG(s) 'example_dag_decorator' retrieved from /home/airflow/.local/lib/python3.8/site-packages/airflow/example_dags/example_dag_decorator.py
[2025-09-21T12:22:28.346+0000] {logging_mixin.py:188} INFO - [2025-09-21T12:22:28.345+0000] {dag.py:3036} INFO - Sync 1 DAGs
[2025-09-21T12:22:28.366+0000] {logging_mixin.py:188} INFO - [2025-09-21T12:22:28.366+0000] {dag.py:3823} INFO - Setting next_dagrun for example_dag_decorator to None, run_after=None
[2025-09-21T12:22:28.411+0000] {processor.py:183} INFO - Processing /home/airflow/.local/lib/python3.8/site-packages/airflow/example_dags/example_dag_decorator.py took 0.699 seconds
[2025-09-21T12:22:59.451+0000] {processor.py:161} INFO - Started process (PID=197) to work on /home/airflow/.local/lib/python3.8/site-packages/airflow/example_dags/example_dag_decorator.py
[2025-09-21T12:22:59.454+0000] {processor.py:830} INFO - Processing file /home/airflow/.local/lib/python3.8/site-packages/airflow/example_dags/example_dag_decorator.py for tasks to queue
[2025-09-21T12:22:59.459+0000] {logging_mixin.py:188} INFO - [2025-09-21T12:22:59.458+0000] {dagbag.py:538} INFO - Filling up the DagBag from /home/airflow/.local/lib/python3.8/site-packages/airflow/example_dags/example_dag_decorator.py
[2025-09-21T12:22:59.712+0000] {processor.py:840} INFO - DAG(s) 'example_dag_decorator' retrieved from /home/airflow/.local/lib/python3.8/site-packages/airflow/example_dags/example_dag_decorator.py
[2025-09-21T12:22:59.989+0000] {logging_mixin.py:188} INFO - [2025-09-21T12:22:59.989+0000] {dag.py:3036} INFO - Sync 1 DAGs
[2025-09-21T12:23:00.009+0000] {logging_mixin.py:188} INFO - [2025-09-21T12:23:00.009+0000] {dag.py:3823} INFO - Setting next_dagrun for example_dag_decorator to None, run_after=None
[2025-09-21T12:23:00.068+0000] {processor.py:183} INFO - Processing /home/airflow/.local/lib/python3.8/site-packages/airflow/example_dags/example_dag_decorator.py took 0.629 seconds
[2025-09-21T12:23:30.274+0000] {processor.py:161} INFO - Started process (PID=254) to work on /home/airflow/.local/lib/python3.8/site-packages/airflow/example_dags/example_dag_decorator.py
[2025-09-21T12:23:30.284+0000] {processor.py:830} INFO - Processing file /home/airflow/.local/lib/python3.8/site-packages/airflow/example_dags/example_dag_decorator.py for tasks to queue
[2025-09-21T12:23:30.295+0000] {logging_mixin.py:188} INFO - [2025-09-21T12:23:30.293+0000] {dagbag.py:538} INFO - Filling up the DagBag from /home/airflow/.local/lib/python3.8/site-packages/airflow/example_dags/example_dag_decorator.py
[2025-09-21T12:23:30.638+0000] {processor.py:840} INFO - DAG(s) 'example_dag_decorator' retrieved from /home/airflow/.local/lib/python3.8/site-packages/airflow/example_dags/example_dag_decorator.py
[2025-09-21T12:23:30.879+0000] {logging_mixin.py:188} INFO - [2025-09-21T12:23:30.878+0000] {dag.py:3036} INFO - Sync 1 DAGs
[2025-09-21T12:23:30.899+0000] {logging_mixin.py:188} INFO - [2025-09-21T12:23:30.899+0000] {dag.py:3823} INFO - Setting next_dagrun for example_dag_decorator to None, run_after=None
[2025-09-21T12:23:30.946+0000] {processor.py:183} INFO - Processing /home/airflow/.local/lib/python3.8/site-packages/airflow/example_dags/example_dag_decorator.py took 0.690 seconds
[2025-09-21T12:24:01.392+0000] {processor.py:161} INFO - Started process (PID=311) to work on /home/airflow/.local/lib/python3.8/site-packages/airflow/example_dags/example_dag_decorator.py
[2025-09-21T12:24:01.396+0000] {processor.py:830} INFO - Processing file /home/airflow/.local/lib/python3.8/site-packages/airflow/example_dags/example_dag_decorator.py for tasks to queue
[2025-09-21T12:24:01.403+0000] {logging_mixin.py:188} INFO - [2025-09-21T12:24:01.402+0000] {dagbag.py:538} INFO - Filling up the DagBag from /home/airflow/.local/lib/python3.8/site-packages/airflow/example_dags/example_dag_decorator.py
[2025-09-21T12:24:01.683+0000] {processor.py:840} INFO - DAG(s) 'example_dag_decorator' retrieved from /home/airflow/.local/lib/python3.8/site-packages/airflow/example_dags/example_dag_decorator.py
[2025-09-21T12:24:01.885+0000] {logging_mixin.py:188} INFO - [2025-09-21T12:24:01.885+0000] {dag.py:3036} INFO - Sync 1 DAGs
[2025-09-21T12:24:01.914+0000] {logging_mixin.py:188} INFO - [2025-09-21T12:24:01.913+0000] {dag.py:3823} INFO - Setting next_dagrun for example_dag_decorator to None, run_after=None
[2025-09-21T12:24:01.959+0000] {processor.py:183} INFO - Processing /home/airflow/.local/lib/python3.8/site-packages/airflow/example_dags/example_dag_decorator.py took 0.580 seconds
[2025-09-21T12:24:32.055+0000] {processor.py:161} INFO - Started process (PID=369) to work on /home/airflow/.local/lib/python3.8/site-packages/airflow/example_dags/example_dag_decorator.py
[2025-09-21T12:24:32.058+0000] {processor.py:830} INFO - Processing file /home/airflow/.local/lib/python3.8/site-packages/airflow/example_dags/example_dag_decorator.py for tasks to queue
[2025-09-21T12:24:32.063+0000] {logging_mixin.py:188} INFO - [2025-09-21T12:24:32.062+0000] {dagbag.py:538} INFO - Filling up the DagBag from /home/airflow/.local/lib/python3.8/site-packages/airflow/example_dags/example_dag_decorator.py
[2025-09-21T12:24:32.295+0000] {processor.py:840} INFO - DAG(s) 'example_dag_decorator' retrieved from /home/airflow/.local/lib/python3.8/site-packages/airflow/example_dags/example_dag_decorator.py
[2025-09-21T12:24:32.519+0000] {logging_mixin.py:188} INFO - [2025-09-21T12:24:32.517+0000] {dag.py:3036} INFO - Sync 1 DAGs
[2025-09-21T12:24:32.566+0000] {logging_mixin.py:188} INFO - [2025-09-21T12:24:32.565+0000] {dag.py:3823} INFO - Setting next_dagrun for example_dag_decorator to None, run_after=None
[2025-09-21T12:24:32.641+0000] {processor.py:183} INFO - Processing /home/airflow/.local/lib/python3.8/site-packages/airflow/example_dags/example_dag_decorator.py took 0.593 seconds
[2025-09-21T12:25:02.842+0000] {processor.py:161} INFO - Started process (PID=429) to work on /home/airflow/.local/lib/python3.8/site-packages/airflow/example_dags/example_dag_decorator.py
[2025-09-21T12:25:02.844+0000] {processor.py:830} INFO - Processing file /home/airflow/.local/lib/python3.8/site-packages/airflow/example_dags/example_dag_decorator.py for tasks to queue
[2025-09-21T12:25:02.848+0000] {logging_mixin.py:188} INFO - [2025-09-21T12:25:02.847+0000] {dagbag.py:538} INFO - Filling up the DagBag from /home/airflow/.local/lib/python3.8/site-packages/airflow/example_dags/example_dag_decorator.py
[2025-09-21T12:25:03.080+0000] {processor.py:840} INFO - DAG(s) 'example_dag_decorator' retrieved from /home/airflow/.local/lib/python3.8/site-packages/airflow/example_dags/example_dag_decorator.py
[2025-09-21T12:25:03.308+0000] {logging_mixin.py:188} INFO - [2025-09-21T12:25:03.307+0000] {dag.py:3036} INFO - Sync 1 DAGs
[2025-09-21T12:25:03.330+0000] {logging_mixin.py:188} INFO - [2025-09-21T12:25:03.330+0000] {dag.py:3823} INFO - Setting next_dagrun for example_dag_decorator to None, run_after=None
[2025-09-21T12:25:03.370+0000] {processor.py:183} INFO - Processing /home/airflow/.local/lib/python3.8/site-packages/airflow/example_dags/example_dag_decorator.py took 0.538 seconds
[2025-09-21T12:25:33.501+0000] {processor.py:161} INFO - Started process (PID=487) to work on /home/airflow/.local/lib/python3.8/site-packages/airflow/example_dags/example_dag_decorator.py
[2025-09-21T12:25:33.504+0000] {processor.py:830} INFO - Processing file /home/airflow/.local/lib/python3.8/site-packages/airflow/example_dags/example_dag_decorator.py for tasks to queue
[2025-09-21T12:25:33.508+0000] {logging_mixin.py:188} INFO - [2025-09-21T12:25:33.507+0000] {dagbag.py:538} INFO - Filling up the DagBag from /home/airflow/.local/lib/python3.8/site-packages/airflow/example_dags/example_dag_decorator.py
[2025-09-21T12:25:33.750+0000] {processor.py:840} INFO - DAG(s) 'example_dag_decorator' retrieved from /home/airflow/.local/lib/python3.8/site-packages/airflow/example_dags/example_dag_decorator.py
[2025-09-21T12:25:33.861+0000] {logging_mixin.py:188} INFO - [2025-09-21T12:25:33.860+0000] {dag.py:3036} INFO - Sync 1 DAGs
[2025-09-21T12:25:33.895+0000] {logging_mixin.py:188} INFO - [2025-09-21T12:25:33.894+0000] {dag.py:3823} INFO - Setting next_dagrun for example_dag_decorator to None, run_after=None
[2025-09-21T12:25:33.946+0000] {processor.py:183} INFO - Processing /home/airflow/.local/lib/python3.8/site-packages/airflow/example_dags/example_dag_decorator.py took 0.453 seconds
[2025-09-21T12:26:04.029+0000] {processor.py:161} INFO - Started process (PID=545) to work on /home/airflow/.local/lib/python3.8/site-packages/airflow/example_dags/example_dag_decorator.py
[2025-09-21T12:26:04.031+0000] {processor.py:830} INFO - Processing file /home/airflow/.local/lib/python3.8/site-packages/airflow/example_dags/example_dag_decorator.py for tasks to queue
[2025-09-21T12:26:04.035+0000] {logging_mixin.py:188} INFO - [2025-09-21T12:26:04.034+0000] {dagbag.py:538} INFO - Filling up the DagBag from /home/airflow/.local/lib/python3.8/site-packages/airflow/example_dags/example_dag_decorator.py
[2025-09-21T12:26:04.294+0000] {processor.py:840} INFO - DAG(s) 'example_dag_decorator' retrieved from /home/airflow/.local/lib/python3.8/site-packages/airflow/example_dags/example_dag_decorator.py
[2025-09-21T12:26:04.371+0000] {logging_mixin.py:188} INFO - [2025-09-21T12:26:04.370+0000] {dag.py:3036} INFO - Sync 1 DAGs
[2025-09-21T12:26:04.414+0000] {logging_mixin.py:188} INFO - [2025-09-21T12:26:04.413+0000] {dag.py:3823} INFO - Setting next_dagrun for example_dag_decorator to None, run_after=None
[2025-09-21T12:26:04.473+0000] {processor.py:183} INFO - Processing /home/airflow/.local/lib/python3.8/site-packages/airflow/example_dags/example_dag_decorator.py took 0.450 seconds
[2025-09-21T12:26:35.505+0000] {processor.py:161} INFO - Started process (PID=603) to work on /home/airflow/.local/lib/python3.8/site-packages/airflow/example_dags/example_dag_decorator.py
[2025-09-21T12:26:35.510+0000] {processor.py:830} INFO - Processing file /home/airflow/.local/lib/python3.8/site-packages/airflow/example_dags/example_dag_decorator.py for tasks to queue
[2025-09-21T12:26:35.517+0000] {logging_mixin.py:188} INFO - [2025-09-21T12:26:35.516+0000] {dagbag.py:538} INFO - Filling up the DagBag from /home/airflow/.local/lib/python3.8/site-packages/airflow/example_dags/example_dag_decorator.py
[2025-09-21T12:26:35.960+0000] {processor.py:840} INFO - DAG(s) 'example_dag_decorator' retrieved from /home/airflow/.local/lib/python3.8/site-packages/airflow/example_dags/example_dag_decorator.py
[2025-09-21T12:26:36.455+0000] {logging_mixin.py:188} INFO - [2025-09-21T12:26:36.454+0000] {dag.py:3036} INFO - Sync 1 DAGs
[2025-09-21T12:26:36.507+0000] {logging_mixin.py:188} INFO - [2025-09-21T12:26:36.506+0000] {dag.py:3823} INFO - Setting next_dagrun for example_dag_decorator to None, run_after=None
[2025-09-21T12:26:36.597+0000] {processor.py:183} INFO - Processing /home/airflow/.local/lib/python3.8/site-packages/airflow/example_dags/example_dag_decorator.py took 1.105 seconds
[2025-09-21T12:27:06.842+0000] {processor.py:161} INFO - Started process (PID=663) to work on /home/airflow/.local/lib/python3.8/site-packages/airflow/example_dags/example_dag_decorator.py
[2025-09-21T12:27:06.844+0000] {processor.py:830} INFO - Processing file /home/airflow/.local/lib/python3.8/site-packages/airflow/example_dags/example_dag_decorator.py for tasks to queue
[2025-09-21T12:27:06.848+0000] {logging_mixin.py:188} INFO - [2025-09-21T12:27:06.848+0000] {dagbag.py:538} INFO - Filling up the DagBag from /home/airflow/.local/lib/python3.8/site-packages/airflow/example_dags/example_dag_decorator.py
[2025-09-21T12:27:07.119+0000] {processor.py:840} INFO - DAG(s) 'example_dag_decorator' retrieved from /home/airflow/.local/lib/python3.8/site-packages/airflow/example_dags/example_dag_decorator.py
[2025-09-21T12:27:07.383+0000] {logging_mixin.py:188} INFO - [2025-09-21T12:27:07.382+0000] {dag.py:3036} INFO - Sync 1 DAGs
[2025-09-21T12:27:07.417+0000] {logging_mixin.py:188} INFO - [2025-09-21T12:27:07.416+0000] {dag.py:3823} INFO - Setting next_dagrun for example_dag_decorator to None, run_after=None
[2025-09-21T12:27:07.493+0000] {processor.py:183} INFO - Processing /home/airflow/.local/lib/python3.8/site-packages/airflow/example_dags/example_dag_decorator.py took 0.659 seconds
[2025-09-21T12:27:38.079+0000] {processor.py:161} INFO - Started process (PID=722) to work on /home/airflow/.local/lib/python3.8/site-packages/airflow/example_dags/example_dag_decorator.py
[2025-09-21T12:27:38.085+0000] {processor.py:830} INFO - Processing file /home/airflow/.local/lib/python3.8/site-packages/airflow/example_dags/example_dag_decorator.py for tasks to queue
[2025-09-21T12:27:38.094+0000] {logging_mixin.py:188} INFO - [2025-09-21T12:27:38.092+0000] {dagbag.py:538} INFO - Filling up the DagBag from /home/airflow/.local/lib/python3.8/site-packages/airflow/example_dags/example_dag_decorator.py
[2025-09-21T12:27:38.562+0000] {processor.py:840} INFO - DAG(s) 'example_dag_decorator' retrieved from /home/airflow/.local/lib/python3.8/site-packages/airflow/example_dags/example_dag_decorator.py
[2025-09-21T12:27:38.889+0000] {logging_mixin.py:188} INFO - [2025-09-21T12:27:38.888+0000] {dag.py:3036} INFO - Sync 1 DAGs
[2025-09-21T12:27:38.926+0000] {logging_mixin.py:188} INFO - [2025-09-21T12:27:38.926+0000] {dag.py:3823} INFO - Setting next_dagrun for example_dag_decorator to None, run_after=None
[2025-09-21T12:27:38.986+0000] {processor.py:183} INFO - Processing /home/airflow/.local/lib/python3.8/site-packages/airflow/example_dags/example_dag_decorator.py took 0.922 seconds
[2025-09-21T12:28:09.250+0000] {processor.py:161} INFO - Started process (PID=781) to work on /home/airflow/.local/lib/python3.8/site-packages/airflow/example_dags/example_dag_decorator.py
[2025-09-21T12:28:09.255+0000] {processor.py:830} INFO - Processing file /home/airflow/.local/lib/python3.8/site-packages/airflow/example_dags/example_dag_decorator.py for tasks to queue
[2025-09-21T12:28:09.263+0000] {logging_mixin.py:188} INFO - [2025-09-21T12:28:09.261+0000] {dagbag.py:538} INFO - Filling up the DagBag from /home/airflow/.local/lib/python3.8/site-packages/airflow/example_dags/example_dag_decorator.py
[2025-09-21T12:28:09.591+0000] {processor.py:840} INFO - DAG(s) 'example_dag_decorator' retrieved from /home/airflow/.local/lib/python3.8/site-packages/airflow/example_dags/example_dag_decorator.py
[2025-09-21T12:28:09.846+0000] {logging_mixin.py:188} INFO - [2025-09-21T12:28:09.846+0000] {dag.py:3036} INFO - Sync 1 DAGs
[2025-09-21T12:28:09.868+0000] {logging_mixin.py:188} INFO - [2025-09-21T12:28:09.867+0000] {dag.py:3823} INFO - Setting next_dagrun for example_dag_decorator to None, run_after=None
[2025-09-21T12:28:09.910+0000] {processor.py:183} INFO - Processing /home/airflow/.local/lib/python3.8/site-packages/airflow/example_dags/example_dag_decorator.py took 0.674 seconds
[2025-09-21T12:28:40.237+0000] {processor.py:161} INFO - Started process (PID=841) to work on /home/airflow/.local/lib/python3.8/site-packages/airflow/example_dags/example_dag_decorator.py
[2025-09-21T12:28:40.240+0000] {processor.py:830} INFO - Processing file /home/airflow/.local/lib/python3.8/site-packages/airflow/example_dags/example_dag_decorator.py for tasks to queue
[2025-09-21T12:28:40.243+0000] {logging_mixin.py:188} INFO - [2025-09-21T12:28:40.243+0000] {dagbag.py:538} INFO - Filling up the DagBag from /home/airflow/.local/lib/python3.8/site-packages/airflow/example_dags/example_dag_decorator.py
[2025-09-21T12:28:40.485+0000] {processor.py:840} INFO - DAG(s) 'example_dag_decorator' retrieved from /home/airflow/.local/lib/python3.8/site-packages/airflow/example_dags/example_dag_decorator.py
[2025-09-21T12:28:40.779+0000] {logging_mixin.py:188} INFO - [2025-09-21T12:28:40.778+0000] {dag.py:3036} INFO - Sync 1 DAGs
[2025-09-21T12:28:40.806+0000] {logging_mixin.py:188} INFO - [2025-09-21T12:28:40.805+0000] {dag.py:3823} INFO - Setting next_dagrun for example_dag_decorator to None, run_after=None
[2025-09-21T12:28:40.872+0000] {processor.py:183} INFO - Processing /home/airflow/.local/lib/python3.8/site-packages/airflow/example_dags/example_dag_decorator.py took 0.641 seconds
[2025-09-21T12:29:11.537+0000] {processor.py:161} INFO - Started process (PID=899) to work on /home/airflow/.local/lib/python3.8/site-packages/airflow/example_dags/example_dag_decorator.py
[2025-09-21T12:29:11.549+0000] {processor.py:830} INFO - Processing file /home/airflow/.local/lib/python3.8/site-packages/airflow/example_dags/example_dag_decorator.py for tasks to queue
[2025-09-21T12:29:11.553+0000] {logging_mixin.py:188} INFO - [2025-09-21T12:29:11.553+0000] {dagbag.py:538} INFO - Filling up the DagBag from /home/airflow/.local/lib/python3.8/site-packages/airflow/example_dags/example_dag_decorator.py
[2025-09-21T12:29:11.997+0000] {processor.py:840} INFO - DAG(s) 'example_dag_decorator' retrieved from /home/airflow/.local/lib/python3.8/site-packages/airflow/example_dags/example_dag_decorator.py
[2025-09-21T12:29:12.489+0000] {logging_mixin.py:188} INFO - [2025-09-21T12:29:12.489+0000] {dag.py:3036} INFO - Sync 1 DAGs
[2025-09-21T12:29:12.610+0000] {logging_mixin.py:188} INFO - [2025-09-21T12:29:12.609+0000] {dag.py:3823} INFO - Setting next_dagrun for example_dag_decorator to None, run_after=None
[2025-09-21T12:29:12.720+0000] {processor.py:183} INFO - Processing /home/airflow/.local/lib/python3.8/site-packages/airflow/example_dags/example_dag_decorator.py took 1.199 seconds
[2025-09-21T12:29:43.530+0000] {processor.py:161} INFO - Started process (PID=958) to work on /home/airflow/.local/lib/python3.8/site-packages/airflow/example_dags/example_dag_decorator.py
[2025-09-21T12:29:43.536+0000] {processor.py:830} INFO - Processing file /home/airflow/.local/lib/python3.8/site-packages/airflow/example_dags/example_dag_decorator.py for tasks to queue
[2025-09-21T12:29:43.544+0000] {logging_mixin.py:188} INFO - [2025-09-21T12:29:43.543+0000] {dagbag.py:538} INFO - Filling up the DagBag from /home/airflow/.local/lib/python3.8/site-packages/airflow/example_dags/example_dag_decorator.py
[2025-09-21T12:29:43.983+0000] {processor.py:840} INFO - DAG(s) 'example_dag_decorator' retrieved from /home/airflow/.local/lib/python3.8/site-packages/airflow/example_dags/example_dag_decorator.py
[2025-09-21T12:29:44.247+0000] {logging_mixin.py:188} INFO - [2025-09-21T12:29:44.246+0000] {dag.py:3036} INFO - Sync 1 DAGs
[2025-09-21T12:29:44.274+0000] {logging_mixin.py:188} INFO - [2025-09-21T12:29:44.273+0000] {dag.py:3823} INFO - Setting next_dagrun for example_dag_decorator to None, run_after=None
[2025-09-21T12:29:44.317+0000] {processor.py:183} INFO - Processing /home/airflow/.local/lib/python3.8/site-packages/airflow/example_dags/example_dag_decorator.py took 0.801 seconds
[2025-09-21T12:30:14.461+0000] {processor.py:161} INFO - Started process (PID=1018) to work on /home/airflow/.local/lib/python3.8/site-packages/airflow/example_dags/example_dag_decorator.py
[2025-09-21T12:30:14.463+0000] {processor.py:830} INFO - Processing file /home/airflow/.local/lib/python3.8/site-packages/airflow/example_dags/example_dag_decorator.py for tasks to queue
[2025-09-21T12:30:14.467+0000] {logging_mixin.py:188} INFO - [2025-09-21T12:30:14.466+0000] {dagbag.py:538} INFO - Filling up the DagBag from /home/airflow/.local/lib/python3.8/site-packages/airflow/example_dags/example_dag_decorator.py
[2025-09-21T12:30:14.699+0000] {processor.py:840} INFO - DAG(s) 'example_dag_decorator' retrieved from /home/airflow/.local/lib/python3.8/site-packages/airflow/example_dags/example_dag_decorator.py
[2025-09-21T12:30:14.961+0000] {logging_mixin.py:188} INFO - [2025-09-21T12:30:14.960+0000] {dag.py:3036} INFO - Sync 1 DAGs
[2025-09-21T12:30:14.989+0000] {logging_mixin.py:188} INFO - [2025-09-21T12:30:14.989+0000] {dag.py:3823} INFO - Setting next_dagrun for example_dag_decorator to None, run_after=None
[2025-09-21T12:30:15.038+0000] {processor.py:183} INFO - Processing /home/airflow/.local/lib/python3.8/site-packages/airflow/example_dags/example_dag_decorator.py took 0.583 seconds
[2025-09-21T12:30:45.350+0000] {processor.py:161} INFO - Started process (PID=1077) to work on /home/airflow/.local/lib/python3.8/site-packages/airflow/example_dags/example_dag_decorator.py
[2025-09-21T12:30:45.356+0000] {processor.py:830} INFO - Processing file /home/airflow/.local/lib/python3.8/site-packages/airflow/example_dags/example_dag_decorator.py for tasks to queue
[2025-09-21T12:30:45.369+0000] {logging_mixin.py:188} INFO - [2025-09-21T12:30:45.367+0000] {dagbag.py:538} INFO - Filling up the DagBag from /home/airflow/.local/lib/python3.8/site-packages/airflow/example_dags/example_dag_decorator.py
[2025-09-21T12:30:45.674+0000] {processor.py:840} INFO - DAG(s) 'example_dag_decorator' retrieved from /home/airflow/.local/lib/python3.8/site-packages/airflow/example_dags/example_dag_decorator.py
[2025-09-21T12:30:46.198+0000] {logging_mixin.py:188} INFO - [2025-09-21T12:30:46.197+0000] {dag.py:3036} INFO - Sync 1 DAGs
[2025-09-21T12:30:46.256+0000] {logging_mixin.py:188} INFO - [2025-09-21T12:30:46.255+0000] {dag.py:3823} INFO - Setting next_dagrun for example_dag_decorator to None, run_after=None
[2025-09-21T12:30:46.354+0000] {processor.py:183} INFO - Processing /home/airflow/.local/lib/python3.8/site-packages/airflow/example_dags/example_dag_decorator.py took 1.019 seconds
[2025-09-21T12:31:17.172+0000] {processor.py:161} INFO - Started process (PID=1136) to work on /home/airflow/.local/lib/python3.8/site-packages/airflow/example_dags/example_dag_decorator.py
[2025-09-21T12:31:17.175+0000] {processor.py:830} INFO - Processing file /home/airflow/.local/lib/python3.8/site-packages/airflow/example_dags/example_dag_decorator.py for tasks to queue
[2025-09-21T12:31:17.180+0000] {logging_mixin.py:188} INFO - [2025-09-21T12:31:17.179+0000] {dagbag.py:538} INFO - Filling up the DagBag from /home/airflow/.local/lib/python3.8/site-packages/airflow/example_dags/example_dag_decorator.py
[2025-09-21T12:31:17.433+0000] {processor.py:840} INFO - DAG(s) 'example_dag_decorator' retrieved from /home/airflow/.local/lib/python3.8/site-packages/airflow/example_dags/example_dag_decorator.py
[2025-09-21T12:31:17.700+0000] {logging_mixin.py:188} INFO - [2025-09-21T12:31:17.700+0000] {dag.py:3036} INFO - Sync 1 DAGs
[2025-09-21T12:31:17.728+0000] {logging_mixin.py:188} INFO - [2025-09-21T12:31:17.727+0000] {dag.py:3823} INFO - Setting next_dagrun for example_dag_decorator to None, run_after=None
[2025-09-21T12:31:17.806+0000] {processor.py:183} INFO - Processing /home/airflow/.local/lib/python3.8/site-packages/airflow/example_dags/example_dag_decorator.py took 0.641 seconds
[2025-09-21T12:31:48.258+0000] {processor.py:161} INFO - Started process (PID=1196) to work on /home/airflow/.local/lib/python3.8/site-packages/airflow/example_dags/example_dag_decorator.py
[2025-09-21T12:31:48.260+0000] {processor.py:830} INFO - Processing file /home/airflow/.local/lib/python3.8/site-packages/airflow/example_dags/example_dag_decorator.py for tasks to queue
[2025-09-21T12:31:48.268+0000] {logging_mixin.py:188} INFO - [2025-09-21T12:31:48.268+0000] {dagbag.py:538} INFO - Filling up the DagBag from /home/airflow/.local/lib/python3.8/site-packages/airflow/example_dags/example_dag_decorator.py
[2025-09-21T12:31:48.449+0000] {processor.py:840} INFO - DAG(s) 'example_dag_decorator' retrieved from /home/airflow/.local/lib/python3.8/site-packages/airflow/example_dags/example_dag_decorator.py
[2025-09-21T12:31:48.874+0000] {logging_mixin.py:188} INFO - [2025-09-21T12:31:48.873+0000] {dag.py:3036} INFO - Sync 1 DAGs
[2025-09-21T12:31:48.914+0000] {logging_mixin.py:188} INFO - [2025-09-21T12:31:48.914+0000] {dag.py:3823} INFO - Setting next_dagrun for example_dag_decorator to None, run_after=None
[2025-09-21T12:31:48.993+0000] {processor.py:183} INFO - Processing /home/airflow/.local/lib/python3.8/site-packages/airflow/example_dags/example_dag_decorator.py took 0.740 seconds
[2025-09-21T12:32:19.143+0000] {processor.py:161} INFO - Started process (PID=1255) to work on /home/airflow/.local/lib/python3.8/site-packages/airflow/example_dags/example_dag_decorator.py
[2025-09-21T12:32:19.145+0000] {processor.py:830} INFO - Processing file /home/airflow/.local/lib/python3.8/site-packages/airflow/example_dags/example_dag_decorator.py for tasks to queue
[2025-09-21T12:32:19.148+0000] {logging_mixin.py:188} INFO - [2025-09-21T12:32:19.147+0000] {dagbag.py:538} INFO - Filling up the DagBag from /home/airflow/.local/lib/python3.8/site-packages/airflow/example_dags/example_dag_decorator.py
[2025-09-21T12:32:19.335+0000] {processor.py:840} INFO - DAG(s) 'example_dag_decorator' retrieved from /home/airflow/.local/lib/python3.8/site-packages/airflow/example_dags/example_dag_decorator.py
[2025-09-21T12:32:19.808+0000] {logging_mixin.py:188} INFO - [2025-09-21T12:32:19.808+0000] {dag.py:3036} INFO - Sync 1 DAGs
[2025-09-21T12:32:19.828+0000] {logging_mixin.py:188} INFO - [2025-09-21T12:32:19.827+0000] {dag.py:3823} INFO - Setting next_dagrun for example_dag_decorator to None, run_after=None
[2025-09-21T12:32:19.867+0000] {processor.py:183} INFO - Processing /home/airflow/.local/lib/python3.8/site-packages/airflow/example_dags/example_dag_decorator.py took 0.730 seconds
[2025-09-21T12:32:49.972+0000] {processor.py:161} INFO - Started process (PID=1314) to work on /home/airflow/.local/lib/python3.8/site-packages/airflow/example_dags/example_dag_decorator.py
[2025-09-21T12:32:49.974+0000] {processor.py:830} INFO - Processing file /home/airflow/.local/lib/python3.8/site-packages/airflow/example_dags/example_dag_decorator.py for tasks to queue
[2025-09-21T12:32:49.978+0000] {logging_mixin.py:188} INFO - [2025-09-21T12:32:49.977+0000] {dagbag.py:538} INFO - Filling up the DagBag from /home/airflow/.local/lib/python3.8/site-packages/airflow/example_dags/example_dag_decorator.py
[2025-09-21T12:32:50.201+0000] {processor.py:840} INFO - DAG(s) 'example_dag_decorator' retrieved from /home/airflow/.local/lib/python3.8/site-packages/airflow/example_dags/example_dag_decorator.py
[2025-09-21T12:32:50.628+0000] {logging_mixin.py:188} INFO - [2025-09-21T12:32:50.628+0000] {dag.py:3036} INFO - Sync 1 DAGs
[2025-09-21T12:32:50.649+0000] {logging_mixin.py:188} INFO - [2025-09-21T12:32:50.649+0000] {dag.py:3823} INFO - Setting next_dagrun for example_dag_decorator to None, run_after=None
[2025-09-21T12:32:50.684+0000] {processor.py:183} INFO - Processing /home/airflow/.local/lib/python3.8/site-packages/airflow/example_dags/example_dag_decorator.py took 0.720 seconds
[2025-09-21T12:33:21.066+0000] {processor.py:161} INFO - Started process (PID=1373) to work on /home/airflow/.local/lib/python3.8/site-packages/airflow/example_dags/example_dag_decorator.py
[2025-09-21T12:33:21.069+0000] {processor.py:830} INFO - Processing file /home/airflow/.local/lib/python3.8/site-packages/airflow/example_dags/example_dag_decorator.py for tasks to queue
[2025-09-21T12:33:21.073+0000] {logging_mixin.py:188} INFO - [2025-09-21T12:33:21.072+0000] {dagbag.py:538} INFO - Filling up the DagBag from /home/airflow/.local/lib/python3.8/site-packages/airflow/example_dags/example_dag_decorator.py
[2025-09-21T12:33:21.343+0000] {processor.py:840} INFO - DAG(s) 'example_dag_decorator' retrieved from /home/airflow/.local/lib/python3.8/site-packages/airflow/example_dags/example_dag_decorator.py
[2025-09-21T12:33:21.554+0000] {logging_mixin.py:188} INFO - [2025-09-21T12:33:21.553+0000] {dag.py:3036} INFO - Sync 1 DAGs
[2025-09-21T12:33:21.749+0000] {logging_mixin.py:188} INFO - [2025-09-21T12:33:21.748+0000] {dag.py:3823} INFO - Setting next_dagrun for example_dag_decorator to None, run_after=None
[2025-09-21T12:33:21.798+0000] {processor.py:183} INFO - Processing /home/airflow/.local/lib/python3.8/site-packages/airflow/example_dags/example_dag_decorator.py took 0.739 seconds
[2025-09-21T12:33:52.843+0000] {processor.py:161} INFO - Started process (PID=1432) to work on /home/airflow/.local/lib/python3.8/site-packages/airflow/example_dags/example_dag_decorator.py
[2025-09-21T12:33:52.846+0000] {processor.py:830} INFO - Processing file /home/airflow/.local/lib/python3.8/site-packages/airflow/example_dags/example_dag_decorator.py for tasks to queue
[2025-09-21T12:33:52.851+0000] {logging_mixin.py:188} INFO - [2025-09-21T12:33:52.850+0000] {dagbag.py:538} INFO - Filling up the DagBag from /home/airflow/.local/lib/python3.8/site-packages/airflow/example_dags/example_dag_decorator.py
[2025-09-21T12:33:53.086+0000] {processor.py:840} INFO - DAG(s) 'example_dag_decorator' retrieved from /home/airflow/.local/lib/python3.8/site-packages/airflow/example_dags/example_dag_decorator.py
[2025-09-21T12:33:53.519+0000] {logging_mixin.py:188} INFO - [2025-09-21T12:33:53.518+0000] {dag.py:3036} INFO - Sync 1 DAGs
[2025-09-21T12:33:53.556+0000] {logging_mixin.py:188} INFO - [2025-09-21T12:33:53.555+0000] {dag.py:3823} INFO - Setting next_dagrun for example_dag_decorator to None, run_after=None
[2025-09-21T12:33:53.609+0000] {processor.py:183} INFO - Processing /home/airflow/.local/lib/python3.8/site-packages/airflow/example_dags/example_dag_decorator.py took 0.775 seconds
[2025-09-21T12:34:23.714+0000] {processor.py:161} INFO - Started process (PID=1490) to work on /home/airflow/.local/lib/python3.8/site-packages/airflow/example_dags/example_dag_decorator.py
[2025-09-21T12:34:23.716+0000] {processor.py:830} INFO - Processing file /home/airflow/.local/lib/python3.8/site-packages/airflow/example_dags/example_dag_decorator.py for tasks to queue
[2025-09-21T12:34:23.720+0000] {logging_mixin.py:188} INFO - [2025-09-21T12:34:23.720+0000] {dagbag.py:538} INFO - Filling up the DagBag from /home/airflow/.local/lib/python3.8/site-packages/airflow/example_dags/example_dag_decorator.py
[2025-09-21T12:34:23.931+0000] {processor.py:840} INFO - DAG(s) 'example_dag_decorator' retrieved from /home/airflow/.local/lib/python3.8/site-packages/airflow/example_dags/example_dag_decorator.py
[2025-09-21T12:34:24.481+0000] {logging_mixin.py:188} INFO - [2025-09-21T12:34:24.481+0000] {dag.py:3036} INFO - Sync 1 DAGs
[2025-09-21T12:34:24.544+0000] {logging_mixin.py:188} INFO - [2025-09-21T12:34:24.544+0000] {dag.py:3823} INFO - Setting next_dagrun for example_dag_decorator to None, run_after=None
[2025-09-21T12:34:24.628+0000] {processor.py:183} INFO - Processing /home/airflow/.local/lib/python3.8/site-packages/airflow/example_dags/example_dag_decorator.py took 0.932 seconds
[2025-09-21T12:34:56.029+0000] {processor.py:161} INFO - Started process (PID=1549) to work on /home/airflow/.local/lib/python3.8/site-packages/airflow/example_dags/example_dag_decorator.py
[2025-09-21T12:34:56.043+0000] {processor.py:830} INFO - Processing file /home/airflow/.local/lib/python3.8/site-packages/airflow/example_dags/example_dag_decorator.py for tasks to queue
[2025-09-21T12:34:56.049+0000] {logging_mixin.py:188} INFO - [2025-09-21T12:34:56.048+0000] {dagbag.py:538} INFO - Filling up the DagBag from /home/airflow/.local/lib/python3.8/site-packages/airflow/example_dags/example_dag_decorator.py
[2025-09-21T12:34:56.370+0000] {processor.py:840} INFO - DAG(s) 'example_dag_decorator' retrieved from /home/airflow/.local/lib/python3.8/site-packages/airflow/example_dags/example_dag_decorator.py
[2025-09-21T12:34:56.962+0000] {logging_mixin.py:188} INFO - [2025-09-21T12:34:56.962+0000] {dag.py:3036} INFO - Sync 1 DAGs
[2025-09-21T12:34:56.982+0000] {logging_mixin.py:188} INFO - [2025-09-21T12:34:56.982+0000] {dag.py:3823} INFO - Setting next_dagrun for example_dag_decorator to None, run_after=None
[2025-09-21T12:34:57.023+0000] {processor.py:183} INFO - Processing /home/airflow/.local/lib/python3.8/site-packages/airflow/example_dags/example_dag_decorator.py took 1.002 seconds
[2025-09-21T12:35:27.329+0000] {processor.py:161} INFO - Started process (PID=1609) to work on /home/airflow/.local/lib/python3.8/site-packages/airflow/example_dags/example_dag_decorator.py
[2025-09-21T12:35:27.334+0000] {processor.py:830} INFO - Processing file /home/airflow/.local/lib/python3.8/site-packages/airflow/example_dags/example_dag_decorator.py for tasks to queue
[2025-09-21T12:35:27.343+0000] {logging_mixin.py:188} INFO - [2025-09-21T12:35:27.342+0000] {dagbag.py:538} INFO - Filling up the DagBag from /home/airflow/.local/lib/python3.8/site-packages/airflow/example_dags/example_dag_decorator.py
[2025-09-21T12:35:27.664+0000] {processor.py:840} INFO - DAG(s) 'example_dag_decorator' retrieved from /home/airflow/.local/lib/python3.8/site-packages/airflow/example_dags/example_dag_decorator.py
[2025-09-21T12:35:28.239+0000] {logging_mixin.py:188} INFO - [2025-09-21T12:35:28.239+0000] {dag.py:3036} INFO - Sync 1 DAGs
[2025-09-21T12:35:28.261+0000] {logging_mixin.py:188} INFO - [2025-09-21T12:35:28.261+0000] {dag.py:3823} INFO - Setting next_dagrun for example_dag_decorator to None, run_after=None
[2025-09-21T12:35:28.311+0000] {processor.py:183} INFO - Processing /home/airflow/.local/lib/python3.8/site-packages/airflow/example_dags/example_dag_decorator.py took 0.999 seconds
[2025-09-21T12:35:58.942+0000] {processor.py:161} INFO - Started process (PID=1675) to work on /home/airflow/.local/lib/python3.8/site-packages/airflow/example_dags/example_dag_decorator.py
[2025-09-21T12:35:58.947+0000] {processor.py:830} INFO - Processing file /home/airflow/.local/lib/python3.8/site-packages/airflow/example_dags/example_dag_decorator.py for tasks to queue
[2025-09-21T12:35:58.952+0000] {logging_mixin.py:188} INFO - [2025-09-21T12:35:58.951+0000] {dagbag.py:538} INFO - Filling up the DagBag from /home/airflow/.local/lib/python3.8/site-packages/airflow/example_dags/example_dag_decorator.py
[2025-09-21T12:35:59.223+0000] {processor.py:840} INFO - DAG(s) 'example_dag_decorator' retrieved from /home/airflow/.local/lib/python3.8/site-packages/airflow/example_dags/example_dag_decorator.py
[2025-09-21T12:35:59.775+0000] {logging_mixin.py:188} INFO - [2025-09-21T12:35:59.774+0000] {dag.py:3036} INFO - Sync 1 DAGs
[2025-09-21T12:35:59.820+0000] {logging_mixin.py:188} INFO - [2025-09-21T12:35:59.819+0000] {dag.py:3823} INFO - Setting next_dagrun for example_dag_decorator to None, run_after=None
[2025-09-21T12:35:59.883+0000] {processor.py:183} INFO - Processing /home/airflow/.local/lib/python3.8/site-packages/airflow/example_dags/example_dag_decorator.py took 0.956 seconds
[2025-09-21T12:36:30.713+0000] {processor.py:161} INFO - Started process (PID=1735) to work on /home/airflow/.local/lib/python3.8/site-packages/airflow/example_dags/example_dag_decorator.py
[2025-09-21T12:36:30.716+0000] {processor.py:830} INFO - Processing file /home/airflow/.local/lib/python3.8/site-packages/airflow/example_dags/example_dag_decorator.py for tasks to queue
[2025-09-21T12:36:30.721+0000] {logging_mixin.py:188} INFO - [2025-09-21T12:36:30.720+0000] {dagbag.py:538} INFO - Filling up the DagBag from /home/airflow/.local/lib/python3.8/site-packages/airflow/example_dags/example_dag_decorator.py
[2025-09-21T12:36:30.963+0000] {processor.py:840} INFO - DAG(s) 'example_dag_decorator' retrieved from /home/airflow/.local/lib/python3.8/site-packages/airflow/example_dags/example_dag_decorator.py
[2025-09-21T12:36:31.403+0000] {logging_mixin.py:188} INFO - [2025-09-21T12:36:31.402+0000] {dag.py:3036} INFO - Sync 1 DAGs
[2025-09-21T12:36:31.425+0000] {logging_mixin.py:188} INFO - [2025-09-21T12:36:31.425+0000] {dag.py:3823} INFO - Setting next_dagrun for example_dag_decorator to None, run_after=None
[2025-09-21T12:36:31.476+0000] {processor.py:183} INFO - Processing /home/airflow/.local/lib/python3.8/site-packages/airflow/example_dags/example_dag_decorator.py took 0.772 seconds
[2025-09-21T12:37:01.756+0000] {processor.py:161} INFO - Started process (PID=1796) to work on /home/airflow/.local/lib/python3.8/site-packages/airflow/example_dags/example_dag_decorator.py
[2025-09-21T12:37:01.759+0000] {processor.py:830} INFO - Processing file /home/airflow/.local/lib/python3.8/site-packages/airflow/example_dags/example_dag_decorator.py for tasks to queue
[2025-09-21T12:37:01.762+0000] {logging_mixin.py:188} INFO - [2025-09-21T12:37:01.761+0000] {dagbag.py:538} INFO - Filling up the DagBag from /home/airflow/.local/lib/python3.8/site-packages/airflow/example_dags/example_dag_decorator.py
[2025-09-21T12:37:02.359+0000] {processor.py:840} INFO - DAG(s) 'example_dag_decorator' retrieved from /home/airflow/.local/lib/python3.8/site-packages/airflow/example_dags/example_dag_decorator.py
[2025-09-21T12:37:02.578+0000] {logging_mixin.py:188} INFO - [2025-09-21T12:37:02.578+0000] {dag.py:3036} INFO - Sync 1 DAGs
[2025-09-21T12:37:02.614+0000] {logging_mixin.py:188} INFO - [2025-09-21T12:37:02.614+0000] {dag.py:3823} INFO - Setting next_dagrun for example_dag_decorator to None, run_after=None
[2025-09-21T12:37:02.666+0000] {processor.py:183} INFO - Processing /home/airflow/.local/lib/python3.8/site-packages/airflow/example_dags/example_dag_decorator.py took 0.916 seconds
[2025-09-21T12:37:32.792+0000] {processor.py:161} INFO - Started process (PID=1855) to work on /home/airflow/.local/lib/python3.8/site-packages/airflow/example_dags/example_dag_decorator.py
[2025-09-21T12:37:32.796+0000] {processor.py:830} INFO - Processing file /home/airflow/.local/lib/python3.8/site-packages/airflow/example_dags/example_dag_decorator.py for tasks to queue
[2025-09-21T12:37:32.806+0000] {logging_mixin.py:188} INFO - [2025-09-21T12:37:32.804+0000] {dagbag.py:538} INFO - Filling up the DagBag from /home/airflow/.local/lib/python3.8/site-packages/airflow/example_dags/example_dag_decorator.py
[2025-09-21T12:37:33.256+0000] {processor.py:840} INFO - DAG(s) 'example_dag_decorator' retrieved from /home/airflow/.local/lib/python3.8/site-packages/airflow/example_dags/example_dag_decorator.py
[2025-09-21T12:37:33.325+0000] {logging_mixin.py:188} INFO - [2025-09-21T12:37:33.324+0000] {dag.py:3036} INFO - Sync 1 DAGs
[2025-09-21T12:37:33.377+0000] {logging_mixin.py:188} INFO - [2025-09-21T12:37:33.376+0000] {dag.py:3823} INFO - Setting next_dagrun for example_dag_decorator to None, run_after=None
[2025-09-21T12:37:33.438+0000] {processor.py:183} INFO - Processing /home/airflow/.local/lib/python3.8/site-packages/airflow/example_dags/example_dag_decorator.py took 0.659 seconds
[2025-09-21T12:38:04.026+0000] {processor.py:161} INFO - Started process (PID=1914) to work on /home/airflow/.local/lib/python3.8/site-packages/airflow/example_dags/example_dag_decorator.py
[2025-09-21T12:38:04.030+0000] {processor.py:830} INFO - Processing file /home/airflow/.local/lib/python3.8/site-packages/airflow/example_dags/example_dag_decorator.py for tasks to queue
[2025-09-21T12:38:04.042+0000] {logging_mixin.py:188} INFO - [2025-09-21T12:38:04.034+0000] {dagbag.py:538} INFO - Filling up the DagBag from /home/airflow/.local/lib/python3.8/site-packages/airflow/example_dags/example_dag_decorator.py
[2025-09-21T12:38:04.762+0000] {processor.py:840} INFO - DAG(s) 'example_dag_decorator' retrieved from /home/airflow/.local/lib/python3.8/site-packages/airflow/example_dags/example_dag_decorator.py
[2025-09-21T12:38:04.813+0000] {logging_mixin.py:188} INFO - [2025-09-21T12:38:04.813+0000] {dag.py:3036} INFO - Sync 1 DAGs
[2025-09-21T12:38:04.846+0000] {logging_mixin.py:188} INFO - [2025-09-21T12:38:04.845+0000] {dag.py:3823} INFO - Setting next_dagrun for example_dag_decorator to None, run_after=None
[2025-09-21T12:38:04.899+0000] {processor.py:183} INFO - Processing /home/airflow/.local/lib/python3.8/site-packages/airflow/example_dags/example_dag_decorator.py took 0.885 seconds
[2025-09-21T12:38:35.421+0000] {processor.py:161} INFO - Started process (PID=1973) to work on /home/airflow/.local/lib/python3.8/site-packages/airflow/example_dags/example_dag_decorator.py
[2025-09-21T12:38:35.427+0000] {processor.py:830} INFO - Processing file /home/airflow/.local/lib/python3.8/site-packages/airflow/example_dags/example_dag_decorator.py for tasks to queue
[2025-09-21T12:38:35.440+0000] {logging_mixin.py:188} INFO - [2025-09-21T12:38:35.437+0000] {dagbag.py:538} INFO - Filling up the DagBag from /home/airflow/.local/lib/python3.8/site-packages/airflow/example_dags/example_dag_decorator.py
[2025-09-21T12:38:35.978+0000] {processor.py:840} INFO - DAG(s) 'example_dag_decorator' retrieved from /home/airflow/.local/lib/python3.8/site-packages/airflow/example_dags/example_dag_decorator.py
[2025-09-21T12:38:36.029+0000] {logging_mixin.py:188} INFO - [2025-09-21T12:38:36.029+0000] {dag.py:3036} INFO - Sync 1 DAGs
[2025-09-21T12:38:36.062+0000] {logging_mixin.py:188} INFO - [2025-09-21T12:38:36.062+0000] {dag.py:3823} INFO - Setting next_dagrun for example_dag_decorator to None, run_after=None
[2025-09-21T12:38:36.105+0000] {processor.py:183} INFO - Processing /home/airflow/.local/lib/python3.8/site-packages/airflow/example_dags/example_dag_decorator.py took 0.704 seconds
[2025-09-21T12:39:06.310+0000] {processor.py:161} INFO - Started process (PID=2034) to work on /home/airflow/.local/lib/python3.8/site-packages/airflow/example_dags/example_dag_decorator.py
[2025-09-21T12:39:06.313+0000] {processor.py:830} INFO - Processing file /home/airflow/.local/lib/python3.8/site-packages/airflow/example_dags/example_dag_decorator.py for tasks to queue
[2025-09-21T12:39:06.319+0000] {logging_mixin.py:188} INFO - [2025-09-21T12:39:06.318+0000] {dagbag.py:538} INFO - Filling up the DagBag from /home/airflow/.local/lib/python3.8/site-packages/airflow/example_dags/example_dag_decorator.py
[2025-09-21T12:39:06.895+0000] {processor.py:840} INFO - DAG(s) 'example_dag_decorator' retrieved from /home/airflow/.local/lib/python3.8/site-packages/airflow/example_dags/example_dag_decorator.py
[2025-09-21T12:39:07.165+0000] {logging_mixin.py:188} INFO - [2025-09-21T12:39:07.165+0000] {dag.py:3036} INFO - Sync 1 DAGs
[2025-09-21T12:39:07.191+0000] {logging_mixin.py:188} INFO - [2025-09-21T12:39:07.191+0000] {dag.py:3823} INFO - Setting next_dagrun for example_dag_decorator to None, run_after=None
[2025-09-21T12:39:07.297+0000] {processor.py:183} INFO - Processing /home/airflow/.local/lib/python3.8/site-packages/airflow/example_dags/example_dag_decorator.py took 0.995 seconds
[2025-09-21T12:39:38.113+0000] {processor.py:161} INFO - Started process (PID=2094) to work on /home/airflow/.local/lib/python3.8/site-packages/airflow/example_dags/example_dag_decorator.py
[2025-09-21T12:39:38.115+0000] {processor.py:830} INFO - Processing file /home/airflow/.local/lib/python3.8/site-packages/airflow/example_dags/example_dag_decorator.py for tasks to queue
[2025-09-21T12:39:38.120+0000] {logging_mixin.py:188} INFO - [2025-09-21T12:39:38.119+0000] {dagbag.py:538} INFO - Filling up the DagBag from /home/airflow/.local/lib/python3.8/site-packages/airflow/example_dags/example_dag_decorator.py
[2025-09-21T12:39:38.311+0000] {processor.py:840} INFO - DAG(s) 'example_dag_decorator' retrieved from /home/airflow/.local/lib/python3.8/site-packages/airflow/example_dags/example_dag_decorator.py
[2025-09-21T12:39:38.530+0000] {logging_mixin.py:188} INFO - [2025-09-21T12:39:38.530+0000] {dag.py:3036} INFO - Sync 1 DAGs
[2025-09-21T12:39:38.560+0000] {logging_mixin.py:188} INFO - [2025-09-21T12:39:38.559+0000] {dag.py:3823} INFO - Setting next_dagrun for example_dag_decorator to None, run_after=None
[2025-09-21T12:39:38.599+0000] {processor.py:183} INFO - Processing /home/airflow/.local/lib/python3.8/site-packages/airflow/example_dags/example_dag_decorator.py took 0.495 seconds
[2025-09-21T12:40:09.121+0000] {processor.py:161} INFO - Started process (PID=2152) to work on /home/airflow/.local/lib/python3.8/site-packages/airflow/example_dags/example_dag_decorator.py
[2025-09-21T12:40:09.124+0000] {processor.py:830} INFO - Processing file /home/airflow/.local/lib/python3.8/site-packages/airflow/example_dags/example_dag_decorator.py for tasks to queue
[2025-09-21T12:40:09.128+0000] {logging_mixin.py:188} INFO - [2025-09-21T12:40:09.127+0000] {dagbag.py:538} INFO - Filling up the DagBag from /home/airflow/.local/lib/python3.8/site-packages/airflow/example_dags/example_dag_decorator.py
[2025-09-21T12:40:09.377+0000] {processor.py:840} INFO - DAG(s) 'example_dag_decorator' retrieved from /home/airflow/.local/lib/python3.8/site-packages/airflow/example_dags/example_dag_decorator.py
[2025-09-21T12:40:09.431+0000] {logging_mixin.py:188} INFO - [2025-09-21T12:40:09.431+0000] {dag.py:3036} INFO - Sync 1 DAGs
[2025-09-21T12:40:09.462+0000] {logging_mixin.py:188} INFO - [2025-09-21T12:40:09.461+0000] {dag.py:3823} INFO - Setting next_dagrun for example_dag_decorator to None, run_after=None
[2025-09-21T12:40:09.529+0000] {processor.py:183} INFO - Processing /home/airflow/.local/lib/python3.8/site-packages/airflow/example_dags/example_dag_decorator.py took 0.416 seconds
[2025-09-21T12:40:39.758+0000] {processor.py:161} INFO - Started process (PID=2210) to work on /home/airflow/.local/lib/python3.8/site-packages/airflow/example_dags/example_dag_decorator.py
[2025-09-21T12:40:39.762+0000] {processor.py:830} INFO - Processing file /home/airflow/.local/lib/python3.8/site-packages/airflow/example_dags/example_dag_decorator.py for tasks to queue
[2025-09-21T12:40:39.771+0000] {logging_mixin.py:188} INFO - [2025-09-21T12:40:39.770+0000] {dagbag.py:538} INFO - Filling up the DagBag from /home/airflow/.local/lib/python3.8/site-packages/airflow/example_dags/example_dag_decorator.py
[2025-09-21T12:40:40.080+0000] {processor.py:840} INFO - DAG(s) 'example_dag_decorator' retrieved from /home/airflow/.local/lib/python3.8/site-packages/airflow/example_dags/example_dag_decorator.py
[2025-09-21T12:40:40.134+0000] {logging_mixin.py:188} INFO - [2025-09-21T12:40:40.133+0000] {dag.py:3036} INFO - Sync 1 DAGs
[2025-09-21T12:40:40.184+0000] {logging_mixin.py:188} INFO - [2025-09-21T12:40:40.183+0000] {dag.py:3823} INFO - Setting next_dagrun for example_dag_decorator to None, run_after=None
[2025-09-21T12:40:40.284+0000] {processor.py:183} INFO - Processing /home/airflow/.local/lib/python3.8/site-packages/airflow/example_dags/example_dag_decorator.py took 0.540 seconds
[2025-09-21T12:41:10.556+0000] {processor.py:161} INFO - Started process (PID=2268) to work on /home/airflow/.local/lib/python3.8/site-packages/airflow/example_dags/example_dag_decorator.py
[2025-09-21T12:41:10.559+0000] {processor.py:830} INFO - Processing file /home/airflow/.local/lib/python3.8/site-packages/airflow/example_dags/example_dag_decorator.py for tasks to queue
[2025-09-21T12:41:10.562+0000] {logging_mixin.py:188} INFO - [2025-09-21T12:41:10.562+0000] {dagbag.py:538} INFO - Filling up the DagBag from /home/airflow/.local/lib/python3.8/site-packages/airflow/example_dags/example_dag_decorator.py
[2025-09-21T12:41:10.774+0000] {processor.py:840} INFO - DAG(s) 'example_dag_decorator' retrieved from /home/airflow/.local/lib/python3.8/site-packages/airflow/example_dags/example_dag_decorator.py
[2025-09-21T12:41:10.855+0000] {logging_mixin.py:188} INFO - [2025-09-21T12:41:10.855+0000] {dag.py:3036} INFO - Sync 1 DAGs
[2025-09-21T12:41:10.899+0000] {logging_mixin.py:188} INFO - [2025-09-21T12:41:10.898+0000] {dag.py:3823} INFO - Setting next_dagrun for example_dag_decorator to None, run_after=None
[2025-09-21T12:41:10.964+0000] {processor.py:183} INFO - Processing /home/airflow/.local/lib/python3.8/site-packages/airflow/example_dags/example_dag_decorator.py took 0.414 seconds
[2025-09-21T12:41:41.715+0000] {processor.py:161} INFO - Started process (PID=2326) to work on /home/airflow/.local/lib/python3.8/site-packages/airflow/example_dags/example_dag_decorator.py
[2025-09-21T12:41:41.718+0000] {processor.py:830} INFO - Processing file /home/airflow/.local/lib/python3.8/site-packages/airflow/example_dags/example_dag_decorator.py for tasks to queue
[2025-09-21T12:41:41.725+0000] {logging_mixin.py:188} INFO - [2025-09-21T12:41:41.724+0000] {dagbag.py:538} INFO - Filling up the DagBag from /home/airflow/.local/lib/python3.8/site-packages/airflow/example_dags/example_dag_decorator.py
[2025-09-21T12:41:42.061+0000] {processor.py:840} INFO - DAG(s) 'example_dag_decorator' retrieved from /home/airflow/.local/lib/python3.8/site-packages/airflow/example_dags/example_dag_decorator.py
[2025-09-21T12:41:42.145+0000] {logging_mixin.py:188} INFO - [2025-09-21T12:41:42.145+0000] {dag.py:3036} INFO - Sync 1 DAGs
[2025-09-21T12:41:42.194+0000] {logging_mixin.py:188} INFO - [2025-09-21T12:41:42.193+0000] {dag.py:3823} INFO - Setting next_dagrun for example_dag_decorator to None, run_after=None
[2025-09-21T12:41:42.267+0000] {processor.py:183} INFO - Processing /home/airflow/.local/lib/python3.8/site-packages/airflow/example_dags/example_dag_decorator.py took 0.563 seconds
[2025-09-21T12:42:12.598+0000] {processor.py:161} INFO - Started process (PID=2384) to work on /home/airflow/.local/lib/python3.8/site-packages/airflow/example_dags/example_dag_decorator.py
[2025-09-21T12:42:12.604+0000] {processor.py:830} INFO - Processing file /home/airflow/.local/lib/python3.8/site-packages/airflow/example_dags/example_dag_decorator.py for tasks to queue
[2025-09-21T12:42:12.620+0000] {logging_mixin.py:188} INFO - [2025-09-21T12:42:12.618+0000] {dagbag.py:538} INFO - Filling up the DagBag from /home/airflow/.local/lib/python3.8/site-packages/airflow/example_dags/example_dag_decorator.py
[2025-09-21T12:42:13.022+0000] {processor.py:840} INFO - DAG(s) 'example_dag_decorator' retrieved from /home/airflow/.local/lib/python3.8/site-packages/airflow/example_dags/example_dag_decorator.py
[2025-09-21T12:42:13.077+0000] {logging_mixin.py:188} INFO - [2025-09-21T12:42:13.076+0000] {dag.py:3036} INFO - Sync 1 DAGs
[2025-09-21T12:42:13.110+0000] {logging_mixin.py:188} INFO - [2025-09-21T12:42:13.110+0000] {dag.py:3823} INFO - Setting next_dagrun for example_dag_decorator to None, run_after=None
[2025-09-21T12:42:13.157+0000] {processor.py:183} INFO - Processing /home/airflow/.local/lib/python3.8/site-packages/airflow/example_dags/example_dag_decorator.py took 0.583 seconds
[2025-09-21T12:42:43.871+0000] {processor.py:161} INFO - Started process (PID=2442) to work on /home/airflow/.local/lib/python3.8/site-packages/airflow/example_dags/example_dag_decorator.py
[2025-09-21T12:42:43.874+0000] {processor.py:830} INFO - Processing file /home/airflow/.local/lib/python3.8/site-packages/airflow/example_dags/example_dag_decorator.py for tasks to queue
[2025-09-21T12:42:43.879+0000] {logging_mixin.py:188} INFO - [2025-09-21T12:42:43.878+0000] {dagbag.py:538} INFO - Filling up the DagBag from /home/airflow/.local/lib/python3.8/site-packages/airflow/example_dags/example_dag_decorator.py
[2025-09-21T12:42:44.156+0000] {processor.py:840} INFO - DAG(s) 'example_dag_decorator' retrieved from /home/airflow/.local/lib/python3.8/site-packages/airflow/example_dags/example_dag_decorator.py
[2025-09-21T12:42:44.238+0000] {logging_mixin.py:188} INFO - [2025-09-21T12:42:44.237+0000] {dag.py:3036} INFO - Sync 1 DAGs
[2025-09-21T12:42:44.275+0000] {logging_mixin.py:188} INFO - [2025-09-21T12:42:44.274+0000] {dag.py:3823} INFO - Setting next_dagrun for example_dag_decorator to None, run_after=None
[2025-09-21T12:42:44.334+0000] {processor.py:183} INFO - Processing /home/airflow/.local/lib/python3.8/site-packages/airflow/example_dags/example_dag_decorator.py took 0.471 seconds
[2025-09-21T12:43:14.879+0000] {processor.py:161} INFO - Started process (PID=2500) to work on /home/airflow/.local/lib/python3.8/site-packages/airflow/example_dags/example_dag_decorator.py
[2025-09-21T12:43:14.881+0000] {processor.py:830} INFO - Processing file /home/airflow/.local/lib/python3.8/site-packages/airflow/example_dags/example_dag_decorator.py for tasks to queue
[2025-09-21T12:43:14.885+0000] {logging_mixin.py:188} INFO - [2025-09-21T12:43:14.884+0000] {dagbag.py:538} INFO - Filling up the DagBag from /home/airflow/.local/lib/python3.8/site-packages/airflow/example_dags/example_dag_decorator.py
[2025-09-21T12:43:15.199+0000] {processor.py:840} INFO - DAG(s) 'example_dag_decorator' retrieved from /home/airflow/.local/lib/python3.8/site-packages/airflow/example_dags/example_dag_decorator.py
[2025-09-21T12:43:15.326+0000] {logging_mixin.py:188} INFO - [2025-09-21T12:43:15.325+0000] {dag.py:3036} INFO - Sync 1 DAGs
[2025-09-21T12:43:15.396+0000] {logging_mixin.py:188} INFO - [2025-09-21T12:43:15.395+0000] {dag.py:3823} INFO - Setting next_dagrun for example_dag_decorator to None, run_after=None
[2025-09-21T12:43:15.504+0000] {processor.py:183} INFO - Processing /home/airflow/.local/lib/python3.8/site-packages/airflow/example_dags/example_dag_decorator.py took 0.631 seconds
[2025-09-21T12:43:46.481+0000] {processor.py:161} INFO - Started process (PID=2558) to work on /home/airflow/.local/lib/python3.8/site-packages/airflow/example_dags/example_dag_decorator.py
[2025-09-21T12:43:46.486+0000] {processor.py:830} INFO - Processing file /home/airflow/.local/lib/python3.8/site-packages/airflow/example_dags/example_dag_decorator.py for tasks to queue
[2025-09-21T12:43:46.497+0000] {logging_mixin.py:188} INFO - [2025-09-21T12:43:46.495+0000] {dagbag.py:538} INFO - Filling up the DagBag from /home/airflow/.local/lib/python3.8/site-packages/airflow/example_dags/example_dag_decorator.py
[2025-09-21T12:43:46.828+0000] {processor.py:840} INFO - DAG(s) 'example_dag_decorator' retrieved from /home/airflow/.local/lib/python3.8/site-packages/airflow/example_dags/example_dag_decorator.py
[2025-09-21T12:43:46.930+0000] {logging_mixin.py:188} INFO - [2025-09-21T12:43:46.929+0000] {dag.py:3036} INFO - Sync 1 DAGs
[2025-09-21T12:43:46.987+0000] {logging_mixin.py:188} INFO - [2025-09-21T12:43:46.986+0000] {dag.py:3823} INFO - Setting next_dagrun for example_dag_decorator to None, run_after=None
[2025-09-21T12:43:47.081+0000] {processor.py:183} INFO - Processing /home/airflow/.local/lib/python3.8/site-packages/airflow/example_dags/example_dag_decorator.py took 0.618 seconds
[2025-09-21T12:44:18.012+0000] {processor.py:161} INFO - Started process (PID=2616) to work on /home/airflow/.local/lib/python3.8/site-packages/airflow/example_dags/example_dag_decorator.py
[2025-09-21T12:44:18.016+0000] {processor.py:830} INFO - Processing file /home/airflow/.local/lib/python3.8/site-packages/airflow/example_dags/example_dag_decorator.py for tasks to queue
[2025-09-21T12:44:18.024+0000] {logging_mixin.py:188} INFO - [2025-09-21T12:44:18.022+0000] {dagbag.py:538} INFO - Filling up the DagBag from /home/airflow/.local/lib/python3.8/site-packages/airflow/example_dags/example_dag_decorator.py
[2025-09-21T12:44:18.327+0000] {processor.py:840} INFO - DAG(s) 'example_dag_decorator' retrieved from /home/airflow/.local/lib/python3.8/site-packages/airflow/example_dags/example_dag_decorator.py
[2025-09-21T12:44:18.398+0000] {logging_mixin.py:188} INFO - [2025-09-21T12:44:18.398+0000] {dag.py:3036} INFO - Sync 1 DAGs
[2025-09-21T12:44:18.434+0000] {logging_mixin.py:188} INFO - [2025-09-21T12:44:18.434+0000] {dag.py:3823} INFO - Setting next_dagrun for example_dag_decorator to None, run_after=None
[2025-09-21T12:44:18.488+0000] {processor.py:183} INFO - Processing /home/airflow/.local/lib/python3.8/site-packages/airflow/example_dags/example_dag_decorator.py took 0.486 seconds
[2025-09-21T12:44:49.257+0000] {processor.py:161} INFO - Started process (PID=2674) to work on /home/airflow/.local/lib/python3.8/site-packages/airflow/example_dags/example_dag_decorator.py
[2025-09-21T12:44:49.260+0000] {processor.py:830} INFO - Processing file /home/airflow/.local/lib/python3.8/site-packages/airflow/example_dags/example_dag_decorator.py for tasks to queue
[2025-09-21T12:44:49.264+0000] {logging_mixin.py:188} INFO - [2025-09-21T12:44:49.263+0000] {dagbag.py:538} INFO - Filling up the DagBag from /home/airflow/.local/lib/python3.8/site-packages/airflow/example_dags/example_dag_decorator.py
[2025-09-21T12:44:49.507+0000] {processor.py:840} INFO - DAG(s) 'example_dag_decorator' retrieved from /home/airflow/.local/lib/python3.8/site-packages/airflow/example_dags/example_dag_decorator.py
[2025-09-21T12:44:49.730+0000] {logging_mixin.py:188} INFO - [2025-09-21T12:44:49.729+0000] {dag.py:3036} INFO - Sync 1 DAGs
[2025-09-21T12:44:49.762+0000] {logging_mixin.py:188} INFO - [2025-09-21T12:44:49.761+0000] {dag.py:3823} INFO - Setting next_dagrun for example_dag_decorator to None, run_after=None
[2025-09-21T12:44:49.834+0000] {processor.py:183} INFO - Processing /home/airflow/.local/lib/python3.8/site-packages/airflow/example_dags/example_dag_decorator.py took 0.585 seconds
[2025-09-21T12:45:19.966+0000] {processor.py:161} INFO - Started process (PID=2732) to work on /home/airflow/.local/lib/python3.8/site-packages/airflow/example_dags/example_dag_decorator.py
[2025-09-21T12:45:19.970+0000] {processor.py:830} INFO - Processing file /home/airflow/.local/lib/python3.8/site-packages/airflow/example_dags/example_dag_decorator.py for tasks to queue
[2025-09-21T12:45:19.980+0000] {logging_mixin.py:188} INFO - [2025-09-21T12:45:19.978+0000] {dagbag.py:538} INFO - Filling up the DagBag from /home/airflow/.local/lib/python3.8/site-packages/airflow/example_dags/example_dag_decorator.py
[2025-09-21T12:45:20.439+0000] {processor.py:840} INFO - DAG(s) 'example_dag_decorator' retrieved from /home/airflow/.local/lib/python3.8/site-packages/airflow/example_dags/example_dag_decorator.py
[2025-09-21T12:45:20.785+0000] {logging_mixin.py:188} INFO - [2025-09-21T12:45:20.785+0000] {dag.py:3036} INFO - Sync 1 DAGs
[2025-09-21T12:45:20.814+0000] {logging_mixin.py:188} INFO - [2025-09-21T12:45:20.813+0000] {dag.py:3823} INFO - Setting next_dagrun for example_dag_decorator to None, run_after=None
[2025-09-21T12:45:20.869+0000] {processor.py:183} INFO - Processing /home/airflow/.local/lib/python3.8/site-packages/airflow/example_dags/example_dag_decorator.py took 0.917 seconds
[2025-09-21T12:45:51.753+0000] {processor.py:161} INFO - Started process (PID=2790) to work on /home/airflow/.local/lib/python3.8/site-packages/airflow/example_dags/example_dag_decorator.py
[2025-09-21T12:45:51.757+0000] {processor.py:830} INFO - Processing file /home/airflow/.local/lib/python3.8/site-packages/airflow/example_dags/example_dag_decorator.py for tasks to queue
[2025-09-21T12:45:51.765+0000] {logging_mixin.py:188} INFO - [2025-09-21T12:45:51.763+0000] {dagbag.py:538} INFO - Filling up the DagBag from /home/airflow/.local/lib/python3.8/site-packages/airflow/example_dags/example_dag_decorator.py
[2025-09-21T12:45:52.036+0000] {processor.py:840} INFO - DAG(s) 'example_dag_decorator' retrieved from /home/airflow/.local/lib/python3.8/site-packages/airflow/example_dags/example_dag_decorator.py
[2025-09-21T12:45:52.245+0000] {logging_mixin.py:188} INFO - [2025-09-21T12:45:52.245+0000] {dag.py:3036} INFO - Sync 1 DAGs
[2025-09-21T12:45:52.272+0000] {logging_mixin.py:188} INFO - [2025-09-21T12:45:52.271+0000] {dag.py:3823} INFO - Setting next_dagrun for example_dag_decorator to None, run_after=None
[2025-09-21T12:45:52.314+0000] {processor.py:183} INFO - Processing /home/airflow/.local/lib/python3.8/site-packages/airflow/example_dags/example_dag_decorator.py took 0.573 seconds
[2025-09-21T12:46:23.018+0000] {processor.py:161} INFO - Started process (PID=2848) to work on /home/airflow/.local/lib/python3.8/site-packages/airflow/example_dags/example_dag_decorator.py
[2025-09-21T12:46:23.021+0000] {processor.py:830} INFO - Processing file /home/airflow/.local/lib/python3.8/site-packages/airflow/example_dags/example_dag_decorator.py for tasks to queue
[2025-09-21T12:46:23.025+0000] {logging_mixin.py:188} INFO - [2025-09-21T12:46:23.025+0000] {dagbag.py:538} INFO - Filling up the DagBag from /home/airflow/.local/lib/python3.8/site-packages/airflow/example_dags/example_dag_decorator.py
[2025-09-21T12:46:23.295+0000] {processor.py:840} INFO - DAG(s) 'example_dag_decorator' retrieved from /home/airflow/.local/lib/python3.8/site-packages/airflow/example_dags/example_dag_decorator.py
[2025-09-21T12:46:23.527+0000] {logging_mixin.py:188} INFO - [2025-09-21T12:46:23.527+0000] {dag.py:3036} INFO - Sync 1 DAGs
[2025-09-21T12:46:23.550+0000] {logging_mixin.py:188} INFO - [2025-09-21T12:46:23.550+0000] {dag.py:3823} INFO - Setting next_dagrun for example_dag_decorator to None, run_after=None
[2025-09-21T12:46:23.593+0000] {processor.py:183} INFO - Processing /home/airflow/.local/lib/python3.8/site-packages/airflow/example_dags/example_dag_decorator.py took 0.583 seconds
[2025-09-21T12:46:54.167+0000] {processor.py:161} INFO - Started process (PID=2904) to work on /home/airflow/.local/lib/python3.8/site-packages/airflow/example_dags/example_dag_decorator.py
[2025-09-21T12:46:54.169+0000] {processor.py:830} INFO - Processing file /home/airflow/.local/lib/python3.8/site-packages/airflow/example_dags/example_dag_decorator.py for tasks to queue
[2025-09-21T12:46:54.173+0000] {logging_mixin.py:188} INFO - [2025-09-21T12:46:54.172+0000] {dagbag.py:538} INFO - Filling up the DagBag from /home/airflow/.local/lib/python3.8/site-packages/airflow/example_dags/example_dag_decorator.py
[2025-09-21T12:46:54.351+0000] {processor.py:840} INFO - DAG(s) 'example_dag_decorator' retrieved from /home/airflow/.local/lib/python3.8/site-packages/airflow/example_dags/example_dag_decorator.py
[2025-09-21T12:46:54.630+0000] {logging_mixin.py:188} INFO - [2025-09-21T12:46:54.630+0000] {dag.py:3036} INFO - Sync 1 DAGs
[2025-09-21T12:46:54.654+0000] {logging_mixin.py:188} INFO - [2025-09-21T12:46:54.653+0000] {dag.py:3823} INFO - Setting next_dagrun for example_dag_decorator to None, run_after=None
[2025-09-21T12:46:54.692+0000] {processor.py:183} INFO - Processing /home/airflow/.local/lib/python3.8/site-packages/airflow/example_dags/example_dag_decorator.py took 0.532 seconds
[2025-09-21T12:47:25.079+0000] {processor.py:161} INFO - Started process (PID=2963) to work on /home/airflow/.local/lib/python3.8/site-packages/airflow/example_dags/example_dag_decorator.py
[2025-09-21T12:47:25.084+0000] {processor.py:830} INFO - Processing file /home/airflow/.local/lib/python3.8/site-packages/airflow/example_dags/example_dag_decorator.py for tasks to queue
[2025-09-21T12:47:25.094+0000] {logging_mixin.py:188} INFO - [2025-09-21T12:47:25.093+0000] {dagbag.py:538} INFO - Filling up the DagBag from /home/airflow/.local/lib/python3.8/site-packages/airflow/example_dags/example_dag_decorator.py
[2025-09-21T12:47:25.338+0000] {processor.py:840} INFO - DAG(s) 'example_dag_decorator' retrieved from /home/airflow/.local/lib/python3.8/site-packages/airflow/example_dags/example_dag_decorator.py
[2025-09-21T12:47:25.623+0000] {logging_mixin.py:188} INFO - [2025-09-21T12:47:25.622+0000] {dag.py:3036} INFO - Sync 1 DAGs
[2025-09-21T12:47:25.664+0000] {logging_mixin.py:188} INFO - [2025-09-21T12:47:25.663+0000] {dag.py:3823} INFO - Setting next_dagrun for example_dag_decorator to None, run_after=None
[2025-09-21T12:47:25.730+0000] {processor.py:183} INFO - Processing /home/airflow/.local/lib/python3.8/site-packages/airflow/example_dags/example_dag_decorator.py took 0.671 seconds
