[2025-09-21T11:12:51.662+0000] {processor.py:161} INFO - Started process (PID=68) to work on /home/airflow/.local/lib/python3.8/site-packages/airflow/example_dags/tutorial_taskflow_api.py
[2025-09-21T11:12:51.664+0000] {processor.py:830} INFO - Processing file /home/airflow/.local/lib/python3.8/site-packages/airflow/example_dags/tutorial_taskflow_api.py for tasks to queue
[2025-09-21T11:12:51.672+0000] {logging_mixin.py:188} INFO - [2025-09-21T11:12:51.670+0000] {dagbag.py:538} INFO - Filling up the DagBag from /home/airflow/.local/lib/python3.8/site-packages/airflow/example_dags/tutorial_taskflow_api.py
[2025-09-21T11:12:51.699+0000] {processor.py:840} INFO - DAG(s) 'tutorial_taskflow_api' retrieved from /home/airflow/.local/lib/python3.8/site-packages/airflow/example_dags/tutorial_taskflow_api.py
[2025-09-21T11:12:51.775+0000] {logging_mixin.py:188} INFO - [2025-09-21T11:12:51.774+0000] {dag.py:3036} INFO - Sync 1 DAGs
[2025-09-21T11:12:51.805+0000] {logging_mixin.py:188} INFO - [2025-09-21T11:12:51.804+0000] {dag.py:3823} INFO - Setting next_dagrun for tutorial_taskflow_api to None, run_after=None
[2025-09-21T11:12:51.847+0000] {processor.py:183} INFO - Processing /home/airflow/.local/lib/python3.8/site-packages/airflow/example_dags/tutorial_taskflow_api.py took 0.192 seconds
[2025-09-21T11:13:21.919+0000] {processor.py:161} INFO - Started process (PID=126) to work on /home/airflow/.local/lib/python3.8/site-packages/airflow/example_dags/tutorial_taskflow_api.py
[2025-09-21T11:13:21.921+0000] {processor.py:830} INFO - Processing file /home/airflow/.local/lib/python3.8/site-packages/airflow/example_dags/tutorial_taskflow_api.py for tasks to queue
[2025-09-21T11:13:21.924+0000] {logging_mixin.py:188} INFO - [2025-09-21T11:13:21.924+0000] {dagbag.py:538} INFO - Filling up the DagBag from /home/airflow/.local/lib/python3.8/site-packages/airflow/example_dags/tutorial_taskflow_api.py
[2025-09-21T11:13:21.935+0000] {processor.py:840} INFO - DAG(s) 'tutorial_taskflow_api' retrieved from /home/airflow/.local/lib/python3.8/site-packages/airflow/example_dags/tutorial_taskflow_api.py
[2025-09-21T11:13:21.970+0000] {logging_mixin.py:188} INFO - [2025-09-21T11:13:21.969+0000] {dag.py:3036} INFO - Sync 1 DAGs
[2025-09-21T11:13:21.992+0000] {logging_mixin.py:188} INFO - [2025-09-21T11:13:21.991+0000] {dag.py:3823} INFO - Setting next_dagrun for tutorial_taskflow_api to None, run_after=None
[2025-09-21T11:13:22.031+0000] {processor.py:183} INFO - Processing /home/airflow/.local/lib/python3.8/site-packages/airflow/example_dags/tutorial_taskflow_api.py took 0.117 seconds
[2025-09-21T11:13:52.172+0000] {processor.py:161} INFO - Started process (PID=182) to work on /home/airflow/.local/lib/python3.8/site-packages/airflow/example_dags/tutorial_taskflow_api.py
[2025-09-21T11:13:52.174+0000] {processor.py:830} INFO - Processing file /home/airflow/.local/lib/python3.8/site-packages/airflow/example_dags/tutorial_taskflow_api.py for tasks to queue
[2025-09-21T11:13:52.177+0000] {logging_mixin.py:188} INFO - [2025-09-21T11:13:52.176+0000] {dagbag.py:538} INFO - Filling up the DagBag from /home/airflow/.local/lib/python3.8/site-packages/airflow/example_dags/tutorial_taskflow_api.py
[2025-09-21T11:13:52.189+0000] {processor.py:840} INFO - DAG(s) 'tutorial_taskflow_api' retrieved from /home/airflow/.local/lib/python3.8/site-packages/airflow/example_dags/tutorial_taskflow_api.py
[2025-09-21T11:13:52.222+0000] {logging_mixin.py:188} INFO - [2025-09-21T11:13:52.222+0000] {dag.py:3036} INFO - Sync 1 DAGs
[2025-09-21T11:13:52.244+0000] {logging_mixin.py:188} INFO - [2025-09-21T11:13:52.244+0000] {dag.py:3823} INFO - Setting next_dagrun for tutorial_taskflow_api to None, run_after=None
[2025-09-21T11:13:52.282+0000] {processor.py:183} INFO - Processing /home/airflow/.local/lib/python3.8/site-packages/airflow/example_dags/tutorial_taskflow_api.py took 0.116 seconds
[2025-09-21T11:14:22.485+0000] {processor.py:161} INFO - Started process (PID=240) to work on /home/airflow/.local/lib/python3.8/site-packages/airflow/example_dags/tutorial_taskflow_api.py
[2025-09-21T11:14:22.487+0000] {processor.py:830} INFO - Processing file /home/airflow/.local/lib/python3.8/site-packages/airflow/example_dags/tutorial_taskflow_api.py for tasks to queue
[2025-09-21T11:14:22.490+0000] {logging_mixin.py:188} INFO - [2025-09-21T11:14:22.489+0000] {dagbag.py:538} INFO - Filling up the DagBag from /home/airflow/.local/lib/python3.8/site-packages/airflow/example_dags/tutorial_taskflow_api.py
[2025-09-21T11:14:22.501+0000] {processor.py:840} INFO - DAG(s) 'tutorial_taskflow_api' retrieved from /home/airflow/.local/lib/python3.8/site-packages/airflow/example_dags/tutorial_taskflow_api.py
[2025-09-21T11:14:22.535+0000] {logging_mixin.py:188} INFO - [2025-09-21T11:14:22.535+0000] {dag.py:3036} INFO - Sync 1 DAGs
[2025-09-21T11:14:22.562+0000] {logging_mixin.py:188} INFO - [2025-09-21T11:14:22.561+0000] {dag.py:3823} INFO - Setting next_dagrun for tutorial_taskflow_api to None, run_after=None
[2025-09-21T11:14:22.596+0000] {processor.py:183} INFO - Processing /home/airflow/.local/lib/python3.8/site-packages/airflow/example_dags/tutorial_taskflow_api.py took 0.116 seconds
[2025-09-21T11:14:52.649+0000] {processor.py:161} INFO - Started process (PID=298) to work on /home/airflow/.local/lib/python3.8/site-packages/airflow/example_dags/tutorial_taskflow_api.py
[2025-09-21T11:14:52.651+0000] {processor.py:830} INFO - Processing file /home/airflow/.local/lib/python3.8/site-packages/airflow/example_dags/tutorial_taskflow_api.py for tasks to queue
[2025-09-21T11:14:52.654+0000] {logging_mixin.py:188} INFO - [2025-09-21T11:14:52.654+0000] {dagbag.py:538} INFO - Filling up the DagBag from /home/airflow/.local/lib/python3.8/site-packages/airflow/example_dags/tutorial_taskflow_api.py
[2025-09-21T11:14:52.665+0000] {processor.py:840} INFO - DAG(s) 'tutorial_taskflow_api' retrieved from /home/airflow/.local/lib/python3.8/site-packages/airflow/example_dags/tutorial_taskflow_api.py
[2025-09-21T11:14:52.701+0000] {logging_mixin.py:188} INFO - [2025-09-21T11:14:52.700+0000] {dag.py:3036} INFO - Sync 1 DAGs
[2025-09-21T11:14:52.723+0000] {logging_mixin.py:188} INFO - [2025-09-21T11:14:52.723+0000] {dag.py:3823} INFO - Setting next_dagrun for tutorial_taskflow_api to None, run_after=None
[2025-09-21T11:14:52.761+0000] {processor.py:183} INFO - Processing /home/airflow/.local/lib/python3.8/site-packages/airflow/example_dags/tutorial_taskflow_api.py took 0.118 seconds
[2025-09-21T11:15:22.987+0000] {processor.py:161} INFO - Started process (PID=357) to work on /home/airflow/.local/lib/python3.8/site-packages/airflow/example_dags/tutorial_taskflow_api.py
[2025-09-21T11:15:22.989+0000] {processor.py:830} INFO - Processing file /home/airflow/.local/lib/python3.8/site-packages/airflow/example_dags/tutorial_taskflow_api.py for tasks to queue
[2025-09-21T11:15:22.992+0000] {logging_mixin.py:188} INFO - [2025-09-21T11:15:22.991+0000] {dagbag.py:538} INFO - Filling up the DagBag from /home/airflow/.local/lib/python3.8/site-packages/airflow/example_dags/tutorial_taskflow_api.py
[2025-09-21T11:15:23.003+0000] {processor.py:840} INFO - DAG(s) 'tutorial_taskflow_api' retrieved from /home/airflow/.local/lib/python3.8/site-packages/airflow/example_dags/tutorial_taskflow_api.py
[2025-09-21T11:15:23.039+0000] {logging_mixin.py:188} INFO - [2025-09-21T11:15:23.039+0000] {dag.py:3036} INFO - Sync 1 DAGs
[2025-09-21T11:15:23.065+0000] {logging_mixin.py:188} INFO - [2025-09-21T11:15:23.065+0000] {dag.py:3823} INFO - Setting next_dagrun for tutorial_taskflow_api to None, run_after=None
[2025-09-21T11:15:23.109+0000] {processor.py:183} INFO - Processing /home/airflow/.local/lib/python3.8/site-packages/airflow/example_dags/tutorial_taskflow_api.py took 0.128 seconds
[2025-09-21T11:15:53.522+0000] {processor.py:161} INFO - Started process (PID=415) to work on /home/airflow/.local/lib/python3.8/site-packages/airflow/example_dags/tutorial_taskflow_api.py
[2025-09-21T11:15:53.524+0000] {processor.py:830} INFO - Processing file /home/airflow/.local/lib/python3.8/site-packages/airflow/example_dags/tutorial_taskflow_api.py for tasks to queue
[2025-09-21T11:15:53.528+0000] {logging_mixin.py:188} INFO - [2025-09-21T11:15:53.527+0000] {dagbag.py:538} INFO - Filling up the DagBag from /home/airflow/.local/lib/python3.8/site-packages/airflow/example_dags/tutorial_taskflow_api.py
[2025-09-21T11:15:53.540+0000] {processor.py:840} INFO - DAG(s) 'tutorial_taskflow_api' retrieved from /home/airflow/.local/lib/python3.8/site-packages/airflow/example_dags/tutorial_taskflow_api.py
[2025-09-21T11:15:53.574+0000] {logging_mixin.py:188} INFO - [2025-09-21T11:15:53.573+0000] {dag.py:3036} INFO - Sync 1 DAGs
[2025-09-21T11:15:53.596+0000] {logging_mixin.py:188} INFO - [2025-09-21T11:15:53.596+0000] {dag.py:3823} INFO - Setting next_dagrun for tutorial_taskflow_api to None, run_after=None
[2025-09-21T11:15:53.635+0000] {processor.py:183} INFO - Processing /home/airflow/.local/lib/python3.8/site-packages/airflow/example_dags/tutorial_taskflow_api.py took 0.118 seconds
[2025-09-21T11:16:24.077+0000] {processor.py:161} INFO - Started process (PID=474) to work on /home/airflow/.local/lib/python3.8/site-packages/airflow/example_dags/tutorial_taskflow_api.py
[2025-09-21T11:16:24.079+0000] {processor.py:830} INFO - Processing file /home/airflow/.local/lib/python3.8/site-packages/airflow/example_dags/tutorial_taskflow_api.py for tasks to queue
[2025-09-21T11:16:24.082+0000] {logging_mixin.py:188} INFO - [2025-09-21T11:16:24.082+0000] {dagbag.py:538} INFO - Filling up the DagBag from /home/airflow/.local/lib/python3.8/site-packages/airflow/example_dags/tutorial_taskflow_api.py
[2025-09-21T11:16:24.093+0000] {processor.py:840} INFO - DAG(s) 'tutorial_taskflow_api' retrieved from /home/airflow/.local/lib/python3.8/site-packages/airflow/example_dags/tutorial_taskflow_api.py
[2025-09-21T11:16:24.132+0000] {logging_mixin.py:188} INFO - [2025-09-21T11:16:24.131+0000] {dag.py:3036} INFO - Sync 1 DAGs
[2025-09-21T11:16:24.153+0000] {logging_mixin.py:188} INFO - [2025-09-21T11:16:24.153+0000] {dag.py:3823} INFO - Setting next_dagrun for tutorial_taskflow_api to None, run_after=None
[2025-09-21T11:16:24.189+0000] {processor.py:183} INFO - Processing /home/airflow/.local/lib/python3.8/site-packages/airflow/example_dags/tutorial_taskflow_api.py took 0.117 seconds
[2025-09-21T11:16:54.374+0000] {processor.py:161} INFO - Started process (PID=532) to work on /home/airflow/.local/lib/python3.8/site-packages/airflow/example_dags/tutorial_taskflow_api.py
[2025-09-21T11:16:54.376+0000] {processor.py:830} INFO - Processing file /home/airflow/.local/lib/python3.8/site-packages/airflow/example_dags/tutorial_taskflow_api.py for tasks to queue
[2025-09-21T11:16:54.379+0000] {logging_mixin.py:188} INFO - [2025-09-21T11:16:54.379+0000] {dagbag.py:538} INFO - Filling up the DagBag from /home/airflow/.local/lib/python3.8/site-packages/airflow/example_dags/tutorial_taskflow_api.py
[2025-09-21T11:16:54.391+0000] {processor.py:840} INFO - DAG(s) 'tutorial_taskflow_api' retrieved from /home/airflow/.local/lib/python3.8/site-packages/airflow/example_dags/tutorial_taskflow_api.py
[2025-09-21T11:16:54.423+0000] {logging_mixin.py:188} INFO - [2025-09-21T11:16:54.423+0000] {dag.py:3036} INFO - Sync 1 DAGs
[2025-09-21T11:16:54.445+0000] {logging_mixin.py:188} INFO - [2025-09-21T11:16:54.445+0000] {dag.py:3823} INFO - Setting next_dagrun for tutorial_taskflow_api to None, run_after=None
[2025-09-21T11:16:54.480+0000] {processor.py:183} INFO - Processing /home/airflow/.local/lib/python3.8/site-packages/airflow/example_dags/tutorial_taskflow_api.py took 0.111 seconds
[2025-09-21T11:17:24.553+0000] {processor.py:161} INFO - Started process (PID=590) to work on /home/airflow/.local/lib/python3.8/site-packages/airflow/example_dags/tutorial_taskflow_api.py
[2025-09-21T11:17:24.555+0000] {processor.py:830} INFO - Processing file /home/airflow/.local/lib/python3.8/site-packages/airflow/example_dags/tutorial_taskflow_api.py for tasks to queue
[2025-09-21T11:17:24.558+0000] {logging_mixin.py:188} INFO - [2025-09-21T11:17:24.558+0000] {dagbag.py:538} INFO - Filling up the DagBag from /home/airflow/.local/lib/python3.8/site-packages/airflow/example_dags/tutorial_taskflow_api.py
[2025-09-21T11:17:24.570+0000] {processor.py:840} INFO - DAG(s) 'tutorial_taskflow_api' retrieved from /home/airflow/.local/lib/python3.8/site-packages/airflow/example_dags/tutorial_taskflow_api.py
[2025-09-21T11:17:24.604+0000] {logging_mixin.py:188} INFO - [2025-09-21T11:17:24.604+0000] {dag.py:3036} INFO - Sync 1 DAGs
[2025-09-21T11:17:24.626+0000] {logging_mixin.py:188} INFO - [2025-09-21T11:17:24.626+0000] {dag.py:3823} INFO - Setting next_dagrun for tutorial_taskflow_api to None, run_after=None
[2025-09-21T11:17:24.664+0000] {processor.py:183} INFO - Processing /home/airflow/.local/lib/python3.8/site-packages/airflow/example_dags/tutorial_taskflow_api.py took 0.117 seconds
[2025-09-21T11:17:54.830+0000] {processor.py:161} INFO - Started process (PID=648) to work on /home/airflow/.local/lib/python3.8/site-packages/airflow/example_dags/tutorial_taskflow_api.py
[2025-09-21T11:17:54.832+0000] {processor.py:830} INFO - Processing file /home/airflow/.local/lib/python3.8/site-packages/airflow/example_dags/tutorial_taskflow_api.py for tasks to queue
[2025-09-21T11:17:54.836+0000] {logging_mixin.py:188} INFO - [2025-09-21T11:17:54.835+0000] {dagbag.py:538} INFO - Filling up the DagBag from /home/airflow/.local/lib/python3.8/site-packages/airflow/example_dags/tutorial_taskflow_api.py
[2025-09-21T11:17:54.847+0000] {processor.py:840} INFO - DAG(s) 'tutorial_taskflow_api' retrieved from /home/airflow/.local/lib/python3.8/site-packages/airflow/example_dags/tutorial_taskflow_api.py
[2025-09-21T11:17:54.881+0000] {logging_mixin.py:188} INFO - [2025-09-21T11:17:54.881+0000] {dag.py:3036} INFO - Sync 1 DAGs
[2025-09-21T11:17:54.903+0000] {logging_mixin.py:188} INFO - [2025-09-21T11:17:54.903+0000] {dag.py:3823} INFO - Setting next_dagrun for tutorial_taskflow_api to None, run_after=None
[2025-09-21T11:17:54.942+0000] {processor.py:183} INFO - Processing /home/airflow/.local/lib/python3.8/site-packages/airflow/example_dags/tutorial_taskflow_api.py took 0.117 seconds
[2025-09-21T11:18:25.924+0000] {processor.py:161} INFO - Started process (PID=706) to work on /home/airflow/.local/lib/python3.8/site-packages/airflow/example_dags/tutorial_taskflow_api.py
[2025-09-21T11:18:25.926+0000] {processor.py:830} INFO - Processing file /home/airflow/.local/lib/python3.8/site-packages/airflow/example_dags/tutorial_taskflow_api.py for tasks to queue
[2025-09-21T11:18:25.929+0000] {logging_mixin.py:188} INFO - [2025-09-21T11:18:25.928+0000] {dagbag.py:538} INFO - Filling up the DagBag from /home/airflow/.local/lib/python3.8/site-packages/airflow/example_dags/tutorial_taskflow_api.py
[2025-09-21T11:18:25.940+0000] {processor.py:840} INFO - DAG(s) 'tutorial_taskflow_api' retrieved from /home/airflow/.local/lib/python3.8/site-packages/airflow/example_dags/tutorial_taskflow_api.py
[2025-09-21T11:18:25.981+0000] {logging_mixin.py:188} INFO - [2025-09-21T11:18:25.981+0000] {dag.py:3036} INFO - Sync 1 DAGs
[2025-09-21T11:18:26.012+0000] {logging_mixin.py:188} INFO - [2025-09-21T11:18:26.011+0000] {dag.py:3823} INFO - Setting next_dagrun for tutorial_taskflow_api to None, run_after=None
[2025-09-21T11:18:26.054+0000] {processor.py:183} INFO - Processing /home/airflow/.local/lib/python3.8/site-packages/airflow/example_dags/tutorial_taskflow_api.py took 0.136 seconds
[2025-09-21T11:18:56.673+0000] {processor.py:161} INFO - Started process (PID=764) to work on /home/airflow/.local/lib/python3.8/site-packages/airflow/example_dags/tutorial_taskflow_api.py
[2025-09-21T11:18:56.675+0000] {processor.py:830} INFO - Processing file /home/airflow/.local/lib/python3.8/site-packages/airflow/example_dags/tutorial_taskflow_api.py for tasks to queue
[2025-09-21T11:18:56.678+0000] {logging_mixin.py:188} INFO - [2025-09-21T11:18:56.677+0000] {dagbag.py:538} INFO - Filling up the DagBag from /home/airflow/.local/lib/python3.8/site-packages/airflow/example_dags/tutorial_taskflow_api.py
[2025-09-21T11:18:56.690+0000] {processor.py:840} INFO - DAG(s) 'tutorial_taskflow_api' retrieved from /home/airflow/.local/lib/python3.8/site-packages/airflow/example_dags/tutorial_taskflow_api.py
[2025-09-21T11:18:56.724+0000] {logging_mixin.py:188} INFO - [2025-09-21T11:18:56.724+0000] {dag.py:3036} INFO - Sync 1 DAGs
[2025-09-21T11:18:56.746+0000] {logging_mixin.py:188} INFO - [2025-09-21T11:18:56.745+0000] {dag.py:3823} INFO - Setting next_dagrun for tutorial_taskflow_api to None, run_after=None
[2025-09-21T11:18:56.780+0000] {processor.py:183} INFO - Processing /home/airflow/.local/lib/python3.8/site-packages/airflow/example_dags/tutorial_taskflow_api.py took 0.113 seconds
[2025-09-21T11:19:26.998+0000] {processor.py:161} INFO - Started process (PID=822) to work on /home/airflow/.local/lib/python3.8/site-packages/airflow/example_dags/tutorial_taskflow_api.py
[2025-09-21T11:19:27.000+0000] {processor.py:830} INFO - Processing file /home/airflow/.local/lib/python3.8/site-packages/airflow/example_dags/tutorial_taskflow_api.py for tasks to queue
[2025-09-21T11:19:27.003+0000] {logging_mixin.py:188} INFO - [2025-09-21T11:19:27.002+0000] {dagbag.py:538} INFO - Filling up the DagBag from /home/airflow/.local/lib/python3.8/site-packages/airflow/example_dags/tutorial_taskflow_api.py
[2025-09-21T11:19:27.018+0000] {processor.py:840} INFO - DAG(s) 'tutorial_taskflow_api' retrieved from /home/airflow/.local/lib/python3.8/site-packages/airflow/example_dags/tutorial_taskflow_api.py
[2025-09-21T11:19:27.052+0000] {logging_mixin.py:188} INFO - [2025-09-21T11:19:27.052+0000] {dag.py:3036} INFO - Sync 1 DAGs
[2025-09-21T11:19:27.074+0000] {logging_mixin.py:188} INFO - [2025-09-21T11:19:27.074+0000] {dag.py:3823} INFO - Setting next_dagrun for tutorial_taskflow_api to None, run_after=None
[2025-09-21T11:19:27.113+0000] {processor.py:183} INFO - Processing /home/airflow/.local/lib/python3.8/site-packages/airflow/example_dags/tutorial_taskflow_api.py took 0.121 seconds
[2025-09-21T11:19:57.488+0000] {processor.py:161} INFO - Started process (PID=880) to work on /home/airflow/.local/lib/python3.8/site-packages/airflow/example_dags/tutorial_taskflow_api.py
[2025-09-21T11:19:57.490+0000] {processor.py:830} INFO - Processing file /home/airflow/.local/lib/python3.8/site-packages/airflow/example_dags/tutorial_taskflow_api.py for tasks to queue
[2025-09-21T11:19:57.493+0000] {logging_mixin.py:188} INFO - [2025-09-21T11:19:57.493+0000] {dagbag.py:538} INFO - Filling up the DagBag from /home/airflow/.local/lib/python3.8/site-packages/airflow/example_dags/tutorial_taskflow_api.py
[2025-09-21T11:19:57.507+0000] {processor.py:840} INFO - DAG(s) 'tutorial_taskflow_api' retrieved from /home/airflow/.local/lib/python3.8/site-packages/airflow/example_dags/tutorial_taskflow_api.py
[2025-09-21T11:19:57.542+0000] {logging_mixin.py:188} INFO - [2025-09-21T11:19:57.542+0000] {dag.py:3036} INFO - Sync 1 DAGs
[2025-09-21T11:19:57.564+0000] {logging_mixin.py:188} INFO - [2025-09-21T11:19:57.564+0000] {dag.py:3823} INFO - Setting next_dagrun for tutorial_taskflow_api to None, run_after=None
[2025-09-21T11:19:57.603+0000] {processor.py:183} INFO - Processing /home/airflow/.local/lib/python3.8/site-packages/airflow/example_dags/tutorial_taskflow_api.py took 0.120 seconds
[2025-09-21T11:20:28.249+0000] {processor.py:161} INFO - Started process (PID=938) to work on /home/airflow/.local/lib/python3.8/site-packages/airflow/example_dags/tutorial_taskflow_api.py
[2025-09-21T11:20:28.251+0000] {processor.py:830} INFO - Processing file /home/airflow/.local/lib/python3.8/site-packages/airflow/example_dags/tutorial_taskflow_api.py for tasks to queue
[2025-09-21T11:20:28.255+0000] {logging_mixin.py:188} INFO - [2025-09-21T11:20:28.254+0000] {dagbag.py:538} INFO - Filling up the DagBag from /home/airflow/.local/lib/python3.8/site-packages/airflow/example_dags/tutorial_taskflow_api.py
[2025-09-21T11:20:28.266+0000] {processor.py:840} INFO - DAG(s) 'tutorial_taskflow_api' retrieved from /home/airflow/.local/lib/python3.8/site-packages/airflow/example_dags/tutorial_taskflow_api.py
[2025-09-21T11:20:28.301+0000] {logging_mixin.py:188} INFO - [2025-09-21T11:20:28.301+0000] {dag.py:3036} INFO - Sync 1 DAGs
[2025-09-21T11:20:28.323+0000] {logging_mixin.py:188} INFO - [2025-09-21T11:20:28.322+0000] {dag.py:3823} INFO - Setting next_dagrun for tutorial_taskflow_api to None, run_after=None
[2025-09-21T11:20:28.363+0000] {processor.py:183} INFO - Processing /home/airflow/.local/lib/python3.8/site-packages/airflow/example_dags/tutorial_taskflow_api.py took 0.119 seconds
[2025-09-21T11:20:58.976+0000] {processor.py:161} INFO - Started process (PID=996) to work on /home/airflow/.local/lib/python3.8/site-packages/airflow/example_dags/tutorial_taskflow_api.py
[2025-09-21T11:20:58.979+0000] {processor.py:830} INFO - Processing file /home/airflow/.local/lib/python3.8/site-packages/airflow/example_dags/tutorial_taskflow_api.py for tasks to queue
[2025-09-21T11:20:58.983+0000] {logging_mixin.py:188} INFO - [2025-09-21T11:20:58.982+0000] {dagbag.py:538} INFO - Filling up the DagBag from /home/airflow/.local/lib/python3.8/site-packages/airflow/example_dags/tutorial_taskflow_api.py
[2025-09-21T11:20:59.001+0000] {processor.py:840} INFO - DAG(s) 'tutorial_taskflow_api' retrieved from /home/airflow/.local/lib/python3.8/site-packages/airflow/example_dags/tutorial_taskflow_api.py
[2025-09-21T11:20:59.047+0000] {logging_mixin.py:188} INFO - [2025-09-21T11:20:59.047+0000] {dag.py:3036} INFO - Sync 1 DAGs
[2025-09-21T11:20:59.075+0000] {logging_mixin.py:188} INFO - [2025-09-21T11:20:59.075+0000] {dag.py:3823} INFO - Setting next_dagrun for tutorial_taskflow_api to None, run_after=None
[2025-09-21T11:20:59.122+0000] {processor.py:183} INFO - Processing /home/airflow/.local/lib/python3.8/site-packages/airflow/example_dags/tutorial_taskflow_api.py took 0.153 seconds
[2025-09-21T11:21:29.637+0000] {processor.py:161} INFO - Started process (PID=1054) to work on /home/airflow/.local/lib/python3.8/site-packages/airflow/example_dags/tutorial_taskflow_api.py
[2025-09-21T11:21:29.639+0000] {processor.py:830} INFO - Processing file /home/airflow/.local/lib/python3.8/site-packages/airflow/example_dags/tutorial_taskflow_api.py for tasks to queue
[2025-09-21T11:21:29.642+0000] {logging_mixin.py:188} INFO - [2025-09-21T11:21:29.642+0000] {dagbag.py:538} INFO - Filling up the DagBag from /home/airflow/.local/lib/python3.8/site-packages/airflow/example_dags/tutorial_taskflow_api.py
[2025-09-21T11:21:29.653+0000] {processor.py:840} INFO - DAG(s) 'tutorial_taskflow_api' retrieved from /home/airflow/.local/lib/python3.8/site-packages/airflow/example_dags/tutorial_taskflow_api.py
[2025-09-21T11:21:29.688+0000] {logging_mixin.py:188} INFO - [2025-09-21T11:21:29.687+0000] {dag.py:3036} INFO - Sync 1 DAGs
[2025-09-21T11:21:29.715+0000] {logging_mixin.py:188} INFO - [2025-09-21T11:21:29.715+0000] {dag.py:3823} INFO - Setting next_dagrun for tutorial_taskflow_api to None, run_after=None
[2025-09-21T11:21:29.753+0000] {processor.py:183} INFO - Processing /home/airflow/.local/lib/python3.8/site-packages/airflow/example_dags/tutorial_taskflow_api.py took 0.121 seconds
[2025-09-21T11:22:00.165+0000] {processor.py:161} INFO - Started process (PID=1112) to work on /home/airflow/.local/lib/python3.8/site-packages/airflow/example_dags/tutorial_taskflow_api.py
[2025-09-21T11:22:00.167+0000] {processor.py:830} INFO - Processing file /home/airflow/.local/lib/python3.8/site-packages/airflow/example_dags/tutorial_taskflow_api.py for tasks to queue
[2025-09-21T11:22:00.170+0000] {logging_mixin.py:188} INFO - [2025-09-21T11:22:00.169+0000] {dagbag.py:538} INFO - Filling up the DagBag from /home/airflow/.local/lib/python3.8/site-packages/airflow/example_dags/tutorial_taskflow_api.py
[2025-09-21T11:22:00.182+0000] {processor.py:840} INFO - DAG(s) 'tutorial_taskflow_api' retrieved from /home/airflow/.local/lib/python3.8/site-packages/airflow/example_dags/tutorial_taskflow_api.py
[2025-09-21T11:22:00.216+0000] {logging_mixin.py:188} INFO - [2025-09-21T11:22:00.216+0000] {dag.py:3036} INFO - Sync 1 DAGs
[2025-09-21T11:22:00.241+0000] {logging_mixin.py:188} INFO - [2025-09-21T11:22:00.240+0000] {dag.py:3823} INFO - Setting next_dagrun for tutorial_taskflow_api to None, run_after=None
[2025-09-21T11:22:00.280+0000] {processor.py:183} INFO - Processing /home/airflow/.local/lib/python3.8/site-packages/airflow/example_dags/tutorial_taskflow_api.py took 0.120 seconds
[2025-09-21T11:22:30.424+0000] {processor.py:161} INFO - Started process (PID=1170) to work on /home/airflow/.local/lib/python3.8/site-packages/airflow/example_dags/tutorial_taskflow_api.py
[2025-09-21T11:22:30.426+0000] {processor.py:830} INFO - Processing file /home/airflow/.local/lib/python3.8/site-packages/airflow/example_dags/tutorial_taskflow_api.py for tasks to queue
[2025-09-21T11:22:30.429+0000] {logging_mixin.py:188} INFO - [2025-09-21T11:22:30.429+0000] {dagbag.py:538} INFO - Filling up the DagBag from /home/airflow/.local/lib/python3.8/site-packages/airflow/example_dags/tutorial_taskflow_api.py
[2025-09-21T11:22:30.440+0000] {processor.py:840} INFO - DAG(s) 'tutorial_taskflow_api' retrieved from /home/airflow/.local/lib/python3.8/site-packages/airflow/example_dags/tutorial_taskflow_api.py
[2025-09-21T11:22:30.475+0000] {logging_mixin.py:188} INFO - [2025-09-21T11:22:30.475+0000] {dag.py:3036} INFO - Sync 1 DAGs
[2025-09-21T11:22:30.497+0000] {logging_mixin.py:188} INFO - [2025-09-21T11:22:30.497+0000] {dag.py:3823} INFO - Setting next_dagrun for tutorial_taskflow_api to None, run_after=None
[2025-09-21T11:22:30.535+0000] {processor.py:183} INFO - Processing /home/airflow/.local/lib/python3.8/site-packages/airflow/example_dags/tutorial_taskflow_api.py took 0.117 seconds
[2025-09-21T11:23:01.197+0000] {processor.py:161} INFO - Started process (PID=1228) to work on /home/airflow/.local/lib/python3.8/site-packages/airflow/example_dags/tutorial_taskflow_api.py
[2025-09-21T11:23:01.199+0000] {processor.py:830} INFO - Processing file /home/airflow/.local/lib/python3.8/site-packages/airflow/example_dags/tutorial_taskflow_api.py for tasks to queue
[2025-09-21T11:23:01.203+0000] {logging_mixin.py:188} INFO - [2025-09-21T11:23:01.203+0000] {dagbag.py:538} INFO - Filling up the DagBag from /home/airflow/.local/lib/python3.8/site-packages/airflow/example_dags/tutorial_taskflow_api.py
[2025-09-21T11:23:01.219+0000] {processor.py:840} INFO - DAG(s) 'tutorial_taskflow_api' retrieved from /home/airflow/.local/lib/python3.8/site-packages/airflow/example_dags/tutorial_taskflow_api.py
[2025-09-21T11:23:01.258+0000] {logging_mixin.py:188} INFO - [2025-09-21T11:23:01.257+0000] {dag.py:3036} INFO - Sync 1 DAGs
[2025-09-21T11:23:01.285+0000] {logging_mixin.py:188} INFO - [2025-09-21T11:23:01.285+0000] {dag.py:3823} INFO - Setting next_dagrun for tutorial_taskflow_api to None, run_after=None
[2025-09-21T11:23:01.320+0000] {processor.py:183} INFO - Processing /home/airflow/.local/lib/python3.8/site-packages/airflow/example_dags/tutorial_taskflow_api.py took 0.131 seconds
[2025-09-21T11:23:31.861+0000] {processor.py:161} INFO - Started process (PID=1286) to work on /home/airflow/.local/lib/python3.8/site-packages/airflow/example_dags/tutorial_taskflow_api.py
[2025-09-21T11:23:31.863+0000] {processor.py:830} INFO - Processing file /home/airflow/.local/lib/python3.8/site-packages/airflow/example_dags/tutorial_taskflow_api.py for tasks to queue
[2025-09-21T11:23:31.867+0000] {logging_mixin.py:188} INFO - [2025-09-21T11:23:31.866+0000] {dagbag.py:538} INFO - Filling up the DagBag from /home/airflow/.local/lib/python3.8/site-packages/airflow/example_dags/tutorial_taskflow_api.py
[2025-09-21T11:23:31.880+0000] {processor.py:840} INFO - DAG(s) 'tutorial_taskflow_api' retrieved from /home/airflow/.local/lib/python3.8/site-packages/airflow/example_dags/tutorial_taskflow_api.py
[2025-09-21T11:23:31.922+0000] {logging_mixin.py:188} INFO - [2025-09-21T11:23:31.922+0000] {dag.py:3036} INFO - Sync 1 DAGs
[2025-09-21T11:23:31.952+0000] {logging_mixin.py:188} INFO - [2025-09-21T11:23:31.952+0000] {dag.py:3823} INFO - Setting next_dagrun for tutorial_taskflow_api to None, run_after=None
[2025-09-21T11:23:31.996+0000] {processor.py:183} INFO - Processing /home/airflow/.local/lib/python3.8/site-packages/airflow/example_dags/tutorial_taskflow_api.py took 0.141 seconds
[2025-09-21T11:24:02.553+0000] {processor.py:161} INFO - Started process (PID=1344) to work on /home/airflow/.local/lib/python3.8/site-packages/airflow/example_dags/tutorial_taskflow_api.py
[2025-09-21T11:24:02.555+0000] {processor.py:830} INFO - Processing file /home/airflow/.local/lib/python3.8/site-packages/airflow/example_dags/tutorial_taskflow_api.py for tasks to queue
[2025-09-21T11:24:02.559+0000] {logging_mixin.py:188} INFO - [2025-09-21T11:24:02.558+0000] {dagbag.py:538} INFO - Filling up the DagBag from /home/airflow/.local/lib/python3.8/site-packages/airflow/example_dags/tutorial_taskflow_api.py
[2025-09-21T11:24:02.571+0000] {processor.py:840} INFO - DAG(s) 'tutorial_taskflow_api' retrieved from /home/airflow/.local/lib/python3.8/site-packages/airflow/example_dags/tutorial_taskflow_api.py
[2025-09-21T11:24:02.607+0000] {logging_mixin.py:188} INFO - [2025-09-21T11:24:02.607+0000] {dag.py:3036} INFO - Sync 1 DAGs
[2025-09-21T11:24:02.631+0000] {logging_mixin.py:188} INFO - [2025-09-21T11:24:02.631+0000] {dag.py:3823} INFO - Setting next_dagrun for tutorial_taskflow_api to None, run_after=None
[2025-09-21T11:24:02.681+0000] {processor.py:183} INFO - Processing /home/airflow/.local/lib/python3.8/site-packages/airflow/example_dags/tutorial_taskflow_api.py took 0.134 seconds
[2025-09-21T11:24:33.042+0000] {processor.py:161} INFO - Started process (PID=1402) to work on /home/airflow/.local/lib/python3.8/site-packages/airflow/example_dags/tutorial_taskflow_api.py
[2025-09-21T11:24:33.044+0000] {processor.py:830} INFO - Processing file /home/airflow/.local/lib/python3.8/site-packages/airflow/example_dags/tutorial_taskflow_api.py for tasks to queue
[2025-09-21T11:24:33.048+0000] {logging_mixin.py:188} INFO - [2025-09-21T11:24:33.047+0000] {dagbag.py:538} INFO - Filling up the DagBag from /home/airflow/.local/lib/python3.8/site-packages/airflow/example_dags/tutorial_taskflow_api.py
[2025-09-21T11:24:33.061+0000] {processor.py:840} INFO - DAG(s) 'tutorial_taskflow_api' retrieved from /home/airflow/.local/lib/python3.8/site-packages/airflow/example_dags/tutorial_taskflow_api.py
[2025-09-21T11:24:33.097+0000] {logging_mixin.py:188} INFO - [2025-09-21T11:24:33.096+0000] {dag.py:3036} INFO - Sync 1 DAGs
[2025-09-21T11:24:33.124+0000] {logging_mixin.py:188} INFO - [2025-09-21T11:24:33.124+0000] {dag.py:3823} INFO - Setting next_dagrun for tutorial_taskflow_api to None, run_after=None
[2025-09-21T11:24:33.160+0000] {processor.py:183} INFO - Processing /home/airflow/.local/lib/python3.8/site-packages/airflow/example_dags/tutorial_taskflow_api.py took 0.127 seconds
[2025-09-21T11:25:03.526+0000] {processor.py:161} INFO - Started process (PID=1460) to work on /home/airflow/.local/lib/python3.8/site-packages/airflow/example_dags/tutorial_taskflow_api.py
[2025-09-21T11:25:03.528+0000] {processor.py:830} INFO - Processing file /home/airflow/.local/lib/python3.8/site-packages/airflow/example_dags/tutorial_taskflow_api.py for tasks to queue
[2025-09-21T11:25:03.531+0000] {logging_mixin.py:188} INFO - [2025-09-21T11:25:03.530+0000] {dagbag.py:538} INFO - Filling up the DagBag from /home/airflow/.local/lib/python3.8/site-packages/airflow/example_dags/tutorial_taskflow_api.py
[2025-09-21T11:25:03.546+0000] {processor.py:840} INFO - DAG(s) 'tutorial_taskflow_api' retrieved from /home/airflow/.local/lib/python3.8/site-packages/airflow/example_dags/tutorial_taskflow_api.py
[2025-09-21T11:25:03.580+0000] {logging_mixin.py:188} INFO - [2025-09-21T11:25:03.580+0000] {dag.py:3036} INFO - Sync 1 DAGs
[2025-09-21T11:25:03.603+0000] {logging_mixin.py:188} INFO - [2025-09-21T11:25:03.602+0000] {dag.py:3823} INFO - Setting next_dagrun for tutorial_taskflow_api to None, run_after=None
[2025-09-21T11:25:03.640+0000] {processor.py:183} INFO - Processing /home/airflow/.local/lib/python3.8/site-packages/airflow/example_dags/tutorial_taskflow_api.py took 0.120 seconds
[2025-09-21T11:25:34.209+0000] {processor.py:161} INFO - Started process (PID=1518) to work on /home/airflow/.local/lib/python3.8/site-packages/airflow/example_dags/tutorial_taskflow_api.py
[2025-09-21T11:25:34.211+0000] {processor.py:830} INFO - Processing file /home/airflow/.local/lib/python3.8/site-packages/airflow/example_dags/tutorial_taskflow_api.py for tasks to queue
[2025-09-21T11:25:34.215+0000] {logging_mixin.py:188} INFO - [2025-09-21T11:25:34.214+0000] {dagbag.py:538} INFO - Filling up the DagBag from /home/airflow/.local/lib/python3.8/site-packages/airflow/example_dags/tutorial_taskflow_api.py
[2025-09-21T11:25:34.229+0000] {processor.py:840} INFO - DAG(s) 'tutorial_taskflow_api' retrieved from /home/airflow/.local/lib/python3.8/site-packages/airflow/example_dags/tutorial_taskflow_api.py
[2025-09-21T11:25:34.263+0000] {logging_mixin.py:188} INFO - [2025-09-21T11:25:34.263+0000] {dag.py:3036} INFO - Sync 1 DAGs
[2025-09-21T11:25:34.285+0000] {logging_mixin.py:188} INFO - [2025-09-21T11:25:34.285+0000] {dag.py:3823} INFO - Setting next_dagrun for tutorial_taskflow_api to None, run_after=None
[2025-09-21T11:25:34.323+0000] {processor.py:183} INFO - Processing /home/airflow/.local/lib/python3.8/site-packages/airflow/example_dags/tutorial_taskflow_api.py took 0.119 seconds
[2025-09-21T11:26:04.839+0000] {processor.py:161} INFO - Started process (PID=1576) to work on /home/airflow/.local/lib/python3.8/site-packages/airflow/example_dags/tutorial_taskflow_api.py
[2025-09-21T11:26:04.841+0000] {processor.py:830} INFO - Processing file /home/airflow/.local/lib/python3.8/site-packages/airflow/example_dags/tutorial_taskflow_api.py for tasks to queue
[2025-09-21T11:26:04.845+0000] {logging_mixin.py:188} INFO - [2025-09-21T11:26:04.844+0000] {dagbag.py:538} INFO - Filling up the DagBag from /home/airflow/.local/lib/python3.8/site-packages/airflow/example_dags/tutorial_taskflow_api.py
[2025-09-21T11:26:04.856+0000] {processor.py:840} INFO - DAG(s) 'tutorial_taskflow_api' retrieved from /home/airflow/.local/lib/python3.8/site-packages/airflow/example_dags/tutorial_taskflow_api.py
[2025-09-21T11:26:04.893+0000] {logging_mixin.py:188} INFO - [2025-09-21T11:26:04.893+0000] {dag.py:3036} INFO - Sync 1 DAGs
[2025-09-21T11:26:04.916+0000] {logging_mixin.py:188} INFO - [2025-09-21T11:26:04.916+0000] {dag.py:3823} INFO - Setting next_dagrun for tutorial_taskflow_api to None, run_after=None
[2025-09-21T11:26:04.956+0000] {processor.py:183} INFO - Processing /home/airflow/.local/lib/python3.8/site-packages/airflow/example_dags/tutorial_taskflow_api.py took 0.124 seconds
[2025-09-21T11:26:35.480+0000] {processor.py:161} INFO - Started process (PID=1634) to work on /home/airflow/.local/lib/python3.8/site-packages/airflow/example_dags/tutorial_taskflow_api.py
[2025-09-21T11:26:35.482+0000] {processor.py:830} INFO - Processing file /home/airflow/.local/lib/python3.8/site-packages/airflow/example_dags/tutorial_taskflow_api.py for tasks to queue
[2025-09-21T11:26:35.485+0000] {logging_mixin.py:188} INFO - [2025-09-21T11:26:35.485+0000] {dagbag.py:538} INFO - Filling up the DagBag from /home/airflow/.local/lib/python3.8/site-packages/airflow/example_dags/tutorial_taskflow_api.py
[2025-09-21T11:26:35.496+0000] {processor.py:840} INFO - DAG(s) 'tutorial_taskflow_api' retrieved from /home/airflow/.local/lib/python3.8/site-packages/airflow/example_dags/tutorial_taskflow_api.py
[2025-09-21T11:26:35.531+0000] {logging_mixin.py:188} INFO - [2025-09-21T11:26:35.530+0000] {dag.py:3036} INFO - Sync 1 DAGs
[2025-09-21T11:26:35.552+0000] {logging_mixin.py:188} INFO - [2025-09-21T11:26:35.552+0000] {dag.py:3823} INFO - Setting next_dagrun for tutorial_taskflow_api to None, run_after=None
[2025-09-21T11:26:35.590+0000] {processor.py:183} INFO - Processing /home/airflow/.local/lib/python3.8/site-packages/airflow/example_dags/tutorial_taskflow_api.py took 0.116 seconds
[2025-09-21T11:27:06.275+0000] {processor.py:161} INFO - Started process (PID=1692) to work on /home/airflow/.local/lib/python3.8/site-packages/airflow/example_dags/tutorial_taskflow_api.py
[2025-09-21T11:27:06.277+0000] {processor.py:830} INFO - Processing file /home/airflow/.local/lib/python3.8/site-packages/airflow/example_dags/tutorial_taskflow_api.py for tasks to queue
[2025-09-21T11:27:06.281+0000] {logging_mixin.py:188} INFO - [2025-09-21T11:27:06.280+0000] {dagbag.py:538} INFO - Filling up the DagBag from /home/airflow/.local/lib/python3.8/site-packages/airflow/example_dags/tutorial_taskflow_api.py
[2025-09-21T11:27:06.292+0000] {processor.py:840} INFO - DAG(s) 'tutorial_taskflow_api' retrieved from /home/airflow/.local/lib/python3.8/site-packages/airflow/example_dags/tutorial_taskflow_api.py
[2025-09-21T11:27:06.327+0000] {logging_mixin.py:188} INFO - [2025-09-21T11:27:06.327+0000] {dag.py:3036} INFO - Sync 1 DAGs
[2025-09-21T11:27:06.349+0000] {logging_mixin.py:188} INFO - [2025-09-21T11:27:06.349+0000] {dag.py:3823} INFO - Setting next_dagrun for tutorial_taskflow_api to None, run_after=None
[2025-09-21T11:27:06.384+0000] {processor.py:183} INFO - Processing /home/airflow/.local/lib/python3.8/site-packages/airflow/example_dags/tutorial_taskflow_api.py took 0.114 seconds
[2025-09-21T11:27:36.891+0000] {processor.py:161} INFO - Started process (PID=1750) to work on /home/airflow/.local/lib/python3.8/site-packages/airflow/example_dags/tutorial_taskflow_api.py
[2025-09-21T11:27:36.893+0000] {processor.py:830} INFO - Processing file /home/airflow/.local/lib/python3.8/site-packages/airflow/example_dags/tutorial_taskflow_api.py for tasks to queue
[2025-09-21T11:27:36.896+0000] {logging_mixin.py:188} INFO - [2025-09-21T11:27:36.896+0000] {dagbag.py:538} INFO - Filling up the DagBag from /home/airflow/.local/lib/python3.8/site-packages/airflow/example_dags/tutorial_taskflow_api.py
[2025-09-21T11:27:36.907+0000] {processor.py:840} INFO - DAG(s) 'tutorial_taskflow_api' retrieved from /home/airflow/.local/lib/python3.8/site-packages/airflow/example_dags/tutorial_taskflow_api.py
[2025-09-21T11:27:36.942+0000] {logging_mixin.py:188} INFO - [2025-09-21T11:27:36.942+0000] {dag.py:3036} INFO - Sync 1 DAGs
[2025-09-21T11:27:36.966+0000] {logging_mixin.py:188} INFO - [2025-09-21T11:27:36.965+0000] {dag.py:3823} INFO - Setting next_dagrun for tutorial_taskflow_api to None, run_after=None
[2025-09-21T11:27:37.004+0000] {processor.py:183} INFO - Processing /home/airflow/.local/lib/python3.8/site-packages/airflow/example_dags/tutorial_taskflow_api.py took 0.119 seconds
[2025-09-21T11:28:07.499+0000] {processor.py:161} INFO - Started process (PID=1814) to work on /home/airflow/.local/lib/python3.8/site-packages/airflow/example_dags/tutorial_taskflow_api.py
[2025-09-21T11:28:07.500+0000] {processor.py:830} INFO - Processing file /home/airflow/.local/lib/python3.8/site-packages/airflow/example_dags/tutorial_taskflow_api.py for tasks to queue
[2025-09-21T11:28:07.504+0000] {logging_mixin.py:188} INFO - [2025-09-21T11:28:07.503+0000] {dagbag.py:538} INFO - Filling up the DagBag from /home/airflow/.local/lib/python3.8/site-packages/airflow/example_dags/tutorial_taskflow_api.py
[2025-09-21T11:28:07.516+0000] {processor.py:840} INFO - DAG(s) 'tutorial_taskflow_api' retrieved from /home/airflow/.local/lib/python3.8/site-packages/airflow/example_dags/tutorial_taskflow_api.py
[2025-09-21T11:28:07.548+0000] {logging_mixin.py:188} INFO - [2025-09-21T11:28:07.548+0000] {dag.py:3036} INFO - Sync 1 DAGs
[2025-09-21T11:28:07.574+0000] {logging_mixin.py:188} INFO - [2025-09-21T11:28:07.573+0000] {dag.py:3823} INFO - Setting next_dagrun for tutorial_taskflow_api to None, run_after=None
[2025-09-21T11:28:07.610+0000] {processor.py:183} INFO - Processing /home/airflow/.local/lib/python3.8/site-packages/airflow/example_dags/tutorial_taskflow_api.py took 0.117 seconds
[2025-09-21T11:28:38.324+0000] {processor.py:161} INFO - Started process (PID=1872) to work on /home/airflow/.local/lib/python3.8/site-packages/airflow/example_dags/tutorial_taskflow_api.py
[2025-09-21T11:28:38.326+0000] {processor.py:830} INFO - Processing file /home/airflow/.local/lib/python3.8/site-packages/airflow/example_dags/tutorial_taskflow_api.py for tasks to queue
[2025-09-21T11:28:38.330+0000] {logging_mixin.py:188} INFO - [2025-09-21T11:28:38.329+0000] {dagbag.py:538} INFO - Filling up the DagBag from /home/airflow/.local/lib/python3.8/site-packages/airflow/example_dags/tutorial_taskflow_api.py
[2025-09-21T11:28:38.342+0000] {processor.py:840} INFO - DAG(s) 'tutorial_taskflow_api' retrieved from /home/airflow/.local/lib/python3.8/site-packages/airflow/example_dags/tutorial_taskflow_api.py
[2025-09-21T11:28:38.376+0000] {logging_mixin.py:188} INFO - [2025-09-21T11:28:38.376+0000] {dag.py:3036} INFO - Sync 1 DAGs
[2025-09-21T11:28:38.401+0000] {logging_mixin.py:188} INFO - [2025-09-21T11:28:38.401+0000] {dag.py:3823} INFO - Setting next_dagrun for tutorial_taskflow_api to None, run_after=None
[2025-09-21T11:28:38.439+0000] {processor.py:183} INFO - Processing /home/airflow/.local/lib/python3.8/site-packages/airflow/example_dags/tutorial_taskflow_api.py took 0.121 seconds
[2025-09-21T11:29:08.794+0000] {processor.py:161} INFO - Started process (PID=1931) to work on /home/airflow/.local/lib/python3.8/site-packages/airflow/example_dags/tutorial_taskflow_api.py
[2025-09-21T11:29:08.796+0000] {processor.py:830} INFO - Processing file /home/airflow/.local/lib/python3.8/site-packages/airflow/example_dags/tutorial_taskflow_api.py for tasks to queue
[2025-09-21T11:29:08.799+0000] {logging_mixin.py:188} INFO - [2025-09-21T11:29:08.799+0000] {dagbag.py:538} INFO - Filling up the DagBag from /home/airflow/.local/lib/python3.8/site-packages/airflow/example_dags/tutorial_taskflow_api.py
[2025-09-21T11:29:08.810+0000] {processor.py:840} INFO - DAG(s) 'tutorial_taskflow_api' retrieved from /home/airflow/.local/lib/python3.8/site-packages/airflow/example_dags/tutorial_taskflow_api.py
[2025-09-21T11:29:08.846+0000] {logging_mixin.py:188} INFO - [2025-09-21T11:29:08.846+0000] {dag.py:3036} INFO - Sync 1 DAGs
[2025-09-21T11:29:08.869+0000] {logging_mixin.py:188} INFO - [2025-09-21T11:29:08.868+0000] {dag.py:3823} INFO - Setting next_dagrun for tutorial_taskflow_api to None, run_after=None
[2025-09-21T11:29:08.908+0000] {processor.py:183} INFO - Processing /home/airflow/.local/lib/python3.8/site-packages/airflow/example_dags/tutorial_taskflow_api.py took 0.119 seconds
[2025-09-21T11:29:39.320+0000] {processor.py:161} INFO - Started process (PID=1989) to work on /home/airflow/.local/lib/python3.8/site-packages/airflow/example_dags/tutorial_taskflow_api.py
[2025-09-21T11:29:39.323+0000] {processor.py:830} INFO - Processing file /home/airflow/.local/lib/python3.8/site-packages/airflow/example_dags/tutorial_taskflow_api.py for tasks to queue
[2025-09-21T11:29:39.329+0000] {logging_mixin.py:188} INFO - [2025-09-21T11:29:39.327+0000] {dagbag.py:538} INFO - Filling up the DagBag from /home/airflow/.local/lib/python3.8/site-packages/airflow/example_dags/tutorial_taskflow_api.py
[2025-09-21T11:29:39.344+0000] {processor.py:840} INFO - DAG(s) 'tutorial_taskflow_api' retrieved from /home/airflow/.local/lib/python3.8/site-packages/airflow/example_dags/tutorial_taskflow_api.py
[2025-09-21T11:29:39.391+0000] {logging_mixin.py:188} INFO - [2025-09-21T11:29:39.391+0000] {dag.py:3036} INFO - Sync 1 DAGs
[2025-09-21T11:29:39.425+0000] {logging_mixin.py:188} INFO - [2025-09-21T11:29:39.424+0000] {dag.py:3823} INFO - Setting next_dagrun for tutorial_taskflow_api to None, run_after=None
[2025-09-21T11:29:39.469+0000] {processor.py:183} INFO - Processing /home/airflow/.local/lib/python3.8/site-packages/airflow/example_dags/tutorial_taskflow_api.py took 0.157 seconds
[2025-09-21T11:30:09.723+0000] {processor.py:161} INFO - Started process (PID=2047) to work on /home/airflow/.local/lib/python3.8/site-packages/airflow/example_dags/tutorial_taskflow_api.py
[2025-09-21T11:30:09.725+0000] {processor.py:830} INFO - Processing file /home/airflow/.local/lib/python3.8/site-packages/airflow/example_dags/tutorial_taskflow_api.py for tasks to queue
[2025-09-21T11:30:09.730+0000] {logging_mixin.py:188} INFO - [2025-09-21T11:30:09.729+0000] {dagbag.py:538} INFO - Filling up the DagBag from /home/airflow/.local/lib/python3.8/site-packages/airflow/example_dags/tutorial_taskflow_api.py
[2025-09-21T11:30:09.742+0000] {processor.py:840} INFO - DAG(s) 'tutorial_taskflow_api' retrieved from /home/airflow/.local/lib/python3.8/site-packages/airflow/example_dags/tutorial_taskflow_api.py
[2025-09-21T11:30:09.776+0000] {logging_mixin.py:188} INFO - [2025-09-21T11:30:09.776+0000] {dag.py:3036} INFO - Sync 1 DAGs
[2025-09-21T11:30:09.800+0000] {logging_mixin.py:188} INFO - [2025-09-21T11:30:09.799+0000] {dag.py:3823} INFO - Setting next_dagrun for tutorial_taskflow_api to None, run_after=None
[2025-09-21T11:30:09.841+0000] {processor.py:183} INFO - Processing /home/airflow/.local/lib/python3.8/site-packages/airflow/example_dags/tutorial_taskflow_api.py took 0.125 seconds
[2025-09-21T11:30:40.035+0000] {processor.py:161} INFO - Started process (PID=2105) to work on /home/airflow/.local/lib/python3.8/site-packages/airflow/example_dags/tutorial_taskflow_api.py
[2025-09-21T11:30:40.037+0000] {processor.py:830} INFO - Processing file /home/airflow/.local/lib/python3.8/site-packages/airflow/example_dags/tutorial_taskflow_api.py for tasks to queue
[2025-09-21T11:30:40.040+0000] {logging_mixin.py:188} INFO - [2025-09-21T11:30:40.039+0000] {dagbag.py:538} INFO - Filling up the DagBag from /home/airflow/.local/lib/python3.8/site-packages/airflow/example_dags/tutorial_taskflow_api.py
[2025-09-21T11:30:40.051+0000] {processor.py:840} INFO - DAG(s) 'tutorial_taskflow_api' retrieved from /home/airflow/.local/lib/python3.8/site-packages/airflow/example_dags/tutorial_taskflow_api.py
[2025-09-21T11:30:40.086+0000] {logging_mixin.py:188} INFO - [2025-09-21T11:30:40.085+0000] {dag.py:3036} INFO - Sync 1 DAGs
[2025-09-21T11:30:40.108+0000] {logging_mixin.py:188} INFO - [2025-09-21T11:30:40.108+0000] {dag.py:3823} INFO - Setting next_dagrun for tutorial_taskflow_api to None, run_after=None
[2025-09-21T11:30:40.148+0000] {processor.py:183} INFO - Processing /home/airflow/.local/lib/python3.8/site-packages/airflow/example_dags/tutorial_taskflow_api.py took 0.119 seconds
[2025-09-21T11:31:10.932+0000] {processor.py:161} INFO - Started process (PID=2161) to work on /home/airflow/.local/lib/python3.8/site-packages/airflow/example_dags/tutorial_taskflow_api.py
[2025-09-21T11:31:10.934+0000] {processor.py:830} INFO - Processing file /home/airflow/.local/lib/python3.8/site-packages/airflow/example_dags/tutorial_taskflow_api.py for tasks to queue
[2025-09-21T11:31:10.937+0000] {logging_mixin.py:188} INFO - [2025-09-21T11:31:10.937+0000] {dagbag.py:538} INFO - Filling up the DagBag from /home/airflow/.local/lib/python3.8/site-packages/airflow/example_dags/tutorial_taskflow_api.py
[2025-09-21T11:31:10.948+0000] {processor.py:840} INFO - DAG(s) 'tutorial_taskflow_api' retrieved from /home/airflow/.local/lib/python3.8/site-packages/airflow/example_dags/tutorial_taskflow_api.py
[2025-09-21T11:31:10.983+0000] {logging_mixin.py:188} INFO - [2025-09-21T11:31:10.983+0000] {dag.py:3036} INFO - Sync 1 DAGs
[2025-09-21T11:31:11.007+0000] {logging_mixin.py:188} INFO - [2025-09-21T11:31:11.007+0000] {dag.py:3823} INFO - Setting next_dagrun for tutorial_taskflow_api to None, run_after=None
[2025-09-21T11:31:11.047+0000] {processor.py:183} INFO - Processing /home/airflow/.local/lib/python3.8/site-packages/airflow/example_dags/tutorial_taskflow_api.py took 0.121 seconds
[2025-09-21T11:31:41.477+0000] {processor.py:161} INFO - Started process (PID=2219) to work on /home/airflow/.local/lib/python3.8/site-packages/airflow/example_dags/tutorial_taskflow_api.py
[2025-09-21T11:31:41.479+0000] {processor.py:830} INFO - Processing file /home/airflow/.local/lib/python3.8/site-packages/airflow/example_dags/tutorial_taskflow_api.py for tasks to queue
[2025-09-21T11:31:41.482+0000] {logging_mixin.py:188} INFO - [2025-09-21T11:31:41.481+0000] {dagbag.py:538} INFO - Filling up the DagBag from /home/airflow/.local/lib/python3.8/site-packages/airflow/example_dags/tutorial_taskflow_api.py
[2025-09-21T11:31:41.493+0000] {processor.py:840} INFO - DAG(s) 'tutorial_taskflow_api' retrieved from /home/airflow/.local/lib/python3.8/site-packages/airflow/example_dags/tutorial_taskflow_api.py
[2025-09-21T11:31:41.529+0000] {logging_mixin.py:188} INFO - [2025-09-21T11:31:41.528+0000] {dag.py:3036} INFO - Sync 1 DAGs
[2025-09-21T11:31:41.551+0000] {logging_mixin.py:188} INFO - [2025-09-21T11:31:41.551+0000] {dag.py:3823} INFO - Setting next_dagrun for tutorial_taskflow_api to None, run_after=None
[2025-09-21T11:31:41.592+0000] {processor.py:183} INFO - Processing /home/airflow/.local/lib/python3.8/site-packages/airflow/example_dags/tutorial_taskflow_api.py took 0.121 seconds
[2025-09-21T11:32:11.796+0000] {processor.py:161} INFO - Started process (PID=2277) to work on /home/airflow/.local/lib/python3.8/site-packages/airflow/example_dags/tutorial_taskflow_api.py
[2025-09-21T11:32:11.798+0000] {processor.py:830} INFO - Processing file /home/airflow/.local/lib/python3.8/site-packages/airflow/example_dags/tutorial_taskflow_api.py for tasks to queue
[2025-09-21T11:32:11.802+0000] {logging_mixin.py:188} INFO - [2025-09-21T11:32:11.801+0000] {dagbag.py:538} INFO - Filling up the DagBag from /home/airflow/.local/lib/python3.8/site-packages/airflow/example_dags/tutorial_taskflow_api.py
[2025-09-21T11:32:11.814+0000] {processor.py:840} INFO - DAG(s) 'tutorial_taskflow_api' retrieved from /home/airflow/.local/lib/python3.8/site-packages/airflow/example_dags/tutorial_taskflow_api.py
[2025-09-21T11:32:11.849+0000] {logging_mixin.py:188} INFO - [2025-09-21T11:32:11.848+0000] {dag.py:3036} INFO - Sync 1 DAGs
[2025-09-21T11:32:11.871+0000] {logging_mixin.py:188} INFO - [2025-09-21T11:32:11.871+0000] {dag.py:3823} INFO - Setting next_dagrun for tutorial_taskflow_api to None, run_after=None
[2025-09-21T11:32:11.911+0000] {processor.py:183} INFO - Processing /home/airflow/.local/lib/python3.8/site-packages/airflow/example_dags/tutorial_taskflow_api.py took 0.121 seconds
[2025-09-21T11:32:42.492+0000] {processor.py:161} INFO - Started process (PID=2335) to work on /home/airflow/.local/lib/python3.8/site-packages/airflow/example_dags/tutorial_taskflow_api.py
[2025-09-21T11:32:42.495+0000] {processor.py:830} INFO - Processing file /home/airflow/.local/lib/python3.8/site-packages/airflow/example_dags/tutorial_taskflow_api.py for tasks to queue
[2025-09-21T11:32:42.500+0000] {logging_mixin.py:188} INFO - [2025-09-21T11:32:42.499+0000] {dagbag.py:538} INFO - Filling up the DagBag from /home/airflow/.local/lib/python3.8/site-packages/airflow/example_dags/tutorial_taskflow_api.py
[2025-09-21T11:32:42.524+0000] {processor.py:840} INFO - DAG(s) 'tutorial_taskflow_api' retrieved from /home/airflow/.local/lib/python3.8/site-packages/airflow/example_dags/tutorial_taskflow_api.py
[2025-09-21T11:32:42.575+0000] {logging_mixin.py:188} INFO - [2025-09-21T11:32:42.575+0000] {dag.py:3036} INFO - Sync 1 DAGs
[2025-09-21T11:32:42.603+0000] {logging_mixin.py:188} INFO - [2025-09-21T11:32:42.603+0000] {dag.py:3823} INFO - Setting next_dagrun for tutorial_taskflow_api to None, run_after=None
[2025-09-21T11:32:42.648+0000] {processor.py:183} INFO - Processing /home/airflow/.local/lib/python3.8/site-packages/airflow/example_dags/tutorial_taskflow_api.py took 0.163 seconds
[2025-09-21T11:33:13.108+0000] {processor.py:161} INFO - Started process (PID=2393) to work on /home/airflow/.local/lib/python3.8/site-packages/airflow/example_dags/tutorial_taskflow_api.py
[2025-09-21T11:33:13.110+0000] {processor.py:830} INFO - Processing file /home/airflow/.local/lib/python3.8/site-packages/airflow/example_dags/tutorial_taskflow_api.py for tasks to queue
[2025-09-21T11:33:13.114+0000] {logging_mixin.py:188} INFO - [2025-09-21T11:33:13.113+0000] {dagbag.py:538} INFO - Filling up the DagBag from /home/airflow/.local/lib/python3.8/site-packages/airflow/example_dags/tutorial_taskflow_api.py
[2025-09-21T11:33:13.125+0000] {processor.py:840} INFO - DAG(s) 'tutorial_taskflow_api' retrieved from /home/airflow/.local/lib/python3.8/site-packages/airflow/example_dags/tutorial_taskflow_api.py
[2025-09-21T11:33:13.159+0000] {logging_mixin.py:188} INFO - [2025-09-21T11:33:13.158+0000] {dag.py:3036} INFO - Sync 1 DAGs
[2025-09-21T11:33:13.184+0000] {logging_mixin.py:188} INFO - [2025-09-21T11:33:13.183+0000] {dag.py:3823} INFO - Setting next_dagrun for tutorial_taskflow_api to None, run_after=None
[2025-09-21T11:33:13.220+0000] {processor.py:183} INFO - Processing /home/airflow/.local/lib/python3.8/site-packages/airflow/example_dags/tutorial_taskflow_api.py took 0.119 seconds
[2025-09-21T11:33:43.857+0000] {processor.py:161} INFO - Started process (PID=2449) to work on /home/airflow/.local/lib/python3.8/site-packages/airflow/example_dags/tutorial_taskflow_api.py
[2025-09-21T11:33:43.859+0000] {processor.py:830} INFO - Processing file /home/airflow/.local/lib/python3.8/site-packages/airflow/example_dags/tutorial_taskflow_api.py for tasks to queue
[2025-09-21T11:33:43.862+0000] {logging_mixin.py:188} INFO - [2025-09-21T11:33:43.861+0000] {dagbag.py:538} INFO - Filling up the DagBag from /home/airflow/.local/lib/python3.8/site-packages/airflow/example_dags/tutorial_taskflow_api.py
[2025-09-21T11:33:43.874+0000] {processor.py:840} INFO - DAG(s) 'tutorial_taskflow_api' retrieved from /home/airflow/.local/lib/python3.8/site-packages/airflow/example_dags/tutorial_taskflow_api.py
[2025-09-21T11:33:43.909+0000] {logging_mixin.py:188} INFO - [2025-09-21T11:33:43.909+0000] {dag.py:3036} INFO - Sync 1 DAGs
[2025-09-21T11:33:43.933+0000] {logging_mixin.py:188} INFO - [2025-09-21T11:33:43.932+0000] {dag.py:3823} INFO - Setting next_dagrun for tutorial_taskflow_api to None, run_after=None
[2025-09-21T11:33:43.966+0000] {processor.py:183} INFO - Processing /home/airflow/.local/lib/python3.8/site-packages/airflow/example_dags/tutorial_taskflow_api.py took 0.115 seconds
[2025-09-21T11:34:14.168+0000] {processor.py:161} INFO - Started process (PID=2507) to work on /home/airflow/.local/lib/python3.8/site-packages/airflow/example_dags/tutorial_taskflow_api.py
[2025-09-21T11:34:14.170+0000] {processor.py:830} INFO - Processing file /home/airflow/.local/lib/python3.8/site-packages/airflow/example_dags/tutorial_taskflow_api.py for tasks to queue
[2025-09-21T11:34:14.173+0000] {logging_mixin.py:188} INFO - [2025-09-21T11:34:14.173+0000] {dagbag.py:538} INFO - Filling up the DagBag from /home/airflow/.local/lib/python3.8/site-packages/airflow/example_dags/tutorial_taskflow_api.py
[2025-09-21T11:34:14.185+0000] {processor.py:840} INFO - DAG(s) 'tutorial_taskflow_api' retrieved from /home/airflow/.local/lib/python3.8/site-packages/airflow/example_dags/tutorial_taskflow_api.py
[2025-09-21T11:34:14.220+0000] {logging_mixin.py:188} INFO - [2025-09-21T11:34:14.220+0000] {dag.py:3036} INFO - Sync 1 DAGs
[2025-09-21T11:34:14.243+0000] {logging_mixin.py:188} INFO - [2025-09-21T11:34:14.243+0000] {dag.py:3823} INFO - Setting next_dagrun for tutorial_taskflow_api to None, run_after=None
[2025-09-21T11:34:14.282+0000] {processor.py:183} INFO - Processing /home/airflow/.local/lib/python3.8/site-packages/airflow/example_dags/tutorial_taskflow_api.py took 0.120 seconds
[2025-09-21T11:34:44.465+0000] {processor.py:161} INFO - Started process (PID=2565) to work on /home/airflow/.local/lib/python3.8/site-packages/airflow/example_dags/tutorial_taskflow_api.py
[2025-09-21T11:34:44.467+0000] {processor.py:830} INFO - Processing file /home/airflow/.local/lib/python3.8/site-packages/airflow/example_dags/tutorial_taskflow_api.py for tasks to queue
[2025-09-21T11:34:44.471+0000] {logging_mixin.py:188} INFO - [2025-09-21T11:34:44.470+0000] {dagbag.py:538} INFO - Filling up the DagBag from /home/airflow/.local/lib/python3.8/site-packages/airflow/example_dags/tutorial_taskflow_api.py
[2025-09-21T11:34:44.483+0000] {processor.py:840} INFO - DAG(s) 'tutorial_taskflow_api' retrieved from /home/airflow/.local/lib/python3.8/site-packages/airflow/example_dags/tutorial_taskflow_api.py
[2025-09-21T11:34:44.518+0000] {logging_mixin.py:188} INFO - [2025-09-21T11:34:44.517+0000] {dag.py:3036} INFO - Sync 1 DAGs
[2025-09-21T11:34:44.540+0000] {logging_mixin.py:188} INFO - [2025-09-21T11:34:44.539+0000] {dag.py:3823} INFO - Setting next_dagrun for tutorial_taskflow_api to None, run_after=None
[2025-09-21T11:34:44.579+0000] {processor.py:183} INFO - Processing /home/airflow/.local/lib/python3.8/site-packages/airflow/example_dags/tutorial_taskflow_api.py took 0.122 seconds
[2025-09-21T11:35:14.926+0000] {processor.py:161} INFO - Started process (PID=2623) to work on /home/airflow/.local/lib/python3.8/site-packages/airflow/example_dags/tutorial_taskflow_api.py
[2025-09-21T11:35:14.928+0000] {processor.py:830} INFO - Processing file /home/airflow/.local/lib/python3.8/site-packages/airflow/example_dags/tutorial_taskflow_api.py for tasks to queue
[2025-09-21T11:35:14.932+0000] {logging_mixin.py:188} INFO - [2025-09-21T11:35:14.931+0000] {dagbag.py:538} INFO - Filling up the DagBag from /home/airflow/.local/lib/python3.8/site-packages/airflow/example_dags/tutorial_taskflow_api.py
[2025-09-21T11:35:14.944+0000] {processor.py:840} INFO - DAG(s) 'tutorial_taskflow_api' retrieved from /home/airflow/.local/lib/python3.8/site-packages/airflow/example_dags/tutorial_taskflow_api.py
[2025-09-21T11:35:14.979+0000] {logging_mixin.py:188} INFO - [2025-09-21T11:35:14.979+0000] {dag.py:3036} INFO - Sync 1 DAGs
[2025-09-21T11:35:15.007+0000] {logging_mixin.py:188} INFO - [2025-09-21T11:35:15.006+0000] {dag.py:3823} INFO - Setting next_dagrun for tutorial_taskflow_api to None, run_after=None
[2025-09-21T11:35:15.046+0000] {processor.py:183} INFO - Processing /home/airflow/.local/lib/python3.8/site-packages/airflow/example_dags/tutorial_taskflow_api.py took 0.126 seconds
[2025-09-21T11:35:45.451+0000] {processor.py:161} INFO - Started process (PID=2681) to work on /home/airflow/.local/lib/python3.8/site-packages/airflow/example_dags/tutorial_taskflow_api.py
[2025-09-21T11:35:45.453+0000] {processor.py:830} INFO - Processing file /home/airflow/.local/lib/python3.8/site-packages/airflow/example_dags/tutorial_taskflow_api.py for tasks to queue
[2025-09-21T11:35:45.456+0000] {logging_mixin.py:188} INFO - [2025-09-21T11:35:45.456+0000] {dagbag.py:538} INFO - Filling up the DagBag from /home/airflow/.local/lib/python3.8/site-packages/airflow/example_dags/tutorial_taskflow_api.py
[2025-09-21T11:35:45.468+0000] {processor.py:840} INFO - DAG(s) 'tutorial_taskflow_api' retrieved from /home/airflow/.local/lib/python3.8/site-packages/airflow/example_dags/tutorial_taskflow_api.py
[2025-09-21T11:35:45.502+0000] {logging_mixin.py:188} INFO - [2025-09-21T11:35:45.502+0000] {dag.py:3036} INFO - Sync 1 DAGs
[2025-09-21T11:35:45.525+0000] {logging_mixin.py:188} INFO - [2025-09-21T11:35:45.525+0000] {dag.py:3823} INFO - Setting next_dagrun for tutorial_taskflow_api to None, run_after=None
[2025-09-21T11:35:45.563+0000] {processor.py:183} INFO - Processing /home/airflow/.local/lib/python3.8/site-packages/airflow/example_dags/tutorial_taskflow_api.py took 0.119 seconds
[2025-09-21T11:36:15.787+0000] {processor.py:161} INFO - Started process (PID=2739) to work on /home/airflow/.local/lib/python3.8/site-packages/airflow/example_dags/tutorial_taskflow_api.py
[2025-09-21T11:36:15.789+0000] {processor.py:830} INFO - Processing file /home/airflow/.local/lib/python3.8/site-packages/airflow/example_dags/tutorial_taskflow_api.py for tasks to queue
[2025-09-21T11:36:15.792+0000] {logging_mixin.py:188} INFO - [2025-09-21T11:36:15.792+0000] {dagbag.py:538} INFO - Filling up the DagBag from /home/airflow/.local/lib/python3.8/site-packages/airflow/example_dags/tutorial_taskflow_api.py
[2025-09-21T11:36:15.804+0000] {processor.py:840} INFO - DAG(s) 'tutorial_taskflow_api' retrieved from /home/airflow/.local/lib/python3.8/site-packages/airflow/example_dags/tutorial_taskflow_api.py
[2025-09-21T11:36:15.839+0000] {logging_mixin.py:188} INFO - [2025-09-21T11:36:15.839+0000] {dag.py:3036} INFO - Sync 1 DAGs
[2025-09-21T11:36:15.861+0000] {logging_mixin.py:188} INFO - [2025-09-21T11:36:15.861+0000] {dag.py:3823} INFO - Setting next_dagrun for tutorial_taskflow_api to None, run_after=None
[2025-09-21T11:36:15.900+0000] {processor.py:183} INFO - Processing /home/airflow/.local/lib/python3.8/site-packages/airflow/example_dags/tutorial_taskflow_api.py took 0.119 seconds
[2025-09-21T11:36:46.276+0000] {processor.py:161} INFO - Started process (PID=2797) to work on /home/airflow/.local/lib/python3.8/site-packages/airflow/example_dags/tutorial_taskflow_api.py
[2025-09-21T11:36:46.278+0000] {processor.py:830} INFO - Processing file /home/airflow/.local/lib/python3.8/site-packages/airflow/example_dags/tutorial_taskflow_api.py for tasks to queue
[2025-09-21T11:36:46.282+0000] {logging_mixin.py:188} INFO - [2025-09-21T11:36:46.281+0000] {dagbag.py:538} INFO - Filling up the DagBag from /home/airflow/.local/lib/python3.8/site-packages/airflow/example_dags/tutorial_taskflow_api.py
[2025-09-21T11:36:46.297+0000] {processor.py:840} INFO - DAG(s) 'tutorial_taskflow_api' retrieved from /home/airflow/.local/lib/python3.8/site-packages/airflow/example_dags/tutorial_taskflow_api.py
[2025-09-21T11:36:46.335+0000] {logging_mixin.py:188} INFO - [2025-09-21T11:36:46.334+0000] {dag.py:3036} INFO - Sync 1 DAGs
[2025-09-21T11:36:46.357+0000] {logging_mixin.py:188} INFO - [2025-09-21T11:36:46.357+0000] {dag.py:3823} INFO - Setting next_dagrun for tutorial_taskflow_api to None, run_after=None
[2025-09-21T11:36:46.396+0000] {processor.py:183} INFO - Processing /home/airflow/.local/lib/python3.8/site-packages/airflow/example_dags/tutorial_taskflow_api.py took 0.127 seconds
[2025-09-21T11:37:17.093+0000] {processor.py:161} INFO - Started process (PID=2855) to work on /home/airflow/.local/lib/python3.8/site-packages/airflow/example_dags/tutorial_taskflow_api.py
[2025-09-21T11:37:17.095+0000] {processor.py:830} INFO - Processing file /home/airflow/.local/lib/python3.8/site-packages/airflow/example_dags/tutorial_taskflow_api.py for tasks to queue
[2025-09-21T11:37:17.098+0000] {logging_mixin.py:188} INFO - [2025-09-21T11:37:17.097+0000] {dagbag.py:538} INFO - Filling up the DagBag from /home/airflow/.local/lib/python3.8/site-packages/airflow/example_dags/tutorial_taskflow_api.py
[2025-09-21T11:37:17.112+0000] {processor.py:840} INFO - DAG(s) 'tutorial_taskflow_api' retrieved from /home/airflow/.local/lib/python3.8/site-packages/airflow/example_dags/tutorial_taskflow_api.py
[2025-09-21T11:37:17.146+0000] {logging_mixin.py:188} INFO - [2025-09-21T11:37:17.146+0000] {dag.py:3036} INFO - Sync 1 DAGs
[2025-09-21T11:37:17.169+0000] {logging_mixin.py:188} INFO - [2025-09-21T11:37:17.169+0000] {dag.py:3823} INFO - Setting next_dagrun for tutorial_taskflow_api to None, run_after=None
[2025-09-21T11:37:17.207+0000] {processor.py:183} INFO - Processing /home/airflow/.local/lib/python3.8/site-packages/airflow/example_dags/tutorial_taskflow_api.py took 0.121 seconds
[2025-09-21T11:37:47.340+0000] {processor.py:161} INFO - Started process (PID=2913) to work on /home/airflow/.local/lib/python3.8/site-packages/airflow/example_dags/tutorial_taskflow_api.py
[2025-09-21T11:37:47.342+0000] {processor.py:830} INFO - Processing file /home/airflow/.local/lib/python3.8/site-packages/airflow/example_dags/tutorial_taskflow_api.py for tasks to queue
[2025-09-21T11:37:47.346+0000] {logging_mixin.py:188} INFO - [2025-09-21T11:37:47.345+0000] {dagbag.py:538} INFO - Filling up the DagBag from /home/airflow/.local/lib/python3.8/site-packages/airflow/example_dags/tutorial_taskflow_api.py
[2025-09-21T11:37:47.359+0000] {processor.py:840} INFO - DAG(s) 'tutorial_taskflow_api' retrieved from /home/airflow/.local/lib/python3.8/site-packages/airflow/example_dags/tutorial_taskflow_api.py
[2025-09-21T11:37:47.395+0000] {logging_mixin.py:188} INFO - [2025-09-21T11:37:47.395+0000] {dag.py:3036} INFO - Sync 1 DAGs
[2025-09-21T11:37:47.418+0000] {logging_mixin.py:188} INFO - [2025-09-21T11:37:47.417+0000] {dag.py:3823} INFO - Setting next_dagrun for tutorial_taskflow_api to None, run_after=None
[2025-09-21T11:37:47.456+0000] {processor.py:183} INFO - Processing /home/airflow/.local/lib/python3.8/site-packages/airflow/example_dags/tutorial_taskflow_api.py took 0.122 seconds
[2025-09-21T11:38:17.727+0000] {processor.py:161} INFO - Started process (PID=2971) to work on /home/airflow/.local/lib/python3.8/site-packages/airflow/example_dags/tutorial_taskflow_api.py
[2025-09-21T11:38:17.729+0000] {processor.py:830} INFO - Processing file /home/airflow/.local/lib/python3.8/site-packages/airflow/example_dags/tutorial_taskflow_api.py for tasks to queue
[2025-09-21T11:38:17.733+0000] {logging_mixin.py:188} INFO - [2025-09-21T11:38:17.732+0000] {dagbag.py:538} INFO - Filling up the DagBag from /home/airflow/.local/lib/python3.8/site-packages/airflow/example_dags/tutorial_taskflow_api.py
[2025-09-21T11:38:17.744+0000] {processor.py:840} INFO - DAG(s) 'tutorial_taskflow_api' retrieved from /home/airflow/.local/lib/python3.8/site-packages/airflow/example_dags/tutorial_taskflow_api.py
[2025-09-21T11:38:17.777+0000] {logging_mixin.py:188} INFO - [2025-09-21T11:38:17.777+0000] {dag.py:3036} INFO - Sync 1 DAGs
[2025-09-21T11:38:17.800+0000] {logging_mixin.py:188} INFO - [2025-09-21T11:38:17.800+0000] {dag.py:3823} INFO - Setting next_dagrun for tutorial_taskflow_api to None, run_after=None
[2025-09-21T11:38:17.838+0000] {processor.py:183} INFO - Processing /home/airflow/.local/lib/python3.8/site-packages/airflow/example_dags/tutorial_taskflow_api.py took 0.117 seconds
[2025-09-21T11:38:48.083+0000] {processor.py:161} INFO - Started process (PID=3029) to work on /home/airflow/.local/lib/python3.8/site-packages/airflow/example_dags/tutorial_taskflow_api.py
[2025-09-21T11:38:48.085+0000] {processor.py:830} INFO - Processing file /home/airflow/.local/lib/python3.8/site-packages/airflow/example_dags/tutorial_taskflow_api.py for tasks to queue
[2025-09-21T11:38:48.088+0000] {logging_mixin.py:188} INFO - [2025-09-21T11:38:48.088+0000] {dagbag.py:538} INFO - Filling up the DagBag from /home/airflow/.local/lib/python3.8/site-packages/airflow/example_dags/tutorial_taskflow_api.py
[2025-09-21T11:38:48.100+0000] {processor.py:840} INFO - DAG(s) 'tutorial_taskflow_api' retrieved from /home/airflow/.local/lib/python3.8/site-packages/airflow/example_dags/tutorial_taskflow_api.py
[2025-09-21T11:38:48.135+0000] {logging_mixin.py:188} INFO - [2025-09-21T11:38:48.134+0000] {dag.py:3036} INFO - Sync 1 DAGs
[2025-09-21T11:38:48.157+0000] {logging_mixin.py:188} INFO - [2025-09-21T11:38:48.156+0000] {dag.py:3823} INFO - Setting next_dagrun for tutorial_taskflow_api to None, run_after=None
[2025-09-21T11:38:48.190+0000] {processor.py:183} INFO - Processing /home/airflow/.local/lib/python3.8/site-packages/airflow/example_dags/tutorial_taskflow_api.py took 0.112 seconds
[2025-09-21T11:39:18.466+0000] {processor.py:161} INFO - Started process (PID=3087) to work on /home/airflow/.local/lib/python3.8/site-packages/airflow/example_dags/tutorial_taskflow_api.py
[2025-09-21T11:39:18.468+0000] {processor.py:830} INFO - Processing file /home/airflow/.local/lib/python3.8/site-packages/airflow/example_dags/tutorial_taskflow_api.py for tasks to queue
[2025-09-21T11:39:18.472+0000] {logging_mixin.py:188} INFO - [2025-09-21T11:39:18.471+0000] {dagbag.py:538} INFO - Filling up the DagBag from /home/airflow/.local/lib/python3.8/site-packages/airflow/example_dags/tutorial_taskflow_api.py
[2025-09-21T11:39:18.484+0000] {processor.py:840} INFO - DAG(s) 'tutorial_taskflow_api' retrieved from /home/airflow/.local/lib/python3.8/site-packages/airflow/example_dags/tutorial_taskflow_api.py
[2025-09-21T11:39:18.521+0000] {logging_mixin.py:188} INFO - [2025-09-21T11:39:18.520+0000] {dag.py:3036} INFO - Sync 1 DAGs
[2025-09-21T11:39:18.544+0000] {logging_mixin.py:188} INFO - [2025-09-21T11:39:18.543+0000] {dag.py:3823} INFO - Setting next_dagrun for tutorial_taskflow_api to None, run_after=None
[2025-09-21T11:39:18.583+0000] {processor.py:183} INFO - Processing /home/airflow/.local/lib/python3.8/site-packages/airflow/example_dags/tutorial_taskflow_api.py took 0.122 seconds
[2025-09-21T11:39:49.108+0000] {processor.py:161} INFO - Started process (PID=3145) to work on /home/airflow/.local/lib/python3.8/site-packages/airflow/example_dags/tutorial_taskflow_api.py
[2025-09-21T11:39:49.110+0000] {processor.py:830} INFO - Processing file /home/airflow/.local/lib/python3.8/site-packages/airflow/example_dags/tutorial_taskflow_api.py for tasks to queue
[2025-09-21T11:39:49.114+0000] {logging_mixin.py:188} INFO - [2025-09-21T11:39:49.113+0000] {dagbag.py:538} INFO - Filling up the DagBag from /home/airflow/.local/lib/python3.8/site-packages/airflow/example_dags/tutorial_taskflow_api.py
[2025-09-21T11:39:49.125+0000] {processor.py:840} INFO - DAG(s) 'tutorial_taskflow_api' retrieved from /home/airflow/.local/lib/python3.8/site-packages/airflow/example_dags/tutorial_taskflow_api.py
[2025-09-21T11:39:49.161+0000] {logging_mixin.py:188} INFO - [2025-09-21T11:39:49.161+0000] {dag.py:3036} INFO - Sync 1 DAGs
[2025-09-21T11:39:49.184+0000] {logging_mixin.py:188} INFO - [2025-09-21T11:39:49.184+0000] {dag.py:3823} INFO - Setting next_dagrun for tutorial_taskflow_api to None, run_after=None
[2025-09-21T11:39:49.225+0000] {processor.py:183} INFO - Processing /home/airflow/.local/lib/python3.8/site-packages/airflow/example_dags/tutorial_taskflow_api.py took 0.124 seconds
[2025-09-21T11:40:19.320+0000] {processor.py:161} INFO - Started process (PID=3204) to work on /home/airflow/.local/lib/python3.8/site-packages/airflow/example_dags/tutorial_taskflow_api.py
[2025-09-21T11:40:19.322+0000] {processor.py:830} INFO - Processing file /home/airflow/.local/lib/python3.8/site-packages/airflow/example_dags/tutorial_taskflow_api.py for tasks to queue
[2025-09-21T11:40:19.326+0000] {logging_mixin.py:188} INFO - [2025-09-21T11:40:19.325+0000] {dagbag.py:538} INFO - Filling up the DagBag from /home/airflow/.local/lib/python3.8/site-packages/airflow/example_dags/tutorial_taskflow_api.py
[2025-09-21T11:40:19.337+0000] {processor.py:840} INFO - DAG(s) 'tutorial_taskflow_api' retrieved from /home/airflow/.local/lib/python3.8/site-packages/airflow/example_dags/tutorial_taskflow_api.py
[2025-09-21T11:40:19.372+0000] {logging_mixin.py:188} INFO - [2025-09-21T11:40:19.371+0000] {dag.py:3036} INFO - Sync 1 DAGs
[2025-09-21T11:40:19.394+0000] {logging_mixin.py:188} INFO - [2025-09-21T11:40:19.394+0000] {dag.py:3823} INFO - Setting next_dagrun for tutorial_taskflow_api to None, run_after=None
[2025-09-21T11:40:19.432+0000] {processor.py:183} INFO - Processing /home/airflow/.local/lib/python3.8/site-packages/airflow/example_dags/tutorial_taskflow_api.py took 0.118 seconds
[2025-09-21T11:40:49.817+0000] {processor.py:161} INFO - Started process (PID=3262) to work on /home/airflow/.local/lib/python3.8/site-packages/airflow/example_dags/tutorial_taskflow_api.py
[2025-09-21T11:40:49.819+0000] {processor.py:830} INFO - Processing file /home/airflow/.local/lib/python3.8/site-packages/airflow/example_dags/tutorial_taskflow_api.py for tasks to queue
[2025-09-21T11:40:49.823+0000] {logging_mixin.py:188} INFO - [2025-09-21T11:40:49.823+0000] {dagbag.py:538} INFO - Filling up the DagBag from /home/airflow/.local/lib/python3.8/site-packages/airflow/example_dags/tutorial_taskflow_api.py
[2025-09-21T11:40:49.836+0000] {processor.py:840} INFO - DAG(s) 'tutorial_taskflow_api' retrieved from /home/airflow/.local/lib/python3.8/site-packages/airflow/example_dags/tutorial_taskflow_api.py
[2025-09-21T11:40:49.882+0000] {logging_mixin.py:188} INFO - [2025-09-21T11:40:49.882+0000] {dag.py:3036} INFO - Sync 1 DAGs
[2025-09-21T11:40:49.916+0000] {logging_mixin.py:188} INFO - [2025-09-21T11:40:49.916+0000] {dag.py:3823} INFO - Setting next_dagrun for tutorial_taskflow_api to None, run_after=None
[2025-09-21T11:40:49.968+0000] {processor.py:183} INFO - Processing /home/airflow/.local/lib/python3.8/site-packages/airflow/example_dags/tutorial_taskflow_api.py took 0.157 seconds
[2025-09-21T11:41:20.160+0000] {processor.py:161} INFO - Started process (PID=3320) to work on /home/airflow/.local/lib/python3.8/site-packages/airflow/example_dags/tutorial_taskflow_api.py
[2025-09-21T11:41:20.162+0000] {processor.py:830} INFO - Processing file /home/airflow/.local/lib/python3.8/site-packages/airflow/example_dags/tutorial_taskflow_api.py for tasks to queue
[2025-09-21T11:41:20.166+0000] {logging_mixin.py:188} INFO - [2025-09-21T11:41:20.165+0000] {dagbag.py:538} INFO - Filling up the DagBag from /home/airflow/.local/lib/python3.8/site-packages/airflow/example_dags/tutorial_taskflow_api.py
[2025-09-21T11:41:20.178+0000] {processor.py:840} INFO - DAG(s) 'tutorial_taskflow_api' retrieved from /home/airflow/.local/lib/python3.8/site-packages/airflow/example_dags/tutorial_taskflow_api.py
[2025-09-21T11:41:20.214+0000] {logging_mixin.py:188} INFO - [2025-09-21T11:41:20.214+0000] {dag.py:3036} INFO - Sync 1 DAGs
[2025-09-21T11:41:20.241+0000] {logging_mixin.py:188} INFO - [2025-09-21T11:41:20.240+0000] {dag.py:3823} INFO - Setting next_dagrun for tutorial_taskflow_api to None, run_after=None
[2025-09-21T11:41:20.281+0000] {processor.py:183} INFO - Processing /home/airflow/.local/lib/python3.8/site-packages/airflow/example_dags/tutorial_taskflow_api.py took 0.128 seconds
[2025-09-21T11:41:50.877+0000] {processor.py:161} INFO - Started process (PID=3378) to work on /home/airflow/.local/lib/python3.8/site-packages/airflow/example_dags/tutorial_taskflow_api.py
[2025-09-21T11:41:50.878+0000] {processor.py:830} INFO - Processing file /home/airflow/.local/lib/python3.8/site-packages/airflow/example_dags/tutorial_taskflow_api.py for tasks to queue
[2025-09-21T11:41:50.882+0000] {logging_mixin.py:188} INFO - [2025-09-21T11:41:50.881+0000] {dagbag.py:538} INFO - Filling up the DagBag from /home/airflow/.local/lib/python3.8/site-packages/airflow/example_dags/tutorial_taskflow_api.py
[2025-09-21T11:41:50.894+0000] {processor.py:840} INFO - DAG(s) 'tutorial_taskflow_api' retrieved from /home/airflow/.local/lib/python3.8/site-packages/airflow/example_dags/tutorial_taskflow_api.py
[2025-09-21T11:41:50.931+0000] {logging_mixin.py:188} INFO - [2025-09-21T11:41:50.930+0000] {dag.py:3036} INFO - Sync 1 DAGs
[2025-09-21T11:41:50.953+0000] {logging_mixin.py:188} INFO - [2025-09-21T11:41:50.953+0000] {dag.py:3823} INFO - Setting next_dagrun for tutorial_taskflow_api to None, run_after=None
[2025-09-21T11:41:50.993+0000] {processor.py:183} INFO - Processing /home/airflow/.local/lib/python3.8/site-packages/airflow/example_dags/tutorial_taskflow_api.py took 0.122 seconds
[2025-09-21T11:42:21.280+0000] {processor.py:161} INFO - Started process (PID=3436) to work on /home/airflow/.local/lib/python3.8/site-packages/airflow/example_dags/tutorial_taskflow_api.py
[2025-09-21T11:42:21.282+0000] {processor.py:830} INFO - Processing file /home/airflow/.local/lib/python3.8/site-packages/airflow/example_dags/tutorial_taskflow_api.py for tasks to queue
[2025-09-21T11:42:21.285+0000] {logging_mixin.py:188} INFO - [2025-09-21T11:42:21.285+0000] {dagbag.py:538} INFO - Filling up the DagBag from /home/airflow/.local/lib/python3.8/site-packages/airflow/example_dags/tutorial_taskflow_api.py
[2025-09-21T11:42:21.297+0000] {processor.py:840} INFO - DAG(s) 'tutorial_taskflow_api' retrieved from /home/airflow/.local/lib/python3.8/site-packages/airflow/example_dags/tutorial_taskflow_api.py
[2025-09-21T11:42:21.333+0000] {logging_mixin.py:188} INFO - [2025-09-21T11:42:21.332+0000] {dag.py:3036} INFO - Sync 1 DAGs
[2025-09-21T11:42:21.357+0000] {logging_mixin.py:188} INFO - [2025-09-21T11:42:21.357+0000] {dag.py:3823} INFO - Setting next_dagrun for tutorial_taskflow_api to None, run_after=None
[2025-09-21T11:42:21.395+0000] {processor.py:183} INFO - Processing /home/airflow/.local/lib/python3.8/site-packages/airflow/example_dags/tutorial_taskflow_api.py took 0.122 seconds
[2025-09-21T11:42:52.106+0000] {processor.py:161} INFO - Started process (PID=3494) to work on /home/airflow/.local/lib/python3.8/site-packages/airflow/example_dags/tutorial_taskflow_api.py
[2025-09-21T11:42:52.108+0000] {processor.py:830} INFO - Processing file /home/airflow/.local/lib/python3.8/site-packages/airflow/example_dags/tutorial_taskflow_api.py for tasks to queue
[2025-09-21T11:42:52.113+0000] {logging_mixin.py:188} INFO - [2025-09-21T11:42:52.113+0000] {dagbag.py:538} INFO - Filling up the DagBag from /home/airflow/.local/lib/python3.8/site-packages/airflow/example_dags/tutorial_taskflow_api.py
[2025-09-21T11:42:52.126+0000] {processor.py:840} INFO - DAG(s) 'tutorial_taskflow_api' retrieved from /home/airflow/.local/lib/python3.8/site-packages/airflow/example_dags/tutorial_taskflow_api.py
[2025-09-21T11:42:52.161+0000] {logging_mixin.py:188} INFO - [2025-09-21T11:42:52.161+0000] {dag.py:3036} INFO - Sync 1 DAGs
[2025-09-21T11:42:52.186+0000] {logging_mixin.py:188} INFO - [2025-09-21T11:42:52.186+0000] {dag.py:3823} INFO - Setting next_dagrun for tutorial_taskflow_api to None, run_after=None
[2025-09-21T11:42:52.219+0000] {processor.py:183} INFO - Processing /home/airflow/.local/lib/python3.8/site-packages/airflow/example_dags/tutorial_taskflow_api.py took 0.119 seconds
[2025-09-21T11:43:23.119+0000] {processor.py:161} INFO - Started process (PID=3552) to work on /home/airflow/.local/lib/python3.8/site-packages/airflow/example_dags/tutorial_taskflow_api.py
[2025-09-21T11:43:23.121+0000] {processor.py:830} INFO - Processing file /home/airflow/.local/lib/python3.8/site-packages/airflow/example_dags/tutorial_taskflow_api.py for tasks to queue
[2025-09-21T11:43:23.125+0000] {logging_mixin.py:188} INFO - [2025-09-21T11:43:23.124+0000] {dagbag.py:538} INFO - Filling up the DagBag from /home/airflow/.local/lib/python3.8/site-packages/airflow/example_dags/tutorial_taskflow_api.py
[2025-09-21T11:43:23.142+0000] {processor.py:840} INFO - DAG(s) 'tutorial_taskflow_api' retrieved from /home/airflow/.local/lib/python3.8/site-packages/airflow/example_dags/tutorial_taskflow_api.py
[2025-09-21T11:43:23.191+0000] {logging_mixin.py:188} INFO - [2025-09-21T11:43:23.190+0000] {dag.py:3036} INFO - Sync 1 DAGs
[2025-09-21T11:43:23.219+0000] {logging_mixin.py:188} INFO - [2025-09-21T11:43:23.219+0000] {dag.py:3823} INFO - Setting next_dagrun for tutorial_taskflow_api to None, run_after=None
[2025-09-21T11:43:23.260+0000] {processor.py:183} INFO - Processing /home/airflow/.local/lib/python3.8/site-packages/airflow/example_dags/tutorial_taskflow_api.py took 0.150 seconds
[2025-09-21T11:43:53.620+0000] {processor.py:161} INFO - Started process (PID=3610) to work on /home/airflow/.local/lib/python3.8/site-packages/airflow/example_dags/tutorial_taskflow_api.py
[2025-09-21T11:43:53.622+0000] {processor.py:830} INFO - Processing file /home/airflow/.local/lib/python3.8/site-packages/airflow/example_dags/tutorial_taskflow_api.py for tasks to queue
[2025-09-21T11:43:53.626+0000] {logging_mixin.py:188} INFO - [2025-09-21T11:43:53.626+0000] {dagbag.py:538} INFO - Filling up the DagBag from /home/airflow/.local/lib/python3.8/site-packages/airflow/example_dags/tutorial_taskflow_api.py
[2025-09-21T11:43:53.638+0000] {processor.py:840} INFO - DAG(s) 'tutorial_taskflow_api' retrieved from /home/airflow/.local/lib/python3.8/site-packages/airflow/example_dags/tutorial_taskflow_api.py
[2025-09-21T11:43:53.676+0000] {logging_mixin.py:188} INFO - [2025-09-21T11:43:53.675+0000] {dag.py:3036} INFO - Sync 1 DAGs
[2025-09-21T11:43:53.699+0000] {logging_mixin.py:188} INFO - [2025-09-21T11:43:53.699+0000] {dag.py:3823} INFO - Setting next_dagrun for tutorial_taskflow_api to None, run_after=None
[2025-09-21T11:43:53.736+0000] {processor.py:183} INFO - Processing /home/airflow/.local/lib/python3.8/site-packages/airflow/example_dags/tutorial_taskflow_api.py took 0.123 seconds
[2025-09-21T11:46:01.620+0000] {processor.py:161} INFO - Started process (PID=68) to work on /home/airflow/.local/lib/python3.8/site-packages/airflow/example_dags/tutorial_taskflow_api.py
[2025-09-21T11:46:01.628+0000] {processor.py:830} INFO - Processing file /home/airflow/.local/lib/python3.8/site-packages/airflow/example_dags/tutorial_taskflow_api.py for tasks to queue
[2025-09-21T11:46:01.634+0000] {logging_mixin.py:188} INFO - [2025-09-21T11:46:01.634+0000] {dagbag.py:538} INFO - Filling up the DagBag from /home/airflow/.local/lib/python3.8/site-packages/airflow/example_dags/tutorial_taskflow_api.py
[2025-09-21T11:46:01.678+0000] {processor.py:840} INFO - DAG(s) 'tutorial_taskflow_api' retrieved from /home/airflow/.local/lib/python3.8/site-packages/airflow/example_dags/tutorial_taskflow_api.py
[2025-09-21T11:46:02.240+0000] {logging_mixin.py:188} INFO - [2025-09-21T11:46:02.239+0000] {dag.py:3036} INFO - Sync 1 DAGs
[2025-09-21T11:46:02.311+0000] {logging_mixin.py:188} INFO - [2025-09-21T11:46:02.306+0000] {dag.py:3823} INFO - Setting next_dagrun for tutorial_taskflow_api to None, run_after=None
[2025-09-21T11:46:02.418+0000] {processor.py:183} INFO - Processing /home/airflow/.local/lib/python3.8/site-packages/airflow/example_dags/tutorial_taskflow_api.py took 0.814 seconds
[2025-09-21T11:46:32.812+0000] {processor.py:161} INFO - Started process (PID=126) to work on /home/airflow/.local/lib/python3.8/site-packages/airflow/example_dags/tutorial_taskflow_api.py
[2025-09-21T11:46:32.814+0000] {processor.py:830} INFO - Processing file /home/airflow/.local/lib/python3.8/site-packages/airflow/example_dags/tutorial_taskflow_api.py for tasks to queue
[2025-09-21T11:46:32.818+0000] {logging_mixin.py:188} INFO - [2025-09-21T11:46:32.817+0000] {dagbag.py:538} INFO - Filling up the DagBag from /home/airflow/.local/lib/python3.8/site-packages/airflow/example_dags/tutorial_taskflow_api.py
[2025-09-21T11:46:32.829+0000] {processor.py:840} INFO - DAG(s) 'tutorial_taskflow_api' retrieved from /home/airflow/.local/lib/python3.8/site-packages/airflow/example_dags/tutorial_taskflow_api.py
[2025-09-21T11:46:32.864+0000] {logging_mixin.py:188} INFO - [2025-09-21T11:46:32.863+0000] {dag.py:3036} INFO - Sync 1 DAGs
[2025-09-21T11:46:32.893+0000] {logging_mixin.py:188} INFO - [2025-09-21T11:46:32.892+0000] {dag.py:3823} INFO - Setting next_dagrun for tutorial_taskflow_api to None, run_after=None
[2025-09-21T11:46:32.965+0000] {processor.py:183} INFO - Processing /home/airflow/.local/lib/python3.8/site-packages/airflow/example_dags/tutorial_taskflow_api.py took 0.159 seconds
[2025-09-21T11:47:03.393+0000] {processor.py:161} INFO - Started process (PID=184) to work on /home/airflow/.local/lib/python3.8/site-packages/airflow/example_dags/tutorial_taskflow_api.py
[2025-09-21T11:47:03.395+0000] {processor.py:830} INFO - Processing file /home/airflow/.local/lib/python3.8/site-packages/airflow/example_dags/tutorial_taskflow_api.py for tasks to queue
[2025-09-21T11:47:03.398+0000] {logging_mixin.py:188} INFO - [2025-09-21T11:47:03.397+0000] {dagbag.py:538} INFO - Filling up the DagBag from /home/airflow/.local/lib/python3.8/site-packages/airflow/example_dags/tutorial_taskflow_api.py
[2025-09-21T11:47:03.409+0000] {processor.py:840} INFO - DAG(s) 'tutorial_taskflow_api' retrieved from /home/airflow/.local/lib/python3.8/site-packages/airflow/example_dags/tutorial_taskflow_api.py
[2025-09-21T11:47:03.444+0000] {logging_mixin.py:188} INFO - [2025-09-21T11:47:03.444+0000] {dag.py:3036} INFO - Sync 1 DAGs
[2025-09-21T11:47:03.466+0000] {logging_mixin.py:188} INFO - [2025-09-21T11:47:03.466+0000] {dag.py:3823} INFO - Setting next_dagrun for tutorial_taskflow_api to None, run_after=None
[2025-09-21T11:47:03.507+0000] {processor.py:183} INFO - Processing /home/airflow/.local/lib/python3.8/site-packages/airflow/example_dags/tutorial_taskflow_api.py took 0.120 seconds
[2025-09-21T11:47:34.452+0000] {processor.py:161} INFO - Started process (PID=242) to work on /home/airflow/.local/lib/python3.8/site-packages/airflow/example_dags/tutorial_taskflow_api.py
[2025-09-21T11:47:34.454+0000] {processor.py:830} INFO - Processing file /home/airflow/.local/lib/python3.8/site-packages/airflow/example_dags/tutorial_taskflow_api.py for tasks to queue
[2025-09-21T11:47:34.459+0000] {logging_mixin.py:188} INFO - [2025-09-21T11:47:34.458+0000] {dagbag.py:538} INFO - Filling up the DagBag from /home/airflow/.local/lib/python3.8/site-packages/airflow/example_dags/tutorial_taskflow_api.py
[2025-09-21T11:47:34.473+0000] {processor.py:840} INFO - DAG(s) 'tutorial_taskflow_api' retrieved from /home/airflow/.local/lib/python3.8/site-packages/airflow/example_dags/tutorial_taskflow_api.py
[2025-09-21T11:47:34.522+0000] {logging_mixin.py:188} INFO - [2025-09-21T11:47:34.521+0000] {dag.py:3036} INFO - Sync 1 DAGs
[2025-09-21T11:47:34.551+0000] {logging_mixin.py:188} INFO - [2025-09-21T11:47:34.551+0000] {dag.py:3823} INFO - Setting next_dagrun for tutorial_taskflow_api to None, run_after=None
[2025-09-21T11:47:34.598+0000] {processor.py:183} INFO - Processing /home/airflow/.local/lib/python3.8/site-packages/airflow/example_dags/tutorial_taskflow_api.py took 0.154 seconds
[2025-09-21T11:48:05.407+0000] {processor.py:161} INFO - Started process (PID=300) to work on /home/airflow/.local/lib/python3.8/site-packages/airflow/example_dags/tutorial_taskflow_api.py
[2025-09-21T11:48:05.408+0000] {processor.py:830} INFO - Processing file /home/airflow/.local/lib/python3.8/site-packages/airflow/example_dags/tutorial_taskflow_api.py for tasks to queue
[2025-09-21T11:48:05.411+0000] {logging_mixin.py:188} INFO - [2025-09-21T11:48:05.411+0000] {dagbag.py:538} INFO - Filling up the DagBag from /home/airflow/.local/lib/python3.8/site-packages/airflow/example_dags/tutorial_taskflow_api.py
[2025-09-21T11:48:05.423+0000] {processor.py:840} INFO - DAG(s) 'tutorial_taskflow_api' retrieved from /home/airflow/.local/lib/python3.8/site-packages/airflow/example_dags/tutorial_taskflow_api.py
[2025-09-21T11:48:05.457+0000] {logging_mixin.py:188} INFO - [2025-09-21T11:48:05.457+0000] {dag.py:3036} INFO - Sync 1 DAGs
[2025-09-21T11:48:05.479+0000] {logging_mixin.py:188} INFO - [2025-09-21T11:48:05.479+0000] {dag.py:3823} INFO - Setting next_dagrun for tutorial_taskflow_api to None, run_after=None
[2025-09-21T11:48:05.517+0000] {processor.py:183} INFO - Processing /home/airflow/.local/lib/python3.8/site-packages/airflow/example_dags/tutorial_taskflow_api.py took 0.117 seconds
[2025-09-21T11:48:36.523+0000] {processor.py:161} INFO - Started process (PID=358) to work on /home/airflow/.local/lib/python3.8/site-packages/airflow/example_dags/tutorial_taskflow_api.py
[2025-09-21T11:48:36.525+0000] {processor.py:830} INFO - Processing file /home/airflow/.local/lib/python3.8/site-packages/airflow/example_dags/tutorial_taskflow_api.py for tasks to queue
[2025-09-21T11:48:36.530+0000] {logging_mixin.py:188} INFO - [2025-09-21T11:48:36.529+0000] {dagbag.py:538} INFO - Filling up the DagBag from /home/airflow/.local/lib/python3.8/site-packages/airflow/example_dags/tutorial_taskflow_api.py
[2025-09-21T11:48:36.542+0000] {processor.py:840} INFO - DAG(s) 'tutorial_taskflow_api' retrieved from /home/airflow/.local/lib/python3.8/site-packages/airflow/example_dags/tutorial_taskflow_api.py
[2025-09-21T11:48:36.582+0000] {logging_mixin.py:188} INFO - [2025-09-21T11:48:36.582+0000] {dag.py:3036} INFO - Sync 1 DAGs
[2025-09-21T11:48:36.612+0000] {logging_mixin.py:188} INFO - [2025-09-21T11:48:36.611+0000] {dag.py:3823} INFO - Setting next_dagrun for tutorial_taskflow_api to None, run_after=None
[2025-09-21T11:48:36.657+0000] {processor.py:183} INFO - Processing /home/airflow/.local/lib/python3.8/site-packages/airflow/example_dags/tutorial_taskflow_api.py took 0.142 seconds
[2025-09-21T11:49:07.306+0000] {processor.py:161} INFO - Started process (PID=414) to work on /home/airflow/.local/lib/python3.8/site-packages/airflow/example_dags/tutorial_taskflow_api.py
[2025-09-21T11:49:07.308+0000] {processor.py:830} INFO - Processing file /home/airflow/.local/lib/python3.8/site-packages/airflow/example_dags/tutorial_taskflow_api.py for tasks to queue
[2025-09-21T11:49:07.311+0000] {logging_mixin.py:188} INFO - [2025-09-21T11:49:07.310+0000] {dagbag.py:538} INFO - Filling up the DagBag from /home/airflow/.local/lib/python3.8/site-packages/airflow/example_dags/tutorial_taskflow_api.py
[2025-09-21T11:49:07.323+0000] {processor.py:840} INFO - DAG(s) 'tutorial_taskflow_api' retrieved from /home/airflow/.local/lib/python3.8/site-packages/airflow/example_dags/tutorial_taskflow_api.py
[2025-09-21T11:49:07.358+0000] {logging_mixin.py:188} INFO - [2025-09-21T11:49:07.357+0000] {dag.py:3036} INFO - Sync 1 DAGs
[2025-09-21T11:49:07.380+0000] {logging_mixin.py:188} INFO - [2025-09-21T11:49:07.380+0000] {dag.py:3823} INFO - Setting next_dagrun for tutorial_taskflow_api to None, run_after=None
[2025-09-21T11:49:07.413+0000] {processor.py:183} INFO - Processing /home/airflow/.local/lib/python3.8/site-packages/airflow/example_dags/tutorial_taskflow_api.py took 0.112 seconds
[2025-09-21T11:49:37.791+0000] {processor.py:161} INFO - Started process (PID=472) to work on /home/airflow/.local/lib/python3.8/site-packages/airflow/example_dags/tutorial_taskflow_api.py
[2025-09-21T11:49:37.794+0000] {processor.py:830} INFO - Processing file /home/airflow/.local/lib/python3.8/site-packages/airflow/example_dags/tutorial_taskflow_api.py for tasks to queue
[2025-09-21T11:49:37.799+0000] {logging_mixin.py:188} INFO - [2025-09-21T11:49:37.798+0000] {dagbag.py:538} INFO - Filling up the DagBag from /home/airflow/.local/lib/python3.8/site-packages/airflow/example_dags/tutorial_taskflow_api.py
[2025-09-21T11:49:37.815+0000] {processor.py:840} INFO - DAG(s) 'tutorial_taskflow_api' retrieved from /home/airflow/.local/lib/python3.8/site-packages/airflow/example_dags/tutorial_taskflow_api.py
[2025-09-21T11:49:37.859+0000] {logging_mixin.py:188} INFO - [2025-09-21T11:49:37.858+0000] {dag.py:3036} INFO - Sync 1 DAGs
[2025-09-21T11:49:37.891+0000] {logging_mixin.py:188} INFO - [2025-09-21T11:49:37.890+0000] {dag.py:3823} INFO - Setting next_dagrun for tutorial_taskflow_api to None, run_after=None
[2025-09-21T11:49:37.939+0000] {processor.py:183} INFO - Processing /home/airflow/.local/lib/python3.8/site-packages/airflow/example_dags/tutorial_taskflow_api.py took 0.156 seconds
[2025-09-21T11:50:08.660+0000] {processor.py:161} INFO - Started process (PID=530) to work on /home/airflow/.local/lib/python3.8/site-packages/airflow/example_dags/tutorial_taskflow_api.py
[2025-09-21T11:50:08.665+0000] {processor.py:830} INFO - Processing file /home/airflow/.local/lib/python3.8/site-packages/airflow/example_dags/tutorial_taskflow_api.py for tasks to queue
[2025-09-21T11:50:08.672+0000] {logging_mixin.py:188} INFO - [2025-09-21T11:50:08.671+0000] {dagbag.py:538} INFO - Filling up the DagBag from /home/airflow/.local/lib/python3.8/site-packages/airflow/example_dags/tutorial_taskflow_api.py
[2025-09-21T11:50:08.700+0000] {processor.py:840} INFO - DAG(s) 'tutorial_taskflow_api' retrieved from /home/airflow/.local/lib/python3.8/site-packages/airflow/example_dags/tutorial_taskflow_api.py
[2025-09-21T11:50:08.774+0000] {logging_mixin.py:188} INFO - [2025-09-21T11:50:08.773+0000] {dag.py:3036} INFO - Sync 1 DAGs
[2025-09-21T11:50:08.817+0000] {logging_mixin.py:188} INFO - [2025-09-21T11:50:08.816+0000] {dag.py:3823} INFO - Setting next_dagrun for tutorial_taskflow_api to None, run_after=None
[2025-09-21T11:50:08.885+0000] {processor.py:183} INFO - Processing /home/airflow/.local/lib/python3.8/site-packages/airflow/example_dags/tutorial_taskflow_api.py took 0.237 seconds
[2025-09-21T11:50:39.238+0000] {processor.py:161} INFO - Started process (PID=589) to work on /home/airflow/.local/lib/python3.8/site-packages/airflow/example_dags/tutorial_taskflow_api.py
[2025-09-21T11:50:39.240+0000] {processor.py:830} INFO - Processing file /home/airflow/.local/lib/python3.8/site-packages/airflow/example_dags/tutorial_taskflow_api.py for tasks to queue
[2025-09-21T11:50:39.245+0000] {logging_mixin.py:188} INFO - [2025-09-21T11:50:39.244+0000] {dagbag.py:538} INFO - Filling up the DagBag from /home/airflow/.local/lib/python3.8/site-packages/airflow/example_dags/tutorial_taskflow_api.py
[2025-09-21T11:50:39.261+0000] {processor.py:840} INFO - DAG(s) 'tutorial_taskflow_api' retrieved from /home/airflow/.local/lib/python3.8/site-packages/airflow/example_dags/tutorial_taskflow_api.py
[2025-09-21T11:50:39.299+0000] {logging_mixin.py:188} INFO - [2025-09-21T11:50:39.299+0000] {dag.py:3036} INFO - Sync 1 DAGs
[2025-09-21T11:50:39.332+0000] {logging_mixin.py:188} INFO - [2025-09-21T11:50:39.331+0000] {dag.py:3823} INFO - Setting next_dagrun for tutorial_taskflow_api to None, run_after=None
[2025-09-21T11:50:39.376+0000] {processor.py:183} INFO - Processing /home/airflow/.local/lib/python3.8/site-packages/airflow/example_dags/tutorial_taskflow_api.py took 0.145 seconds
[2025-09-21T11:51:09.558+0000] {processor.py:161} INFO - Started process (PID=647) to work on /home/airflow/.local/lib/python3.8/site-packages/airflow/example_dags/tutorial_taskflow_api.py
[2025-09-21T11:51:09.560+0000] {processor.py:830} INFO - Processing file /home/airflow/.local/lib/python3.8/site-packages/airflow/example_dags/tutorial_taskflow_api.py for tasks to queue
[2025-09-21T11:51:09.564+0000] {logging_mixin.py:188} INFO - [2025-09-21T11:51:09.564+0000] {dagbag.py:538} INFO - Filling up the DagBag from /home/airflow/.local/lib/python3.8/site-packages/airflow/example_dags/tutorial_taskflow_api.py
[2025-09-21T11:51:09.577+0000] {processor.py:840} INFO - DAG(s) 'tutorial_taskflow_api' retrieved from /home/airflow/.local/lib/python3.8/site-packages/airflow/example_dags/tutorial_taskflow_api.py
[2025-09-21T11:51:09.615+0000] {logging_mixin.py:188} INFO - [2025-09-21T11:51:09.615+0000] {dag.py:3036} INFO - Sync 1 DAGs
[2025-09-21T11:51:09.644+0000] {logging_mixin.py:188} INFO - [2025-09-21T11:51:09.643+0000] {dag.py:3823} INFO - Setting next_dagrun for tutorial_taskflow_api to None, run_after=None
[2025-09-21T11:51:09.701+0000] {processor.py:183} INFO - Processing /home/airflow/.local/lib/python3.8/site-packages/airflow/example_dags/tutorial_taskflow_api.py took 0.149 seconds
[2025-09-21T11:51:40.825+0000] {processor.py:161} INFO - Started process (PID=705) to work on /home/airflow/.local/lib/python3.8/site-packages/airflow/example_dags/tutorial_taskflow_api.py
[2025-09-21T11:51:40.827+0000] {processor.py:830} INFO - Processing file /home/airflow/.local/lib/python3.8/site-packages/airflow/example_dags/tutorial_taskflow_api.py for tasks to queue
[2025-09-21T11:51:40.830+0000] {logging_mixin.py:188} INFO - [2025-09-21T11:51:40.829+0000] {dagbag.py:538} INFO - Filling up the DagBag from /home/airflow/.local/lib/python3.8/site-packages/airflow/example_dags/tutorial_taskflow_api.py
[2025-09-21T11:51:40.841+0000] {processor.py:840} INFO - DAG(s) 'tutorial_taskflow_api' retrieved from /home/airflow/.local/lib/python3.8/site-packages/airflow/example_dags/tutorial_taskflow_api.py
[2025-09-21T11:51:40.873+0000] {logging_mixin.py:188} INFO - [2025-09-21T11:51:40.872+0000] {dag.py:3036} INFO - Sync 1 DAGs
[2025-09-21T11:51:40.896+0000] {logging_mixin.py:188} INFO - [2025-09-21T11:51:40.895+0000] {dag.py:3823} INFO - Setting next_dagrun for tutorial_taskflow_api to None, run_after=None
[2025-09-21T11:51:40.937+0000] {processor.py:183} INFO - Processing /home/airflow/.local/lib/python3.8/site-packages/airflow/example_dags/tutorial_taskflow_api.py took 0.118 seconds
[2025-09-21T11:52:11.140+0000] {processor.py:161} INFO - Started process (PID=763) to work on /home/airflow/.local/lib/python3.8/site-packages/airflow/example_dags/tutorial_taskflow_api.py
[2025-09-21T11:52:11.143+0000] {processor.py:830} INFO - Processing file /home/airflow/.local/lib/python3.8/site-packages/airflow/example_dags/tutorial_taskflow_api.py for tasks to queue
[2025-09-21T11:52:11.147+0000] {logging_mixin.py:188} INFO - [2025-09-21T11:52:11.147+0000] {dagbag.py:538} INFO - Filling up the DagBag from /home/airflow/.local/lib/python3.8/site-packages/airflow/example_dags/tutorial_taskflow_api.py
[2025-09-21T11:52:11.160+0000] {processor.py:840} INFO - DAG(s) 'tutorial_taskflow_api' retrieved from /home/airflow/.local/lib/python3.8/site-packages/airflow/example_dags/tutorial_taskflow_api.py
[2025-09-21T11:52:11.206+0000] {logging_mixin.py:188} INFO - [2025-09-21T11:52:11.205+0000] {dag.py:3036} INFO - Sync 1 DAGs
[2025-09-21T11:52:11.235+0000] {logging_mixin.py:188} INFO - [2025-09-21T11:52:11.235+0000] {dag.py:3823} INFO - Setting next_dagrun for tutorial_taskflow_api to None, run_after=None
[2025-09-21T11:52:11.285+0000] {processor.py:183} INFO - Processing /home/airflow/.local/lib/python3.8/site-packages/airflow/example_dags/tutorial_taskflow_api.py took 0.153 seconds
[2025-09-21T11:52:41.500+0000] {processor.py:161} INFO - Started process (PID=821) to work on /home/airflow/.local/lib/python3.8/site-packages/airflow/example_dags/tutorial_taskflow_api.py
[2025-09-21T11:52:41.505+0000] {processor.py:830} INFO - Processing file /home/airflow/.local/lib/python3.8/site-packages/airflow/example_dags/tutorial_taskflow_api.py for tasks to queue
[2025-09-21T11:52:41.513+0000] {logging_mixin.py:188} INFO - [2025-09-21T11:52:41.512+0000] {dagbag.py:538} INFO - Filling up the DagBag from /home/airflow/.local/lib/python3.8/site-packages/airflow/example_dags/tutorial_taskflow_api.py
[2025-09-21T11:52:41.541+0000] {processor.py:840} INFO - DAG(s) 'tutorial_taskflow_api' retrieved from /home/airflow/.local/lib/python3.8/site-packages/airflow/example_dags/tutorial_taskflow_api.py
[2025-09-21T11:52:41.626+0000] {logging_mixin.py:188} INFO - [2025-09-21T11:52:41.625+0000] {dag.py:3036} INFO - Sync 1 DAGs
[2025-09-21T11:52:41.682+0000] {logging_mixin.py:188} INFO - [2025-09-21T11:52:41.681+0000] {dag.py:3823} INFO - Setting next_dagrun for tutorial_taskflow_api to None, run_after=None
[2025-09-21T11:52:41.766+0000] {processor.py:183} INFO - Processing /home/airflow/.local/lib/python3.8/site-packages/airflow/example_dags/tutorial_taskflow_api.py took 0.281 seconds
[2025-09-21T11:53:12.006+0000] {processor.py:161} INFO - Started process (PID=879) to work on /home/airflow/.local/lib/python3.8/site-packages/airflow/example_dags/tutorial_taskflow_api.py
[2025-09-21T11:53:12.009+0000] {processor.py:830} INFO - Processing file /home/airflow/.local/lib/python3.8/site-packages/airflow/example_dags/tutorial_taskflow_api.py for tasks to queue
[2025-09-21T11:53:12.013+0000] {logging_mixin.py:188} INFO - [2025-09-21T11:53:12.012+0000] {dagbag.py:538} INFO - Filling up the DagBag from /home/airflow/.local/lib/python3.8/site-packages/airflow/example_dags/tutorial_taskflow_api.py
[2025-09-21T11:53:12.029+0000] {processor.py:840} INFO - DAG(s) 'tutorial_taskflow_api' retrieved from /home/airflow/.local/lib/python3.8/site-packages/airflow/example_dags/tutorial_taskflow_api.py
[2025-09-21T11:53:12.071+0000] {logging_mixin.py:188} INFO - [2025-09-21T11:53:12.071+0000] {dag.py:3036} INFO - Sync 1 DAGs
[2025-09-21T11:53:12.097+0000] {logging_mixin.py:188} INFO - [2025-09-21T11:53:12.097+0000] {dag.py:3823} INFO - Setting next_dagrun for tutorial_taskflow_api to None, run_after=None
[2025-09-21T11:53:12.145+0000] {processor.py:183} INFO - Processing /home/airflow/.local/lib/python3.8/site-packages/airflow/example_dags/tutorial_taskflow_api.py took 0.144 seconds
[2025-09-21T11:53:42.378+0000] {processor.py:161} INFO - Started process (PID=937) to work on /home/airflow/.local/lib/python3.8/site-packages/airflow/example_dags/tutorial_taskflow_api.py
[2025-09-21T11:53:42.380+0000] {processor.py:830} INFO - Processing file /home/airflow/.local/lib/python3.8/site-packages/airflow/example_dags/tutorial_taskflow_api.py for tasks to queue
[2025-09-21T11:53:42.384+0000] {logging_mixin.py:188} INFO - [2025-09-21T11:53:42.383+0000] {dagbag.py:538} INFO - Filling up the DagBag from /home/airflow/.local/lib/python3.8/site-packages/airflow/example_dags/tutorial_taskflow_api.py
[2025-09-21T11:53:42.396+0000] {processor.py:840} INFO - DAG(s) 'tutorial_taskflow_api' retrieved from /home/airflow/.local/lib/python3.8/site-packages/airflow/example_dags/tutorial_taskflow_api.py
[2025-09-21T11:53:42.438+0000] {logging_mixin.py:188} INFO - [2025-09-21T11:53:42.438+0000] {dag.py:3036} INFO - Sync 1 DAGs
[2025-09-21T11:53:42.462+0000] {logging_mixin.py:188} INFO - [2025-09-21T11:53:42.462+0000] {dag.py:3823} INFO - Setting next_dagrun for tutorial_taskflow_api to None, run_after=None
[2025-09-21T11:53:42.500+0000] {processor.py:183} INFO - Processing /home/airflow/.local/lib/python3.8/site-packages/airflow/example_dags/tutorial_taskflow_api.py took 0.129 seconds
[2025-09-21T11:54:13.086+0000] {processor.py:161} INFO - Started process (PID=995) to work on /home/airflow/.local/lib/python3.8/site-packages/airflow/example_dags/tutorial_taskflow_api.py
[2025-09-21T11:54:13.090+0000] {processor.py:830} INFO - Processing file /home/airflow/.local/lib/python3.8/site-packages/airflow/example_dags/tutorial_taskflow_api.py for tasks to queue
[2025-09-21T11:54:13.097+0000] {logging_mixin.py:188} INFO - [2025-09-21T11:54:13.096+0000] {dagbag.py:538} INFO - Filling up the DagBag from /home/airflow/.local/lib/python3.8/site-packages/airflow/example_dags/tutorial_taskflow_api.py
[2025-09-21T11:54:13.123+0000] {processor.py:840} INFO - DAG(s) 'tutorial_taskflow_api' retrieved from /home/airflow/.local/lib/python3.8/site-packages/airflow/example_dags/tutorial_taskflow_api.py
[2025-09-21T11:54:13.187+0000] {logging_mixin.py:188} INFO - [2025-09-21T11:54:13.187+0000] {dag.py:3036} INFO - Sync 1 DAGs
[2025-09-21T11:54:13.230+0000] {logging_mixin.py:188} INFO - [2025-09-21T11:54:13.229+0000] {dag.py:3823} INFO - Setting next_dagrun for tutorial_taskflow_api to None, run_after=None
[2025-09-21T11:54:13.297+0000] {processor.py:183} INFO - Processing /home/airflow/.local/lib/python3.8/site-packages/airflow/example_dags/tutorial_taskflow_api.py took 0.224 seconds
[2025-09-21T11:54:43.933+0000] {processor.py:161} INFO - Started process (PID=1053) to work on /home/airflow/.local/lib/python3.8/site-packages/airflow/example_dags/tutorial_taskflow_api.py
[2025-09-21T11:54:43.935+0000] {processor.py:830} INFO - Processing file /home/airflow/.local/lib/python3.8/site-packages/airflow/example_dags/tutorial_taskflow_api.py for tasks to queue
[2025-09-21T11:54:43.938+0000] {logging_mixin.py:188} INFO - [2025-09-21T11:54:43.938+0000] {dagbag.py:538} INFO - Filling up the DagBag from /home/airflow/.local/lib/python3.8/site-packages/airflow/example_dags/tutorial_taskflow_api.py
[2025-09-21T11:54:43.949+0000] {processor.py:840} INFO - DAG(s) 'tutorial_taskflow_api' retrieved from /home/airflow/.local/lib/python3.8/site-packages/airflow/example_dags/tutorial_taskflow_api.py
[2025-09-21T11:54:43.986+0000] {logging_mixin.py:188} INFO - [2025-09-21T11:54:43.986+0000] {dag.py:3036} INFO - Sync 1 DAGs
[2025-09-21T11:54:44.008+0000] {logging_mixin.py:188} INFO - [2025-09-21T11:54:44.008+0000] {dag.py:3823} INFO - Setting next_dagrun for tutorial_taskflow_api to None, run_after=None
[2025-09-21T11:54:44.040+0000] {processor.py:183} INFO - Processing /home/airflow/.local/lib/python3.8/site-packages/airflow/example_dags/tutorial_taskflow_api.py took 0.113 seconds
[2025-09-21T11:55:14.486+0000] {processor.py:161} INFO - Started process (PID=1110) to work on /home/airflow/.local/lib/python3.8/site-packages/airflow/example_dags/tutorial_taskflow_api.py
[2025-09-21T11:55:14.489+0000] {processor.py:830} INFO - Processing file /home/airflow/.local/lib/python3.8/site-packages/airflow/example_dags/tutorial_taskflow_api.py for tasks to queue
[2025-09-21T11:55:14.495+0000] {logging_mixin.py:188} INFO - [2025-09-21T11:55:14.494+0000] {dagbag.py:538} INFO - Filling up the DagBag from /home/airflow/.local/lib/python3.8/site-packages/airflow/example_dags/tutorial_taskflow_api.py
[2025-09-21T11:55:14.510+0000] {processor.py:840} INFO - DAG(s) 'tutorial_taskflow_api' retrieved from /home/airflow/.local/lib/python3.8/site-packages/airflow/example_dags/tutorial_taskflow_api.py
[2025-09-21T11:55:14.566+0000] {logging_mixin.py:188} INFO - [2025-09-21T11:55:14.566+0000] {dag.py:3036} INFO - Sync 1 DAGs
[2025-09-21T11:55:14.599+0000] {logging_mixin.py:188} INFO - [2025-09-21T11:55:14.599+0000] {dag.py:3823} INFO - Setting next_dagrun for tutorial_taskflow_api to None, run_after=None
[2025-09-21T11:55:14.656+0000] {processor.py:183} INFO - Processing /home/airflow/.local/lib/python3.8/site-packages/airflow/example_dags/tutorial_taskflow_api.py took 0.177 seconds
[2025-09-21T11:55:45.516+0000] {processor.py:161} INFO - Started process (PID=1168) to work on /home/airflow/.local/lib/python3.8/site-packages/airflow/example_dags/tutorial_taskflow_api.py
[2025-09-21T11:55:45.518+0000] {processor.py:830} INFO - Processing file /home/airflow/.local/lib/python3.8/site-packages/airflow/example_dags/tutorial_taskflow_api.py for tasks to queue
[2025-09-21T11:55:45.521+0000] {logging_mixin.py:188} INFO - [2025-09-21T11:55:45.521+0000] {dagbag.py:538} INFO - Filling up the DagBag from /home/airflow/.local/lib/python3.8/site-packages/airflow/example_dags/tutorial_taskflow_api.py
[2025-09-21T11:55:45.537+0000] {processor.py:840} INFO - DAG(s) 'tutorial_taskflow_api' retrieved from /home/airflow/.local/lib/python3.8/site-packages/airflow/example_dags/tutorial_taskflow_api.py
[2025-09-21T11:55:45.591+0000] {logging_mixin.py:188} INFO - [2025-09-21T11:55:45.590+0000] {dag.py:3036} INFO - Sync 1 DAGs
[2025-09-21T11:55:45.634+0000] {logging_mixin.py:188} INFO - [2025-09-21T11:55:45.634+0000] {dag.py:3823} INFO - Setting next_dagrun for tutorial_taskflow_api to None, run_after=None
[2025-09-21T11:55:45.677+0000] {processor.py:183} INFO - Processing /home/airflow/.local/lib/python3.8/site-packages/airflow/example_dags/tutorial_taskflow_api.py took 0.167 seconds
[2025-09-21T11:56:15.842+0000] {processor.py:161} INFO - Started process (PID=1226) to work on /home/airflow/.local/lib/python3.8/site-packages/airflow/example_dags/tutorial_taskflow_api.py
[2025-09-21T11:56:15.845+0000] {processor.py:830} INFO - Processing file /home/airflow/.local/lib/python3.8/site-packages/airflow/example_dags/tutorial_taskflow_api.py for tasks to queue
[2025-09-21T11:56:15.850+0000] {logging_mixin.py:188} INFO - [2025-09-21T11:56:15.849+0000] {dagbag.py:538} INFO - Filling up the DagBag from /home/airflow/.local/lib/python3.8/site-packages/airflow/example_dags/tutorial_taskflow_api.py
[2025-09-21T11:56:15.866+0000] {processor.py:840} INFO - DAG(s) 'tutorial_taskflow_api' retrieved from /home/airflow/.local/lib/python3.8/site-packages/airflow/example_dags/tutorial_taskflow_api.py
[2025-09-21T11:56:15.914+0000] {logging_mixin.py:188} INFO - [2025-09-21T11:56:15.913+0000] {dag.py:3036} INFO - Sync 1 DAGs
[2025-09-21T11:56:15.946+0000] {logging_mixin.py:188} INFO - [2025-09-21T11:56:15.945+0000] {dag.py:3823} INFO - Setting next_dagrun for tutorial_taskflow_api to None, run_after=None
[2025-09-21T11:56:15.996+0000] {processor.py:183} INFO - Processing /home/airflow/.local/lib/python3.8/site-packages/airflow/example_dags/tutorial_taskflow_api.py took 0.162 seconds
[2025-09-21T11:56:46.261+0000] {processor.py:161} INFO - Started process (PID=1284) to work on /home/airflow/.local/lib/python3.8/site-packages/airflow/example_dags/tutorial_taskflow_api.py
[2025-09-21T11:56:46.263+0000] {processor.py:830} INFO - Processing file /home/airflow/.local/lib/python3.8/site-packages/airflow/example_dags/tutorial_taskflow_api.py for tasks to queue
[2025-09-21T11:56:46.268+0000] {logging_mixin.py:188} INFO - [2025-09-21T11:56:46.267+0000] {dagbag.py:538} INFO - Filling up the DagBag from /home/airflow/.local/lib/python3.8/site-packages/airflow/example_dags/tutorial_taskflow_api.py
[2025-09-21T11:56:46.284+0000] {processor.py:840} INFO - DAG(s) 'tutorial_taskflow_api' retrieved from /home/airflow/.local/lib/python3.8/site-packages/airflow/example_dags/tutorial_taskflow_api.py
[2025-09-21T11:56:46.329+0000] {logging_mixin.py:188} INFO - [2025-09-21T11:56:46.328+0000] {dag.py:3036} INFO - Sync 1 DAGs
[2025-09-21T11:56:46.359+0000] {logging_mixin.py:188} INFO - [2025-09-21T11:56:46.358+0000] {dag.py:3823} INFO - Setting next_dagrun for tutorial_taskflow_api to None, run_after=None
[2025-09-21T11:56:46.404+0000] {processor.py:183} INFO - Processing /home/airflow/.local/lib/python3.8/site-packages/airflow/example_dags/tutorial_taskflow_api.py took 0.152 seconds
[2025-09-21T11:57:17.424+0000] {processor.py:161} INFO - Started process (PID=1342) to work on /home/airflow/.local/lib/python3.8/site-packages/airflow/example_dags/tutorial_taskflow_api.py
[2025-09-21T11:57:17.426+0000] {processor.py:830} INFO - Processing file /home/airflow/.local/lib/python3.8/site-packages/airflow/example_dags/tutorial_taskflow_api.py for tasks to queue
[2025-09-21T11:57:17.431+0000] {logging_mixin.py:188} INFO - [2025-09-21T11:57:17.430+0000] {dagbag.py:538} INFO - Filling up the DagBag from /home/airflow/.local/lib/python3.8/site-packages/airflow/example_dags/tutorial_taskflow_api.py
[2025-09-21T11:57:17.443+0000] {processor.py:840} INFO - DAG(s) 'tutorial_taskflow_api' retrieved from /home/airflow/.local/lib/python3.8/site-packages/airflow/example_dags/tutorial_taskflow_api.py
[2025-09-21T11:57:17.486+0000] {logging_mixin.py:188} INFO - [2025-09-21T11:57:17.485+0000] {dag.py:3036} INFO - Sync 1 DAGs
[2025-09-21T11:57:17.515+0000] {logging_mixin.py:188} INFO - [2025-09-21T11:57:17.515+0000] {dag.py:3823} INFO - Setting next_dagrun for tutorial_taskflow_api to None, run_after=None
[2025-09-21T11:57:17.553+0000] {processor.py:183} INFO - Processing /home/airflow/.local/lib/python3.8/site-packages/airflow/example_dags/tutorial_taskflow_api.py took 0.135 seconds
[2025-09-21T11:57:48.040+0000] {processor.py:161} INFO - Started process (PID=1400) to work on /home/airflow/.local/lib/python3.8/site-packages/airflow/example_dags/tutorial_taskflow_api.py
[2025-09-21T11:57:48.043+0000] {processor.py:830} INFO - Processing file /home/airflow/.local/lib/python3.8/site-packages/airflow/example_dags/tutorial_taskflow_api.py for tasks to queue
[2025-09-21T11:57:48.048+0000] {logging_mixin.py:188} INFO - [2025-09-21T11:57:48.047+0000] {dagbag.py:538} INFO - Filling up the DagBag from /home/airflow/.local/lib/python3.8/site-packages/airflow/example_dags/tutorial_taskflow_api.py
[2025-09-21T11:57:48.063+0000] {processor.py:840} INFO - DAG(s) 'tutorial_taskflow_api' retrieved from /home/airflow/.local/lib/python3.8/site-packages/airflow/example_dags/tutorial_taskflow_api.py
[2025-09-21T11:57:48.117+0000] {logging_mixin.py:188} INFO - [2025-09-21T11:57:48.117+0000] {dag.py:3036} INFO - Sync 1 DAGs
[2025-09-21T11:57:48.152+0000] {logging_mixin.py:188} INFO - [2025-09-21T11:57:48.152+0000] {dag.py:3823} INFO - Setting next_dagrun for tutorial_taskflow_api to None, run_after=None
[2025-09-21T11:57:48.207+0000] {processor.py:183} INFO - Processing /home/airflow/.local/lib/python3.8/site-packages/airflow/example_dags/tutorial_taskflow_api.py took 0.174 seconds
[2025-09-21T11:58:19.032+0000] {processor.py:161} INFO - Started process (PID=1458) to work on /home/airflow/.local/lib/python3.8/site-packages/airflow/example_dags/tutorial_taskflow_api.py
[2025-09-21T11:58:19.035+0000] {processor.py:830} INFO - Processing file /home/airflow/.local/lib/python3.8/site-packages/airflow/example_dags/tutorial_taskflow_api.py for tasks to queue
[2025-09-21T11:58:19.038+0000] {logging_mixin.py:188} INFO - [2025-09-21T11:58:19.037+0000] {dagbag.py:538} INFO - Filling up the DagBag from /home/airflow/.local/lib/python3.8/site-packages/airflow/example_dags/tutorial_taskflow_api.py
[2025-09-21T11:58:19.052+0000] {processor.py:840} INFO - DAG(s) 'tutorial_taskflow_api' retrieved from /home/airflow/.local/lib/python3.8/site-packages/airflow/example_dags/tutorial_taskflow_api.py
[2025-09-21T11:58:19.098+0000] {logging_mixin.py:188} INFO - [2025-09-21T11:58:19.097+0000] {dag.py:3036} INFO - Sync 1 DAGs
[2025-09-21T11:58:19.130+0000] {logging_mixin.py:188} INFO - [2025-09-21T11:58:19.130+0000] {dag.py:3823} INFO - Setting next_dagrun for tutorial_taskflow_api to None, run_after=None
[2025-09-21T11:58:19.401+0000] {processor.py:183} INFO - Processing /home/airflow/.local/lib/python3.8/site-packages/airflow/example_dags/tutorial_taskflow_api.py took 0.375 seconds
[2025-09-21T11:58:49.773+0000] {processor.py:161} INFO - Started process (PID=1516) to work on /home/airflow/.local/lib/python3.8/site-packages/airflow/example_dags/tutorial_taskflow_api.py
[2025-09-21T11:58:49.775+0000] {processor.py:830} INFO - Processing file /home/airflow/.local/lib/python3.8/site-packages/airflow/example_dags/tutorial_taskflow_api.py for tasks to queue
[2025-09-21T11:58:49.780+0000] {logging_mixin.py:188} INFO - [2025-09-21T11:58:49.779+0000] {dagbag.py:538} INFO - Filling up the DagBag from /home/airflow/.local/lib/python3.8/site-packages/airflow/example_dags/tutorial_taskflow_api.py
[2025-09-21T11:58:49.796+0000] {processor.py:840} INFO - DAG(s) 'tutorial_taskflow_api' retrieved from /home/airflow/.local/lib/python3.8/site-packages/airflow/example_dags/tutorial_taskflow_api.py
[2025-09-21T11:58:49.843+0000] {logging_mixin.py:188} INFO - [2025-09-21T11:58:49.843+0000] {dag.py:3036} INFO - Sync 1 DAGs
[2025-09-21T11:58:50.053+0000] {logging_mixin.py:188} INFO - [2025-09-21T11:58:50.053+0000] {dag.py:3823} INFO - Setting next_dagrun for tutorial_taskflow_api to None, run_after=None
[2025-09-21T11:58:50.103+0000] {processor.py:183} INFO - Processing /home/airflow/.local/lib/python3.8/site-packages/airflow/example_dags/tutorial_taskflow_api.py took 0.338 seconds
[2025-09-21T11:59:20.701+0000] {processor.py:161} INFO - Started process (PID=1574) to work on /home/airflow/.local/lib/python3.8/site-packages/airflow/example_dags/tutorial_taskflow_api.py
[2025-09-21T11:59:20.705+0000] {processor.py:830} INFO - Processing file /home/airflow/.local/lib/python3.8/site-packages/airflow/example_dags/tutorial_taskflow_api.py for tasks to queue
[2025-09-21T11:59:20.713+0000] {logging_mixin.py:188} INFO - [2025-09-21T11:59:20.712+0000] {dagbag.py:538} INFO - Filling up the DagBag from /home/airflow/.local/lib/python3.8/site-packages/airflow/example_dags/tutorial_taskflow_api.py
[2025-09-21T11:59:20.740+0000] {processor.py:840} INFO - DAG(s) 'tutorial_taskflow_api' retrieved from /home/airflow/.local/lib/python3.8/site-packages/airflow/example_dags/tutorial_taskflow_api.py
[2025-09-21T11:59:20.821+0000] {logging_mixin.py:188} INFO - [2025-09-21T11:59:20.820+0000] {dag.py:3036} INFO - Sync 1 DAGs
[2025-09-21T11:59:20.871+0000] {logging_mixin.py:188} INFO - [2025-09-21T11:59:20.870+0000] {dag.py:3823} INFO - Setting next_dagrun for tutorial_taskflow_api to None, run_after=None
[2025-09-21T11:59:20.953+0000] {processor.py:183} INFO - Processing /home/airflow/.local/lib/python3.8/site-packages/airflow/example_dags/tutorial_taskflow_api.py took 0.266 seconds
[2025-09-21T11:59:51.482+0000] {processor.py:161} INFO - Started process (PID=1632) to work on /home/airflow/.local/lib/python3.8/site-packages/airflow/example_dags/tutorial_taskflow_api.py
[2025-09-21T11:59:51.485+0000] {processor.py:830} INFO - Processing file /home/airflow/.local/lib/python3.8/site-packages/airflow/example_dags/tutorial_taskflow_api.py for tasks to queue
[2025-09-21T11:59:51.489+0000] {logging_mixin.py:188} INFO - [2025-09-21T11:59:51.488+0000] {dagbag.py:538} INFO - Filling up the DagBag from /home/airflow/.local/lib/python3.8/site-packages/airflow/example_dags/tutorial_taskflow_api.py
[2025-09-21T11:59:51.502+0000] {processor.py:840} INFO - DAG(s) 'tutorial_taskflow_api' retrieved from /home/airflow/.local/lib/python3.8/site-packages/airflow/example_dags/tutorial_taskflow_api.py
[2025-09-21T11:59:51.547+0000] {logging_mixin.py:188} INFO - [2025-09-21T11:59:51.546+0000] {dag.py:3036} INFO - Sync 1 DAGs
[2025-09-21T11:59:51.580+0000] {logging_mixin.py:188} INFO - [2025-09-21T11:59:51.580+0000] {dag.py:3823} INFO - Setting next_dagrun for tutorial_taskflow_api to None, run_after=None
[2025-09-21T11:59:51.636+0000] {processor.py:183} INFO - Processing /home/airflow/.local/lib/python3.8/site-packages/airflow/example_dags/tutorial_taskflow_api.py took 0.167 seconds
[2025-09-21T12:00:22.080+0000] {processor.py:161} INFO - Started process (PID=1690) to work on /home/airflow/.local/lib/python3.8/site-packages/airflow/example_dags/tutorial_taskflow_api.py
[2025-09-21T12:00:22.082+0000] {processor.py:830} INFO - Processing file /home/airflow/.local/lib/python3.8/site-packages/airflow/example_dags/tutorial_taskflow_api.py for tasks to queue
[2025-09-21T12:00:22.086+0000] {logging_mixin.py:188} INFO - [2025-09-21T12:00:22.085+0000] {dagbag.py:538} INFO - Filling up the DagBag from /home/airflow/.local/lib/python3.8/site-packages/airflow/example_dags/tutorial_taskflow_api.py
[2025-09-21T12:00:22.097+0000] {processor.py:840} INFO - DAG(s) 'tutorial_taskflow_api' retrieved from /home/airflow/.local/lib/python3.8/site-packages/airflow/example_dags/tutorial_taskflow_api.py
[2025-09-21T12:00:22.135+0000] {logging_mixin.py:188} INFO - [2025-09-21T12:00:22.134+0000] {dag.py:3036} INFO - Sync 1 DAGs
[2025-09-21T12:00:22.164+0000] {logging_mixin.py:188} INFO - [2025-09-21T12:00:22.163+0000] {dag.py:3823} INFO - Setting next_dagrun for tutorial_taskflow_api to None, run_after=None
[2025-09-21T12:00:22.211+0000] {processor.py:183} INFO - Processing /home/airflow/.local/lib/python3.8/site-packages/airflow/example_dags/tutorial_taskflow_api.py took 0.137 seconds
[2025-09-21T12:00:52.615+0000] {processor.py:161} INFO - Started process (PID=1746) to work on /home/airflow/.local/lib/python3.8/site-packages/airflow/example_dags/tutorial_taskflow_api.py
[2025-09-21T12:00:52.617+0000] {processor.py:830} INFO - Processing file /home/airflow/.local/lib/python3.8/site-packages/airflow/example_dags/tutorial_taskflow_api.py for tasks to queue
[2025-09-21T12:00:52.620+0000] {logging_mixin.py:188} INFO - [2025-09-21T12:00:52.620+0000] {dagbag.py:538} INFO - Filling up the DagBag from /home/airflow/.local/lib/python3.8/site-packages/airflow/example_dags/tutorial_taskflow_api.py
[2025-09-21T12:00:52.631+0000] {processor.py:840} INFO - DAG(s) 'tutorial_taskflow_api' retrieved from /home/airflow/.local/lib/python3.8/site-packages/airflow/example_dags/tutorial_taskflow_api.py
[2025-09-21T12:00:52.668+0000] {logging_mixin.py:188} INFO - [2025-09-21T12:00:52.668+0000] {dag.py:3036} INFO - Sync 1 DAGs
[2025-09-21T12:00:52.691+0000] {logging_mixin.py:188} INFO - [2025-09-21T12:00:52.691+0000] {dag.py:3823} INFO - Setting next_dagrun for tutorial_taskflow_api to None, run_after=None
[2025-09-21T12:00:52.731+0000] {processor.py:183} INFO - Processing /home/airflow/.local/lib/python3.8/site-packages/airflow/example_dags/tutorial_taskflow_api.py took 0.122 seconds
[2025-09-21T12:01:22.967+0000] {processor.py:161} INFO - Started process (PID=1804) to work on /home/airflow/.local/lib/python3.8/site-packages/airflow/example_dags/tutorial_taskflow_api.py
[2025-09-21T12:01:22.969+0000] {processor.py:830} INFO - Processing file /home/airflow/.local/lib/python3.8/site-packages/airflow/example_dags/tutorial_taskflow_api.py for tasks to queue
[2025-09-21T12:01:22.974+0000] {logging_mixin.py:188} INFO - [2025-09-21T12:01:22.973+0000] {dagbag.py:538} INFO - Filling up the DagBag from /home/airflow/.local/lib/python3.8/site-packages/airflow/example_dags/tutorial_taskflow_api.py
[2025-09-21T12:01:22.991+0000] {processor.py:840} INFO - DAG(s) 'tutorial_taskflow_api' retrieved from /home/airflow/.local/lib/python3.8/site-packages/airflow/example_dags/tutorial_taskflow_api.py
[2025-09-21T12:01:23.033+0000] {logging_mixin.py:188} INFO - [2025-09-21T12:01:23.033+0000] {dag.py:3036} INFO - Sync 1 DAGs
[2025-09-21T12:01:23.064+0000] {logging_mixin.py:188} INFO - [2025-09-21T12:01:23.063+0000] {dag.py:3823} INFO - Setting next_dagrun for tutorial_taskflow_api to None, run_after=None
[2025-09-21T12:01:23.115+0000] {processor.py:183} INFO - Processing /home/airflow/.local/lib/python3.8/site-packages/airflow/example_dags/tutorial_taskflow_api.py took 0.157 seconds
[2025-09-21T12:01:53.884+0000] {processor.py:161} INFO - Started process (PID=1862) to work on /home/airflow/.local/lib/python3.8/site-packages/airflow/example_dags/tutorial_taskflow_api.py
[2025-09-21T12:01:53.886+0000] {processor.py:830} INFO - Processing file /home/airflow/.local/lib/python3.8/site-packages/airflow/example_dags/tutorial_taskflow_api.py for tasks to queue
[2025-09-21T12:01:53.889+0000] {logging_mixin.py:188} INFO - [2025-09-21T12:01:53.888+0000] {dagbag.py:538} INFO - Filling up the DagBag from /home/airflow/.local/lib/python3.8/site-packages/airflow/example_dags/tutorial_taskflow_api.py
[2025-09-21T12:01:53.904+0000] {processor.py:840} INFO - DAG(s) 'tutorial_taskflow_api' retrieved from /home/airflow/.local/lib/python3.8/site-packages/airflow/example_dags/tutorial_taskflow_api.py
[2025-09-21T12:01:53.938+0000] {logging_mixin.py:188} INFO - [2025-09-21T12:01:53.938+0000] {dag.py:3036} INFO - Sync 1 DAGs
[2025-09-21T12:01:53.961+0000] {logging_mixin.py:188} INFO - [2025-09-21T12:01:53.961+0000] {dag.py:3823} INFO - Setting next_dagrun for tutorial_taskflow_api to None, run_after=None
[2025-09-21T12:01:54.002+0000] {processor.py:183} INFO - Processing /home/airflow/.local/lib/python3.8/site-packages/airflow/example_dags/tutorial_taskflow_api.py took 0.123 seconds
[2025-09-21T12:02:24.122+0000] {processor.py:161} INFO - Started process (PID=1920) to work on /home/airflow/.local/lib/python3.8/site-packages/airflow/example_dags/tutorial_taskflow_api.py
[2025-09-21T12:02:24.125+0000] {processor.py:830} INFO - Processing file /home/airflow/.local/lib/python3.8/site-packages/airflow/example_dags/tutorial_taskflow_api.py for tasks to queue
[2025-09-21T12:02:24.129+0000] {logging_mixin.py:188} INFO - [2025-09-21T12:02:24.128+0000] {dagbag.py:538} INFO - Filling up the DagBag from /home/airflow/.local/lib/python3.8/site-packages/airflow/example_dags/tutorial_taskflow_api.py
[2025-09-21T12:02:24.144+0000] {processor.py:840} INFO - DAG(s) 'tutorial_taskflow_api' retrieved from /home/airflow/.local/lib/python3.8/site-packages/airflow/example_dags/tutorial_taskflow_api.py
[2025-09-21T12:02:24.179+0000] {logging_mixin.py:188} INFO - [2025-09-21T12:02:24.179+0000] {dag.py:3036} INFO - Sync 1 DAGs
[2025-09-21T12:02:24.203+0000] {logging_mixin.py:188} INFO - [2025-09-21T12:02:24.202+0000] {dag.py:3823} INFO - Setting next_dagrun for tutorial_taskflow_api to None, run_after=None
[2025-09-21T12:02:24.241+0000] {processor.py:183} INFO - Processing /home/airflow/.local/lib/python3.8/site-packages/airflow/example_dags/tutorial_taskflow_api.py took 0.125 seconds
[2025-09-21T12:02:55.035+0000] {processor.py:161} INFO - Started process (PID=1979) to work on /home/airflow/.local/lib/python3.8/site-packages/airflow/example_dags/tutorial_taskflow_api.py
[2025-09-21T12:02:55.037+0000] {processor.py:830} INFO - Processing file /home/airflow/.local/lib/python3.8/site-packages/airflow/example_dags/tutorial_taskflow_api.py for tasks to queue
[2025-09-21T12:02:55.041+0000] {logging_mixin.py:188} INFO - [2025-09-21T12:02:55.040+0000] {dagbag.py:538} INFO - Filling up the DagBag from /home/airflow/.local/lib/python3.8/site-packages/airflow/example_dags/tutorial_taskflow_api.py
[2025-09-21T12:02:55.054+0000] {processor.py:840} INFO - DAG(s) 'tutorial_taskflow_api' retrieved from /home/airflow/.local/lib/python3.8/site-packages/airflow/example_dags/tutorial_taskflow_api.py
[2025-09-21T12:02:55.091+0000] {logging_mixin.py:188} INFO - [2025-09-21T12:02:55.090+0000] {dag.py:3036} INFO - Sync 1 DAGs
[2025-09-21T12:02:55.114+0000] {logging_mixin.py:188} INFO - [2025-09-21T12:02:55.114+0000] {dag.py:3823} INFO - Setting next_dagrun for tutorial_taskflow_api to None, run_after=None
[2025-09-21T12:02:55.149+0000] {processor.py:183} INFO - Processing /home/airflow/.local/lib/python3.8/site-packages/airflow/example_dags/tutorial_taskflow_api.py took 0.125 seconds
[2025-09-21T12:03:26.359+0000] {processor.py:161} INFO - Started process (PID=2042) to work on /home/airflow/.local/lib/python3.8/site-packages/airflow/example_dags/tutorial_taskflow_api.py
[2025-09-21T12:03:26.361+0000] {processor.py:830} INFO - Processing file /home/airflow/.local/lib/python3.8/site-packages/airflow/example_dags/tutorial_taskflow_api.py for tasks to queue
[2025-09-21T12:03:26.366+0000] {logging_mixin.py:188} INFO - [2025-09-21T12:03:26.365+0000] {dagbag.py:538} INFO - Filling up the DagBag from /home/airflow/.local/lib/python3.8/site-packages/airflow/example_dags/tutorial_taskflow_api.py
[2025-09-21T12:03:26.380+0000] {processor.py:840} INFO - DAG(s) 'tutorial_taskflow_api' retrieved from /home/airflow/.local/lib/python3.8/site-packages/airflow/example_dags/tutorial_taskflow_api.py
[2025-09-21T12:03:26.421+0000] {logging_mixin.py:188} INFO - [2025-09-21T12:03:26.420+0000] {dag.py:3036} INFO - Sync 1 DAGs
[2025-09-21T12:03:26.454+0000] {logging_mixin.py:188} INFO - [2025-09-21T12:03:26.454+0000] {dag.py:3823} INFO - Setting next_dagrun for tutorial_taskflow_api to None, run_after=None
[2025-09-21T12:03:26.498+0000] {processor.py:183} INFO - Processing /home/airflow/.local/lib/python3.8/site-packages/airflow/example_dags/tutorial_taskflow_api.py took 0.145 seconds
[2025-09-21T12:03:57.128+0000] {processor.py:161} INFO - Started process (PID=2100) to work on /home/airflow/.local/lib/python3.8/site-packages/airflow/example_dags/tutorial_taskflow_api.py
[2025-09-21T12:03:57.130+0000] {processor.py:830} INFO - Processing file /home/airflow/.local/lib/python3.8/site-packages/airflow/example_dags/tutorial_taskflow_api.py for tasks to queue
[2025-09-21T12:03:57.138+0000] {logging_mixin.py:188} INFO - [2025-09-21T12:03:57.137+0000] {dagbag.py:538} INFO - Filling up the DagBag from /home/airflow/.local/lib/python3.8/site-packages/airflow/example_dags/tutorial_taskflow_api.py
[2025-09-21T12:03:57.154+0000] {processor.py:840} INFO - DAG(s) 'tutorial_taskflow_api' retrieved from /home/airflow/.local/lib/python3.8/site-packages/airflow/example_dags/tutorial_taskflow_api.py
[2025-09-21T12:03:57.205+0000] {logging_mixin.py:188} INFO - [2025-09-21T12:03:57.205+0000] {dag.py:3036} INFO - Sync 1 DAGs
[2025-09-21T12:03:57.236+0000] {logging_mixin.py:188} INFO - [2025-09-21T12:03:57.236+0000] {dag.py:3823} INFO - Setting next_dagrun for tutorial_taskflow_api to None, run_after=None
[2025-09-21T12:03:57.289+0000] {processor.py:183} INFO - Processing /home/airflow/.local/lib/python3.8/site-packages/airflow/example_dags/tutorial_taskflow_api.py took 0.167 seconds
[2025-09-21T12:04:27.489+0000] {processor.py:161} INFO - Started process (PID=2156) to work on /home/airflow/.local/lib/python3.8/site-packages/airflow/example_dags/tutorial_taskflow_api.py
[2025-09-21T12:04:27.492+0000] {processor.py:830} INFO - Processing file /home/airflow/.local/lib/python3.8/site-packages/airflow/example_dags/tutorial_taskflow_api.py for tasks to queue
[2025-09-21T12:04:27.497+0000] {logging_mixin.py:188} INFO - [2025-09-21T12:04:27.496+0000] {dagbag.py:538} INFO - Filling up the DagBag from /home/airflow/.local/lib/python3.8/site-packages/airflow/example_dags/tutorial_taskflow_api.py
[2025-09-21T12:04:27.514+0000] {processor.py:840} INFO - DAG(s) 'tutorial_taskflow_api' retrieved from /home/airflow/.local/lib/python3.8/site-packages/airflow/example_dags/tutorial_taskflow_api.py
[2025-09-21T12:04:27.584+0000] {logging_mixin.py:188} INFO - [2025-09-21T12:04:27.584+0000] {dag.py:3036} INFO - Sync 1 DAGs
[2025-09-21T12:04:27.670+0000] {logging_mixin.py:188} INFO - [2025-09-21T12:04:27.670+0000] {dag.py:3823} INFO - Setting next_dagrun for tutorial_taskflow_api to None, run_after=None
[2025-09-21T12:04:27.760+0000] {processor.py:183} INFO - Processing /home/airflow/.local/lib/python3.8/site-packages/airflow/example_dags/tutorial_taskflow_api.py took 0.285 seconds
[2025-09-21T12:04:57.879+0000] {processor.py:161} INFO - Started process (PID=2214) to work on /home/airflow/.local/lib/python3.8/site-packages/airflow/example_dags/tutorial_taskflow_api.py
[2025-09-21T12:04:57.882+0000] {processor.py:830} INFO - Processing file /home/airflow/.local/lib/python3.8/site-packages/airflow/example_dags/tutorial_taskflow_api.py for tasks to queue
[2025-09-21T12:04:57.886+0000] {logging_mixin.py:188} INFO - [2025-09-21T12:04:57.886+0000] {dagbag.py:538} INFO - Filling up the DagBag from /home/airflow/.local/lib/python3.8/site-packages/airflow/example_dags/tutorial_taskflow_api.py
[2025-09-21T12:04:57.903+0000] {processor.py:840} INFO - DAG(s) 'tutorial_taskflow_api' retrieved from /home/airflow/.local/lib/python3.8/site-packages/airflow/example_dags/tutorial_taskflow_api.py
[2025-09-21T12:04:57.954+0000] {logging_mixin.py:188} INFO - [2025-09-21T12:04:57.954+0000] {dag.py:3036} INFO - Sync 1 DAGs
[2025-09-21T12:04:57.992+0000] {logging_mixin.py:188} INFO - [2025-09-21T12:04:57.991+0000] {dag.py:3823} INFO - Setting next_dagrun for tutorial_taskflow_api to None, run_after=None
[2025-09-21T12:04:58.041+0000] {processor.py:183} INFO - Processing /home/airflow/.local/lib/python3.8/site-packages/airflow/example_dags/tutorial_taskflow_api.py took 0.170 seconds
[2025-09-21T12:05:28.765+0000] {processor.py:161} INFO - Started process (PID=2272) to work on /home/airflow/.local/lib/python3.8/site-packages/airflow/example_dags/tutorial_taskflow_api.py
[2025-09-21T12:05:28.769+0000] {processor.py:830} INFO - Processing file /home/airflow/.local/lib/python3.8/site-packages/airflow/example_dags/tutorial_taskflow_api.py for tasks to queue
[2025-09-21T12:05:28.777+0000] {logging_mixin.py:188} INFO - [2025-09-21T12:05:28.775+0000] {dagbag.py:538} INFO - Filling up the DagBag from /home/airflow/.local/lib/python3.8/site-packages/airflow/example_dags/tutorial_taskflow_api.py
[2025-09-21T12:05:28.803+0000] {processor.py:840} INFO - DAG(s) 'tutorial_taskflow_api' retrieved from /home/airflow/.local/lib/python3.8/site-packages/airflow/example_dags/tutorial_taskflow_api.py
[2025-09-21T12:05:28.881+0000] {logging_mixin.py:188} INFO - [2025-09-21T12:05:28.880+0000] {dag.py:3036} INFO - Sync 1 DAGs
[2025-09-21T12:05:28.932+0000] {logging_mixin.py:188} INFO - [2025-09-21T12:05:28.931+0000] {dag.py:3823} INFO - Setting next_dagrun for tutorial_taskflow_api to None, run_after=None
[2025-09-21T12:05:29.018+0000] {processor.py:183} INFO - Processing /home/airflow/.local/lib/python3.8/site-packages/airflow/example_dags/tutorial_taskflow_api.py took 0.265 seconds
[2025-09-21T12:05:59.226+0000] {processor.py:161} INFO - Started process (PID=2330) to work on /home/airflow/.local/lib/python3.8/site-packages/airflow/example_dags/tutorial_taskflow_api.py
[2025-09-21T12:05:59.230+0000] {processor.py:830} INFO - Processing file /home/airflow/.local/lib/python3.8/site-packages/airflow/example_dags/tutorial_taskflow_api.py for tasks to queue
[2025-09-21T12:05:59.235+0000] {logging_mixin.py:188} INFO - [2025-09-21T12:05:59.234+0000] {dagbag.py:538} INFO - Filling up the DagBag from /home/airflow/.local/lib/python3.8/site-packages/airflow/example_dags/tutorial_taskflow_api.py
[2025-09-21T12:05:59.255+0000] {processor.py:840} INFO - DAG(s) 'tutorial_taskflow_api' retrieved from /home/airflow/.local/lib/python3.8/site-packages/airflow/example_dags/tutorial_taskflow_api.py
[2025-09-21T12:05:59.366+0000] {logging_mixin.py:188} INFO - [2025-09-21T12:05:59.365+0000] {dag.py:3036} INFO - Sync 1 DAGs
[2025-09-21T12:05:59.410+0000] {logging_mixin.py:188} INFO - [2025-09-21T12:05:59.410+0000] {dag.py:3823} INFO - Setting next_dagrun for tutorial_taskflow_api to None, run_after=None
[2025-09-21T12:05:59.471+0000] {processor.py:183} INFO - Processing /home/airflow/.local/lib/python3.8/site-packages/airflow/example_dags/tutorial_taskflow_api.py took 0.253 seconds
[2025-09-21T12:06:29.711+0000] {processor.py:161} INFO - Started process (PID=2388) to work on /home/airflow/.local/lib/python3.8/site-packages/airflow/example_dags/tutorial_taskflow_api.py
[2025-09-21T12:06:29.715+0000] {processor.py:830} INFO - Processing file /home/airflow/.local/lib/python3.8/site-packages/airflow/example_dags/tutorial_taskflow_api.py for tasks to queue
[2025-09-21T12:06:29.721+0000] {logging_mixin.py:188} INFO - [2025-09-21T12:06:29.720+0000] {dagbag.py:538} INFO - Filling up the DagBag from /home/airflow/.local/lib/python3.8/site-packages/airflow/example_dags/tutorial_taskflow_api.py
[2025-09-21T12:06:29.745+0000] {processor.py:840} INFO - DAG(s) 'tutorial_taskflow_api' retrieved from /home/airflow/.local/lib/python3.8/site-packages/airflow/example_dags/tutorial_taskflow_api.py
[2025-09-21T12:06:29.811+0000] {logging_mixin.py:188} INFO - [2025-09-21T12:06:29.810+0000] {dag.py:3036} INFO - Sync 1 DAGs
[2025-09-21T12:06:29.852+0000] {logging_mixin.py:188} INFO - [2025-09-21T12:06:29.851+0000] {dag.py:3823} INFO - Setting next_dagrun for tutorial_taskflow_api to None, run_after=None
[2025-09-21T12:06:29.903+0000] {processor.py:183} INFO - Processing /home/airflow/.local/lib/python3.8/site-packages/airflow/example_dags/tutorial_taskflow_api.py took 0.204 seconds
[2025-09-21T12:07:00.182+0000] {processor.py:161} INFO - Started process (PID=2447) to work on /home/airflow/.local/lib/python3.8/site-packages/airflow/example_dags/tutorial_taskflow_api.py
[2025-09-21T12:07:00.183+0000] {processor.py:830} INFO - Processing file /home/airflow/.local/lib/python3.8/site-packages/airflow/example_dags/tutorial_taskflow_api.py for tasks to queue
[2025-09-21T12:07:00.187+0000] {logging_mixin.py:188} INFO - [2025-09-21T12:07:00.186+0000] {dagbag.py:538} INFO - Filling up the DagBag from /home/airflow/.local/lib/python3.8/site-packages/airflow/example_dags/tutorial_taskflow_api.py
[2025-09-21T12:07:00.202+0000] {processor.py:840} INFO - DAG(s) 'tutorial_taskflow_api' retrieved from /home/airflow/.local/lib/python3.8/site-packages/airflow/example_dags/tutorial_taskflow_api.py
[2025-09-21T12:07:00.251+0000] {logging_mixin.py:188} INFO - [2025-09-21T12:07:00.250+0000] {dag.py:3036} INFO - Sync 1 DAGs
[2025-09-21T12:07:00.287+0000] {logging_mixin.py:188} INFO - [2025-09-21T12:07:00.286+0000] {dag.py:3823} INFO - Setting next_dagrun for tutorial_taskflow_api to None, run_after=None
[2025-09-21T12:07:00.331+0000] {processor.py:183} INFO - Processing /home/airflow/.local/lib/python3.8/site-packages/airflow/example_dags/tutorial_taskflow_api.py took 0.158 seconds
[2025-09-21T12:07:30.410+0000] {processor.py:161} INFO - Started process (PID=2504) to work on /home/airflow/.local/lib/python3.8/site-packages/airflow/example_dags/tutorial_taskflow_api.py
[2025-09-21T12:07:30.413+0000] {processor.py:830} INFO - Processing file /home/airflow/.local/lib/python3.8/site-packages/airflow/example_dags/tutorial_taskflow_api.py for tasks to queue
[2025-09-21T12:07:30.418+0000] {logging_mixin.py:188} INFO - [2025-09-21T12:07:30.418+0000] {dagbag.py:538} INFO - Filling up the DagBag from /home/airflow/.local/lib/python3.8/site-packages/airflow/example_dags/tutorial_taskflow_api.py
[2025-09-21T12:07:30.433+0000] {processor.py:840} INFO - DAG(s) 'tutorial_taskflow_api' retrieved from /home/airflow/.local/lib/python3.8/site-packages/airflow/example_dags/tutorial_taskflow_api.py
[2025-09-21T12:07:30.473+0000] {logging_mixin.py:188} INFO - [2025-09-21T12:07:30.472+0000] {dag.py:3036} INFO - Sync 1 DAGs
[2025-09-21T12:07:30.510+0000] {logging_mixin.py:188} INFO - [2025-09-21T12:07:30.510+0000] {dag.py:3823} INFO - Setting next_dagrun for tutorial_taskflow_api to None, run_after=None
[2025-09-21T12:07:30.551+0000] {processor.py:183} INFO - Processing /home/airflow/.local/lib/python3.8/site-packages/airflow/example_dags/tutorial_taskflow_api.py took 0.149 seconds
[2025-09-21T12:08:00.618+0000] {processor.py:161} INFO - Started process (PID=2562) to work on /home/airflow/.local/lib/python3.8/site-packages/airflow/example_dags/tutorial_taskflow_api.py
[2025-09-21T12:08:00.620+0000] {processor.py:830} INFO - Processing file /home/airflow/.local/lib/python3.8/site-packages/airflow/example_dags/tutorial_taskflow_api.py for tasks to queue
[2025-09-21T12:08:00.623+0000] {logging_mixin.py:188} INFO - [2025-09-21T12:08:00.623+0000] {dagbag.py:538} INFO - Filling up the DagBag from /home/airflow/.local/lib/python3.8/site-packages/airflow/example_dags/tutorial_taskflow_api.py
[2025-09-21T12:08:00.636+0000] {processor.py:840} INFO - DAG(s) 'tutorial_taskflow_api' retrieved from /home/airflow/.local/lib/python3.8/site-packages/airflow/example_dags/tutorial_taskflow_api.py
[2025-09-21T12:08:00.678+0000] {logging_mixin.py:188} INFO - [2025-09-21T12:08:00.677+0000] {dag.py:3036} INFO - Sync 1 DAGs
[2025-09-21T12:08:00.702+0000] {logging_mixin.py:188} INFO - [2025-09-21T12:08:00.701+0000] {dag.py:3823} INFO - Setting next_dagrun for tutorial_taskflow_api to None, run_after=None
[2025-09-21T12:08:00.739+0000] {processor.py:183} INFO - Processing /home/airflow/.local/lib/python3.8/site-packages/airflow/example_dags/tutorial_taskflow_api.py took 0.127 seconds
[2025-09-21T12:08:31.445+0000] {processor.py:161} INFO - Started process (PID=2620) to work on /home/airflow/.local/lib/python3.8/site-packages/airflow/example_dags/tutorial_taskflow_api.py
[2025-09-21T12:08:31.448+0000] {processor.py:830} INFO - Processing file /home/airflow/.local/lib/python3.8/site-packages/airflow/example_dags/tutorial_taskflow_api.py for tasks to queue
[2025-09-21T12:08:31.452+0000] {logging_mixin.py:188} INFO - [2025-09-21T12:08:31.452+0000] {dagbag.py:538} INFO - Filling up the DagBag from /home/airflow/.local/lib/python3.8/site-packages/airflow/example_dags/tutorial_taskflow_api.py
[2025-09-21T12:08:31.472+0000] {processor.py:840} INFO - DAG(s) 'tutorial_taskflow_api' retrieved from /home/airflow/.local/lib/python3.8/site-packages/airflow/example_dags/tutorial_taskflow_api.py
[2025-09-21T12:08:31.549+0000] {logging_mixin.py:188} INFO - [2025-09-21T12:08:31.548+0000] {dag.py:3036} INFO - Sync 1 DAGs
[2025-09-21T12:08:31.605+0000] {logging_mixin.py:188} INFO - [2025-09-21T12:08:31.604+0000] {dag.py:3823} INFO - Setting next_dagrun for tutorial_taskflow_api to None, run_after=None
[2025-09-21T12:08:31.688+0000] {processor.py:183} INFO - Processing /home/airflow/.local/lib/python3.8/site-packages/airflow/example_dags/tutorial_taskflow_api.py took 0.250 seconds
[2025-09-21T12:09:02.147+0000] {processor.py:161} INFO - Started process (PID=2678) to work on /home/airflow/.local/lib/python3.8/site-packages/airflow/example_dags/tutorial_taskflow_api.py
[2025-09-21T12:09:02.153+0000] {processor.py:830} INFO - Processing file /home/airflow/.local/lib/python3.8/site-packages/airflow/example_dags/tutorial_taskflow_api.py for tasks to queue
[2025-09-21T12:09:02.162+0000] {logging_mixin.py:188} INFO - [2025-09-21T12:09:02.161+0000] {dagbag.py:538} INFO - Filling up the DagBag from /home/airflow/.local/lib/python3.8/site-packages/airflow/example_dags/tutorial_taskflow_api.py
[2025-09-21T12:09:02.190+0000] {processor.py:840} INFO - DAG(s) 'tutorial_taskflow_api' retrieved from /home/airflow/.local/lib/python3.8/site-packages/airflow/example_dags/tutorial_taskflow_api.py
[2025-09-21T12:09:02.266+0000] {logging_mixin.py:188} INFO - [2025-09-21T12:09:02.265+0000] {dag.py:3036} INFO - Sync 1 DAGs
[2025-09-21T12:09:02.310+0000] {logging_mixin.py:188} INFO - [2025-09-21T12:09:02.309+0000] {dag.py:3823} INFO - Setting next_dagrun for tutorial_taskflow_api to None, run_after=None
[2025-09-21T12:09:02.376+0000] {processor.py:183} INFO - Processing /home/airflow/.local/lib/python3.8/site-packages/airflow/example_dags/tutorial_taskflow_api.py took 0.247 seconds
[2025-09-21T12:09:33.301+0000] {processor.py:161} INFO - Started process (PID=2737) to work on /home/airflow/.local/lib/python3.8/site-packages/airflow/example_dags/tutorial_taskflow_api.py
[2025-09-21T12:09:33.304+0000] {processor.py:830} INFO - Processing file /home/airflow/.local/lib/python3.8/site-packages/airflow/example_dags/tutorial_taskflow_api.py for tasks to queue
[2025-09-21T12:09:33.309+0000] {logging_mixin.py:188} INFO - [2025-09-21T12:09:33.308+0000] {dagbag.py:538} INFO - Filling up the DagBag from /home/airflow/.local/lib/python3.8/site-packages/airflow/example_dags/tutorial_taskflow_api.py
[2025-09-21T12:09:33.326+0000] {processor.py:840} INFO - DAG(s) 'tutorial_taskflow_api' retrieved from /home/airflow/.local/lib/python3.8/site-packages/airflow/example_dags/tutorial_taskflow_api.py
[2025-09-21T12:09:33.384+0000] {logging_mixin.py:188} INFO - [2025-09-21T12:09:33.383+0000] {dag.py:3036} INFO - Sync 1 DAGs
[2025-09-21T12:09:33.428+0000] {logging_mixin.py:188} INFO - [2025-09-21T12:09:33.428+0000] {dag.py:3823} INFO - Setting next_dagrun for tutorial_taskflow_api to None, run_after=None
[2025-09-21T12:09:33.494+0000] {processor.py:183} INFO - Processing /home/airflow/.local/lib/python3.8/site-packages/airflow/example_dags/tutorial_taskflow_api.py took 0.202 seconds
[2025-09-21T12:10:04.183+0000] {processor.py:161} INFO - Started process (PID=2796) to work on /home/airflow/.local/lib/python3.8/site-packages/airflow/example_dags/tutorial_taskflow_api.py
[2025-09-21T12:10:04.186+0000] {processor.py:830} INFO - Processing file /home/airflow/.local/lib/python3.8/site-packages/airflow/example_dags/tutorial_taskflow_api.py for tasks to queue
[2025-09-21T12:10:04.190+0000] {logging_mixin.py:188} INFO - [2025-09-21T12:10:04.189+0000] {dagbag.py:538} INFO - Filling up the DagBag from /home/airflow/.local/lib/python3.8/site-packages/airflow/example_dags/tutorial_taskflow_api.py
[2025-09-21T12:10:04.204+0000] {processor.py:840} INFO - DAG(s) 'tutorial_taskflow_api' retrieved from /home/airflow/.local/lib/python3.8/site-packages/airflow/example_dags/tutorial_taskflow_api.py
[2025-09-21T12:10:04.244+0000] {logging_mixin.py:188} INFO - [2025-09-21T12:10:04.244+0000] {dag.py:3036} INFO - Sync 1 DAGs
[2025-09-21T12:10:04.271+0000] {logging_mixin.py:188} INFO - [2025-09-21T12:10:04.270+0000] {dag.py:3823} INFO - Setting next_dagrun for tutorial_taskflow_api to None, run_after=None
[2025-09-21T12:10:04.310+0000] {processor.py:183} INFO - Processing /home/airflow/.local/lib/python3.8/site-packages/airflow/example_dags/tutorial_taskflow_api.py took 0.139 seconds
[2025-09-21T12:10:34.954+0000] {processor.py:161} INFO - Started process (PID=2854) to work on /home/airflow/.local/lib/python3.8/site-packages/airflow/example_dags/tutorial_taskflow_api.py
[2025-09-21T12:10:34.960+0000] {processor.py:830} INFO - Processing file /home/airflow/.local/lib/python3.8/site-packages/airflow/example_dags/tutorial_taskflow_api.py for tasks to queue
[2025-09-21T12:10:34.970+0000] {logging_mixin.py:188} INFO - [2025-09-21T12:10:34.968+0000] {dagbag.py:538} INFO - Filling up the DagBag from /home/airflow/.local/lib/python3.8/site-packages/airflow/example_dags/tutorial_taskflow_api.py
[2025-09-21T12:10:35.004+0000] {processor.py:840} INFO - DAG(s) 'tutorial_taskflow_api' retrieved from /home/airflow/.local/lib/python3.8/site-packages/airflow/example_dags/tutorial_taskflow_api.py
[2025-09-21T12:10:35.047+0000] {logging_mixin.py:188} INFO - [2025-09-21T12:10:35.046+0000] {dag.py:3036} INFO - Sync 1 DAGs
[2025-09-21T12:10:35.072+0000] {logging_mixin.py:188} INFO - [2025-09-21T12:10:35.071+0000] {dag.py:3823} INFO - Setting next_dagrun for tutorial_taskflow_api to None, run_after=None
[2025-09-21T12:10:35.114+0000] {processor.py:183} INFO - Processing /home/airflow/.local/lib/python3.8/site-packages/airflow/example_dags/tutorial_taskflow_api.py took 0.185 seconds
[2025-09-21T12:11:05.219+0000] {processor.py:161} INFO - Started process (PID=2912) to work on /home/airflow/.local/lib/python3.8/site-packages/airflow/example_dags/tutorial_taskflow_api.py
[2025-09-21T12:11:05.221+0000] {processor.py:830} INFO - Processing file /home/airflow/.local/lib/python3.8/site-packages/airflow/example_dags/tutorial_taskflow_api.py for tasks to queue
[2025-09-21T12:11:05.227+0000] {logging_mixin.py:188} INFO - [2025-09-21T12:11:05.226+0000] {dagbag.py:538} INFO - Filling up the DagBag from /home/airflow/.local/lib/python3.8/site-packages/airflow/example_dags/tutorial_taskflow_api.py
[2025-09-21T12:11:05.239+0000] {processor.py:840} INFO - DAG(s) 'tutorial_taskflow_api' retrieved from /home/airflow/.local/lib/python3.8/site-packages/airflow/example_dags/tutorial_taskflow_api.py
[2025-09-21T12:11:05.275+0000] {logging_mixin.py:188} INFO - [2025-09-21T12:11:05.274+0000] {dag.py:3036} INFO - Sync 1 DAGs
[2025-09-21T12:11:05.299+0000] {logging_mixin.py:188} INFO - [2025-09-21T12:11:05.298+0000] {dag.py:3823} INFO - Setting next_dagrun for tutorial_taskflow_api to None, run_after=None
[2025-09-21T12:11:05.338+0000] {processor.py:183} INFO - Processing /home/airflow/.local/lib/python3.8/site-packages/airflow/example_dags/tutorial_taskflow_api.py took 0.125 seconds
[2025-09-21T12:11:35.498+0000] {processor.py:161} INFO - Started process (PID=2970) to work on /home/airflow/.local/lib/python3.8/site-packages/airflow/example_dags/tutorial_taskflow_api.py
[2025-09-21T12:11:35.500+0000] {processor.py:830} INFO - Processing file /home/airflow/.local/lib/python3.8/site-packages/airflow/example_dags/tutorial_taskflow_api.py for tasks to queue
[2025-09-21T12:11:35.505+0000] {logging_mixin.py:188} INFO - [2025-09-21T12:11:35.504+0000] {dagbag.py:538} INFO - Filling up the DagBag from /home/airflow/.local/lib/python3.8/site-packages/airflow/example_dags/tutorial_taskflow_api.py
[2025-09-21T12:11:35.520+0000] {processor.py:840} INFO - DAG(s) 'tutorial_taskflow_api' retrieved from /home/airflow/.local/lib/python3.8/site-packages/airflow/example_dags/tutorial_taskflow_api.py
[2025-09-21T12:11:35.579+0000] {logging_mixin.py:188} INFO - [2025-09-21T12:11:35.579+0000] {dag.py:3036} INFO - Sync 1 DAGs
[2025-09-21T12:11:35.618+0000] {logging_mixin.py:188} INFO - [2025-09-21T12:11:35.618+0000] {dag.py:3823} INFO - Setting next_dagrun for tutorial_taskflow_api to None, run_after=None
[2025-09-21T12:11:35.667+0000] {processor.py:183} INFO - Processing /home/airflow/.local/lib/python3.8/site-packages/airflow/example_dags/tutorial_taskflow_api.py took 0.178 seconds
[2025-09-21T12:12:05.807+0000] {processor.py:161} INFO - Started process (PID=3028) to work on /home/airflow/.local/lib/python3.8/site-packages/airflow/example_dags/tutorial_taskflow_api.py
[2025-09-21T12:12:05.810+0000] {processor.py:830} INFO - Processing file /home/airflow/.local/lib/python3.8/site-packages/airflow/example_dags/tutorial_taskflow_api.py for tasks to queue
[2025-09-21T12:12:05.814+0000] {logging_mixin.py:188} INFO - [2025-09-21T12:12:05.813+0000] {dagbag.py:538} INFO - Filling up the DagBag from /home/airflow/.local/lib/python3.8/site-packages/airflow/example_dags/tutorial_taskflow_api.py
[2025-09-21T12:12:05.827+0000] {processor.py:840} INFO - DAG(s) 'tutorial_taskflow_api' retrieved from /home/airflow/.local/lib/python3.8/site-packages/airflow/example_dags/tutorial_taskflow_api.py
[2025-09-21T12:12:05.870+0000] {logging_mixin.py:188} INFO - [2025-09-21T12:12:05.869+0000] {dag.py:3036} INFO - Sync 1 DAGs
[2025-09-21T12:12:05.906+0000] {logging_mixin.py:188} INFO - [2025-09-21T12:12:05.905+0000] {dag.py:3823} INFO - Setting next_dagrun for tutorial_taskflow_api to None, run_after=None
[2025-09-21T12:12:05.958+0000] {processor.py:183} INFO - Processing /home/airflow/.local/lib/python3.8/site-packages/airflow/example_dags/tutorial_taskflow_api.py took 0.157 seconds
[2025-09-21T12:12:36.768+0000] {processor.py:161} INFO - Started process (PID=3086) to work on /home/airflow/.local/lib/python3.8/site-packages/airflow/example_dags/tutorial_taskflow_api.py
[2025-09-21T12:12:36.770+0000] {processor.py:830} INFO - Processing file /home/airflow/.local/lib/python3.8/site-packages/airflow/example_dags/tutorial_taskflow_api.py for tasks to queue
[2025-09-21T12:12:36.774+0000] {logging_mixin.py:188} INFO - [2025-09-21T12:12:36.773+0000] {dagbag.py:538} INFO - Filling up the DagBag from /home/airflow/.local/lib/python3.8/site-packages/airflow/example_dags/tutorial_taskflow_api.py
[2025-09-21T12:12:36.785+0000] {processor.py:840} INFO - DAG(s) 'tutorial_taskflow_api' retrieved from /home/airflow/.local/lib/python3.8/site-packages/airflow/example_dags/tutorial_taskflow_api.py
[2025-09-21T12:12:36.824+0000] {logging_mixin.py:188} INFO - [2025-09-21T12:12:36.824+0000] {dag.py:3036} INFO - Sync 1 DAGs
[2025-09-21T12:12:36.849+0000] {logging_mixin.py:188} INFO - [2025-09-21T12:12:36.848+0000] {dag.py:3823} INFO - Setting next_dagrun for tutorial_taskflow_api to None, run_after=None
[2025-09-21T12:12:36.888+0000] {processor.py:183} INFO - Processing /home/airflow/.local/lib/python3.8/site-packages/airflow/example_dags/tutorial_taskflow_api.py took 0.129 seconds
[2025-09-21T12:13:07.312+0000] {processor.py:161} INFO - Started process (PID=3144) to work on /home/airflow/.local/lib/python3.8/site-packages/airflow/example_dags/tutorial_taskflow_api.py
[2025-09-21T12:13:07.314+0000] {processor.py:830} INFO - Processing file /home/airflow/.local/lib/python3.8/site-packages/airflow/example_dags/tutorial_taskflow_api.py for tasks to queue
[2025-09-21T12:13:07.318+0000] {logging_mixin.py:188} INFO - [2025-09-21T12:13:07.317+0000] {dagbag.py:538} INFO - Filling up the DagBag from /home/airflow/.local/lib/python3.8/site-packages/airflow/example_dags/tutorial_taskflow_api.py
[2025-09-21T12:13:07.334+0000] {processor.py:840} INFO - DAG(s) 'tutorial_taskflow_api' retrieved from /home/airflow/.local/lib/python3.8/site-packages/airflow/example_dags/tutorial_taskflow_api.py
[2025-09-21T12:13:07.372+0000] {logging_mixin.py:188} INFO - [2025-09-21T12:13:07.371+0000] {dag.py:3036} INFO - Sync 1 DAGs
[2025-09-21T12:13:07.397+0000] {logging_mixin.py:188} INFO - [2025-09-21T12:13:07.396+0000] {dag.py:3823} INFO - Setting next_dagrun for tutorial_taskflow_api to None, run_after=None
[2025-09-21T12:13:07.439+0000] {processor.py:183} INFO - Processing /home/airflow/.local/lib/python3.8/site-packages/airflow/example_dags/tutorial_taskflow_api.py took 0.134 seconds
[2025-09-21T12:13:38.572+0000] {processor.py:161} INFO - Started process (PID=3202) to work on /home/airflow/.local/lib/python3.8/site-packages/airflow/example_dags/tutorial_taskflow_api.py
[2025-09-21T12:13:38.576+0000] {processor.py:830} INFO - Processing file /home/airflow/.local/lib/python3.8/site-packages/airflow/example_dags/tutorial_taskflow_api.py for tasks to queue
[2025-09-21T12:13:38.587+0000] {logging_mixin.py:188} INFO - [2025-09-21T12:13:38.586+0000] {dagbag.py:538} INFO - Filling up the DagBag from /home/airflow/.local/lib/python3.8/site-packages/airflow/example_dags/tutorial_taskflow_api.py
[2025-09-21T12:13:38.632+0000] {processor.py:840} INFO - DAG(s) 'tutorial_taskflow_api' retrieved from /home/airflow/.local/lib/python3.8/site-packages/airflow/example_dags/tutorial_taskflow_api.py
[2025-09-21T12:13:38.743+0000] {logging_mixin.py:188} INFO - [2025-09-21T12:13:38.742+0000] {dag.py:3036} INFO - Sync 1 DAGs
[2025-09-21T12:13:38.792+0000] {logging_mixin.py:188} INFO - [2025-09-21T12:13:38.792+0000] {dag.py:3823} INFO - Setting next_dagrun for tutorial_taskflow_api to None, run_after=None
[2025-09-21T12:13:38.916+0000] {processor.py:183} INFO - Processing /home/airflow/.local/lib/python3.8/site-packages/airflow/example_dags/tutorial_taskflow_api.py took 0.364 seconds
[2025-09-21T12:14:09.190+0000] {processor.py:161} INFO - Started process (PID=3260) to work on /home/airflow/.local/lib/python3.8/site-packages/airflow/example_dags/tutorial_taskflow_api.py
[2025-09-21T12:14:09.193+0000] {processor.py:830} INFO - Processing file /home/airflow/.local/lib/python3.8/site-packages/airflow/example_dags/tutorial_taskflow_api.py for tasks to queue
[2025-09-21T12:14:09.197+0000] {logging_mixin.py:188} INFO - [2025-09-21T12:14:09.196+0000] {dagbag.py:538} INFO - Filling up the DagBag from /home/airflow/.local/lib/python3.8/site-packages/airflow/example_dags/tutorial_taskflow_api.py
[2025-09-21T12:14:09.214+0000] {processor.py:840} INFO - DAG(s) 'tutorial_taskflow_api' retrieved from /home/airflow/.local/lib/python3.8/site-packages/airflow/example_dags/tutorial_taskflow_api.py
[2025-09-21T12:14:09.260+0000] {logging_mixin.py:188} INFO - [2025-09-21T12:14:09.259+0000] {dag.py:3036} INFO - Sync 1 DAGs
[2025-09-21T12:14:09.289+0000] {logging_mixin.py:188} INFO - [2025-09-21T12:14:09.288+0000] {dag.py:3823} INFO - Setting next_dagrun for tutorial_taskflow_api to None, run_after=None
[2025-09-21T12:14:09.336+0000] {processor.py:183} INFO - Processing /home/airflow/.local/lib/python3.8/site-packages/airflow/example_dags/tutorial_taskflow_api.py took 0.154 seconds
[2025-09-21T12:14:40.418+0000] {processor.py:161} INFO - Started process (PID=3318) to work on /home/airflow/.local/lib/python3.8/site-packages/airflow/example_dags/tutorial_taskflow_api.py
[2025-09-21T12:14:40.423+0000] {processor.py:830} INFO - Processing file /home/airflow/.local/lib/python3.8/site-packages/airflow/example_dags/tutorial_taskflow_api.py for tasks to queue
[2025-09-21T12:14:40.433+0000] {logging_mixin.py:188} INFO - [2025-09-21T12:14:40.431+0000] {dagbag.py:538} INFO - Filling up the DagBag from /home/airflow/.local/lib/python3.8/site-packages/airflow/example_dags/tutorial_taskflow_api.py
[2025-09-21T12:14:40.471+0000] {processor.py:840} INFO - DAG(s) 'tutorial_taskflow_api' retrieved from /home/airflow/.local/lib/python3.8/site-packages/airflow/example_dags/tutorial_taskflow_api.py
[2025-09-21T12:14:40.587+0000] {logging_mixin.py:188} INFO - [2025-09-21T12:14:40.586+0000] {dag.py:3036} INFO - Sync 1 DAGs
[2025-09-21T12:14:40.657+0000] {logging_mixin.py:188} INFO - [2025-09-21T12:14:40.656+0000] {dag.py:3823} INFO - Setting next_dagrun for tutorial_taskflow_api to None, run_after=None
[2025-09-21T12:14:40.757+0000] {processor.py:183} INFO - Processing /home/airflow/.local/lib/python3.8/site-packages/airflow/example_dags/tutorial_taskflow_api.py took 0.358 seconds
[2025-09-21T12:15:10.856+0000] {processor.py:161} INFO - Started process (PID=3375) to work on /home/airflow/.local/lib/python3.8/site-packages/airflow/example_dags/tutorial_taskflow_api.py
[2025-09-21T12:15:10.859+0000] {processor.py:830} INFO - Processing file /home/airflow/.local/lib/python3.8/site-packages/airflow/example_dags/tutorial_taskflow_api.py for tasks to queue
[2025-09-21T12:15:10.863+0000] {logging_mixin.py:188} INFO - [2025-09-21T12:15:10.862+0000] {dagbag.py:538} INFO - Filling up the DagBag from /home/airflow/.local/lib/python3.8/site-packages/airflow/example_dags/tutorial_taskflow_api.py
[2025-09-21T12:15:10.879+0000] {processor.py:840} INFO - DAG(s) 'tutorial_taskflow_api' retrieved from /home/airflow/.local/lib/python3.8/site-packages/airflow/example_dags/tutorial_taskflow_api.py
[2025-09-21T12:15:10.929+0000] {logging_mixin.py:188} INFO - [2025-09-21T12:15:10.929+0000] {dag.py:3036} INFO - Sync 1 DAGs
[2025-09-21T12:15:10.957+0000] {logging_mixin.py:188} INFO - [2025-09-21T12:15:10.957+0000] {dag.py:3823} INFO - Setting next_dagrun for tutorial_taskflow_api to None, run_after=None
[2025-09-21T12:15:11.027+0000] {processor.py:183} INFO - Processing /home/airflow/.local/lib/python3.8/site-packages/airflow/example_dags/tutorial_taskflow_api.py took 0.189 seconds
[2025-09-21T12:15:41.909+0000] {processor.py:161} INFO - Started process (PID=3434) to work on /home/airflow/.local/lib/python3.8/site-packages/airflow/example_dags/tutorial_taskflow_api.py
[2025-09-21T12:15:41.911+0000] {processor.py:830} INFO - Processing file /home/airflow/.local/lib/python3.8/site-packages/airflow/example_dags/tutorial_taskflow_api.py for tasks to queue
[2025-09-21T12:15:41.915+0000] {logging_mixin.py:188} INFO - [2025-09-21T12:15:41.915+0000] {dagbag.py:538} INFO - Filling up the DagBag from /home/airflow/.local/lib/python3.8/site-packages/airflow/example_dags/tutorial_taskflow_api.py
[2025-09-21T12:15:41.929+0000] {processor.py:840} INFO - DAG(s) 'tutorial_taskflow_api' retrieved from /home/airflow/.local/lib/python3.8/site-packages/airflow/example_dags/tutorial_taskflow_api.py
[2025-09-21T12:15:41.975+0000] {logging_mixin.py:188} INFO - [2025-09-21T12:15:41.974+0000] {dag.py:3036} INFO - Sync 1 DAGs
[2025-09-21T12:15:42.003+0000] {logging_mixin.py:188} INFO - [2025-09-21T12:15:42.002+0000] {dag.py:3823} INFO - Setting next_dagrun for tutorial_taskflow_api to None, run_after=None
[2025-09-21T12:15:42.051+0000] {processor.py:183} INFO - Processing /home/airflow/.local/lib/python3.8/site-packages/airflow/example_dags/tutorial_taskflow_api.py took 0.166 seconds
[2025-09-21T12:16:12.227+0000] {processor.py:161} INFO - Started process (PID=3492) to work on /home/airflow/.local/lib/python3.8/site-packages/airflow/example_dags/tutorial_taskflow_api.py
[2025-09-21T12:16:12.229+0000] {processor.py:830} INFO - Processing file /home/airflow/.local/lib/python3.8/site-packages/airflow/example_dags/tutorial_taskflow_api.py for tasks to queue
[2025-09-21T12:16:12.234+0000] {logging_mixin.py:188} INFO - [2025-09-21T12:16:12.233+0000] {dagbag.py:538} INFO - Filling up the DagBag from /home/airflow/.local/lib/python3.8/site-packages/airflow/example_dags/tutorial_taskflow_api.py
[2025-09-21T12:16:12.247+0000] {processor.py:840} INFO - DAG(s) 'tutorial_taskflow_api' retrieved from /home/airflow/.local/lib/python3.8/site-packages/airflow/example_dags/tutorial_taskflow_api.py
[2025-09-21T12:16:12.296+0000] {logging_mixin.py:188} INFO - [2025-09-21T12:16:12.295+0000] {dag.py:3036} INFO - Sync 1 DAGs
[2025-09-21T12:16:12.331+0000] {logging_mixin.py:188} INFO - [2025-09-21T12:16:12.330+0000] {dag.py:3823} INFO - Setting next_dagrun for tutorial_taskflow_api to None, run_after=None
[2025-09-21T12:16:12.387+0000] {processor.py:183} INFO - Processing /home/airflow/.local/lib/python3.8/site-packages/airflow/example_dags/tutorial_taskflow_api.py took 0.166 seconds
[2025-09-21T12:16:43.257+0000] {processor.py:161} INFO - Started process (PID=3550) to work on /home/airflow/.local/lib/python3.8/site-packages/airflow/example_dags/tutorial_taskflow_api.py
[2025-09-21T12:16:43.262+0000] {processor.py:830} INFO - Processing file /home/airflow/.local/lib/python3.8/site-packages/airflow/example_dags/tutorial_taskflow_api.py for tasks to queue
[2025-09-21T12:16:43.270+0000] {logging_mixin.py:188} INFO - [2025-09-21T12:16:43.269+0000] {dagbag.py:538} INFO - Filling up the DagBag from /home/airflow/.local/lib/python3.8/site-packages/airflow/example_dags/tutorial_taskflow_api.py
[2025-09-21T12:16:43.307+0000] {processor.py:840} INFO - DAG(s) 'tutorial_taskflow_api' retrieved from /home/airflow/.local/lib/python3.8/site-packages/airflow/example_dags/tutorial_taskflow_api.py
[2025-09-21T12:16:43.407+0000] {logging_mixin.py:188} INFO - [2025-09-21T12:16:43.406+0000] {dag.py:3036} INFO - Sync 1 DAGs
[2025-09-21T12:16:43.448+0000] {logging_mixin.py:188} INFO - [2025-09-21T12:16:43.447+0000] {dag.py:3823} INFO - Setting next_dagrun for tutorial_taskflow_api to None, run_after=None
[2025-09-21T12:16:43.507+0000] {processor.py:183} INFO - Processing /home/airflow/.local/lib/python3.8/site-packages/airflow/example_dags/tutorial_taskflow_api.py took 0.270 seconds
[2025-09-21T12:17:13.851+0000] {processor.py:161} INFO - Started process (PID=3608) to work on /home/airflow/.local/lib/python3.8/site-packages/airflow/example_dags/tutorial_taskflow_api.py
[2025-09-21T12:17:13.853+0000] {processor.py:830} INFO - Processing file /home/airflow/.local/lib/python3.8/site-packages/airflow/example_dags/tutorial_taskflow_api.py for tasks to queue
[2025-09-21T12:17:13.858+0000] {logging_mixin.py:188} INFO - [2025-09-21T12:17:13.858+0000] {dagbag.py:538} INFO - Filling up the DagBag from /home/airflow/.local/lib/python3.8/site-packages/airflow/example_dags/tutorial_taskflow_api.py
[2025-09-21T12:17:13.874+0000] {processor.py:840} INFO - DAG(s) 'tutorial_taskflow_api' retrieved from /home/airflow/.local/lib/python3.8/site-packages/airflow/example_dags/tutorial_taskflow_api.py
[2025-09-21T12:17:13.910+0000] {logging_mixin.py:188} INFO - [2025-09-21T12:17:13.909+0000] {dag.py:3036} INFO - Sync 1 DAGs
[2025-09-21T12:17:13.941+0000] {logging_mixin.py:188} INFO - [2025-09-21T12:17:13.941+0000] {dag.py:3823} INFO - Setting next_dagrun for tutorial_taskflow_api to None, run_after=None
[2025-09-21T12:17:13.988+0000] {processor.py:183} INFO - Processing /home/airflow/.local/lib/python3.8/site-packages/airflow/example_dags/tutorial_taskflow_api.py took 0.144 seconds
[2025-09-21T12:17:44.688+0000] {processor.py:161} INFO - Started process (PID=3666) to work on /home/airflow/.local/lib/python3.8/site-packages/airflow/example_dags/tutorial_taskflow_api.py
[2025-09-21T12:17:44.692+0000] {processor.py:830} INFO - Processing file /home/airflow/.local/lib/python3.8/site-packages/airflow/example_dags/tutorial_taskflow_api.py for tasks to queue
[2025-09-21T12:17:44.700+0000] {logging_mixin.py:188} INFO - [2025-09-21T12:17:44.698+0000] {dagbag.py:538} INFO - Filling up the DagBag from /home/airflow/.local/lib/python3.8/site-packages/airflow/example_dags/tutorial_taskflow_api.py
[2025-09-21T12:17:44.719+0000] {processor.py:840} INFO - DAG(s) 'tutorial_taskflow_api' retrieved from /home/airflow/.local/lib/python3.8/site-packages/airflow/example_dags/tutorial_taskflow_api.py
[2025-09-21T12:17:44.766+0000] {logging_mixin.py:188} INFO - [2025-09-21T12:17:44.765+0000] {dag.py:3036} INFO - Sync 1 DAGs
[2025-09-21T12:17:44.796+0000] {logging_mixin.py:188} INFO - [2025-09-21T12:17:44.796+0000] {dag.py:3823} INFO - Setting next_dagrun for tutorial_taskflow_api to None, run_after=None
[2025-09-21T12:17:44.834+0000] {processor.py:183} INFO - Processing /home/airflow/.local/lib/python3.8/site-packages/airflow/example_dags/tutorial_taskflow_api.py took 0.161 seconds
[2025-09-21T12:18:15.164+0000] {processor.py:161} INFO - Started process (PID=3724) to work on /home/airflow/.local/lib/python3.8/site-packages/airflow/example_dags/tutorial_taskflow_api.py
[2025-09-21T12:18:15.166+0000] {processor.py:830} INFO - Processing file /home/airflow/.local/lib/python3.8/site-packages/airflow/example_dags/tutorial_taskflow_api.py for tasks to queue
[2025-09-21T12:18:15.171+0000] {logging_mixin.py:188} INFO - [2025-09-21T12:18:15.170+0000] {dagbag.py:538} INFO - Filling up the DagBag from /home/airflow/.local/lib/python3.8/site-packages/airflow/example_dags/tutorial_taskflow_api.py
[2025-09-21T12:18:15.186+0000] {processor.py:840} INFO - DAG(s) 'tutorial_taskflow_api' retrieved from /home/airflow/.local/lib/python3.8/site-packages/airflow/example_dags/tutorial_taskflow_api.py
[2025-09-21T12:18:15.229+0000] {logging_mixin.py:188} INFO - [2025-09-21T12:18:15.228+0000] {dag.py:3036} INFO - Sync 1 DAGs
[2025-09-21T12:18:15.257+0000] {logging_mixin.py:188} INFO - [2025-09-21T12:18:15.256+0000] {dag.py:3823} INFO - Setting next_dagrun for tutorial_taskflow_api to None, run_after=None
[2025-09-21T12:18:15.304+0000] {processor.py:183} INFO - Processing /home/airflow/.local/lib/python3.8/site-packages/airflow/example_dags/tutorial_taskflow_api.py took 0.147 seconds
[2025-09-21T12:18:45.361+0000] {processor.py:161} INFO - Started process (PID=3781) to work on /home/airflow/.local/lib/python3.8/site-packages/airflow/example_dags/tutorial_taskflow_api.py
[2025-09-21T12:18:45.363+0000] {processor.py:830} INFO - Processing file /home/airflow/.local/lib/python3.8/site-packages/airflow/example_dags/tutorial_taskflow_api.py for tasks to queue
[2025-09-21T12:18:45.368+0000] {logging_mixin.py:188} INFO - [2025-09-21T12:18:45.367+0000] {dagbag.py:538} INFO - Filling up the DagBag from /home/airflow/.local/lib/python3.8/site-packages/airflow/example_dags/tutorial_taskflow_api.py
[2025-09-21T12:18:45.383+0000] {processor.py:840} INFO - DAG(s) 'tutorial_taskflow_api' retrieved from /home/airflow/.local/lib/python3.8/site-packages/airflow/example_dags/tutorial_taskflow_api.py
[2025-09-21T12:18:45.420+0000] {logging_mixin.py:188} INFO - [2025-09-21T12:18:45.419+0000] {dag.py:3036} INFO - Sync 1 DAGs
[2025-09-21T12:18:45.443+0000] {logging_mixin.py:188} INFO - [2025-09-21T12:18:45.442+0000] {dag.py:3823} INFO - Setting next_dagrun for tutorial_taskflow_api to None, run_after=None
[2025-09-21T12:18:45.480+0000] {processor.py:183} INFO - Processing /home/airflow/.local/lib/python3.8/site-packages/airflow/example_dags/tutorial_taskflow_api.py took 0.127 seconds
[2025-09-21T12:21:55.027+0000] {processor.py:161} INFO - Started process (PID=71) to work on /home/airflow/.local/lib/python3.8/site-packages/airflow/example_dags/tutorial_taskflow_api.py
[2025-09-21T12:21:55.030+0000] {processor.py:830} INFO - Processing file /home/airflow/.local/lib/python3.8/site-packages/airflow/example_dags/tutorial_taskflow_api.py for tasks to queue
[2025-09-21T12:21:55.035+0000] {logging_mixin.py:188} INFO - [2025-09-21T12:21:55.035+0000] {dagbag.py:538} INFO - Filling up the DagBag from /home/airflow/.local/lib/python3.8/site-packages/airflow/example_dags/tutorial_taskflow_api.py
[2025-09-21T12:21:55.051+0000] {processor.py:840} INFO - DAG(s) 'tutorial_taskflow_api' retrieved from /home/airflow/.local/lib/python3.8/site-packages/airflow/example_dags/tutorial_taskflow_api.py
[2025-09-21T12:21:55.294+0000] {logging_mixin.py:188} INFO - [2025-09-21T12:21:55.293+0000] {override.py:1769} INFO - Created Permission View: can delete on DAG:tutorial_taskflow_api
[2025-09-21T12:21:55.317+0000] {logging_mixin.py:188} INFO - [2025-09-21T12:21:55.316+0000] {override.py:1769} INFO - Created Permission View: can edit on DAG:tutorial_taskflow_api
[2025-09-21T12:21:55.330+0000] {logging_mixin.py:188} INFO - [2025-09-21T12:21:55.329+0000] {override.py:1769} INFO - Created Permission View: can read on DAG:tutorial_taskflow_api
[2025-09-21T12:21:55.331+0000] {logging_mixin.py:188} INFO - [2025-09-21T12:21:55.330+0000] {dag.py:3036} INFO - Sync 1 DAGs
[2025-09-21T12:21:55.357+0000] {logging_mixin.py:188} INFO - [2025-09-21T12:21:55.356+0000] {dag.py:3058} INFO - Creating ORM DAG for tutorial_taskflow_api
[2025-09-21T12:21:55.359+0000] {logging_mixin.py:188} INFO - [2025-09-21T12:21:55.358+0000] {dag.py:3823} INFO - Setting next_dagrun for tutorial_taskflow_api to None, run_after=None
[2025-09-21T12:21:55.398+0000] {processor.py:183} INFO - Processing /home/airflow/.local/lib/python3.8/site-packages/airflow/example_dags/tutorial_taskflow_api.py took 0.376 seconds
[2025-09-21T12:22:26.640+0000] {processor.py:161} INFO - Started process (PID=135) to work on /home/airflow/.local/lib/python3.8/site-packages/airflow/example_dags/tutorial_taskflow_api.py
[2025-09-21T12:22:26.661+0000] {processor.py:830} INFO - Processing file /home/airflow/.local/lib/python3.8/site-packages/airflow/example_dags/tutorial_taskflow_api.py for tasks to queue
[2025-09-21T12:22:26.681+0000] {logging_mixin.py:188} INFO - [2025-09-21T12:22:26.680+0000] {dagbag.py:538} INFO - Filling up the DagBag from /home/airflow/.local/lib/python3.8/site-packages/airflow/example_dags/tutorial_taskflow_api.py
[2025-09-21T12:22:26.738+0000] {processor.py:840} INFO - DAG(s) 'tutorial_taskflow_api' retrieved from /home/airflow/.local/lib/python3.8/site-packages/airflow/example_dags/tutorial_taskflow_api.py
[2025-09-21T12:22:26.929+0000] {logging_mixin.py:188} INFO - [2025-09-21T12:22:26.927+0000] {dag.py:3036} INFO - Sync 1 DAGs
[2025-09-21T12:22:27.007+0000] {logging_mixin.py:188} INFO - [2025-09-21T12:22:27.006+0000] {dag.py:3823} INFO - Setting next_dagrun for tutorial_taskflow_api to None, run_after=None
[2025-09-21T12:22:27.100+0000] {processor.py:183} INFO - Processing /home/airflow/.local/lib/python3.8/site-packages/airflow/example_dags/tutorial_taskflow_api.py took 0.488 seconds
[2025-09-21T12:22:57.999+0000] {processor.py:161} INFO - Started process (PID=192) to work on /home/airflow/.local/lib/python3.8/site-packages/airflow/example_dags/tutorial_taskflow_api.py
[2025-09-21T12:22:58.004+0000] {processor.py:830} INFO - Processing file /home/airflow/.local/lib/python3.8/site-packages/airflow/example_dags/tutorial_taskflow_api.py for tasks to queue
[2025-09-21T12:22:58.012+0000] {logging_mixin.py:188} INFO - [2025-09-21T12:22:58.011+0000] {dagbag.py:538} INFO - Filling up the DagBag from /home/airflow/.local/lib/python3.8/site-packages/airflow/example_dags/tutorial_taskflow_api.py
[2025-09-21T12:22:58.040+0000] {processor.py:840} INFO - DAG(s) 'tutorial_taskflow_api' retrieved from /home/airflow/.local/lib/python3.8/site-packages/airflow/example_dags/tutorial_taskflow_api.py
[2025-09-21T12:22:58.132+0000] {logging_mixin.py:188} INFO - [2025-09-21T12:22:58.131+0000] {dag.py:3036} INFO - Sync 1 DAGs
[2025-09-21T12:22:58.196+0000] {logging_mixin.py:188} INFO - [2025-09-21T12:22:58.195+0000] {dag.py:3823} INFO - Setting next_dagrun for tutorial_taskflow_api to None, run_after=None
[2025-09-21T12:22:58.281+0000] {processor.py:183} INFO - Processing /home/airflow/.local/lib/python3.8/site-packages/airflow/example_dags/tutorial_taskflow_api.py took 0.296 seconds
[2025-09-21T12:23:28.667+0000] {processor.py:161} INFO - Started process (PID=249) to work on /home/airflow/.local/lib/python3.8/site-packages/airflow/example_dags/tutorial_taskflow_api.py
[2025-09-21T12:23:28.671+0000] {processor.py:830} INFO - Processing file /home/airflow/.local/lib/python3.8/site-packages/airflow/example_dags/tutorial_taskflow_api.py for tasks to queue
[2025-09-21T12:23:28.678+0000] {logging_mixin.py:188} INFO - [2025-09-21T12:23:28.677+0000] {dagbag.py:538} INFO - Filling up the DagBag from /home/airflow/.local/lib/python3.8/site-packages/airflow/example_dags/tutorial_taskflow_api.py
[2025-09-21T12:23:28.700+0000] {processor.py:840} INFO - DAG(s) 'tutorial_taskflow_api' retrieved from /home/airflow/.local/lib/python3.8/site-packages/airflow/example_dags/tutorial_taskflow_api.py
[2025-09-21T12:23:28.776+0000] {logging_mixin.py:188} INFO - [2025-09-21T12:23:28.775+0000] {dag.py:3036} INFO - Sync 1 DAGs
[2025-09-21T12:23:28.818+0000] {logging_mixin.py:188} INFO - [2025-09-21T12:23:28.817+0000] {dag.py:3823} INFO - Setting next_dagrun for tutorial_taskflow_api to None, run_after=None
[2025-09-21T12:23:28.883+0000] {processor.py:183} INFO - Processing /home/airflow/.local/lib/python3.8/site-packages/airflow/example_dags/tutorial_taskflow_api.py took 0.229 seconds
[2025-09-21T12:23:59.506+0000] {processor.py:161} INFO - Started process (PID=307) to work on /home/airflow/.local/lib/python3.8/site-packages/airflow/example_dags/tutorial_taskflow_api.py
[2025-09-21T12:23:59.511+0000] {processor.py:830} INFO - Processing file /home/airflow/.local/lib/python3.8/site-packages/airflow/example_dags/tutorial_taskflow_api.py for tasks to queue
[2025-09-21T12:23:59.519+0000] {logging_mixin.py:188} INFO - [2025-09-21T12:23:59.518+0000] {dagbag.py:538} INFO - Filling up the DagBag from /home/airflow/.local/lib/python3.8/site-packages/airflow/example_dags/tutorial_taskflow_api.py
[2025-09-21T12:23:59.547+0000] {processor.py:840} INFO - DAG(s) 'tutorial_taskflow_api' retrieved from /home/airflow/.local/lib/python3.8/site-packages/airflow/example_dags/tutorial_taskflow_api.py
[2025-09-21T12:23:59.630+0000] {logging_mixin.py:188} INFO - [2025-09-21T12:23:59.629+0000] {dag.py:3036} INFO - Sync 1 DAGs
[2025-09-21T12:23:59.689+0000] {logging_mixin.py:188} INFO - [2025-09-21T12:23:59.688+0000] {dag.py:3823} INFO - Setting next_dagrun for tutorial_taskflow_api to None, run_after=None
[2025-09-21T12:23:59.773+0000] {processor.py:183} INFO - Processing /home/airflow/.local/lib/python3.8/site-packages/airflow/example_dags/tutorial_taskflow_api.py took 0.281 seconds
[2025-09-21T12:24:30.467+0000] {processor.py:161} INFO - Started process (PID=365) to work on /home/airflow/.local/lib/python3.8/site-packages/airflow/example_dags/tutorial_taskflow_api.py
[2025-09-21T12:24:30.478+0000] {processor.py:830} INFO - Processing file /home/airflow/.local/lib/python3.8/site-packages/airflow/example_dags/tutorial_taskflow_api.py for tasks to queue
[2025-09-21T12:24:30.499+0000] {logging_mixin.py:188} INFO - [2025-09-21T12:24:30.497+0000] {dagbag.py:538} INFO - Filling up the DagBag from /home/airflow/.local/lib/python3.8/site-packages/airflow/example_dags/tutorial_taskflow_api.py
[2025-09-21T12:24:30.545+0000] {processor.py:840} INFO - DAG(s) 'tutorial_taskflow_api' retrieved from /home/airflow/.local/lib/python3.8/site-packages/airflow/example_dags/tutorial_taskflow_api.py
[2025-09-21T12:24:30.621+0000] {logging_mixin.py:188} INFO - [2025-09-21T12:24:30.620+0000] {dag.py:3036} INFO - Sync 1 DAGs
[2025-09-21T12:24:30.680+0000] {logging_mixin.py:188} INFO - [2025-09-21T12:24:30.679+0000] {dag.py:3823} INFO - Setting next_dagrun for tutorial_taskflow_api to None, run_after=None
[2025-09-21T12:24:30.742+0000] {processor.py:183} INFO - Processing /home/airflow/.local/lib/python3.8/site-packages/airflow/example_dags/tutorial_taskflow_api.py took 0.297 seconds
[2025-09-21T12:25:00.899+0000] {processor.py:161} INFO - Started process (PID=423) to work on /home/airflow/.local/lib/python3.8/site-packages/airflow/example_dags/tutorial_taskflow_api.py
[2025-09-21T12:25:00.901+0000] {processor.py:830} INFO - Processing file /home/airflow/.local/lib/python3.8/site-packages/airflow/example_dags/tutorial_taskflow_api.py for tasks to queue
[2025-09-21T12:25:00.905+0000] {logging_mixin.py:188} INFO - [2025-09-21T12:25:00.904+0000] {dagbag.py:538} INFO - Filling up the DagBag from /home/airflow/.local/lib/python3.8/site-packages/airflow/example_dags/tutorial_taskflow_api.py
[2025-09-21T12:25:00.917+0000] {processor.py:840} INFO - DAG(s) 'tutorial_taskflow_api' retrieved from /home/airflow/.local/lib/python3.8/site-packages/airflow/example_dags/tutorial_taskflow_api.py
[2025-09-21T12:25:00.962+0000] {logging_mixin.py:188} INFO - [2025-09-21T12:25:00.961+0000] {dag.py:3036} INFO - Sync 1 DAGs
[2025-09-21T12:25:01.007+0000] {logging_mixin.py:188} INFO - [2025-09-21T12:25:01.006+0000] {dag.py:3823} INFO - Setting next_dagrun for tutorial_taskflow_api to None, run_after=None
[2025-09-21T12:25:01.055+0000] {processor.py:183} INFO - Processing /home/airflow/.local/lib/python3.8/site-packages/airflow/example_dags/tutorial_taskflow_api.py took 0.165 seconds
[2025-09-21T12:25:31.718+0000] {processor.py:161} INFO - Started process (PID=481) to work on /home/airflow/.local/lib/python3.8/site-packages/airflow/example_dags/tutorial_taskflow_api.py
[2025-09-21T12:25:31.724+0000] {processor.py:830} INFO - Processing file /home/airflow/.local/lib/python3.8/site-packages/airflow/example_dags/tutorial_taskflow_api.py for tasks to queue
[2025-09-21T12:25:31.732+0000] {logging_mixin.py:188} INFO - [2025-09-21T12:25:31.731+0000] {dagbag.py:538} INFO - Filling up the DagBag from /home/airflow/.local/lib/python3.8/site-packages/airflow/example_dags/tutorial_taskflow_api.py
[2025-09-21T12:25:31.760+0000] {processor.py:840} INFO - DAG(s) 'tutorial_taskflow_api' retrieved from /home/airflow/.local/lib/python3.8/site-packages/airflow/example_dags/tutorial_taskflow_api.py
[2025-09-21T12:25:31.858+0000] {logging_mixin.py:188} INFO - [2025-09-21T12:25:31.857+0000] {dag.py:3036} INFO - Sync 1 DAGs
[2025-09-21T12:25:31.926+0000] {logging_mixin.py:188} INFO - [2025-09-21T12:25:31.925+0000] {dag.py:3823} INFO - Setting next_dagrun for tutorial_taskflow_api to None, run_after=None
[2025-09-21T12:25:31.988+0000] {processor.py:183} INFO - Processing /home/airflow/.local/lib/python3.8/site-packages/airflow/example_dags/tutorial_taskflow_api.py took 0.289 seconds
[2025-09-21T12:26:02.336+0000] {processor.py:161} INFO - Started process (PID=539) to work on /home/airflow/.local/lib/python3.8/site-packages/airflow/example_dags/tutorial_taskflow_api.py
[2025-09-21T12:26:02.341+0000] {processor.py:830} INFO - Processing file /home/airflow/.local/lib/python3.8/site-packages/airflow/example_dags/tutorial_taskflow_api.py for tasks to queue
[2025-09-21T12:26:02.349+0000] {logging_mixin.py:188} INFO - [2025-09-21T12:26:02.347+0000] {dagbag.py:538} INFO - Filling up the DagBag from /home/airflow/.local/lib/python3.8/site-packages/airflow/example_dags/tutorial_taskflow_api.py
[2025-09-21T12:26:02.377+0000] {processor.py:840} INFO - DAG(s) 'tutorial_taskflow_api' retrieved from /home/airflow/.local/lib/python3.8/site-packages/airflow/example_dags/tutorial_taskflow_api.py
[2025-09-21T12:26:02.464+0000] {logging_mixin.py:188} INFO - [2025-09-21T12:26:02.463+0000] {dag.py:3036} INFO - Sync 1 DAGs
[2025-09-21T12:26:02.519+0000] {logging_mixin.py:188} INFO - [2025-09-21T12:26:02.518+0000] {dag.py:3823} INFO - Setting next_dagrun for tutorial_taskflow_api to None, run_after=None
[2025-09-21T12:26:02.685+0000] {processor.py:183} INFO - Processing /home/airflow/.local/lib/python3.8/site-packages/airflow/example_dags/tutorial_taskflow_api.py took 0.367 seconds
[2025-09-21T12:26:33.004+0000] {processor.py:161} INFO - Started process (PID=597) to work on /home/airflow/.local/lib/python3.8/site-packages/airflow/example_dags/tutorial_taskflow_api.py
[2025-09-21T12:26:33.008+0000] {processor.py:830} INFO - Processing file /home/airflow/.local/lib/python3.8/site-packages/airflow/example_dags/tutorial_taskflow_api.py for tasks to queue
[2025-09-21T12:26:33.019+0000] {logging_mixin.py:188} INFO - [2025-09-21T12:26:33.017+0000] {dagbag.py:538} INFO - Filling up the DagBag from /home/airflow/.local/lib/python3.8/site-packages/airflow/example_dags/tutorial_taskflow_api.py
[2025-09-21T12:26:33.085+0000] {processor.py:840} INFO - DAG(s) 'tutorial_taskflow_api' retrieved from /home/airflow/.local/lib/python3.8/site-packages/airflow/example_dags/tutorial_taskflow_api.py
[2025-09-21T12:26:33.167+0000] {logging_mixin.py:188} INFO - [2025-09-21T12:26:33.166+0000] {dag.py:3036} INFO - Sync 1 DAGs
[2025-09-21T12:26:33.192+0000] {logging_mixin.py:188} INFO - [2025-09-21T12:26:33.192+0000] {dag.py:3823} INFO - Setting next_dagrun for tutorial_taskflow_api to None, run_after=None
[2025-09-21T12:26:33.228+0000] {processor.py:183} INFO - Processing /home/airflow/.local/lib/python3.8/site-packages/airflow/example_dags/tutorial_taskflow_api.py took 0.238 seconds
[2025-09-21T12:27:03.304+0000] {processor.py:161} INFO - Started process (PID=655) to work on /home/airflow/.local/lib/python3.8/site-packages/airflow/example_dags/tutorial_taskflow_api.py
[2025-09-21T12:27:03.306+0000] {processor.py:830} INFO - Processing file /home/airflow/.local/lib/python3.8/site-packages/airflow/example_dags/tutorial_taskflow_api.py for tasks to queue
[2025-09-21T12:27:03.310+0000] {logging_mixin.py:188} INFO - [2025-09-21T12:27:03.309+0000] {dagbag.py:538} INFO - Filling up the DagBag from /home/airflow/.local/lib/python3.8/site-packages/airflow/example_dags/tutorial_taskflow_api.py
[2025-09-21T12:27:03.321+0000] {processor.py:840} INFO - DAG(s) 'tutorial_taskflow_api' retrieved from /home/airflow/.local/lib/python3.8/site-packages/airflow/example_dags/tutorial_taskflow_api.py
[2025-09-21T12:27:03.357+0000] {logging_mixin.py:188} INFO - [2025-09-21T12:27:03.357+0000] {dag.py:3036} INFO - Sync 1 DAGs
[2025-09-21T12:27:03.380+0000] {logging_mixin.py:188} INFO - [2025-09-21T12:27:03.380+0000] {dag.py:3823} INFO - Setting next_dagrun for tutorial_taskflow_api to None, run_after=None
[2025-09-21T12:27:03.435+0000] {processor.py:183} INFO - Processing /home/airflow/.local/lib/python3.8/site-packages/airflow/example_dags/tutorial_taskflow_api.py took 0.136 seconds
[2025-09-21T12:27:33.761+0000] {processor.py:161} INFO - Started process (PID=713) to work on /home/airflow/.local/lib/python3.8/site-packages/airflow/example_dags/tutorial_taskflow_api.py
[2025-09-21T12:27:33.767+0000] {processor.py:830} INFO - Processing file /home/airflow/.local/lib/python3.8/site-packages/airflow/example_dags/tutorial_taskflow_api.py for tasks to queue
[2025-09-21T12:27:33.777+0000] {logging_mixin.py:188} INFO - [2025-09-21T12:27:33.776+0000] {dagbag.py:538} INFO - Filling up the DagBag from /home/airflow/.local/lib/python3.8/site-packages/airflow/example_dags/tutorial_taskflow_api.py
[2025-09-21T12:27:33.815+0000] {processor.py:840} INFO - DAG(s) 'tutorial_taskflow_api' retrieved from /home/airflow/.local/lib/python3.8/site-packages/airflow/example_dags/tutorial_taskflow_api.py
[2025-09-21T12:27:33.901+0000] {logging_mixin.py:188} INFO - [2025-09-21T12:27:33.901+0000] {dag.py:3036} INFO - Sync 1 DAGs
[2025-09-21T12:27:33.945+0000] {logging_mixin.py:188} INFO - [2025-09-21T12:27:33.945+0000] {dag.py:3823} INFO - Setting next_dagrun for tutorial_taskflow_api to None, run_after=None
[2025-09-21T12:27:33.999+0000] {processor.py:183} INFO - Processing /home/airflow/.local/lib/python3.8/site-packages/airflow/example_dags/tutorial_taskflow_api.py took 0.261 seconds
[2025-09-21T12:28:04.159+0000] {processor.py:161} INFO - Started process (PID=771) to work on /home/airflow/.local/lib/python3.8/site-packages/airflow/example_dags/tutorial_taskflow_api.py
[2025-09-21T12:28:04.163+0000] {processor.py:830} INFO - Processing file /home/airflow/.local/lib/python3.8/site-packages/airflow/example_dags/tutorial_taskflow_api.py for tasks to queue
[2025-09-21T12:28:04.172+0000] {logging_mixin.py:188} INFO - [2025-09-21T12:28:04.170+0000] {dagbag.py:538} INFO - Filling up the DagBag from /home/airflow/.local/lib/python3.8/site-packages/airflow/example_dags/tutorial_taskflow_api.py
[2025-09-21T12:28:04.207+0000] {processor.py:840} INFO - DAG(s) 'tutorial_taskflow_api' retrieved from /home/airflow/.local/lib/python3.8/site-packages/airflow/example_dags/tutorial_taskflow_api.py
[2025-09-21T12:28:04.277+0000] {logging_mixin.py:188} INFO - [2025-09-21T12:28:04.276+0000] {dag.py:3036} INFO - Sync 1 DAGs
[2025-09-21T12:28:04.313+0000] {logging_mixin.py:188} INFO - [2025-09-21T12:28:04.313+0000] {dag.py:3823} INFO - Setting next_dagrun for tutorial_taskflow_api to None, run_after=None
[2025-09-21T12:28:04.371+0000] {processor.py:183} INFO - Processing /home/airflow/.local/lib/python3.8/site-packages/airflow/example_dags/tutorial_taskflow_api.py took 0.225 seconds
[2025-09-21T12:28:34.544+0000] {processor.py:161} INFO - Started process (PID=829) to work on /home/airflow/.local/lib/python3.8/site-packages/airflow/example_dags/tutorial_taskflow_api.py
[2025-09-21T12:28:34.546+0000] {processor.py:830} INFO - Processing file /home/airflow/.local/lib/python3.8/site-packages/airflow/example_dags/tutorial_taskflow_api.py for tasks to queue
[2025-09-21T12:28:34.551+0000] {logging_mixin.py:188} INFO - [2025-09-21T12:28:34.550+0000] {dagbag.py:538} INFO - Filling up the DagBag from /home/airflow/.local/lib/python3.8/site-packages/airflow/example_dags/tutorial_taskflow_api.py
[2025-09-21T12:28:34.564+0000] {processor.py:840} INFO - DAG(s) 'tutorial_taskflow_api' retrieved from /home/airflow/.local/lib/python3.8/site-packages/airflow/example_dags/tutorial_taskflow_api.py
[2025-09-21T12:28:34.601+0000] {logging_mixin.py:188} INFO - [2025-09-21T12:28:34.600+0000] {dag.py:3036} INFO - Sync 1 DAGs
[2025-09-21T12:28:34.624+0000] {logging_mixin.py:188} INFO - [2025-09-21T12:28:34.624+0000] {dag.py:3823} INFO - Setting next_dagrun for tutorial_taskflow_api to None, run_after=None
[2025-09-21T12:28:34.664+0000] {processor.py:183} INFO - Processing /home/airflow/.local/lib/python3.8/site-packages/airflow/example_dags/tutorial_taskflow_api.py took 0.129 seconds
[2025-09-21T12:29:04.916+0000] {processor.py:161} INFO - Started process (PID=887) to work on /home/airflow/.local/lib/python3.8/site-packages/airflow/example_dags/tutorial_taskflow_api.py
[2025-09-21T12:29:04.918+0000] {processor.py:830} INFO - Processing file /home/airflow/.local/lib/python3.8/site-packages/airflow/example_dags/tutorial_taskflow_api.py for tasks to queue
[2025-09-21T12:29:04.924+0000] {logging_mixin.py:188} INFO - [2025-09-21T12:29:04.923+0000] {dagbag.py:538} INFO - Filling up the DagBag from /home/airflow/.local/lib/python3.8/site-packages/airflow/example_dags/tutorial_taskflow_api.py
[2025-09-21T12:29:04.938+0000] {processor.py:840} INFO - DAG(s) 'tutorial_taskflow_api' retrieved from /home/airflow/.local/lib/python3.8/site-packages/airflow/example_dags/tutorial_taskflow_api.py
[2025-09-21T12:29:05.019+0000] {logging_mixin.py:188} INFO - [2025-09-21T12:29:05.019+0000] {dag.py:3036} INFO - Sync 1 DAGs
[2025-09-21T12:29:05.079+0000] {logging_mixin.py:188} INFO - [2025-09-21T12:29:05.078+0000] {dag.py:3823} INFO - Setting next_dagrun for tutorial_taskflow_api to None, run_after=None
[2025-09-21T12:29:05.160+0000] {processor.py:183} INFO - Processing /home/airflow/.local/lib/python3.8/site-packages/airflow/example_dags/tutorial_taskflow_api.py took 0.255 seconds
[2025-09-21T12:29:35.592+0000] {processor.py:161} INFO - Started process (PID=945) to work on /home/airflow/.local/lib/python3.8/site-packages/airflow/example_dags/tutorial_taskflow_api.py
[2025-09-21T12:29:35.595+0000] {processor.py:830} INFO - Processing file /home/airflow/.local/lib/python3.8/site-packages/airflow/example_dags/tutorial_taskflow_api.py for tasks to queue
[2025-09-21T12:29:35.600+0000] {logging_mixin.py:188} INFO - [2025-09-21T12:29:35.599+0000] {dagbag.py:538} INFO - Filling up the DagBag from /home/airflow/.local/lib/python3.8/site-packages/airflow/example_dags/tutorial_taskflow_api.py
[2025-09-21T12:29:35.616+0000] {processor.py:840} INFO - DAG(s) 'tutorial_taskflow_api' retrieved from /home/airflow/.local/lib/python3.8/site-packages/airflow/example_dags/tutorial_taskflow_api.py
[2025-09-21T12:29:35.681+0000] {logging_mixin.py:188} INFO - [2025-09-21T12:29:35.680+0000] {dag.py:3036} INFO - Sync 1 DAGs
[2025-09-21T12:29:35.716+0000] {logging_mixin.py:188} INFO - [2025-09-21T12:29:35.716+0000] {dag.py:3823} INFO - Setting next_dagrun for tutorial_taskflow_api to None, run_after=None
[2025-09-21T12:29:35.772+0000] {processor.py:183} INFO - Processing /home/airflow/.local/lib/python3.8/site-packages/airflow/example_dags/tutorial_taskflow_api.py took 0.190 seconds
[2025-09-21T12:30:06.005+0000] {processor.py:161} INFO - Started process (PID=1003) to work on /home/airflow/.local/lib/python3.8/site-packages/airflow/example_dags/tutorial_taskflow_api.py
[2025-09-21T12:30:06.009+0000] {processor.py:830} INFO - Processing file /home/airflow/.local/lib/python3.8/site-packages/airflow/example_dags/tutorial_taskflow_api.py for tasks to queue
[2025-09-21T12:30:06.015+0000] {logging_mixin.py:188} INFO - [2025-09-21T12:30:06.014+0000] {dagbag.py:538} INFO - Filling up the DagBag from /home/airflow/.local/lib/python3.8/site-packages/airflow/example_dags/tutorial_taskflow_api.py
[2025-09-21T12:30:06.033+0000] {processor.py:840} INFO - DAG(s) 'tutorial_taskflow_api' retrieved from /home/airflow/.local/lib/python3.8/site-packages/airflow/example_dags/tutorial_taskflow_api.py
[2025-09-21T12:30:06.070+0000] {logging_mixin.py:188} INFO - [2025-09-21T12:30:06.070+0000] {dag.py:3036} INFO - Sync 1 DAGs
[2025-09-21T12:30:06.093+0000] {logging_mixin.py:188} INFO - [2025-09-21T12:30:06.092+0000] {dag.py:3823} INFO - Setting next_dagrun for tutorial_taskflow_api to None, run_after=None
[2025-09-21T12:30:06.133+0000] {processor.py:183} INFO - Processing /home/airflow/.local/lib/python3.8/site-packages/airflow/example_dags/tutorial_taskflow_api.py took 0.148 seconds
[2025-09-21T12:30:36.678+0000] {processor.py:161} INFO - Started process (PID=1061) to work on /home/airflow/.local/lib/python3.8/site-packages/airflow/example_dags/tutorial_taskflow_api.py
[2025-09-21T12:30:36.680+0000] {processor.py:830} INFO - Processing file /home/airflow/.local/lib/python3.8/site-packages/airflow/example_dags/tutorial_taskflow_api.py for tasks to queue
[2025-09-21T12:30:36.684+0000] {logging_mixin.py:188} INFO - [2025-09-21T12:30:36.684+0000] {dagbag.py:538} INFO - Filling up the DagBag from /home/airflow/.local/lib/python3.8/site-packages/airflow/example_dags/tutorial_taskflow_api.py
[2025-09-21T12:30:36.699+0000] {processor.py:840} INFO - DAG(s) 'tutorial_taskflow_api' retrieved from /home/airflow/.local/lib/python3.8/site-packages/airflow/example_dags/tutorial_taskflow_api.py
[2025-09-21T12:30:36.743+0000] {logging_mixin.py:188} INFO - [2025-09-21T12:30:36.743+0000] {dag.py:3036} INFO - Sync 1 DAGs
[2025-09-21T12:30:36.775+0000] {logging_mixin.py:188} INFO - [2025-09-21T12:30:36.775+0000] {dag.py:3823} INFO - Setting next_dagrun for tutorial_taskflow_api to None, run_after=None
[2025-09-21T12:30:36.829+0000] {processor.py:183} INFO - Processing /home/airflow/.local/lib/python3.8/site-packages/airflow/example_dags/tutorial_taskflow_api.py took 0.159 seconds
[2025-09-21T12:31:07.198+0000] {processor.py:161} INFO - Started process (PID=1119) to work on /home/airflow/.local/lib/python3.8/site-packages/airflow/example_dags/tutorial_taskflow_api.py
[2025-09-21T12:31:07.200+0000] {processor.py:830} INFO - Processing file /home/airflow/.local/lib/python3.8/site-packages/airflow/example_dags/tutorial_taskflow_api.py for tasks to queue
[2025-09-21T12:31:07.203+0000] {logging_mixin.py:188} INFO - [2025-09-21T12:31:07.203+0000] {dagbag.py:538} INFO - Filling up the DagBag from /home/airflow/.local/lib/python3.8/site-packages/airflow/example_dags/tutorial_taskflow_api.py
[2025-09-21T12:31:07.215+0000] {processor.py:840} INFO - DAG(s) 'tutorial_taskflow_api' retrieved from /home/airflow/.local/lib/python3.8/site-packages/airflow/example_dags/tutorial_taskflow_api.py
[2025-09-21T12:31:07.254+0000] {logging_mixin.py:188} INFO - [2025-09-21T12:31:07.254+0000] {dag.py:3036} INFO - Sync 1 DAGs
[2025-09-21T12:31:07.278+0000] {logging_mixin.py:188} INFO - [2025-09-21T12:31:07.277+0000] {dag.py:3823} INFO - Setting next_dagrun for tutorial_taskflow_api to None, run_after=None
[2025-09-21T12:31:07.319+0000] {processor.py:183} INFO - Processing /home/airflow/.local/lib/python3.8/site-packages/airflow/example_dags/tutorial_taskflow_api.py took 0.127 seconds
[2025-09-21T12:31:38.138+0000] {processor.py:161} INFO - Started process (PID=1177) to work on /home/airflow/.local/lib/python3.8/site-packages/airflow/example_dags/tutorial_taskflow_api.py
[2025-09-21T12:31:38.141+0000] {processor.py:830} INFO - Processing file /home/airflow/.local/lib/python3.8/site-packages/airflow/example_dags/tutorial_taskflow_api.py for tasks to queue
[2025-09-21T12:31:38.145+0000] {logging_mixin.py:188} INFO - [2025-09-21T12:31:38.144+0000] {dagbag.py:538} INFO - Filling up the DagBag from /home/airflow/.local/lib/python3.8/site-packages/airflow/example_dags/tutorial_taskflow_api.py
[2025-09-21T12:31:38.159+0000] {processor.py:840} INFO - DAG(s) 'tutorial_taskflow_api' retrieved from /home/airflow/.local/lib/python3.8/site-packages/airflow/example_dags/tutorial_taskflow_api.py
[2025-09-21T12:31:38.203+0000] {logging_mixin.py:188} INFO - [2025-09-21T12:31:38.203+0000] {dag.py:3036} INFO - Sync 1 DAGs
[2025-09-21T12:31:38.233+0000] {logging_mixin.py:188} INFO - [2025-09-21T12:31:38.233+0000] {dag.py:3823} INFO - Setting next_dagrun for tutorial_taskflow_api to None, run_after=None
[2025-09-21T12:31:38.276+0000] {processor.py:183} INFO - Processing /home/airflow/.local/lib/python3.8/site-packages/airflow/example_dags/tutorial_taskflow_api.py took 0.147 seconds
[2025-09-21T12:32:08.896+0000] {processor.py:161} INFO - Started process (PID=1235) to work on /home/airflow/.local/lib/python3.8/site-packages/airflow/example_dags/tutorial_taskflow_api.py
[2025-09-21T12:32:08.898+0000] {processor.py:830} INFO - Processing file /home/airflow/.local/lib/python3.8/site-packages/airflow/example_dags/tutorial_taskflow_api.py for tasks to queue
[2025-09-21T12:32:08.902+0000] {logging_mixin.py:188} INFO - [2025-09-21T12:32:08.901+0000] {dagbag.py:538} INFO - Filling up the DagBag from /home/airflow/.local/lib/python3.8/site-packages/airflow/example_dags/tutorial_taskflow_api.py
[2025-09-21T12:32:08.914+0000] {processor.py:840} INFO - DAG(s) 'tutorial_taskflow_api' retrieved from /home/airflow/.local/lib/python3.8/site-packages/airflow/example_dags/tutorial_taskflow_api.py
[2025-09-21T12:32:08.953+0000] {logging_mixin.py:188} INFO - [2025-09-21T12:32:08.952+0000] {dag.py:3036} INFO - Sync 1 DAGs
[2025-09-21T12:32:08.983+0000] {logging_mixin.py:188} INFO - [2025-09-21T12:32:08.982+0000] {dag.py:3823} INFO - Setting next_dagrun for tutorial_taskflow_api to None, run_after=None
[2025-09-21T12:32:09.028+0000] {processor.py:183} INFO - Processing /home/airflow/.local/lib/python3.8/site-packages/airflow/example_dags/tutorial_taskflow_api.py took 0.138 seconds
[2025-09-21T12:32:39.857+0000] {processor.py:161} INFO - Started process (PID=1293) to work on /home/airflow/.local/lib/python3.8/site-packages/airflow/example_dags/tutorial_taskflow_api.py
[2025-09-21T12:32:39.861+0000] {processor.py:830} INFO - Processing file /home/airflow/.local/lib/python3.8/site-packages/airflow/example_dags/tutorial_taskflow_api.py for tasks to queue
[2025-09-21T12:32:39.868+0000] {logging_mixin.py:188} INFO - [2025-09-21T12:32:39.867+0000] {dagbag.py:538} INFO - Filling up the DagBag from /home/airflow/.local/lib/python3.8/site-packages/airflow/example_dags/tutorial_taskflow_api.py
[2025-09-21T12:32:39.890+0000] {processor.py:840} INFO - DAG(s) 'tutorial_taskflow_api' retrieved from /home/airflow/.local/lib/python3.8/site-packages/airflow/example_dags/tutorial_taskflow_api.py
[2025-09-21T12:32:39.950+0000] {logging_mixin.py:188} INFO - [2025-09-21T12:32:39.949+0000] {dag.py:3036} INFO - Sync 1 DAGs
[2025-09-21T12:32:39.991+0000] {logging_mixin.py:188} INFO - [2025-09-21T12:32:39.991+0000] {dag.py:3823} INFO - Setting next_dagrun for tutorial_taskflow_api to None, run_after=None
[2025-09-21T12:32:40.050+0000] {processor.py:183} INFO - Processing /home/airflow/.local/lib/python3.8/site-packages/airflow/example_dags/tutorial_taskflow_api.py took 0.203 seconds
[2025-09-21T12:33:10.236+0000] {processor.py:161} INFO - Started process (PID=1351) to work on /home/airflow/.local/lib/python3.8/site-packages/airflow/example_dags/tutorial_taskflow_api.py
[2025-09-21T12:33:10.238+0000] {processor.py:830} INFO - Processing file /home/airflow/.local/lib/python3.8/site-packages/airflow/example_dags/tutorial_taskflow_api.py for tasks to queue
[2025-09-21T12:33:10.243+0000] {logging_mixin.py:188} INFO - [2025-09-21T12:33:10.242+0000] {dagbag.py:538} INFO - Filling up the DagBag from /home/airflow/.local/lib/python3.8/site-packages/airflow/example_dags/tutorial_taskflow_api.py
[2025-09-21T12:33:10.259+0000] {processor.py:840} INFO - DAG(s) 'tutorial_taskflow_api' retrieved from /home/airflow/.local/lib/python3.8/site-packages/airflow/example_dags/tutorial_taskflow_api.py
[2025-09-21T12:33:10.308+0000] {logging_mixin.py:188} INFO - [2025-09-21T12:33:10.308+0000] {dag.py:3036} INFO - Sync 1 DAGs
[2025-09-21T12:33:10.344+0000] {logging_mixin.py:188} INFO - [2025-09-21T12:33:10.343+0000] {dag.py:3823} INFO - Setting next_dagrun for tutorial_taskflow_api to None, run_after=None
[2025-09-21T12:33:10.397+0000] {processor.py:183} INFO - Processing /home/airflow/.local/lib/python3.8/site-packages/airflow/example_dags/tutorial_taskflow_api.py took 0.168 seconds
[2025-09-21T12:33:41.310+0000] {processor.py:161} INFO - Started process (PID=1409) to work on /home/airflow/.local/lib/python3.8/site-packages/airflow/example_dags/tutorial_taskflow_api.py
[2025-09-21T12:33:41.312+0000] {processor.py:830} INFO - Processing file /home/airflow/.local/lib/python3.8/site-packages/airflow/example_dags/tutorial_taskflow_api.py for tasks to queue
[2025-09-21T12:33:41.315+0000] {logging_mixin.py:188} INFO - [2025-09-21T12:33:41.315+0000] {dagbag.py:538} INFO - Filling up the DagBag from /home/airflow/.local/lib/python3.8/site-packages/airflow/example_dags/tutorial_taskflow_api.py
[2025-09-21T12:33:41.331+0000] {processor.py:840} INFO - DAG(s) 'tutorial_taskflow_api' retrieved from /home/airflow/.local/lib/python3.8/site-packages/airflow/example_dags/tutorial_taskflow_api.py
[2025-09-21T12:33:41.372+0000] {logging_mixin.py:188} INFO - [2025-09-21T12:33:41.372+0000] {dag.py:3036} INFO - Sync 1 DAGs
[2025-09-21T12:33:41.397+0000] {logging_mixin.py:188} INFO - [2025-09-21T12:33:41.396+0000] {dag.py:3823} INFO - Setting next_dagrun for tutorial_taskflow_api to None, run_after=None
[2025-09-21T12:33:41.469+0000] {processor.py:183} INFO - Processing /home/airflow/.local/lib/python3.8/site-packages/airflow/example_dags/tutorial_taskflow_api.py took 0.166 seconds
[2025-09-21T12:34:12.455+0000] {processor.py:161} INFO - Started process (PID=1467) to work on /home/airflow/.local/lib/python3.8/site-packages/airflow/example_dags/tutorial_taskflow_api.py
[2025-09-21T12:34:12.458+0000] {processor.py:830} INFO - Processing file /home/airflow/.local/lib/python3.8/site-packages/airflow/example_dags/tutorial_taskflow_api.py for tasks to queue
[2025-09-21T12:34:12.464+0000] {logging_mixin.py:188} INFO - [2025-09-21T12:34:12.463+0000] {dagbag.py:538} INFO - Filling up the DagBag from /home/airflow/.local/lib/python3.8/site-packages/airflow/example_dags/tutorial_taskflow_api.py
[2025-09-21T12:34:12.485+0000] {processor.py:840} INFO - DAG(s) 'tutorial_taskflow_api' retrieved from /home/airflow/.local/lib/python3.8/site-packages/airflow/example_dags/tutorial_taskflow_api.py
[2025-09-21T12:34:12.547+0000] {logging_mixin.py:188} INFO - [2025-09-21T12:34:12.547+0000] {dag.py:3036} INFO - Sync 1 DAGs
[2025-09-21T12:34:12.593+0000] {logging_mixin.py:188} INFO - [2025-09-21T12:34:12.592+0000] {dag.py:3823} INFO - Setting next_dagrun for tutorial_taskflow_api to None, run_after=None
[2025-09-21T12:34:12.656+0000] {processor.py:183} INFO - Processing /home/airflow/.local/lib/python3.8/site-packages/airflow/example_dags/tutorial_taskflow_api.py took 0.211 seconds
[2025-09-21T12:34:43.376+0000] {processor.py:161} INFO - Started process (PID=1525) to work on /home/airflow/.local/lib/python3.8/site-packages/airflow/example_dags/tutorial_taskflow_api.py
[2025-09-21T12:34:43.378+0000] {processor.py:830} INFO - Processing file /home/airflow/.local/lib/python3.8/site-packages/airflow/example_dags/tutorial_taskflow_api.py for tasks to queue
[2025-09-21T12:34:43.381+0000] {logging_mixin.py:188} INFO - [2025-09-21T12:34:43.381+0000] {dagbag.py:538} INFO - Filling up the DagBag from /home/airflow/.local/lib/python3.8/site-packages/airflow/example_dags/tutorial_taskflow_api.py
[2025-09-21T12:34:43.396+0000] {processor.py:840} INFO - DAG(s) 'tutorial_taskflow_api' retrieved from /home/airflow/.local/lib/python3.8/site-packages/airflow/example_dags/tutorial_taskflow_api.py
[2025-09-21T12:34:43.435+0000] {logging_mixin.py:188} INFO - [2025-09-21T12:34:43.435+0000] {dag.py:3036} INFO - Sync 1 DAGs
[2025-09-21T12:34:43.462+0000] {logging_mixin.py:188} INFO - [2025-09-21T12:34:43.461+0000] {dag.py:3823} INFO - Setting next_dagrun for tutorial_taskflow_api to None, run_after=None
[2025-09-21T12:34:43.511+0000] {processor.py:183} INFO - Processing /home/airflow/.local/lib/python3.8/site-packages/airflow/example_dags/tutorial_taskflow_api.py took 0.142 seconds
[2025-09-21T12:35:14.036+0000] {processor.py:161} INFO - Started process (PID=1581) to work on /home/airflow/.local/lib/python3.8/site-packages/airflow/example_dags/tutorial_taskflow_api.py
[2025-09-21T12:35:14.038+0000] {processor.py:830} INFO - Processing file /home/airflow/.local/lib/python3.8/site-packages/airflow/example_dags/tutorial_taskflow_api.py for tasks to queue
[2025-09-21T12:35:14.042+0000] {logging_mixin.py:188} INFO - [2025-09-21T12:35:14.041+0000] {dagbag.py:538} INFO - Filling up the DagBag from /home/airflow/.local/lib/python3.8/site-packages/airflow/example_dags/tutorial_taskflow_api.py
[2025-09-21T12:35:14.056+0000] {processor.py:840} INFO - DAG(s) 'tutorial_taskflow_api' retrieved from /home/airflow/.local/lib/python3.8/site-packages/airflow/example_dags/tutorial_taskflow_api.py
[2025-09-21T12:35:14.092+0000] {logging_mixin.py:188} INFO - [2025-09-21T12:35:14.091+0000] {dag.py:3036} INFO - Sync 1 DAGs
[2025-09-21T12:35:14.115+0000] {logging_mixin.py:188} INFO - [2025-09-21T12:35:14.114+0000] {dag.py:3823} INFO - Setting next_dagrun for tutorial_taskflow_api to None, run_after=None
[2025-09-21T12:35:14.162+0000] {processor.py:183} INFO - Processing /home/airflow/.local/lib/python3.8/site-packages/airflow/example_dags/tutorial_taskflow_api.py took 0.132 seconds
[2025-09-21T12:35:45.436+0000] {processor.py:161} INFO - Started process (PID=1639) to work on /home/airflow/.local/lib/python3.8/site-packages/airflow/example_dags/tutorial_taskflow_api.py
[2025-09-21T12:35:45.442+0000] {processor.py:830} INFO - Processing file /home/airflow/.local/lib/python3.8/site-packages/airflow/example_dags/tutorial_taskflow_api.py for tasks to queue
[2025-09-21T12:35:45.447+0000] {logging_mixin.py:188} INFO - [2025-09-21T12:35:45.446+0000] {dagbag.py:538} INFO - Filling up the DagBag from /home/airflow/.local/lib/python3.8/site-packages/airflow/example_dags/tutorial_taskflow_api.py
[2025-09-21T12:35:45.478+0000] {processor.py:840} INFO - DAG(s) 'tutorial_taskflow_api' retrieved from /home/airflow/.local/lib/python3.8/site-packages/airflow/example_dags/tutorial_taskflow_api.py
[2025-09-21T12:35:45.594+0000] {logging_mixin.py:188} INFO - [2025-09-21T12:35:45.593+0000] {dag.py:3036} INFO - Sync 1 DAGs
[2025-09-21T12:35:45.639+0000] {logging_mixin.py:188} INFO - [2025-09-21T12:35:45.638+0000] {dag.py:3823} INFO - Setting next_dagrun for tutorial_taskflow_api to None, run_after=None
[2025-09-21T12:35:45.703+0000] {processor.py:183} INFO - Processing /home/airflow/.local/lib/python3.8/site-packages/airflow/example_dags/tutorial_taskflow_api.py took 0.283 seconds
[2025-09-21T12:36:15.904+0000] {processor.py:161} INFO - Started process (PID=1697) to work on /home/airflow/.local/lib/python3.8/site-packages/airflow/example_dags/tutorial_taskflow_api.py
[2025-09-21T12:36:15.906+0000] {processor.py:830} INFO - Processing file /home/airflow/.local/lib/python3.8/site-packages/airflow/example_dags/tutorial_taskflow_api.py for tasks to queue
[2025-09-21T12:36:15.910+0000] {logging_mixin.py:188} INFO - [2025-09-21T12:36:15.909+0000] {dagbag.py:538} INFO - Filling up the DagBag from /home/airflow/.local/lib/python3.8/site-packages/airflow/example_dags/tutorial_taskflow_api.py
[2025-09-21T12:36:15.924+0000] {processor.py:840} INFO - DAG(s) 'tutorial_taskflow_api' retrieved from /home/airflow/.local/lib/python3.8/site-packages/airflow/example_dags/tutorial_taskflow_api.py
[2025-09-21T12:36:15.964+0000] {logging_mixin.py:188} INFO - [2025-09-21T12:36:15.963+0000] {dag.py:3036} INFO - Sync 1 DAGs
[2025-09-21T12:36:15.988+0000] {logging_mixin.py:188} INFO - [2025-09-21T12:36:15.988+0000] {dag.py:3823} INFO - Setting next_dagrun for tutorial_taskflow_api to None, run_after=None
[2025-09-21T12:36:16.032+0000] {processor.py:183} INFO - Processing /home/airflow/.local/lib/python3.8/site-packages/airflow/example_dags/tutorial_taskflow_api.py took 0.133 seconds
[2025-09-21T12:36:46.600+0000] {processor.py:161} INFO - Started process (PID=1753) to work on /home/airflow/.local/lib/python3.8/site-packages/airflow/example_dags/tutorial_taskflow_api.py
[2025-09-21T12:36:46.603+0000] {processor.py:830} INFO - Processing file /home/airflow/.local/lib/python3.8/site-packages/airflow/example_dags/tutorial_taskflow_api.py for tasks to queue
[2025-09-21T12:36:46.608+0000] {logging_mixin.py:188} INFO - [2025-09-21T12:36:46.607+0000] {dagbag.py:538} INFO - Filling up the DagBag from /home/airflow/.local/lib/python3.8/site-packages/airflow/example_dags/tutorial_taskflow_api.py
[2025-09-21T12:36:46.627+0000] {processor.py:840} INFO - DAG(s) 'tutorial_taskflow_api' retrieved from /home/airflow/.local/lib/python3.8/site-packages/airflow/example_dags/tutorial_taskflow_api.py
[2025-09-21T12:36:46.685+0000] {logging_mixin.py:188} INFO - [2025-09-21T12:36:46.685+0000] {dag.py:3036} INFO - Sync 1 DAGs
[2025-09-21T12:36:46.724+0000] {logging_mixin.py:188} INFO - [2025-09-21T12:36:46.723+0000] {dag.py:3823} INFO - Setting next_dagrun for tutorial_taskflow_api to None, run_after=None
[2025-09-21T12:36:46.775+0000] {processor.py:183} INFO - Processing /home/airflow/.local/lib/python3.8/site-packages/airflow/example_dags/tutorial_taskflow_api.py took 0.185 seconds
[2025-09-21T12:37:17.606+0000] {processor.py:161} INFO - Started process (PID=1811) to work on /home/airflow/.local/lib/python3.8/site-packages/airflow/example_dags/tutorial_taskflow_api.py
[2025-09-21T12:37:17.608+0000] {processor.py:830} INFO - Processing file /home/airflow/.local/lib/python3.8/site-packages/airflow/example_dags/tutorial_taskflow_api.py for tasks to queue
[2025-09-21T12:37:17.613+0000] {logging_mixin.py:188} INFO - [2025-09-21T12:37:17.612+0000] {dagbag.py:538} INFO - Filling up the DagBag from /home/airflow/.local/lib/python3.8/site-packages/airflow/example_dags/tutorial_taskflow_api.py
[2025-09-21T12:37:17.632+0000] {processor.py:840} INFO - DAG(s) 'tutorial_taskflow_api' retrieved from /home/airflow/.local/lib/python3.8/site-packages/airflow/example_dags/tutorial_taskflow_api.py
[2025-09-21T12:37:17.676+0000] {logging_mixin.py:188} INFO - [2025-09-21T12:37:17.675+0000] {dag.py:3036} INFO - Sync 1 DAGs
[2025-09-21T12:37:17.705+0000] {logging_mixin.py:188} INFO - [2025-09-21T12:37:17.705+0000] {dag.py:3823} INFO - Setting next_dagrun for tutorial_taskflow_api to None, run_after=None
[2025-09-21T12:37:17.747+0000] {processor.py:183} INFO - Processing /home/airflow/.local/lib/python3.8/site-packages/airflow/example_dags/tutorial_taskflow_api.py took 0.150 seconds
[2025-09-21T12:37:48.366+0000] {processor.py:161} INFO - Started process (PID=1869) to work on /home/airflow/.local/lib/python3.8/site-packages/airflow/example_dags/tutorial_taskflow_api.py
[2025-09-21T12:37:48.368+0000] {processor.py:830} INFO - Processing file /home/airflow/.local/lib/python3.8/site-packages/airflow/example_dags/tutorial_taskflow_api.py for tasks to queue
[2025-09-21T12:37:48.373+0000] {logging_mixin.py:188} INFO - [2025-09-21T12:37:48.372+0000] {dagbag.py:538} INFO - Filling up the DagBag from /home/airflow/.local/lib/python3.8/site-packages/airflow/example_dags/tutorial_taskflow_api.py
[2025-09-21T12:37:48.408+0000] {processor.py:840} INFO - DAG(s) 'tutorial_taskflow_api' retrieved from /home/airflow/.local/lib/python3.8/site-packages/airflow/example_dags/tutorial_taskflow_api.py
[2025-09-21T12:37:48.492+0000] {logging_mixin.py:188} INFO - [2025-09-21T12:37:48.492+0000] {dag.py:3036} INFO - Sync 1 DAGs
[2025-09-21T12:37:48.561+0000] {logging_mixin.py:188} INFO - [2025-09-21T12:37:48.560+0000] {dag.py:3823} INFO - Setting next_dagrun for tutorial_taskflow_api to None, run_after=None
[2025-09-21T12:37:48.606+0000] {processor.py:183} INFO - Processing /home/airflow/.local/lib/python3.8/site-packages/airflow/example_dags/tutorial_taskflow_api.py took 0.261 seconds
[2025-09-21T12:38:19.068+0000] {processor.py:161} INFO - Started process (PID=1927) to work on /home/airflow/.local/lib/python3.8/site-packages/airflow/example_dags/tutorial_taskflow_api.py
[2025-09-21T12:38:19.071+0000] {processor.py:830} INFO - Processing file /home/airflow/.local/lib/python3.8/site-packages/airflow/example_dags/tutorial_taskflow_api.py for tasks to queue
[2025-09-21T12:38:19.078+0000] {logging_mixin.py:188} INFO - [2025-09-21T12:38:19.077+0000] {dagbag.py:538} INFO - Filling up the DagBag from /home/airflow/.local/lib/python3.8/site-packages/airflow/example_dags/tutorial_taskflow_api.py
[2025-09-21T12:38:19.093+0000] {processor.py:840} INFO - DAG(s) 'tutorial_taskflow_api' retrieved from /home/airflow/.local/lib/python3.8/site-packages/airflow/example_dags/tutorial_taskflow_api.py
[2025-09-21T12:38:19.154+0000] {logging_mixin.py:188} INFO - [2025-09-21T12:38:19.151+0000] {dag.py:3036} INFO - Sync 1 DAGs
[2025-09-21T12:38:19.190+0000] {logging_mixin.py:188} INFO - [2025-09-21T12:38:19.190+0000] {dag.py:3823} INFO - Setting next_dagrun for tutorial_taskflow_api to None, run_after=None
[2025-09-21T12:38:19.238+0000] {processor.py:183} INFO - Processing /home/airflow/.local/lib/python3.8/site-packages/airflow/example_dags/tutorial_taskflow_api.py took 0.182 seconds
[2025-09-21T12:38:50.278+0000] {processor.py:161} INFO - Started process (PID=1986) to work on /home/airflow/.local/lib/python3.8/site-packages/airflow/example_dags/tutorial_taskflow_api.py
[2025-09-21T12:38:50.280+0000] {processor.py:830} INFO - Processing file /home/airflow/.local/lib/python3.8/site-packages/airflow/example_dags/tutorial_taskflow_api.py for tasks to queue
[2025-09-21T12:38:50.286+0000] {logging_mixin.py:188} INFO - [2025-09-21T12:38:50.285+0000] {dagbag.py:538} INFO - Filling up the DagBag from /home/airflow/.local/lib/python3.8/site-packages/airflow/example_dags/tutorial_taskflow_api.py
[2025-09-21T12:38:50.306+0000] {processor.py:840} INFO - DAG(s) 'tutorial_taskflow_api' retrieved from /home/airflow/.local/lib/python3.8/site-packages/airflow/example_dags/tutorial_taskflow_api.py
[2025-09-21T12:38:50.359+0000] {logging_mixin.py:188} INFO - [2025-09-21T12:38:50.359+0000] {dag.py:3036} INFO - Sync 1 DAGs
[2025-09-21T12:38:50.389+0000] {logging_mixin.py:188} INFO - [2025-09-21T12:38:50.388+0000] {dag.py:3823} INFO - Setting next_dagrun for tutorial_taskflow_api to None, run_after=None
[2025-09-21T12:38:50.441+0000] {processor.py:183} INFO - Processing /home/airflow/.local/lib/python3.8/site-packages/airflow/example_dags/tutorial_taskflow_api.py took 0.171 seconds
[2025-09-21T12:39:20.925+0000] {processor.py:161} INFO - Started process (PID=2044) to work on /home/airflow/.local/lib/python3.8/site-packages/airflow/example_dags/tutorial_taskflow_api.py
[2025-09-21T12:39:20.926+0000] {processor.py:830} INFO - Processing file /home/airflow/.local/lib/python3.8/site-packages/airflow/example_dags/tutorial_taskflow_api.py for tasks to queue
[2025-09-21T12:39:20.930+0000] {logging_mixin.py:188} INFO - [2025-09-21T12:39:20.930+0000] {dagbag.py:538} INFO - Filling up the DagBag from /home/airflow/.local/lib/python3.8/site-packages/airflow/example_dags/tutorial_taskflow_api.py
[2025-09-21T12:39:20.943+0000] {processor.py:840} INFO - DAG(s) 'tutorial_taskflow_api' retrieved from /home/airflow/.local/lib/python3.8/site-packages/airflow/example_dags/tutorial_taskflow_api.py
[2025-09-21T12:39:20.980+0000] {logging_mixin.py:188} INFO - [2025-09-21T12:39:20.980+0000] {dag.py:3036} INFO - Sync 1 DAGs
[2025-09-21T12:39:21.007+0000] {logging_mixin.py:188} INFO - [2025-09-21T12:39:21.007+0000] {dag.py:3823} INFO - Setting next_dagrun for tutorial_taskflow_api to None, run_after=None
[2025-09-21T12:39:21.050+0000] {processor.py:183} INFO - Processing /home/airflow/.local/lib/python3.8/site-packages/airflow/example_dags/tutorial_taskflow_api.py took 0.132 seconds
[2025-09-21T12:39:51.689+0000] {processor.py:161} INFO - Started process (PID=2101) to work on /home/airflow/.local/lib/python3.8/site-packages/airflow/example_dags/tutorial_taskflow_api.py
[2025-09-21T12:39:51.691+0000] {processor.py:830} INFO - Processing file /home/airflow/.local/lib/python3.8/site-packages/airflow/example_dags/tutorial_taskflow_api.py for tasks to queue
[2025-09-21T12:39:51.694+0000] {logging_mixin.py:188} INFO - [2025-09-21T12:39:51.694+0000] {dagbag.py:538} INFO - Filling up the DagBag from /home/airflow/.local/lib/python3.8/site-packages/airflow/example_dags/tutorial_taskflow_api.py
[2025-09-21T12:39:51.708+0000] {processor.py:840} INFO - DAG(s) 'tutorial_taskflow_api' retrieved from /home/airflow/.local/lib/python3.8/site-packages/airflow/example_dags/tutorial_taskflow_api.py
[2025-09-21T12:39:51.752+0000] {logging_mixin.py:188} INFO - [2025-09-21T12:39:51.752+0000] {dag.py:3036} INFO - Sync 1 DAGs
[2025-09-21T12:39:51.781+0000] {logging_mixin.py:188} INFO - [2025-09-21T12:39:51.780+0000] {dag.py:3823} INFO - Setting next_dagrun for tutorial_taskflow_api to None, run_after=None
[2025-09-21T12:39:51.827+0000] {processor.py:183} INFO - Processing /home/airflow/.local/lib/python3.8/site-packages/airflow/example_dags/tutorial_taskflow_api.py took 0.146 seconds
[2025-09-21T12:40:22.799+0000] {processor.py:161} INFO - Started process (PID=2160) to work on /home/airflow/.local/lib/python3.8/site-packages/airflow/example_dags/tutorial_taskflow_api.py
[2025-09-21T12:40:22.802+0000] {processor.py:830} INFO - Processing file /home/airflow/.local/lib/python3.8/site-packages/airflow/example_dags/tutorial_taskflow_api.py for tasks to queue
[2025-09-21T12:40:22.805+0000] {logging_mixin.py:188} INFO - [2025-09-21T12:40:22.805+0000] {dagbag.py:538} INFO - Filling up the DagBag from /home/airflow/.local/lib/python3.8/site-packages/airflow/example_dags/tutorial_taskflow_api.py
[2025-09-21T12:40:22.821+0000] {processor.py:840} INFO - DAG(s) 'tutorial_taskflow_api' retrieved from /home/airflow/.local/lib/python3.8/site-packages/airflow/example_dags/tutorial_taskflow_api.py
[2025-09-21T12:40:22.865+0000] {logging_mixin.py:188} INFO - [2025-09-21T12:40:22.865+0000] {dag.py:3036} INFO - Sync 1 DAGs
[2025-09-21T12:40:22.893+0000] {logging_mixin.py:188} INFO - [2025-09-21T12:40:22.892+0000] {dag.py:3823} INFO - Setting next_dagrun for tutorial_taskflow_api to None, run_after=None
[2025-09-21T12:40:22.936+0000] {processor.py:183} INFO - Processing /home/airflow/.local/lib/python3.8/site-packages/airflow/example_dags/tutorial_taskflow_api.py took 0.143 seconds
[2025-09-21T12:40:53.292+0000] {processor.py:161} INFO - Started process (PID=2218) to work on /home/airflow/.local/lib/python3.8/site-packages/airflow/example_dags/tutorial_taskflow_api.py
[2025-09-21T12:40:53.294+0000] {processor.py:830} INFO - Processing file /home/airflow/.local/lib/python3.8/site-packages/airflow/example_dags/tutorial_taskflow_api.py for tasks to queue
[2025-09-21T12:40:53.299+0000] {logging_mixin.py:188} INFO - [2025-09-21T12:40:53.298+0000] {dagbag.py:538} INFO - Filling up the DagBag from /home/airflow/.local/lib/python3.8/site-packages/airflow/example_dags/tutorial_taskflow_api.py
[2025-09-21T12:40:53.311+0000] {processor.py:840} INFO - DAG(s) 'tutorial_taskflow_api' retrieved from /home/airflow/.local/lib/python3.8/site-packages/airflow/example_dags/tutorial_taskflow_api.py
[2025-09-21T12:40:53.364+0000] {logging_mixin.py:188} INFO - [2025-09-21T12:40:53.364+0000] {dag.py:3036} INFO - Sync 1 DAGs
[2025-09-21T12:40:53.389+0000] {logging_mixin.py:188} INFO - [2025-09-21T12:40:53.389+0000] {dag.py:3823} INFO - Setting next_dagrun for tutorial_taskflow_api to None, run_after=None
[2025-09-21T12:40:53.434+0000] {processor.py:183} INFO - Processing /home/airflow/.local/lib/python3.8/site-packages/airflow/example_dags/tutorial_taskflow_api.py took 0.149 seconds
[2025-09-21T12:41:23.713+0000] {processor.py:161} INFO - Started process (PID=2276) to work on /home/airflow/.local/lib/python3.8/site-packages/airflow/example_dags/tutorial_taskflow_api.py
[2025-09-21T12:41:23.716+0000] {processor.py:830} INFO - Processing file /home/airflow/.local/lib/python3.8/site-packages/airflow/example_dags/tutorial_taskflow_api.py for tasks to queue
[2025-09-21T12:41:23.719+0000] {logging_mixin.py:188} INFO - [2025-09-21T12:41:23.719+0000] {dagbag.py:538} INFO - Filling up the DagBag from /home/airflow/.local/lib/python3.8/site-packages/airflow/example_dags/tutorial_taskflow_api.py
[2025-09-21T12:41:23.738+0000] {processor.py:840} INFO - DAG(s) 'tutorial_taskflow_api' retrieved from /home/airflow/.local/lib/python3.8/site-packages/airflow/example_dags/tutorial_taskflow_api.py
[2025-09-21T12:41:23.784+0000] {logging_mixin.py:188} INFO - [2025-09-21T12:41:23.784+0000] {dag.py:3036} INFO - Sync 1 DAGs
[2025-09-21T12:41:23.842+0000] {logging_mixin.py:188} INFO - [2025-09-21T12:41:23.841+0000] {dag.py:3823} INFO - Setting next_dagrun for tutorial_taskflow_api to None, run_after=None
[2025-09-21T12:41:23.949+0000] {processor.py:183} INFO - Processing /home/airflow/.local/lib/python3.8/site-packages/airflow/example_dags/tutorial_taskflow_api.py took 0.245 seconds
[2025-09-21T12:41:54.621+0000] {processor.py:161} INFO - Started process (PID=2334) to work on /home/airflow/.local/lib/python3.8/site-packages/airflow/example_dags/tutorial_taskflow_api.py
[2025-09-21T12:41:54.623+0000] {processor.py:830} INFO - Processing file /home/airflow/.local/lib/python3.8/site-packages/airflow/example_dags/tutorial_taskflow_api.py for tasks to queue
[2025-09-21T12:41:54.627+0000] {logging_mixin.py:188} INFO - [2025-09-21T12:41:54.626+0000] {dagbag.py:538} INFO - Filling up the DagBag from /home/airflow/.local/lib/python3.8/site-packages/airflow/example_dags/tutorial_taskflow_api.py
[2025-09-21T12:41:54.643+0000] {processor.py:840} INFO - DAG(s) 'tutorial_taskflow_api' retrieved from /home/airflow/.local/lib/python3.8/site-packages/airflow/example_dags/tutorial_taskflow_api.py
[2025-09-21T12:41:54.738+0000] {logging_mixin.py:188} INFO - [2025-09-21T12:41:54.737+0000] {dag.py:3036} INFO - Sync 1 DAGs
[2025-09-21T12:41:54.816+0000] {logging_mixin.py:188} INFO - [2025-09-21T12:41:54.815+0000] {dag.py:3823} INFO - Setting next_dagrun for tutorial_taskflow_api to None, run_after=None
[2025-09-21T12:41:54.962+0000] {processor.py:183} INFO - Processing /home/airflow/.local/lib/python3.8/site-packages/airflow/example_dags/tutorial_taskflow_api.py took 0.347 seconds
[2025-09-21T12:42:25.855+0000] {processor.py:161} INFO - Started process (PID=2392) to work on /home/airflow/.local/lib/python3.8/site-packages/airflow/example_dags/tutorial_taskflow_api.py
[2025-09-21T12:42:25.858+0000] {processor.py:830} INFO - Processing file /home/airflow/.local/lib/python3.8/site-packages/airflow/example_dags/tutorial_taskflow_api.py for tasks to queue
[2025-09-21T12:42:25.862+0000] {logging_mixin.py:188} INFO - [2025-09-21T12:42:25.862+0000] {dagbag.py:538} INFO - Filling up the DagBag from /home/airflow/.local/lib/python3.8/site-packages/airflow/example_dags/tutorial_taskflow_api.py
[2025-09-21T12:42:25.878+0000] {processor.py:840} INFO - DAG(s) 'tutorial_taskflow_api' retrieved from /home/airflow/.local/lib/python3.8/site-packages/airflow/example_dags/tutorial_taskflow_api.py
[2025-09-21T12:42:25.952+0000] {logging_mixin.py:188} INFO - [2025-09-21T12:42:25.951+0000] {dag.py:3036} INFO - Sync 1 DAGs
[2025-09-21T12:42:26.022+0000] {logging_mixin.py:188} INFO - [2025-09-21T12:42:26.021+0000] {dag.py:3823} INFO - Setting next_dagrun for tutorial_taskflow_api to None, run_after=None
[2025-09-21T12:42:26.089+0000] {processor.py:183} INFO - Processing /home/airflow/.local/lib/python3.8/site-packages/airflow/example_dags/tutorial_taskflow_api.py took 0.241 seconds
[2025-09-21T12:42:56.625+0000] {processor.py:161} INFO - Started process (PID=2450) to work on /home/airflow/.local/lib/python3.8/site-packages/airflow/example_dags/tutorial_taskflow_api.py
[2025-09-21T12:42:56.627+0000] {processor.py:830} INFO - Processing file /home/airflow/.local/lib/python3.8/site-packages/airflow/example_dags/tutorial_taskflow_api.py for tasks to queue
[2025-09-21T12:42:56.632+0000] {logging_mixin.py:188} INFO - [2025-09-21T12:42:56.631+0000] {dagbag.py:538} INFO - Filling up the DagBag from /home/airflow/.local/lib/python3.8/site-packages/airflow/example_dags/tutorial_taskflow_api.py
[2025-09-21T12:42:56.649+0000] {processor.py:840} INFO - DAG(s) 'tutorial_taskflow_api' retrieved from /home/airflow/.local/lib/python3.8/site-packages/airflow/example_dags/tutorial_taskflow_api.py
[2025-09-21T12:42:56.702+0000] {logging_mixin.py:188} INFO - [2025-09-21T12:42:56.701+0000] {dag.py:3036} INFO - Sync 1 DAGs
[2025-09-21T12:42:56.736+0000] {logging_mixin.py:188} INFO - [2025-09-21T12:42:56.735+0000] {dag.py:3823} INFO - Setting next_dagrun for tutorial_taskflow_api to None, run_after=None
[2025-09-21T12:42:56.783+0000] {processor.py:183} INFO - Processing /home/airflow/.local/lib/python3.8/site-packages/airflow/example_dags/tutorial_taskflow_api.py took 0.167 seconds
[2025-09-21T12:43:27.865+0000] {processor.py:161} INFO - Started process (PID=2508) to work on /home/airflow/.local/lib/python3.8/site-packages/airflow/example_dags/tutorial_taskflow_api.py
[2025-09-21T12:43:27.870+0000] {processor.py:830} INFO - Processing file /home/airflow/.local/lib/python3.8/site-packages/airflow/example_dags/tutorial_taskflow_api.py for tasks to queue
[2025-09-21T12:43:27.881+0000] {logging_mixin.py:188} INFO - [2025-09-21T12:43:27.880+0000] {dagbag.py:538} INFO - Filling up the DagBag from /home/airflow/.local/lib/python3.8/site-packages/airflow/example_dags/tutorial_taskflow_api.py
[2025-09-21T12:43:27.914+0000] {processor.py:840} INFO - DAG(s) 'tutorial_taskflow_api' retrieved from /home/airflow/.local/lib/python3.8/site-packages/airflow/example_dags/tutorial_taskflow_api.py
[2025-09-21T12:43:28.023+0000] {logging_mixin.py:188} INFO - [2025-09-21T12:43:28.023+0000] {dag.py:3036} INFO - Sync 1 DAGs
[2025-09-21T12:43:28.103+0000] {logging_mixin.py:188} INFO - [2025-09-21T12:43:28.102+0000] {dag.py:3823} INFO - Setting next_dagrun for tutorial_taskflow_api to None, run_after=None
[2025-09-21T12:43:28.200+0000] {processor.py:183} INFO - Processing /home/airflow/.local/lib/python3.8/site-packages/airflow/example_dags/tutorial_taskflow_api.py took 0.353 seconds
[2025-09-21T12:43:58.403+0000] {processor.py:161} INFO - Started process (PID=2566) to work on /home/airflow/.local/lib/python3.8/site-packages/airflow/example_dags/tutorial_taskflow_api.py
[2025-09-21T12:43:58.416+0000] {processor.py:830} INFO - Processing file /home/airflow/.local/lib/python3.8/site-packages/airflow/example_dags/tutorial_taskflow_api.py for tasks to queue
[2025-09-21T12:43:58.431+0000] {logging_mixin.py:188} INFO - [2025-09-21T12:43:58.429+0000] {dagbag.py:538} INFO - Filling up the DagBag from /home/airflow/.local/lib/python3.8/site-packages/airflow/example_dags/tutorial_taskflow_api.py
[2025-09-21T12:43:58.450+0000] {processor.py:840} INFO - DAG(s) 'tutorial_taskflow_api' retrieved from /home/airflow/.local/lib/python3.8/site-packages/airflow/example_dags/tutorial_taskflow_api.py
[2025-09-21T12:43:58.527+0000] {logging_mixin.py:188} INFO - [2025-09-21T12:43:58.526+0000] {dag.py:3036} INFO - Sync 1 DAGs
[2025-09-21T12:43:58.584+0000] {logging_mixin.py:188} INFO - [2025-09-21T12:43:58.583+0000] {dag.py:3823} INFO - Setting next_dagrun for tutorial_taskflow_api to None, run_after=None
[2025-09-21T12:43:58.673+0000] {processor.py:183} INFO - Processing /home/airflow/.local/lib/python3.8/site-packages/airflow/example_dags/tutorial_taskflow_api.py took 0.302 seconds
[2025-09-21T12:44:28.858+0000] {processor.py:161} INFO - Started process (PID=2624) to work on /home/airflow/.local/lib/python3.8/site-packages/airflow/example_dags/tutorial_taskflow_api.py
[2025-09-21T12:44:28.861+0000] {processor.py:830} INFO - Processing file /home/airflow/.local/lib/python3.8/site-packages/airflow/example_dags/tutorial_taskflow_api.py for tasks to queue
[2025-09-21T12:44:28.865+0000] {logging_mixin.py:188} INFO - [2025-09-21T12:44:28.864+0000] {dagbag.py:538} INFO - Filling up the DagBag from /home/airflow/.local/lib/python3.8/site-packages/airflow/example_dags/tutorial_taskflow_api.py
[2025-09-21T12:44:28.879+0000] {processor.py:840} INFO - DAG(s) 'tutorial_taskflow_api' retrieved from /home/airflow/.local/lib/python3.8/site-packages/airflow/example_dags/tutorial_taskflow_api.py
[2025-09-21T12:44:28.916+0000] {logging_mixin.py:188} INFO - [2025-09-21T12:44:28.915+0000] {dag.py:3036} INFO - Sync 1 DAGs
[2025-09-21T12:44:28.944+0000] {logging_mixin.py:188} INFO - [2025-09-21T12:44:28.944+0000] {dag.py:3823} INFO - Setting next_dagrun for tutorial_taskflow_api to None, run_after=None
[2025-09-21T12:44:28.986+0000] {processor.py:183} INFO - Processing /home/airflow/.local/lib/python3.8/site-packages/airflow/example_dags/tutorial_taskflow_api.py took 0.134 seconds
[2025-09-21T12:44:59.963+0000] {processor.py:161} INFO - Started process (PID=2682) to work on /home/airflow/.local/lib/python3.8/site-packages/airflow/example_dags/tutorial_taskflow_api.py
[2025-09-21T12:44:59.965+0000] {processor.py:830} INFO - Processing file /home/airflow/.local/lib/python3.8/site-packages/airflow/example_dags/tutorial_taskflow_api.py for tasks to queue
[2025-09-21T12:44:59.968+0000] {logging_mixin.py:188} INFO - [2025-09-21T12:44:59.967+0000] {dagbag.py:538} INFO - Filling up the DagBag from /home/airflow/.local/lib/python3.8/site-packages/airflow/example_dags/tutorial_taskflow_api.py
[2025-09-21T12:44:59.982+0000] {processor.py:840} INFO - DAG(s) 'tutorial_taskflow_api' retrieved from /home/airflow/.local/lib/python3.8/site-packages/airflow/example_dags/tutorial_taskflow_api.py
[2025-09-21T12:45:00.048+0000] {logging_mixin.py:188} INFO - [2025-09-21T12:45:00.048+0000] {dag.py:3036} INFO - Sync 1 DAGs
[2025-09-21T12:45:00.074+0000] {logging_mixin.py:188} INFO - [2025-09-21T12:45:00.074+0000] {dag.py:3823} INFO - Setting next_dagrun for tutorial_taskflow_api to None, run_after=None
[2025-09-21T12:45:00.121+0000] {processor.py:183} INFO - Processing /home/airflow/.local/lib/python3.8/site-packages/airflow/example_dags/tutorial_taskflow_api.py took 0.167 seconds
[2025-09-21T12:45:30.691+0000] {processor.py:161} INFO - Started process (PID=2746) to work on /home/airflow/.local/lib/python3.8/site-packages/airflow/example_dags/tutorial_taskflow_api.py
[2025-09-21T12:45:30.694+0000] {processor.py:830} INFO - Processing file /home/airflow/.local/lib/python3.8/site-packages/airflow/example_dags/tutorial_taskflow_api.py for tasks to queue
[2025-09-21T12:45:30.700+0000] {logging_mixin.py:188} INFO - [2025-09-21T12:45:30.698+0000] {dagbag.py:538} INFO - Filling up the DagBag from /home/airflow/.local/lib/python3.8/site-packages/airflow/example_dags/tutorial_taskflow_api.py
[2025-09-21T12:45:30.727+0000] {processor.py:840} INFO - DAG(s) 'tutorial_taskflow_api' retrieved from /home/airflow/.local/lib/python3.8/site-packages/airflow/example_dags/tutorial_taskflow_api.py
[2025-09-21T12:45:30.830+0000] {logging_mixin.py:188} INFO - [2025-09-21T12:45:30.829+0000] {dag.py:3036} INFO - Sync 1 DAGs
[2025-09-21T12:45:30.886+0000] {logging_mixin.py:188} INFO - [2025-09-21T12:45:30.885+0000] {dag.py:3823} INFO - Setting next_dagrun for tutorial_taskflow_api to None, run_after=None
[2025-09-21T12:45:30.975+0000] {processor.py:183} INFO - Processing /home/airflow/.local/lib/python3.8/site-packages/airflow/example_dags/tutorial_taskflow_api.py took 0.294 seconds
[2025-09-21T12:46:01.760+0000] {processor.py:161} INFO - Started process (PID=2804) to work on /home/airflow/.local/lib/python3.8/site-packages/airflow/example_dags/tutorial_taskflow_api.py
[2025-09-21T12:46:01.762+0000] {processor.py:830} INFO - Processing file /home/airflow/.local/lib/python3.8/site-packages/airflow/example_dags/tutorial_taskflow_api.py for tasks to queue
[2025-09-21T12:46:01.766+0000] {logging_mixin.py:188} INFO - [2025-09-21T12:46:01.765+0000] {dagbag.py:538} INFO - Filling up the DagBag from /home/airflow/.local/lib/python3.8/site-packages/airflow/example_dags/tutorial_taskflow_api.py
[2025-09-21T12:46:01.779+0000] {processor.py:840} INFO - DAG(s) 'tutorial_taskflow_api' retrieved from /home/airflow/.local/lib/python3.8/site-packages/airflow/example_dags/tutorial_taskflow_api.py
[2025-09-21T12:46:01.815+0000] {logging_mixin.py:188} INFO - [2025-09-21T12:46:01.814+0000] {dag.py:3036} INFO - Sync 1 DAGs
[2025-09-21T12:46:01.839+0000] {logging_mixin.py:188} INFO - [2025-09-21T12:46:01.838+0000] {dag.py:3823} INFO - Setting next_dagrun for tutorial_taskflow_api to None, run_after=None
[2025-09-21T12:46:01.877+0000] {processor.py:183} INFO - Processing /home/airflow/.local/lib/python3.8/site-packages/airflow/example_dags/tutorial_taskflow_api.py took 0.123 seconds
[2025-09-21T12:46:32.580+0000] {processor.py:161} INFO - Started process (PID=2862) to work on /home/airflow/.local/lib/python3.8/site-packages/airflow/example_dags/tutorial_taskflow_api.py
[2025-09-21T12:46:32.582+0000] {processor.py:830} INFO - Processing file /home/airflow/.local/lib/python3.8/site-packages/airflow/example_dags/tutorial_taskflow_api.py for tasks to queue
[2025-09-21T12:46:32.585+0000] {logging_mixin.py:188} INFO - [2025-09-21T12:46:32.585+0000] {dagbag.py:538} INFO - Filling up the DagBag from /home/airflow/.local/lib/python3.8/site-packages/airflow/example_dags/tutorial_taskflow_api.py
[2025-09-21T12:46:32.611+0000] {processor.py:840} INFO - DAG(s) 'tutorial_taskflow_api' retrieved from /home/airflow/.local/lib/python3.8/site-packages/airflow/example_dags/tutorial_taskflow_api.py
[2025-09-21T12:46:32.659+0000] {logging_mixin.py:188} INFO - [2025-09-21T12:46:32.659+0000] {dag.py:3036} INFO - Sync 1 DAGs
[2025-09-21T12:46:32.683+0000] {logging_mixin.py:188} INFO - [2025-09-21T12:46:32.683+0000] {dag.py:3823} INFO - Setting next_dagrun for tutorial_taskflow_api to None, run_after=None
[2025-09-21T12:46:32.723+0000] {processor.py:183} INFO - Processing /home/airflow/.local/lib/python3.8/site-packages/airflow/example_dags/tutorial_taskflow_api.py took 0.152 seconds
[2025-09-21T12:47:02.997+0000] {processor.py:161} INFO - Started process (PID=2920) to work on /home/airflow/.local/lib/python3.8/site-packages/airflow/example_dags/tutorial_taskflow_api.py
[2025-09-21T12:47:02.999+0000] {processor.py:830} INFO - Processing file /home/airflow/.local/lib/python3.8/site-packages/airflow/example_dags/tutorial_taskflow_api.py for tasks to queue
[2025-09-21T12:47:03.003+0000] {logging_mixin.py:188} INFO - [2025-09-21T12:47:03.002+0000] {dagbag.py:538} INFO - Filling up the DagBag from /home/airflow/.local/lib/python3.8/site-packages/airflow/example_dags/tutorial_taskflow_api.py
[2025-09-21T12:47:03.019+0000] {processor.py:840} INFO - DAG(s) 'tutorial_taskflow_api' retrieved from /home/airflow/.local/lib/python3.8/site-packages/airflow/example_dags/tutorial_taskflow_api.py
[2025-09-21T12:47:03.088+0000] {logging_mixin.py:188} INFO - [2025-09-21T12:47:03.087+0000] {dag.py:3036} INFO - Sync 1 DAGs
[2025-09-21T12:47:03.135+0000] {logging_mixin.py:188} INFO - [2025-09-21T12:47:03.135+0000] {dag.py:3823} INFO - Setting next_dagrun for tutorial_taskflow_api to None, run_after=None
[2025-09-21T12:47:03.206+0000] {processor.py:183} INFO - Processing /home/airflow/.local/lib/python3.8/site-packages/airflow/example_dags/tutorial_taskflow_api.py took 0.214 seconds
[2025-09-21T12:47:33.444+0000] {processor.py:161} INFO - Started process (PID=2978) to work on /home/airflow/.local/lib/python3.8/site-packages/airflow/example_dags/tutorial_taskflow_api.py
[2025-09-21T12:47:33.446+0000] {processor.py:830} INFO - Processing file /home/airflow/.local/lib/python3.8/site-packages/airflow/example_dags/tutorial_taskflow_api.py for tasks to queue
[2025-09-21T12:47:33.450+0000] {logging_mixin.py:188} INFO - [2025-09-21T12:47:33.449+0000] {dagbag.py:538} INFO - Filling up the DagBag from /home/airflow/.local/lib/python3.8/site-packages/airflow/example_dags/tutorial_taskflow_api.py
[2025-09-21T12:47:33.468+0000] {processor.py:840} INFO - DAG(s) 'tutorial_taskflow_api' retrieved from /home/airflow/.local/lib/python3.8/site-packages/airflow/example_dags/tutorial_taskflow_api.py
[2025-09-21T12:47:33.508+0000] {logging_mixin.py:188} INFO - [2025-09-21T12:47:33.508+0000] {dag.py:3036} INFO - Sync 1 DAGs
[2025-09-21T12:47:33.554+0000] {logging_mixin.py:188} INFO - [2025-09-21T12:47:33.553+0000] {dag.py:3823} INFO - Setting next_dagrun for tutorial_taskflow_api to None, run_after=None
[2025-09-21T12:47:33.623+0000] {processor.py:183} INFO - Processing /home/airflow/.local/lib/python3.8/site-packages/airflow/example_dags/tutorial_taskflow_api.py took 0.184 seconds
[2025-09-21T12:48:04.500+0000] {processor.py:161} INFO - Started process (PID=3036) to work on /home/airflow/.local/lib/python3.8/site-packages/airflow/example_dags/tutorial_taskflow_api.py
[2025-09-21T12:48:04.502+0000] {processor.py:830} INFO - Processing file /home/airflow/.local/lib/python3.8/site-packages/airflow/example_dags/tutorial_taskflow_api.py for tasks to queue
[2025-09-21T12:48:04.507+0000] {logging_mixin.py:188} INFO - [2025-09-21T12:48:04.506+0000] {dagbag.py:538} INFO - Filling up the DagBag from /home/airflow/.local/lib/python3.8/site-packages/airflow/example_dags/tutorial_taskflow_api.py
[2025-09-21T12:48:04.524+0000] {processor.py:840} INFO - DAG(s) 'tutorial_taskflow_api' retrieved from /home/airflow/.local/lib/python3.8/site-packages/airflow/example_dags/tutorial_taskflow_api.py
[2025-09-21T12:48:04.606+0000] {logging_mixin.py:188} INFO - [2025-09-21T12:48:04.606+0000] {dag.py:3036} INFO - Sync 1 DAGs
[2025-09-21T12:48:04.656+0000] {logging_mixin.py:188} INFO - [2025-09-21T12:48:04.655+0000] {dag.py:3823} INFO - Setting next_dagrun for tutorial_taskflow_api to None, run_after=None
[2025-09-21T12:48:04.711+0000] {processor.py:183} INFO - Processing /home/airflow/.local/lib/python3.8/site-packages/airflow/example_dags/tutorial_taskflow_api.py took 0.220 seconds
[2025-09-21T12:48:34.944+0000] {processor.py:161} INFO - Started process (PID=3094) to work on /home/airflow/.local/lib/python3.8/site-packages/airflow/example_dags/tutorial_taskflow_api.py
[2025-09-21T12:48:34.946+0000] {processor.py:830} INFO - Processing file /home/airflow/.local/lib/python3.8/site-packages/airflow/example_dags/tutorial_taskflow_api.py for tasks to queue
[2025-09-21T12:48:34.951+0000] {logging_mixin.py:188} INFO - [2025-09-21T12:48:34.950+0000] {dagbag.py:538} INFO - Filling up the DagBag from /home/airflow/.local/lib/python3.8/site-packages/airflow/example_dags/tutorial_taskflow_api.py
[2025-09-21T12:48:34.967+0000] {processor.py:840} INFO - DAG(s) 'tutorial_taskflow_api' retrieved from /home/airflow/.local/lib/python3.8/site-packages/airflow/example_dags/tutorial_taskflow_api.py
[2025-09-21T12:48:35.018+0000] {logging_mixin.py:188} INFO - [2025-09-21T12:48:35.018+0000] {dag.py:3036} INFO - Sync 1 DAGs
[2025-09-21T12:48:35.050+0000] {logging_mixin.py:188} INFO - [2025-09-21T12:48:35.049+0000] {dag.py:3823} INFO - Setting next_dagrun for tutorial_taskflow_api to None, run_after=None
[2025-09-21T12:48:35.101+0000] {processor.py:183} INFO - Processing /home/airflow/.local/lib/python3.8/site-packages/airflow/example_dags/tutorial_taskflow_api.py took 0.165 seconds
[2025-09-21T12:49:05.191+0000] {processor.py:161} INFO - Started process (PID=3152) to work on /home/airflow/.local/lib/python3.8/site-packages/airflow/example_dags/tutorial_taskflow_api.py
[2025-09-21T12:49:05.193+0000] {processor.py:830} INFO - Processing file /home/airflow/.local/lib/python3.8/site-packages/airflow/example_dags/tutorial_taskflow_api.py for tasks to queue
[2025-09-21T12:49:05.197+0000] {logging_mixin.py:188} INFO - [2025-09-21T12:49:05.196+0000] {dagbag.py:538} INFO - Filling up the DagBag from /home/airflow/.local/lib/python3.8/site-packages/airflow/example_dags/tutorial_taskflow_api.py
[2025-09-21T12:49:05.209+0000] {processor.py:840} INFO - DAG(s) 'tutorial_taskflow_api' retrieved from /home/airflow/.local/lib/python3.8/site-packages/airflow/example_dags/tutorial_taskflow_api.py
[2025-09-21T12:49:05.255+0000] {logging_mixin.py:188} INFO - [2025-09-21T12:49:05.255+0000] {dag.py:3036} INFO - Sync 1 DAGs
[2025-09-21T12:49:05.287+0000] {logging_mixin.py:188} INFO - [2025-09-21T12:49:05.287+0000] {dag.py:3823} INFO - Setting next_dagrun for tutorial_taskflow_api to None, run_after=None
[2025-09-21T12:49:05.334+0000] {processor.py:183} INFO - Processing /home/airflow/.local/lib/python3.8/site-packages/airflow/example_dags/tutorial_taskflow_api.py took 0.149 seconds
[2025-09-21T12:49:35.721+0000] {processor.py:161} INFO - Started process (PID=3211) to work on /home/airflow/.local/lib/python3.8/site-packages/airflow/example_dags/tutorial_taskflow_api.py
[2025-09-21T12:49:35.725+0000] {processor.py:830} INFO - Processing file /home/airflow/.local/lib/python3.8/site-packages/airflow/example_dags/tutorial_taskflow_api.py for tasks to queue
[2025-09-21T12:49:35.732+0000] {logging_mixin.py:188} INFO - [2025-09-21T12:49:35.731+0000] {dagbag.py:538} INFO - Filling up the DagBag from /home/airflow/.local/lib/python3.8/site-packages/airflow/example_dags/tutorial_taskflow_api.py
[2025-09-21T12:49:35.759+0000] {processor.py:840} INFO - DAG(s) 'tutorial_taskflow_api' retrieved from /home/airflow/.local/lib/python3.8/site-packages/airflow/example_dags/tutorial_taskflow_api.py
[2025-09-21T12:49:35.820+0000] {logging_mixin.py:188} INFO - [2025-09-21T12:49:35.819+0000] {dag.py:3036} INFO - Sync 1 DAGs
[2025-09-21T12:49:35.857+0000] {logging_mixin.py:188} INFO - [2025-09-21T12:49:35.856+0000] {dag.py:3823} INFO - Setting next_dagrun for tutorial_taskflow_api to None, run_after=None
[2025-09-21T12:49:35.915+0000] {processor.py:183} INFO - Processing /home/airflow/.local/lib/python3.8/site-packages/airflow/example_dags/tutorial_taskflow_api.py took 0.203 seconds
[2025-09-21T12:50:06.477+0000] {processor.py:161} INFO - Started process (PID=3269) to work on /home/airflow/.local/lib/python3.8/site-packages/airflow/example_dags/tutorial_taskflow_api.py
[2025-09-21T12:50:06.480+0000] {processor.py:830} INFO - Processing file /home/airflow/.local/lib/python3.8/site-packages/airflow/example_dags/tutorial_taskflow_api.py for tasks to queue
[2025-09-21T12:50:06.484+0000] {logging_mixin.py:188} INFO - [2025-09-21T12:50:06.484+0000] {dagbag.py:538} INFO - Filling up the DagBag from /home/airflow/.local/lib/python3.8/site-packages/airflow/example_dags/tutorial_taskflow_api.py
[2025-09-21T12:50:06.496+0000] {processor.py:840} INFO - DAG(s) 'tutorial_taskflow_api' retrieved from /home/airflow/.local/lib/python3.8/site-packages/airflow/example_dags/tutorial_taskflow_api.py
[2025-09-21T12:50:06.532+0000] {logging_mixin.py:188} INFO - [2025-09-21T12:50:06.531+0000] {dag.py:3036} INFO - Sync 1 DAGs
[2025-09-21T12:50:06.554+0000] {logging_mixin.py:188} INFO - [2025-09-21T12:50:06.554+0000] {dag.py:3823} INFO - Setting next_dagrun for tutorial_taskflow_api to None, run_after=None
[2025-09-21T12:50:06.594+0000] {processor.py:183} INFO - Processing /home/airflow/.local/lib/python3.8/site-packages/airflow/example_dags/tutorial_taskflow_api.py took 0.125 seconds
[2025-09-21T15:01:28.542+0000] {processor.py:161} INFO - Started process (PID=77) to work on /home/airflow/.local/lib/python3.8/site-packages/airflow/example_dags/tutorial_taskflow_api.py
[2025-09-21T15:01:28.545+0000] {processor.py:830} INFO - Processing file /home/airflow/.local/lib/python3.8/site-packages/airflow/example_dags/tutorial_taskflow_api.py for tasks to queue
[2025-09-21T15:01:28.549+0000] {logging_mixin.py:188} INFO - [2025-09-21T15:01:28.548+0000] {dagbag.py:538} INFO - Filling up the DagBag from /home/airflow/.local/lib/python3.8/site-packages/airflow/example_dags/tutorial_taskflow_api.py
[2025-09-21T15:01:28.570+0000] {processor.py:840} INFO - DAG(s) 'tutorial_taskflow_api' retrieved from /home/airflow/.local/lib/python3.8/site-packages/airflow/example_dags/tutorial_taskflow_api.py
[2025-09-21T15:01:28.847+0000] {logging_mixin.py:188} INFO - [2025-09-21T15:01:28.847+0000] {dag.py:3036} INFO - Sync 1 DAGs
[2025-09-21T15:01:28.876+0000] {logging_mixin.py:188} INFO - [2025-09-21T15:01:28.875+0000] {dag.py:3823} INFO - Setting next_dagrun for tutorial_taskflow_api to None, run_after=None
[2025-09-21T15:01:28.918+0000] {processor.py:183} INFO - Processing /home/airflow/.local/lib/python3.8/site-packages/airflow/example_dags/tutorial_taskflow_api.py took 0.388 seconds
[2025-09-21T15:01:59.553+0000] {processor.py:161} INFO - Started process (PID=135) to work on /home/airflow/.local/lib/python3.8/site-packages/airflow/example_dags/tutorial_taskflow_api.py
[2025-09-21T15:01:59.555+0000] {processor.py:830} INFO - Processing file /home/airflow/.local/lib/python3.8/site-packages/airflow/example_dags/tutorial_taskflow_api.py for tasks to queue
[2025-09-21T15:01:59.558+0000] {logging_mixin.py:188} INFO - [2025-09-21T15:01:59.558+0000] {dagbag.py:538} INFO - Filling up the DagBag from /home/airflow/.local/lib/python3.8/site-packages/airflow/example_dags/tutorial_taskflow_api.py
[2025-09-21T15:01:59.569+0000] {processor.py:840} INFO - DAG(s) 'tutorial_taskflow_api' retrieved from /home/airflow/.local/lib/python3.8/site-packages/airflow/example_dags/tutorial_taskflow_api.py
[2025-09-21T15:01:59.604+0000] {logging_mixin.py:188} INFO - [2025-09-21T15:01:59.604+0000] {dag.py:3036} INFO - Sync 1 DAGs
[2025-09-21T15:01:59.630+0000] {logging_mixin.py:188} INFO - [2025-09-21T15:01:59.630+0000] {dag.py:3823} INFO - Setting next_dagrun for tutorial_taskflow_api to None, run_after=None
[2025-09-21T15:01:59.667+0000] {processor.py:183} INFO - Processing /home/airflow/.local/lib/python3.8/site-packages/airflow/example_dags/tutorial_taskflow_api.py took 0.120 seconds
[2025-09-21T15:02:30.204+0000] {processor.py:161} INFO - Started process (PID=192) to work on /home/airflow/.local/lib/python3.8/site-packages/airflow/example_dags/tutorial_taskflow_api.py
[2025-09-21T15:02:30.206+0000] {processor.py:830} INFO - Processing file /home/airflow/.local/lib/python3.8/site-packages/airflow/example_dags/tutorial_taskflow_api.py for tasks to queue
[2025-09-21T15:02:30.210+0000] {logging_mixin.py:188} INFO - [2025-09-21T15:02:30.209+0000] {dagbag.py:538} INFO - Filling up the DagBag from /home/airflow/.local/lib/python3.8/site-packages/airflow/example_dags/tutorial_taskflow_api.py
[2025-09-21T15:02:30.223+0000] {processor.py:840} INFO - DAG(s) 'tutorial_taskflow_api' retrieved from /home/airflow/.local/lib/python3.8/site-packages/airflow/example_dags/tutorial_taskflow_api.py
[2025-09-21T15:02:30.266+0000] {logging_mixin.py:188} INFO - [2025-09-21T15:02:30.266+0000] {dag.py:3036} INFO - Sync 1 DAGs
[2025-09-21T15:02:30.294+0000] {logging_mixin.py:188} INFO - [2025-09-21T15:02:30.294+0000] {dag.py:3823} INFO - Setting next_dagrun for tutorial_taskflow_api to None, run_after=None
[2025-09-21T15:02:30.334+0000] {processor.py:183} INFO - Processing /home/airflow/.local/lib/python3.8/site-packages/airflow/example_dags/tutorial_taskflow_api.py took 0.138 seconds
[2025-09-21T15:03:00.453+0000] {processor.py:161} INFO - Started process (PID=249) to work on /home/airflow/.local/lib/python3.8/site-packages/airflow/example_dags/tutorial_taskflow_api.py
[2025-09-21T15:03:00.455+0000] {processor.py:830} INFO - Processing file /home/airflow/.local/lib/python3.8/site-packages/airflow/example_dags/tutorial_taskflow_api.py for tasks to queue
[2025-09-21T15:03:00.460+0000] {logging_mixin.py:188} INFO - [2025-09-21T15:03:00.458+0000] {dagbag.py:538} INFO - Filling up the DagBag from /home/airflow/.local/lib/python3.8/site-packages/airflow/example_dags/tutorial_taskflow_api.py
[2025-09-21T15:03:00.473+0000] {processor.py:840} INFO - DAG(s) 'tutorial_taskflow_api' retrieved from /home/airflow/.local/lib/python3.8/site-packages/airflow/example_dags/tutorial_taskflow_api.py
[2025-09-21T15:03:00.515+0000] {logging_mixin.py:188} INFO - [2025-09-21T15:03:00.514+0000] {dag.py:3036} INFO - Sync 1 DAGs
[2025-09-21T15:03:00.553+0000] {logging_mixin.py:188} INFO - [2025-09-21T15:03:00.552+0000] {dag.py:3823} INFO - Setting next_dagrun for tutorial_taskflow_api to None, run_after=None
[2025-09-21T15:03:00.605+0000] {processor.py:183} INFO - Processing /home/airflow/.local/lib/python3.8/site-packages/airflow/example_dags/tutorial_taskflow_api.py took 0.158 seconds
[2025-09-21T15:03:31.434+0000] {processor.py:161} INFO - Started process (PID=307) to work on /home/airflow/.local/lib/python3.8/site-packages/airflow/example_dags/tutorial_taskflow_api.py
[2025-09-21T15:03:31.441+0000] {processor.py:830} INFO - Processing file /home/airflow/.local/lib/python3.8/site-packages/airflow/example_dags/tutorial_taskflow_api.py for tasks to queue
[2025-09-21T15:03:31.445+0000] {logging_mixin.py:188} INFO - [2025-09-21T15:03:31.444+0000] {dagbag.py:538} INFO - Filling up the DagBag from /home/airflow/.local/lib/python3.8/site-packages/airflow/example_dags/tutorial_taskflow_api.py
[2025-09-21T15:03:31.458+0000] {processor.py:840} INFO - DAG(s) 'tutorial_taskflow_api' retrieved from /home/airflow/.local/lib/python3.8/site-packages/airflow/example_dags/tutorial_taskflow_api.py
[2025-09-21T15:03:31.496+0000] {logging_mixin.py:188} INFO - [2025-09-21T15:03:31.495+0000] {dag.py:3036} INFO - Sync 1 DAGs
[2025-09-21T15:03:31.525+0000] {logging_mixin.py:188} INFO - [2025-09-21T15:03:31.524+0000] {dag.py:3823} INFO - Setting next_dagrun for tutorial_taskflow_api to None, run_after=None
[2025-09-21T15:03:31.567+0000] {processor.py:183} INFO - Processing /home/airflow/.local/lib/python3.8/site-packages/airflow/example_dags/tutorial_taskflow_api.py took 0.141 seconds
[2025-09-21T15:04:01.766+0000] {processor.py:161} INFO - Started process (PID=365) to work on /home/airflow/.local/lib/python3.8/site-packages/airflow/example_dags/tutorial_taskflow_api.py
[2025-09-21T15:04:01.767+0000] {processor.py:830} INFO - Processing file /home/airflow/.local/lib/python3.8/site-packages/airflow/example_dags/tutorial_taskflow_api.py for tasks to queue
[2025-09-21T15:04:01.771+0000] {logging_mixin.py:188} INFO - [2025-09-21T15:04:01.771+0000] {dagbag.py:538} INFO - Filling up the DagBag from /home/airflow/.local/lib/python3.8/site-packages/airflow/example_dags/tutorial_taskflow_api.py
[2025-09-21T15:04:01.789+0000] {processor.py:840} INFO - DAG(s) 'tutorial_taskflow_api' retrieved from /home/airflow/.local/lib/python3.8/site-packages/airflow/example_dags/tutorial_taskflow_api.py
[2025-09-21T15:04:01.830+0000] {logging_mixin.py:188} INFO - [2025-09-21T15:04:01.830+0000] {dag.py:3036} INFO - Sync 1 DAGs
[2025-09-21T15:04:01.855+0000] {logging_mixin.py:188} INFO - [2025-09-21T15:04:01.855+0000] {dag.py:3823} INFO - Setting next_dagrun for tutorial_taskflow_api to None, run_after=None
[2025-09-21T15:04:01.899+0000] {processor.py:183} INFO - Processing /home/airflow/.local/lib/python3.8/site-packages/airflow/example_dags/tutorial_taskflow_api.py took 0.140 seconds
[2025-09-21T15:04:32.450+0000] {processor.py:161} INFO - Started process (PID=423) to work on /home/airflow/.local/lib/python3.8/site-packages/airflow/example_dags/tutorial_taskflow_api.py
[2025-09-21T15:04:32.453+0000] {processor.py:830} INFO - Processing file /home/airflow/.local/lib/python3.8/site-packages/airflow/example_dags/tutorial_taskflow_api.py for tasks to queue
[2025-09-21T15:04:32.456+0000] {logging_mixin.py:188} INFO - [2025-09-21T15:04:32.456+0000] {dagbag.py:538} INFO - Filling up the DagBag from /home/airflow/.local/lib/python3.8/site-packages/airflow/example_dags/tutorial_taskflow_api.py
[2025-09-21T15:04:32.467+0000] {processor.py:840} INFO - DAG(s) 'tutorial_taskflow_api' retrieved from /home/airflow/.local/lib/python3.8/site-packages/airflow/example_dags/tutorial_taskflow_api.py
[2025-09-21T15:04:32.501+0000] {logging_mixin.py:188} INFO - [2025-09-21T15:04:32.500+0000] {dag.py:3036} INFO - Sync 1 DAGs
[2025-09-21T15:04:32.523+0000] {logging_mixin.py:188} INFO - [2025-09-21T15:04:32.522+0000] {dag.py:3823} INFO - Setting next_dagrun for tutorial_taskflow_api to None, run_after=None
[2025-09-21T15:04:32.561+0000] {processor.py:183} INFO - Processing /home/airflow/.local/lib/python3.8/site-packages/airflow/example_dags/tutorial_taskflow_api.py took 0.119 seconds
[2025-09-21T15:05:02.679+0000] {processor.py:161} INFO - Started process (PID=481) to work on /home/airflow/.local/lib/python3.8/site-packages/airflow/example_dags/tutorial_taskflow_api.py
[2025-09-21T15:05:02.680+0000] {processor.py:830} INFO - Processing file /home/airflow/.local/lib/python3.8/site-packages/airflow/example_dags/tutorial_taskflow_api.py for tasks to queue
[2025-09-21T15:05:02.685+0000] {logging_mixin.py:188} INFO - [2025-09-21T15:05:02.684+0000] {dagbag.py:538} INFO - Filling up the DagBag from /home/airflow/.local/lib/python3.8/site-packages/airflow/example_dags/tutorial_taskflow_api.py
[2025-09-21T15:05:02.697+0000] {processor.py:840} INFO - DAG(s) 'tutorial_taskflow_api' retrieved from /home/airflow/.local/lib/python3.8/site-packages/airflow/example_dags/tutorial_taskflow_api.py
[2025-09-21T15:05:02.736+0000] {logging_mixin.py:188} INFO - [2025-09-21T15:05:02.735+0000] {dag.py:3036} INFO - Sync 1 DAGs
[2025-09-21T15:05:02.760+0000] {logging_mixin.py:188} INFO - [2025-09-21T15:05:02.759+0000] {dag.py:3823} INFO - Setting next_dagrun for tutorial_taskflow_api to None, run_after=None
[2025-09-21T15:05:02.798+0000] {processor.py:183} INFO - Processing /home/airflow/.local/lib/python3.8/site-packages/airflow/example_dags/tutorial_taskflow_api.py took 0.125 seconds
[2025-09-21T15:05:32.982+0000] {processor.py:161} INFO - Started process (PID=538) to work on /home/airflow/.local/lib/python3.8/site-packages/airflow/example_dags/tutorial_taskflow_api.py
[2025-09-21T15:05:32.983+0000] {processor.py:830} INFO - Processing file /home/airflow/.local/lib/python3.8/site-packages/airflow/example_dags/tutorial_taskflow_api.py for tasks to queue
[2025-09-21T15:05:32.987+0000] {logging_mixin.py:188} INFO - [2025-09-21T15:05:32.986+0000] {dagbag.py:538} INFO - Filling up the DagBag from /home/airflow/.local/lib/python3.8/site-packages/airflow/example_dags/tutorial_taskflow_api.py
[2025-09-21T15:05:32.998+0000] {processor.py:840} INFO - DAG(s) 'tutorial_taskflow_api' retrieved from /home/airflow/.local/lib/python3.8/site-packages/airflow/example_dags/tutorial_taskflow_api.py
[2025-09-21T15:05:33.031+0000] {logging_mixin.py:188} INFO - [2025-09-21T15:05:33.031+0000] {dag.py:3036} INFO - Sync 1 DAGs
[2025-09-21T15:05:33.052+0000] {logging_mixin.py:188} INFO - [2025-09-21T15:05:33.052+0000] {dag.py:3823} INFO - Setting next_dagrun for tutorial_taskflow_api to None, run_after=None
[2025-09-21T15:05:33.087+0000] {processor.py:183} INFO - Processing /home/airflow/.local/lib/python3.8/site-packages/airflow/example_dags/tutorial_taskflow_api.py took 0.111 seconds
[2025-09-21T15:06:03.455+0000] {processor.py:161} INFO - Started process (PID=596) to work on /home/airflow/.local/lib/python3.8/site-packages/airflow/example_dags/tutorial_taskflow_api.py
[2025-09-21T15:06:03.458+0000] {processor.py:830} INFO - Processing file /home/airflow/.local/lib/python3.8/site-packages/airflow/example_dags/tutorial_taskflow_api.py for tasks to queue
[2025-09-21T15:06:03.462+0000] {logging_mixin.py:188} INFO - [2025-09-21T15:06:03.461+0000] {dagbag.py:538} INFO - Filling up the DagBag from /home/airflow/.local/lib/python3.8/site-packages/airflow/example_dags/tutorial_taskflow_api.py
[2025-09-21T15:06:03.475+0000] {processor.py:840} INFO - DAG(s) 'tutorial_taskflow_api' retrieved from /home/airflow/.local/lib/python3.8/site-packages/airflow/example_dags/tutorial_taskflow_api.py
[2025-09-21T15:06:03.539+0000] {logging_mixin.py:188} INFO - [2025-09-21T15:06:03.538+0000] {dag.py:3036} INFO - Sync 1 DAGs
[2025-09-21T15:06:03.579+0000] {logging_mixin.py:188} INFO - [2025-09-21T15:06:03.578+0000] {dag.py:3823} INFO - Setting next_dagrun for tutorial_taskflow_api to None, run_after=None
[2025-09-21T15:06:03.624+0000] {processor.py:183} INFO - Processing /home/airflow/.local/lib/python3.8/site-packages/airflow/example_dags/tutorial_taskflow_api.py took 0.176 seconds
[2025-09-21T15:06:34.002+0000] {processor.py:161} INFO - Started process (PID=654) to work on /home/airflow/.local/lib/python3.8/site-packages/airflow/example_dags/tutorial_taskflow_api.py
[2025-09-21T15:06:34.004+0000] {processor.py:830} INFO - Processing file /home/airflow/.local/lib/python3.8/site-packages/airflow/example_dags/tutorial_taskflow_api.py for tasks to queue
[2025-09-21T15:06:34.007+0000] {logging_mixin.py:188} INFO - [2025-09-21T15:06:34.007+0000] {dagbag.py:538} INFO - Filling up the DagBag from /home/airflow/.local/lib/python3.8/site-packages/airflow/example_dags/tutorial_taskflow_api.py
[2025-09-21T15:06:34.018+0000] {processor.py:840} INFO - DAG(s) 'tutorial_taskflow_api' retrieved from /home/airflow/.local/lib/python3.8/site-packages/airflow/example_dags/tutorial_taskflow_api.py
[2025-09-21T15:06:34.052+0000] {logging_mixin.py:188} INFO - [2025-09-21T15:06:34.052+0000] {dag.py:3036} INFO - Sync 1 DAGs
[2025-09-21T15:06:34.074+0000] {logging_mixin.py:188} INFO - [2025-09-21T15:06:34.073+0000] {dag.py:3823} INFO - Setting next_dagrun for tutorial_taskflow_api to None, run_after=None
[2025-09-21T15:06:34.113+0000] {processor.py:183} INFO - Processing /home/airflow/.local/lib/python3.8/site-packages/airflow/example_dags/tutorial_taskflow_api.py took 0.116 seconds
[2025-09-21T15:07:05.059+0000] {processor.py:161} INFO - Started process (PID=712) to work on /home/airflow/.local/lib/python3.8/site-packages/airflow/example_dags/tutorial_taskflow_api.py
[2025-09-21T15:07:05.060+0000] {processor.py:830} INFO - Processing file /home/airflow/.local/lib/python3.8/site-packages/airflow/example_dags/tutorial_taskflow_api.py for tasks to queue
[2025-09-21T15:07:05.064+0000] {logging_mixin.py:188} INFO - [2025-09-21T15:07:05.063+0000] {dagbag.py:538} INFO - Filling up the DagBag from /home/airflow/.local/lib/python3.8/site-packages/airflow/example_dags/tutorial_taskflow_api.py
[2025-09-21T15:07:05.076+0000] {processor.py:840} INFO - DAG(s) 'tutorial_taskflow_api' retrieved from /home/airflow/.local/lib/python3.8/site-packages/airflow/example_dags/tutorial_taskflow_api.py
[2025-09-21T15:07:05.115+0000] {logging_mixin.py:188} INFO - [2025-09-21T15:07:05.115+0000] {dag.py:3036} INFO - Sync 1 DAGs
[2025-09-21T15:07:05.145+0000] {logging_mixin.py:188} INFO - [2025-09-21T15:07:05.144+0000] {dag.py:3823} INFO - Setting next_dagrun for tutorial_taskflow_api to None, run_after=None
[2025-09-21T15:07:05.180+0000] {processor.py:183} INFO - Processing /home/airflow/.local/lib/python3.8/site-packages/airflow/example_dags/tutorial_taskflow_api.py took 0.128 seconds
[2025-09-21T15:07:35.324+0000] {processor.py:161} INFO - Started process (PID=770) to work on /home/airflow/.local/lib/python3.8/site-packages/airflow/example_dags/tutorial_taskflow_api.py
[2025-09-21T15:07:35.326+0000] {processor.py:830} INFO - Processing file /home/airflow/.local/lib/python3.8/site-packages/airflow/example_dags/tutorial_taskflow_api.py for tasks to queue
[2025-09-21T15:07:35.330+0000] {logging_mixin.py:188} INFO - [2025-09-21T15:07:35.329+0000] {dagbag.py:538} INFO - Filling up the DagBag from /home/airflow/.local/lib/python3.8/site-packages/airflow/example_dags/tutorial_taskflow_api.py
[2025-09-21T15:07:35.341+0000] {processor.py:840} INFO - DAG(s) 'tutorial_taskflow_api' retrieved from /home/airflow/.local/lib/python3.8/site-packages/airflow/example_dags/tutorial_taskflow_api.py
[2025-09-21T15:07:35.378+0000] {logging_mixin.py:188} INFO - [2025-09-21T15:07:35.378+0000] {dag.py:3036} INFO - Sync 1 DAGs
[2025-09-21T15:07:35.400+0000] {logging_mixin.py:188} INFO - [2025-09-21T15:07:35.399+0000] {dag.py:3823} INFO - Setting next_dagrun for tutorial_taskflow_api to None, run_after=None
[2025-09-21T15:07:35.438+0000] {processor.py:183} INFO - Processing /home/airflow/.local/lib/python3.8/site-packages/airflow/example_dags/tutorial_taskflow_api.py took 0.120 seconds
[2025-09-21T15:08:05.772+0000] {processor.py:161} INFO - Started process (PID=834) to work on /home/airflow/.local/lib/python3.8/site-packages/airflow/example_dags/tutorial_taskflow_api.py
[2025-09-21T15:08:05.774+0000] {processor.py:830} INFO - Processing file /home/airflow/.local/lib/python3.8/site-packages/airflow/example_dags/tutorial_taskflow_api.py for tasks to queue
[2025-09-21T15:08:05.777+0000] {logging_mixin.py:188} INFO - [2025-09-21T15:08:05.777+0000] {dagbag.py:538} INFO - Filling up the DagBag from /home/airflow/.local/lib/python3.8/site-packages/airflow/example_dags/tutorial_taskflow_api.py
[2025-09-21T15:08:05.789+0000] {processor.py:840} INFO - DAG(s) 'tutorial_taskflow_api' retrieved from /home/airflow/.local/lib/python3.8/site-packages/airflow/example_dags/tutorial_taskflow_api.py
[2025-09-21T15:08:05.822+0000] {logging_mixin.py:188} INFO - [2025-09-21T15:08:05.822+0000] {dag.py:3036} INFO - Sync 1 DAGs
[2025-09-21T15:08:05.844+0000] {logging_mixin.py:188} INFO - [2025-09-21T15:08:05.843+0000] {dag.py:3823} INFO - Setting next_dagrun for tutorial_taskflow_api to None, run_after=None
[2025-09-21T15:08:05.878+0000] {processor.py:183} INFO - Processing /home/airflow/.local/lib/python3.8/site-packages/airflow/example_dags/tutorial_taskflow_api.py took 0.113 seconds
[2025-09-21T15:11:22.885+0000] {processor.py:161} INFO - Started process (PID=77) to work on /home/airflow/.local/lib/python3.8/site-packages/airflow/example_dags/tutorial_taskflow_api.py
[2025-09-21T15:11:22.888+0000] {processor.py:830} INFO - Processing file /home/airflow/.local/lib/python3.8/site-packages/airflow/example_dags/tutorial_taskflow_api.py for tasks to queue
[2025-09-21T15:11:22.893+0000] {logging_mixin.py:188} INFO - [2025-09-21T15:11:22.892+0000] {dagbag.py:538} INFO - Filling up the DagBag from /home/airflow/.local/lib/python3.8/site-packages/airflow/example_dags/tutorial_taskflow_api.py
[2025-09-21T15:11:22.916+0000] {processor.py:840} INFO - DAG(s) 'tutorial_taskflow_api' retrieved from /home/airflow/.local/lib/python3.8/site-packages/airflow/example_dags/tutorial_taskflow_api.py
[2025-09-21T15:11:23.215+0000] {logging_mixin.py:188} INFO - [2025-09-21T15:11:23.214+0000] {dag.py:3036} INFO - Sync 1 DAGs
[2025-09-21T15:11:23.245+0000] {logging_mixin.py:188} INFO - [2025-09-21T15:11:23.244+0000] {dag.py:3823} INFO - Setting next_dagrun for tutorial_taskflow_api to None, run_after=None
[2025-09-21T15:11:23.290+0000] {processor.py:183} INFO - Processing /home/airflow/.local/lib/python3.8/site-packages/airflow/example_dags/tutorial_taskflow_api.py took 0.411 seconds
[2025-09-21T15:11:53.769+0000] {processor.py:161} INFO - Started process (PID=135) to work on /home/airflow/.local/lib/python3.8/site-packages/airflow/example_dags/tutorial_taskflow_api.py
[2025-09-21T15:11:53.772+0000] {processor.py:830} INFO - Processing file /home/airflow/.local/lib/python3.8/site-packages/airflow/example_dags/tutorial_taskflow_api.py for tasks to queue
[2025-09-21T15:11:53.778+0000] {logging_mixin.py:188} INFO - [2025-09-21T15:11:53.777+0000] {dagbag.py:538} INFO - Filling up the DagBag from /home/airflow/.local/lib/python3.8/site-packages/airflow/example_dags/tutorial_taskflow_api.py
[2025-09-21T15:11:53.790+0000] {processor.py:840} INFO - DAG(s) 'tutorial_taskflow_api' retrieved from /home/airflow/.local/lib/python3.8/site-packages/airflow/example_dags/tutorial_taskflow_api.py
[2025-09-21T15:11:53.828+0000] {logging_mixin.py:188} INFO - [2025-09-21T15:11:53.827+0000] {dag.py:3036} INFO - Sync 1 DAGs
[2025-09-21T15:11:53.851+0000] {logging_mixin.py:188} INFO - [2025-09-21T15:11:53.850+0000] {dag.py:3823} INFO - Setting next_dagrun for tutorial_taskflow_api to None, run_after=None
[2025-09-21T15:11:53.885+0000] {processor.py:183} INFO - Processing /home/airflow/.local/lib/python3.8/site-packages/airflow/example_dags/tutorial_taskflow_api.py took 0.123 seconds
[2025-09-21T15:12:24.174+0000] {processor.py:161} INFO - Started process (PID=191) to work on /home/airflow/.local/lib/python3.8/site-packages/airflow/example_dags/tutorial_taskflow_api.py
[2025-09-21T15:12:24.176+0000] {processor.py:830} INFO - Processing file /home/airflow/.local/lib/python3.8/site-packages/airflow/example_dags/tutorial_taskflow_api.py for tasks to queue
[2025-09-21T15:12:24.181+0000] {logging_mixin.py:188} INFO - [2025-09-21T15:12:24.180+0000] {dagbag.py:538} INFO - Filling up the DagBag from /home/airflow/.local/lib/python3.8/site-packages/airflow/example_dags/tutorial_taskflow_api.py
[2025-09-21T15:12:24.198+0000] {processor.py:840} INFO - DAG(s) 'tutorial_taskflow_api' retrieved from /home/airflow/.local/lib/python3.8/site-packages/airflow/example_dags/tutorial_taskflow_api.py
[2025-09-21T15:12:24.250+0000] {logging_mixin.py:188} INFO - [2025-09-21T15:12:24.249+0000] {dag.py:3036} INFO - Sync 1 DAGs
[2025-09-21T15:12:24.295+0000] {logging_mixin.py:188} INFO - [2025-09-21T15:12:24.295+0000] {dag.py:3823} INFO - Setting next_dagrun for tutorial_taskflow_api to None, run_after=None
[2025-09-21T15:12:24.329+0000] {processor.py:183} INFO - Processing /home/airflow/.local/lib/python3.8/site-packages/airflow/example_dags/tutorial_taskflow_api.py took 0.164 seconds
[2025-09-21T15:12:54.634+0000] {processor.py:161} INFO - Started process (PID=249) to work on /home/airflow/.local/lib/python3.8/site-packages/airflow/example_dags/tutorial_taskflow_api.py
[2025-09-21T15:12:54.636+0000] {processor.py:830} INFO - Processing file /home/airflow/.local/lib/python3.8/site-packages/airflow/example_dags/tutorial_taskflow_api.py for tasks to queue
[2025-09-21T15:12:54.640+0000] {logging_mixin.py:188} INFO - [2025-09-21T15:12:54.639+0000] {dagbag.py:538} INFO - Filling up the DagBag from /home/airflow/.local/lib/python3.8/site-packages/airflow/example_dags/tutorial_taskflow_api.py
[2025-09-21T15:12:54.655+0000] {processor.py:840} INFO - DAG(s) 'tutorial_taskflow_api' retrieved from /home/airflow/.local/lib/python3.8/site-packages/airflow/example_dags/tutorial_taskflow_api.py
[2025-09-21T15:12:54.691+0000] {logging_mixin.py:188} INFO - [2025-09-21T15:12:54.690+0000] {dag.py:3036} INFO - Sync 1 DAGs
[2025-09-21T15:12:54.718+0000] {logging_mixin.py:188} INFO - [2025-09-21T15:12:54.717+0000] {dag.py:3823} INFO - Setting next_dagrun for tutorial_taskflow_api to None, run_after=None
[2025-09-21T15:12:54.761+0000] {processor.py:183} INFO - Processing /home/airflow/.local/lib/python3.8/site-packages/airflow/example_dags/tutorial_taskflow_api.py took 0.132 seconds
[2025-09-21T15:13:24.920+0000] {processor.py:161} INFO - Started process (PID=307) to work on /home/airflow/.local/lib/python3.8/site-packages/airflow/example_dags/tutorial_taskflow_api.py
[2025-09-21T15:13:24.922+0000] {processor.py:830} INFO - Processing file /home/airflow/.local/lib/python3.8/site-packages/airflow/example_dags/tutorial_taskflow_api.py for tasks to queue
[2025-09-21T15:13:24.926+0000] {logging_mixin.py:188} INFO - [2025-09-21T15:13:24.925+0000] {dagbag.py:538} INFO - Filling up the DagBag from /home/airflow/.local/lib/python3.8/site-packages/airflow/example_dags/tutorial_taskflow_api.py
[2025-09-21T15:13:24.938+0000] {processor.py:840} INFO - DAG(s) 'tutorial_taskflow_api' retrieved from /home/airflow/.local/lib/python3.8/site-packages/airflow/example_dags/tutorial_taskflow_api.py
[2025-09-21T15:13:24.974+0000] {logging_mixin.py:188} INFO - [2025-09-21T15:13:24.974+0000] {dag.py:3036} INFO - Sync 1 DAGs
[2025-09-21T15:13:24.997+0000] {logging_mixin.py:188} INFO - [2025-09-21T15:13:24.996+0000] {dag.py:3823} INFO - Setting next_dagrun for tutorial_taskflow_api to None, run_after=None
[2025-09-21T15:13:25.038+0000] {processor.py:183} INFO - Processing /home/airflow/.local/lib/python3.8/site-packages/airflow/example_dags/tutorial_taskflow_api.py took 0.123 seconds
[2025-09-21T15:13:55.401+0000] {processor.py:161} INFO - Started process (PID=365) to work on /home/airflow/.local/lib/python3.8/site-packages/airflow/example_dags/tutorial_taskflow_api.py
[2025-09-21T15:13:55.403+0000] {processor.py:830} INFO - Processing file /home/airflow/.local/lib/python3.8/site-packages/airflow/example_dags/tutorial_taskflow_api.py for tasks to queue
[2025-09-21T15:13:55.407+0000] {logging_mixin.py:188} INFO - [2025-09-21T15:13:55.406+0000] {dagbag.py:538} INFO - Filling up the DagBag from /home/airflow/.local/lib/python3.8/site-packages/airflow/example_dags/tutorial_taskflow_api.py
[2025-09-21T15:13:55.420+0000] {processor.py:840} INFO - DAG(s) 'tutorial_taskflow_api' retrieved from /home/airflow/.local/lib/python3.8/site-packages/airflow/example_dags/tutorial_taskflow_api.py
[2025-09-21T15:13:55.454+0000] {logging_mixin.py:188} INFO - [2025-09-21T15:13:55.454+0000] {dag.py:3036} INFO - Sync 1 DAGs
[2025-09-21T15:13:55.478+0000] {logging_mixin.py:188} INFO - [2025-09-21T15:13:55.477+0000] {dag.py:3823} INFO - Setting next_dagrun for tutorial_taskflow_api to None, run_after=None
[2025-09-21T15:13:55.511+0000] {processor.py:183} INFO - Processing /home/airflow/.local/lib/python3.8/site-packages/airflow/example_dags/tutorial_taskflow_api.py took 0.116 seconds
[2025-09-21T15:14:25.743+0000] {processor.py:161} INFO - Started process (PID=423) to work on /home/airflow/.local/lib/python3.8/site-packages/airflow/example_dags/tutorial_taskflow_api.py
[2025-09-21T15:14:25.744+0000] {processor.py:830} INFO - Processing file /home/airflow/.local/lib/python3.8/site-packages/airflow/example_dags/tutorial_taskflow_api.py for tasks to queue
[2025-09-21T15:14:25.748+0000] {logging_mixin.py:188} INFO - [2025-09-21T15:14:25.747+0000] {dagbag.py:538} INFO - Filling up the DagBag from /home/airflow/.local/lib/python3.8/site-packages/airflow/example_dags/tutorial_taskflow_api.py
[2025-09-21T15:14:25.763+0000] {processor.py:840} INFO - DAG(s) 'tutorial_taskflow_api' retrieved from /home/airflow/.local/lib/python3.8/site-packages/airflow/example_dags/tutorial_taskflow_api.py
[2025-09-21T15:14:25.803+0000] {logging_mixin.py:188} INFO - [2025-09-21T15:14:25.803+0000] {dag.py:3036} INFO - Sync 1 DAGs
[2025-09-21T15:14:25.832+0000] {logging_mixin.py:188} INFO - [2025-09-21T15:14:25.831+0000] {dag.py:3823} INFO - Setting next_dagrun for tutorial_taskflow_api to None, run_after=None
[2025-09-21T15:14:25.869+0000] {processor.py:183} INFO - Processing /home/airflow/.local/lib/python3.8/site-packages/airflow/example_dags/tutorial_taskflow_api.py took 0.132 seconds
[2025-09-21T15:14:56.430+0000] {processor.py:161} INFO - Started process (PID=481) to work on /home/airflow/.local/lib/python3.8/site-packages/airflow/example_dags/tutorial_taskflow_api.py
[2025-09-21T15:14:56.432+0000] {processor.py:830} INFO - Processing file /home/airflow/.local/lib/python3.8/site-packages/airflow/example_dags/tutorial_taskflow_api.py for tasks to queue
[2025-09-21T15:14:56.436+0000] {logging_mixin.py:188} INFO - [2025-09-21T15:14:56.435+0000] {dagbag.py:538} INFO - Filling up the DagBag from /home/airflow/.local/lib/python3.8/site-packages/airflow/example_dags/tutorial_taskflow_api.py
[2025-09-21T15:14:56.450+0000] {processor.py:840} INFO - DAG(s) 'tutorial_taskflow_api' retrieved from /home/airflow/.local/lib/python3.8/site-packages/airflow/example_dags/tutorial_taskflow_api.py
[2025-09-21T15:14:56.493+0000] {logging_mixin.py:188} INFO - [2025-09-21T15:14:56.492+0000] {dag.py:3036} INFO - Sync 1 DAGs
[2025-09-21T15:14:56.521+0000] {logging_mixin.py:188} INFO - [2025-09-21T15:14:56.521+0000] {dag.py:3823} INFO - Setting next_dagrun for tutorial_taskflow_api to None, run_after=None
[2025-09-21T15:14:56.560+0000] {processor.py:183} INFO - Processing /home/airflow/.local/lib/python3.8/site-packages/airflow/example_dags/tutorial_taskflow_api.py took 0.136 seconds
[2025-09-21T15:15:27.014+0000] {processor.py:161} INFO - Started process (PID=540) to work on /home/airflow/.local/lib/python3.8/site-packages/airflow/example_dags/tutorial_taskflow_api.py
[2025-09-21T15:15:27.016+0000] {processor.py:830} INFO - Processing file /home/airflow/.local/lib/python3.8/site-packages/airflow/example_dags/tutorial_taskflow_api.py for tasks to queue
[2025-09-21T15:15:27.020+0000] {logging_mixin.py:188} INFO - [2025-09-21T15:15:27.019+0000] {dagbag.py:538} INFO - Filling up the DagBag from /home/airflow/.local/lib/python3.8/site-packages/airflow/example_dags/tutorial_taskflow_api.py
[2025-09-21T15:15:27.031+0000] {processor.py:840} INFO - DAG(s) 'tutorial_taskflow_api' retrieved from /home/airflow/.local/lib/python3.8/site-packages/airflow/example_dags/tutorial_taskflow_api.py
[2025-09-21T15:15:27.066+0000] {logging_mixin.py:188} INFO - [2025-09-21T15:15:27.065+0000] {dag.py:3036} INFO - Sync 1 DAGs
[2025-09-21T15:15:27.087+0000] {logging_mixin.py:188} INFO - [2025-09-21T15:15:27.087+0000] {dag.py:3823} INFO - Setting next_dagrun for tutorial_taskflow_api to None, run_after=None
[2025-09-21T15:15:27.125+0000] {processor.py:183} INFO - Processing /home/airflow/.local/lib/python3.8/site-packages/airflow/example_dags/tutorial_taskflow_api.py took 0.119 seconds
[2025-09-21T15:15:57.454+0000] {processor.py:161} INFO - Started process (PID=598) to work on /home/airflow/.local/lib/python3.8/site-packages/airflow/example_dags/tutorial_taskflow_api.py
[2025-09-21T15:15:57.456+0000] {processor.py:830} INFO - Processing file /home/airflow/.local/lib/python3.8/site-packages/airflow/example_dags/tutorial_taskflow_api.py for tasks to queue
[2025-09-21T15:15:57.459+0000] {logging_mixin.py:188} INFO - [2025-09-21T15:15:57.459+0000] {dagbag.py:538} INFO - Filling up the DagBag from /home/airflow/.local/lib/python3.8/site-packages/airflow/example_dags/tutorial_taskflow_api.py
[2025-09-21T15:15:57.472+0000] {processor.py:840} INFO - DAG(s) 'tutorial_taskflow_api' retrieved from /home/airflow/.local/lib/python3.8/site-packages/airflow/example_dags/tutorial_taskflow_api.py
[2025-09-21T15:15:57.507+0000] {logging_mixin.py:188} INFO - [2025-09-21T15:15:57.507+0000] {dag.py:3036} INFO - Sync 1 DAGs
[2025-09-21T15:15:57.529+0000] {logging_mixin.py:188} INFO - [2025-09-21T15:15:57.529+0000] {dag.py:3823} INFO - Setting next_dagrun for tutorial_taskflow_api to None, run_after=None
[2025-09-21T15:15:57.571+0000] {processor.py:183} INFO - Processing /home/airflow/.local/lib/python3.8/site-packages/airflow/example_dags/tutorial_taskflow_api.py took 0.123 seconds
[2025-09-21T15:16:27.986+0000] {processor.py:161} INFO - Started process (PID=656) to work on /home/airflow/.local/lib/python3.8/site-packages/airflow/example_dags/tutorial_taskflow_api.py
[2025-09-21T15:16:27.988+0000] {processor.py:830} INFO - Processing file /home/airflow/.local/lib/python3.8/site-packages/airflow/example_dags/tutorial_taskflow_api.py for tasks to queue
[2025-09-21T15:16:27.992+0000] {logging_mixin.py:188} INFO - [2025-09-21T15:16:27.991+0000] {dagbag.py:538} INFO - Filling up the DagBag from /home/airflow/.local/lib/python3.8/site-packages/airflow/example_dags/tutorial_taskflow_api.py
[2025-09-21T15:16:28.003+0000] {processor.py:840} INFO - DAG(s) 'tutorial_taskflow_api' retrieved from /home/airflow/.local/lib/python3.8/site-packages/airflow/example_dags/tutorial_taskflow_api.py
[2025-09-21T15:16:28.041+0000] {logging_mixin.py:188} INFO - [2025-09-21T15:16:28.041+0000] {dag.py:3036} INFO - Sync 1 DAGs
[2025-09-21T15:16:28.063+0000] {logging_mixin.py:188} INFO - [2025-09-21T15:16:28.063+0000] {dag.py:3823} INFO - Setting next_dagrun for tutorial_taskflow_api to None, run_after=None
[2025-09-21T15:16:28.102+0000] {processor.py:183} INFO - Processing /home/airflow/.local/lib/python3.8/site-packages/airflow/example_dags/tutorial_taskflow_api.py took 0.125 seconds
[2025-09-21T15:16:58.619+0000] {processor.py:161} INFO - Started process (PID=714) to work on /home/airflow/.local/lib/python3.8/site-packages/airflow/example_dags/tutorial_taskflow_api.py
[2025-09-21T15:16:58.621+0000] {processor.py:830} INFO - Processing file /home/airflow/.local/lib/python3.8/site-packages/airflow/example_dags/tutorial_taskflow_api.py for tasks to queue
[2025-09-21T15:16:58.624+0000] {logging_mixin.py:188} INFO - [2025-09-21T15:16:58.623+0000] {dagbag.py:538} INFO - Filling up the DagBag from /home/airflow/.local/lib/python3.8/site-packages/airflow/example_dags/tutorial_taskflow_api.py
[2025-09-21T15:16:58.636+0000] {processor.py:840} INFO - DAG(s) 'tutorial_taskflow_api' retrieved from /home/airflow/.local/lib/python3.8/site-packages/airflow/example_dags/tutorial_taskflow_api.py
[2025-09-21T15:16:58.673+0000] {logging_mixin.py:188} INFO - [2025-09-21T15:16:58.673+0000] {dag.py:3036} INFO - Sync 1 DAGs
[2025-09-21T15:16:58.695+0000] {logging_mixin.py:188} INFO - [2025-09-21T15:16:58.695+0000] {dag.py:3823} INFO - Setting next_dagrun for tutorial_taskflow_api to None, run_after=None
[2025-09-21T15:16:58.735+0000] {processor.py:183} INFO - Processing /home/airflow/.local/lib/python3.8/site-packages/airflow/example_dags/tutorial_taskflow_api.py took 0.122 seconds
[2025-09-21T15:17:29.263+0000] {processor.py:161} INFO - Started process (PID=772) to work on /home/airflow/.local/lib/python3.8/site-packages/airflow/example_dags/tutorial_taskflow_api.py
[2025-09-21T15:17:29.265+0000] {processor.py:830} INFO - Processing file /home/airflow/.local/lib/python3.8/site-packages/airflow/example_dags/tutorial_taskflow_api.py for tasks to queue
[2025-09-21T15:17:29.269+0000] {logging_mixin.py:188} INFO - [2025-09-21T15:17:29.268+0000] {dagbag.py:538} INFO - Filling up the DagBag from /home/airflow/.local/lib/python3.8/site-packages/airflow/example_dags/tutorial_taskflow_api.py
[2025-09-21T15:17:29.281+0000] {processor.py:840} INFO - DAG(s) 'tutorial_taskflow_api' retrieved from /home/airflow/.local/lib/python3.8/site-packages/airflow/example_dags/tutorial_taskflow_api.py
[2025-09-21T15:17:29.317+0000] {logging_mixin.py:188} INFO - [2025-09-21T15:17:29.317+0000] {dag.py:3036} INFO - Sync 1 DAGs
[2025-09-21T15:17:29.343+0000] {logging_mixin.py:188} INFO - [2025-09-21T15:17:29.342+0000] {dag.py:3823} INFO - Setting next_dagrun for tutorial_taskflow_api to None, run_after=None
[2025-09-21T15:17:29.383+0000] {processor.py:183} INFO - Processing /home/airflow/.local/lib/python3.8/site-packages/airflow/example_dags/tutorial_taskflow_api.py took 0.128 seconds
[2025-09-21T15:17:59.455+0000] {processor.py:161} INFO - Started process (PID=829) to work on /home/airflow/.local/lib/python3.8/site-packages/airflow/example_dags/tutorial_taskflow_api.py
[2025-09-21T15:17:59.457+0000] {processor.py:830} INFO - Processing file /home/airflow/.local/lib/python3.8/site-packages/airflow/example_dags/tutorial_taskflow_api.py for tasks to queue
[2025-09-21T15:17:59.462+0000] {logging_mixin.py:188} INFO - [2025-09-21T15:17:59.461+0000] {dagbag.py:538} INFO - Filling up the DagBag from /home/airflow/.local/lib/python3.8/site-packages/airflow/example_dags/tutorial_taskflow_api.py
[2025-09-21T15:17:59.473+0000] {processor.py:840} INFO - DAG(s) 'tutorial_taskflow_api' retrieved from /home/airflow/.local/lib/python3.8/site-packages/airflow/example_dags/tutorial_taskflow_api.py
[2025-09-21T15:17:59.508+0000] {logging_mixin.py:188} INFO - [2025-09-21T15:17:59.507+0000] {dag.py:3036} INFO - Sync 1 DAGs
[2025-09-21T15:17:59.531+0000] {logging_mixin.py:188} INFO - [2025-09-21T15:17:59.531+0000] {dag.py:3823} INFO - Setting next_dagrun for tutorial_taskflow_api to None, run_after=None
[2025-09-21T15:17:59.564+0000] {processor.py:183} INFO - Processing /home/airflow/.local/lib/python3.8/site-packages/airflow/example_dags/tutorial_taskflow_api.py took 0.115 seconds
[2025-09-21T15:18:29.814+0000] {processor.py:161} INFO - Started process (PID=888) to work on /home/airflow/.local/lib/python3.8/site-packages/airflow/example_dags/tutorial_taskflow_api.py
[2025-09-21T15:18:29.816+0000] {processor.py:830} INFO - Processing file /home/airflow/.local/lib/python3.8/site-packages/airflow/example_dags/tutorial_taskflow_api.py for tasks to queue
[2025-09-21T15:18:29.819+0000] {logging_mixin.py:188} INFO - [2025-09-21T15:18:29.819+0000] {dagbag.py:538} INFO - Filling up the DagBag from /home/airflow/.local/lib/python3.8/site-packages/airflow/example_dags/tutorial_taskflow_api.py
[2025-09-21T15:18:29.832+0000] {processor.py:840} INFO - DAG(s) 'tutorial_taskflow_api' retrieved from /home/airflow/.local/lib/python3.8/site-packages/airflow/example_dags/tutorial_taskflow_api.py
[2025-09-21T15:18:29.868+0000] {logging_mixin.py:188} INFO - [2025-09-21T15:18:29.868+0000] {dag.py:3036} INFO - Sync 1 DAGs
[2025-09-21T15:18:29.891+0000] {logging_mixin.py:188} INFO - [2025-09-21T15:18:29.891+0000] {dag.py:3823} INFO - Setting next_dagrun for tutorial_taskflow_api to None, run_after=None
[2025-09-21T15:18:29.932+0000] {processor.py:183} INFO - Processing /home/airflow/.local/lib/python3.8/site-packages/airflow/example_dags/tutorial_taskflow_api.py took 0.124 seconds
[2025-09-21T15:19:00.104+0000] {processor.py:161} INFO - Started process (PID=946) to work on /home/airflow/.local/lib/python3.8/site-packages/airflow/example_dags/tutorial_taskflow_api.py
[2025-09-21T15:19:00.105+0000] {processor.py:830} INFO - Processing file /home/airflow/.local/lib/python3.8/site-packages/airflow/example_dags/tutorial_taskflow_api.py for tasks to queue
[2025-09-21T15:19:00.109+0000] {logging_mixin.py:188} INFO - [2025-09-21T15:19:00.109+0000] {dagbag.py:538} INFO - Filling up the DagBag from /home/airflow/.local/lib/python3.8/site-packages/airflow/example_dags/tutorial_taskflow_api.py
[2025-09-21T15:19:00.122+0000] {processor.py:840} INFO - DAG(s) 'tutorial_taskflow_api' retrieved from /home/airflow/.local/lib/python3.8/site-packages/airflow/example_dags/tutorial_taskflow_api.py
[2025-09-21T15:19:00.172+0000] {logging_mixin.py:188} INFO - [2025-09-21T15:19:00.172+0000] {dag.py:3036} INFO - Sync 1 DAGs
[2025-09-21T15:19:00.218+0000] {logging_mixin.py:188} INFO - [2025-09-21T15:19:00.217+0000] {dag.py:3823} INFO - Setting next_dagrun for tutorial_taskflow_api to None, run_after=None
[2025-09-21T15:19:00.272+0000] {processor.py:183} INFO - Processing /home/airflow/.local/lib/python3.8/site-packages/airflow/example_dags/tutorial_taskflow_api.py took 0.174 seconds
[2025-09-21T15:19:30.374+0000] {processor.py:161} INFO - Started process (PID=1003) to work on /home/airflow/.local/lib/python3.8/site-packages/airflow/example_dags/tutorial_taskflow_api.py
[2025-09-21T15:19:30.376+0000] {processor.py:830} INFO - Processing file /home/airflow/.local/lib/python3.8/site-packages/airflow/example_dags/tutorial_taskflow_api.py for tasks to queue
[2025-09-21T15:19:30.379+0000] {logging_mixin.py:188} INFO - [2025-09-21T15:19:30.378+0000] {dagbag.py:538} INFO - Filling up the DagBag from /home/airflow/.local/lib/python3.8/site-packages/airflow/example_dags/tutorial_taskflow_api.py
[2025-09-21T15:19:30.391+0000] {processor.py:840} INFO - DAG(s) 'tutorial_taskflow_api' retrieved from /home/airflow/.local/lib/python3.8/site-packages/airflow/example_dags/tutorial_taskflow_api.py
[2025-09-21T15:19:30.425+0000] {logging_mixin.py:188} INFO - [2025-09-21T15:19:30.425+0000] {dag.py:3036} INFO - Sync 1 DAGs
[2025-09-21T15:19:30.447+0000] {logging_mixin.py:188} INFO - [2025-09-21T15:19:30.446+0000] {dag.py:3823} INFO - Setting next_dagrun for tutorial_taskflow_api to None, run_after=None
[2025-09-21T15:19:30.485+0000] {processor.py:183} INFO - Processing /home/airflow/.local/lib/python3.8/site-packages/airflow/example_dags/tutorial_taskflow_api.py took 0.117 seconds
[2025-09-21T15:20:00.797+0000] {processor.py:161} INFO - Started process (PID=1062) to work on /home/airflow/.local/lib/python3.8/site-packages/airflow/example_dags/tutorial_taskflow_api.py
[2025-09-21T15:20:00.799+0000] {processor.py:830} INFO - Processing file /home/airflow/.local/lib/python3.8/site-packages/airflow/example_dags/tutorial_taskflow_api.py for tasks to queue
[2025-09-21T15:20:00.802+0000] {logging_mixin.py:188} INFO - [2025-09-21T15:20:00.802+0000] {dagbag.py:538} INFO - Filling up the DagBag from /home/airflow/.local/lib/python3.8/site-packages/airflow/example_dags/tutorial_taskflow_api.py
[2025-09-21T15:20:00.815+0000] {processor.py:840} INFO - DAG(s) 'tutorial_taskflow_api' retrieved from /home/airflow/.local/lib/python3.8/site-packages/airflow/example_dags/tutorial_taskflow_api.py
[2025-09-21T15:20:00.851+0000] {logging_mixin.py:188} INFO - [2025-09-21T15:20:00.850+0000] {dag.py:3036} INFO - Sync 1 DAGs
[2025-09-21T15:20:00.872+0000] {logging_mixin.py:188} INFO - [2025-09-21T15:20:00.872+0000] {dag.py:3823} INFO - Setting next_dagrun for tutorial_taskflow_api to None, run_after=None
[2025-09-21T15:20:00.911+0000] {processor.py:183} INFO - Processing /home/airflow/.local/lib/python3.8/site-packages/airflow/example_dags/tutorial_taskflow_api.py took 0.119 seconds
[2025-09-21T15:20:31.214+0000] {processor.py:161} INFO - Started process (PID=1120) to work on /home/airflow/.local/lib/python3.8/site-packages/airflow/example_dags/tutorial_taskflow_api.py
[2025-09-21T15:20:31.216+0000] {processor.py:830} INFO - Processing file /home/airflow/.local/lib/python3.8/site-packages/airflow/example_dags/tutorial_taskflow_api.py for tasks to queue
[2025-09-21T15:20:31.220+0000] {logging_mixin.py:188} INFO - [2025-09-21T15:20:31.219+0000] {dagbag.py:538} INFO - Filling up the DagBag from /home/airflow/.local/lib/python3.8/site-packages/airflow/example_dags/tutorial_taskflow_api.py
[2025-09-21T15:20:31.232+0000] {processor.py:840} INFO - DAG(s) 'tutorial_taskflow_api' retrieved from /home/airflow/.local/lib/python3.8/site-packages/airflow/example_dags/tutorial_taskflow_api.py
[2025-09-21T15:20:31.268+0000] {logging_mixin.py:188} INFO - [2025-09-21T15:20:31.268+0000] {dag.py:3036} INFO - Sync 1 DAGs
[2025-09-21T15:20:31.303+0000] {logging_mixin.py:188} INFO - [2025-09-21T15:20:31.302+0000] {dag.py:3823} INFO - Setting next_dagrun for tutorial_taskflow_api to None, run_after=None
[2025-09-21T15:20:31.347+0000] {processor.py:183} INFO - Processing /home/airflow/.local/lib/python3.8/site-packages/airflow/example_dags/tutorial_taskflow_api.py took 0.138 seconds
[2025-09-21T15:21:01.619+0000] {processor.py:161} INFO - Started process (PID=1178) to work on /home/airflow/.local/lib/python3.8/site-packages/airflow/example_dags/tutorial_taskflow_api.py
[2025-09-21T15:21:01.621+0000] {processor.py:830} INFO - Processing file /home/airflow/.local/lib/python3.8/site-packages/airflow/example_dags/tutorial_taskflow_api.py for tasks to queue
[2025-09-21T15:21:01.627+0000] {logging_mixin.py:188} INFO - [2025-09-21T15:21:01.626+0000] {dagbag.py:538} INFO - Filling up the DagBag from /home/airflow/.local/lib/python3.8/site-packages/airflow/example_dags/tutorial_taskflow_api.py
[2025-09-21T15:21:01.640+0000] {processor.py:840} INFO - DAG(s) 'tutorial_taskflow_api' retrieved from /home/airflow/.local/lib/python3.8/site-packages/airflow/example_dags/tutorial_taskflow_api.py
[2025-09-21T15:21:01.677+0000] {logging_mixin.py:188} INFO - [2025-09-21T15:21:01.677+0000] {dag.py:3036} INFO - Sync 1 DAGs
[2025-09-21T15:21:01.703+0000] {logging_mixin.py:188} INFO - [2025-09-21T15:21:01.703+0000] {dag.py:3823} INFO - Setting next_dagrun for tutorial_taskflow_api to None, run_after=None
[2025-09-21T15:21:01.743+0000] {processor.py:183} INFO - Processing /home/airflow/.local/lib/python3.8/site-packages/airflow/example_dags/tutorial_taskflow_api.py took 0.130 seconds
[2025-09-21T15:21:31.974+0000] {processor.py:161} INFO - Started process (PID=1236) to work on /home/airflow/.local/lib/python3.8/site-packages/airflow/example_dags/tutorial_taskflow_api.py
[2025-09-21T15:21:31.976+0000] {processor.py:830} INFO - Processing file /home/airflow/.local/lib/python3.8/site-packages/airflow/example_dags/tutorial_taskflow_api.py for tasks to queue
[2025-09-21T15:21:31.980+0000] {logging_mixin.py:188} INFO - [2025-09-21T15:21:31.979+0000] {dagbag.py:538} INFO - Filling up the DagBag from /home/airflow/.local/lib/python3.8/site-packages/airflow/example_dags/tutorial_taskflow_api.py
[2025-09-21T15:21:31.995+0000] {processor.py:840} INFO - DAG(s) 'tutorial_taskflow_api' retrieved from /home/airflow/.local/lib/python3.8/site-packages/airflow/example_dags/tutorial_taskflow_api.py
[2025-09-21T15:21:32.032+0000] {logging_mixin.py:188} INFO - [2025-09-21T15:21:32.031+0000] {dag.py:3036} INFO - Sync 1 DAGs
[2025-09-21T15:21:32.054+0000] {logging_mixin.py:188} INFO - [2025-09-21T15:21:32.054+0000] {dag.py:3823} INFO - Setting next_dagrun for tutorial_taskflow_api to None, run_after=None
[2025-09-21T15:21:32.094+0000] {processor.py:183} INFO - Processing /home/airflow/.local/lib/python3.8/site-packages/airflow/example_dags/tutorial_taskflow_api.py took 0.125 seconds
[2025-09-21T15:22:02.281+0000] {processor.py:161} INFO - Started process (PID=1295) to work on /home/airflow/.local/lib/python3.8/site-packages/airflow/example_dags/tutorial_taskflow_api.py
[2025-09-21T15:22:02.283+0000] {processor.py:830} INFO - Processing file /home/airflow/.local/lib/python3.8/site-packages/airflow/example_dags/tutorial_taskflow_api.py for tasks to queue
[2025-09-21T15:22:02.287+0000] {logging_mixin.py:188} INFO - [2025-09-21T15:22:02.286+0000] {dagbag.py:538} INFO - Filling up the DagBag from /home/airflow/.local/lib/python3.8/site-packages/airflow/example_dags/tutorial_taskflow_api.py
[2025-09-21T15:22:02.301+0000] {processor.py:840} INFO - DAG(s) 'tutorial_taskflow_api' retrieved from /home/airflow/.local/lib/python3.8/site-packages/airflow/example_dags/tutorial_taskflow_api.py
[2025-09-21T15:22:02.338+0000] {logging_mixin.py:188} INFO - [2025-09-21T15:22:02.338+0000] {dag.py:3036} INFO - Sync 1 DAGs
[2025-09-21T15:22:02.363+0000] {logging_mixin.py:188} INFO - [2025-09-21T15:22:02.363+0000] {dag.py:3823} INFO - Setting next_dagrun for tutorial_taskflow_api to None, run_after=None
[2025-09-21T15:22:02.401+0000] {processor.py:183} INFO - Processing /home/airflow/.local/lib/python3.8/site-packages/airflow/example_dags/tutorial_taskflow_api.py took 0.127 seconds
[2025-09-21T15:22:32.902+0000] {processor.py:161} INFO - Started process (PID=1353) to work on /home/airflow/.local/lib/python3.8/site-packages/airflow/example_dags/tutorial_taskflow_api.py
[2025-09-21T15:22:32.905+0000] {processor.py:830} INFO - Processing file /home/airflow/.local/lib/python3.8/site-packages/airflow/example_dags/tutorial_taskflow_api.py for tasks to queue
[2025-09-21T15:22:32.909+0000] {logging_mixin.py:188} INFO - [2025-09-21T15:22:32.908+0000] {dagbag.py:538} INFO - Filling up the DagBag from /home/airflow/.local/lib/python3.8/site-packages/airflow/example_dags/tutorial_taskflow_api.py
[2025-09-21T15:22:32.922+0000] {processor.py:840} INFO - DAG(s) 'tutorial_taskflow_api' retrieved from /home/airflow/.local/lib/python3.8/site-packages/airflow/example_dags/tutorial_taskflow_api.py
[2025-09-21T15:22:32.960+0000] {logging_mixin.py:188} INFO - [2025-09-21T15:22:32.959+0000] {dag.py:3036} INFO - Sync 1 DAGs
[2025-09-21T15:22:32.997+0000] {logging_mixin.py:188} INFO - [2025-09-21T15:22:32.996+0000] {dag.py:3823} INFO - Setting next_dagrun for tutorial_taskflow_api to None, run_after=None
[2025-09-21T15:22:33.044+0000] {processor.py:183} INFO - Processing /home/airflow/.local/lib/python3.8/site-packages/airflow/example_dags/tutorial_taskflow_api.py took 0.148 seconds
[2025-09-21T15:23:03.134+0000] {processor.py:161} INFO - Started process (PID=1411) to work on /home/airflow/.local/lib/python3.8/site-packages/airflow/example_dags/tutorial_taskflow_api.py
[2025-09-21T15:23:03.136+0000] {processor.py:830} INFO - Processing file /home/airflow/.local/lib/python3.8/site-packages/airflow/example_dags/tutorial_taskflow_api.py for tasks to queue
[2025-09-21T15:23:03.140+0000] {logging_mixin.py:188} INFO - [2025-09-21T15:23:03.139+0000] {dagbag.py:538} INFO - Filling up the DagBag from /home/airflow/.local/lib/python3.8/site-packages/airflow/example_dags/tutorial_taskflow_api.py
[2025-09-21T15:23:03.152+0000] {processor.py:840} INFO - DAG(s) 'tutorial_taskflow_api' retrieved from /home/airflow/.local/lib/python3.8/site-packages/airflow/example_dags/tutorial_taskflow_api.py
[2025-09-21T15:23:03.187+0000] {logging_mixin.py:188} INFO - [2025-09-21T15:23:03.187+0000] {dag.py:3036} INFO - Sync 1 DAGs
[2025-09-21T15:23:03.211+0000] {logging_mixin.py:188} INFO - [2025-09-21T15:23:03.211+0000] {dag.py:3823} INFO - Setting next_dagrun for tutorial_taskflow_api to None, run_after=None
[2025-09-21T15:23:03.247+0000] {processor.py:183} INFO - Processing /home/airflow/.local/lib/python3.8/site-packages/airflow/example_dags/tutorial_taskflow_api.py took 0.118 seconds
[2025-09-21T15:23:33.810+0000] {processor.py:161} INFO - Started process (PID=1469) to work on /home/airflow/.local/lib/python3.8/site-packages/airflow/example_dags/tutorial_taskflow_api.py
[2025-09-21T15:23:33.812+0000] {processor.py:830} INFO - Processing file /home/airflow/.local/lib/python3.8/site-packages/airflow/example_dags/tutorial_taskflow_api.py for tasks to queue
[2025-09-21T15:23:33.815+0000] {logging_mixin.py:188} INFO - [2025-09-21T15:23:33.815+0000] {dagbag.py:538} INFO - Filling up the DagBag from /home/airflow/.local/lib/python3.8/site-packages/airflow/example_dags/tutorial_taskflow_api.py
[2025-09-21T15:23:33.828+0000] {processor.py:840} INFO - DAG(s) 'tutorial_taskflow_api' retrieved from /home/airflow/.local/lib/python3.8/site-packages/airflow/example_dags/tutorial_taskflow_api.py
[2025-09-21T15:23:33.876+0000] {logging_mixin.py:188} INFO - [2025-09-21T15:23:33.876+0000] {dag.py:3036} INFO - Sync 1 DAGs
[2025-09-21T15:23:33.901+0000] {logging_mixin.py:188} INFO - [2025-09-21T15:23:33.901+0000] {dag.py:3823} INFO - Setting next_dagrun for tutorial_taskflow_api to None, run_after=None
[2025-09-21T15:23:33.945+0000] {processor.py:183} INFO - Processing /home/airflow/.local/lib/python3.8/site-packages/airflow/example_dags/tutorial_taskflow_api.py took 0.142 seconds
[2025-09-21T15:24:04.538+0000] {processor.py:161} INFO - Started process (PID=1525) to work on /home/airflow/.local/lib/python3.8/site-packages/airflow/example_dags/tutorial_taskflow_api.py
[2025-09-21T15:24:04.540+0000] {processor.py:830} INFO - Processing file /home/airflow/.local/lib/python3.8/site-packages/airflow/example_dags/tutorial_taskflow_api.py for tasks to queue
[2025-09-21T15:24:04.545+0000] {logging_mixin.py:188} INFO - [2025-09-21T15:24:04.544+0000] {dagbag.py:538} INFO - Filling up the DagBag from /home/airflow/.local/lib/python3.8/site-packages/airflow/example_dags/tutorial_taskflow_api.py
[2025-09-21T15:24:04.560+0000] {processor.py:840} INFO - DAG(s) 'tutorial_taskflow_api' retrieved from /home/airflow/.local/lib/python3.8/site-packages/airflow/example_dags/tutorial_taskflow_api.py
[2025-09-21T15:24:04.609+0000] {logging_mixin.py:188} INFO - [2025-09-21T15:24:04.608+0000] {dag.py:3036} INFO - Sync 1 DAGs
[2025-09-21T15:24:04.635+0000] {logging_mixin.py:188} INFO - [2025-09-21T15:24:04.634+0000] {dag.py:3823} INFO - Setting next_dagrun for tutorial_taskflow_api to None, run_after=None
[2025-09-21T15:24:04.681+0000] {processor.py:183} INFO - Processing /home/airflow/.local/lib/python3.8/site-packages/airflow/example_dags/tutorial_taskflow_api.py took 0.150 seconds
[2025-09-21T15:24:35.213+0000] {processor.py:161} INFO - Started process (PID=1583) to work on /home/airflow/.local/lib/python3.8/site-packages/airflow/example_dags/tutorial_taskflow_api.py
[2025-09-21T15:24:35.216+0000] {processor.py:830} INFO - Processing file /home/airflow/.local/lib/python3.8/site-packages/airflow/example_dags/tutorial_taskflow_api.py for tasks to queue
[2025-09-21T15:24:35.219+0000] {logging_mixin.py:188} INFO - [2025-09-21T15:24:35.218+0000] {dagbag.py:538} INFO - Filling up the DagBag from /home/airflow/.local/lib/python3.8/site-packages/airflow/example_dags/tutorial_taskflow_api.py
[2025-09-21T15:24:35.241+0000] {processor.py:840} INFO - DAG(s) 'tutorial_taskflow_api' retrieved from /home/airflow/.local/lib/python3.8/site-packages/airflow/example_dags/tutorial_taskflow_api.py
[2025-09-21T15:24:35.333+0000] {logging_mixin.py:188} INFO - [2025-09-21T15:24:35.332+0000] {dag.py:3036} INFO - Sync 1 DAGs
[2025-09-21T15:24:35.358+0000] {logging_mixin.py:188} INFO - [2025-09-21T15:24:35.358+0000] {dag.py:3823} INFO - Setting next_dagrun for tutorial_taskflow_api to None, run_after=None
[2025-09-21T15:24:35.405+0000] {processor.py:183} INFO - Processing /home/airflow/.local/lib/python3.8/site-packages/airflow/example_dags/tutorial_taskflow_api.py took 0.200 seconds
[2025-09-21T15:25:05.901+0000] {processor.py:161} INFO - Started process (PID=1641) to work on /home/airflow/.local/lib/python3.8/site-packages/airflow/example_dags/tutorial_taskflow_api.py
[2025-09-21T15:25:05.903+0000] {processor.py:830} INFO - Processing file /home/airflow/.local/lib/python3.8/site-packages/airflow/example_dags/tutorial_taskflow_api.py for tasks to queue
[2025-09-21T15:25:05.907+0000] {logging_mixin.py:188} INFO - [2025-09-21T15:25:05.907+0000] {dagbag.py:538} INFO - Filling up the DagBag from /home/airflow/.local/lib/python3.8/site-packages/airflow/example_dags/tutorial_taskflow_api.py
[2025-09-21T15:25:05.919+0000] {processor.py:840} INFO - DAG(s) 'tutorial_taskflow_api' retrieved from /home/airflow/.local/lib/python3.8/site-packages/airflow/example_dags/tutorial_taskflow_api.py
[2025-09-21T15:25:05.957+0000] {logging_mixin.py:188} INFO - [2025-09-21T15:25:05.957+0000] {dag.py:3036} INFO - Sync 1 DAGs
[2025-09-21T15:25:05.980+0000] {logging_mixin.py:188} INFO - [2025-09-21T15:25:05.980+0000] {dag.py:3823} INFO - Setting next_dagrun for tutorial_taskflow_api to None, run_after=None
[2025-09-21T15:25:06.017+0000] {processor.py:183} INFO - Processing /home/airflow/.local/lib/python3.8/site-packages/airflow/example_dags/tutorial_taskflow_api.py took 0.123 seconds
[2025-09-21T15:25:36.558+0000] {processor.py:161} INFO - Started process (PID=1700) to work on /home/airflow/.local/lib/python3.8/site-packages/airflow/example_dags/tutorial_taskflow_api.py
[2025-09-21T15:25:36.560+0000] {processor.py:830} INFO - Processing file /home/airflow/.local/lib/python3.8/site-packages/airflow/example_dags/tutorial_taskflow_api.py for tasks to queue
[2025-09-21T15:25:36.565+0000] {logging_mixin.py:188} INFO - [2025-09-21T15:25:36.564+0000] {dagbag.py:538} INFO - Filling up the DagBag from /home/airflow/.local/lib/python3.8/site-packages/airflow/example_dags/tutorial_taskflow_api.py
[2025-09-21T15:25:36.576+0000] {processor.py:840} INFO - DAG(s) 'tutorial_taskflow_api' retrieved from /home/airflow/.local/lib/python3.8/site-packages/airflow/example_dags/tutorial_taskflow_api.py
[2025-09-21T15:25:36.610+0000] {logging_mixin.py:188} INFO - [2025-09-21T15:25:36.609+0000] {dag.py:3036} INFO - Sync 1 DAGs
[2025-09-21T15:25:36.632+0000] {logging_mixin.py:188} INFO - [2025-09-21T15:25:36.632+0000] {dag.py:3823} INFO - Setting next_dagrun for tutorial_taskflow_api to None, run_after=None
[2025-09-21T15:25:36.673+0000] {processor.py:183} INFO - Processing /home/airflow/.local/lib/python3.8/site-packages/airflow/example_dags/tutorial_taskflow_api.py took 0.120 seconds
[2025-09-21T15:26:06.791+0000] {processor.py:161} INFO - Started process (PID=1758) to work on /home/airflow/.local/lib/python3.8/site-packages/airflow/example_dags/tutorial_taskflow_api.py
[2025-09-21T15:26:06.793+0000] {processor.py:830} INFO - Processing file /home/airflow/.local/lib/python3.8/site-packages/airflow/example_dags/tutorial_taskflow_api.py for tasks to queue
[2025-09-21T15:26:06.797+0000] {logging_mixin.py:188} INFO - [2025-09-21T15:26:06.796+0000] {dagbag.py:538} INFO - Filling up the DagBag from /home/airflow/.local/lib/python3.8/site-packages/airflow/example_dags/tutorial_taskflow_api.py
[2025-09-21T15:26:06.809+0000] {processor.py:840} INFO - DAG(s) 'tutorial_taskflow_api' retrieved from /home/airflow/.local/lib/python3.8/site-packages/airflow/example_dags/tutorial_taskflow_api.py
[2025-09-21T15:26:06.852+0000] {logging_mixin.py:188} INFO - [2025-09-21T15:26:06.851+0000] {dag.py:3036} INFO - Sync 1 DAGs
[2025-09-21T15:26:06.876+0000] {logging_mixin.py:188} INFO - [2025-09-21T15:26:06.875+0000] {dag.py:3823} INFO - Setting next_dagrun for tutorial_taskflow_api to None, run_after=None
[2025-09-21T15:26:06.922+0000] {processor.py:183} INFO - Processing /home/airflow/.local/lib/python3.8/site-packages/airflow/example_dags/tutorial_taskflow_api.py took 0.137 seconds
[2025-09-21T15:26:37.620+0000] {processor.py:161} INFO - Started process (PID=1816) to work on /home/airflow/.local/lib/python3.8/site-packages/airflow/example_dags/tutorial_taskflow_api.py
[2025-09-21T15:26:37.622+0000] {processor.py:830} INFO - Processing file /home/airflow/.local/lib/python3.8/site-packages/airflow/example_dags/tutorial_taskflow_api.py for tasks to queue
[2025-09-21T15:26:37.626+0000] {logging_mixin.py:188} INFO - [2025-09-21T15:26:37.625+0000] {dagbag.py:538} INFO - Filling up the DagBag from /home/airflow/.local/lib/python3.8/site-packages/airflow/example_dags/tutorial_taskflow_api.py
[2025-09-21T15:26:37.638+0000] {processor.py:840} INFO - DAG(s) 'tutorial_taskflow_api' retrieved from /home/airflow/.local/lib/python3.8/site-packages/airflow/example_dags/tutorial_taskflow_api.py
[2025-09-21T15:26:37.675+0000] {logging_mixin.py:188} INFO - [2025-09-21T15:26:37.675+0000] {dag.py:3036} INFO - Sync 1 DAGs
[2025-09-21T15:26:37.700+0000] {logging_mixin.py:188} INFO - [2025-09-21T15:26:37.699+0000] {dag.py:3823} INFO - Setting next_dagrun for tutorial_taskflow_api to None, run_after=None
[2025-09-21T15:26:37.741+0000] {processor.py:183} INFO - Processing /home/airflow/.local/lib/python3.8/site-packages/airflow/example_dags/tutorial_taskflow_api.py took 0.127 seconds
[2025-09-21T15:27:08.210+0000] {processor.py:161} INFO - Started process (PID=1874) to work on /home/airflow/.local/lib/python3.8/site-packages/airflow/example_dags/tutorial_taskflow_api.py
[2025-09-21T15:27:08.212+0000] {processor.py:830} INFO - Processing file /home/airflow/.local/lib/python3.8/site-packages/airflow/example_dags/tutorial_taskflow_api.py for tasks to queue
[2025-09-21T15:27:08.215+0000] {logging_mixin.py:188} INFO - [2025-09-21T15:27:08.215+0000] {dagbag.py:538} INFO - Filling up the DagBag from /home/airflow/.local/lib/python3.8/site-packages/airflow/example_dags/tutorial_taskflow_api.py
[2025-09-21T15:27:08.226+0000] {processor.py:840} INFO - DAG(s) 'tutorial_taskflow_api' retrieved from /home/airflow/.local/lib/python3.8/site-packages/airflow/example_dags/tutorial_taskflow_api.py
[2025-09-21T15:27:08.261+0000] {logging_mixin.py:188} INFO - [2025-09-21T15:27:08.260+0000] {dag.py:3036} INFO - Sync 1 DAGs
[2025-09-21T15:27:08.284+0000] {logging_mixin.py:188} INFO - [2025-09-21T15:27:08.283+0000] {dag.py:3823} INFO - Setting next_dagrun for tutorial_taskflow_api to None, run_after=None
[2025-09-21T15:27:08.319+0000] {processor.py:183} INFO - Processing /home/airflow/.local/lib/python3.8/site-packages/airflow/example_dags/tutorial_taskflow_api.py took 0.115 seconds
[2025-09-21T15:27:38.868+0000] {processor.py:161} INFO - Started process (PID=1930) to work on /home/airflow/.local/lib/python3.8/site-packages/airflow/example_dags/tutorial_taskflow_api.py
[2025-09-21T15:27:38.870+0000] {processor.py:830} INFO - Processing file /home/airflow/.local/lib/python3.8/site-packages/airflow/example_dags/tutorial_taskflow_api.py for tasks to queue
[2025-09-21T15:27:38.874+0000] {logging_mixin.py:188} INFO - [2025-09-21T15:27:38.873+0000] {dagbag.py:538} INFO - Filling up the DagBag from /home/airflow/.local/lib/python3.8/site-packages/airflow/example_dags/tutorial_taskflow_api.py
[2025-09-21T15:27:38.886+0000] {processor.py:840} INFO - DAG(s) 'tutorial_taskflow_api' retrieved from /home/airflow/.local/lib/python3.8/site-packages/airflow/example_dags/tutorial_taskflow_api.py
[2025-09-21T15:27:38.923+0000] {logging_mixin.py:188} INFO - [2025-09-21T15:27:38.923+0000] {dag.py:3036} INFO - Sync 1 DAGs
[2025-09-21T15:27:38.948+0000] {logging_mixin.py:188} INFO - [2025-09-21T15:27:38.947+0000] {dag.py:3823} INFO - Setting next_dagrun for tutorial_taskflow_api to None, run_after=None
[2025-09-21T15:27:38.988+0000] {processor.py:183} INFO - Processing /home/airflow/.local/lib/python3.8/site-packages/airflow/example_dags/tutorial_taskflow_api.py took 0.125 seconds
[2025-09-21T15:28:09.902+0000] {processor.py:161} INFO - Started process (PID=1988) to work on /home/airflow/.local/lib/python3.8/site-packages/airflow/example_dags/tutorial_taskflow_api.py
[2025-09-21T15:28:09.904+0000] {processor.py:830} INFO - Processing file /home/airflow/.local/lib/python3.8/site-packages/airflow/example_dags/tutorial_taskflow_api.py for tasks to queue
[2025-09-21T15:28:09.908+0000] {logging_mixin.py:188} INFO - [2025-09-21T15:28:09.907+0000] {dagbag.py:538} INFO - Filling up the DagBag from /home/airflow/.local/lib/python3.8/site-packages/airflow/example_dags/tutorial_taskflow_api.py
[2025-09-21T15:28:09.920+0000] {processor.py:840} INFO - DAG(s) 'tutorial_taskflow_api' retrieved from /home/airflow/.local/lib/python3.8/site-packages/airflow/example_dags/tutorial_taskflow_api.py
[2025-09-21T15:28:10.119+0000] {logging_mixin.py:188} INFO - [2025-09-21T15:28:10.119+0000] {dag.py:3036} INFO - Sync 1 DAGs
[2025-09-21T15:28:10.139+0000] {logging_mixin.py:188} INFO - [2025-09-21T15:28:10.139+0000] {dag.py:3823} INFO - Setting next_dagrun for tutorial_taskflow_api to None, run_after=None
[2025-09-21T15:28:10.169+0000] {processor.py:183} INFO - Processing /home/airflow/.local/lib/python3.8/site-packages/airflow/example_dags/tutorial_taskflow_api.py took 0.273 seconds
[2025-09-21T15:28:40.360+0000] {processor.py:161} INFO - Started process (PID=2046) to work on /home/airflow/.local/lib/python3.8/site-packages/airflow/example_dags/tutorial_taskflow_api.py
[2025-09-21T15:28:40.362+0000] {processor.py:830} INFO - Processing file /home/airflow/.local/lib/python3.8/site-packages/airflow/example_dags/tutorial_taskflow_api.py for tasks to queue
[2025-09-21T15:28:40.366+0000] {logging_mixin.py:188} INFO - [2025-09-21T15:28:40.366+0000] {dagbag.py:538} INFO - Filling up the DagBag from /home/airflow/.local/lib/python3.8/site-packages/airflow/example_dags/tutorial_taskflow_api.py
[2025-09-21T15:28:40.379+0000] {processor.py:840} INFO - DAG(s) 'tutorial_taskflow_api' retrieved from /home/airflow/.local/lib/python3.8/site-packages/airflow/example_dags/tutorial_taskflow_api.py
[2025-09-21T15:28:40.590+0000] {logging_mixin.py:188} INFO - [2025-09-21T15:28:40.590+0000] {dag.py:3036} INFO - Sync 1 DAGs
[2025-09-21T15:28:40.614+0000] {logging_mixin.py:188} INFO - [2025-09-21T15:28:40.614+0000] {dag.py:3823} INFO - Setting next_dagrun for tutorial_taskflow_api to None, run_after=None
[2025-09-21T15:28:40.649+0000] {processor.py:183} INFO - Processing /home/airflow/.local/lib/python3.8/site-packages/airflow/example_dags/tutorial_taskflow_api.py took 0.298 seconds
[2025-09-21T15:29:11.212+0000] {processor.py:161} INFO - Started process (PID=2104) to work on /home/airflow/.local/lib/python3.8/site-packages/airflow/example_dags/tutorial_taskflow_api.py
[2025-09-21T15:29:11.214+0000] {processor.py:830} INFO - Processing file /home/airflow/.local/lib/python3.8/site-packages/airflow/example_dags/tutorial_taskflow_api.py for tasks to queue
[2025-09-21T15:29:11.218+0000] {logging_mixin.py:188} INFO - [2025-09-21T15:29:11.218+0000] {dagbag.py:538} INFO - Filling up the DagBag from /home/airflow/.local/lib/python3.8/site-packages/airflow/example_dags/tutorial_taskflow_api.py
[2025-09-21T15:29:11.230+0000] {processor.py:840} INFO - DAG(s) 'tutorial_taskflow_api' retrieved from /home/airflow/.local/lib/python3.8/site-packages/airflow/example_dags/tutorial_taskflow_api.py
[2025-09-21T15:29:11.269+0000] {logging_mixin.py:188} INFO - [2025-09-21T15:29:11.268+0000] {dag.py:3036} INFO - Sync 1 DAGs
[2025-09-21T15:29:11.292+0000] {logging_mixin.py:188} INFO - [2025-09-21T15:29:11.292+0000] {dag.py:3823} INFO - Setting next_dagrun for tutorial_taskflow_api to None, run_after=None
[2025-09-21T15:29:11.327+0000] {processor.py:183} INFO - Processing /home/airflow/.local/lib/python3.8/site-packages/airflow/example_dags/tutorial_taskflow_api.py took 0.122 seconds
[2025-09-21T15:29:41.794+0000] {processor.py:161} INFO - Started process (PID=2161) to work on /home/airflow/.local/lib/python3.8/site-packages/airflow/example_dags/tutorial_taskflow_api.py
[2025-09-21T15:29:41.797+0000] {processor.py:830} INFO - Processing file /home/airflow/.local/lib/python3.8/site-packages/airflow/example_dags/tutorial_taskflow_api.py for tasks to queue
[2025-09-21T15:29:41.802+0000] {logging_mixin.py:188} INFO - [2025-09-21T15:29:41.801+0000] {dagbag.py:538} INFO - Filling up the DagBag from /home/airflow/.local/lib/python3.8/site-packages/airflow/example_dags/tutorial_taskflow_api.py
[2025-09-21T15:29:41.815+0000] {processor.py:840} INFO - DAG(s) 'tutorial_taskflow_api' retrieved from /home/airflow/.local/lib/python3.8/site-packages/airflow/example_dags/tutorial_taskflow_api.py
[2025-09-21T15:29:41.856+0000] {logging_mixin.py:188} INFO - [2025-09-21T15:29:41.856+0000] {dag.py:3036} INFO - Sync 1 DAGs
[2025-09-21T15:29:41.889+0000] {logging_mixin.py:188} INFO - [2025-09-21T15:29:41.889+0000] {dag.py:3823} INFO - Setting next_dagrun for tutorial_taskflow_api to None, run_after=None
[2025-09-21T15:29:41.941+0000] {processor.py:183} INFO - Processing /home/airflow/.local/lib/python3.8/site-packages/airflow/example_dags/tutorial_taskflow_api.py took 0.153 seconds
[2025-09-21T15:30:12.365+0000] {processor.py:161} INFO - Started process (PID=2220) to work on /home/airflow/.local/lib/python3.8/site-packages/airflow/example_dags/tutorial_taskflow_api.py
[2025-09-21T15:30:12.367+0000] {processor.py:830} INFO - Processing file /home/airflow/.local/lib/python3.8/site-packages/airflow/example_dags/tutorial_taskflow_api.py for tasks to queue
[2025-09-21T15:30:12.370+0000] {logging_mixin.py:188} INFO - [2025-09-21T15:30:12.370+0000] {dagbag.py:538} INFO - Filling up the DagBag from /home/airflow/.local/lib/python3.8/site-packages/airflow/example_dags/tutorial_taskflow_api.py
[2025-09-21T15:30:12.383+0000] {processor.py:840} INFO - DAG(s) 'tutorial_taskflow_api' retrieved from /home/airflow/.local/lib/python3.8/site-packages/airflow/example_dags/tutorial_taskflow_api.py
[2025-09-21T15:30:12.421+0000] {logging_mixin.py:188} INFO - [2025-09-21T15:30:12.421+0000] {dag.py:3036} INFO - Sync 1 DAGs
[2025-09-21T15:30:12.459+0000] {logging_mixin.py:188} INFO - [2025-09-21T15:30:12.459+0000] {dag.py:3823} INFO - Setting next_dagrun for tutorial_taskflow_api to None, run_after=None
[2025-09-21T15:30:12.498+0000] {processor.py:183} INFO - Processing /home/airflow/.local/lib/python3.8/site-packages/airflow/example_dags/tutorial_taskflow_api.py took 0.139 seconds
[2025-09-21T15:30:42.635+0000] {processor.py:161} INFO - Started process (PID=2278) to work on /home/airflow/.local/lib/python3.8/site-packages/airflow/example_dags/tutorial_taskflow_api.py
[2025-09-21T15:30:42.637+0000] {processor.py:830} INFO - Processing file /home/airflow/.local/lib/python3.8/site-packages/airflow/example_dags/tutorial_taskflow_api.py for tasks to queue
[2025-09-21T15:30:42.640+0000] {logging_mixin.py:188} INFO - [2025-09-21T15:30:42.640+0000] {dagbag.py:538} INFO - Filling up the DagBag from /home/airflow/.local/lib/python3.8/site-packages/airflow/example_dags/tutorial_taskflow_api.py
[2025-09-21T15:30:42.652+0000] {processor.py:840} INFO - DAG(s) 'tutorial_taskflow_api' retrieved from /home/airflow/.local/lib/python3.8/site-packages/airflow/example_dags/tutorial_taskflow_api.py
[2025-09-21T15:30:42.686+0000] {logging_mixin.py:188} INFO - [2025-09-21T15:30:42.686+0000] {dag.py:3036} INFO - Sync 1 DAGs
[2025-09-21T15:30:42.711+0000] {logging_mixin.py:188} INFO - [2025-09-21T15:30:42.711+0000] {dag.py:3823} INFO - Setting next_dagrun for tutorial_taskflow_api to None, run_after=None
[2025-09-21T15:30:42.764+0000] {processor.py:183} INFO - Processing /home/airflow/.local/lib/python3.8/site-packages/airflow/example_dags/tutorial_taskflow_api.py took 0.135 seconds
[2025-09-21T15:31:13.246+0000] {processor.py:161} INFO - Started process (PID=2336) to work on /home/airflow/.local/lib/python3.8/site-packages/airflow/example_dags/tutorial_taskflow_api.py
[2025-09-21T15:31:13.248+0000] {processor.py:830} INFO - Processing file /home/airflow/.local/lib/python3.8/site-packages/airflow/example_dags/tutorial_taskflow_api.py for tasks to queue
[2025-09-21T15:31:13.251+0000] {logging_mixin.py:188} INFO - [2025-09-21T15:31:13.251+0000] {dagbag.py:538} INFO - Filling up the DagBag from /home/airflow/.local/lib/python3.8/site-packages/airflow/example_dags/tutorial_taskflow_api.py
[2025-09-21T15:31:13.265+0000] {processor.py:840} INFO - DAG(s) 'tutorial_taskflow_api' retrieved from /home/airflow/.local/lib/python3.8/site-packages/airflow/example_dags/tutorial_taskflow_api.py
[2025-09-21T15:31:13.309+0000] {logging_mixin.py:188} INFO - [2025-09-21T15:31:13.309+0000] {dag.py:3036} INFO - Sync 1 DAGs
[2025-09-21T15:31:13.333+0000] {logging_mixin.py:188} INFO - [2025-09-21T15:31:13.333+0000] {dag.py:3823} INFO - Setting next_dagrun for tutorial_taskflow_api to None, run_after=None
[2025-09-21T15:31:13.374+0000] {processor.py:183} INFO - Processing /home/airflow/.local/lib/python3.8/site-packages/airflow/example_dags/tutorial_taskflow_api.py took 0.134 seconds
[2025-09-21T15:31:43.826+0000] {processor.py:161} INFO - Started process (PID=2394) to work on /home/airflow/.local/lib/python3.8/site-packages/airflow/example_dags/tutorial_taskflow_api.py
[2025-09-21T15:31:43.828+0000] {processor.py:830} INFO - Processing file /home/airflow/.local/lib/python3.8/site-packages/airflow/example_dags/tutorial_taskflow_api.py for tasks to queue
[2025-09-21T15:31:43.832+0000] {logging_mixin.py:188} INFO - [2025-09-21T15:31:43.831+0000] {dagbag.py:538} INFO - Filling up the DagBag from /home/airflow/.local/lib/python3.8/site-packages/airflow/example_dags/tutorial_taskflow_api.py
[2025-09-21T15:31:43.844+0000] {processor.py:840} INFO - DAG(s) 'tutorial_taskflow_api' retrieved from /home/airflow/.local/lib/python3.8/site-packages/airflow/example_dags/tutorial_taskflow_api.py
[2025-09-21T15:31:43.879+0000] {logging_mixin.py:188} INFO - [2025-09-21T15:31:43.878+0000] {dag.py:3036} INFO - Sync 1 DAGs
[2025-09-21T15:31:43.903+0000] {logging_mixin.py:188} INFO - [2025-09-21T15:31:43.902+0000] {dag.py:3823} INFO - Setting next_dagrun for tutorial_taskflow_api to None, run_after=None
[2025-09-21T15:31:43.937+0000] {processor.py:183} INFO - Processing /home/airflow/.local/lib/python3.8/site-packages/airflow/example_dags/tutorial_taskflow_api.py took 0.116 seconds
[2025-09-21T15:32:14.191+0000] {processor.py:161} INFO - Started process (PID=2451) to work on /home/airflow/.local/lib/python3.8/site-packages/airflow/example_dags/tutorial_taskflow_api.py
[2025-09-21T15:32:14.192+0000] {processor.py:830} INFO - Processing file /home/airflow/.local/lib/python3.8/site-packages/airflow/example_dags/tutorial_taskflow_api.py for tasks to queue
[2025-09-21T15:32:14.196+0000] {logging_mixin.py:188} INFO - [2025-09-21T15:32:14.195+0000] {dagbag.py:538} INFO - Filling up the DagBag from /home/airflow/.local/lib/python3.8/site-packages/airflow/example_dags/tutorial_taskflow_api.py
[2025-09-21T15:32:14.209+0000] {processor.py:840} INFO - DAG(s) 'tutorial_taskflow_api' retrieved from /home/airflow/.local/lib/python3.8/site-packages/airflow/example_dags/tutorial_taskflow_api.py
[2025-09-21T15:32:14.243+0000] {logging_mixin.py:188} INFO - [2025-09-21T15:32:14.243+0000] {dag.py:3036} INFO - Sync 1 DAGs
[2025-09-21T15:32:14.266+0000] {logging_mixin.py:188} INFO - [2025-09-21T15:32:14.265+0000] {dag.py:3823} INFO - Setting next_dagrun for tutorial_taskflow_api to None, run_after=None
[2025-09-21T15:32:14.306+0000] {processor.py:183} INFO - Processing /home/airflow/.local/lib/python3.8/site-packages/airflow/example_dags/tutorial_taskflow_api.py took 0.121 seconds
[2025-09-21T15:32:44.405+0000] {processor.py:161} INFO - Started process (PID=2509) to work on /home/airflow/.local/lib/python3.8/site-packages/airflow/example_dags/tutorial_taskflow_api.py
[2025-09-21T15:32:44.407+0000] {processor.py:830} INFO - Processing file /home/airflow/.local/lib/python3.8/site-packages/airflow/example_dags/tutorial_taskflow_api.py for tasks to queue
[2025-09-21T15:32:44.410+0000] {logging_mixin.py:188} INFO - [2025-09-21T15:32:44.410+0000] {dagbag.py:538} INFO - Filling up the DagBag from /home/airflow/.local/lib/python3.8/site-packages/airflow/example_dags/tutorial_taskflow_api.py
[2025-09-21T15:32:44.422+0000] {processor.py:840} INFO - DAG(s) 'tutorial_taskflow_api' retrieved from /home/airflow/.local/lib/python3.8/site-packages/airflow/example_dags/tutorial_taskflow_api.py
[2025-09-21T15:32:44.457+0000] {logging_mixin.py:188} INFO - [2025-09-21T15:32:44.456+0000] {dag.py:3036} INFO - Sync 1 DAGs
[2025-09-21T15:32:44.479+0000] {logging_mixin.py:188} INFO - [2025-09-21T15:32:44.479+0000] {dag.py:3823} INFO - Setting next_dagrun for tutorial_taskflow_api to None, run_after=None
[2025-09-21T15:32:44.513+0000] {processor.py:183} INFO - Processing /home/airflow/.local/lib/python3.8/site-packages/airflow/example_dags/tutorial_taskflow_api.py took 0.113 seconds
[2025-09-21T15:33:14.834+0000] {processor.py:161} INFO - Started process (PID=2567) to work on /home/airflow/.local/lib/python3.8/site-packages/airflow/example_dags/tutorial_taskflow_api.py
[2025-09-21T15:33:14.836+0000] {processor.py:830} INFO - Processing file /home/airflow/.local/lib/python3.8/site-packages/airflow/example_dags/tutorial_taskflow_api.py for tasks to queue
[2025-09-21T15:33:14.840+0000] {logging_mixin.py:188} INFO - [2025-09-21T15:33:14.840+0000] {dagbag.py:538} INFO - Filling up the DagBag from /home/airflow/.local/lib/python3.8/site-packages/airflow/example_dags/tutorial_taskflow_api.py
[2025-09-21T15:33:14.858+0000] {processor.py:840} INFO - DAG(s) 'tutorial_taskflow_api' retrieved from /home/airflow/.local/lib/python3.8/site-packages/airflow/example_dags/tutorial_taskflow_api.py
[2025-09-21T15:33:14.895+0000] {logging_mixin.py:188} INFO - [2025-09-21T15:33:14.894+0000] {dag.py:3036} INFO - Sync 1 DAGs
[2025-09-21T15:33:14.918+0000] {logging_mixin.py:188} INFO - [2025-09-21T15:33:14.918+0000] {dag.py:3823} INFO - Setting next_dagrun for tutorial_taskflow_api to None, run_after=None
[2025-09-21T15:33:14.956+0000] {processor.py:183} INFO - Processing /home/airflow/.local/lib/python3.8/site-packages/airflow/example_dags/tutorial_taskflow_api.py took 0.137 seconds
[2025-09-21T15:33:45.170+0000] {processor.py:161} INFO - Started process (PID=2625) to work on /home/airflow/.local/lib/python3.8/site-packages/airflow/example_dags/tutorial_taskflow_api.py
[2025-09-21T15:33:45.171+0000] {processor.py:830} INFO - Processing file /home/airflow/.local/lib/python3.8/site-packages/airflow/example_dags/tutorial_taskflow_api.py for tasks to queue
[2025-09-21T15:33:45.175+0000] {logging_mixin.py:188} INFO - [2025-09-21T15:33:45.174+0000] {dagbag.py:538} INFO - Filling up the DagBag from /home/airflow/.local/lib/python3.8/site-packages/airflow/example_dags/tutorial_taskflow_api.py
[2025-09-21T15:33:45.188+0000] {processor.py:840} INFO - DAG(s) 'tutorial_taskflow_api' retrieved from /home/airflow/.local/lib/python3.8/site-packages/airflow/example_dags/tutorial_taskflow_api.py
[2025-09-21T15:33:45.222+0000] {logging_mixin.py:188} INFO - [2025-09-21T15:33:45.222+0000] {dag.py:3036} INFO - Sync 1 DAGs
[2025-09-21T15:33:45.245+0000] {logging_mixin.py:188} INFO - [2025-09-21T15:33:45.244+0000] {dag.py:3823} INFO - Setting next_dagrun for tutorial_taskflow_api to None, run_after=None
[2025-09-21T15:33:45.283+0000] {processor.py:183} INFO - Processing /home/airflow/.local/lib/python3.8/site-packages/airflow/example_dags/tutorial_taskflow_api.py took 0.120 seconds
[2025-09-21T15:34:15.752+0000] {processor.py:161} INFO - Started process (PID=2684) to work on /home/airflow/.local/lib/python3.8/site-packages/airflow/example_dags/tutorial_taskflow_api.py
[2025-09-21T15:34:15.754+0000] {processor.py:830} INFO - Processing file /home/airflow/.local/lib/python3.8/site-packages/airflow/example_dags/tutorial_taskflow_api.py for tasks to queue
[2025-09-21T15:34:15.758+0000] {logging_mixin.py:188} INFO - [2025-09-21T15:34:15.757+0000] {dagbag.py:538} INFO - Filling up the DagBag from /home/airflow/.local/lib/python3.8/site-packages/airflow/example_dags/tutorial_taskflow_api.py
[2025-09-21T15:34:15.770+0000] {processor.py:840} INFO - DAG(s) 'tutorial_taskflow_api' retrieved from /home/airflow/.local/lib/python3.8/site-packages/airflow/example_dags/tutorial_taskflow_api.py
[2025-09-21T15:34:15.805+0000] {logging_mixin.py:188} INFO - [2025-09-21T15:34:15.805+0000] {dag.py:3036} INFO - Sync 1 DAGs
[2025-09-21T15:34:15.828+0000] {logging_mixin.py:188} INFO - [2025-09-21T15:34:15.828+0000] {dag.py:3823} INFO - Setting next_dagrun for tutorial_taskflow_api to None, run_after=None
[2025-09-21T15:34:15.865+0000] {processor.py:183} INFO - Processing /home/airflow/.local/lib/python3.8/site-packages/airflow/example_dags/tutorial_taskflow_api.py took 0.119 seconds
[2025-09-21T15:34:46.268+0000] {processor.py:161} INFO - Started process (PID=2742) to work on /home/airflow/.local/lib/python3.8/site-packages/airflow/example_dags/tutorial_taskflow_api.py
[2025-09-21T15:34:46.270+0000] {processor.py:830} INFO - Processing file /home/airflow/.local/lib/python3.8/site-packages/airflow/example_dags/tutorial_taskflow_api.py for tasks to queue
[2025-09-21T15:34:46.274+0000] {logging_mixin.py:188} INFO - [2025-09-21T15:34:46.273+0000] {dagbag.py:538} INFO - Filling up the DagBag from /home/airflow/.local/lib/python3.8/site-packages/airflow/example_dags/tutorial_taskflow_api.py
[2025-09-21T15:34:46.286+0000] {processor.py:840} INFO - DAG(s) 'tutorial_taskflow_api' retrieved from /home/airflow/.local/lib/python3.8/site-packages/airflow/example_dags/tutorial_taskflow_api.py
[2025-09-21T15:34:46.323+0000] {logging_mixin.py:188} INFO - [2025-09-21T15:34:46.323+0000] {dag.py:3036} INFO - Sync 1 DAGs
[2025-09-21T15:34:46.347+0000] {logging_mixin.py:188} INFO - [2025-09-21T15:34:46.346+0000] {dag.py:3823} INFO - Setting next_dagrun for tutorial_taskflow_api to None, run_after=None
[2025-09-21T15:34:46.388+0000] {processor.py:183} INFO - Processing /home/airflow/.local/lib/python3.8/site-packages/airflow/example_dags/tutorial_taskflow_api.py took 0.126 seconds
[2025-09-21T15:35:17.145+0000] {processor.py:161} INFO - Started process (PID=2800) to work on /home/airflow/.local/lib/python3.8/site-packages/airflow/example_dags/tutorial_taskflow_api.py
[2025-09-21T15:35:17.147+0000] {processor.py:830} INFO - Processing file /home/airflow/.local/lib/python3.8/site-packages/airflow/example_dags/tutorial_taskflow_api.py for tasks to queue
[2025-09-21T15:35:17.150+0000] {logging_mixin.py:188} INFO - [2025-09-21T15:35:17.150+0000] {dagbag.py:538} INFO - Filling up the DagBag from /home/airflow/.local/lib/python3.8/site-packages/airflow/example_dags/tutorial_taskflow_api.py
[2025-09-21T15:35:17.163+0000] {processor.py:840} INFO - DAG(s) 'tutorial_taskflow_api' retrieved from /home/airflow/.local/lib/python3.8/site-packages/airflow/example_dags/tutorial_taskflow_api.py
[2025-09-21T15:35:17.201+0000] {logging_mixin.py:188} INFO - [2025-09-21T15:35:17.201+0000] {dag.py:3036} INFO - Sync 1 DAGs
[2025-09-21T15:35:17.224+0000] {logging_mixin.py:188} INFO - [2025-09-21T15:35:17.224+0000] {dag.py:3823} INFO - Setting next_dagrun for tutorial_taskflow_api to None, run_after=None
[2025-09-21T15:35:17.259+0000] {processor.py:183} INFO - Processing /home/airflow/.local/lib/python3.8/site-packages/airflow/example_dags/tutorial_taskflow_api.py took 0.120 seconds
[2025-09-21T15:35:48.152+0000] {processor.py:161} INFO - Started process (PID=2858) to work on /home/airflow/.local/lib/python3.8/site-packages/airflow/example_dags/tutorial_taskflow_api.py
[2025-09-21T15:35:48.154+0000] {processor.py:830} INFO - Processing file /home/airflow/.local/lib/python3.8/site-packages/airflow/example_dags/tutorial_taskflow_api.py for tasks to queue
[2025-09-21T15:35:48.157+0000] {logging_mixin.py:188} INFO - [2025-09-21T15:35:48.157+0000] {dagbag.py:538} INFO - Filling up the DagBag from /home/airflow/.local/lib/python3.8/site-packages/airflow/example_dags/tutorial_taskflow_api.py
[2025-09-21T15:35:48.169+0000] {processor.py:840} INFO - DAG(s) 'tutorial_taskflow_api' retrieved from /home/airflow/.local/lib/python3.8/site-packages/airflow/example_dags/tutorial_taskflow_api.py
[2025-09-21T15:35:48.208+0000] {logging_mixin.py:188} INFO - [2025-09-21T15:35:48.208+0000] {dag.py:3036} INFO - Sync 1 DAGs
[2025-09-21T15:35:48.233+0000] {logging_mixin.py:188} INFO - [2025-09-21T15:35:48.232+0000] {dag.py:3823} INFO - Setting next_dagrun for tutorial_taskflow_api to None, run_after=None
[2025-09-21T15:35:48.268+0000] {processor.py:183} INFO - Processing /home/airflow/.local/lib/python3.8/site-packages/airflow/example_dags/tutorial_taskflow_api.py took 0.122 seconds
[2025-09-21T15:38:50.114+0000] {processor.py:161} INFO - Started process (PID=77) to work on /home/airflow/.local/lib/python3.8/site-packages/airflow/example_dags/tutorial_taskflow_api.py
[2025-09-21T15:38:50.116+0000] {processor.py:830} INFO - Processing file /home/airflow/.local/lib/python3.8/site-packages/airflow/example_dags/tutorial_taskflow_api.py for tasks to queue
[2025-09-21T15:38:50.120+0000] {logging_mixin.py:188} INFO - [2025-09-21T15:38:50.120+0000] {dagbag.py:538} INFO - Filling up the DagBag from /home/airflow/.local/lib/python3.8/site-packages/airflow/example_dags/tutorial_taskflow_api.py
[2025-09-21T15:38:50.141+0000] {processor.py:840} INFO - DAG(s) 'tutorial_taskflow_api' retrieved from /home/airflow/.local/lib/python3.8/site-packages/airflow/example_dags/tutorial_taskflow_api.py
[2025-09-21T15:38:50.381+0000] {logging_mixin.py:188} INFO - [2025-09-21T15:38:50.380+0000] {dag.py:3036} INFO - Sync 1 DAGs
[2025-09-21T15:38:50.407+0000] {logging_mixin.py:188} INFO - [2025-09-21T15:38:50.407+0000] {dag.py:3823} INFO - Setting next_dagrun for tutorial_taskflow_api to None, run_after=None
[2025-09-21T15:38:50.449+0000] {processor.py:183} INFO - Processing /home/airflow/.local/lib/python3.8/site-packages/airflow/example_dags/tutorial_taskflow_api.py took 0.342 seconds
[2025-09-21T15:39:20.927+0000] {processor.py:161} INFO - Started process (PID=135) to work on /home/airflow/.local/lib/python3.8/site-packages/airflow/example_dags/tutorial_taskflow_api.py
[2025-09-21T15:39:20.930+0000] {processor.py:830} INFO - Processing file /home/airflow/.local/lib/python3.8/site-packages/airflow/example_dags/tutorial_taskflow_api.py for tasks to queue
[2025-09-21T15:39:20.934+0000] {logging_mixin.py:188} INFO - [2025-09-21T15:39:20.933+0000] {dagbag.py:538} INFO - Filling up the DagBag from /home/airflow/.local/lib/python3.8/site-packages/airflow/example_dags/tutorial_taskflow_api.py
[2025-09-21T15:39:20.950+0000] {processor.py:840} INFO - DAG(s) 'tutorial_taskflow_api' retrieved from /home/airflow/.local/lib/python3.8/site-packages/airflow/example_dags/tutorial_taskflow_api.py
[2025-09-21T15:39:20.986+0000] {logging_mixin.py:188} INFO - [2025-09-21T15:39:20.986+0000] {dag.py:3036} INFO - Sync 1 DAGs
[2025-09-21T15:39:21.008+0000] {logging_mixin.py:188} INFO - [2025-09-21T15:39:21.008+0000] {dag.py:3823} INFO - Setting next_dagrun for tutorial_taskflow_api to None, run_after=None
[2025-09-21T15:39:21.045+0000] {processor.py:183} INFO - Processing /home/airflow/.local/lib/python3.8/site-packages/airflow/example_dags/tutorial_taskflow_api.py took 0.124 seconds
[2025-09-21T15:39:51.246+0000] {processor.py:161} INFO - Started process (PID=191) to work on /home/airflow/.local/lib/python3.8/site-packages/airflow/example_dags/tutorial_taskflow_api.py
[2025-09-21T15:39:51.248+0000] {processor.py:830} INFO - Processing file /home/airflow/.local/lib/python3.8/site-packages/airflow/example_dags/tutorial_taskflow_api.py for tasks to queue
[2025-09-21T15:39:51.252+0000] {logging_mixin.py:188} INFO - [2025-09-21T15:39:51.251+0000] {dagbag.py:538} INFO - Filling up the DagBag from /home/airflow/.local/lib/python3.8/site-packages/airflow/example_dags/tutorial_taskflow_api.py
[2025-09-21T15:39:51.263+0000] {processor.py:840} INFO - DAG(s) 'tutorial_taskflow_api' retrieved from /home/airflow/.local/lib/python3.8/site-packages/airflow/example_dags/tutorial_taskflow_api.py
[2025-09-21T15:39:51.296+0000] {logging_mixin.py:188} INFO - [2025-09-21T15:39:51.296+0000] {dag.py:3036} INFO - Sync 1 DAGs
[2025-09-21T15:39:51.317+0000] {logging_mixin.py:188} INFO - [2025-09-21T15:39:51.317+0000] {dag.py:3823} INFO - Setting next_dagrun for tutorial_taskflow_api to None, run_after=None
[2025-09-21T15:39:51.356+0000] {processor.py:183} INFO - Processing /home/airflow/.local/lib/python3.8/site-packages/airflow/example_dags/tutorial_taskflow_api.py took 0.115 seconds
[2025-09-21T15:40:21.449+0000] {processor.py:161} INFO - Started process (PID=249) to work on /home/airflow/.local/lib/python3.8/site-packages/airflow/example_dags/tutorial_taskflow_api.py
[2025-09-21T15:40:21.451+0000] {processor.py:830} INFO - Processing file /home/airflow/.local/lib/python3.8/site-packages/airflow/example_dags/tutorial_taskflow_api.py for tasks to queue
[2025-09-21T15:40:21.455+0000] {logging_mixin.py:188} INFO - [2025-09-21T15:40:21.454+0000] {dagbag.py:538} INFO - Filling up the DagBag from /home/airflow/.local/lib/python3.8/site-packages/airflow/example_dags/tutorial_taskflow_api.py
[2025-09-21T15:40:21.470+0000] {processor.py:840} INFO - DAG(s) 'tutorial_taskflow_api' retrieved from /home/airflow/.local/lib/python3.8/site-packages/airflow/example_dags/tutorial_taskflow_api.py
[2025-09-21T15:40:21.510+0000] {logging_mixin.py:188} INFO - [2025-09-21T15:40:21.510+0000] {dag.py:3036} INFO - Sync 1 DAGs
[2025-09-21T15:40:21.538+0000] {logging_mixin.py:188} INFO - [2025-09-21T15:40:21.537+0000] {dag.py:3823} INFO - Setting next_dagrun for tutorial_taskflow_api to None, run_after=None
[2025-09-21T15:40:21.578+0000] {processor.py:183} INFO - Processing /home/airflow/.local/lib/python3.8/site-packages/airflow/example_dags/tutorial_taskflow_api.py took 0.136 seconds
[2025-09-21T15:40:51.695+0000] {processor.py:161} INFO - Started process (PID=307) to work on /home/airflow/.local/lib/python3.8/site-packages/airflow/example_dags/tutorial_taskflow_api.py
[2025-09-21T15:40:51.696+0000] {processor.py:830} INFO - Processing file /home/airflow/.local/lib/python3.8/site-packages/airflow/example_dags/tutorial_taskflow_api.py for tasks to queue
[2025-09-21T15:40:51.700+0000] {logging_mixin.py:188} INFO - [2025-09-21T15:40:51.700+0000] {dagbag.py:538} INFO - Filling up the DagBag from /home/airflow/.local/lib/python3.8/site-packages/airflow/example_dags/tutorial_taskflow_api.py
[2025-09-21T15:40:51.712+0000] {processor.py:840} INFO - DAG(s) 'tutorial_taskflow_api' retrieved from /home/airflow/.local/lib/python3.8/site-packages/airflow/example_dags/tutorial_taskflow_api.py
[2025-09-21T15:40:51.746+0000] {logging_mixin.py:188} INFO - [2025-09-21T15:40:51.746+0000] {dag.py:3036} INFO - Sync 1 DAGs
[2025-09-21T15:40:51.771+0000] {logging_mixin.py:188} INFO - [2025-09-21T15:40:51.771+0000] {dag.py:3823} INFO - Setting next_dagrun for tutorial_taskflow_api to None, run_after=None
[2025-09-21T15:40:51.805+0000] {processor.py:183} INFO - Processing /home/airflow/.local/lib/python3.8/site-packages/airflow/example_dags/tutorial_taskflow_api.py took 0.116 seconds
[2025-09-21T15:41:22.359+0000] {processor.py:161} INFO - Started process (PID=365) to work on /home/airflow/.local/lib/python3.8/site-packages/airflow/example_dags/tutorial_taskflow_api.py
[2025-09-21T15:41:22.361+0000] {processor.py:830} INFO - Processing file /home/airflow/.local/lib/python3.8/site-packages/airflow/example_dags/tutorial_taskflow_api.py for tasks to queue
[2025-09-21T15:41:22.365+0000] {logging_mixin.py:188} INFO - [2025-09-21T15:41:22.364+0000] {dagbag.py:538} INFO - Filling up the DagBag from /home/airflow/.local/lib/python3.8/site-packages/airflow/example_dags/tutorial_taskflow_api.py
[2025-09-21T15:41:22.377+0000] {processor.py:840} INFO - DAG(s) 'tutorial_taskflow_api' retrieved from /home/airflow/.local/lib/python3.8/site-packages/airflow/example_dags/tutorial_taskflow_api.py
[2025-09-21T15:41:22.414+0000] {logging_mixin.py:188} INFO - [2025-09-21T15:41:22.414+0000] {dag.py:3036} INFO - Sync 1 DAGs
[2025-09-21T15:41:22.437+0000] {logging_mixin.py:188} INFO - [2025-09-21T15:41:22.436+0000] {dag.py:3823} INFO - Setting next_dagrun for tutorial_taskflow_api to None, run_after=None
[2025-09-21T15:41:22.472+0000] {processor.py:183} INFO - Processing /home/airflow/.local/lib/python3.8/site-packages/airflow/example_dags/tutorial_taskflow_api.py took 0.118 seconds
[2025-09-21T15:41:53.109+0000] {processor.py:161} INFO - Started process (PID=423) to work on /home/airflow/.local/lib/python3.8/site-packages/airflow/example_dags/tutorial_taskflow_api.py
[2025-09-21T15:41:53.111+0000] {processor.py:830} INFO - Processing file /home/airflow/.local/lib/python3.8/site-packages/airflow/example_dags/tutorial_taskflow_api.py for tasks to queue
[2025-09-21T15:41:53.115+0000] {logging_mixin.py:188} INFO - [2025-09-21T15:41:53.114+0000] {dagbag.py:538} INFO - Filling up the DagBag from /home/airflow/.local/lib/python3.8/site-packages/airflow/example_dags/tutorial_taskflow_api.py
[2025-09-21T15:41:53.126+0000] {processor.py:840} INFO - DAG(s) 'tutorial_taskflow_api' retrieved from /home/airflow/.local/lib/python3.8/site-packages/airflow/example_dags/tutorial_taskflow_api.py
[2025-09-21T15:41:53.162+0000] {logging_mixin.py:188} INFO - [2025-09-21T15:41:53.161+0000] {dag.py:3036} INFO - Sync 1 DAGs
[2025-09-21T15:41:53.190+0000] {logging_mixin.py:188} INFO - [2025-09-21T15:41:53.189+0000] {dag.py:3823} INFO - Setting next_dagrun for tutorial_taskflow_api to None, run_after=None
[2025-09-21T15:41:53.238+0000] {processor.py:183} INFO - Processing /home/airflow/.local/lib/python3.8/site-packages/airflow/example_dags/tutorial_taskflow_api.py took 0.134 seconds
[2025-09-21T15:42:23.584+0000] {processor.py:161} INFO - Started process (PID=481) to work on /home/airflow/.local/lib/python3.8/site-packages/airflow/example_dags/tutorial_taskflow_api.py
[2025-09-21T15:42:23.586+0000] {processor.py:830} INFO - Processing file /home/airflow/.local/lib/python3.8/site-packages/airflow/example_dags/tutorial_taskflow_api.py for tasks to queue
[2025-09-21T15:42:23.590+0000] {logging_mixin.py:188} INFO - [2025-09-21T15:42:23.589+0000] {dagbag.py:538} INFO - Filling up the DagBag from /home/airflow/.local/lib/python3.8/site-packages/airflow/example_dags/tutorial_taskflow_api.py
[2025-09-21T15:42:23.603+0000] {processor.py:840} INFO - DAG(s) 'tutorial_taskflow_api' retrieved from /home/airflow/.local/lib/python3.8/site-packages/airflow/example_dags/tutorial_taskflow_api.py
[2025-09-21T15:42:23.638+0000] {logging_mixin.py:188} INFO - [2025-09-21T15:42:23.638+0000] {dag.py:3036} INFO - Sync 1 DAGs
[2025-09-21T15:42:23.660+0000] {logging_mixin.py:188} INFO - [2025-09-21T15:42:23.660+0000] {dag.py:3823} INFO - Setting next_dagrun for tutorial_taskflow_api to None, run_after=None
[2025-09-21T15:42:23.691+0000] {processor.py:183} INFO - Processing /home/airflow/.local/lib/python3.8/site-packages/airflow/example_dags/tutorial_taskflow_api.py took 0.113 seconds
[2025-09-21T15:42:54.015+0000] {processor.py:161} INFO - Started process (PID=539) to work on /home/airflow/.local/lib/python3.8/site-packages/airflow/example_dags/tutorial_taskflow_api.py
[2025-09-21T15:42:54.017+0000] {processor.py:830} INFO - Processing file /home/airflow/.local/lib/python3.8/site-packages/airflow/example_dags/tutorial_taskflow_api.py for tasks to queue
[2025-09-21T15:42:54.021+0000] {logging_mixin.py:188} INFO - [2025-09-21T15:42:54.021+0000] {dagbag.py:538} INFO - Filling up the DagBag from /home/airflow/.local/lib/python3.8/site-packages/airflow/example_dags/tutorial_taskflow_api.py
[2025-09-21T15:42:54.036+0000] {processor.py:840} INFO - DAG(s) 'tutorial_taskflow_api' retrieved from /home/airflow/.local/lib/python3.8/site-packages/airflow/example_dags/tutorial_taskflow_api.py
[2025-09-21T15:42:54.079+0000] {logging_mixin.py:188} INFO - [2025-09-21T15:42:54.079+0000] {dag.py:3036} INFO - Sync 1 DAGs
[2025-09-21T15:42:54.112+0000] {logging_mixin.py:188} INFO - [2025-09-21T15:42:54.111+0000] {dag.py:3823} INFO - Setting next_dagrun for tutorial_taskflow_api to None, run_after=None
[2025-09-21T15:42:54.162+0000] {processor.py:183} INFO - Processing /home/airflow/.local/lib/python3.8/site-packages/airflow/example_dags/tutorial_taskflow_api.py took 0.154 seconds
[2025-09-21T15:43:24.453+0000] {processor.py:161} INFO - Started process (PID=597) to work on /home/airflow/.local/lib/python3.8/site-packages/airflow/example_dags/tutorial_taskflow_api.py
[2025-09-21T15:43:24.454+0000] {processor.py:830} INFO - Processing file /home/airflow/.local/lib/python3.8/site-packages/airflow/example_dags/tutorial_taskflow_api.py for tasks to queue
[2025-09-21T15:43:24.458+0000] {logging_mixin.py:188} INFO - [2025-09-21T15:43:24.457+0000] {dagbag.py:538} INFO - Filling up the DagBag from /home/airflow/.local/lib/python3.8/site-packages/airflow/example_dags/tutorial_taskflow_api.py
[2025-09-21T15:43:24.471+0000] {processor.py:840} INFO - DAG(s) 'tutorial_taskflow_api' retrieved from /home/airflow/.local/lib/python3.8/site-packages/airflow/example_dags/tutorial_taskflow_api.py
[2025-09-21T15:43:24.512+0000] {logging_mixin.py:188} INFO - [2025-09-21T15:43:24.512+0000] {dag.py:3036} INFO - Sync 1 DAGs
[2025-09-21T15:43:24.544+0000] {logging_mixin.py:188} INFO - [2025-09-21T15:43:24.544+0000] {dag.py:3823} INFO - Setting next_dagrun for tutorial_taskflow_api to None, run_after=None
[2025-09-21T15:43:24.583+0000] {processor.py:183} INFO - Processing /home/airflow/.local/lib/python3.8/site-packages/airflow/example_dags/tutorial_taskflow_api.py took 0.135 seconds
[2025-09-21T15:43:55.436+0000] {processor.py:161} INFO - Started process (PID=655) to work on /home/airflow/.local/lib/python3.8/site-packages/airflow/example_dags/tutorial_taskflow_api.py
[2025-09-21T15:43:55.438+0000] {processor.py:830} INFO - Processing file /home/airflow/.local/lib/python3.8/site-packages/airflow/example_dags/tutorial_taskflow_api.py for tasks to queue
[2025-09-21T15:43:55.442+0000] {logging_mixin.py:188} INFO - [2025-09-21T15:43:55.441+0000] {dagbag.py:538} INFO - Filling up the DagBag from /home/airflow/.local/lib/python3.8/site-packages/airflow/example_dags/tutorial_taskflow_api.py
[2025-09-21T15:43:55.453+0000] {processor.py:840} INFO - DAG(s) 'tutorial_taskflow_api' retrieved from /home/airflow/.local/lib/python3.8/site-packages/airflow/example_dags/tutorial_taskflow_api.py
[2025-09-21T15:43:55.491+0000] {logging_mixin.py:188} INFO - [2025-09-21T15:43:55.491+0000] {dag.py:3036} INFO - Sync 1 DAGs
[2025-09-21T15:43:55.515+0000] {logging_mixin.py:188} INFO - [2025-09-21T15:43:55.514+0000] {dag.py:3823} INFO - Setting next_dagrun for tutorial_taskflow_api to None, run_after=None
[2025-09-21T15:43:55.555+0000] {processor.py:183} INFO - Processing /home/airflow/.local/lib/python3.8/site-packages/airflow/example_dags/tutorial_taskflow_api.py took 0.124 seconds
[2025-09-21T15:44:25.771+0000] {processor.py:161} INFO - Started process (PID=713) to work on /home/airflow/.local/lib/python3.8/site-packages/airflow/example_dags/tutorial_taskflow_api.py
[2025-09-21T15:44:25.772+0000] {processor.py:830} INFO - Processing file /home/airflow/.local/lib/python3.8/site-packages/airflow/example_dags/tutorial_taskflow_api.py for tasks to queue
[2025-09-21T15:44:25.775+0000] {logging_mixin.py:188} INFO - [2025-09-21T15:44:25.775+0000] {dagbag.py:538} INFO - Filling up the DagBag from /home/airflow/.local/lib/python3.8/site-packages/airflow/example_dags/tutorial_taskflow_api.py
[2025-09-21T15:44:25.787+0000] {processor.py:840} INFO - DAG(s) 'tutorial_taskflow_api' retrieved from /home/airflow/.local/lib/python3.8/site-packages/airflow/example_dags/tutorial_taskflow_api.py
[2025-09-21T15:44:25.822+0000] {logging_mixin.py:188} INFO - [2025-09-21T15:44:25.822+0000] {dag.py:3036} INFO - Sync 1 DAGs
[2025-09-21T15:44:25.846+0000] {logging_mixin.py:188} INFO - [2025-09-21T15:44:25.846+0000] {dag.py:3823} INFO - Setting next_dagrun for tutorial_taskflow_api to None, run_after=None
[2025-09-21T15:44:25.881+0000] {processor.py:183} INFO - Processing /home/airflow/.local/lib/python3.8/site-packages/airflow/example_dags/tutorial_taskflow_api.py took 0.116 seconds
[2025-09-21T15:44:56.539+0000] {processor.py:161} INFO - Started process (PID=771) to work on /home/airflow/.local/lib/python3.8/site-packages/airflow/example_dags/tutorial_taskflow_api.py
[2025-09-21T15:44:56.541+0000] {processor.py:830} INFO - Processing file /home/airflow/.local/lib/python3.8/site-packages/airflow/example_dags/tutorial_taskflow_api.py for tasks to queue
[2025-09-21T15:44:56.546+0000] {logging_mixin.py:188} INFO - [2025-09-21T15:44:56.545+0000] {dagbag.py:538} INFO - Filling up the DagBag from /home/airflow/.local/lib/python3.8/site-packages/airflow/example_dags/tutorial_taskflow_api.py
[2025-09-21T15:44:56.559+0000] {processor.py:840} INFO - DAG(s) 'tutorial_taskflow_api' retrieved from /home/airflow/.local/lib/python3.8/site-packages/airflow/example_dags/tutorial_taskflow_api.py
[2025-09-21T15:44:56.597+0000] {logging_mixin.py:188} INFO - [2025-09-21T15:44:56.597+0000] {dag.py:3036} INFO - Sync 1 DAGs
[2025-09-21T15:44:56.620+0000] {logging_mixin.py:188} INFO - [2025-09-21T15:44:56.620+0000] {dag.py:3823} INFO - Setting next_dagrun for tutorial_taskflow_api to None, run_after=None
[2025-09-21T15:44:56.656+0000] {processor.py:183} INFO - Processing /home/airflow/.local/lib/python3.8/site-packages/airflow/example_dags/tutorial_taskflow_api.py took 0.123 seconds
[2025-09-21T15:45:26.936+0000] {processor.py:161} INFO - Started process (PID=829) to work on /home/airflow/.local/lib/python3.8/site-packages/airflow/example_dags/tutorial_taskflow_api.py
[2025-09-21T15:45:26.938+0000] {processor.py:830} INFO - Processing file /home/airflow/.local/lib/python3.8/site-packages/airflow/example_dags/tutorial_taskflow_api.py for tasks to queue
[2025-09-21T15:45:26.942+0000] {logging_mixin.py:188} INFO - [2025-09-21T15:45:26.941+0000] {dagbag.py:538} INFO - Filling up the DagBag from /home/airflow/.local/lib/python3.8/site-packages/airflow/example_dags/tutorial_taskflow_api.py
[2025-09-21T15:45:26.953+0000] {processor.py:840} INFO - DAG(s) 'tutorial_taskflow_api' retrieved from /home/airflow/.local/lib/python3.8/site-packages/airflow/example_dags/tutorial_taskflow_api.py
[2025-09-21T15:45:26.988+0000] {logging_mixin.py:188} INFO - [2025-09-21T15:45:26.988+0000] {dag.py:3036} INFO - Sync 1 DAGs
[2025-09-21T15:45:27.009+0000] {logging_mixin.py:188} INFO - [2025-09-21T15:45:27.009+0000] {dag.py:3823} INFO - Setting next_dagrun for tutorial_taskflow_api to None, run_after=None
[2025-09-21T15:45:27.042+0000] {processor.py:183} INFO - Processing /home/airflow/.local/lib/python3.8/site-packages/airflow/example_dags/tutorial_taskflow_api.py took 0.111 seconds
[2025-09-21T15:45:57.365+0000] {processor.py:161} INFO - Started process (PID=887) to work on /home/airflow/.local/lib/python3.8/site-packages/airflow/example_dags/tutorial_taskflow_api.py
[2025-09-21T15:45:57.367+0000] {processor.py:830} INFO - Processing file /home/airflow/.local/lib/python3.8/site-packages/airflow/example_dags/tutorial_taskflow_api.py for tasks to queue
[2025-09-21T15:45:57.370+0000] {logging_mixin.py:188} INFO - [2025-09-21T15:45:57.370+0000] {dagbag.py:538} INFO - Filling up the DagBag from /home/airflow/.local/lib/python3.8/site-packages/airflow/example_dags/tutorial_taskflow_api.py
[2025-09-21T15:45:57.382+0000] {processor.py:840} INFO - DAG(s) 'tutorial_taskflow_api' retrieved from /home/airflow/.local/lib/python3.8/site-packages/airflow/example_dags/tutorial_taskflow_api.py
[2025-09-21T15:45:57.417+0000] {logging_mixin.py:188} INFO - [2025-09-21T15:45:57.416+0000] {dag.py:3036} INFO - Sync 1 DAGs
[2025-09-21T15:45:57.438+0000] {logging_mixin.py:188} INFO - [2025-09-21T15:45:57.438+0000] {dag.py:3823} INFO - Setting next_dagrun for tutorial_taskflow_api to None, run_after=None
[2025-09-21T15:45:57.471+0000] {processor.py:183} INFO - Processing /home/airflow/.local/lib/python3.8/site-packages/airflow/example_dags/tutorial_taskflow_api.py took 0.112 seconds
[2025-09-21T15:46:28.119+0000] {processor.py:161} INFO - Started process (PID=945) to work on /home/airflow/.local/lib/python3.8/site-packages/airflow/example_dags/tutorial_taskflow_api.py
[2025-09-21T15:46:28.121+0000] {processor.py:830} INFO - Processing file /home/airflow/.local/lib/python3.8/site-packages/airflow/example_dags/tutorial_taskflow_api.py for tasks to queue
[2025-09-21T15:46:28.125+0000] {logging_mixin.py:188} INFO - [2025-09-21T15:46:28.124+0000] {dagbag.py:538} INFO - Filling up the DagBag from /home/airflow/.local/lib/python3.8/site-packages/airflow/example_dags/tutorial_taskflow_api.py
[2025-09-21T15:46:28.136+0000] {processor.py:840} INFO - DAG(s) 'tutorial_taskflow_api' retrieved from /home/airflow/.local/lib/python3.8/site-packages/airflow/example_dags/tutorial_taskflow_api.py
[2025-09-21T15:46:28.172+0000] {logging_mixin.py:188} INFO - [2025-09-21T15:46:28.172+0000] {dag.py:3036} INFO - Sync 1 DAGs
[2025-09-21T15:46:28.193+0000] {logging_mixin.py:188} INFO - [2025-09-21T15:46:28.193+0000] {dag.py:3823} INFO - Setting next_dagrun for tutorial_taskflow_api to None, run_after=None
[2025-09-21T15:46:28.231+0000] {processor.py:183} INFO - Processing /home/airflow/.local/lib/python3.8/site-packages/airflow/example_dags/tutorial_taskflow_api.py took 0.117 seconds
[2025-09-21T15:46:58.359+0000] {processor.py:161} INFO - Started process (PID=1003) to work on /home/airflow/.local/lib/python3.8/site-packages/airflow/example_dags/tutorial_taskflow_api.py
[2025-09-21T15:46:58.361+0000] {processor.py:830} INFO - Processing file /home/airflow/.local/lib/python3.8/site-packages/airflow/example_dags/tutorial_taskflow_api.py for tasks to queue
[2025-09-21T15:46:58.364+0000] {logging_mixin.py:188} INFO - [2025-09-21T15:46:58.364+0000] {dagbag.py:538} INFO - Filling up the DagBag from /home/airflow/.local/lib/python3.8/site-packages/airflow/example_dags/tutorial_taskflow_api.py
[2025-09-21T15:46:58.376+0000] {processor.py:840} INFO - DAG(s) 'tutorial_taskflow_api' retrieved from /home/airflow/.local/lib/python3.8/site-packages/airflow/example_dags/tutorial_taskflow_api.py
[2025-09-21T15:46:58.419+0000] {logging_mixin.py:188} INFO - [2025-09-21T15:46:58.418+0000] {dag.py:3036} INFO - Sync 1 DAGs
[2025-09-21T15:46:58.457+0000] {logging_mixin.py:188} INFO - [2025-09-21T15:46:58.457+0000] {dag.py:3823} INFO - Setting next_dagrun for tutorial_taskflow_api to None, run_after=None
[2025-09-21T15:46:58.501+0000] {processor.py:183} INFO - Processing /home/airflow/.local/lib/python3.8/site-packages/airflow/example_dags/tutorial_taskflow_api.py took 0.149 seconds
[2025-09-21T15:47:29.442+0000] {processor.py:161} INFO - Started process (PID=1061) to work on /home/airflow/.local/lib/python3.8/site-packages/airflow/example_dags/tutorial_taskflow_api.py
[2025-09-21T15:47:29.445+0000] {processor.py:830} INFO - Processing file /home/airflow/.local/lib/python3.8/site-packages/airflow/example_dags/tutorial_taskflow_api.py for tasks to queue
[2025-09-21T15:47:29.448+0000] {logging_mixin.py:188} INFO - [2025-09-21T15:47:29.448+0000] {dagbag.py:538} INFO - Filling up the DagBag from /home/airflow/.local/lib/python3.8/site-packages/airflow/example_dags/tutorial_taskflow_api.py
[2025-09-21T15:47:29.462+0000] {processor.py:840} INFO - DAG(s) 'tutorial_taskflow_api' retrieved from /home/airflow/.local/lib/python3.8/site-packages/airflow/example_dags/tutorial_taskflow_api.py
[2025-09-21T15:47:29.507+0000] {logging_mixin.py:188} INFO - [2025-09-21T15:47:29.506+0000] {dag.py:3036} INFO - Sync 1 DAGs
[2025-09-21T15:47:29.542+0000] {logging_mixin.py:188} INFO - [2025-09-21T15:47:29.541+0000] {dag.py:3823} INFO - Setting next_dagrun for tutorial_taskflow_api to None, run_after=None
[2025-09-21T15:47:29.581+0000] {processor.py:183} INFO - Processing /home/airflow/.local/lib/python3.8/site-packages/airflow/example_dags/tutorial_taskflow_api.py took 0.147 seconds
[2025-09-21T15:47:59.745+0000] {processor.py:161} INFO - Started process (PID=1119) to work on /home/airflow/.local/lib/python3.8/site-packages/airflow/example_dags/tutorial_taskflow_api.py
[2025-09-21T15:47:59.747+0000] {processor.py:830} INFO - Processing file /home/airflow/.local/lib/python3.8/site-packages/airflow/example_dags/tutorial_taskflow_api.py for tasks to queue
[2025-09-21T15:47:59.750+0000] {logging_mixin.py:188} INFO - [2025-09-21T15:47:59.749+0000] {dagbag.py:538} INFO - Filling up the DagBag from /home/airflow/.local/lib/python3.8/site-packages/airflow/example_dags/tutorial_taskflow_api.py
[2025-09-21T15:47:59.761+0000] {processor.py:840} INFO - DAG(s) 'tutorial_taskflow_api' retrieved from /home/airflow/.local/lib/python3.8/site-packages/airflow/example_dags/tutorial_taskflow_api.py
[2025-09-21T15:47:59.796+0000] {logging_mixin.py:188} INFO - [2025-09-21T15:47:59.795+0000] {dag.py:3036} INFO - Sync 1 DAGs
[2025-09-21T15:47:59.819+0000] {logging_mixin.py:188} INFO - [2025-09-21T15:47:59.818+0000] {dag.py:3823} INFO - Setting next_dagrun for tutorial_taskflow_api to None, run_after=None
[2025-09-21T15:47:59.859+0000] {processor.py:183} INFO - Processing /home/airflow/.local/lib/python3.8/site-packages/airflow/example_dags/tutorial_taskflow_api.py took 0.119 seconds
[2025-09-21T15:48:30.168+0000] {processor.py:161} INFO - Started process (PID=1177) to work on /home/airflow/.local/lib/python3.8/site-packages/airflow/example_dags/tutorial_taskflow_api.py
[2025-09-21T15:48:30.169+0000] {processor.py:830} INFO - Processing file /home/airflow/.local/lib/python3.8/site-packages/airflow/example_dags/tutorial_taskflow_api.py for tasks to queue
[2025-09-21T15:48:30.173+0000] {logging_mixin.py:188} INFO - [2025-09-21T15:48:30.172+0000] {dagbag.py:538} INFO - Filling up the DagBag from /home/airflow/.local/lib/python3.8/site-packages/airflow/example_dags/tutorial_taskflow_api.py
[2025-09-21T15:48:30.184+0000] {processor.py:840} INFO - DAG(s) 'tutorial_taskflow_api' retrieved from /home/airflow/.local/lib/python3.8/site-packages/airflow/example_dags/tutorial_taskflow_api.py
[2025-09-21T15:48:30.219+0000] {logging_mixin.py:188} INFO - [2025-09-21T15:48:30.219+0000] {dag.py:3036} INFO - Sync 1 DAGs
[2025-09-21T15:48:30.241+0000] {logging_mixin.py:188} INFO - [2025-09-21T15:48:30.241+0000] {dag.py:3823} INFO - Setting next_dagrun for tutorial_taskflow_api to None, run_after=None
[2025-09-21T15:48:30.274+0000] {processor.py:183} INFO - Processing /home/airflow/.local/lib/python3.8/site-packages/airflow/example_dags/tutorial_taskflow_api.py took 0.112 seconds
[2025-09-21T15:49:00.582+0000] {processor.py:161} INFO - Started process (PID=1235) to work on /home/airflow/.local/lib/python3.8/site-packages/airflow/example_dags/tutorial_taskflow_api.py
[2025-09-21T15:49:00.584+0000] {processor.py:830} INFO - Processing file /home/airflow/.local/lib/python3.8/site-packages/airflow/example_dags/tutorial_taskflow_api.py for tasks to queue
[2025-09-21T15:49:00.587+0000] {logging_mixin.py:188} INFO - [2025-09-21T15:49:00.587+0000] {dagbag.py:538} INFO - Filling up the DagBag from /home/airflow/.local/lib/python3.8/site-packages/airflow/example_dags/tutorial_taskflow_api.py
[2025-09-21T15:49:00.599+0000] {processor.py:840} INFO - DAG(s) 'tutorial_taskflow_api' retrieved from /home/airflow/.local/lib/python3.8/site-packages/airflow/example_dags/tutorial_taskflow_api.py
[2025-09-21T15:49:00.634+0000] {logging_mixin.py:188} INFO - [2025-09-21T15:49:00.633+0000] {dag.py:3036} INFO - Sync 1 DAGs
[2025-09-21T15:49:00.655+0000] {logging_mixin.py:188} INFO - [2025-09-21T15:49:00.655+0000] {dag.py:3823} INFO - Setting next_dagrun for tutorial_taskflow_api to None, run_after=None
[2025-09-21T15:49:00.693+0000] {processor.py:183} INFO - Processing /home/airflow/.local/lib/python3.8/site-packages/airflow/example_dags/tutorial_taskflow_api.py took 0.116 seconds
[2025-09-21T15:49:30.945+0000] {processor.py:161} INFO - Started process (PID=1293) to work on /home/airflow/.local/lib/python3.8/site-packages/airflow/example_dags/tutorial_taskflow_api.py
[2025-09-21T15:49:30.947+0000] {processor.py:830} INFO - Processing file /home/airflow/.local/lib/python3.8/site-packages/airflow/example_dags/tutorial_taskflow_api.py for tasks to queue
[2025-09-21T15:49:30.950+0000] {logging_mixin.py:188} INFO - [2025-09-21T15:49:30.950+0000] {dagbag.py:538} INFO - Filling up the DagBag from /home/airflow/.local/lib/python3.8/site-packages/airflow/example_dags/tutorial_taskflow_api.py
[2025-09-21T15:49:30.962+0000] {processor.py:840} INFO - DAG(s) 'tutorial_taskflow_api' retrieved from /home/airflow/.local/lib/python3.8/site-packages/airflow/example_dags/tutorial_taskflow_api.py
[2025-09-21T15:49:30.998+0000] {logging_mixin.py:188} INFO - [2025-09-21T15:49:30.997+0000] {dag.py:3036} INFO - Sync 1 DAGs
[2025-09-21T15:49:31.020+0000] {logging_mixin.py:188} INFO - [2025-09-21T15:49:31.020+0000] {dag.py:3823} INFO - Setting next_dagrun for tutorial_taskflow_api to None, run_after=None
[2025-09-21T15:49:31.054+0000] {processor.py:183} INFO - Processing /home/airflow/.local/lib/python3.8/site-packages/airflow/example_dags/tutorial_taskflow_api.py took 0.115 seconds
[2025-09-21T15:50:02.007+0000] {processor.py:161} INFO - Started process (PID=1351) to work on /home/airflow/.local/lib/python3.8/site-packages/airflow/example_dags/tutorial_taskflow_api.py
[2025-09-21T15:50:02.010+0000] {processor.py:830} INFO - Processing file /home/airflow/.local/lib/python3.8/site-packages/airflow/example_dags/tutorial_taskflow_api.py for tasks to queue
[2025-09-21T15:50:02.013+0000] {logging_mixin.py:188} INFO - [2025-09-21T15:50:02.012+0000] {dagbag.py:538} INFO - Filling up the DagBag from /home/airflow/.local/lib/python3.8/site-packages/airflow/example_dags/tutorial_taskflow_api.py
[2025-09-21T15:50:02.024+0000] {processor.py:840} INFO - DAG(s) 'tutorial_taskflow_api' retrieved from /home/airflow/.local/lib/python3.8/site-packages/airflow/example_dags/tutorial_taskflow_api.py
[2025-09-21T15:50:02.060+0000] {logging_mixin.py:188} INFO - [2025-09-21T15:50:02.060+0000] {dag.py:3036} INFO - Sync 1 DAGs
[2025-09-21T15:50:02.082+0000] {logging_mixin.py:188} INFO - [2025-09-21T15:50:02.081+0000] {dag.py:3823} INFO - Setting next_dagrun for tutorial_taskflow_api to None, run_after=None
[2025-09-21T15:50:02.120+0000] {processor.py:183} INFO - Processing /home/airflow/.local/lib/python3.8/site-packages/airflow/example_dags/tutorial_taskflow_api.py took 0.118 seconds
[2025-09-21T15:50:32.612+0000] {processor.py:161} INFO - Started process (PID=1409) to work on /home/airflow/.local/lib/python3.8/site-packages/airflow/example_dags/tutorial_taskflow_api.py
[2025-09-21T15:50:32.614+0000] {processor.py:830} INFO - Processing file /home/airflow/.local/lib/python3.8/site-packages/airflow/example_dags/tutorial_taskflow_api.py for tasks to queue
[2025-09-21T15:50:32.617+0000] {logging_mixin.py:188} INFO - [2025-09-21T15:50:32.617+0000] {dagbag.py:538} INFO - Filling up the DagBag from /home/airflow/.local/lib/python3.8/site-packages/airflow/example_dags/tutorial_taskflow_api.py
[2025-09-21T15:50:32.629+0000] {processor.py:840} INFO - DAG(s) 'tutorial_taskflow_api' retrieved from /home/airflow/.local/lib/python3.8/site-packages/airflow/example_dags/tutorial_taskflow_api.py
[2025-09-21T15:50:32.664+0000] {logging_mixin.py:188} INFO - [2025-09-21T15:50:32.664+0000] {dag.py:3036} INFO - Sync 1 DAGs
[2025-09-21T15:50:32.685+0000] {logging_mixin.py:188} INFO - [2025-09-21T15:50:32.685+0000] {dag.py:3823} INFO - Setting next_dagrun for tutorial_taskflow_api to None, run_after=None
[2025-09-21T15:50:32.724+0000] {processor.py:183} INFO - Processing /home/airflow/.local/lib/python3.8/site-packages/airflow/example_dags/tutorial_taskflow_api.py took 0.117 seconds
[2025-09-21T15:51:03.118+0000] {processor.py:161} INFO - Started process (PID=1467) to work on /home/airflow/.local/lib/python3.8/site-packages/airflow/example_dags/tutorial_taskflow_api.py
[2025-09-21T15:51:03.120+0000] {processor.py:830} INFO - Processing file /home/airflow/.local/lib/python3.8/site-packages/airflow/example_dags/tutorial_taskflow_api.py for tasks to queue
[2025-09-21T15:51:03.123+0000] {logging_mixin.py:188} INFO - [2025-09-21T15:51:03.122+0000] {dagbag.py:538} INFO - Filling up the DagBag from /home/airflow/.local/lib/python3.8/site-packages/airflow/example_dags/tutorial_taskflow_api.py
[2025-09-21T15:51:03.134+0000] {processor.py:840} INFO - DAG(s) 'tutorial_taskflow_api' retrieved from /home/airflow/.local/lib/python3.8/site-packages/airflow/example_dags/tutorial_taskflow_api.py
[2025-09-21T15:51:03.168+0000] {logging_mixin.py:188} INFO - [2025-09-21T15:51:03.168+0000] {dag.py:3036} INFO - Sync 1 DAGs
[2025-09-21T15:51:03.190+0000] {logging_mixin.py:188} INFO - [2025-09-21T15:51:03.190+0000] {dag.py:3823} INFO - Setting next_dagrun for tutorial_taskflow_api to None, run_after=None
[2025-09-21T15:51:03.231+0000] {processor.py:183} INFO - Processing /home/airflow/.local/lib/python3.8/site-packages/airflow/example_dags/tutorial_taskflow_api.py took 0.120 seconds
[2025-09-21T15:51:33.970+0000] {processor.py:161} INFO - Started process (PID=1525) to work on /home/airflow/.local/lib/python3.8/site-packages/airflow/example_dags/tutorial_taskflow_api.py
[2025-09-21T15:51:33.974+0000] {processor.py:830} INFO - Processing file /home/airflow/.local/lib/python3.8/site-packages/airflow/example_dags/tutorial_taskflow_api.py for tasks to queue
[2025-09-21T15:51:33.977+0000] {logging_mixin.py:188} INFO - [2025-09-21T15:51:33.977+0000] {dagbag.py:538} INFO - Filling up the DagBag from /home/airflow/.local/lib/python3.8/site-packages/airflow/example_dags/tutorial_taskflow_api.py
[2025-09-21T15:51:33.994+0000] {processor.py:840} INFO - DAG(s) 'tutorial_taskflow_api' retrieved from /home/airflow/.local/lib/python3.8/site-packages/airflow/example_dags/tutorial_taskflow_api.py
[2025-09-21T15:51:34.034+0000] {logging_mixin.py:188} INFO - [2025-09-21T15:51:34.034+0000] {dag.py:3036} INFO - Sync 1 DAGs
[2025-09-21T15:51:34.060+0000] {logging_mixin.py:188} INFO - [2025-09-21T15:51:34.060+0000] {dag.py:3823} INFO - Setting next_dagrun for tutorial_taskflow_api to None, run_after=None
[2025-09-21T15:51:34.096+0000] {processor.py:183} INFO - Processing /home/airflow/.local/lib/python3.8/site-packages/airflow/example_dags/tutorial_taskflow_api.py took 0.133 seconds
[2025-09-21T15:52:04.345+0000] {processor.py:161} INFO - Started process (PID=1583) to work on /home/airflow/.local/lib/python3.8/site-packages/airflow/example_dags/tutorial_taskflow_api.py
[2025-09-21T15:52:04.347+0000] {processor.py:830} INFO - Processing file /home/airflow/.local/lib/python3.8/site-packages/airflow/example_dags/tutorial_taskflow_api.py for tasks to queue
[2025-09-21T15:52:04.350+0000] {logging_mixin.py:188} INFO - [2025-09-21T15:52:04.349+0000] {dagbag.py:538} INFO - Filling up the DagBag from /home/airflow/.local/lib/python3.8/site-packages/airflow/example_dags/tutorial_taskflow_api.py
[2025-09-21T15:52:04.363+0000] {processor.py:840} INFO - DAG(s) 'tutorial_taskflow_api' retrieved from /home/airflow/.local/lib/python3.8/site-packages/airflow/example_dags/tutorial_taskflow_api.py
[2025-09-21T15:52:04.398+0000] {logging_mixin.py:188} INFO - [2025-09-21T15:52:04.398+0000] {dag.py:3036} INFO - Sync 1 DAGs
[2025-09-21T15:52:04.420+0000] {logging_mixin.py:188} INFO - [2025-09-21T15:52:04.420+0000] {dag.py:3823} INFO - Setting next_dagrun for tutorial_taskflow_api to None, run_after=None
[2025-09-21T15:52:04.454+0000] {processor.py:183} INFO - Processing /home/airflow/.local/lib/python3.8/site-packages/airflow/example_dags/tutorial_taskflow_api.py took 0.115 seconds
[2025-09-21T15:52:34.710+0000] {processor.py:161} INFO - Started process (PID=1641) to work on /home/airflow/.local/lib/python3.8/site-packages/airflow/example_dags/tutorial_taskflow_api.py
[2025-09-21T15:52:34.712+0000] {processor.py:830} INFO - Processing file /home/airflow/.local/lib/python3.8/site-packages/airflow/example_dags/tutorial_taskflow_api.py for tasks to queue
[2025-09-21T15:52:34.716+0000] {logging_mixin.py:188} INFO - [2025-09-21T15:52:34.715+0000] {dagbag.py:538} INFO - Filling up the DagBag from /home/airflow/.local/lib/python3.8/site-packages/airflow/example_dags/tutorial_taskflow_api.py
[2025-09-21T15:52:34.727+0000] {processor.py:840} INFO - DAG(s) 'tutorial_taskflow_api' retrieved from /home/airflow/.local/lib/python3.8/site-packages/airflow/example_dags/tutorial_taskflow_api.py
[2025-09-21T15:52:34.763+0000] {logging_mixin.py:188} INFO - [2025-09-21T15:52:34.762+0000] {dag.py:3036} INFO - Sync 1 DAGs
[2025-09-21T15:52:34.784+0000] {logging_mixin.py:188} INFO - [2025-09-21T15:52:34.784+0000] {dag.py:3823} INFO - Setting next_dagrun for tutorial_taskflow_api to None, run_after=None
[2025-09-21T15:52:34.822+0000] {processor.py:183} INFO - Processing /home/airflow/.local/lib/python3.8/site-packages/airflow/example_dags/tutorial_taskflow_api.py took 0.117 seconds
[2025-09-21T15:53:05.515+0000] {processor.py:161} INFO - Started process (PID=1699) to work on /home/airflow/.local/lib/python3.8/site-packages/airflow/example_dags/tutorial_taskflow_api.py
[2025-09-21T15:53:05.518+0000] {processor.py:830} INFO - Processing file /home/airflow/.local/lib/python3.8/site-packages/airflow/example_dags/tutorial_taskflow_api.py for tasks to queue
[2025-09-21T15:53:05.522+0000] {logging_mixin.py:188} INFO - [2025-09-21T15:53:05.521+0000] {dagbag.py:538} INFO - Filling up the DagBag from /home/airflow/.local/lib/python3.8/site-packages/airflow/example_dags/tutorial_taskflow_api.py
[2025-09-21T15:53:05.534+0000] {processor.py:840} INFO - DAG(s) 'tutorial_taskflow_api' retrieved from /home/airflow/.local/lib/python3.8/site-packages/airflow/example_dags/tutorial_taskflow_api.py
[2025-09-21T15:53:05.570+0000] {logging_mixin.py:188} INFO - [2025-09-21T15:53:05.570+0000] {dag.py:3036} INFO - Sync 1 DAGs
[2025-09-21T15:53:05.592+0000] {logging_mixin.py:188} INFO - [2025-09-21T15:53:05.591+0000] {dag.py:3823} INFO - Setting next_dagrun for tutorial_taskflow_api to None, run_after=None
[2025-09-21T15:53:05.626+0000] {processor.py:183} INFO - Processing /home/airflow/.local/lib/python3.8/site-packages/airflow/example_dags/tutorial_taskflow_api.py took 0.117 seconds
[2025-09-21T15:53:36.112+0000] {processor.py:161} INFO - Started process (PID=1757) to work on /home/airflow/.local/lib/python3.8/site-packages/airflow/example_dags/tutorial_taskflow_api.py
[2025-09-21T15:53:36.114+0000] {processor.py:830} INFO - Processing file /home/airflow/.local/lib/python3.8/site-packages/airflow/example_dags/tutorial_taskflow_api.py for tasks to queue
[2025-09-21T15:53:36.118+0000] {logging_mixin.py:188} INFO - [2025-09-21T15:53:36.117+0000] {dagbag.py:538} INFO - Filling up the DagBag from /home/airflow/.local/lib/python3.8/site-packages/airflow/example_dags/tutorial_taskflow_api.py
[2025-09-21T15:53:36.130+0000] {processor.py:840} INFO - DAG(s) 'tutorial_taskflow_api' retrieved from /home/airflow/.local/lib/python3.8/site-packages/airflow/example_dags/tutorial_taskflow_api.py
[2025-09-21T15:53:36.165+0000] {logging_mixin.py:188} INFO - [2025-09-21T15:53:36.165+0000] {dag.py:3036} INFO - Sync 1 DAGs
[2025-09-21T15:53:36.187+0000] {logging_mixin.py:188} INFO - [2025-09-21T15:53:36.187+0000] {dag.py:3823} INFO - Setting next_dagrun for tutorial_taskflow_api to None, run_after=None
[2025-09-21T15:53:36.222+0000] {processor.py:183} INFO - Processing /home/airflow/.local/lib/python3.8/site-packages/airflow/example_dags/tutorial_taskflow_api.py took 0.116 seconds
[2025-09-21T15:54:06.800+0000] {processor.py:161} INFO - Started process (PID=1815) to work on /home/airflow/.local/lib/python3.8/site-packages/airflow/example_dags/tutorial_taskflow_api.py
[2025-09-21T15:54:06.802+0000] {processor.py:830} INFO - Processing file /home/airflow/.local/lib/python3.8/site-packages/airflow/example_dags/tutorial_taskflow_api.py for tasks to queue
[2025-09-21T15:54:06.806+0000] {logging_mixin.py:188} INFO - [2025-09-21T15:54:06.805+0000] {dagbag.py:538} INFO - Filling up the DagBag from /home/airflow/.local/lib/python3.8/site-packages/airflow/example_dags/tutorial_taskflow_api.py
[2025-09-21T15:54:06.818+0000] {processor.py:840} INFO - DAG(s) 'tutorial_taskflow_api' retrieved from /home/airflow/.local/lib/python3.8/site-packages/airflow/example_dags/tutorial_taskflow_api.py
[2025-09-21T15:54:06.873+0000] {logging_mixin.py:188} INFO - [2025-09-21T15:54:06.872+0000] {dag.py:3036} INFO - Sync 1 DAGs
[2025-09-21T15:54:06.898+0000] {logging_mixin.py:188} INFO - [2025-09-21T15:54:06.898+0000] {dag.py:3823} INFO - Setting next_dagrun for tutorial_taskflow_api to None, run_after=None
[2025-09-21T15:54:07.112+0000] {processor.py:183} INFO - Processing /home/airflow/.local/lib/python3.8/site-packages/airflow/example_dags/tutorial_taskflow_api.py took 0.318 seconds
[2025-09-21T15:54:37.645+0000] {processor.py:161} INFO - Started process (PID=1873) to work on /home/airflow/.local/lib/python3.8/site-packages/airflow/example_dags/tutorial_taskflow_api.py
[2025-09-21T15:54:37.647+0000] {processor.py:830} INFO - Processing file /home/airflow/.local/lib/python3.8/site-packages/airflow/example_dags/tutorial_taskflow_api.py for tasks to queue
[2025-09-21T15:54:37.650+0000] {logging_mixin.py:188} INFO - [2025-09-21T15:54:37.649+0000] {dagbag.py:538} INFO - Filling up the DagBag from /home/airflow/.local/lib/python3.8/site-packages/airflow/example_dags/tutorial_taskflow_api.py
[2025-09-21T15:54:37.662+0000] {processor.py:840} INFO - DAG(s) 'tutorial_taskflow_api' retrieved from /home/airflow/.local/lib/python3.8/site-packages/airflow/example_dags/tutorial_taskflow_api.py
[2025-09-21T15:54:37.696+0000] {logging_mixin.py:188} INFO - [2025-09-21T15:54:37.696+0000] {dag.py:3036} INFO - Sync 1 DAGs
[2025-09-21T15:54:37.719+0000] {logging_mixin.py:188} INFO - [2025-09-21T15:54:37.719+0000] {dag.py:3823} INFO - Setting next_dagrun for tutorial_taskflow_api to None, run_after=None
[2025-09-21T15:54:37.758+0000] {processor.py:183} INFO - Processing /home/airflow/.local/lib/python3.8/site-packages/airflow/example_dags/tutorial_taskflow_api.py took 0.119 seconds
[2025-09-21T15:55:08.274+0000] {processor.py:161} INFO - Started process (PID=1930) to work on /home/airflow/.local/lib/python3.8/site-packages/airflow/example_dags/tutorial_taskflow_api.py
[2025-09-21T15:55:08.275+0000] {processor.py:830} INFO - Processing file /home/airflow/.local/lib/python3.8/site-packages/airflow/example_dags/tutorial_taskflow_api.py for tasks to queue
[2025-09-21T15:55:08.279+0000] {logging_mixin.py:188} INFO - [2025-09-21T15:55:08.278+0000] {dagbag.py:538} INFO - Filling up the DagBag from /home/airflow/.local/lib/python3.8/site-packages/airflow/example_dags/tutorial_taskflow_api.py
[2025-09-21T15:55:08.290+0000] {processor.py:840} INFO - DAG(s) 'tutorial_taskflow_api' retrieved from /home/airflow/.local/lib/python3.8/site-packages/airflow/example_dags/tutorial_taskflow_api.py
[2025-09-21T15:55:08.323+0000] {logging_mixin.py:188} INFO - [2025-09-21T15:55:08.323+0000] {dag.py:3036} INFO - Sync 1 DAGs
[2025-09-21T15:55:08.346+0000] {logging_mixin.py:188} INFO - [2025-09-21T15:55:08.345+0000] {dag.py:3823} INFO - Setting next_dagrun for tutorial_taskflow_api to None, run_after=None
[2025-09-21T15:55:08.595+0000] {processor.py:183} INFO - Processing /home/airflow/.local/lib/python3.8/site-packages/airflow/example_dags/tutorial_taskflow_api.py took 0.327 seconds
[2025-09-21T15:55:39.185+0000] {processor.py:161} INFO - Started process (PID=1989) to work on /home/airflow/.local/lib/python3.8/site-packages/airflow/example_dags/tutorial_taskflow_api.py
[2025-09-21T15:55:39.187+0000] {processor.py:830} INFO - Processing file /home/airflow/.local/lib/python3.8/site-packages/airflow/example_dags/tutorial_taskflow_api.py for tasks to queue
[2025-09-21T15:55:39.190+0000] {logging_mixin.py:188} INFO - [2025-09-21T15:55:39.189+0000] {dagbag.py:538} INFO - Filling up the DagBag from /home/airflow/.local/lib/python3.8/site-packages/airflow/example_dags/tutorial_taskflow_api.py
[2025-09-21T15:55:39.201+0000] {processor.py:840} INFO - DAG(s) 'tutorial_taskflow_api' retrieved from /home/airflow/.local/lib/python3.8/site-packages/airflow/example_dags/tutorial_taskflow_api.py
[2025-09-21T15:55:39.235+0000] {logging_mixin.py:188} INFO - [2025-09-21T15:55:39.235+0000] {dag.py:3036} INFO - Sync 1 DAGs
[2025-09-21T15:55:39.259+0000] {logging_mixin.py:188} INFO - [2025-09-21T15:55:39.258+0000] {dag.py:3823} INFO - Setting next_dagrun for tutorial_taskflow_api to None, run_after=None
[2025-09-21T15:55:39.449+0000] {processor.py:183} INFO - Processing /home/airflow/.local/lib/python3.8/site-packages/airflow/example_dags/tutorial_taskflow_api.py took 0.270 seconds
[2025-09-21T15:56:10.046+0000] {processor.py:161} INFO - Started process (PID=2045) to work on /home/airflow/.local/lib/python3.8/site-packages/airflow/example_dags/tutorial_taskflow_api.py
[2025-09-21T15:56:10.055+0000] {processor.py:830} INFO - Processing file /home/airflow/.local/lib/python3.8/site-packages/airflow/example_dags/tutorial_taskflow_api.py for tasks to queue
[2025-09-21T15:56:10.063+0000] {logging_mixin.py:188} INFO - [2025-09-21T15:56:10.062+0000] {dagbag.py:538} INFO - Filling up the DagBag from /home/airflow/.local/lib/python3.8/site-packages/airflow/example_dags/tutorial_taskflow_api.py
[2025-09-21T15:56:10.091+0000] {processor.py:840} INFO - DAG(s) 'tutorial_taskflow_api' retrieved from /home/airflow/.local/lib/python3.8/site-packages/airflow/example_dags/tutorial_taskflow_api.py
[2025-09-21T15:56:10.152+0000] {logging_mixin.py:188} INFO - [2025-09-21T15:56:10.151+0000] {dag.py:3036} INFO - Sync 1 DAGs
[2025-09-21T15:56:10.189+0000] {logging_mixin.py:188} INFO - [2025-09-21T15:56:10.188+0000] {dag.py:3823} INFO - Setting next_dagrun for tutorial_taskflow_api to None, run_after=None
[2025-09-21T15:56:10.241+0000] {processor.py:183} INFO - Processing /home/airflow/.local/lib/python3.8/site-packages/airflow/example_dags/tutorial_taskflow_api.py took 0.204 seconds
[2025-09-21T15:56:40.330+0000] {processor.py:161} INFO - Started process (PID=2103) to work on /home/airflow/.local/lib/python3.8/site-packages/airflow/example_dags/tutorial_taskflow_api.py
[2025-09-21T15:56:40.332+0000] {processor.py:830} INFO - Processing file /home/airflow/.local/lib/python3.8/site-packages/airflow/example_dags/tutorial_taskflow_api.py for tasks to queue
[2025-09-21T15:56:40.335+0000] {logging_mixin.py:188} INFO - [2025-09-21T15:56:40.335+0000] {dagbag.py:538} INFO - Filling up the DagBag from /home/airflow/.local/lib/python3.8/site-packages/airflow/example_dags/tutorial_taskflow_api.py
[2025-09-21T15:56:40.347+0000] {processor.py:840} INFO - DAG(s) 'tutorial_taskflow_api' retrieved from /home/airflow/.local/lib/python3.8/site-packages/airflow/example_dags/tutorial_taskflow_api.py
[2025-09-21T15:56:40.387+0000] {logging_mixin.py:188} INFO - [2025-09-21T15:56:40.386+0000] {dag.py:3036} INFO - Sync 1 DAGs
[2025-09-21T15:56:40.410+0000] {logging_mixin.py:188} INFO - [2025-09-21T15:56:40.409+0000] {dag.py:3823} INFO - Setting next_dagrun for tutorial_taskflow_api to None, run_after=None
[2025-09-21T15:56:40.453+0000] {processor.py:183} INFO - Processing /home/airflow/.local/lib/python3.8/site-packages/airflow/example_dags/tutorial_taskflow_api.py took 0.129 seconds
[2025-09-21T15:57:10.968+0000] {processor.py:161} INFO - Started process (PID=2161) to work on /home/airflow/.local/lib/python3.8/site-packages/airflow/example_dags/tutorial_taskflow_api.py
[2025-09-21T15:57:10.970+0000] {processor.py:830} INFO - Processing file /home/airflow/.local/lib/python3.8/site-packages/airflow/example_dags/tutorial_taskflow_api.py for tasks to queue
[2025-09-21T15:57:10.974+0000] {logging_mixin.py:188} INFO - [2025-09-21T15:57:10.973+0000] {dagbag.py:538} INFO - Filling up the DagBag from /home/airflow/.local/lib/python3.8/site-packages/airflow/example_dags/tutorial_taskflow_api.py
[2025-09-21T15:57:10.986+0000] {processor.py:840} INFO - DAG(s) 'tutorial_taskflow_api' retrieved from /home/airflow/.local/lib/python3.8/site-packages/airflow/example_dags/tutorial_taskflow_api.py
[2025-09-21T15:57:11.022+0000] {logging_mixin.py:188} INFO - [2025-09-21T15:57:11.021+0000] {dag.py:3036} INFO - Sync 1 DAGs
[2025-09-21T15:57:11.044+0000] {logging_mixin.py:188} INFO - [2025-09-21T15:57:11.044+0000] {dag.py:3823} INFO - Setting next_dagrun for tutorial_taskflow_api to None, run_after=None
[2025-09-21T15:57:11.085+0000] {processor.py:183} INFO - Processing /home/airflow/.local/lib/python3.8/site-packages/airflow/example_dags/tutorial_taskflow_api.py took 0.122 seconds
[2025-09-21T15:57:41.333+0000] {processor.py:161} INFO - Started process (PID=2219) to work on /home/airflow/.local/lib/python3.8/site-packages/airflow/example_dags/tutorial_taskflow_api.py
[2025-09-21T15:57:41.335+0000] {processor.py:830} INFO - Processing file /home/airflow/.local/lib/python3.8/site-packages/airflow/example_dags/tutorial_taskflow_api.py for tasks to queue
[2025-09-21T15:57:41.339+0000] {logging_mixin.py:188} INFO - [2025-09-21T15:57:41.338+0000] {dagbag.py:538} INFO - Filling up the DagBag from /home/airflow/.local/lib/python3.8/site-packages/airflow/example_dags/tutorial_taskflow_api.py
[2025-09-21T15:57:41.350+0000] {processor.py:840} INFO - DAG(s) 'tutorial_taskflow_api' retrieved from /home/airflow/.local/lib/python3.8/site-packages/airflow/example_dags/tutorial_taskflow_api.py
[2025-09-21T15:57:41.386+0000] {logging_mixin.py:188} INFO - [2025-09-21T15:57:41.386+0000] {dag.py:3036} INFO - Sync 1 DAGs
[2025-09-21T15:57:41.412+0000] {logging_mixin.py:188} INFO - [2025-09-21T15:57:41.412+0000] {dag.py:3823} INFO - Setting next_dagrun for tutorial_taskflow_api to None, run_after=None
[2025-09-21T15:57:41.451+0000] {processor.py:183} INFO - Processing /home/airflow/.local/lib/python3.8/site-packages/airflow/example_dags/tutorial_taskflow_api.py took 0.123 seconds
[2025-09-21T15:58:11.673+0000] {processor.py:161} INFO - Started process (PID=2277) to work on /home/airflow/.local/lib/python3.8/site-packages/airflow/example_dags/tutorial_taskflow_api.py
[2025-09-21T15:58:11.674+0000] {processor.py:830} INFO - Processing file /home/airflow/.local/lib/python3.8/site-packages/airflow/example_dags/tutorial_taskflow_api.py for tasks to queue
[2025-09-21T15:58:11.678+0000] {logging_mixin.py:188} INFO - [2025-09-21T15:58:11.677+0000] {dagbag.py:538} INFO - Filling up the DagBag from /home/airflow/.local/lib/python3.8/site-packages/airflow/example_dags/tutorial_taskflow_api.py
[2025-09-21T15:58:11.691+0000] {processor.py:840} INFO - DAG(s) 'tutorial_taskflow_api' retrieved from /home/airflow/.local/lib/python3.8/site-packages/airflow/example_dags/tutorial_taskflow_api.py
[2025-09-21T15:58:11.729+0000] {logging_mixin.py:188} INFO - [2025-09-21T15:58:11.728+0000] {dag.py:3036} INFO - Sync 1 DAGs
[2025-09-21T15:58:11.751+0000] {logging_mixin.py:188} INFO - [2025-09-21T15:58:11.751+0000] {dag.py:3823} INFO - Setting next_dagrun for tutorial_taskflow_api to None, run_after=None
[2025-09-21T15:58:11.793+0000] {processor.py:183} INFO - Processing /home/airflow/.local/lib/python3.8/site-packages/airflow/example_dags/tutorial_taskflow_api.py took 0.126 seconds
[2025-09-21T15:58:41.927+0000] {processor.py:161} INFO - Started process (PID=2333) to work on /home/airflow/.local/lib/python3.8/site-packages/airflow/example_dags/tutorial_taskflow_api.py
[2025-09-21T15:58:41.929+0000] {processor.py:830} INFO - Processing file /home/airflow/.local/lib/python3.8/site-packages/airflow/example_dags/tutorial_taskflow_api.py for tasks to queue
[2025-09-21T15:58:41.933+0000] {logging_mixin.py:188} INFO - [2025-09-21T15:58:41.932+0000] {dagbag.py:538} INFO - Filling up the DagBag from /home/airflow/.local/lib/python3.8/site-packages/airflow/example_dags/tutorial_taskflow_api.py
[2025-09-21T15:58:41.945+0000] {processor.py:840} INFO - DAG(s) 'tutorial_taskflow_api' retrieved from /home/airflow/.local/lib/python3.8/site-packages/airflow/example_dags/tutorial_taskflow_api.py
[2025-09-21T15:58:41.980+0000] {logging_mixin.py:188} INFO - [2025-09-21T15:58:41.980+0000] {dag.py:3036} INFO - Sync 1 DAGs
[2025-09-21T15:58:42.002+0000] {logging_mixin.py:188} INFO - [2025-09-21T15:58:42.002+0000] {dag.py:3823} INFO - Setting next_dagrun for tutorial_taskflow_api to None, run_after=None
[2025-09-21T15:58:42.043+0000] {processor.py:183} INFO - Processing /home/airflow/.local/lib/python3.8/site-packages/airflow/example_dags/tutorial_taskflow_api.py took 0.121 seconds
[2025-09-21T15:59:12.121+0000] {processor.py:161} INFO - Started process (PID=2391) to work on /home/airflow/.local/lib/python3.8/site-packages/airflow/example_dags/tutorial_taskflow_api.py
[2025-09-21T15:59:12.123+0000] {processor.py:830} INFO - Processing file /home/airflow/.local/lib/python3.8/site-packages/airflow/example_dags/tutorial_taskflow_api.py for tasks to queue
[2025-09-21T15:59:12.126+0000] {logging_mixin.py:188} INFO - [2025-09-21T15:59:12.126+0000] {dagbag.py:538} INFO - Filling up the DagBag from /home/airflow/.local/lib/python3.8/site-packages/airflow/example_dags/tutorial_taskflow_api.py
[2025-09-21T15:59:12.138+0000] {processor.py:840} INFO - DAG(s) 'tutorial_taskflow_api' retrieved from /home/airflow/.local/lib/python3.8/site-packages/airflow/example_dags/tutorial_taskflow_api.py
[2025-09-21T15:59:12.176+0000] {logging_mixin.py:188} INFO - [2025-09-21T15:59:12.176+0000] {dag.py:3036} INFO - Sync 1 DAGs
[2025-09-21T15:59:12.199+0000] {logging_mixin.py:188} INFO - [2025-09-21T15:59:12.199+0000] {dag.py:3823} INFO - Setting next_dagrun for tutorial_taskflow_api to None, run_after=None
[2025-09-21T15:59:12.234+0000] {processor.py:183} INFO - Processing /home/airflow/.local/lib/python3.8/site-packages/airflow/example_dags/tutorial_taskflow_api.py took 0.119 seconds
[2025-09-21T15:59:42.786+0000] {processor.py:161} INFO - Started process (PID=2449) to work on /home/airflow/.local/lib/python3.8/site-packages/airflow/example_dags/tutorial_taskflow_api.py
[2025-09-21T15:59:42.788+0000] {processor.py:830} INFO - Processing file /home/airflow/.local/lib/python3.8/site-packages/airflow/example_dags/tutorial_taskflow_api.py for tasks to queue
[2025-09-21T15:59:42.791+0000] {logging_mixin.py:188} INFO - [2025-09-21T15:59:42.790+0000] {dagbag.py:538} INFO - Filling up the DagBag from /home/airflow/.local/lib/python3.8/site-packages/airflow/example_dags/tutorial_taskflow_api.py
[2025-09-21T15:59:42.803+0000] {processor.py:840} INFO - DAG(s) 'tutorial_taskflow_api' retrieved from /home/airflow/.local/lib/python3.8/site-packages/airflow/example_dags/tutorial_taskflow_api.py
[2025-09-21T15:59:42.836+0000] {logging_mixin.py:188} INFO - [2025-09-21T15:59:42.836+0000] {dag.py:3036} INFO - Sync 1 DAGs
[2025-09-21T15:59:42.860+0000] {logging_mixin.py:188} INFO - [2025-09-21T15:59:42.859+0000] {dag.py:3823} INFO - Setting next_dagrun for tutorial_taskflow_api to None, run_after=None
[2025-09-21T15:59:42.898+0000] {processor.py:183} INFO - Processing /home/airflow/.local/lib/python3.8/site-packages/airflow/example_dags/tutorial_taskflow_api.py took 0.118 seconds
[2025-09-21T16:00:13.370+0000] {processor.py:161} INFO - Started process (PID=2507) to work on /home/airflow/.local/lib/python3.8/site-packages/airflow/example_dags/tutorial_taskflow_api.py
[2025-09-21T16:00:13.372+0000] {processor.py:830} INFO - Processing file /home/airflow/.local/lib/python3.8/site-packages/airflow/example_dags/tutorial_taskflow_api.py for tasks to queue
[2025-09-21T16:00:13.375+0000] {logging_mixin.py:188} INFO - [2025-09-21T16:00:13.374+0000] {dagbag.py:538} INFO - Filling up the DagBag from /home/airflow/.local/lib/python3.8/site-packages/airflow/example_dags/tutorial_taskflow_api.py
[2025-09-21T16:00:13.386+0000] {processor.py:840} INFO - DAG(s) 'tutorial_taskflow_api' retrieved from /home/airflow/.local/lib/python3.8/site-packages/airflow/example_dags/tutorial_taskflow_api.py
[2025-09-21T16:00:13.421+0000] {logging_mixin.py:188} INFO - [2025-09-21T16:00:13.421+0000] {dag.py:3036} INFO - Sync 1 DAGs
[2025-09-21T16:00:13.443+0000] {logging_mixin.py:188} INFO - [2025-09-21T16:00:13.443+0000] {dag.py:3823} INFO - Setting next_dagrun for tutorial_taskflow_api to None, run_after=None
[2025-09-21T16:00:13.478+0000] {processor.py:183} INFO - Processing /home/airflow/.local/lib/python3.8/site-packages/airflow/example_dags/tutorial_taskflow_api.py took 0.115 seconds
[2025-09-21T16:00:43.633+0000] {processor.py:161} INFO - Started process (PID=2565) to work on /home/airflow/.local/lib/python3.8/site-packages/airflow/example_dags/tutorial_taskflow_api.py
[2025-09-21T16:00:43.635+0000] {processor.py:830} INFO - Processing file /home/airflow/.local/lib/python3.8/site-packages/airflow/example_dags/tutorial_taskflow_api.py for tasks to queue
[2025-09-21T16:00:43.639+0000] {logging_mixin.py:188} INFO - [2025-09-21T16:00:43.638+0000] {dagbag.py:538} INFO - Filling up the DagBag from /home/airflow/.local/lib/python3.8/site-packages/airflow/example_dags/tutorial_taskflow_api.py
[2025-09-21T16:00:43.655+0000] {processor.py:840} INFO - DAG(s) 'tutorial_taskflow_api' retrieved from /home/airflow/.local/lib/python3.8/site-packages/airflow/example_dags/tutorial_taskflow_api.py
[2025-09-21T16:00:43.690+0000] {logging_mixin.py:188} INFO - [2025-09-21T16:00:43.690+0000] {dag.py:3036} INFO - Sync 1 DAGs
[2025-09-21T16:00:43.716+0000] {logging_mixin.py:188} INFO - [2025-09-21T16:00:43.715+0000] {dag.py:3823} INFO - Setting next_dagrun for tutorial_taskflow_api to None, run_after=None
[2025-09-21T16:00:43.756+0000] {processor.py:183} INFO - Processing /home/airflow/.local/lib/python3.8/site-packages/airflow/example_dags/tutorial_taskflow_api.py took 0.128 seconds
[2025-09-21T16:01:13.987+0000] {processor.py:161} INFO - Started process (PID=2623) to work on /home/airflow/.local/lib/python3.8/site-packages/airflow/example_dags/tutorial_taskflow_api.py
[2025-09-21T16:01:13.989+0000] {processor.py:830} INFO - Processing file /home/airflow/.local/lib/python3.8/site-packages/airflow/example_dags/tutorial_taskflow_api.py for tasks to queue
[2025-09-21T16:01:13.992+0000] {logging_mixin.py:188} INFO - [2025-09-21T16:01:13.992+0000] {dagbag.py:538} INFO - Filling up the DagBag from /home/airflow/.local/lib/python3.8/site-packages/airflow/example_dags/tutorial_taskflow_api.py
[2025-09-21T16:01:14.004+0000] {processor.py:840} INFO - DAG(s) 'tutorial_taskflow_api' retrieved from /home/airflow/.local/lib/python3.8/site-packages/airflow/example_dags/tutorial_taskflow_api.py
[2025-09-21T16:01:14.043+0000] {logging_mixin.py:188} INFO - [2025-09-21T16:01:14.043+0000] {dag.py:3036} INFO - Sync 1 DAGs
[2025-09-21T16:01:14.069+0000] {logging_mixin.py:188} INFO - [2025-09-21T16:01:14.069+0000] {dag.py:3823} INFO - Setting next_dagrun for tutorial_taskflow_api to None, run_after=None
[2025-09-21T16:01:14.107+0000] {processor.py:183} INFO - Processing /home/airflow/.local/lib/python3.8/site-packages/airflow/example_dags/tutorial_taskflow_api.py took 0.125 seconds
[2025-09-21T16:01:44.825+0000] {processor.py:161} INFO - Started process (PID=2682) to work on /home/airflow/.local/lib/python3.8/site-packages/airflow/example_dags/tutorial_taskflow_api.py
[2025-09-21T16:01:44.827+0000] {processor.py:830} INFO - Processing file /home/airflow/.local/lib/python3.8/site-packages/airflow/example_dags/tutorial_taskflow_api.py for tasks to queue
[2025-09-21T16:01:44.831+0000] {logging_mixin.py:188} INFO - [2025-09-21T16:01:44.830+0000] {dagbag.py:538} INFO - Filling up the DagBag from /home/airflow/.local/lib/python3.8/site-packages/airflow/example_dags/tutorial_taskflow_api.py
[2025-09-21T16:01:44.842+0000] {processor.py:840} INFO - DAG(s) 'tutorial_taskflow_api' retrieved from /home/airflow/.local/lib/python3.8/site-packages/airflow/example_dags/tutorial_taskflow_api.py
[2025-09-21T16:01:44.878+0000] {logging_mixin.py:188} INFO - [2025-09-21T16:01:44.877+0000] {dag.py:3036} INFO - Sync 1 DAGs
[2025-09-21T16:01:44.900+0000] {logging_mixin.py:188} INFO - [2025-09-21T16:01:44.899+0000] {dag.py:3823} INFO - Setting next_dagrun for tutorial_taskflow_api to None, run_after=None
[2025-09-21T16:01:44.940+0000] {processor.py:183} INFO - Processing /home/airflow/.local/lib/python3.8/site-packages/airflow/example_dags/tutorial_taskflow_api.py took 0.121 seconds
[2025-09-21T16:02:15.438+0000] {processor.py:161} INFO - Started process (PID=2740) to work on /home/airflow/.local/lib/python3.8/site-packages/airflow/example_dags/tutorial_taskflow_api.py
[2025-09-21T16:02:15.440+0000] {processor.py:830} INFO - Processing file /home/airflow/.local/lib/python3.8/site-packages/airflow/example_dags/tutorial_taskflow_api.py for tasks to queue
[2025-09-21T16:02:15.444+0000] {logging_mixin.py:188} INFO - [2025-09-21T16:02:15.443+0000] {dagbag.py:538} INFO - Filling up the DagBag from /home/airflow/.local/lib/python3.8/site-packages/airflow/example_dags/tutorial_taskflow_api.py
[2025-09-21T16:02:15.458+0000] {processor.py:840} INFO - DAG(s) 'tutorial_taskflow_api' retrieved from /home/airflow/.local/lib/python3.8/site-packages/airflow/example_dags/tutorial_taskflow_api.py
[2025-09-21T16:02:15.494+0000] {logging_mixin.py:188} INFO - [2025-09-21T16:02:15.494+0000] {dag.py:3036} INFO - Sync 1 DAGs
[2025-09-21T16:02:15.518+0000] {logging_mixin.py:188} INFO - [2025-09-21T16:02:15.517+0000] {dag.py:3823} INFO - Setting next_dagrun for tutorial_taskflow_api to None, run_after=None
[2025-09-21T16:02:15.553+0000] {processor.py:183} INFO - Processing /home/airflow/.local/lib/python3.8/site-packages/airflow/example_dags/tutorial_taskflow_api.py took 0.123 seconds
[2025-09-21T16:02:46.123+0000] {processor.py:161} INFO - Started process (PID=2798) to work on /home/airflow/.local/lib/python3.8/site-packages/airflow/example_dags/tutorial_taskflow_api.py
[2025-09-21T16:02:46.124+0000] {processor.py:830} INFO - Processing file /home/airflow/.local/lib/python3.8/site-packages/airflow/example_dags/tutorial_taskflow_api.py for tasks to queue
[2025-09-21T16:02:46.128+0000] {logging_mixin.py:188} INFO - [2025-09-21T16:02:46.127+0000] {dagbag.py:538} INFO - Filling up the DagBag from /home/airflow/.local/lib/python3.8/site-packages/airflow/example_dags/tutorial_taskflow_api.py
[2025-09-21T16:02:46.140+0000] {processor.py:840} INFO - DAG(s) 'tutorial_taskflow_api' retrieved from /home/airflow/.local/lib/python3.8/site-packages/airflow/example_dags/tutorial_taskflow_api.py
[2025-09-21T16:02:46.176+0000] {logging_mixin.py:188} INFO - [2025-09-21T16:02:46.176+0000] {dag.py:3036} INFO - Sync 1 DAGs
[2025-09-21T16:02:46.199+0000] {logging_mixin.py:188} INFO - [2025-09-21T16:02:46.198+0000] {dag.py:3823} INFO - Setting next_dagrun for tutorial_taskflow_api to None, run_after=None
[2025-09-21T16:02:46.239+0000] {processor.py:183} INFO - Processing /home/airflow/.local/lib/python3.8/site-packages/airflow/example_dags/tutorial_taskflow_api.py took 0.122 seconds
[2025-09-21T16:03:16.944+0000] {processor.py:161} INFO - Started process (PID=2862) to work on /home/airflow/.local/lib/python3.8/site-packages/airflow/example_dags/tutorial_taskflow_api.py
[2025-09-21T16:03:16.947+0000] {processor.py:830} INFO - Processing file /home/airflow/.local/lib/python3.8/site-packages/airflow/example_dags/tutorial_taskflow_api.py for tasks to queue
[2025-09-21T16:03:16.951+0000] {logging_mixin.py:188} INFO - [2025-09-21T16:03:16.950+0000] {dagbag.py:538} INFO - Filling up the DagBag from /home/airflow/.local/lib/python3.8/site-packages/airflow/example_dags/tutorial_taskflow_api.py
[2025-09-21T16:03:16.962+0000] {processor.py:840} INFO - DAG(s) 'tutorial_taskflow_api' retrieved from /home/airflow/.local/lib/python3.8/site-packages/airflow/example_dags/tutorial_taskflow_api.py
[2025-09-21T16:03:16.993+0000] {logging_mixin.py:188} INFO - [2025-09-21T16:03:16.993+0000] {dag.py:3036} INFO - Sync 1 DAGs
[2025-09-21T16:03:17.015+0000] {logging_mixin.py:188} INFO - [2025-09-21T16:03:17.015+0000] {dag.py:3823} INFO - Setting next_dagrun for tutorial_taskflow_api to None, run_after=None
[2025-09-21T16:03:17.048+0000] {processor.py:183} INFO - Processing /home/airflow/.local/lib/python3.8/site-packages/airflow/example_dags/tutorial_taskflow_api.py took 0.110 seconds
[2025-09-21T16:03:48.337+0000] {processor.py:161} INFO - Started process (PID=2920) to work on /home/airflow/.local/lib/python3.8/site-packages/airflow/example_dags/tutorial_taskflow_api.py
[2025-09-21T16:03:48.339+0000] {processor.py:830} INFO - Processing file /home/airflow/.local/lib/python3.8/site-packages/airflow/example_dags/tutorial_taskflow_api.py for tasks to queue
[2025-09-21T16:03:48.342+0000] {logging_mixin.py:188} INFO - [2025-09-21T16:03:48.341+0000] {dagbag.py:538} INFO - Filling up the DagBag from /home/airflow/.local/lib/python3.8/site-packages/airflow/example_dags/tutorial_taskflow_api.py
[2025-09-21T16:03:48.353+0000] {processor.py:840} INFO - DAG(s) 'tutorial_taskflow_api' retrieved from /home/airflow/.local/lib/python3.8/site-packages/airflow/example_dags/tutorial_taskflow_api.py
[2025-09-21T16:03:48.386+0000] {logging_mixin.py:188} INFO - [2025-09-21T16:03:48.386+0000] {dag.py:3036} INFO - Sync 1 DAGs
[2025-09-21T16:03:48.409+0000] {logging_mixin.py:188} INFO - [2025-09-21T16:03:48.408+0000] {dag.py:3823} INFO - Setting next_dagrun for tutorial_taskflow_api to None, run_after=None
[2025-09-21T16:03:48.446+0000] {processor.py:183} INFO - Processing /home/airflow/.local/lib/python3.8/site-packages/airflow/example_dags/tutorial_taskflow_api.py took 0.115 seconds
[2025-09-21T16:04:19.047+0000] {processor.py:161} INFO - Started process (PID=2978) to work on /home/airflow/.local/lib/python3.8/site-packages/airflow/example_dags/tutorial_taskflow_api.py
[2025-09-21T16:04:19.049+0000] {processor.py:830} INFO - Processing file /home/airflow/.local/lib/python3.8/site-packages/airflow/example_dags/tutorial_taskflow_api.py for tasks to queue
[2025-09-21T16:04:19.052+0000] {logging_mixin.py:188} INFO - [2025-09-21T16:04:19.052+0000] {dagbag.py:538} INFO - Filling up the DagBag from /home/airflow/.local/lib/python3.8/site-packages/airflow/example_dags/tutorial_taskflow_api.py
[2025-09-21T16:04:19.064+0000] {processor.py:840} INFO - DAG(s) 'tutorial_taskflow_api' retrieved from /home/airflow/.local/lib/python3.8/site-packages/airflow/example_dags/tutorial_taskflow_api.py
[2025-09-21T16:04:19.099+0000] {logging_mixin.py:188} INFO - [2025-09-21T16:04:19.099+0000] {dag.py:3036} INFO - Sync 1 DAGs
[2025-09-21T16:04:19.121+0000] {logging_mixin.py:188} INFO - [2025-09-21T16:04:19.121+0000] {dag.py:3823} INFO - Setting next_dagrun for tutorial_taskflow_api to None, run_after=None
[2025-09-21T16:04:19.161+0000] {processor.py:183} INFO - Processing /home/airflow/.local/lib/python3.8/site-packages/airflow/example_dags/tutorial_taskflow_api.py took 0.120 seconds
[2025-09-21T16:04:49.433+0000] {processor.py:161} INFO - Started process (PID=3036) to work on /home/airflow/.local/lib/python3.8/site-packages/airflow/example_dags/tutorial_taskflow_api.py
[2025-09-21T16:04:49.435+0000] {processor.py:830} INFO - Processing file /home/airflow/.local/lib/python3.8/site-packages/airflow/example_dags/tutorial_taskflow_api.py for tasks to queue
[2025-09-21T16:04:49.438+0000] {logging_mixin.py:188} INFO - [2025-09-21T16:04:49.438+0000] {dagbag.py:538} INFO - Filling up the DagBag from /home/airflow/.local/lib/python3.8/site-packages/airflow/example_dags/tutorial_taskflow_api.py
[2025-09-21T16:04:49.450+0000] {processor.py:840} INFO - DAG(s) 'tutorial_taskflow_api' retrieved from /home/airflow/.local/lib/python3.8/site-packages/airflow/example_dags/tutorial_taskflow_api.py
[2025-09-21T16:04:49.486+0000] {logging_mixin.py:188} INFO - [2025-09-21T16:04:49.486+0000] {dag.py:3036} INFO - Sync 1 DAGs
[2025-09-21T16:04:49.508+0000] {logging_mixin.py:188} INFO - [2025-09-21T16:04:49.508+0000] {dag.py:3823} INFO - Setting next_dagrun for tutorial_taskflow_api to None, run_after=None
[2025-09-21T16:04:49.547+0000] {processor.py:183} INFO - Processing /home/airflow/.local/lib/python3.8/site-packages/airflow/example_dags/tutorial_taskflow_api.py took 0.120 seconds
[2025-09-21T16:05:20.217+0000] {processor.py:161} INFO - Started process (PID=3094) to work on /home/airflow/.local/lib/python3.8/site-packages/airflow/example_dags/tutorial_taskflow_api.py
[2025-09-21T16:05:20.219+0000] {processor.py:830} INFO - Processing file /home/airflow/.local/lib/python3.8/site-packages/airflow/example_dags/tutorial_taskflow_api.py for tasks to queue
[2025-09-21T16:05:20.224+0000] {logging_mixin.py:188} INFO - [2025-09-21T16:05:20.223+0000] {dagbag.py:538} INFO - Filling up the DagBag from /home/airflow/.local/lib/python3.8/site-packages/airflow/example_dags/tutorial_taskflow_api.py
[2025-09-21T16:05:20.237+0000] {processor.py:840} INFO - DAG(s) 'tutorial_taskflow_api' retrieved from /home/airflow/.local/lib/python3.8/site-packages/airflow/example_dags/tutorial_taskflow_api.py
[2025-09-21T16:05:20.276+0000] {logging_mixin.py:188} INFO - [2025-09-21T16:05:20.276+0000] {dag.py:3036} INFO - Sync 1 DAGs
[2025-09-21T16:05:20.300+0000] {logging_mixin.py:188} INFO - [2025-09-21T16:05:20.300+0000] {dag.py:3823} INFO - Setting next_dagrun for tutorial_taskflow_api to None, run_after=None
[2025-09-21T16:05:20.343+0000] {processor.py:183} INFO - Processing /home/airflow/.local/lib/python3.8/site-packages/airflow/example_dags/tutorial_taskflow_api.py took 0.131 seconds
[2025-09-21T16:05:51.074+0000] {processor.py:161} INFO - Started process (PID=3153) to work on /home/airflow/.local/lib/python3.8/site-packages/airflow/example_dags/tutorial_taskflow_api.py
[2025-09-21T16:05:51.076+0000] {processor.py:830} INFO - Processing file /home/airflow/.local/lib/python3.8/site-packages/airflow/example_dags/tutorial_taskflow_api.py for tasks to queue
[2025-09-21T16:05:51.079+0000] {logging_mixin.py:188} INFO - [2025-09-21T16:05:51.079+0000] {dagbag.py:538} INFO - Filling up the DagBag from /home/airflow/.local/lib/python3.8/site-packages/airflow/example_dags/tutorial_taskflow_api.py
[2025-09-21T16:05:51.091+0000] {processor.py:840} INFO - DAG(s) 'tutorial_taskflow_api' retrieved from /home/airflow/.local/lib/python3.8/site-packages/airflow/example_dags/tutorial_taskflow_api.py
[2025-09-21T16:05:51.125+0000] {logging_mixin.py:188} INFO - [2025-09-21T16:05:51.125+0000] {dag.py:3036} INFO - Sync 1 DAGs
[2025-09-21T16:05:51.153+0000] {logging_mixin.py:188} INFO - [2025-09-21T16:05:51.152+0000] {dag.py:3823} INFO - Setting next_dagrun for tutorial_taskflow_api to None, run_after=None
[2025-09-21T16:05:51.194+0000] {processor.py:183} INFO - Processing /home/airflow/.local/lib/python3.8/site-packages/airflow/example_dags/tutorial_taskflow_api.py took 0.126 seconds
[2025-09-21T16:06:21.888+0000] {processor.py:161} INFO - Started process (PID=3211) to work on /home/airflow/.local/lib/python3.8/site-packages/airflow/example_dags/tutorial_taskflow_api.py
[2025-09-21T16:06:21.890+0000] {processor.py:830} INFO - Processing file /home/airflow/.local/lib/python3.8/site-packages/airflow/example_dags/tutorial_taskflow_api.py for tasks to queue
[2025-09-21T16:06:21.893+0000] {logging_mixin.py:188} INFO - [2025-09-21T16:06:21.892+0000] {dagbag.py:538} INFO - Filling up the DagBag from /home/airflow/.local/lib/python3.8/site-packages/airflow/example_dags/tutorial_taskflow_api.py
[2025-09-21T16:06:21.904+0000] {processor.py:840} INFO - DAG(s) 'tutorial_taskflow_api' retrieved from /home/airflow/.local/lib/python3.8/site-packages/airflow/example_dags/tutorial_taskflow_api.py
[2025-09-21T16:06:21.938+0000] {logging_mixin.py:188} INFO - [2025-09-21T16:06:21.938+0000] {dag.py:3036} INFO - Sync 1 DAGs
[2025-09-21T16:06:21.961+0000] {logging_mixin.py:188} INFO - [2025-09-21T16:06:21.960+0000] {dag.py:3823} INFO - Setting next_dagrun for tutorial_taskflow_api to None, run_after=None
[2025-09-21T16:06:22.008+0000] {processor.py:183} INFO - Processing /home/airflow/.local/lib/python3.8/site-packages/airflow/example_dags/tutorial_taskflow_api.py took 0.126 seconds
[2025-09-21T16:06:52.961+0000] {processor.py:161} INFO - Started process (PID=3269) to work on /home/airflow/.local/lib/python3.8/site-packages/airflow/example_dags/tutorial_taskflow_api.py
[2025-09-21T16:06:52.962+0000] {processor.py:830} INFO - Processing file /home/airflow/.local/lib/python3.8/site-packages/airflow/example_dags/tutorial_taskflow_api.py for tasks to queue
[2025-09-21T16:06:52.966+0000] {logging_mixin.py:188} INFO - [2025-09-21T16:06:52.965+0000] {dagbag.py:538} INFO - Filling up the DagBag from /home/airflow/.local/lib/python3.8/site-packages/airflow/example_dags/tutorial_taskflow_api.py
[2025-09-21T16:06:52.978+0000] {processor.py:840} INFO - DAG(s) 'tutorial_taskflow_api' retrieved from /home/airflow/.local/lib/python3.8/site-packages/airflow/example_dags/tutorial_taskflow_api.py
[2025-09-21T16:06:53.013+0000] {logging_mixin.py:188} INFO - [2025-09-21T16:06:53.012+0000] {dag.py:3036} INFO - Sync 1 DAGs
[2025-09-21T16:06:53.040+0000] {logging_mixin.py:188} INFO - [2025-09-21T16:06:53.040+0000] {dag.py:3823} INFO - Setting next_dagrun for tutorial_taskflow_api to None, run_after=None
[2025-09-21T16:06:53.074+0000] {processor.py:183} INFO - Processing /home/airflow/.local/lib/python3.8/site-packages/airflow/example_dags/tutorial_taskflow_api.py took 0.119 seconds
[2025-09-21T16:07:23.418+0000] {processor.py:161} INFO - Started process (PID=3327) to work on /home/airflow/.local/lib/python3.8/site-packages/airflow/example_dags/tutorial_taskflow_api.py
[2025-09-21T16:07:23.420+0000] {processor.py:830} INFO - Processing file /home/airflow/.local/lib/python3.8/site-packages/airflow/example_dags/tutorial_taskflow_api.py for tasks to queue
[2025-09-21T16:07:23.424+0000] {logging_mixin.py:188} INFO - [2025-09-21T16:07:23.424+0000] {dagbag.py:538} INFO - Filling up the DagBag from /home/airflow/.local/lib/python3.8/site-packages/airflow/example_dags/tutorial_taskflow_api.py
[2025-09-21T16:07:23.439+0000] {processor.py:840} INFO - DAG(s) 'tutorial_taskflow_api' retrieved from /home/airflow/.local/lib/python3.8/site-packages/airflow/example_dags/tutorial_taskflow_api.py
[2025-09-21T16:07:23.516+0000] {logging_mixin.py:188} INFO - [2025-09-21T16:07:23.515+0000] {dag.py:3036} INFO - Sync 1 DAGs
[2025-09-21T16:07:23.555+0000] {logging_mixin.py:188} INFO - [2025-09-21T16:07:23.554+0000] {dag.py:3823} INFO - Setting next_dagrun for tutorial_taskflow_api to None, run_after=None
[2025-09-21T16:07:23.617+0000] {processor.py:183} INFO - Processing /home/airflow/.local/lib/python3.8/site-packages/airflow/example_dags/tutorial_taskflow_api.py took 0.208 seconds
[2025-09-21T16:07:54.512+0000] {processor.py:161} INFO - Started process (PID=3385) to work on /home/airflow/.local/lib/python3.8/site-packages/airflow/example_dags/tutorial_taskflow_api.py
[2025-09-21T16:07:54.514+0000] {processor.py:830} INFO - Processing file /home/airflow/.local/lib/python3.8/site-packages/airflow/example_dags/tutorial_taskflow_api.py for tasks to queue
[2025-09-21T16:07:54.518+0000] {logging_mixin.py:188} INFO - [2025-09-21T16:07:54.518+0000] {dagbag.py:538} INFO - Filling up the DagBag from /home/airflow/.local/lib/python3.8/site-packages/airflow/example_dags/tutorial_taskflow_api.py
[2025-09-21T16:07:54.541+0000] {processor.py:840} INFO - DAG(s) 'tutorial_taskflow_api' retrieved from /home/airflow/.local/lib/python3.8/site-packages/airflow/example_dags/tutorial_taskflow_api.py
[2025-09-21T16:07:54.584+0000] {logging_mixin.py:188} INFO - [2025-09-21T16:07:54.584+0000] {dag.py:3036} INFO - Sync 1 DAGs
[2025-09-21T16:07:54.619+0000] {logging_mixin.py:188} INFO - [2025-09-21T16:07:54.619+0000] {dag.py:3823} INFO - Setting next_dagrun for tutorial_taskflow_api to None, run_after=None
[2025-09-21T16:07:54.670+0000] {processor.py:183} INFO - Processing /home/airflow/.local/lib/python3.8/site-packages/airflow/example_dags/tutorial_taskflow_api.py took 0.171 seconds
[2025-09-21T16:08:24.911+0000] {processor.py:161} INFO - Started process (PID=3443) to work on /home/airflow/.local/lib/python3.8/site-packages/airflow/example_dags/tutorial_taskflow_api.py
[2025-09-21T16:08:24.913+0000] {processor.py:830} INFO - Processing file /home/airflow/.local/lib/python3.8/site-packages/airflow/example_dags/tutorial_taskflow_api.py for tasks to queue
[2025-09-21T16:08:24.916+0000] {logging_mixin.py:188} INFO - [2025-09-21T16:08:24.916+0000] {dagbag.py:538} INFO - Filling up the DagBag from /home/airflow/.local/lib/python3.8/site-packages/airflow/example_dags/tutorial_taskflow_api.py
[2025-09-21T16:08:24.933+0000] {processor.py:840} INFO - DAG(s) 'tutorial_taskflow_api' retrieved from /home/airflow/.local/lib/python3.8/site-packages/airflow/example_dags/tutorial_taskflow_api.py
[2025-09-21T16:08:24.972+0000] {logging_mixin.py:188} INFO - [2025-09-21T16:08:24.972+0000] {dag.py:3036} INFO - Sync 1 DAGs
[2025-09-21T16:08:25.000+0000] {logging_mixin.py:188} INFO - [2025-09-21T16:08:24.999+0000] {dag.py:3823} INFO - Setting next_dagrun for tutorial_taskflow_api to None, run_after=None
[2025-09-21T16:08:25.039+0000] {processor.py:183} INFO - Processing /home/airflow/.local/lib/python3.8/site-packages/airflow/example_dags/tutorial_taskflow_api.py took 0.134 seconds
[2025-09-21T16:08:55.974+0000] {processor.py:161} INFO - Started process (PID=3501) to work on /home/airflow/.local/lib/python3.8/site-packages/airflow/example_dags/tutorial_taskflow_api.py
[2025-09-21T16:08:55.976+0000] {processor.py:830} INFO - Processing file /home/airflow/.local/lib/python3.8/site-packages/airflow/example_dags/tutorial_taskflow_api.py for tasks to queue
[2025-09-21T16:08:55.980+0000] {logging_mixin.py:188} INFO - [2025-09-21T16:08:55.979+0000] {dagbag.py:538} INFO - Filling up the DagBag from /home/airflow/.local/lib/python3.8/site-packages/airflow/example_dags/tutorial_taskflow_api.py
[2025-09-21T16:08:55.995+0000] {processor.py:840} INFO - DAG(s) 'tutorial_taskflow_api' retrieved from /home/airflow/.local/lib/python3.8/site-packages/airflow/example_dags/tutorial_taskflow_api.py
[2025-09-21T16:08:56.032+0000] {logging_mixin.py:188} INFO - [2025-09-21T16:08:56.032+0000] {dag.py:3036} INFO - Sync 1 DAGs
[2025-09-21T16:08:56.056+0000] {logging_mixin.py:188} INFO - [2025-09-21T16:08:56.055+0000] {dag.py:3823} INFO - Setting next_dagrun for tutorial_taskflow_api to None, run_after=None
[2025-09-21T16:08:56.095+0000] {processor.py:183} INFO - Processing /home/airflow/.local/lib/python3.8/site-packages/airflow/example_dags/tutorial_taskflow_api.py took 0.127 seconds
[2025-09-21T16:09:26.270+0000] {processor.py:161} INFO - Started process (PID=3559) to work on /home/airflow/.local/lib/python3.8/site-packages/airflow/example_dags/tutorial_taskflow_api.py
[2025-09-21T16:09:26.272+0000] {processor.py:830} INFO - Processing file /home/airflow/.local/lib/python3.8/site-packages/airflow/example_dags/tutorial_taskflow_api.py for tasks to queue
[2025-09-21T16:09:26.275+0000] {logging_mixin.py:188} INFO - [2025-09-21T16:09:26.274+0000] {dagbag.py:538} INFO - Filling up the DagBag from /home/airflow/.local/lib/python3.8/site-packages/airflow/example_dags/tutorial_taskflow_api.py
[2025-09-21T16:09:26.287+0000] {processor.py:840} INFO - DAG(s) 'tutorial_taskflow_api' retrieved from /home/airflow/.local/lib/python3.8/site-packages/airflow/example_dags/tutorial_taskflow_api.py
[2025-09-21T16:09:26.322+0000] {logging_mixin.py:188} INFO - [2025-09-21T16:09:26.322+0000] {dag.py:3036} INFO - Sync 1 DAGs
[2025-09-21T16:09:26.344+0000] {logging_mixin.py:188} INFO - [2025-09-21T16:09:26.344+0000] {dag.py:3823} INFO - Setting next_dagrun for tutorial_taskflow_api to None, run_after=None
[2025-09-21T16:09:26.380+0000] {processor.py:183} INFO - Processing /home/airflow/.local/lib/python3.8/site-packages/airflow/example_dags/tutorial_taskflow_api.py took 0.116 seconds
[2025-09-21T16:09:56.701+0000] {processor.py:161} INFO - Started process (PID=3617) to work on /home/airflow/.local/lib/python3.8/site-packages/airflow/example_dags/tutorial_taskflow_api.py
[2025-09-21T16:09:56.703+0000] {processor.py:830} INFO - Processing file /home/airflow/.local/lib/python3.8/site-packages/airflow/example_dags/tutorial_taskflow_api.py for tasks to queue
[2025-09-21T16:09:56.707+0000] {logging_mixin.py:188} INFO - [2025-09-21T16:09:56.706+0000] {dagbag.py:538} INFO - Filling up the DagBag from /home/airflow/.local/lib/python3.8/site-packages/airflow/example_dags/tutorial_taskflow_api.py
[2025-09-21T16:09:56.722+0000] {processor.py:840} INFO - DAG(s) 'tutorial_taskflow_api' retrieved from /home/airflow/.local/lib/python3.8/site-packages/airflow/example_dags/tutorial_taskflow_api.py
[2025-09-21T16:09:56.759+0000] {logging_mixin.py:188} INFO - [2025-09-21T16:09:56.758+0000] {dag.py:3036} INFO - Sync 1 DAGs
[2025-09-21T16:09:56.787+0000] {logging_mixin.py:188} INFO - [2025-09-21T16:09:56.786+0000] {dag.py:3823} INFO - Setting next_dagrun for tutorial_taskflow_api to None, run_after=None
[2025-09-21T16:09:56.824+0000] {processor.py:183} INFO - Processing /home/airflow/.local/lib/python3.8/site-packages/airflow/example_dags/tutorial_taskflow_api.py took 0.129 seconds
[2025-09-21T16:10:27.297+0000] {processor.py:161} INFO - Started process (PID=3675) to work on /home/airflow/.local/lib/python3.8/site-packages/airflow/example_dags/tutorial_taskflow_api.py
[2025-09-21T16:10:27.299+0000] {processor.py:830} INFO - Processing file /home/airflow/.local/lib/python3.8/site-packages/airflow/example_dags/tutorial_taskflow_api.py for tasks to queue
[2025-09-21T16:10:27.303+0000] {logging_mixin.py:188} INFO - [2025-09-21T16:10:27.302+0000] {dagbag.py:538} INFO - Filling up the DagBag from /home/airflow/.local/lib/python3.8/site-packages/airflow/example_dags/tutorial_taskflow_api.py
[2025-09-21T16:10:27.315+0000] {processor.py:840} INFO - DAG(s) 'tutorial_taskflow_api' retrieved from /home/airflow/.local/lib/python3.8/site-packages/airflow/example_dags/tutorial_taskflow_api.py
[2025-09-21T16:10:27.350+0000] {logging_mixin.py:188} INFO - [2025-09-21T16:10:27.349+0000] {dag.py:3036} INFO - Sync 1 DAGs
[2025-09-21T16:10:27.372+0000] {logging_mixin.py:188} INFO - [2025-09-21T16:10:27.371+0000] {dag.py:3823} INFO - Setting next_dagrun for tutorial_taskflow_api to None, run_after=None
[2025-09-21T16:10:27.410+0000] {processor.py:183} INFO - Processing /home/airflow/.local/lib/python3.8/site-packages/airflow/example_dags/tutorial_taskflow_api.py took 0.119 seconds
[2025-09-21T16:10:57.761+0000] {processor.py:161} INFO - Started process (PID=3733) to work on /home/airflow/.local/lib/python3.8/site-packages/airflow/example_dags/tutorial_taskflow_api.py
[2025-09-21T16:10:57.763+0000] {processor.py:830} INFO - Processing file /home/airflow/.local/lib/python3.8/site-packages/airflow/example_dags/tutorial_taskflow_api.py for tasks to queue
[2025-09-21T16:10:57.768+0000] {logging_mixin.py:188} INFO - [2025-09-21T16:10:57.767+0000] {dagbag.py:538} INFO - Filling up the DagBag from /home/airflow/.local/lib/python3.8/site-packages/airflow/example_dags/tutorial_taskflow_api.py
[2025-09-21T16:10:57.784+0000] {processor.py:840} INFO - DAG(s) 'tutorial_taskflow_api' retrieved from /home/airflow/.local/lib/python3.8/site-packages/airflow/example_dags/tutorial_taskflow_api.py
[2025-09-21T16:10:57.822+0000] {logging_mixin.py:188} INFO - [2025-09-21T16:10:57.822+0000] {dag.py:3036} INFO - Sync 1 DAGs
[2025-09-21T16:10:57.848+0000] {logging_mixin.py:188} INFO - [2025-09-21T16:10:57.847+0000] {dag.py:3823} INFO - Setting next_dagrun for tutorial_taskflow_api to None, run_after=None
[2025-09-21T16:10:57.887+0000] {processor.py:183} INFO - Processing /home/airflow/.local/lib/python3.8/site-packages/airflow/example_dags/tutorial_taskflow_api.py took 0.144 seconds
[2025-09-21T16:11:28.315+0000] {processor.py:161} INFO - Started process (PID=3791) to work on /home/airflow/.local/lib/python3.8/site-packages/airflow/example_dags/tutorial_taskflow_api.py
[2025-09-21T16:11:28.317+0000] {processor.py:830} INFO - Processing file /home/airflow/.local/lib/python3.8/site-packages/airflow/example_dags/tutorial_taskflow_api.py for tasks to queue
[2025-09-21T16:11:28.321+0000] {logging_mixin.py:188} INFO - [2025-09-21T16:11:28.320+0000] {dagbag.py:538} INFO - Filling up the DagBag from /home/airflow/.local/lib/python3.8/site-packages/airflow/example_dags/tutorial_taskflow_api.py
[2025-09-21T16:11:28.332+0000] {processor.py:840} INFO - DAG(s) 'tutorial_taskflow_api' retrieved from /home/airflow/.local/lib/python3.8/site-packages/airflow/example_dags/tutorial_taskflow_api.py
[2025-09-21T16:11:28.367+0000] {logging_mixin.py:188} INFO - [2025-09-21T16:11:28.367+0000] {dag.py:3036} INFO - Sync 1 DAGs
[2025-09-21T16:11:28.390+0000] {logging_mixin.py:188} INFO - [2025-09-21T16:11:28.389+0000] {dag.py:3823} INFO - Setting next_dagrun for tutorial_taskflow_api to None, run_after=None
[2025-09-21T16:11:28.428+0000] {processor.py:183} INFO - Processing /home/airflow/.local/lib/python3.8/site-packages/airflow/example_dags/tutorial_taskflow_api.py took 0.119 seconds
[2025-09-21T16:11:58.736+0000] {processor.py:161} INFO - Started process (PID=3849) to work on /home/airflow/.local/lib/python3.8/site-packages/airflow/example_dags/tutorial_taskflow_api.py
[2025-09-21T16:11:58.738+0000] {processor.py:830} INFO - Processing file /home/airflow/.local/lib/python3.8/site-packages/airflow/example_dags/tutorial_taskflow_api.py for tasks to queue
[2025-09-21T16:11:58.742+0000] {logging_mixin.py:188} INFO - [2025-09-21T16:11:58.742+0000] {dagbag.py:538} INFO - Filling up the DagBag from /home/airflow/.local/lib/python3.8/site-packages/airflow/example_dags/tutorial_taskflow_api.py
[2025-09-21T16:11:58.757+0000] {processor.py:840} INFO - DAG(s) 'tutorial_taskflow_api' retrieved from /home/airflow/.local/lib/python3.8/site-packages/airflow/example_dags/tutorial_taskflow_api.py
[2025-09-21T16:11:58.803+0000] {logging_mixin.py:188} INFO - [2025-09-21T16:11:58.803+0000] {dag.py:3036} INFO - Sync 1 DAGs
[2025-09-21T16:11:58.825+0000] {logging_mixin.py:188} INFO - [2025-09-21T16:11:58.825+0000] {dag.py:3823} INFO - Setting next_dagrun for tutorial_taskflow_api to None, run_after=None
[2025-09-21T16:11:58.866+0000] {processor.py:183} INFO - Processing /home/airflow/.local/lib/python3.8/site-packages/airflow/example_dags/tutorial_taskflow_api.py took 0.136 seconds
[2025-09-21T16:12:29.407+0000] {processor.py:161} INFO - Started process (PID=3907) to work on /home/airflow/.local/lib/python3.8/site-packages/airflow/example_dags/tutorial_taskflow_api.py
[2025-09-21T16:12:29.409+0000] {processor.py:830} INFO - Processing file /home/airflow/.local/lib/python3.8/site-packages/airflow/example_dags/tutorial_taskflow_api.py for tasks to queue
[2025-09-21T16:12:29.413+0000] {logging_mixin.py:188} INFO - [2025-09-21T16:12:29.413+0000] {dagbag.py:538} INFO - Filling up the DagBag from /home/airflow/.local/lib/python3.8/site-packages/airflow/example_dags/tutorial_taskflow_api.py
[2025-09-21T16:12:29.425+0000] {processor.py:840} INFO - DAG(s) 'tutorial_taskflow_api' retrieved from /home/airflow/.local/lib/python3.8/site-packages/airflow/example_dags/tutorial_taskflow_api.py
[2025-09-21T16:12:29.460+0000] {logging_mixin.py:188} INFO - [2025-09-21T16:12:29.460+0000] {dag.py:3036} INFO - Sync 1 DAGs
[2025-09-21T16:12:29.482+0000] {logging_mixin.py:188} INFO - [2025-09-21T16:12:29.482+0000] {dag.py:3823} INFO - Setting next_dagrun for tutorial_taskflow_api to None, run_after=None
[2025-09-21T16:12:29.517+0000] {processor.py:183} INFO - Processing /home/airflow/.local/lib/python3.8/site-packages/airflow/example_dags/tutorial_taskflow_api.py took 0.117 seconds
[2025-09-21T16:13:00.270+0000] {processor.py:161} INFO - Started process (PID=3965) to work on /home/airflow/.local/lib/python3.8/site-packages/airflow/example_dags/tutorial_taskflow_api.py
[2025-09-21T16:13:00.272+0000] {processor.py:830} INFO - Processing file /home/airflow/.local/lib/python3.8/site-packages/airflow/example_dags/tutorial_taskflow_api.py for tasks to queue
[2025-09-21T16:13:00.275+0000] {logging_mixin.py:188} INFO - [2025-09-21T16:13:00.275+0000] {dagbag.py:538} INFO - Filling up the DagBag from /home/airflow/.local/lib/python3.8/site-packages/airflow/example_dags/tutorial_taskflow_api.py
[2025-09-21T16:13:00.288+0000] {processor.py:840} INFO - DAG(s) 'tutorial_taskflow_api' retrieved from /home/airflow/.local/lib/python3.8/site-packages/airflow/example_dags/tutorial_taskflow_api.py
[2025-09-21T16:13:00.327+0000] {logging_mixin.py:188} INFO - [2025-09-21T16:13:00.326+0000] {dag.py:3036} INFO - Sync 1 DAGs
[2025-09-21T16:13:00.351+0000] {logging_mixin.py:188} INFO - [2025-09-21T16:13:00.351+0000] {dag.py:3823} INFO - Setting next_dagrun for tutorial_taskflow_api to None, run_after=None
[2025-09-21T16:13:00.392+0000] {processor.py:183} INFO - Processing /home/airflow/.local/lib/python3.8/site-packages/airflow/example_dags/tutorial_taskflow_api.py took 0.128 seconds
[2025-09-21T16:13:30.653+0000] {processor.py:161} INFO - Started process (PID=4023) to work on /home/airflow/.local/lib/python3.8/site-packages/airflow/example_dags/tutorial_taskflow_api.py
[2025-09-21T16:13:30.655+0000] {processor.py:830} INFO - Processing file /home/airflow/.local/lib/python3.8/site-packages/airflow/example_dags/tutorial_taskflow_api.py for tasks to queue
[2025-09-21T16:13:30.660+0000] {logging_mixin.py:188} INFO - [2025-09-21T16:13:30.659+0000] {dagbag.py:538} INFO - Filling up the DagBag from /home/airflow/.local/lib/python3.8/site-packages/airflow/example_dags/tutorial_taskflow_api.py
[2025-09-21T16:13:30.677+0000] {processor.py:840} INFO - DAG(s) 'tutorial_taskflow_api' retrieved from /home/airflow/.local/lib/python3.8/site-packages/airflow/example_dags/tutorial_taskflow_api.py
[2025-09-21T16:13:30.725+0000] {logging_mixin.py:188} INFO - [2025-09-21T16:13:30.724+0000] {dag.py:3036} INFO - Sync 1 DAGs
[2025-09-21T16:13:30.756+0000] {logging_mixin.py:188} INFO - [2025-09-21T16:13:30.755+0000] {dag.py:3823} INFO - Setting next_dagrun for tutorial_taskflow_api to None, run_after=None
[2025-09-21T16:13:30.796+0000] {processor.py:183} INFO - Processing /home/airflow/.local/lib/python3.8/site-packages/airflow/example_dags/tutorial_taskflow_api.py took 0.151 seconds
[2025-09-21T16:14:00.898+0000] {processor.py:161} INFO - Started process (PID=4081) to work on /home/airflow/.local/lib/python3.8/site-packages/airflow/example_dags/tutorial_taskflow_api.py
[2025-09-21T16:14:00.900+0000] {processor.py:830} INFO - Processing file /home/airflow/.local/lib/python3.8/site-packages/airflow/example_dags/tutorial_taskflow_api.py for tasks to queue
[2025-09-21T16:14:00.903+0000] {logging_mixin.py:188} INFO - [2025-09-21T16:14:00.903+0000] {dagbag.py:538} INFO - Filling up the DagBag from /home/airflow/.local/lib/python3.8/site-packages/airflow/example_dags/tutorial_taskflow_api.py
[2025-09-21T16:14:00.915+0000] {processor.py:840} INFO - DAG(s) 'tutorial_taskflow_api' retrieved from /home/airflow/.local/lib/python3.8/site-packages/airflow/example_dags/tutorial_taskflow_api.py
[2025-09-21T16:14:00.954+0000] {logging_mixin.py:188} INFO - [2025-09-21T16:14:00.954+0000] {dag.py:3036} INFO - Sync 1 DAGs
[2025-09-21T16:14:00.979+0000] {logging_mixin.py:188} INFO - [2025-09-21T16:14:00.979+0000] {dag.py:3823} INFO - Setting next_dagrun for tutorial_taskflow_api to None, run_after=None
[2025-09-21T16:14:01.022+0000] {processor.py:183} INFO - Processing /home/airflow/.local/lib/python3.8/site-packages/airflow/example_dags/tutorial_taskflow_api.py took 0.130 seconds
[2025-09-21T16:14:31.509+0000] {processor.py:161} INFO - Started process (PID=4139) to work on /home/airflow/.local/lib/python3.8/site-packages/airflow/example_dags/tutorial_taskflow_api.py
[2025-09-21T16:14:31.512+0000] {processor.py:830} INFO - Processing file /home/airflow/.local/lib/python3.8/site-packages/airflow/example_dags/tutorial_taskflow_api.py for tasks to queue
[2025-09-21T16:14:31.518+0000] {logging_mixin.py:188} INFO - [2025-09-21T16:14:31.517+0000] {dagbag.py:538} INFO - Filling up the DagBag from /home/airflow/.local/lib/python3.8/site-packages/airflow/example_dags/tutorial_taskflow_api.py
[2025-09-21T16:14:31.534+0000] {processor.py:840} INFO - DAG(s) 'tutorial_taskflow_api' retrieved from /home/airflow/.local/lib/python3.8/site-packages/airflow/example_dags/tutorial_taskflow_api.py
[2025-09-21T16:14:31.576+0000] {logging_mixin.py:188} INFO - [2025-09-21T16:14:31.576+0000] {dag.py:3036} INFO - Sync 1 DAGs
[2025-09-21T16:14:31.604+0000] {logging_mixin.py:188} INFO - [2025-09-21T16:14:31.604+0000] {dag.py:3823} INFO - Setting next_dagrun for tutorial_taskflow_api to None, run_after=None
[2025-09-21T16:14:31.647+0000] {processor.py:183} INFO - Processing /home/airflow/.local/lib/python3.8/site-packages/airflow/example_dags/tutorial_taskflow_api.py took 0.143 seconds
[2025-09-21T16:15:01.821+0000] {processor.py:161} INFO - Started process (PID=4197) to work on /home/airflow/.local/lib/python3.8/site-packages/airflow/example_dags/tutorial_taskflow_api.py
[2025-09-21T16:15:01.823+0000] {processor.py:830} INFO - Processing file /home/airflow/.local/lib/python3.8/site-packages/airflow/example_dags/tutorial_taskflow_api.py for tasks to queue
[2025-09-21T16:15:01.826+0000] {logging_mixin.py:188} INFO - [2025-09-21T16:15:01.826+0000] {dagbag.py:538} INFO - Filling up the DagBag from /home/airflow/.local/lib/python3.8/site-packages/airflow/example_dags/tutorial_taskflow_api.py
[2025-09-21T16:15:01.838+0000] {processor.py:840} INFO - DAG(s) 'tutorial_taskflow_api' retrieved from /home/airflow/.local/lib/python3.8/site-packages/airflow/example_dags/tutorial_taskflow_api.py
[2025-09-21T16:15:01.873+0000] {logging_mixin.py:188} INFO - [2025-09-21T16:15:01.873+0000] {dag.py:3036} INFO - Sync 1 DAGs
[2025-09-21T16:15:01.895+0000] {logging_mixin.py:188} INFO - [2025-09-21T16:15:01.895+0000] {dag.py:3823} INFO - Setting next_dagrun for tutorial_taskflow_api to None, run_after=None
[2025-09-21T16:15:01.928+0000] {processor.py:183} INFO - Processing /home/airflow/.local/lib/python3.8/site-packages/airflow/example_dags/tutorial_taskflow_api.py took 0.113 seconds
[2025-09-21T16:15:32.386+0000] {processor.py:161} INFO - Started process (PID=4255) to work on /home/airflow/.local/lib/python3.8/site-packages/airflow/example_dags/tutorial_taskflow_api.py
[2025-09-21T16:15:32.388+0000] {processor.py:830} INFO - Processing file /home/airflow/.local/lib/python3.8/site-packages/airflow/example_dags/tutorial_taskflow_api.py for tasks to queue
[2025-09-21T16:15:32.391+0000] {logging_mixin.py:188} INFO - [2025-09-21T16:15:32.390+0000] {dagbag.py:538} INFO - Filling up the DagBag from /home/airflow/.local/lib/python3.8/site-packages/airflow/example_dags/tutorial_taskflow_api.py
[2025-09-21T16:15:32.403+0000] {processor.py:840} INFO - DAG(s) 'tutorial_taskflow_api' retrieved from /home/airflow/.local/lib/python3.8/site-packages/airflow/example_dags/tutorial_taskflow_api.py
[2025-09-21T16:15:32.439+0000] {logging_mixin.py:188} INFO - [2025-09-21T16:15:32.438+0000] {dag.py:3036} INFO - Sync 1 DAGs
[2025-09-21T16:15:32.463+0000] {logging_mixin.py:188} INFO - [2025-09-21T16:15:32.462+0000] {dag.py:3823} INFO - Setting next_dagrun for tutorial_taskflow_api to None, run_after=None
[2025-09-21T16:15:32.495+0000] {processor.py:183} INFO - Processing /home/airflow/.local/lib/python3.8/site-packages/airflow/example_dags/tutorial_taskflow_api.py took 0.115 seconds
[2025-09-21T16:16:02.717+0000] {processor.py:161} INFO - Started process (PID=4313) to work on /home/airflow/.local/lib/python3.8/site-packages/airflow/example_dags/tutorial_taskflow_api.py
[2025-09-21T16:16:02.719+0000] {processor.py:830} INFO - Processing file /home/airflow/.local/lib/python3.8/site-packages/airflow/example_dags/tutorial_taskflow_api.py for tasks to queue
[2025-09-21T16:16:02.725+0000] {logging_mixin.py:188} INFO - [2025-09-21T16:16:02.725+0000] {dagbag.py:538} INFO - Filling up the DagBag from /home/airflow/.local/lib/python3.8/site-packages/airflow/example_dags/tutorial_taskflow_api.py
[2025-09-21T16:16:02.753+0000] {processor.py:840} INFO - DAG(s) 'tutorial_taskflow_api' retrieved from /home/airflow/.local/lib/python3.8/site-packages/airflow/example_dags/tutorial_taskflow_api.py
[2025-09-21T16:16:02.819+0000] {logging_mixin.py:188} INFO - [2025-09-21T16:16:02.819+0000] {dag.py:3036} INFO - Sync 1 DAGs
[2025-09-21T16:16:02.844+0000] {logging_mixin.py:188} INFO - [2025-09-21T16:16:02.844+0000] {dag.py:3823} INFO - Setting next_dagrun for tutorial_taskflow_api to None, run_after=None
[2025-09-21T16:16:02.893+0000] {processor.py:183} INFO - Processing /home/airflow/.local/lib/python3.8/site-packages/airflow/example_dags/tutorial_taskflow_api.py took 0.182 seconds
[2025-09-21T16:16:33.215+0000] {processor.py:161} INFO - Started process (PID=4371) to work on /home/airflow/.local/lib/python3.8/site-packages/airflow/example_dags/tutorial_taskflow_api.py
[2025-09-21T16:16:33.217+0000] {processor.py:830} INFO - Processing file /home/airflow/.local/lib/python3.8/site-packages/airflow/example_dags/tutorial_taskflow_api.py for tasks to queue
[2025-09-21T16:16:33.221+0000] {logging_mixin.py:188} INFO - [2025-09-21T16:16:33.220+0000] {dagbag.py:538} INFO - Filling up the DagBag from /home/airflow/.local/lib/python3.8/site-packages/airflow/example_dags/tutorial_taskflow_api.py
[2025-09-21T16:16:33.232+0000] {processor.py:840} INFO - DAG(s) 'tutorial_taskflow_api' retrieved from /home/airflow/.local/lib/python3.8/site-packages/airflow/example_dags/tutorial_taskflow_api.py
[2025-09-21T16:16:33.269+0000] {logging_mixin.py:188} INFO - [2025-09-21T16:16:33.269+0000] {dag.py:3036} INFO - Sync 1 DAGs
[2025-09-21T16:16:33.291+0000] {logging_mixin.py:188} INFO - [2025-09-21T16:16:33.291+0000] {dag.py:3823} INFO - Setting next_dagrun for tutorial_taskflow_api to None, run_after=None
[2025-09-21T16:16:33.326+0000] {processor.py:183} INFO - Processing /home/airflow/.local/lib/python3.8/site-packages/airflow/example_dags/tutorial_taskflow_api.py took 0.116 seconds
[2025-09-21T16:17:03.572+0000] {processor.py:161} INFO - Started process (PID=4429) to work on /home/airflow/.local/lib/python3.8/site-packages/airflow/example_dags/tutorial_taskflow_api.py
[2025-09-21T16:17:03.574+0000] {processor.py:830} INFO - Processing file /home/airflow/.local/lib/python3.8/site-packages/airflow/example_dags/tutorial_taskflow_api.py for tasks to queue
[2025-09-21T16:17:03.578+0000] {logging_mixin.py:188} INFO - [2025-09-21T16:17:03.577+0000] {dagbag.py:538} INFO - Filling up the DagBag from /home/airflow/.local/lib/python3.8/site-packages/airflow/example_dags/tutorial_taskflow_api.py
[2025-09-21T16:17:03.592+0000] {processor.py:840} INFO - DAG(s) 'tutorial_taskflow_api' retrieved from /home/airflow/.local/lib/python3.8/site-packages/airflow/example_dags/tutorial_taskflow_api.py
[2025-09-21T16:17:03.632+0000] {logging_mixin.py:188} INFO - [2025-09-21T16:17:03.632+0000] {dag.py:3036} INFO - Sync 1 DAGs
[2025-09-21T16:17:03.654+0000] {logging_mixin.py:188} INFO - [2025-09-21T16:17:03.654+0000] {dag.py:3823} INFO - Setting next_dagrun for tutorial_taskflow_api to None, run_after=None
[2025-09-21T16:17:03.687+0000] {processor.py:183} INFO - Processing /home/airflow/.local/lib/python3.8/site-packages/airflow/example_dags/tutorial_taskflow_api.py took 0.122 seconds
[2025-09-21T16:17:33.842+0000] {processor.py:161} INFO - Started process (PID=4487) to work on /home/airflow/.local/lib/python3.8/site-packages/airflow/example_dags/tutorial_taskflow_api.py
[2025-09-21T16:17:33.844+0000] {processor.py:830} INFO - Processing file /home/airflow/.local/lib/python3.8/site-packages/airflow/example_dags/tutorial_taskflow_api.py for tasks to queue
[2025-09-21T16:17:33.847+0000] {logging_mixin.py:188} INFO - [2025-09-21T16:17:33.847+0000] {dagbag.py:538} INFO - Filling up the DagBag from /home/airflow/.local/lib/python3.8/site-packages/airflow/example_dags/tutorial_taskflow_api.py
[2025-09-21T16:17:33.859+0000] {processor.py:840} INFO - DAG(s) 'tutorial_taskflow_api' retrieved from /home/airflow/.local/lib/python3.8/site-packages/airflow/example_dags/tutorial_taskflow_api.py
[2025-09-21T16:17:33.895+0000] {logging_mixin.py:188} INFO - [2025-09-21T16:17:33.895+0000] {dag.py:3036} INFO - Sync 1 DAGs
[2025-09-21T16:17:33.917+0000] {logging_mixin.py:188} INFO - [2025-09-21T16:17:33.917+0000] {dag.py:3823} INFO - Setting next_dagrun for tutorial_taskflow_api to None, run_after=None
[2025-09-21T16:17:33.957+0000] {processor.py:183} INFO - Processing /home/airflow/.local/lib/python3.8/site-packages/airflow/example_dags/tutorial_taskflow_api.py took 0.121 seconds
[2025-09-21T16:18:04.589+0000] {processor.py:161} INFO - Started process (PID=4545) to work on /home/airflow/.local/lib/python3.8/site-packages/airflow/example_dags/tutorial_taskflow_api.py
[2025-09-21T16:18:04.591+0000] {processor.py:830} INFO - Processing file /home/airflow/.local/lib/python3.8/site-packages/airflow/example_dags/tutorial_taskflow_api.py for tasks to queue
[2025-09-21T16:18:04.595+0000] {logging_mixin.py:188} INFO - [2025-09-21T16:18:04.594+0000] {dagbag.py:538} INFO - Filling up the DagBag from /home/airflow/.local/lib/python3.8/site-packages/airflow/example_dags/tutorial_taskflow_api.py
[2025-09-21T16:18:04.611+0000] {processor.py:840} INFO - DAG(s) 'tutorial_taskflow_api' retrieved from /home/airflow/.local/lib/python3.8/site-packages/airflow/example_dags/tutorial_taskflow_api.py
[2025-09-21T16:18:04.652+0000] {logging_mixin.py:188} INFO - [2025-09-21T16:18:04.651+0000] {dag.py:3036} INFO - Sync 1 DAGs
[2025-09-21T16:18:04.680+0000] {logging_mixin.py:188} INFO - [2025-09-21T16:18:04.680+0000] {dag.py:3823} INFO - Setting next_dagrun for tutorial_taskflow_api to None, run_after=None
[2025-09-21T16:18:04.724+0000] {processor.py:183} INFO - Processing /home/airflow/.local/lib/python3.8/site-packages/airflow/example_dags/tutorial_taskflow_api.py took 0.142 seconds
[2025-09-21T16:18:35.406+0000] {processor.py:161} INFO - Started process (PID=4603) to work on /home/airflow/.local/lib/python3.8/site-packages/airflow/example_dags/tutorial_taskflow_api.py
[2025-09-21T16:18:35.408+0000] {processor.py:830} INFO - Processing file /home/airflow/.local/lib/python3.8/site-packages/airflow/example_dags/tutorial_taskflow_api.py for tasks to queue
[2025-09-21T16:18:35.411+0000] {logging_mixin.py:188} INFO - [2025-09-21T16:18:35.411+0000] {dagbag.py:538} INFO - Filling up the DagBag from /home/airflow/.local/lib/python3.8/site-packages/airflow/example_dags/tutorial_taskflow_api.py
[2025-09-21T16:18:35.427+0000] {processor.py:840} INFO - DAG(s) 'tutorial_taskflow_api' retrieved from /home/airflow/.local/lib/python3.8/site-packages/airflow/example_dags/tutorial_taskflow_api.py
[2025-09-21T16:18:35.460+0000] {logging_mixin.py:188} INFO - [2025-09-21T16:18:35.459+0000] {dag.py:3036} INFO - Sync 1 DAGs
[2025-09-21T16:18:35.483+0000] {logging_mixin.py:188} INFO - [2025-09-21T16:18:35.483+0000] {dag.py:3823} INFO - Setting next_dagrun for tutorial_taskflow_api to None, run_after=None
[2025-09-21T16:18:35.520+0000] {processor.py:183} INFO - Processing /home/airflow/.local/lib/python3.8/site-packages/airflow/example_dags/tutorial_taskflow_api.py took 0.121 seconds
[2025-09-21T16:19:05.663+0000] {processor.py:161} INFO - Started process (PID=4661) to work on /home/airflow/.local/lib/python3.8/site-packages/airflow/example_dags/tutorial_taskflow_api.py
[2025-09-21T16:19:05.665+0000] {processor.py:830} INFO - Processing file /home/airflow/.local/lib/python3.8/site-packages/airflow/example_dags/tutorial_taskflow_api.py for tasks to queue
[2025-09-21T16:19:05.669+0000] {logging_mixin.py:188} INFO - [2025-09-21T16:19:05.669+0000] {dagbag.py:538} INFO - Filling up the DagBag from /home/airflow/.local/lib/python3.8/site-packages/airflow/example_dags/tutorial_taskflow_api.py
[2025-09-21T16:19:05.683+0000] {processor.py:840} INFO - DAG(s) 'tutorial_taskflow_api' retrieved from /home/airflow/.local/lib/python3.8/site-packages/airflow/example_dags/tutorial_taskflow_api.py
[2025-09-21T16:19:05.718+0000] {logging_mixin.py:188} INFO - [2025-09-21T16:19:05.718+0000] {dag.py:3036} INFO - Sync 1 DAGs
[2025-09-21T16:19:05.741+0000] {logging_mixin.py:188} INFO - [2025-09-21T16:19:05.740+0000] {dag.py:3823} INFO - Setting next_dagrun for tutorial_taskflow_api to None, run_after=None
[2025-09-21T16:19:05.778+0000] {processor.py:183} INFO - Processing /home/airflow/.local/lib/python3.8/site-packages/airflow/example_dags/tutorial_taskflow_api.py took 0.123 seconds
[2025-09-21T16:19:36.482+0000] {processor.py:161} INFO - Started process (PID=4719) to work on /home/airflow/.local/lib/python3.8/site-packages/airflow/example_dags/tutorial_taskflow_api.py
[2025-09-21T16:19:36.483+0000] {processor.py:830} INFO - Processing file /home/airflow/.local/lib/python3.8/site-packages/airflow/example_dags/tutorial_taskflow_api.py for tasks to queue
[2025-09-21T16:19:36.487+0000] {logging_mixin.py:188} INFO - [2025-09-21T16:19:36.487+0000] {dagbag.py:538} INFO - Filling up the DagBag from /home/airflow/.local/lib/python3.8/site-packages/airflow/example_dags/tutorial_taskflow_api.py
[2025-09-21T16:19:36.499+0000] {processor.py:840} INFO - DAG(s) 'tutorial_taskflow_api' retrieved from /home/airflow/.local/lib/python3.8/site-packages/airflow/example_dags/tutorial_taskflow_api.py
[2025-09-21T16:19:36.534+0000] {logging_mixin.py:188} INFO - [2025-09-21T16:19:36.533+0000] {dag.py:3036} INFO - Sync 1 DAGs
[2025-09-21T16:19:36.556+0000] {logging_mixin.py:188} INFO - [2025-09-21T16:19:36.556+0000] {dag.py:3823} INFO - Setting next_dagrun for tutorial_taskflow_api to None, run_after=None
[2025-09-21T16:19:36.595+0000] {processor.py:183} INFO - Processing /home/airflow/.local/lib/python3.8/site-packages/airflow/example_dags/tutorial_taskflow_api.py took 0.119 seconds
[2025-09-21T16:20:07.009+0000] {processor.py:161} INFO - Started process (PID=4777) to work on /home/airflow/.local/lib/python3.8/site-packages/airflow/example_dags/tutorial_taskflow_api.py
[2025-09-21T16:20:07.010+0000] {processor.py:830} INFO - Processing file /home/airflow/.local/lib/python3.8/site-packages/airflow/example_dags/tutorial_taskflow_api.py for tasks to queue
[2025-09-21T16:20:07.013+0000] {logging_mixin.py:188} INFO - [2025-09-21T16:20:07.013+0000] {dagbag.py:538} INFO - Filling up the DagBag from /home/airflow/.local/lib/python3.8/site-packages/airflow/example_dags/tutorial_taskflow_api.py
[2025-09-21T16:20:07.027+0000] {processor.py:840} INFO - DAG(s) 'tutorial_taskflow_api' retrieved from /home/airflow/.local/lib/python3.8/site-packages/airflow/example_dags/tutorial_taskflow_api.py
[2025-09-21T16:20:07.070+0000] {logging_mixin.py:188} INFO - [2025-09-21T16:20:07.069+0000] {dag.py:3036} INFO - Sync 1 DAGs
[2025-09-21T16:20:07.136+0000] {logging_mixin.py:188} INFO - [2025-09-21T16:20:07.136+0000] {dag.py:3823} INFO - Setting next_dagrun for tutorial_taskflow_api to None, run_after=None
[2025-09-21T16:20:07.178+0000] {processor.py:183} INFO - Processing /home/airflow/.local/lib/python3.8/site-packages/airflow/example_dags/tutorial_taskflow_api.py took 0.175 seconds
[2025-09-21T16:20:37.492+0000] {processor.py:161} INFO - Started process (PID=4835) to work on /home/airflow/.local/lib/python3.8/site-packages/airflow/example_dags/tutorial_taskflow_api.py
[2025-09-21T16:20:37.494+0000] {processor.py:830} INFO - Processing file /home/airflow/.local/lib/python3.8/site-packages/airflow/example_dags/tutorial_taskflow_api.py for tasks to queue
[2025-09-21T16:20:37.498+0000] {logging_mixin.py:188} INFO - [2025-09-21T16:20:37.497+0000] {dagbag.py:538} INFO - Filling up the DagBag from /home/airflow/.local/lib/python3.8/site-packages/airflow/example_dags/tutorial_taskflow_api.py
[2025-09-21T16:20:37.510+0000] {processor.py:840} INFO - DAG(s) 'tutorial_taskflow_api' retrieved from /home/airflow/.local/lib/python3.8/site-packages/airflow/example_dags/tutorial_taskflow_api.py
[2025-09-21T16:20:37.545+0000] {logging_mixin.py:188} INFO - [2025-09-21T16:20:37.545+0000] {dag.py:3036} INFO - Sync 1 DAGs
[2025-09-21T16:20:37.569+0000] {logging_mixin.py:188} INFO - [2025-09-21T16:20:37.568+0000] {dag.py:3823} INFO - Setting next_dagrun for tutorial_taskflow_api to None, run_after=None
[2025-09-21T16:20:37.609+0000] {processor.py:183} INFO - Processing /home/airflow/.local/lib/python3.8/site-packages/airflow/example_dags/tutorial_taskflow_api.py took 0.123 seconds
[2025-09-21T16:21:07.782+0000] {processor.py:161} INFO - Started process (PID=4891) to work on /home/airflow/.local/lib/python3.8/site-packages/airflow/example_dags/tutorial_taskflow_api.py
[2025-09-21T16:21:07.783+0000] {processor.py:830} INFO - Processing file /home/airflow/.local/lib/python3.8/site-packages/airflow/example_dags/tutorial_taskflow_api.py for tasks to queue
[2025-09-21T16:21:07.787+0000] {logging_mixin.py:188} INFO - [2025-09-21T16:21:07.787+0000] {dagbag.py:538} INFO - Filling up the DagBag from /home/airflow/.local/lib/python3.8/site-packages/airflow/example_dags/tutorial_taskflow_api.py
[2025-09-21T16:21:07.799+0000] {processor.py:840} INFO - DAG(s) 'tutorial_taskflow_api' retrieved from /home/airflow/.local/lib/python3.8/site-packages/airflow/example_dags/tutorial_taskflow_api.py
[2025-09-21T16:21:07.837+0000] {logging_mixin.py:188} INFO - [2025-09-21T16:21:07.837+0000] {dag.py:3036} INFO - Sync 1 DAGs
[2025-09-21T16:21:07.862+0000] {logging_mixin.py:188} INFO - [2025-09-21T16:21:07.862+0000] {dag.py:3823} INFO - Setting next_dagrun for tutorial_taskflow_api to None, run_after=None
[2025-09-21T16:21:07.899+0000] {processor.py:183} INFO - Processing /home/airflow/.local/lib/python3.8/site-packages/airflow/example_dags/tutorial_taskflow_api.py took 0.123 seconds
[2025-09-21T16:21:38.297+0000] {processor.py:161} INFO - Started process (PID=4949) to work on /home/airflow/.local/lib/python3.8/site-packages/airflow/example_dags/tutorial_taskflow_api.py
[2025-09-21T16:21:38.300+0000] {processor.py:830} INFO - Processing file /home/airflow/.local/lib/python3.8/site-packages/airflow/example_dags/tutorial_taskflow_api.py for tasks to queue
[2025-09-21T16:21:38.304+0000] {logging_mixin.py:188} INFO - [2025-09-21T16:21:38.303+0000] {dagbag.py:538} INFO - Filling up the DagBag from /home/airflow/.local/lib/python3.8/site-packages/airflow/example_dags/tutorial_taskflow_api.py
[2025-09-21T16:21:38.317+0000] {processor.py:840} INFO - DAG(s) 'tutorial_taskflow_api' retrieved from /home/airflow/.local/lib/python3.8/site-packages/airflow/example_dags/tutorial_taskflow_api.py
[2025-09-21T16:21:38.353+0000] {logging_mixin.py:188} INFO - [2025-09-21T16:21:38.353+0000] {dag.py:3036} INFO - Sync 1 DAGs
[2025-09-21T16:21:38.380+0000] {logging_mixin.py:188} INFO - [2025-09-21T16:21:38.379+0000] {dag.py:3823} INFO - Setting next_dagrun for tutorial_taskflow_api to None, run_after=None
[2025-09-21T16:21:38.421+0000] {processor.py:183} INFO - Processing /home/airflow/.local/lib/python3.8/site-packages/airflow/example_dags/tutorial_taskflow_api.py took 0.131 seconds
[2025-09-21T16:22:08.801+0000] {processor.py:161} INFO - Started process (PID=5009) to work on /home/airflow/.local/lib/python3.8/site-packages/airflow/example_dags/tutorial_taskflow_api.py
[2025-09-21T16:22:08.803+0000] {processor.py:830} INFO - Processing file /home/airflow/.local/lib/python3.8/site-packages/airflow/example_dags/tutorial_taskflow_api.py for tasks to queue
[2025-09-21T16:22:08.807+0000] {logging_mixin.py:188} INFO - [2025-09-21T16:22:08.807+0000] {dagbag.py:538} INFO - Filling up the DagBag from /home/airflow/.local/lib/python3.8/site-packages/airflow/example_dags/tutorial_taskflow_api.py
[2025-09-21T16:22:08.819+0000] {processor.py:840} INFO - DAG(s) 'tutorial_taskflow_api' retrieved from /home/airflow/.local/lib/python3.8/site-packages/airflow/example_dags/tutorial_taskflow_api.py
[2025-09-21T16:22:08.855+0000] {logging_mixin.py:188} INFO - [2025-09-21T16:22:08.855+0000] {dag.py:3036} INFO - Sync 1 DAGs
[2025-09-21T16:22:08.880+0000] {logging_mixin.py:188} INFO - [2025-09-21T16:22:08.880+0000] {dag.py:3823} INFO - Setting next_dagrun for tutorial_taskflow_api to None, run_after=None
[2025-09-21T16:22:08.918+0000] {processor.py:183} INFO - Processing /home/airflow/.local/lib/python3.8/site-packages/airflow/example_dags/tutorial_taskflow_api.py took 0.124 seconds
[2025-09-21T16:22:39.145+0000] {processor.py:161} INFO - Started process (PID=5067) to work on /home/airflow/.local/lib/python3.8/site-packages/airflow/example_dags/tutorial_taskflow_api.py
[2025-09-21T16:22:39.148+0000] {processor.py:830} INFO - Processing file /home/airflow/.local/lib/python3.8/site-packages/airflow/example_dags/tutorial_taskflow_api.py for tasks to queue
[2025-09-21T16:22:39.152+0000] {logging_mixin.py:188} INFO - [2025-09-21T16:22:39.152+0000] {dagbag.py:538} INFO - Filling up the DagBag from /home/airflow/.local/lib/python3.8/site-packages/airflow/example_dags/tutorial_taskflow_api.py
[2025-09-21T16:22:39.169+0000] {processor.py:840} INFO - DAG(s) 'tutorial_taskflow_api' retrieved from /home/airflow/.local/lib/python3.8/site-packages/airflow/example_dags/tutorial_taskflow_api.py
[2025-09-21T16:22:39.206+0000] {logging_mixin.py:188} INFO - [2025-09-21T16:22:39.205+0000] {dag.py:3036} INFO - Sync 1 DAGs
[2025-09-21T16:22:39.228+0000] {logging_mixin.py:188} INFO - [2025-09-21T16:22:39.228+0000] {dag.py:3823} INFO - Setting next_dagrun for tutorial_taskflow_api to None, run_after=None
[2025-09-21T16:22:39.263+0000] {processor.py:183} INFO - Processing /home/airflow/.local/lib/python3.8/site-packages/airflow/example_dags/tutorial_taskflow_api.py took 0.125 seconds
[2025-09-21T16:23:09.430+0000] {processor.py:161} INFO - Started process (PID=5125) to work on /home/airflow/.local/lib/python3.8/site-packages/airflow/example_dags/tutorial_taskflow_api.py
[2025-09-21T16:23:09.432+0000] {processor.py:830} INFO - Processing file /home/airflow/.local/lib/python3.8/site-packages/airflow/example_dags/tutorial_taskflow_api.py for tasks to queue
[2025-09-21T16:23:09.436+0000] {logging_mixin.py:188} INFO - [2025-09-21T16:23:09.435+0000] {dagbag.py:538} INFO - Filling up the DagBag from /home/airflow/.local/lib/python3.8/site-packages/airflow/example_dags/tutorial_taskflow_api.py
[2025-09-21T16:23:09.447+0000] {processor.py:840} INFO - DAG(s) 'tutorial_taskflow_api' retrieved from /home/airflow/.local/lib/python3.8/site-packages/airflow/example_dags/tutorial_taskflow_api.py
[2025-09-21T16:23:09.480+0000] {logging_mixin.py:188} INFO - [2025-09-21T16:23:09.480+0000] {dag.py:3036} INFO - Sync 1 DAGs
[2025-09-21T16:23:09.504+0000] {logging_mixin.py:188} INFO - [2025-09-21T16:23:09.504+0000] {dag.py:3823} INFO - Setting next_dagrun for tutorial_taskflow_api to None, run_after=None
[2025-09-21T16:23:09.545+0000] {processor.py:183} INFO - Processing /home/airflow/.local/lib/python3.8/site-packages/airflow/example_dags/tutorial_taskflow_api.py took 0.121 seconds
[2025-09-21T16:23:39.760+0000] {processor.py:161} INFO - Started process (PID=5183) to work on /home/airflow/.local/lib/python3.8/site-packages/airflow/example_dags/tutorial_taskflow_api.py
[2025-09-21T16:23:39.763+0000] {processor.py:830} INFO - Processing file /home/airflow/.local/lib/python3.8/site-packages/airflow/example_dags/tutorial_taskflow_api.py for tasks to queue
[2025-09-21T16:23:39.766+0000] {logging_mixin.py:188} INFO - [2025-09-21T16:23:39.766+0000] {dagbag.py:538} INFO - Filling up the DagBag from /home/airflow/.local/lib/python3.8/site-packages/airflow/example_dags/tutorial_taskflow_api.py
[2025-09-21T16:23:39.778+0000] {processor.py:840} INFO - DAG(s) 'tutorial_taskflow_api' retrieved from /home/airflow/.local/lib/python3.8/site-packages/airflow/example_dags/tutorial_taskflow_api.py
[2025-09-21T16:23:39.816+0000] {logging_mixin.py:188} INFO - [2025-09-21T16:23:39.816+0000] {dag.py:3036} INFO - Sync 1 DAGs
[2025-09-21T16:23:39.840+0000] {logging_mixin.py:188} INFO - [2025-09-21T16:23:39.839+0000] {dag.py:3823} INFO - Setting next_dagrun for tutorial_taskflow_api to None, run_after=None
[2025-09-21T16:23:39.874+0000] {processor.py:183} INFO - Processing /home/airflow/.local/lib/python3.8/site-packages/airflow/example_dags/tutorial_taskflow_api.py took 0.119 seconds
[2025-09-21T16:24:10.455+0000] {processor.py:161} INFO - Started process (PID=5241) to work on /home/airflow/.local/lib/python3.8/site-packages/airflow/example_dags/tutorial_taskflow_api.py
[2025-09-21T16:24:10.457+0000] {processor.py:830} INFO - Processing file /home/airflow/.local/lib/python3.8/site-packages/airflow/example_dags/tutorial_taskflow_api.py for tasks to queue
[2025-09-21T16:24:10.461+0000] {logging_mixin.py:188} INFO - [2025-09-21T16:24:10.461+0000] {dagbag.py:538} INFO - Filling up the DagBag from /home/airflow/.local/lib/python3.8/site-packages/airflow/example_dags/tutorial_taskflow_api.py
[2025-09-21T16:24:10.473+0000] {processor.py:840} INFO - DAG(s) 'tutorial_taskflow_api' retrieved from /home/airflow/.local/lib/python3.8/site-packages/airflow/example_dags/tutorial_taskflow_api.py
[2025-09-21T16:24:10.511+0000] {logging_mixin.py:188} INFO - [2025-09-21T16:24:10.511+0000] {dag.py:3036} INFO - Sync 1 DAGs
[2025-09-21T16:24:10.536+0000] {logging_mixin.py:188} INFO - [2025-09-21T16:24:10.536+0000] {dag.py:3823} INFO - Setting next_dagrun for tutorial_taskflow_api to None, run_after=None
[2025-09-21T16:24:10.580+0000] {processor.py:183} INFO - Processing /home/airflow/.local/lib/python3.8/site-packages/airflow/example_dags/tutorial_taskflow_api.py took 0.132 seconds
[2025-09-21T16:24:40.686+0000] {processor.py:161} INFO - Started process (PID=5299) to work on /home/airflow/.local/lib/python3.8/site-packages/airflow/example_dags/tutorial_taskflow_api.py
[2025-09-21T16:24:40.688+0000] {processor.py:830} INFO - Processing file /home/airflow/.local/lib/python3.8/site-packages/airflow/example_dags/tutorial_taskflow_api.py for tasks to queue
[2025-09-21T16:24:40.692+0000] {logging_mixin.py:188} INFO - [2025-09-21T16:24:40.691+0000] {dagbag.py:538} INFO - Filling up the DagBag from /home/airflow/.local/lib/python3.8/site-packages/airflow/example_dags/tutorial_taskflow_api.py
[2025-09-21T16:24:40.704+0000] {processor.py:840} INFO - DAG(s) 'tutorial_taskflow_api' retrieved from /home/airflow/.local/lib/python3.8/site-packages/airflow/example_dags/tutorial_taskflow_api.py
[2025-09-21T16:24:40.739+0000] {logging_mixin.py:188} INFO - [2025-09-21T16:24:40.738+0000] {dag.py:3036} INFO - Sync 1 DAGs
[2025-09-21T16:24:40.762+0000] {logging_mixin.py:188} INFO - [2025-09-21T16:24:40.762+0000] {dag.py:3823} INFO - Setting next_dagrun for tutorial_taskflow_api to None, run_after=None
[2025-09-21T16:24:40.802+0000] {processor.py:183} INFO - Processing /home/airflow/.local/lib/python3.8/site-packages/airflow/example_dags/tutorial_taskflow_api.py took 0.122 seconds
[2025-09-21T16:25:11.364+0000] {processor.py:161} INFO - Started process (PID=5357) to work on /home/airflow/.local/lib/python3.8/site-packages/airflow/example_dags/tutorial_taskflow_api.py
[2025-09-21T16:25:11.366+0000] {processor.py:830} INFO - Processing file /home/airflow/.local/lib/python3.8/site-packages/airflow/example_dags/tutorial_taskflow_api.py for tasks to queue
[2025-09-21T16:25:11.370+0000] {logging_mixin.py:188} INFO - [2025-09-21T16:25:11.369+0000] {dagbag.py:538} INFO - Filling up the DagBag from /home/airflow/.local/lib/python3.8/site-packages/airflow/example_dags/tutorial_taskflow_api.py
[2025-09-21T16:25:11.382+0000] {processor.py:840} INFO - DAG(s) 'tutorial_taskflow_api' retrieved from /home/airflow/.local/lib/python3.8/site-packages/airflow/example_dags/tutorial_taskflow_api.py
[2025-09-21T16:25:11.422+0000] {logging_mixin.py:188} INFO - [2025-09-21T16:25:11.422+0000] {dag.py:3036} INFO - Sync 1 DAGs
[2025-09-21T16:25:11.451+0000] {logging_mixin.py:188} INFO - [2025-09-21T16:25:11.451+0000] {dag.py:3823} INFO - Setting next_dagrun for tutorial_taskflow_api to None, run_after=None
[2025-09-21T16:25:11.491+0000] {processor.py:183} INFO - Processing /home/airflow/.local/lib/python3.8/site-packages/airflow/example_dags/tutorial_taskflow_api.py took 0.134 seconds
[2025-09-21T16:25:41.888+0000] {processor.py:161} INFO - Started process (PID=5414) to work on /home/airflow/.local/lib/python3.8/site-packages/airflow/example_dags/tutorial_taskflow_api.py
[2025-09-21T16:25:41.890+0000] {processor.py:830} INFO - Processing file /home/airflow/.local/lib/python3.8/site-packages/airflow/example_dags/tutorial_taskflow_api.py for tasks to queue
[2025-09-21T16:25:41.894+0000] {logging_mixin.py:188} INFO - [2025-09-21T16:25:41.894+0000] {dagbag.py:538} INFO - Filling up the DagBag from /home/airflow/.local/lib/python3.8/site-packages/airflow/example_dags/tutorial_taskflow_api.py
[2025-09-21T16:25:41.906+0000] {processor.py:840} INFO - DAG(s) 'tutorial_taskflow_api' retrieved from /home/airflow/.local/lib/python3.8/site-packages/airflow/example_dags/tutorial_taskflow_api.py
[2025-09-21T16:25:41.942+0000] {logging_mixin.py:188} INFO - [2025-09-21T16:25:41.942+0000] {dag.py:3036} INFO - Sync 1 DAGs
[2025-09-21T16:25:41.969+0000] {logging_mixin.py:188} INFO - [2025-09-21T16:25:41.968+0000] {dag.py:3823} INFO - Setting next_dagrun for tutorial_taskflow_api to None, run_after=None
[2025-09-21T16:25:42.009+0000] {processor.py:183} INFO - Processing /home/airflow/.local/lib/python3.8/site-packages/airflow/example_dags/tutorial_taskflow_api.py took 0.127 seconds
[2025-09-21T16:26:12.773+0000] {processor.py:161} INFO - Started process (PID=5472) to work on /home/airflow/.local/lib/python3.8/site-packages/airflow/example_dags/tutorial_taskflow_api.py
[2025-09-21T16:26:12.775+0000] {processor.py:830} INFO - Processing file /home/airflow/.local/lib/python3.8/site-packages/airflow/example_dags/tutorial_taskflow_api.py for tasks to queue
[2025-09-21T16:26:12.779+0000] {logging_mixin.py:188} INFO - [2025-09-21T16:26:12.778+0000] {dagbag.py:538} INFO - Filling up the DagBag from /home/airflow/.local/lib/python3.8/site-packages/airflow/example_dags/tutorial_taskflow_api.py
[2025-09-21T16:26:12.795+0000] {processor.py:840} INFO - DAG(s) 'tutorial_taskflow_api' retrieved from /home/airflow/.local/lib/python3.8/site-packages/airflow/example_dags/tutorial_taskflow_api.py
[2025-09-21T16:26:12.837+0000] {logging_mixin.py:188} INFO - [2025-09-21T16:26:12.836+0000] {dag.py:3036} INFO - Sync 1 DAGs
[2025-09-21T16:26:12.862+0000] {logging_mixin.py:188} INFO - [2025-09-21T16:26:12.862+0000] {dag.py:3823} INFO - Setting next_dagrun for tutorial_taskflow_api to None, run_after=None
[2025-09-21T16:26:12.902+0000] {processor.py:183} INFO - Processing /home/airflow/.local/lib/python3.8/site-packages/airflow/example_dags/tutorial_taskflow_api.py took 0.135 seconds
[2025-09-21T16:26:43.425+0000] {processor.py:161} INFO - Started process (PID=5530) to work on /home/airflow/.local/lib/python3.8/site-packages/airflow/example_dags/tutorial_taskflow_api.py
[2025-09-21T16:26:43.427+0000] {processor.py:830} INFO - Processing file /home/airflow/.local/lib/python3.8/site-packages/airflow/example_dags/tutorial_taskflow_api.py for tasks to queue
[2025-09-21T16:26:43.447+0000] {logging_mixin.py:188} INFO - [2025-09-21T16:26:43.447+0000] {dagbag.py:538} INFO - Filling up the DagBag from /home/airflow/.local/lib/python3.8/site-packages/airflow/example_dags/tutorial_taskflow_api.py
[2025-09-21T16:26:43.485+0000] {processor.py:840} INFO - DAG(s) 'tutorial_taskflow_api' retrieved from /home/airflow/.local/lib/python3.8/site-packages/airflow/example_dags/tutorial_taskflow_api.py
[2025-09-21T16:26:43.563+0000] {logging_mixin.py:188} INFO - [2025-09-21T16:26:43.563+0000] {dag.py:3036} INFO - Sync 1 DAGs
[2025-09-21T16:26:43.606+0000] {logging_mixin.py:188} INFO - [2025-09-21T16:26:43.605+0000] {dag.py:3823} INFO - Setting next_dagrun for tutorial_taskflow_api to None, run_after=None
[2025-09-21T16:26:43.656+0000] {processor.py:183} INFO - Processing /home/airflow/.local/lib/python3.8/site-packages/airflow/example_dags/tutorial_taskflow_api.py took 0.239 seconds
[2025-09-21T16:27:13.937+0000] {processor.py:161} INFO - Started process (PID=5588) to work on /home/airflow/.local/lib/python3.8/site-packages/airflow/example_dags/tutorial_taskflow_api.py
[2025-09-21T16:27:13.939+0000] {processor.py:830} INFO - Processing file /home/airflow/.local/lib/python3.8/site-packages/airflow/example_dags/tutorial_taskflow_api.py for tasks to queue
[2025-09-21T16:27:13.943+0000] {logging_mixin.py:188} INFO - [2025-09-21T16:27:13.942+0000] {dagbag.py:538} INFO - Filling up the DagBag from /home/airflow/.local/lib/python3.8/site-packages/airflow/example_dags/tutorial_taskflow_api.py
[2025-09-21T16:27:13.957+0000] {processor.py:840} INFO - DAG(s) 'tutorial_taskflow_api' retrieved from /home/airflow/.local/lib/python3.8/site-packages/airflow/example_dags/tutorial_taskflow_api.py
[2025-09-21T16:27:13.997+0000] {logging_mixin.py:188} INFO - [2025-09-21T16:27:13.996+0000] {dag.py:3036} INFO - Sync 1 DAGs
[2025-09-21T16:27:14.025+0000] {logging_mixin.py:188} INFO - [2025-09-21T16:27:14.025+0000] {dag.py:3823} INFO - Setting next_dagrun for tutorial_taskflow_api to None, run_after=None
[2025-09-21T16:27:14.070+0000] {processor.py:183} INFO - Processing /home/airflow/.local/lib/python3.8/site-packages/airflow/example_dags/tutorial_taskflow_api.py took 0.141 seconds
[2025-09-21T16:27:44.252+0000] {processor.py:161} INFO - Started process (PID=5646) to work on /home/airflow/.local/lib/python3.8/site-packages/airflow/example_dags/tutorial_taskflow_api.py
[2025-09-21T16:27:44.254+0000] {processor.py:830} INFO - Processing file /home/airflow/.local/lib/python3.8/site-packages/airflow/example_dags/tutorial_taskflow_api.py for tasks to queue
[2025-09-21T16:27:44.257+0000] {logging_mixin.py:188} INFO - [2025-09-21T16:27:44.257+0000] {dagbag.py:538} INFO - Filling up the DagBag from /home/airflow/.local/lib/python3.8/site-packages/airflow/example_dags/tutorial_taskflow_api.py
[2025-09-21T16:27:44.269+0000] {processor.py:840} INFO - DAG(s) 'tutorial_taskflow_api' retrieved from /home/airflow/.local/lib/python3.8/site-packages/airflow/example_dags/tutorial_taskflow_api.py
[2025-09-21T16:27:44.303+0000] {logging_mixin.py:188} INFO - [2025-09-21T16:27:44.302+0000] {dag.py:3036} INFO - Sync 1 DAGs
[2025-09-21T16:27:44.325+0000] {logging_mixin.py:188} INFO - [2025-09-21T16:27:44.325+0000] {dag.py:3823} INFO - Setting next_dagrun for tutorial_taskflow_api to None, run_after=None
[2025-09-21T16:27:44.363+0000] {processor.py:183} INFO - Processing /home/airflow/.local/lib/python3.8/site-packages/airflow/example_dags/tutorial_taskflow_api.py took 0.116 seconds
[2025-09-21T16:28:14.564+0000] {processor.py:161} INFO - Started process (PID=5704) to work on /home/airflow/.local/lib/python3.8/site-packages/airflow/example_dags/tutorial_taskflow_api.py
[2025-09-21T16:28:14.566+0000] {processor.py:830} INFO - Processing file /home/airflow/.local/lib/python3.8/site-packages/airflow/example_dags/tutorial_taskflow_api.py for tasks to queue
[2025-09-21T16:28:14.570+0000] {logging_mixin.py:188} INFO - [2025-09-21T16:28:14.569+0000] {dagbag.py:538} INFO - Filling up the DagBag from /home/airflow/.local/lib/python3.8/site-packages/airflow/example_dags/tutorial_taskflow_api.py
[2025-09-21T16:28:14.581+0000] {processor.py:840} INFO - DAG(s) 'tutorial_taskflow_api' retrieved from /home/airflow/.local/lib/python3.8/site-packages/airflow/example_dags/tutorial_taskflow_api.py
[2025-09-21T16:28:14.616+0000] {logging_mixin.py:188} INFO - [2025-09-21T16:28:14.616+0000] {dag.py:3036} INFO - Sync 1 DAGs
[2025-09-21T16:28:14.639+0000] {logging_mixin.py:188} INFO - [2025-09-21T16:28:14.638+0000] {dag.py:3823} INFO - Setting next_dagrun for tutorial_taskflow_api to None, run_after=None
[2025-09-21T16:28:14.677+0000] {processor.py:183} INFO - Processing /home/airflow/.local/lib/python3.8/site-packages/airflow/example_dags/tutorial_taskflow_api.py took 0.119 seconds
[2025-09-21T16:28:44.899+0000] {processor.py:161} INFO - Started process (PID=5762) to work on /home/airflow/.local/lib/python3.8/site-packages/airflow/example_dags/tutorial_taskflow_api.py
[2025-09-21T16:28:44.901+0000] {processor.py:830} INFO - Processing file /home/airflow/.local/lib/python3.8/site-packages/airflow/example_dags/tutorial_taskflow_api.py for tasks to queue
[2025-09-21T16:28:44.905+0000] {logging_mixin.py:188} INFO - [2025-09-21T16:28:44.904+0000] {dagbag.py:538} INFO - Filling up the DagBag from /home/airflow/.local/lib/python3.8/site-packages/airflow/example_dags/tutorial_taskflow_api.py
[2025-09-21T16:28:44.917+0000] {processor.py:840} INFO - DAG(s) 'tutorial_taskflow_api' retrieved from /home/airflow/.local/lib/python3.8/site-packages/airflow/example_dags/tutorial_taskflow_api.py
[2025-09-21T16:28:44.953+0000] {logging_mixin.py:188} INFO - [2025-09-21T16:28:44.953+0000] {dag.py:3036} INFO - Sync 1 DAGs
[2025-09-21T16:28:44.976+0000] {logging_mixin.py:188} INFO - [2025-09-21T16:28:44.976+0000] {dag.py:3823} INFO - Setting next_dagrun for tutorial_taskflow_api to None, run_after=None
[2025-09-21T16:28:45.009+0000] {processor.py:183} INFO - Processing /home/airflow/.local/lib/python3.8/site-packages/airflow/example_dags/tutorial_taskflow_api.py took 0.116 seconds
[2025-09-21T16:29:15.478+0000] {processor.py:161} INFO - Started process (PID=5820) to work on /home/airflow/.local/lib/python3.8/site-packages/airflow/example_dags/tutorial_taskflow_api.py
[2025-09-21T16:29:15.480+0000] {processor.py:830} INFO - Processing file /home/airflow/.local/lib/python3.8/site-packages/airflow/example_dags/tutorial_taskflow_api.py for tasks to queue
[2025-09-21T16:29:15.484+0000] {logging_mixin.py:188} INFO - [2025-09-21T16:29:15.483+0000] {dagbag.py:538} INFO - Filling up the DagBag from /home/airflow/.local/lib/python3.8/site-packages/airflow/example_dags/tutorial_taskflow_api.py
[2025-09-21T16:29:15.497+0000] {processor.py:840} INFO - DAG(s) 'tutorial_taskflow_api' retrieved from /home/airflow/.local/lib/python3.8/site-packages/airflow/example_dags/tutorial_taskflow_api.py
[2025-09-21T16:29:15.542+0000] {logging_mixin.py:188} INFO - [2025-09-21T16:29:15.541+0000] {dag.py:3036} INFO - Sync 1 DAGs
[2025-09-21T16:29:15.570+0000] {logging_mixin.py:188} INFO - [2025-09-21T16:29:15.569+0000] {dag.py:3823} INFO - Setting next_dagrun for tutorial_taskflow_api to None, run_after=None
[2025-09-21T16:29:15.614+0000] {processor.py:183} INFO - Processing /home/airflow/.local/lib/python3.8/site-packages/airflow/example_dags/tutorial_taskflow_api.py took 0.142 seconds
[2025-09-21T16:29:45.857+0000] {processor.py:161} INFO - Started process (PID=5878) to work on /home/airflow/.local/lib/python3.8/site-packages/airflow/example_dags/tutorial_taskflow_api.py
[2025-09-21T16:29:45.859+0000] {processor.py:830} INFO - Processing file /home/airflow/.local/lib/python3.8/site-packages/airflow/example_dags/tutorial_taskflow_api.py for tasks to queue
[2025-09-21T16:29:45.863+0000] {logging_mixin.py:188} INFO - [2025-09-21T16:29:45.862+0000] {dagbag.py:538} INFO - Filling up the DagBag from /home/airflow/.local/lib/python3.8/site-packages/airflow/example_dags/tutorial_taskflow_api.py
[2025-09-21T16:29:45.877+0000] {processor.py:840} INFO - DAG(s) 'tutorial_taskflow_api' retrieved from /home/airflow/.local/lib/python3.8/site-packages/airflow/example_dags/tutorial_taskflow_api.py
[2025-09-21T16:29:45.920+0000] {logging_mixin.py:188} INFO - [2025-09-21T16:29:45.919+0000] {dag.py:3036} INFO - Sync 1 DAGs
[2025-09-21T16:29:45.950+0000] {logging_mixin.py:188} INFO - [2025-09-21T16:29:45.949+0000] {dag.py:3823} INFO - Setting next_dagrun for tutorial_taskflow_api to None, run_after=None
[2025-09-21T16:29:45.988+0000] {processor.py:183} INFO - Processing /home/airflow/.local/lib/python3.8/site-packages/airflow/example_dags/tutorial_taskflow_api.py took 0.136 seconds
[2025-09-21T16:30:16.191+0000] {processor.py:161} INFO - Started process (PID=5936) to work on /home/airflow/.local/lib/python3.8/site-packages/airflow/example_dags/tutorial_taskflow_api.py
[2025-09-21T16:30:16.193+0000] {processor.py:830} INFO - Processing file /home/airflow/.local/lib/python3.8/site-packages/airflow/example_dags/tutorial_taskflow_api.py for tasks to queue
[2025-09-21T16:30:16.197+0000] {logging_mixin.py:188} INFO - [2025-09-21T16:30:16.196+0000] {dagbag.py:538} INFO - Filling up the DagBag from /home/airflow/.local/lib/python3.8/site-packages/airflow/example_dags/tutorial_taskflow_api.py
[2025-09-21T16:30:16.210+0000] {processor.py:840} INFO - DAG(s) 'tutorial_taskflow_api' retrieved from /home/airflow/.local/lib/python3.8/site-packages/airflow/example_dags/tutorial_taskflow_api.py
[2025-09-21T16:30:16.248+0000] {logging_mixin.py:188} INFO - [2025-09-21T16:30:16.247+0000] {dag.py:3036} INFO - Sync 1 DAGs
[2025-09-21T16:30:16.270+0000] {logging_mixin.py:188} INFO - [2025-09-21T16:30:16.270+0000] {dag.py:3823} INFO - Setting next_dagrun for tutorial_taskflow_api to None, run_after=None
[2025-09-21T16:30:16.305+0000] {processor.py:183} INFO - Processing /home/airflow/.local/lib/python3.8/site-packages/airflow/example_dags/tutorial_taskflow_api.py took 0.121 seconds
[2025-09-21T16:30:46.894+0000] {processor.py:161} INFO - Started process (PID=5994) to work on /home/airflow/.local/lib/python3.8/site-packages/airflow/example_dags/tutorial_taskflow_api.py
[2025-09-21T16:30:46.896+0000] {processor.py:830} INFO - Processing file /home/airflow/.local/lib/python3.8/site-packages/airflow/example_dags/tutorial_taskflow_api.py for tasks to queue
[2025-09-21T16:30:46.899+0000] {logging_mixin.py:188} INFO - [2025-09-21T16:30:46.899+0000] {dagbag.py:538} INFO - Filling up the DagBag from /home/airflow/.local/lib/python3.8/site-packages/airflow/example_dags/tutorial_taskflow_api.py
[2025-09-21T16:30:46.912+0000] {processor.py:840} INFO - DAG(s) 'tutorial_taskflow_api' retrieved from /home/airflow/.local/lib/python3.8/site-packages/airflow/example_dags/tutorial_taskflow_api.py
[2025-09-21T16:30:46.950+0000] {logging_mixin.py:188} INFO - [2025-09-21T16:30:46.949+0000] {dag.py:3036} INFO - Sync 1 DAGs
[2025-09-21T16:30:46.973+0000] {logging_mixin.py:188} INFO - [2025-09-21T16:30:46.972+0000] {dag.py:3823} INFO - Setting next_dagrun for tutorial_taskflow_api to None, run_after=None
[2025-09-21T16:30:47.009+0000] {processor.py:183} INFO - Processing /home/airflow/.local/lib/python3.8/site-packages/airflow/example_dags/tutorial_taskflow_api.py took 0.121 seconds
[2025-09-21T16:31:17.678+0000] {processor.py:161} INFO - Started process (PID=6051) to work on /home/airflow/.local/lib/python3.8/site-packages/airflow/example_dags/tutorial_taskflow_api.py
[2025-09-21T16:31:17.679+0000] {processor.py:830} INFO - Processing file /home/airflow/.local/lib/python3.8/site-packages/airflow/example_dags/tutorial_taskflow_api.py for tasks to queue
[2025-09-21T16:31:17.683+0000] {logging_mixin.py:188} INFO - [2025-09-21T16:31:17.682+0000] {dagbag.py:538} INFO - Filling up the DagBag from /home/airflow/.local/lib/python3.8/site-packages/airflow/example_dags/tutorial_taskflow_api.py
[2025-09-21T16:31:17.695+0000] {processor.py:840} INFO - DAG(s) 'tutorial_taskflow_api' retrieved from /home/airflow/.local/lib/python3.8/site-packages/airflow/example_dags/tutorial_taskflow_api.py
[2025-09-21T16:31:17.731+0000] {logging_mixin.py:188} INFO - [2025-09-21T16:31:17.730+0000] {dag.py:3036} INFO - Sync 1 DAGs
[2025-09-21T16:31:17.756+0000] {logging_mixin.py:188} INFO - [2025-09-21T16:31:17.755+0000] {dag.py:3823} INFO - Setting next_dagrun for tutorial_taskflow_api to None, run_after=None
[2025-09-21T16:31:17.809+0000] {processor.py:183} INFO - Processing /home/airflow/.local/lib/python3.8/site-packages/airflow/example_dags/tutorial_taskflow_api.py took 0.137 seconds
[2025-09-21T16:31:48.413+0000] {processor.py:161} INFO - Started process (PID=6108) to work on /home/airflow/.local/lib/python3.8/site-packages/airflow/example_dags/tutorial_taskflow_api.py
[2025-09-21T16:31:48.415+0000] {processor.py:830} INFO - Processing file /home/airflow/.local/lib/python3.8/site-packages/airflow/example_dags/tutorial_taskflow_api.py for tasks to queue
[2025-09-21T16:31:48.418+0000] {logging_mixin.py:188} INFO - [2025-09-21T16:31:48.417+0000] {dagbag.py:538} INFO - Filling up the DagBag from /home/airflow/.local/lib/python3.8/site-packages/airflow/example_dags/tutorial_taskflow_api.py
[2025-09-21T16:31:48.430+0000] {processor.py:840} INFO - DAG(s) 'tutorial_taskflow_api' retrieved from /home/airflow/.local/lib/python3.8/site-packages/airflow/example_dags/tutorial_taskflow_api.py
[2025-09-21T16:31:48.469+0000] {logging_mixin.py:188} INFO - [2025-09-21T16:31:48.468+0000] {dag.py:3036} INFO - Sync 1 DAGs
[2025-09-21T16:31:48.494+0000] {logging_mixin.py:188} INFO - [2025-09-21T16:31:48.493+0000] {dag.py:3823} INFO - Setting next_dagrun for tutorial_taskflow_api to None, run_after=None
[2025-09-21T16:31:48.541+0000] {processor.py:183} INFO - Processing /home/airflow/.local/lib/python3.8/site-packages/airflow/example_dags/tutorial_taskflow_api.py took 0.134 seconds
[2025-09-21T16:32:18.977+0000] {processor.py:161} INFO - Started process (PID=6164) to work on /home/airflow/.local/lib/python3.8/site-packages/airflow/example_dags/tutorial_taskflow_api.py
[2025-09-21T16:32:18.979+0000] {processor.py:830} INFO - Processing file /home/airflow/.local/lib/python3.8/site-packages/airflow/example_dags/tutorial_taskflow_api.py for tasks to queue
[2025-09-21T16:32:18.982+0000] {logging_mixin.py:188} INFO - [2025-09-21T16:32:18.982+0000] {dagbag.py:538} INFO - Filling up the DagBag from /home/airflow/.local/lib/python3.8/site-packages/airflow/example_dags/tutorial_taskflow_api.py
[2025-09-21T16:32:18.997+0000] {processor.py:840} INFO - DAG(s) 'tutorial_taskflow_api' retrieved from /home/airflow/.local/lib/python3.8/site-packages/airflow/example_dags/tutorial_taskflow_api.py
[2025-09-21T16:32:19.033+0000] {logging_mixin.py:188} INFO - [2025-09-21T16:32:19.033+0000] {dag.py:3036} INFO - Sync 1 DAGs
[2025-09-21T16:32:19.056+0000] {logging_mixin.py:188} INFO - [2025-09-21T16:32:19.055+0000] {dag.py:3823} INFO - Setting next_dagrun for tutorial_taskflow_api to None, run_after=None
[2025-09-21T16:32:19.096+0000] {processor.py:183} INFO - Processing /home/airflow/.local/lib/python3.8/site-packages/airflow/example_dags/tutorial_taskflow_api.py took 0.125 seconds
[2025-09-21T16:32:49.420+0000] {processor.py:161} INFO - Started process (PID=6222) to work on /home/airflow/.local/lib/python3.8/site-packages/airflow/example_dags/tutorial_taskflow_api.py
[2025-09-21T16:32:49.422+0000] {processor.py:830} INFO - Processing file /home/airflow/.local/lib/python3.8/site-packages/airflow/example_dags/tutorial_taskflow_api.py for tasks to queue
[2025-09-21T16:32:49.426+0000] {logging_mixin.py:188} INFO - [2025-09-21T16:32:49.425+0000] {dagbag.py:538} INFO - Filling up the DagBag from /home/airflow/.local/lib/python3.8/site-packages/airflow/example_dags/tutorial_taskflow_api.py
[2025-09-21T16:32:49.440+0000] {processor.py:840} INFO - DAG(s) 'tutorial_taskflow_api' retrieved from /home/airflow/.local/lib/python3.8/site-packages/airflow/example_dags/tutorial_taskflow_api.py
[2025-09-21T16:32:49.482+0000] {logging_mixin.py:188} INFO - [2025-09-21T16:32:49.481+0000] {dag.py:3036} INFO - Sync 1 DAGs
[2025-09-21T16:32:49.509+0000] {logging_mixin.py:188} INFO - [2025-09-21T16:32:49.508+0000] {dag.py:3823} INFO - Setting next_dagrun for tutorial_taskflow_api to None, run_after=None
[2025-09-21T16:32:49.740+0000] {processor.py:183} INFO - Processing /home/airflow/.local/lib/python3.8/site-packages/airflow/example_dags/tutorial_taskflow_api.py took 0.326 seconds
[2025-09-21T16:33:20.371+0000] {processor.py:161} INFO - Started process (PID=6280) to work on /home/airflow/.local/lib/python3.8/site-packages/airflow/example_dags/tutorial_taskflow_api.py
[2025-09-21T16:33:20.373+0000] {processor.py:830} INFO - Processing file /home/airflow/.local/lib/python3.8/site-packages/airflow/example_dags/tutorial_taskflow_api.py for tasks to queue
[2025-09-21T16:33:20.376+0000] {logging_mixin.py:188} INFO - [2025-09-21T16:33:20.376+0000] {dagbag.py:538} INFO - Filling up the DagBag from /home/airflow/.local/lib/python3.8/site-packages/airflow/example_dags/tutorial_taskflow_api.py
[2025-09-21T16:33:20.388+0000] {processor.py:840} INFO - DAG(s) 'tutorial_taskflow_api' retrieved from /home/airflow/.local/lib/python3.8/site-packages/airflow/example_dags/tutorial_taskflow_api.py
[2025-09-21T16:33:20.425+0000] {logging_mixin.py:188} INFO - [2025-09-21T16:33:20.425+0000] {dag.py:3036} INFO - Sync 1 DAGs
[2025-09-21T16:33:20.447+0000] {logging_mixin.py:188} INFO - [2025-09-21T16:33:20.447+0000] {dag.py:3823} INFO - Setting next_dagrun for tutorial_taskflow_api to None, run_after=None
[2025-09-21T16:33:20.655+0000] {processor.py:183} INFO - Processing /home/airflow/.local/lib/python3.8/site-packages/airflow/example_dags/tutorial_taskflow_api.py took 0.292 seconds
[2025-09-21T16:33:51.128+0000] {processor.py:161} INFO - Started process (PID=6344) to work on /home/airflow/.local/lib/python3.8/site-packages/airflow/example_dags/tutorial_taskflow_api.py
[2025-09-21T16:33:51.131+0000] {processor.py:830} INFO - Processing file /home/airflow/.local/lib/python3.8/site-packages/airflow/example_dags/tutorial_taskflow_api.py for tasks to queue
[2025-09-21T16:33:51.135+0000] {logging_mixin.py:188} INFO - [2025-09-21T16:33:51.134+0000] {dagbag.py:538} INFO - Filling up the DagBag from /home/airflow/.local/lib/python3.8/site-packages/airflow/example_dags/tutorial_taskflow_api.py
[2025-09-21T16:33:51.150+0000] {processor.py:840} INFO - DAG(s) 'tutorial_taskflow_api' retrieved from /home/airflow/.local/lib/python3.8/site-packages/airflow/example_dags/tutorial_taskflow_api.py
[2025-09-21T16:33:51.186+0000] {logging_mixin.py:188} INFO - [2025-09-21T16:33:51.185+0000] {dag.py:3036} INFO - Sync 1 DAGs
[2025-09-21T16:33:51.209+0000] {logging_mixin.py:188} INFO - [2025-09-21T16:33:51.208+0000] {dag.py:3823} INFO - Setting next_dagrun for tutorial_taskflow_api to None, run_after=None
[2025-09-21T16:33:51.243+0000] {processor.py:183} INFO - Processing /home/airflow/.local/lib/python3.8/site-packages/airflow/example_dags/tutorial_taskflow_api.py took 0.121 seconds
[2025-09-21T16:34:21.821+0000] {processor.py:161} INFO - Started process (PID=6402) to work on /home/airflow/.local/lib/python3.8/site-packages/airflow/example_dags/tutorial_taskflow_api.py
[2025-09-21T16:34:21.823+0000] {processor.py:830} INFO - Processing file /home/airflow/.local/lib/python3.8/site-packages/airflow/example_dags/tutorial_taskflow_api.py for tasks to queue
[2025-09-21T16:34:21.829+0000] {logging_mixin.py:188} INFO - [2025-09-21T16:34:21.827+0000] {dagbag.py:538} INFO - Filling up the DagBag from /home/airflow/.local/lib/python3.8/site-packages/airflow/example_dags/tutorial_taskflow_api.py
[2025-09-21T16:34:21.843+0000] {processor.py:840} INFO - DAG(s) 'tutorial_taskflow_api' retrieved from /home/airflow/.local/lib/python3.8/site-packages/airflow/example_dags/tutorial_taskflow_api.py
[2025-09-21T16:34:21.878+0000] {logging_mixin.py:188} INFO - [2025-09-21T16:34:21.878+0000] {dag.py:3036} INFO - Sync 1 DAGs
[2025-09-21T16:34:21.901+0000] {logging_mixin.py:188} INFO - [2025-09-21T16:34:21.900+0000] {dag.py:3823} INFO - Setting next_dagrun for tutorial_taskflow_api to None, run_after=None
[2025-09-21T16:34:21.941+0000] {processor.py:183} INFO - Processing /home/airflow/.local/lib/python3.8/site-packages/airflow/example_dags/tutorial_taskflow_api.py took 0.125 seconds
[2025-09-21T16:34:52.460+0000] {processor.py:161} INFO - Started process (PID=6460) to work on /home/airflow/.local/lib/python3.8/site-packages/airflow/example_dags/tutorial_taskflow_api.py
[2025-09-21T16:34:52.462+0000] {processor.py:830} INFO - Processing file /home/airflow/.local/lib/python3.8/site-packages/airflow/example_dags/tutorial_taskflow_api.py for tasks to queue
[2025-09-21T16:34:52.465+0000] {logging_mixin.py:188} INFO - [2025-09-21T16:34:52.464+0000] {dagbag.py:538} INFO - Filling up the DagBag from /home/airflow/.local/lib/python3.8/site-packages/airflow/example_dags/tutorial_taskflow_api.py
[2025-09-21T16:34:52.477+0000] {processor.py:840} INFO - DAG(s) 'tutorial_taskflow_api' retrieved from /home/airflow/.local/lib/python3.8/site-packages/airflow/example_dags/tutorial_taskflow_api.py
[2025-09-21T16:34:52.512+0000] {logging_mixin.py:188} INFO - [2025-09-21T16:34:52.512+0000] {dag.py:3036} INFO - Sync 1 DAGs
[2025-09-21T16:34:52.536+0000] {logging_mixin.py:188} INFO - [2025-09-21T16:34:52.535+0000] {dag.py:3823} INFO - Setting next_dagrun for tutorial_taskflow_api to None, run_after=None
[2025-09-21T16:34:52.569+0000] {processor.py:183} INFO - Processing /home/airflow/.local/lib/python3.8/site-packages/airflow/example_dags/tutorial_taskflow_api.py took 0.115 seconds
[2025-09-21T16:35:23.148+0000] {processor.py:161} INFO - Started process (PID=6518) to work on /home/airflow/.local/lib/python3.8/site-packages/airflow/example_dags/tutorial_taskflow_api.py
[2025-09-21T16:35:23.150+0000] {processor.py:830} INFO - Processing file /home/airflow/.local/lib/python3.8/site-packages/airflow/example_dags/tutorial_taskflow_api.py for tasks to queue
[2025-09-21T16:35:23.153+0000] {logging_mixin.py:188} INFO - [2025-09-21T16:35:23.152+0000] {dagbag.py:538} INFO - Filling up the DagBag from /home/airflow/.local/lib/python3.8/site-packages/airflow/example_dags/tutorial_taskflow_api.py
[2025-09-21T16:35:23.165+0000] {processor.py:840} INFO - DAG(s) 'tutorial_taskflow_api' retrieved from /home/airflow/.local/lib/python3.8/site-packages/airflow/example_dags/tutorial_taskflow_api.py
[2025-09-21T16:35:23.205+0000] {logging_mixin.py:188} INFO - [2025-09-21T16:35:23.205+0000] {dag.py:3036} INFO - Sync 1 DAGs
[2025-09-21T16:35:23.229+0000] {logging_mixin.py:188} INFO - [2025-09-21T16:35:23.228+0000] {dag.py:3823} INFO - Setting next_dagrun for tutorial_taskflow_api to None, run_after=None
[2025-09-21T16:35:23.268+0000] {processor.py:183} INFO - Processing /home/airflow/.local/lib/python3.8/site-packages/airflow/example_dags/tutorial_taskflow_api.py took 0.127 seconds
[2025-09-21T16:35:53.788+0000] {processor.py:161} INFO - Started process (PID=6577) to work on /home/airflow/.local/lib/python3.8/site-packages/airflow/example_dags/tutorial_taskflow_api.py
[2025-09-21T16:35:53.790+0000] {processor.py:830} INFO - Processing file /home/airflow/.local/lib/python3.8/site-packages/airflow/example_dags/tutorial_taskflow_api.py for tasks to queue
[2025-09-21T16:35:53.794+0000] {logging_mixin.py:188} INFO - [2025-09-21T16:35:53.793+0000] {dagbag.py:538} INFO - Filling up the DagBag from /home/airflow/.local/lib/python3.8/site-packages/airflow/example_dags/tutorial_taskflow_api.py
[2025-09-21T16:35:53.806+0000] {processor.py:840} INFO - DAG(s) 'tutorial_taskflow_api' retrieved from /home/airflow/.local/lib/python3.8/site-packages/airflow/example_dags/tutorial_taskflow_api.py
[2025-09-21T16:35:53.857+0000] {logging_mixin.py:188} INFO - [2025-09-21T16:35:53.856+0000] {dag.py:3036} INFO - Sync 1 DAGs
[2025-09-21T16:35:53.889+0000] {logging_mixin.py:188} INFO - [2025-09-21T16:35:53.889+0000] {dag.py:3823} INFO - Setting next_dagrun for tutorial_taskflow_api to None, run_after=None
[2025-09-21T16:35:53.943+0000] {processor.py:183} INFO - Processing /home/airflow/.local/lib/python3.8/site-packages/airflow/example_dags/tutorial_taskflow_api.py took 0.161 seconds
[2025-09-21T16:36:24.411+0000] {processor.py:161} INFO - Started process (PID=6635) to work on /home/airflow/.local/lib/python3.8/site-packages/airflow/example_dags/tutorial_taskflow_api.py
[2025-09-21T16:36:24.413+0000] {processor.py:830} INFO - Processing file /home/airflow/.local/lib/python3.8/site-packages/airflow/example_dags/tutorial_taskflow_api.py for tasks to queue
[2025-09-21T16:36:24.417+0000] {logging_mixin.py:188} INFO - [2025-09-21T16:36:24.416+0000] {dagbag.py:538} INFO - Filling up the DagBag from /home/airflow/.local/lib/python3.8/site-packages/airflow/example_dags/tutorial_taskflow_api.py
[2025-09-21T16:36:24.429+0000] {processor.py:840} INFO - DAG(s) 'tutorial_taskflow_api' retrieved from /home/airflow/.local/lib/python3.8/site-packages/airflow/example_dags/tutorial_taskflow_api.py
[2025-09-21T16:36:24.463+0000] {logging_mixin.py:188} INFO - [2025-09-21T16:36:24.463+0000] {dag.py:3036} INFO - Sync 1 DAGs
[2025-09-21T16:36:24.486+0000] {logging_mixin.py:188} INFO - [2025-09-21T16:36:24.485+0000] {dag.py:3823} INFO - Setting next_dagrun for tutorial_taskflow_api to None, run_after=None
[2025-09-21T16:36:24.526+0000] {processor.py:183} INFO - Processing /home/airflow/.local/lib/python3.8/site-packages/airflow/example_dags/tutorial_taskflow_api.py took 0.124 seconds
[2025-09-21T16:36:54.649+0000] {processor.py:161} INFO - Started process (PID=6693) to work on /home/airflow/.local/lib/python3.8/site-packages/airflow/example_dags/tutorial_taskflow_api.py
[2025-09-21T16:36:54.651+0000] {processor.py:830} INFO - Processing file /home/airflow/.local/lib/python3.8/site-packages/airflow/example_dags/tutorial_taskflow_api.py for tasks to queue
[2025-09-21T16:36:54.654+0000] {logging_mixin.py:188} INFO - [2025-09-21T16:36:54.654+0000] {dagbag.py:538} INFO - Filling up the DagBag from /home/airflow/.local/lib/python3.8/site-packages/airflow/example_dags/tutorial_taskflow_api.py
[2025-09-21T16:36:54.671+0000] {processor.py:840} INFO - DAG(s) 'tutorial_taskflow_api' retrieved from /home/airflow/.local/lib/python3.8/site-packages/airflow/example_dags/tutorial_taskflow_api.py
[2025-09-21T16:36:54.716+0000] {logging_mixin.py:188} INFO - [2025-09-21T16:36:54.716+0000] {dag.py:3036} INFO - Sync 1 DAGs
[2025-09-21T16:36:54.739+0000] {logging_mixin.py:188} INFO - [2025-09-21T16:36:54.739+0000] {dag.py:3823} INFO - Setting next_dagrun for tutorial_taskflow_api to None, run_after=None
[2025-09-21T16:36:54.776+0000] {processor.py:183} INFO - Processing /home/airflow/.local/lib/python3.8/site-packages/airflow/example_dags/tutorial_taskflow_api.py took 0.133 seconds
[2025-09-21T16:37:25.468+0000] {processor.py:161} INFO - Started process (PID=6751) to work on /home/airflow/.local/lib/python3.8/site-packages/airflow/example_dags/tutorial_taskflow_api.py
[2025-09-21T16:37:25.470+0000] {processor.py:830} INFO - Processing file /home/airflow/.local/lib/python3.8/site-packages/airflow/example_dags/tutorial_taskflow_api.py for tasks to queue
[2025-09-21T16:37:25.473+0000] {logging_mixin.py:188} INFO - [2025-09-21T16:37:25.473+0000] {dagbag.py:538} INFO - Filling up the DagBag from /home/airflow/.local/lib/python3.8/site-packages/airflow/example_dags/tutorial_taskflow_api.py
[2025-09-21T16:37:25.487+0000] {processor.py:840} INFO - DAG(s) 'tutorial_taskflow_api' retrieved from /home/airflow/.local/lib/python3.8/site-packages/airflow/example_dags/tutorial_taskflow_api.py
[2025-09-21T16:37:25.521+0000] {logging_mixin.py:188} INFO - [2025-09-21T16:37:25.521+0000] {dag.py:3036} INFO - Sync 1 DAGs
[2025-09-21T16:37:25.546+0000] {logging_mixin.py:188} INFO - [2025-09-21T16:37:25.546+0000] {dag.py:3823} INFO - Setting next_dagrun for tutorial_taskflow_api to None, run_after=None
[2025-09-21T16:37:25.586+0000] {processor.py:183} INFO - Processing /home/airflow/.local/lib/python3.8/site-packages/airflow/example_dags/tutorial_taskflow_api.py took 0.125 seconds
[2025-09-21T16:37:55.804+0000] {processor.py:161} INFO - Started process (PID=6809) to work on /home/airflow/.local/lib/python3.8/site-packages/airflow/example_dags/tutorial_taskflow_api.py
[2025-09-21T16:37:55.807+0000] {processor.py:830} INFO - Processing file /home/airflow/.local/lib/python3.8/site-packages/airflow/example_dags/tutorial_taskflow_api.py for tasks to queue
[2025-09-21T16:37:55.811+0000] {logging_mixin.py:188} INFO - [2025-09-21T16:37:55.810+0000] {dagbag.py:538} INFO - Filling up the DagBag from /home/airflow/.local/lib/python3.8/site-packages/airflow/example_dags/tutorial_taskflow_api.py
[2025-09-21T16:37:55.822+0000] {processor.py:840} INFO - DAG(s) 'tutorial_taskflow_api' retrieved from /home/airflow/.local/lib/python3.8/site-packages/airflow/example_dags/tutorial_taskflow_api.py
[2025-09-21T16:37:55.858+0000] {logging_mixin.py:188} INFO - [2025-09-21T16:37:55.858+0000] {dag.py:3036} INFO - Sync 1 DAGs
[2025-09-21T16:37:55.884+0000] {logging_mixin.py:188} INFO - [2025-09-21T16:37:55.883+0000] {dag.py:3823} INFO - Setting next_dagrun for tutorial_taskflow_api to None, run_after=None
[2025-09-21T16:37:55.927+0000] {processor.py:183} INFO - Processing /home/airflow/.local/lib/python3.8/site-packages/airflow/example_dags/tutorial_taskflow_api.py took 0.130 seconds
[2025-09-21T16:38:26.291+0000] {processor.py:161} INFO - Started process (PID=6867) to work on /home/airflow/.local/lib/python3.8/site-packages/airflow/example_dags/tutorial_taskflow_api.py
[2025-09-21T16:38:26.294+0000] {processor.py:830} INFO - Processing file /home/airflow/.local/lib/python3.8/site-packages/airflow/example_dags/tutorial_taskflow_api.py for tasks to queue
[2025-09-21T16:38:26.299+0000] {logging_mixin.py:188} INFO - [2025-09-21T16:38:26.298+0000] {dagbag.py:538} INFO - Filling up the DagBag from /home/airflow/.local/lib/python3.8/site-packages/airflow/example_dags/tutorial_taskflow_api.py
[2025-09-21T16:38:26.314+0000] {processor.py:840} INFO - DAG(s) 'tutorial_taskflow_api' retrieved from /home/airflow/.local/lib/python3.8/site-packages/airflow/example_dags/tutorial_taskflow_api.py
[2025-09-21T16:38:26.362+0000] {logging_mixin.py:188} INFO - [2025-09-21T16:38:26.361+0000] {dag.py:3036} INFO - Sync 1 DAGs
[2025-09-21T16:38:26.391+0000] {logging_mixin.py:188} INFO - [2025-09-21T16:38:26.390+0000] {dag.py:3823} INFO - Setting next_dagrun for tutorial_taskflow_api to None, run_after=None
[2025-09-21T16:38:26.429+0000] {processor.py:183} INFO - Processing /home/airflow/.local/lib/python3.8/site-packages/airflow/example_dags/tutorial_taskflow_api.py took 0.148 seconds
[2025-09-21T16:38:56.724+0000] {processor.py:161} INFO - Started process (PID=6925) to work on /home/airflow/.local/lib/python3.8/site-packages/airflow/example_dags/tutorial_taskflow_api.py
[2025-09-21T16:38:56.726+0000] {processor.py:830} INFO - Processing file /home/airflow/.local/lib/python3.8/site-packages/airflow/example_dags/tutorial_taskflow_api.py for tasks to queue
[2025-09-21T16:38:56.730+0000] {logging_mixin.py:188} INFO - [2025-09-21T16:38:56.730+0000] {dagbag.py:538} INFO - Filling up the DagBag from /home/airflow/.local/lib/python3.8/site-packages/airflow/example_dags/tutorial_taskflow_api.py
[2025-09-21T16:38:56.742+0000] {processor.py:840} INFO - DAG(s) 'tutorial_taskflow_api' retrieved from /home/airflow/.local/lib/python3.8/site-packages/airflow/example_dags/tutorial_taskflow_api.py
[2025-09-21T16:38:56.780+0000] {logging_mixin.py:188} INFO - [2025-09-21T16:38:56.780+0000] {dag.py:3036} INFO - Sync 1 DAGs
[2025-09-21T16:38:56.802+0000] {logging_mixin.py:188} INFO - [2025-09-21T16:38:56.802+0000] {dag.py:3823} INFO - Setting next_dagrun for tutorial_taskflow_api to None, run_after=None
[2025-09-21T16:38:56.844+0000] {processor.py:183} INFO - Processing /home/airflow/.local/lib/python3.8/site-packages/airflow/example_dags/tutorial_taskflow_api.py took 0.126 seconds
[2025-09-21T16:39:27.229+0000] {processor.py:161} INFO - Started process (PID=6983) to work on /home/airflow/.local/lib/python3.8/site-packages/airflow/example_dags/tutorial_taskflow_api.py
[2025-09-21T16:39:27.230+0000] {processor.py:830} INFO - Processing file /home/airflow/.local/lib/python3.8/site-packages/airflow/example_dags/tutorial_taskflow_api.py for tasks to queue
[2025-09-21T16:39:27.234+0000] {logging_mixin.py:188} INFO - [2025-09-21T16:39:27.233+0000] {dagbag.py:538} INFO - Filling up the DagBag from /home/airflow/.local/lib/python3.8/site-packages/airflow/example_dags/tutorial_taskflow_api.py
[2025-09-21T16:39:27.249+0000] {processor.py:840} INFO - DAG(s) 'tutorial_taskflow_api' retrieved from /home/airflow/.local/lib/python3.8/site-packages/airflow/example_dags/tutorial_taskflow_api.py
[2025-09-21T16:39:27.288+0000] {logging_mixin.py:188} INFO - [2025-09-21T16:39:27.288+0000] {dag.py:3036} INFO - Sync 1 DAGs
[2025-09-21T16:39:27.316+0000] {logging_mixin.py:188} INFO - [2025-09-21T16:39:27.316+0000] {dag.py:3823} INFO - Setting next_dagrun for tutorial_taskflow_api to None, run_after=None
[2025-09-21T16:39:27.360+0000] {processor.py:183} INFO - Processing /home/airflow/.local/lib/python3.8/site-packages/airflow/example_dags/tutorial_taskflow_api.py took 0.138 seconds
[2025-09-21T16:39:57.558+0000] {processor.py:161} INFO - Started process (PID=7041) to work on /home/airflow/.local/lib/python3.8/site-packages/airflow/example_dags/tutorial_taskflow_api.py
[2025-09-21T16:39:57.560+0000] {processor.py:830} INFO - Processing file /home/airflow/.local/lib/python3.8/site-packages/airflow/example_dags/tutorial_taskflow_api.py for tasks to queue
[2025-09-21T16:39:57.564+0000] {logging_mixin.py:188} INFO - [2025-09-21T16:39:57.564+0000] {dagbag.py:538} INFO - Filling up the DagBag from /home/airflow/.local/lib/python3.8/site-packages/airflow/example_dags/tutorial_taskflow_api.py
[2025-09-21T16:39:57.577+0000] {processor.py:840} INFO - DAG(s) 'tutorial_taskflow_api' retrieved from /home/airflow/.local/lib/python3.8/site-packages/airflow/example_dags/tutorial_taskflow_api.py
[2025-09-21T16:39:57.614+0000] {logging_mixin.py:188} INFO - [2025-09-21T16:39:57.614+0000] {dag.py:3036} INFO - Sync 1 DAGs
[2025-09-21T16:39:57.638+0000] {logging_mixin.py:188} INFO - [2025-09-21T16:39:57.638+0000] {dag.py:3823} INFO - Setting next_dagrun for tutorial_taskflow_api to None, run_after=None
[2025-09-21T16:39:57.674+0000] {processor.py:183} INFO - Processing /home/airflow/.local/lib/python3.8/site-packages/airflow/example_dags/tutorial_taskflow_api.py took 0.122 seconds
[2025-09-21T16:40:27.925+0000] {processor.py:161} INFO - Started process (PID=7099) to work on /home/airflow/.local/lib/python3.8/site-packages/airflow/example_dags/tutorial_taskflow_api.py
[2025-09-21T16:40:27.926+0000] {processor.py:830} INFO - Processing file /home/airflow/.local/lib/python3.8/site-packages/airflow/example_dags/tutorial_taskflow_api.py for tasks to queue
[2025-09-21T16:40:27.930+0000] {logging_mixin.py:188} INFO - [2025-09-21T16:40:27.929+0000] {dagbag.py:538} INFO - Filling up the DagBag from /home/airflow/.local/lib/python3.8/site-packages/airflow/example_dags/tutorial_taskflow_api.py
[2025-09-21T16:40:27.941+0000] {processor.py:840} INFO - DAG(s) 'tutorial_taskflow_api' retrieved from /home/airflow/.local/lib/python3.8/site-packages/airflow/example_dags/tutorial_taskflow_api.py
[2025-09-21T16:40:27.977+0000] {logging_mixin.py:188} INFO - [2025-09-21T16:40:27.977+0000] {dag.py:3036} INFO - Sync 1 DAGs
[2025-09-21T16:40:27.999+0000] {logging_mixin.py:188} INFO - [2025-09-21T16:40:27.999+0000] {dag.py:3823} INFO - Setting next_dagrun for tutorial_taskflow_api to None, run_after=None
[2025-09-21T16:40:28.038+0000] {processor.py:183} INFO - Processing /home/airflow/.local/lib/python3.8/site-packages/airflow/example_dags/tutorial_taskflow_api.py took 0.119 seconds
[2025-09-21T16:40:58.093+0000] {processor.py:161} INFO - Started process (PID=7157) to work on /home/airflow/.local/lib/python3.8/site-packages/airflow/example_dags/tutorial_taskflow_api.py
[2025-09-21T16:40:58.095+0000] {processor.py:830} INFO - Processing file /home/airflow/.local/lib/python3.8/site-packages/airflow/example_dags/tutorial_taskflow_api.py for tasks to queue
[2025-09-21T16:40:58.099+0000] {logging_mixin.py:188} INFO - [2025-09-21T16:40:58.098+0000] {dagbag.py:538} INFO - Filling up the DagBag from /home/airflow/.local/lib/python3.8/site-packages/airflow/example_dags/tutorial_taskflow_api.py
[2025-09-21T16:40:58.111+0000] {processor.py:840} INFO - DAG(s) 'tutorial_taskflow_api' retrieved from /home/airflow/.local/lib/python3.8/site-packages/airflow/example_dags/tutorial_taskflow_api.py
[2025-09-21T16:40:58.146+0000] {logging_mixin.py:188} INFO - [2025-09-21T16:40:58.145+0000] {dag.py:3036} INFO - Sync 1 DAGs
[2025-09-21T16:40:58.169+0000] {logging_mixin.py:188} INFO - [2025-09-21T16:40:58.168+0000] {dag.py:3823} INFO - Setting next_dagrun for tutorial_taskflow_api to None, run_after=None
[2025-09-21T16:40:58.207+0000] {processor.py:183} INFO - Processing /home/airflow/.local/lib/python3.8/site-packages/airflow/example_dags/tutorial_taskflow_api.py took 0.122 seconds
[2025-09-21T16:41:28.894+0000] {processor.py:161} INFO - Started process (PID=7215) to work on /home/airflow/.local/lib/python3.8/site-packages/airflow/example_dags/tutorial_taskflow_api.py
[2025-09-21T16:41:28.896+0000] {processor.py:830} INFO - Processing file /home/airflow/.local/lib/python3.8/site-packages/airflow/example_dags/tutorial_taskflow_api.py for tasks to queue
[2025-09-21T16:41:28.900+0000] {logging_mixin.py:188} INFO - [2025-09-21T16:41:28.899+0000] {dagbag.py:538} INFO - Filling up the DagBag from /home/airflow/.local/lib/python3.8/site-packages/airflow/example_dags/tutorial_taskflow_api.py
[2025-09-21T16:41:28.912+0000] {processor.py:840} INFO - DAG(s) 'tutorial_taskflow_api' retrieved from /home/airflow/.local/lib/python3.8/site-packages/airflow/example_dags/tutorial_taskflow_api.py
[2025-09-21T16:41:28.948+0000] {logging_mixin.py:188} INFO - [2025-09-21T16:41:28.948+0000] {dag.py:3036} INFO - Sync 1 DAGs
[2025-09-21T16:41:28.976+0000] {logging_mixin.py:188} INFO - [2025-09-21T16:41:28.976+0000] {dag.py:3823} INFO - Setting next_dagrun for tutorial_taskflow_api to None, run_after=None
[2025-09-21T16:41:29.022+0000] {processor.py:183} INFO - Processing /home/airflow/.local/lib/python3.8/site-packages/airflow/example_dags/tutorial_taskflow_api.py took 0.134 seconds
[2025-09-21T16:41:59.623+0000] {processor.py:161} INFO - Started process (PID=7273) to work on /home/airflow/.local/lib/python3.8/site-packages/airflow/example_dags/tutorial_taskflow_api.py
[2025-09-21T16:41:59.625+0000] {processor.py:830} INFO - Processing file /home/airflow/.local/lib/python3.8/site-packages/airflow/example_dags/tutorial_taskflow_api.py for tasks to queue
[2025-09-21T16:41:59.628+0000] {logging_mixin.py:188} INFO - [2025-09-21T16:41:59.628+0000] {dagbag.py:538} INFO - Filling up the DagBag from /home/airflow/.local/lib/python3.8/site-packages/airflow/example_dags/tutorial_taskflow_api.py
[2025-09-21T16:41:59.641+0000] {processor.py:840} INFO - DAG(s) 'tutorial_taskflow_api' retrieved from /home/airflow/.local/lib/python3.8/site-packages/airflow/example_dags/tutorial_taskflow_api.py
[2025-09-21T16:41:59.676+0000] {logging_mixin.py:188} INFO - [2025-09-21T16:41:59.676+0000] {dag.py:3036} INFO - Sync 1 DAGs
[2025-09-21T16:41:59.700+0000] {logging_mixin.py:188} INFO - [2025-09-21T16:41:59.700+0000] {dag.py:3823} INFO - Setting next_dagrun for tutorial_taskflow_api to None, run_after=None
[2025-09-21T16:41:59.738+0000] {processor.py:183} INFO - Processing /home/airflow/.local/lib/python3.8/site-packages/airflow/example_dags/tutorial_taskflow_api.py took 0.122 seconds
[2025-09-21T16:42:30.517+0000] {processor.py:161} INFO - Started process (PID=7331) to work on /home/airflow/.local/lib/python3.8/site-packages/airflow/example_dags/tutorial_taskflow_api.py
[2025-09-21T16:42:30.519+0000] {processor.py:830} INFO - Processing file /home/airflow/.local/lib/python3.8/site-packages/airflow/example_dags/tutorial_taskflow_api.py for tasks to queue
[2025-09-21T16:42:30.524+0000] {logging_mixin.py:188} INFO - [2025-09-21T16:42:30.524+0000] {dagbag.py:538} INFO - Filling up the DagBag from /home/airflow/.local/lib/python3.8/site-packages/airflow/example_dags/tutorial_taskflow_api.py
[2025-09-21T16:42:30.542+0000] {processor.py:840} INFO - DAG(s) 'tutorial_taskflow_api' retrieved from /home/airflow/.local/lib/python3.8/site-packages/airflow/example_dags/tutorial_taskflow_api.py
[2025-09-21T16:42:30.586+0000] {logging_mixin.py:188} INFO - [2025-09-21T16:42:30.585+0000] {dag.py:3036} INFO - Sync 1 DAGs
[2025-09-21T16:42:30.614+0000] {logging_mixin.py:188} INFO - [2025-09-21T16:42:30.613+0000] {dag.py:3823} INFO - Setting next_dagrun for tutorial_taskflow_api to None, run_after=None
[2025-09-21T16:42:30.657+0000] {processor.py:183} INFO - Processing /home/airflow/.local/lib/python3.8/site-packages/airflow/example_dags/tutorial_taskflow_api.py took 0.149 seconds
[2025-09-21T16:43:01.486+0000] {processor.py:161} INFO - Started process (PID=7389) to work on /home/airflow/.local/lib/python3.8/site-packages/airflow/example_dags/tutorial_taskflow_api.py
[2025-09-21T16:43:01.489+0000] {processor.py:830} INFO - Processing file /home/airflow/.local/lib/python3.8/site-packages/airflow/example_dags/tutorial_taskflow_api.py for tasks to queue
[2025-09-21T16:43:01.493+0000] {logging_mixin.py:188} INFO - [2025-09-21T16:43:01.492+0000] {dagbag.py:538} INFO - Filling up the DagBag from /home/airflow/.local/lib/python3.8/site-packages/airflow/example_dags/tutorial_taskflow_api.py
[2025-09-21T16:43:01.506+0000] {processor.py:840} INFO - DAG(s) 'tutorial_taskflow_api' retrieved from /home/airflow/.local/lib/python3.8/site-packages/airflow/example_dags/tutorial_taskflow_api.py
[2025-09-21T16:43:01.547+0000] {logging_mixin.py:188} INFO - [2025-09-21T16:43:01.547+0000] {dag.py:3036} INFO - Sync 1 DAGs
[2025-09-21T16:43:01.573+0000] {logging_mixin.py:188} INFO - [2025-09-21T16:43:01.572+0000] {dag.py:3823} INFO - Setting next_dagrun for tutorial_taskflow_api to None, run_after=None
[2025-09-21T16:43:01.612+0000] {processor.py:183} INFO - Processing /home/airflow/.local/lib/python3.8/site-packages/airflow/example_dags/tutorial_taskflow_api.py took 0.134 seconds
[2025-09-21T16:43:31.972+0000] {processor.py:161} INFO - Started process (PID=7447) to work on /home/airflow/.local/lib/python3.8/site-packages/airflow/example_dags/tutorial_taskflow_api.py
[2025-09-21T16:43:31.974+0000] {processor.py:830} INFO - Processing file /home/airflow/.local/lib/python3.8/site-packages/airflow/example_dags/tutorial_taskflow_api.py for tasks to queue
[2025-09-21T16:43:31.977+0000] {logging_mixin.py:188} INFO - [2025-09-21T16:43:31.976+0000] {dagbag.py:538} INFO - Filling up the DagBag from /home/airflow/.local/lib/python3.8/site-packages/airflow/example_dags/tutorial_taskflow_api.py
[2025-09-21T16:43:31.989+0000] {processor.py:840} INFO - DAG(s) 'tutorial_taskflow_api' retrieved from /home/airflow/.local/lib/python3.8/site-packages/airflow/example_dags/tutorial_taskflow_api.py
[2025-09-21T16:43:32.025+0000] {logging_mixin.py:188} INFO - [2025-09-21T16:43:32.025+0000] {dag.py:3036} INFO - Sync 1 DAGs
[2025-09-21T16:43:32.047+0000] {logging_mixin.py:188} INFO - [2025-09-21T16:43:32.047+0000] {dag.py:3823} INFO - Setting next_dagrun for tutorial_taskflow_api to None, run_after=None
[2025-09-21T16:43:32.088+0000] {processor.py:183} INFO - Processing /home/airflow/.local/lib/python3.8/site-packages/airflow/example_dags/tutorial_taskflow_api.py took 0.121 seconds
[2025-09-21T16:44:02.560+0000] {processor.py:161} INFO - Started process (PID=7505) to work on /home/airflow/.local/lib/python3.8/site-packages/airflow/example_dags/tutorial_taskflow_api.py
[2025-09-21T16:44:02.562+0000] {processor.py:830} INFO - Processing file /home/airflow/.local/lib/python3.8/site-packages/airflow/example_dags/tutorial_taskflow_api.py for tasks to queue
[2025-09-21T16:44:02.566+0000] {logging_mixin.py:188} INFO - [2025-09-21T16:44:02.565+0000] {dagbag.py:538} INFO - Filling up the DagBag from /home/airflow/.local/lib/python3.8/site-packages/airflow/example_dags/tutorial_taskflow_api.py
[2025-09-21T16:44:02.578+0000] {processor.py:840} INFO - DAG(s) 'tutorial_taskflow_api' retrieved from /home/airflow/.local/lib/python3.8/site-packages/airflow/example_dags/tutorial_taskflow_api.py
[2025-09-21T16:44:02.615+0000] {logging_mixin.py:188} INFO - [2025-09-21T16:44:02.614+0000] {dag.py:3036} INFO - Sync 1 DAGs
[2025-09-21T16:44:02.640+0000] {logging_mixin.py:188} INFO - [2025-09-21T16:44:02.639+0000] {dag.py:3823} INFO - Setting next_dagrun for tutorial_taskflow_api to None, run_after=None
[2025-09-21T16:44:02.679+0000] {processor.py:183} INFO - Processing /home/airflow/.local/lib/python3.8/site-packages/airflow/example_dags/tutorial_taskflow_api.py took 0.125 seconds
[2025-09-21T16:44:32.966+0000] {processor.py:161} INFO - Started process (PID=7563) to work on /home/airflow/.local/lib/python3.8/site-packages/airflow/example_dags/tutorial_taskflow_api.py
[2025-09-21T16:44:32.968+0000] {processor.py:830} INFO - Processing file /home/airflow/.local/lib/python3.8/site-packages/airflow/example_dags/tutorial_taskflow_api.py for tasks to queue
[2025-09-21T16:44:32.971+0000] {logging_mixin.py:188} INFO - [2025-09-21T16:44:32.971+0000] {dagbag.py:538} INFO - Filling up the DagBag from /home/airflow/.local/lib/python3.8/site-packages/airflow/example_dags/tutorial_taskflow_api.py
[2025-09-21T16:44:32.984+0000] {processor.py:840} INFO - DAG(s) 'tutorial_taskflow_api' retrieved from /home/airflow/.local/lib/python3.8/site-packages/airflow/example_dags/tutorial_taskflow_api.py
[2025-09-21T16:44:33.021+0000] {logging_mixin.py:188} INFO - [2025-09-21T16:44:33.021+0000] {dag.py:3036} INFO - Sync 1 DAGs
[2025-09-21T16:44:33.047+0000] {logging_mixin.py:188} INFO - [2025-09-21T16:44:33.047+0000] {dag.py:3823} INFO - Setting next_dagrun for tutorial_taskflow_api to None, run_after=None
[2025-09-21T16:44:33.083+0000] {processor.py:183} INFO - Processing /home/airflow/.local/lib/python3.8/site-packages/airflow/example_dags/tutorial_taskflow_api.py took 0.123 seconds
[2025-09-21T16:45:03.189+0000] {processor.py:161} INFO - Started process (PID=7621) to work on /home/airflow/.local/lib/python3.8/site-packages/airflow/example_dags/tutorial_taskflow_api.py
[2025-09-21T16:45:03.191+0000] {processor.py:830} INFO - Processing file /home/airflow/.local/lib/python3.8/site-packages/airflow/example_dags/tutorial_taskflow_api.py for tasks to queue
[2025-09-21T16:45:03.194+0000] {logging_mixin.py:188} INFO - [2025-09-21T16:45:03.194+0000] {dagbag.py:538} INFO - Filling up the DagBag from /home/airflow/.local/lib/python3.8/site-packages/airflow/example_dags/tutorial_taskflow_api.py
[2025-09-21T16:45:03.208+0000] {processor.py:840} INFO - DAG(s) 'tutorial_taskflow_api' retrieved from /home/airflow/.local/lib/python3.8/site-packages/airflow/example_dags/tutorial_taskflow_api.py
[2025-09-21T16:45:03.244+0000] {logging_mixin.py:188} INFO - [2025-09-21T16:45:03.243+0000] {dag.py:3036} INFO - Sync 1 DAGs
[2025-09-21T16:45:03.267+0000] {logging_mixin.py:188} INFO - [2025-09-21T16:45:03.266+0000] {dag.py:3823} INFO - Setting next_dagrun for tutorial_taskflow_api to None, run_after=None
[2025-09-21T16:45:03.306+0000] {processor.py:183} INFO - Processing /home/airflow/.local/lib/python3.8/site-packages/airflow/example_dags/tutorial_taskflow_api.py took 0.125 seconds
[2025-09-21T16:45:33.758+0000] {processor.py:161} INFO - Started process (PID=7679) to work on /home/airflow/.local/lib/python3.8/site-packages/airflow/example_dags/tutorial_taskflow_api.py
[2025-09-21T16:45:33.760+0000] {processor.py:830} INFO - Processing file /home/airflow/.local/lib/python3.8/site-packages/airflow/example_dags/tutorial_taskflow_api.py for tasks to queue
[2025-09-21T16:45:33.763+0000] {logging_mixin.py:188} INFO - [2025-09-21T16:45:33.763+0000] {dagbag.py:538} INFO - Filling up the DagBag from /home/airflow/.local/lib/python3.8/site-packages/airflow/example_dags/tutorial_taskflow_api.py
[2025-09-21T16:45:33.775+0000] {processor.py:840} INFO - DAG(s) 'tutorial_taskflow_api' retrieved from /home/airflow/.local/lib/python3.8/site-packages/airflow/example_dags/tutorial_taskflow_api.py
[2025-09-21T16:45:33.810+0000] {logging_mixin.py:188} INFO - [2025-09-21T16:45:33.809+0000] {dag.py:3036} INFO - Sync 1 DAGs
[2025-09-21T16:45:33.832+0000] {logging_mixin.py:188} INFO - [2025-09-21T16:45:33.831+0000] {dag.py:3823} INFO - Setting next_dagrun for tutorial_taskflow_api to None, run_after=None
[2025-09-21T16:45:33.873+0000] {processor.py:183} INFO - Processing /home/airflow/.local/lib/python3.8/site-packages/airflow/example_dags/tutorial_taskflow_api.py took 0.121 seconds
[2025-09-21T16:46:04.386+0000] {processor.py:161} INFO - Started process (PID=7737) to work on /home/airflow/.local/lib/python3.8/site-packages/airflow/example_dags/tutorial_taskflow_api.py
[2025-09-21T16:46:04.388+0000] {processor.py:830} INFO - Processing file /home/airflow/.local/lib/python3.8/site-packages/airflow/example_dags/tutorial_taskflow_api.py for tasks to queue
[2025-09-21T16:46:04.392+0000] {logging_mixin.py:188} INFO - [2025-09-21T16:46:04.392+0000] {dagbag.py:538} INFO - Filling up the DagBag from /home/airflow/.local/lib/python3.8/site-packages/airflow/example_dags/tutorial_taskflow_api.py
[2025-09-21T16:46:04.404+0000] {processor.py:840} INFO - DAG(s) 'tutorial_taskflow_api' retrieved from /home/airflow/.local/lib/python3.8/site-packages/airflow/example_dags/tutorial_taskflow_api.py
[2025-09-21T16:46:04.441+0000] {logging_mixin.py:188} INFO - [2025-09-21T16:46:04.441+0000] {dag.py:3036} INFO - Sync 1 DAGs
[2025-09-21T16:46:04.465+0000] {logging_mixin.py:188} INFO - [2025-09-21T16:46:04.465+0000] {dag.py:3823} INFO - Setting next_dagrun for tutorial_taskflow_api to None, run_after=None
[2025-09-21T16:46:04.502+0000] {processor.py:183} INFO - Processing /home/airflow/.local/lib/python3.8/site-packages/airflow/example_dags/tutorial_taskflow_api.py took 0.122 seconds
[2025-09-21T16:46:34.740+0000] {processor.py:161} INFO - Started process (PID=7795) to work on /home/airflow/.local/lib/python3.8/site-packages/airflow/example_dags/tutorial_taskflow_api.py
[2025-09-21T16:46:34.742+0000] {processor.py:830} INFO - Processing file /home/airflow/.local/lib/python3.8/site-packages/airflow/example_dags/tutorial_taskflow_api.py for tasks to queue
[2025-09-21T16:46:34.745+0000] {logging_mixin.py:188} INFO - [2025-09-21T16:46:34.744+0000] {dagbag.py:538} INFO - Filling up the DagBag from /home/airflow/.local/lib/python3.8/site-packages/airflow/example_dags/tutorial_taskflow_api.py
[2025-09-21T16:46:34.757+0000] {processor.py:840} INFO - DAG(s) 'tutorial_taskflow_api' retrieved from /home/airflow/.local/lib/python3.8/site-packages/airflow/example_dags/tutorial_taskflow_api.py
[2025-09-21T16:46:34.792+0000] {logging_mixin.py:188} INFO - [2025-09-21T16:46:34.791+0000] {dag.py:3036} INFO - Sync 1 DAGs
[2025-09-21T16:46:34.814+0000] {logging_mixin.py:188} INFO - [2025-09-21T16:46:34.814+0000] {dag.py:3823} INFO - Setting next_dagrun for tutorial_taskflow_api to None, run_after=None
[2025-09-21T16:46:34.854+0000] {processor.py:183} INFO - Processing /home/airflow/.local/lib/python3.8/site-packages/airflow/example_dags/tutorial_taskflow_api.py took 0.120 seconds
[2025-09-21T16:47:05.272+0000] {processor.py:161} INFO - Started process (PID=7853) to work on /home/airflow/.local/lib/python3.8/site-packages/airflow/example_dags/tutorial_taskflow_api.py
[2025-09-21T16:47:05.274+0000] {processor.py:830} INFO - Processing file /home/airflow/.local/lib/python3.8/site-packages/airflow/example_dags/tutorial_taskflow_api.py for tasks to queue
[2025-09-21T16:47:05.278+0000] {logging_mixin.py:188} INFO - [2025-09-21T16:47:05.277+0000] {dagbag.py:538} INFO - Filling up the DagBag from /home/airflow/.local/lib/python3.8/site-packages/airflow/example_dags/tutorial_taskflow_api.py
[2025-09-21T16:47:05.291+0000] {processor.py:840} INFO - DAG(s) 'tutorial_taskflow_api' retrieved from /home/airflow/.local/lib/python3.8/site-packages/airflow/example_dags/tutorial_taskflow_api.py
[2025-09-21T16:47:05.329+0000] {logging_mixin.py:188} INFO - [2025-09-21T16:47:05.329+0000] {dag.py:3036} INFO - Sync 1 DAGs
[2025-09-21T16:47:05.353+0000] {logging_mixin.py:188} INFO - [2025-09-21T16:47:05.352+0000] {dag.py:3823} INFO - Setting next_dagrun for tutorial_taskflow_api to None, run_after=None
[2025-09-21T16:47:05.394+0000] {processor.py:183} INFO - Processing /home/airflow/.local/lib/python3.8/site-packages/airflow/example_dags/tutorial_taskflow_api.py took 0.127 seconds
[2025-09-21T16:47:35.664+0000] {processor.py:161} INFO - Started process (PID=7911) to work on /home/airflow/.local/lib/python3.8/site-packages/airflow/example_dags/tutorial_taskflow_api.py
[2025-09-21T16:47:35.666+0000] {processor.py:830} INFO - Processing file /home/airflow/.local/lib/python3.8/site-packages/airflow/example_dags/tutorial_taskflow_api.py for tasks to queue
[2025-09-21T16:47:35.670+0000] {logging_mixin.py:188} INFO - [2025-09-21T16:47:35.669+0000] {dagbag.py:538} INFO - Filling up the DagBag from /home/airflow/.local/lib/python3.8/site-packages/airflow/example_dags/tutorial_taskflow_api.py
[2025-09-21T16:47:35.681+0000] {processor.py:840} INFO - DAG(s) 'tutorial_taskflow_api' retrieved from /home/airflow/.local/lib/python3.8/site-packages/airflow/example_dags/tutorial_taskflow_api.py
[2025-09-21T16:47:35.716+0000] {logging_mixin.py:188} INFO - [2025-09-21T16:47:35.716+0000] {dag.py:3036} INFO - Sync 1 DAGs
[2025-09-21T16:47:35.741+0000] {logging_mixin.py:188} INFO - [2025-09-21T16:47:35.741+0000] {dag.py:3823} INFO - Setting next_dagrun for tutorial_taskflow_api to None, run_after=None
[2025-09-21T16:47:35.780+0000] {processor.py:183} INFO - Processing /home/airflow/.local/lib/python3.8/site-packages/airflow/example_dags/tutorial_taskflow_api.py took 0.122 seconds
[2025-09-21T16:48:06.380+0000] {processor.py:161} INFO - Started process (PID=7969) to work on /home/airflow/.local/lib/python3.8/site-packages/airflow/example_dags/tutorial_taskflow_api.py
[2025-09-21T16:48:06.382+0000] {processor.py:830} INFO - Processing file /home/airflow/.local/lib/python3.8/site-packages/airflow/example_dags/tutorial_taskflow_api.py for tasks to queue
[2025-09-21T16:48:06.386+0000] {logging_mixin.py:188} INFO - [2025-09-21T16:48:06.386+0000] {dagbag.py:538} INFO - Filling up the DagBag from /home/airflow/.local/lib/python3.8/site-packages/airflow/example_dags/tutorial_taskflow_api.py
[2025-09-21T16:48:06.400+0000] {processor.py:840} INFO - DAG(s) 'tutorial_taskflow_api' retrieved from /home/airflow/.local/lib/python3.8/site-packages/airflow/example_dags/tutorial_taskflow_api.py
[2025-09-21T16:48:06.449+0000] {logging_mixin.py:188} INFO - [2025-09-21T16:48:06.448+0000] {dag.py:3036} INFO - Sync 1 DAGs
[2025-09-21T16:48:06.503+0000] {logging_mixin.py:188} INFO - [2025-09-21T16:48:06.502+0000] {dag.py:3823} INFO - Setting next_dagrun for tutorial_taskflow_api to None, run_after=None
[2025-09-21T16:48:06.590+0000] {processor.py:183} INFO - Processing /home/airflow/.local/lib/python3.8/site-packages/airflow/example_dags/tutorial_taskflow_api.py took 0.216 seconds
[2025-09-21T16:48:36.761+0000] {processor.py:161} INFO - Started process (PID=8027) to work on /home/airflow/.local/lib/python3.8/site-packages/airflow/example_dags/tutorial_taskflow_api.py
[2025-09-21T16:48:36.764+0000] {processor.py:830} INFO - Processing file /home/airflow/.local/lib/python3.8/site-packages/airflow/example_dags/tutorial_taskflow_api.py for tasks to queue
[2025-09-21T16:48:36.769+0000] {logging_mixin.py:188} INFO - [2025-09-21T16:48:36.768+0000] {dagbag.py:538} INFO - Filling up the DagBag from /home/airflow/.local/lib/python3.8/site-packages/airflow/example_dags/tutorial_taskflow_api.py
[2025-09-21T16:48:36.791+0000] {processor.py:840} INFO - DAG(s) 'tutorial_taskflow_api' retrieved from /home/airflow/.local/lib/python3.8/site-packages/airflow/example_dags/tutorial_taskflow_api.py
[2025-09-21T16:48:36.836+0000] {logging_mixin.py:188} INFO - [2025-09-21T16:48:36.836+0000] {dag.py:3036} INFO - Sync 1 DAGs
[2025-09-21T16:48:36.872+0000] {logging_mixin.py:188} INFO - [2025-09-21T16:48:36.872+0000] {dag.py:3823} INFO - Setting next_dagrun for tutorial_taskflow_api to None, run_after=None
[2025-09-21T16:48:36.922+0000] {processor.py:183} INFO - Processing /home/airflow/.local/lib/python3.8/site-packages/airflow/example_dags/tutorial_taskflow_api.py took 0.171 seconds
[2025-09-21T16:49:07.322+0000] {processor.py:161} INFO - Started process (PID=8085) to work on /home/airflow/.local/lib/python3.8/site-packages/airflow/example_dags/tutorial_taskflow_api.py
[2025-09-21T16:49:07.325+0000] {processor.py:830} INFO - Processing file /home/airflow/.local/lib/python3.8/site-packages/airflow/example_dags/tutorial_taskflow_api.py for tasks to queue
[2025-09-21T16:49:07.331+0000] {logging_mixin.py:188} INFO - [2025-09-21T16:49:07.328+0000] {dagbag.py:538} INFO - Filling up the DagBag from /home/airflow/.local/lib/python3.8/site-packages/airflow/example_dags/tutorial_taskflow_api.py
[2025-09-21T16:49:07.357+0000] {processor.py:840} INFO - DAG(s) 'tutorial_taskflow_api' retrieved from /home/airflow/.local/lib/python3.8/site-packages/airflow/example_dags/tutorial_taskflow_api.py
[2025-09-21T16:49:07.425+0000] {logging_mixin.py:188} INFO - [2025-09-21T16:49:07.424+0000] {dag.py:3036} INFO - Sync 1 DAGs
[2025-09-21T16:49:07.469+0000] {logging_mixin.py:188} INFO - [2025-09-21T16:49:07.468+0000] {dag.py:3823} INFO - Setting next_dagrun for tutorial_taskflow_api to None, run_after=None
[2025-09-21T16:49:07.514+0000] {processor.py:183} INFO - Processing /home/airflow/.local/lib/python3.8/site-packages/airflow/example_dags/tutorial_taskflow_api.py took 0.202 seconds
[2025-09-21T16:49:38.048+0000] {processor.py:161} INFO - Started process (PID=8143) to work on /home/airflow/.local/lib/python3.8/site-packages/airflow/example_dags/tutorial_taskflow_api.py
[2025-09-21T16:49:38.050+0000] {processor.py:830} INFO - Processing file /home/airflow/.local/lib/python3.8/site-packages/airflow/example_dags/tutorial_taskflow_api.py for tasks to queue
[2025-09-21T16:49:38.054+0000] {logging_mixin.py:188} INFO - [2025-09-21T16:49:38.053+0000] {dagbag.py:538} INFO - Filling up the DagBag from /home/airflow/.local/lib/python3.8/site-packages/airflow/example_dags/tutorial_taskflow_api.py
[2025-09-21T16:49:38.068+0000] {processor.py:840} INFO - DAG(s) 'tutorial_taskflow_api' retrieved from /home/airflow/.local/lib/python3.8/site-packages/airflow/example_dags/tutorial_taskflow_api.py
[2025-09-21T16:49:38.104+0000] {logging_mixin.py:188} INFO - [2025-09-21T16:49:38.104+0000] {dag.py:3036} INFO - Sync 1 DAGs
[2025-09-21T16:49:38.133+0000] {logging_mixin.py:188} INFO - [2025-09-21T16:49:38.132+0000] {dag.py:3823} INFO - Setting next_dagrun for tutorial_taskflow_api to None, run_after=None
[2025-09-21T16:49:38.172+0000] {processor.py:183} INFO - Processing /home/airflow/.local/lib/python3.8/site-packages/airflow/example_dags/tutorial_taskflow_api.py took 0.132 seconds
[2025-09-21T16:50:08.381+0000] {processor.py:161} INFO - Started process (PID=8201) to work on /home/airflow/.local/lib/python3.8/site-packages/airflow/example_dags/tutorial_taskflow_api.py
[2025-09-21T16:50:08.383+0000] {processor.py:830} INFO - Processing file /home/airflow/.local/lib/python3.8/site-packages/airflow/example_dags/tutorial_taskflow_api.py for tasks to queue
[2025-09-21T16:50:08.387+0000] {logging_mixin.py:188} INFO - [2025-09-21T16:50:08.386+0000] {dagbag.py:538} INFO - Filling up the DagBag from /home/airflow/.local/lib/python3.8/site-packages/airflow/example_dags/tutorial_taskflow_api.py
[2025-09-21T16:50:08.399+0000] {processor.py:840} INFO - DAG(s) 'tutorial_taskflow_api' retrieved from /home/airflow/.local/lib/python3.8/site-packages/airflow/example_dags/tutorial_taskflow_api.py
[2025-09-21T16:50:08.440+0000] {logging_mixin.py:188} INFO - [2025-09-21T16:50:08.440+0000] {dag.py:3036} INFO - Sync 1 DAGs
[2025-09-21T16:50:08.466+0000] {logging_mixin.py:188} INFO - [2025-09-21T16:50:08.466+0000] {dag.py:3823} INFO - Setting next_dagrun for tutorial_taskflow_api to None, run_after=None
[2025-09-21T16:50:08.503+0000] {processor.py:183} INFO - Processing /home/airflow/.local/lib/python3.8/site-packages/airflow/example_dags/tutorial_taskflow_api.py took 0.127 seconds
[2025-09-21T16:50:39.128+0000] {processor.py:161} INFO - Started process (PID=8257) to work on /home/airflow/.local/lib/python3.8/site-packages/airflow/example_dags/tutorial_taskflow_api.py
[2025-09-21T16:50:39.130+0000] {processor.py:830} INFO - Processing file /home/airflow/.local/lib/python3.8/site-packages/airflow/example_dags/tutorial_taskflow_api.py for tasks to queue
[2025-09-21T16:50:39.134+0000] {logging_mixin.py:188} INFO - [2025-09-21T16:50:39.134+0000] {dagbag.py:538} INFO - Filling up the DagBag from /home/airflow/.local/lib/python3.8/site-packages/airflow/example_dags/tutorial_taskflow_api.py
[2025-09-21T16:50:39.146+0000] {processor.py:840} INFO - DAG(s) 'tutorial_taskflow_api' retrieved from /home/airflow/.local/lib/python3.8/site-packages/airflow/example_dags/tutorial_taskflow_api.py
[2025-09-21T16:50:39.181+0000] {logging_mixin.py:188} INFO - [2025-09-21T16:50:39.181+0000] {dag.py:3036} INFO - Sync 1 DAGs
[2025-09-21T16:50:39.207+0000] {logging_mixin.py:188} INFO - [2025-09-21T16:50:39.206+0000] {dag.py:3823} INFO - Setting next_dagrun for tutorial_taskflow_api to None, run_after=None
[2025-09-21T16:50:39.244+0000] {processor.py:183} INFO - Processing /home/airflow/.local/lib/python3.8/site-packages/airflow/example_dags/tutorial_taskflow_api.py took 0.124 seconds
[2025-09-21T16:51:09.390+0000] {processor.py:161} INFO - Started process (PID=8313) to work on /home/airflow/.local/lib/python3.8/site-packages/airflow/example_dags/tutorial_taskflow_api.py
[2025-09-21T16:51:09.392+0000] {processor.py:830} INFO - Processing file /home/airflow/.local/lib/python3.8/site-packages/airflow/example_dags/tutorial_taskflow_api.py for tasks to queue
[2025-09-21T16:51:09.396+0000] {logging_mixin.py:188} INFO - [2025-09-21T16:51:09.395+0000] {dagbag.py:538} INFO - Filling up the DagBag from /home/airflow/.local/lib/python3.8/site-packages/airflow/example_dags/tutorial_taskflow_api.py
[2025-09-21T16:51:09.409+0000] {processor.py:840} INFO - DAG(s) 'tutorial_taskflow_api' retrieved from /home/airflow/.local/lib/python3.8/site-packages/airflow/example_dags/tutorial_taskflow_api.py
[2025-09-21T16:51:09.447+0000] {logging_mixin.py:188} INFO - [2025-09-21T16:51:09.446+0000] {dag.py:3036} INFO - Sync 1 DAGs
[2025-09-21T16:51:09.471+0000] {logging_mixin.py:188} INFO - [2025-09-21T16:51:09.471+0000] {dag.py:3823} INFO - Setting next_dagrun for tutorial_taskflow_api to None, run_after=None
[2025-09-21T16:51:09.515+0000] {processor.py:183} INFO - Processing /home/airflow/.local/lib/python3.8/site-packages/airflow/example_dags/tutorial_taskflow_api.py took 0.133 seconds
[2025-09-21T16:51:39.713+0000] {processor.py:161} INFO - Started process (PID=8371) to work on /home/airflow/.local/lib/python3.8/site-packages/airflow/example_dags/tutorial_taskflow_api.py
[2025-09-21T16:51:39.715+0000] {processor.py:830} INFO - Processing file /home/airflow/.local/lib/python3.8/site-packages/airflow/example_dags/tutorial_taskflow_api.py for tasks to queue
[2025-09-21T16:51:39.718+0000] {logging_mixin.py:188} INFO - [2025-09-21T16:51:39.718+0000] {dagbag.py:538} INFO - Filling up the DagBag from /home/airflow/.local/lib/python3.8/site-packages/airflow/example_dags/tutorial_taskflow_api.py
[2025-09-21T16:51:39.734+0000] {processor.py:840} INFO - DAG(s) 'tutorial_taskflow_api' retrieved from /home/airflow/.local/lib/python3.8/site-packages/airflow/example_dags/tutorial_taskflow_api.py
[2025-09-21T16:51:39.769+0000] {logging_mixin.py:188} INFO - [2025-09-21T16:51:39.769+0000] {dag.py:3036} INFO - Sync 1 DAGs
[2025-09-21T16:51:39.793+0000] {logging_mixin.py:188} INFO - [2025-09-21T16:51:39.793+0000] {dag.py:3823} INFO - Setting next_dagrun for tutorial_taskflow_api to None, run_after=None
[2025-09-21T16:51:39.832+0000] {processor.py:183} INFO - Processing /home/airflow/.local/lib/python3.8/site-packages/airflow/example_dags/tutorial_taskflow_api.py took 0.125 seconds
[2025-09-21T16:52:10.621+0000] {processor.py:161} INFO - Started process (PID=8429) to work on /home/airflow/.local/lib/python3.8/site-packages/airflow/example_dags/tutorial_taskflow_api.py
[2025-09-21T16:52:10.623+0000] {processor.py:830} INFO - Processing file /home/airflow/.local/lib/python3.8/site-packages/airflow/example_dags/tutorial_taskflow_api.py for tasks to queue
[2025-09-21T16:52:10.627+0000] {logging_mixin.py:188} INFO - [2025-09-21T16:52:10.626+0000] {dagbag.py:538} INFO - Filling up the DagBag from /home/airflow/.local/lib/python3.8/site-packages/airflow/example_dags/tutorial_taskflow_api.py
[2025-09-21T16:52:10.639+0000] {processor.py:840} INFO - DAG(s) 'tutorial_taskflow_api' retrieved from /home/airflow/.local/lib/python3.8/site-packages/airflow/example_dags/tutorial_taskflow_api.py
[2025-09-21T16:52:10.679+0000] {logging_mixin.py:188} INFO - [2025-09-21T16:52:10.678+0000] {dag.py:3036} INFO - Sync 1 DAGs
[2025-09-21T16:52:10.703+0000] {logging_mixin.py:188} INFO - [2025-09-21T16:52:10.703+0000] {dag.py:3823} INFO - Setting next_dagrun for tutorial_taskflow_api to None, run_after=None
[2025-09-21T16:52:10.745+0000] {processor.py:183} INFO - Processing /home/airflow/.local/lib/python3.8/site-packages/airflow/example_dags/tutorial_taskflow_api.py took 0.130 seconds
[2025-09-21T16:52:41.532+0000] {processor.py:161} INFO - Started process (PID=8487) to work on /home/airflow/.local/lib/python3.8/site-packages/airflow/example_dags/tutorial_taskflow_api.py
[2025-09-21T16:52:41.534+0000] {processor.py:830} INFO - Processing file /home/airflow/.local/lib/python3.8/site-packages/airflow/example_dags/tutorial_taskflow_api.py for tasks to queue
[2025-09-21T16:52:41.539+0000] {logging_mixin.py:188} INFO - [2025-09-21T16:52:41.538+0000] {dagbag.py:538} INFO - Filling up the DagBag from /home/airflow/.local/lib/python3.8/site-packages/airflow/example_dags/tutorial_taskflow_api.py
[2025-09-21T16:52:41.554+0000] {processor.py:840} INFO - DAG(s) 'tutorial_taskflow_api' retrieved from /home/airflow/.local/lib/python3.8/site-packages/airflow/example_dags/tutorial_taskflow_api.py
[2025-09-21T16:52:41.596+0000] {logging_mixin.py:188} INFO - [2025-09-21T16:52:41.596+0000] {dag.py:3036} INFO - Sync 1 DAGs
[2025-09-21T16:52:41.626+0000] {logging_mixin.py:188} INFO - [2025-09-21T16:52:41.625+0000] {dag.py:3823} INFO - Setting next_dagrun for tutorial_taskflow_api to None, run_after=None
[2025-09-21T16:52:41.667+0000] {processor.py:183} INFO - Processing /home/airflow/.local/lib/python3.8/site-packages/airflow/example_dags/tutorial_taskflow_api.py took 0.141 seconds
[2025-09-21T16:53:11.881+0000] {processor.py:161} INFO - Started process (PID=8545) to work on /home/airflow/.local/lib/python3.8/site-packages/airflow/example_dags/tutorial_taskflow_api.py
[2025-09-21T16:53:11.883+0000] {processor.py:830} INFO - Processing file /home/airflow/.local/lib/python3.8/site-packages/airflow/example_dags/tutorial_taskflow_api.py for tasks to queue
[2025-09-21T16:53:11.886+0000] {logging_mixin.py:188} INFO - [2025-09-21T16:53:11.886+0000] {dagbag.py:538} INFO - Filling up the DagBag from /home/airflow/.local/lib/python3.8/site-packages/airflow/example_dags/tutorial_taskflow_api.py
[2025-09-21T16:53:11.898+0000] {processor.py:840} INFO - DAG(s) 'tutorial_taskflow_api' retrieved from /home/airflow/.local/lib/python3.8/site-packages/airflow/example_dags/tutorial_taskflow_api.py
[2025-09-21T16:53:11.941+0000] {logging_mixin.py:188} INFO - [2025-09-21T16:53:11.940+0000] {dag.py:3036} INFO - Sync 1 DAGs
[2025-09-21T16:53:11.969+0000] {logging_mixin.py:188} INFO - [2025-09-21T16:53:11.968+0000] {dag.py:3823} INFO - Setting next_dagrun for tutorial_taskflow_api to None, run_after=None
[2025-09-21T16:53:12.018+0000] {processor.py:183} INFO - Processing /home/airflow/.local/lib/python3.8/site-packages/airflow/example_dags/tutorial_taskflow_api.py took 0.143 seconds
[2025-09-21T16:53:42.414+0000] {processor.py:161} INFO - Started process (PID=8603) to work on /home/airflow/.local/lib/python3.8/site-packages/airflow/example_dags/tutorial_taskflow_api.py
[2025-09-21T16:53:42.416+0000] {processor.py:830} INFO - Processing file /home/airflow/.local/lib/python3.8/site-packages/airflow/example_dags/tutorial_taskflow_api.py for tasks to queue
[2025-09-21T16:53:42.420+0000] {logging_mixin.py:188} INFO - [2025-09-21T16:53:42.419+0000] {dagbag.py:538} INFO - Filling up the DagBag from /home/airflow/.local/lib/python3.8/site-packages/airflow/example_dags/tutorial_taskflow_api.py
[2025-09-21T16:53:42.432+0000] {processor.py:840} INFO - DAG(s) 'tutorial_taskflow_api' retrieved from /home/airflow/.local/lib/python3.8/site-packages/airflow/example_dags/tutorial_taskflow_api.py
[2025-09-21T16:53:42.471+0000] {logging_mixin.py:188} INFO - [2025-09-21T16:53:42.470+0000] {dag.py:3036} INFO - Sync 1 DAGs
[2025-09-21T16:53:42.496+0000] {logging_mixin.py:188} INFO - [2025-09-21T16:53:42.496+0000] {dag.py:3823} INFO - Setting next_dagrun for tutorial_taskflow_api to None, run_after=None
[2025-09-21T16:53:42.541+0000] {processor.py:183} INFO - Processing /home/airflow/.local/lib/python3.8/site-packages/airflow/example_dags/tutorial_taskflow_api.py took 0.133 seconds
[2025-09-21T16:54:12.852+0000] {processor.py:161} INFO - Started process (PID=8661) to work on /home/airflow/.local/lib/python3.8/site-packages/airflow/example_dags/tutorial_taskflow_api.py
[2025-09-21T16:54:12.853+0000] {processor.py:830} INFO - Processing file /home/airflow/.local/lib/python3.8/site-packages/airflow/example_dags/tutorial_taskflow_api.py for tasks to queue
[2025-09-21T16:54:12.857+0000] {logging_mixin.py:188} INFO - [2025-09-21T16:54:12.856+0000] {dagbag.py:538} INFO - Filling up the DagBag from /home/airflow/.local/lib/python3.8/site-packages/airflow/example_dags/tutorial_taskflow_api.py
[2025-09-21T16:54:12.869+0000] {processor.py:840} INFO - DAG(s) 'tutorial_taskflow_api' retrieved from /home/airflow/.local/lib/python3.8/site-packages/airflow/example_dags/tutorial_taskflow_api.py
[2025-09-21T16:54:12.905+0000] {logging_mixin.py:188} INFO - [2025-09-21T16:54:12.905+0000] {dag.py:3036} INFO - Sync 1 DAGs
[2025-09-21T16:54:12.929+0000] {logging_mixin.py:188} INFO - [2025-09-21T16:54:12.928+0000] {dag.py:3823} INFO - Setting next_dagrun for tutorial_taskflow_api to None, run_after=None
[2025-09-21T16:54:12.969+0000] {processor.py:183} INFO - Processing /home/airflow/.local/lib/python3.8/site-packages/airflow/example_dags/tutorial_taskflow_api.py took 0.123 seconds
[2025-09-21T16:54:43.216+0000] {processor.py:161} INFO - Started process (PID=8718) to work on /home/airflow/.local/lib/python3.8/site-packages/airflow/example_dags/tutorial_taskflow_api.py
[2025-09-21T16:54:43.218+0000] {processor.py:830} INFO - Processing file /home/airflow/.local/lib/python3.8/site-packages/airflow/example_dags/tutorial_taskflow_api.py for tasks to queue
[2025-09-21T16:54:43.222+0000] {logging_mixin.py:188} INFO - [2025-09-21T16:54:43.221+0000] {dagbag.py:538} INFO - Filling up the DagBag from /home/airflow/.local/lib/python3.8/site-packages/airflow/example_dags/tutorial_taskflow_api.py
[2025-09-21T16:54:43.235+0000] {processor.py:840} INFO - DAG(s) 'tutorial_taskflow_api' retrieved from /home/airflow/.local/lib/python3.8/site-packages/airflow/example_dags/tutorial_taskflow_api.py
[2025-09-21T16:54:43.272+0000] {logging_mixin.py:188} INFO - [2025-09-21T16:54:43.272+0000] {dag.py:3036} INFO - Sync 1 DAGs
[2025-09-21T16:54:43.297+0000] {logging_mixin.py:188} INFO - [2025-09-21T16:54:43.296+0000] {dag.py:3823} INFO - Setting next_dagrun for tutorial_taskflow_api to None, run_after=None
[2025-09-21T16:54:43.337+0000] {processor.py:183} INFO - Processing /home/airflow/.local/lib/python3.8/site-packages/airflow/example_dags/tutorial_taskflow_api.py took 0.127 seconds
[2025-09-21T16:55:13.741+0000] {processor.py:161} INFO - Started process (PID=8776) to work on /home/airflow/.local/lib/python3.8/site-packages/airflow/example_dags/tutorial_taskflow_api.py
[2025-09-21T16:55:13.743+0000] {processor.py:830} INFO - Processing file /home/airflow/.local/lib/python3.8/site-packages/airflow/example_dags/tutorial_taskflow_api.py for tasks to queue
[2025-09-21T16:55:13.746+0000] {logging_mixin.py:188} INFO - [2025-09-21T16:55:13.746+0000] {dagbag.py:538} INFO - Filling up the DagBag from /home/airflow/.local/lib/python3.8/site-packages/airflow/example_dags/tutorial_taskflow_api.py
[2025-09-21T16:55:13.758+0000] {processor.py:840} INFO - DAG(s) 'tutorial_taskflow_api' retrieved from /home/airflow/.local/lib/python3.8/site-packages/airflow/example_dags/tutorial_taskflow_api.py
[2025-09-21T16:55:13.796+0000] {logging_mixin.py:188} INFO - [2025-09-21T16:55:13.795+0000] {dag.py:3036} INFO - Sync 1 DAGs
[2025-09-21T16:55:13.819+0000] {logging_mixin.py:188} INFO - [2025-09-21T16:55:13.819+0000] {dag.py:3823} INFO - Setting next_dagrun for tutorial_taskflow_api to None, run_after=None
[2025-09-21T16:55:13.854+0000] {processor.py:183} INFO - Processing /home/airflow/.local/lib/python3.8/site-packages/airflow/example_dags/tutorial_taskflow_api.py took 0.119 seconds
[2025-09-21T16:55:44.353+0000] {processor.py:161} INFO - Started process (PID=8835) to work on /home/airflow/.local/lib/python3.8/site-packages/airflow/example_dags/tutorial_taskflow_api.py
[2025-09-21T16:55:44.355+0000] {processor.py:830} INFO - Processing file /home/airflow/.local/lib/python3.8/site-packages/airflow/example_dags/tutorial_taskflow_api.py for tasks to queue
[2025-09-21T16:55:44.359+0000] {logging_mixin.py:188} INFO - [2025-09-21T16:55:44.358+0000] {dagbag.py:538} INFO - Filling up the DagBag from /home/airflow/.local/lib/python3.8/site-packages/airflow/example_dags/tutorial_taskflow_api.py
[2025-09-21T16:55:44.374+0000] {processor.py:840} INFO - DAG(s) 'tutorial_taskflow_api' retrieved from /home/airflow/.local/lib/python3.8/site-packages/airflow/example_dags/tutorial_taskflow_api.py
[2025-09-21T16:55:44.411+0000] {logging_mixin.py:188} INFO - [2025-09-21T16:55:44.411+0000] {dag.py:3036} INFO - Sync 1 DAGs
[2025-09-21T16:55:44.437+0000] {logging_mixin.py:188} INFO - [2025-09-21T16:55:44.436+0000] {dag.py:3823} INFO - Setting next_dagrun for tutorial_taskflow_api to None, run_after=None
[2025-09-21T16:55:44.479+0000] {processor.py:183} INFO - Processing /home/airflow/.local/lib/python3.8/site-packages/airflow/example_dags/tutorial_taskflow_api.py took 0.132 seconds
[2025-09-21T16:56:14.864+0000] {processor.py:161} INFO - Started process (PID=8893) to work on /home/airflow/.local/lib/python3.8/site-packages/airflow/example_dags/tutorial_taskflow_api.py
[2025-09-21T16:56:14.866+0000] {processor.py:830} INFO - Processing file /home/airflow/.local/lib/python3.8/site-packages/airflow/example_dags/tutorial_taskflow_api.py for tasks to queue
[2025-09-21T16:56:14.869+0000] {logging_mixin.py:188} INFO - [2025-09-21T16:56:14.869+0000] {dagbag.py:538} INFO - Filling up the DagBag from /home/airflow/.local/lib/python3.8/site-packages/airflow/example_dags/tutorial_taskflow_api.py
[2025-09-21T16:56:14.881+0000] {processor.py:840} INFO - DAG(s) 'tutorial_taskflow_api' retrieved from /home/airflow/.local/lib/python3.8/site-packages/airflow/example_dags/tutorial_taskflow_api.py
[2025-09-21T16:56:14.922+0000] {logging_mixin.py:188} INFO - [2025-09-21T16:56:14.922+0000] {dag.py:3036} INFO - Sync 1 DAGs
[2025-09-21T16:56:14.945+0000] {logging_mixin.py:188} INFO - [2025-09-21T16:56:14.945+0000] {dag.py:3823} INFO - Setting next_dagrun for tutorial_taskflow_api to None, run_after=None
[2025-09-21T16:56:14.985+0000] {processor.py:183} INFO - Processing /home/airflow/.local/lib/python3.8/site-packages/airflow/example_dags/tutorial_taskflow_api.py took 0.127 seconds
[2025-09-21T16:56:45.771+0000] {processor.py:161} INFO - Started process (PID=8952) to work on /home/airflow/.local/lib/python3.8/site-packages/airflow/example_dags/tutorial_taskflow_api.py
[2025-09-21T16:56:45.773+0000] {processor.py:830} INFO - Processing file /home/airflow/.local/lib/python3.8/site-packages/airflow/example_dags/tutorial_taskflow_api.py for tasks to queue
[2025-09-21T16:56:45.777+0000] {logging_mixin.py:188} INFO - [2025-09-21T16:56:45.776+0000] {dagbag.py:538} INFO - Filling up the DagBag from /home/airflow/.local/lib/python3.8/site-packages/airflow/example_dags/tutorial_taskflow_api.py
[2025-09-21T16:56:45.789+0000] {processor.py:840} INFO - DAG(s) 'tutorial_taskflow_api' retrieved from /home/airflow/.local/lib/python3.8/site-packages/airflow/example_dags/tutorial_taskflow_api.py
[2025-09-21T16:56:45.825+0000] {logging_mixin.py:188} INFO - [2025-09-21T16:56:45.825+0000] {dag.py:3036} INFO - Sync 1 DAGs
[2025-09-21T16:56:45.849+0000] {logging_mixin.py:188} INFO - [2025-09-21T16:56:45.849+0000] {dag.py:3823} INFO - Setting next_dagrun for tutorial_taskflow_api to None, run_after=None
[2025-09-21T16:56:45.885+0000] {processor.py:183} INFO - Processing /home/airflow/.local/lib/python3.8/site-packages/airflow/example_dags/tutorial_taskflow_api.py took 0.120 seconds
[2025-09-21T16:57:16.297+0000] {processor.py:161} INFO - Started process (PID=9010) to work on /home/airflow/.local/lib/python3.8/site-packages/airflow/example_dags/tutorial_taskflow_api.py
[2025-09-21T16:57:16.299+0000] {processor.py:830} INFO - Processing file /home/airflow/.local/lib/python3.8/site-packages/airflow/example_dags/tutorial_taskflow_api.py for tasks to queue
[2025-09-21T16:57:16.303+0000] {logging_mixin.py:188} INFO - [2025-09-21T16:57:16.303+0000] {dagbag.py:538} INFO - Filling up the DagBag from /home/airflow/.local/lib/python3.8/site-packages/airflow/example_dags/tutorial_taskflow_api.py
[2025-09-21T16:57:16.315+0000] {processor.py:840} INFO - DAG(s) 'tutorial_taskflow_api' retrieved from /home/airflow/.local/lib/python3.8/site-packages/airflow/example_dags/tutorial_taskflow_api.py
[2025-09-21T16:57:16.351+0000] {logging_mixin.py:188} INFO - [2025-09-21T16:57:16.351+0000] {dag.py:3036} INFO - Sync 1 DAGs
[2025-09-21T16:57:16.375+0000] {logging_mixin.py:188} INFO - [2025-09-21T16:57:16.374+0000] {dag.py:3823} INFO - Setting next_dagrun for tutorial_taskflow_api to None, run_after=None
[2025-09-21T16:57:16.412+0000] {processor.py:183} INFO - Processing /home/airflow/.local/lib/python3.8/site-packages/airflow/example_dags/tutorial_taskflow_api.py took 0.121 seconds
[2025-09-21T16:57:46.814+0000] {processor.py:161} INFO - Started process (PID=9068) to work on /home/airflow/.local/lib/python3.8/site-packages/airflow/example_dags/tutorial_taskflow_api.py
[2025-09-21T16:57:46.816+0000] {processor.py:830} INFO - Processing file /home/airflow/.local/lib/python3.8/site-packages/airflow/example_dags/tutorial_taskflow_api.py for tasks to queue
[2025-09-21T16:57:46.820+0000] {logging_mixin.py:188} INFO - [2025-09-21T16:57:46.819+0000] {dagbag.py:538} INFO - Filling up the DagBag from /home/airflow/.local/lib/python3.8/site-packages/airflow/example_dags/tutorial_taskflow_api.py
[2025-09-21T16:57:46.831+0000] {processor.py:840} INFO - DAG(s) 'tutorial_taskflow_api' retrieved from /home/airflow/.local/lib/python3.8/site-packages/airflow/example_dags/tutorial_taskflow_api.py
[2025-09-21T16:57:46.872+0000] {logging_mixin.py:188} INFO - [2025-09-21T16:57:46.871+0000] {dag.py:3036} INFO - Sync 1 DAGs
[2025-09-21T16:57:46.898+0000] {logging_mixin.py:188} INFO - [2025-09-21T16:57:46.898+0000] {dag.py:3823} INFO - Setting next_dagrun for tutorial_taskflow_api to None, run_after=None
[2025-09-21T16:57:46.945+0000] {processor.py:183} INFO - Processing /home/airflow/.local/lib/python3.8/site-packages/airflow/example_dags/tutorial_taskflow_api.py took 0.136 seconds
[2025-09-21T16:58:17.728+0000] {processor.py:161} INFO - Started process (PID=9126) to work on /home/airflow/.local/lib/python3.8/site-packages/airflow/example_dags/tutorial_taskflow_api.py
[2025-09-21T16:58:17.732+0000] {processor.py:830} INFO - Processing file /home/airflow/.local/lib/python3.8/site-packages/airflow/example_dags/tutorial_taskflow_api.py for tasks to queue
[2025-09-21T16:58:17.736+0000] {logging_mixin.py:188} INFO - [2025-09-21T16:58:17.735+0000] {dagbag.py:538} INFO - Filling up the DagBag from /home/airflow/.local/lib/python3.8/site-packages/airflow/example_dags/tutorial_taskflow_api.py
[2025-09-21T16:58:17.751+0000] {processor.py:840} INFO - DAG(s) 'tutorial_taskflow_api' retrieved from /home/airflow/.local/lib/python3.8/site-packages/airflow/example_dags/tutorial_taskflow_api.py
[2025-09-21T16:58:17.790+0000] {logging_mixin.py:188} INFO - [2025-09-21T16:58:17.790+0000] {dag.py:3036} INFO - Sync 1 DAGs
[2025-09-21T16:58:17.821+0000] {logging_mixin.py:188} INFO - [2025-09-21T16:58:17.820+0000] {dag.py:3823} INFO - Setting next_dagrun for tutorial_taskflow_api to None, run_after=None
[2025-09-21T16:58:17.865+0000] {processor.py:183} INFO - Processing /home/airflow/.local/lib/python3.8/site-packages/airflow/example_dags/tutorial_taskflow_api.py took 0.145 seconds
[2025-09-21T16:58:48.633+0000] {processor.py:161} INFO - Started process (PID=9184) to work on /home/airflow/.local/lib/python3.8/site-packages/airflow/example_dags/tutorial_taskflow_api.py
[2025-09-21T16:58:48.636+0000] {processor.py:830} INFO - Processing file /home/airflow/.local/lib/python3.8/site-packages/airflow/example_dags/tutorial_taskflow_api.py for tasks to queue
[2025-09-21T16:58:48.639+0000] {logging_mixin.py:188} INFO - [2025-09-21T16:58:48.639+0000] {dagbag.py:538} INFO - Filling up the DagBag from /home/airflow/.local/lib/python3.8/site-packages/airflow/example_dags/tutorial_taskflow_api.py
[2025-09-21T16:58:48.654+0000] {processor.py:840} INFO - DAG(s) 'tutorial_taskflow_api' retrieved from /home/airflow/.local/lib/python3.8/site-packages/airflow/example_dags/tutorial_taskflow_api.py
[2025-09-21T16:58:48.694+0000] {logging_mixin.py:188} INFO - [2025-09-21T16:58:48.694+0000] {dag.py:3036} INFO - Sync 1 DAGs
[2025-09-21T16:58:48.717+0000] {logging_mixin.py:188} INFO - [2025-09-21T16:58:48.717+0000] {dag.py:3823} INFO - Setting next_dagrun for tutorial_taskflow_api to None, run_after=None
[2025-09-21T16:58:48.752+0000] {processor.py:183} INFO - Processing /home/airflow/.local/lib/python3.8/site-packages/airflow/example_dags/tutorial_taskflow_api.py took 0.126 seconds
[2025-09-21T16:59:19.232+0000] {processor.py:161} INFO - Started process (PID=9242) to work on /home/airflow/.local/lib/python3.8/site-packages/airflow/example_dags/tutorial_taskflow_api.py
[2025-09-21T16:59:19.234+0000] {processor.py:830} INFO - Processing file /home/airflow/.local/lib/python3.8/site-packages/airflow/example_dags/tutorial_taskflow_api.py for tasks to queue
[2025-09-21T16:59:19.238+0000] {logging_mixin.py:188} INFO - [2025-09-21T16:59:19.237+0000] {dagbag.py:538} INFO - Filling up the DagBag from /home/airflow/.local/lib/python3.8/site-packages/airflow/example_dags/tutorial_taskflow_api.py
[2025-09-21T16:59:19.251+0000] {processor.py:840} INFO - DAG(s) 'tutorial_taskflow_api' retrieved from /home/airflow/.local/lib/python3.8/site-packages/airflow/example_dags/tutorial_taskflow_api.py
[2025-09-21T16:59:19.288+0000] {logging_mixin.py:188} INFO - [2025-09-21T16:59:19.288+0000] {dag.py:3036} INFO - Sync 1 DAGs
[2025-09-21T16:59:19.311+0000] {logging_mixin.py:188} INFO - [2025-09-21T16:59:19.311+0000] {dag.py:3823} INFO - Setting next_dagrun for tutorial_taskflow_api to None, run_after=None
[2025-09-21T16:59:19.353+0000] {processor.py:183} INFO - Processing /home/airflow/.local/lib/python3.8/site-packages/airflow/example_dags/tutorial_taskflow_api.py took 0.127 seconds
[2025-09-21T16:59:49.666+0000] {processor.py:161} INFO - Started process (PID=9300) to work on /home/airflow/.local/lib/python3.8/site-packages/airflow/example_dags/tutorial_taskflow_api.py
[2025-09-21T16:59:49.667+0000] {processor.py:830} INFO - Processing file /home/airflow/.local/lib/python3.8/site-packages/airflow/example_dags/tutorial_taskflow_api.py for tasks to queue
[2025-09-21T16:59:49.671+0000] {logging_mixin.py:188} INFO - [2025-09-21T16:59:49.670+0000] {dagbag.py:538} INFO - Filling up the DagBag from /home/airflow/.local/lib/python3.8/site-packages/airflow/example_dags/tutorial_taskflow_api.py
[2025-09-21T16:59:49.683+0000] {processor.py:840} INFO - DAG(s) 'tutorial_taskflow_api' retrieved from /home/airflow/.local/lib/python3.8/site-packages/airflow/example_dags/tutorial_taskflow_api.py
[2025-09-21T16:59:49.729+0000] {logging_mixin.py:188} INFO - [2025-09-21T16:59:49.729+0000] {dag.py:3036} INFO - Sync 1 DAGs
[2025-09-21T16:59:49.753+0000] {logging_mixin.py:188} INFO - [2025-09-21T16:59:49.753+0000] {dag.py:3823} INFO - Setting next_dagrun for tutorial_taskflow_api to None, run_after=None
[2025-09-21T16:59:49.806+0000] {processor.py:183} INFO - Processing /home/airflow/.local/lib/python3.8/site-packages/airflow/example_dags/tutorial_taskflow_api.py took 0.146 seconds
[2025-09-21T17:00:20.261+0000] {processor.py:161} INFO - Started process (PID=9358) to work on /home/airflow/.local/lib/python3.8/site-packages/airflow/example_dags/tutorial_taskflow_api.py
[2025-09-21T17:00:20.263+0000] {processor.py:830} INFO - Processing file /home/airflow/.local/lib/python3.8/site-packages/airflow/example_dags/tutorial_taskflow_api.py for tasks to queue
[2025-09-21T17:00:20.266+0000] {logging_mixin.py:188} INFO - [2025-09-21T17:00:20.266+0000] {dagbag.py:538} INFO - Filling up the DagBag from /home/airflow/.local/lib/python3.8/site-packages/airflow/example_dags/tutorial_taskflow_api.py
[2025-09-21T17:00:20.279+0000] {processor.py:840} INFO - DAG(s) 'tutorial_taskflow_api' retrieved from /home/airflow/.local/lib/python3.8/site-packages/airflow/example_dags/tutorial_taskflow_api.py
[2025-09-21T17:00:20.316+0000] {logging_mixin.py:188} INFO - [2025-09-21T17:00:20.316+0000] {dag.py:3036} INFO - Sync 1 DAGs
[2025-09-21T17:00:20.339+0000] {logging_mixin.py:188} INFO - [2025-09-21T17:00:20.339+0000] {dag.py:3823} INFO - Setting next_dagrun for tutorial_taskflow_api to None, run_after=None
[2025-09-21T17:00:20.379+0000] {processor.py:183} INFO - Processing /home/airflow/.local/lib/python3.8/site-packages/airflow/example_dags/tutorial_taskflow_api.py took 0.124 seconds
[2025-09-21T17:00:50.853+0000] {processor.py:161} INFO - Started process (PID=9417) to work on /home/airflow/.local/lib/python3.8/site-packages/airflow/example_dags/tutorial_taskflow_api.py
[2025-09-21T17:00:50.855+0000] {processor.py:830} INFO - Processing file /home/airflow/.local/lib/python3.8/site-packages/airflow/example_dags/tutorial_taskflow_api.py for tasks to queue
[2025-09-21T17:00:50.859+0000] {logging_mixin.py:188} INFO - [2025-09-21T17:00:50.858+0000] {dagbag.py:538} INFO - Filling up the DagBag from /home/airflow/.local/lib/python3.8/site-packages/airflow/example_dags/tutorial_taskflow_api.py
[2025-09-21T17:00:50.871+0000] {processor.py:840} INFO - DAG(s) 'tutorial_taskflow_api' retrieved from /home/airflow/.local/lib/python3.8/site-packages/airflow/example_dags/tutorial_taskflow_api.py
[2025-09-21T17:00:50.909+0000] {logging_mixin.py:188} INFO - [2025-09-21T17:00:50.909+0000] {dag.py:3036} INFO - Sync 1 DAGs
[2025-09-21T17:00:50.934+0000] {logging_mixin.py:188} INFO - [2025-09-21T17:00:50.934+0000] {dag.py:3823} INFO - Setting next_dagrun for tutorial_taskflow_api to None, run_after=None
[2025-09-21T17:00:50.974+0000] {processor.py:183} INFO - Processing /home/airflow/.local/lib/python3.8/site-packages/airflow/example_dags/tutorial_taskflow_api.py took 0.129 seconds
[2025-09-21T17:01:21.135+0000] {processor.py:161} INFO - Started process (PID=9475) to work on /home/airflow/.local/lib/python3.8/site-packages/airflow/example_dags/tutorial_taskflow_api.py
[2025-09-21T17:01:21.137+0000] {processor.py:830} INFO - Processing file /home/airflow/.local/lib/python3.8/site-packages/airflow/example_dags/tutorial_taskflow_api.py for tasks to queue
[2025-09-21T17:01:21.141+0000] {logging_mixin.py:188} INFO - [2025-09-21T17:01:21.140+0000] {dagbag.py:538} INFO - Filling up the DagBag from /home/airflow/.local/lib/python3.8/site-packages/airflow/example_dags/tutorial_taskflow_api.py
[2025-09-21T17:01:21.153+0000] {processor.py:840} INFO - DAG(s) 'tutorial_taskflow_api' retrieved from /home/airflow/.local/lib/python3.8/site-packages/airflow/example_dags/tutorial_taskflow_api.py
[2025-09-21T17:01:21.191+0000] {logging_mixin.py:188} INFO - [2025-09-21T17:01:21.191+0000] {dag.py:3036} INFO - Sync 1 DAGs
[2025-09-21T17:01:21.215+0000] {logging_mixin.py:188} INFO - [2025-09-21T17:01:21.215+0000] {dag.py:3823} INFO - Setting next_dagrun for tutorial_taskflow_api to None, run_after=None
[2025-09-21T17:01:21.260+0000] {processor.py:183} INFO - Processing /home/airflow/.local/lib/python3.8/site-packages/airflow/example_dags/tutorial_taskflow_api.py took 0.130 seconds
[2025-09-21T17:01:52.103+0000] {processor.py:161} INFO - Started process (PID=9533) to work on /home/airflow/.local/lib/python3.8/site-packages/airflow/example_dags/tutorial_taskflow_api.py
[2025-09-21T17:01:52.105+0000] {processor.py:830} INFO - Processing file /home/airflow/.local/lib/python3.8/site-packages/airflow/example_dags/tutorial_taskflow_api.py for tasks to queue
[2025-09-21T17:01:52.109+0000] {logging_mixin.py:188} INFO - [2025-09-21T17:01:52.108+0000] {dagbag.py:538} INFO - Filling up the DagBag from /home/airflow/.local/lib/python3.8/site-packages/airflow/example_dags/tutorial_taskflow_api.py
[2025-09-21T17:01:52.121+0000] {processor.py:840} INFO - DAG(s) 'tutorial_taskflow_api' retrieved from /home/airflow/.local/lib/python3.8/site-packages/airflow/example_dags/tutorial_taskflow_api.py
[2025-09-21T17:01:52.158+0000] {logging_mixin.py:188} INFO - [2025-09-21T17:01:52.157+0000] {dag.py:3036} INFO - Sync 1 DAGs
[2025-09-21T17:01:52.183+0000] {logging_mixin.py:188} INFO - [2025-09-21T17:01:52.182+0000] {dag.py:3823} INFO - Setting next_dagrun for tutorial_taskflow_api to None, run_after=None
[2025-09-21T17:01:52.219+0000] {processor.py:183} INFO - Processing /home/airflow/.local/lib/python3.8/site-packages/airflow/example_dags/tutorial_taskflow_api.py took 0.122 seconds
[2025-09-21T17:02:22.467+0000] {processor.py:161} INFO - Started process (PID=9591) to work on /home/airflow/.local/lib/python3.8/site-packages/airflow/example_dags/tutorial_taskflow_api.py
[2025-09-21T17:02:22.469+0000] {processor.py:830} INFO - Processing file /home/airflow/.local/lib/python3.8/site-packages/airflow/example_dags/tutorial_taskflow_api.py for tasks to queue
[2025-09-21T17:02:22.473+0000] {logging_mixin.py:188} INFO - [2025-09-21T17:02:22.472+0000] {dagbag.py:538} INFO - Filling up the DagBag from /home/airflow/.local/lib/python3.8/site-packages/airflow/example_dags/tutorial_taskflow_api.py
[2025-09-21T17:02:22.485+0000] {processor.py:840} INFO - DAG(s) 'tutorial_taskflow_api' retrieved from /home/airflow/.local/lib/python3.8/site-packages/airflow/example_dags/tutorial_taskflow_api.py
[2025-09-21T17:02:22.521+0000] {logging_mixin.py:188} INFO - [2025-09-21T17:02:22.521+0000] {dag.py:3036} INFO - Sync 1 DAGs
[2025-09-21T17:02:22.544+0000] {logging_mixin.py:188} INFO - [2025-09-21T17:02:22.544+0000] {dag.py:3823} INFO - Setting next_dagrun for tutorial_taskflow_api to None, run_after=None
[2025-09-21T17:02:22.579+0000] {processor.py:183} INFO - Processing /home/airflow/.local/lib/python3.8/site-packages/airflow/example_dags/tutorial_taskflow_api.py took 0.117 seconds
[2025-09-21T17:02:52.745+0000] {processor.py:161} INFO - Started process (PID=9649) to work on /home/airflow/.local/lib/python3.8/site-packages/airflow/example_dags/tutorial_taskflow_api.py
[2025-09-21T17:02:52.747+0000] {processor.py:830} INFO - Processing file /home/airflow/.local/lib/python3.8/site-packages/airflow/example_dags/tutorial_taskflow_api.py for tasks to queue
[2025-09-21T17:02:52.751+0000] {logging_mixin.py:188} INFO - [2025-09-21T17:02:52.751+0000] {dagbag.py:538} INFO - Filling up the DagBag from /home/airflow/.local/lib/python3.8/site-packages/airflow/example_dags/tutorial_taskflow_api.py
[2025-09-21T17:02:52.766+0000] {processor.py:840} INFO - DAG(s) 'tutorial_taskflow_api' retrieved from /home/airflow/.local/lib/python3.8/site-packages/airflow/example_dags/tutorial_taskflow_api.py
[2025-09-21T17:02:52.802+0000] {logging_mixin.py:188} INFO - [2025-09-21T17:02:52.801+0000] {dag.py:3036} INFO - Sync 1 DAGs
[2025-09-21T17:02:52.830+0000] {logging_mixin.py:188} INFO - [2025-09-21T17:02:52.830+0000] {dag.py:3823} INFO - Setting next_dagrun for tutorial_taskflow_api to None, run_after=None
[2025-09-21T17:02:52.872+0000] {processor.py:183} INFO - Processing /home/airflow/.local/lib/python3.8/site-packages/airflow/example_dags/tutorial_taskflow_api.py took 0.134 seconds
[2025-09-21T17:03:23.697+0000] {processor.py:161} INFO - Started process (PID=9707) to work on /home/airflow/.local/lib/python3.8/site-packages/airflow/example_dags/tutorial_taskflow_api.py
[2025-09-21T17:03:23.699+0000] {processor.py:830} INFO - Processing file /home/airflow/.local/lib/python3.8/site-packages/airflow/example_dags/tutorial_taskflow_api.py for tasks to queue
[2025-09-21T17:03:23.703+0000] {logging_mixin.py:188} INFO - [2025-09-21T17:03:23.702+0000] {dagbag.py:538} INFO - Filling up the DagBag from /home/airflow/.local/lib/python3.8/site-packages/airflow/example_dags/tutorial_taskflow_api.py
[2025-09-21T17:03:23.715+0000] {processor.py:840} INFO - DAG(s) 'tutorial_taskflow_api' retrieved from /home/airflow/.local/lib/python3.8/site-packages/airflow/example_dags/tutorial_taskflow_api.py
[2025-09-21T17:03:23.753+0000] {logging_mixin.py:188} INFO - [2025-09-21T17:03:23.753+0000] {dag.py:3036} INFO - Sync 1 DAGs
[2025-09-21T17:03:23.779+0000] {logging_mixin.py:188} INFO - [2025-09-21T17:03:23.778+0000] {dag.py:3823} INFO - Setting next_dagrun for tutorial_taskflow_api to None, run_after=None
[2025-09-21T17:03:23.821+0000] {processor.py:183} INFO - Processing /home/airflow/.local/lib/python3.8/site-packages/airflow/example_dags/tutorial_taskflow_api.py took 0.130 seconds
[2025-09-21T17:03:54.616+0000] {processor.py:161} INFO - Started process (PID=9771) to work on /home/airflow/.local/lib/python3.8/site-packages/airflow/example_dags/tutorial_taskflow_api.py
[2025-09-21T17:03:54.618+0000] {processor.py:830} INFO - Processing file /home/airflow/.local/lib/python3.8/site-packages/airflow/example_dags/tutorial_taskflow_api.py for tasks to queue
[2025-09-21T17:03:54.621+0000] {logging_mixin.py:188} INFO - [2025-09-21T17:03:54.620+0000] {dagbag.py:538} INFO - Filling up the DagBag from /home/airflow/.local/lib/python3.8/site-packages/airflow/example_dags/tutorial_taskflow_api.py
[2025-09-21T17:03:54.638+0000] {processor.py:840} INFO - DAG(s) 'tutorial_taskflow_api' retrieved from /home/airflow/.local/lib/python3.8/site-packages/airflow/example_dags/tutorial_taskflow_api.py
[2025-09-21T17:03:54.675+0000] {logging_mixin.py:188} INFO - [2025-09-21T17:03:54.675+0000] {dag.py:3036} INFO - Sync 1 DAGs
[2025-09-21T17:03:54.698+0000] {logging_mixin.py:188} INFO - [2025-09-21T17:03:54.698+0000] {dag.py:3823} INFO - Setting next_dagrun for tutorial_taskflow_api to None, run_after=None
[2025-09-21T17:03:54.739+0000] {processor.py:183} INFO - Processing /home/airflow/.local/lib/python3.8/site-packages/airflow/example_dags/tutorial_taskflow_api.py took 0.129 seconds
[2025-09-21T17:04:25.183+0000] {processor.py:161} INFO - Started process (PID=9829) to work on /home/airflow/.local/lib/python3.8/site-packages/airflow/example_dags/tutorial_taskflow_api.py
[2025-09-21T17:04:25.185+0000] {processor.py:830} INFO - Processing file /home/airflow/.local/lib/python3.8/site-packages/airflow/example_dags/tutorial_taskflow_api.py for tasks to queue
[2025-09-21T17:04:25.188+0000] {logging_mixin.py:188} INFO - [2025-09-21T17:04:25.188+0000] {dagbag.py:538} INFO - Filling up the DagBag from /home/airflow/.local/lib/python3.8/site-packages/airflow/example_dags/tutorial_taskflow_api.py
[2025-09-21T17:04:25.201+0000] {processor.py:840} INFO - DAG(s) 'tutorial_taskflow_api' retrieved from /home/airflow/.local/lib/python3.8/site-packages/airflow/example_dags/tutorial_taskflow_api.py
[2025-09-21T17:04:25.239+0000] {logging_mixin.py:188} INFO - [2025-09-21T17:04:25.239+0000] {dag.py:3036} INFO - Sync 1 DAGs
[2025-09-21T17:04:25.266+0000] {logging_mixin.py:188} INFO - [2025-09-21T17:04:25.266+0000] {dag.py:3823} INFO - Setting next_dagrun for tutorial_taskflow_api to None, run_after=None
[2025-09-21T17:04:25.319+0000] {processor.py:183} INFO - Processing /home/airflow/.local/lib/python3.8/site-packages/airflow/example_dags/tutorial_taskflow_api.py took 0.142 seconds
[2025-09-21T17:04:56.070+0000] {processor.py:161} INFO - Started process (PID=9887) to work on /home/airflow/.local/lib/python3.8/site-packages/airflow/example_dags/tutorial_taskflow_api.py
[2025-09-21T17:04:56.073+0000] {processor.py:830} INFO - Processing file /home/airflow/.local/lib/python3.8/site-packages/airflow/example_dags/tutorial_taskflow_api.py for tasks to queue
[2025-09-21T17:04:56.078+0000] {logging_mixin.py:188} INFO - [2025-09-21T17:04:56.077+0000] {dagbag.py:538} INFO - Filling up the DagBag from /home/airflow/.local/lib/python3.8/site-packages/airflow/example_dags/tutorial_taskflow_api.py
[2025-09-21T17:04:56.093+0000] {processor.py:840} INFO - DAG(s) 'tutorial_taskflow_api' retrieved from /home/airflow/.local/lib/python3.8/site-packages/airflow/example_dags/tutorial_taskflow_api.py
[2025-09-21T17:04:56.136+0000] {logging_mixin.py:188} INFO - [2025-09-21T17:04:56.136+0000] {dag.py:3036} INFO - Sync 1 DAGs
[2025-09-21T17:04:56.165+0000] {logging_mixin.py:188} INFO - [2025-09-21T17:04:56.165+0000] {dag.py:3823} INFO - Setting next_dagrun for tutorial_taskflow_api to None, run_after=None
[2025-09-21T17:04:56.209+0000] {processor.py:183} INFO - Processing /home/airflow/.local/lib/python3.8/site-packages/airflow/example_dags/tutorial_taskflow_api.py took 0.145 seconds
[2025-09-21T17:05:26.279+0000] {processor.py:161} INFO - Started process (PID=9945) to work on /home/airflow/.local/lib/python3.8/site-packages/airflow/example_dags/tutorial_taskflow_api.py
[2025-09-21T17:05:26.282+0000] {processor.py:830} INFO - Processing file /home/airflow/.local/lib/python3.8/site-packages/airflow/example_dags/tutorial_taskflow_api.py for tasks to queue
[2025-09-21T17:05:26.285+0000] {logging_mixin.py:188} INFO - [2025-09-21T17:05:26.284+0000] {dagbag.py:538} INFO - Filling up the DagBag from /home/airflow/.local/lib/python3.8/site-packages/airflow/example_dags/tutorial_taskflow_api.py
[2025-09-21T17:05:26.297+0000] {processor.py:840} INFO - DAG(s) 'tutorial_taskflow_api' retrieved from /home/airflow/.local/lib/python3.8/site-packages/airflow/example_dags/tutorial_taskflow_api.py
[2025-09-21T17:05:26.332+0000] {logging_mixin.py:188} INFO - [2025-09-21T17:05:26.332+0000] {dag.py:3036} INFO - Sync 1 DAGs
[2025-09-21T17:05:26.359+0000] {logging_mixin.py:188} INFO - [2025-09-21T17:05:26.359+0000] {dag.py:3823} INFO - Setting next_dagrun for tutorial_taskflow_api to None, run_after=None
[2025-09-21T17:05:26.401+0000] {processor.py:183} INFO - Processing /home/airflow/.local/lib/python3.8/site-packages/airflow/example_dags/tutorial_taskflow_api.py took 0.127 seconds
[2025-09-21T17:05:57.347+0000] {processor.py:161} INFO - Started process (PID=10003) to work on /home/airflow/.local/lib/python3.8/site-packages/airflow/example_dags/tutorial_taskflow_api.py
[2025-09-21T17:05:57.350+0000] {processor.py:830} INFO - Processing file /home/airflow/.local/lib/python3.8/site-packages/airflow/example_dags/tutorial_taskflow_api.py for tasks to queue
[2025-09-21T17:05:57.357+0000] {logging_mixin.py:188} INFO - [2025-09-21T17:05:57.356+0000] {dagbag.py:538} INFO - Filling up the DagBag from /home/airflow/.local/lib/python3.8/site-packages/airflow/example_dags/tutorial_taskflow_api.py
[2025-09-21T17:05:57.375+0000] {processor.py:840} INFO - DAG(s) 'tutorial_taskflow_api' retrieved from /home/airflow/.local/lib/python3.8/site-packages/airflow/example_dags/tutorial_taskflow_api.py
[2025-09-21T17:05:57.430+0000] {logging_mixin.py:188} INFO - [2025-09-21T17:05:57.430+0000] {dag.py:3036} INFO - Sync 1 DAGs
[2025-09-21T17:05:57.465+0000] {logging_mixin.py:188} INFO - [2025-09-21T17:05:57.465+0000] {dag.py:3823} INFO - Setting next_dagrun for tutorial_taskflow_api to None, run_after=None
[2025-09-21T17:05:57.523+0000] {processor.py:183} INFO - Processing /home/airflow/.local/lib/python3.8/site-packages/airflow/example_dags/tutorial_taskflow_api.py took 0.188 seconds
[2025-09-21T17:06:28.147+0000] {processor.py:161} INFO - Started process (PID=10061) to work on /home/airflow/.local/lib/python3.8/site-packages/airflow/example_dags/tutorial_taskflow_api.py
[2025-09-21T17:06:28.150+0000] {processor.py:830} INFO - Processing file /home/airflow/.local/lib/python3.8/site-packages/airflow/example_dags/tutorial_taskflow_api.py for tasks to queue
[2025-09-21T17:06:28.155+0000] {logging_mixin.py:188} INFO - [2025-09-21T17:06:28.155+0000] {dagbag.py:538} INFO - Filling up the DagBag from /home/airflow/.local/lib/python3.8/site-packages/airflow/example_dags/tutorial_taskflow_api.py
[2025-09-21T17:06:28.173+0000] {processor.py:840} INFO - DAG(s) 'tutorial_taskflow_api' retrieved from /home/airflow/.local/lib/python3.8/site-packages/airflow/example_dags/tutorial_taskflow_api.py
[2025-09-21T17:06:28.220+0000] {logging_mixin.py:188} INFO - [2025-09-21T17:06:28.220+0000] {dag.py:3036} INFO - Sync 1 DAGs
[2025-09-21T17:06:28.253+0000] {logging_mixin.py:188} INFO - [2025-09-21T17:06:28.253+0000] {dag.py:3823} INFO - Setting next_dagrun for tutorial_taskflow_api to None, run_after=None
[2025-09-21T17:06:28.301+0000] {processor.py:183} INFO - Processing /home/airflow/.local/lib/python3.8/site-packages/airflow/example_dags/tutorial_taskflow_api.py took 0.162 seconds
[2025-09-21T17:06:59.270+0000] {processor.py:161} INFO - Started process (PID=10120) to work on /home/airflow/.local/lib/python3.8/site-packages/airflow/example_dags/tutorial_taskflow_api.py
[2025-09-21T17:06:59.272+0000] {processor.py:830} INFO - Processing file /home/airflow/.local/lib/python3.8/site-packages/airflow/example_dags/tutorial_taskflow_api.py for tasks to queue
[2025-09-21T17:06:59.275+0000] {logging_mixin.py:188} INFO - [2025-09-21T17:06:59.275+0000] {dagbag.py:538} INFO - Filling up the DagBag from /home/airflow/.local/lib/python3.8/site-packages/airflow/example_dags/tutorial_taskflow_api.py
[2025-09-21T17:06:59.288+0000] {processor.py:840} INFO - DAG(s) 'tutorial_taskflow_api' retrieved from /home/airflow/.local/lib/python3.8/site-packages/airflow/example_dags/tutorial_taskflow_api.py
[2025-09-21T17:06:59.326+0000] {logging_mixin.py:188} INFO - [2025-09-21T17:06:59.326+0000] {dag.py:3036} INFO - Sync 1 DAGs
[2025-09-21T17:06:59.352+0000] {logging_mixin.py:188} INFO - [2025-09-21T17:06:59.352+0000] {dag.py:3823} INFO - Setting next_dagrun for tutorial_taskflow_api to None, run_after=None
[2025-09-21T17:06:59.390+0000] {processor.py:183} INFO - Processing /home/airflow/.local/lib/python3.8/site-packages/airflow/example_dags/tutorial_taskflow_api.py took 0.126 seconds
[2025-09-21T17:07:30.433+0000] {processor.py:161} INFO - Started process (PID=10179) to work on /home/airflow/.local/lib/python3.8/site-packages/airflow/example_dags/tutorial_taskflow_api.py
[2025-09-21T17:07:30.435+0000] {processor.py:830} INFO - Processing file /home/airflow/.local/lib/python3.8/site-packages/airflow/example_dags/tutorial_taskflow_api.py for tasks to queue
[2025-09-21T17:07:30.439+0000] {logging_mixin.py:188} INFO - [2025-09-21T17:07:30.438+0000] {dagbag.py:538} INFO - Filling up the DagBag from /home/airflow/.local/lib/python3.8/site-packages/airflow/example_dags/tutorial_taskflow_api.py
[2025-09-21T17:07:30.452+0000] {processor.py:840} INFO - DAG(s) 'tutorial_taskflow_api' retrieved from /home/airflow/.local/lib/python3.8/site-packages/airflow/example_dags/tutorial_taskflow_api.py
[2025-09-21T17:07:30.492+0000] {logging_mixin.py:188} INFO - [2025-09-21T17:07:30.491+0000] {dag.py:3036} INFO - Sync 1 DAGs
[2025-09-21T17:07:30.516+0000] {logging_mixin.py:188} INFO - [2025-09-21T17:07:30.516+0000] {dag.py:3823} INFO - Setting next_dagrun for tutorial_taskflow_api to None, run_after=None
[2025-09-21T17:07:30.555+0000] {processor.py:183} INFO - Processing /home/airflow/.local/lib/python3.8/site-packages/airflow/example_dags/tutorial_taskflow_api.py took 0.134 seconds
[2025-09-21T17:08:01.072+0000] {processor.py:161} INFO - Started process (PID=10237) to work on /home/airflow/.local/lib/python3.8/site-packages/airflow/example_dags/tutorial_taskflow_api.py
[2025-09-21T17:08:01.079+0000] {processor.py:830} INFO - Processing file /home/airflow/.local/lib/python3.8/site-packages/airflow/example_dags/tutorial_taskflow_api.py for tasks to queue
[2025-09-21T17:08:01.084+0000] {logging_mixin.py:188} INFO - [2025-09-21T17:08:01.083+0000] {dagbag.py:538} INFO - Filling up the DagBag from /home/airflow/.local/lib/python3.8/site-packages/airflow/example_dags/tutorial_taskflow_api.py
[2025-09-21T17:08:01.102+0000] {processor.py:840} INFO - DAG(s) 'tutorial_taskflow_api' retrieved from /home/airflow/.local/lib/python3.8/site-packages/airflow/example_dags/tutorial_taskflow_api.py
[2025-09-21T17:08:01.152+0000] {logging_mixin.py:188} INFO - [2025-09-21T17:08:01.152+0000] {dag.py:3036} INFO - Sync 1 DAGs
[2025-09-21T17:08:01.189+0000] {logging_mixin.py:188} INFO - [2025-09-21T17:08:01.189+0000] {dag.py:3823} INFO - Setting next_dagrun for tutorial_taskflow_api to None, run_after=None
[2025-09-21T17:08:01.239+0000] {processor.py:183} INFO - Processing /home/airflow/.local/lib/python3.8/site-packages/airflow/example_dags/tutorial_taskflow_api.py took 0.176 seconds
[2025-09-21T17:08:31.437+0000] {processor.py:161} INFO - Started process (PID=10295) to work on /home/airflow/.local/lib/python3.8/site-packages/airflow/example_dags/tutorial_taskflow_api.py
[2025-09-21T17:08:31.439+0000] {processor.py:830} INFO - Processing file /home/airflow/.local/lib/python3.8/site-packages/airflow/example_dags/tutorial_taskflow_api.py for tasks to queue
[2025-09-21T17:08:31.443+0000] {logging_mixin.py:188} INFO - [2025-09-21T17:08:31.442+0000] {dagbag.py:538} INFO - Filling up the DagBag from /home/airflow/.local/lib/python3.8/site-packages/airflow/example_dags/tutorial_taskflow_api.py
[2025-09-21T17:08:31.457+0000] {processor.py:840} INFO - DAG(s) 'tutorial_taskflow_api' retrieved from /home/airflow/.local/lib/python3.8/site-packages/airflow/example_dags/tutorial_taskflow_api.py
[2025-09-21T17:08:31.494+0000] {logging_mixin.py:188} INFO - [2025-09-21T17:08:31.494+0000] {dag.py:3036} INFO - Sync 1 DAGs
[2025-09-21T17:08:31.519+0000] {logging_mixin.py:188} INFO - [2025-09-21T17:08:31.519+0000] {dag.py:3823} INFO - Setting next_dagrun for tutorial_taskflow_api to None, run_after=None
[2025-09-21T17:08:31.555+0000] {processor.py:183} INFO - Processing /home/airflow/.local/lib/python3.8/site-packages/airflow/example_dags/tutorial_taskflow_api.py took 0.124 seconds
[2025-09-21T17:09:02.766+0000] {processor.py:161} INFO - Started process (PID=10353) to work on /home/airflow/.local/lib/python3.8/site-packages/airflow/example_dags/tutorial_taskflow_api.py
[2025-09-21T17:09:02.769+0000] {processor.py:830} INFO - Processing file /home/airflow/.local/lib/python3.8/site-packages/airflow/example_dags/tutorial_taskflow_api.py for tasks to queue
[2025-09-21T17:09:02.773+0000] {logging_mixin.py:188} INFO - [2025-09-21T17:09:02.772+0000] {dagbag.py:538} INFO - Filling up the DagBag from /home/airflow/.local/lib/python3.8/site-packages/airflow/example_dags/tutorial_taskflow_api.py
[2025-09-21T17:09:02.787+0000] {processor.py:840} INFO - DAG(s) 'tutorial_taskflow_api' retrieved from /home/airflow/.local/lib/python3.8/site-packages/airflow/example_dags/tutorial_taskflow_api.py
[2025-09-21T17:09:02.829+0000] {logging_mixin.py:188} INFO - [2025-09-21T17:09:02.828+0000] {dag.py:3036} INFO - Sync 1 DAGs
[2025-09-21T17:09:02.858+0000] {logging_mixin.py:188} INFO - [2025-09-21T17:09:02.858+0000] {dag.py:3823} INFO - Setting next_dagrun for tutorial_taskflow_api to None, run_after=None
[2025-09-21T17:09:02.895+0000] {processor.py:183} INFO - Processing /home/airflow/.local/lib/python3.8/site-packages/airflow/example_dags/tutorial_taskflow_api.py took 0.136 seconds
[2025-09-21T17:09:33.373+0000] {processor.py:161} INFO - Started process (PID=10411) to work on /home/airflow/.local/lib/python3.8/site-packages/airflow/example_dags/tutorial_taskflow_api.py
[2025-09-21T17:09:33.375+0000] {processor.py:830} INFO - Processing file /home/airflow/.local/lib/python3.8/site-packages/airflow/example_dags/tutorial_taskflow_api.py for tasks to queue
[2025-09-21T17:09:33.380+0000] {logging_mixin.py:188} INFO - [2025-09-21T17:09:33.378+0000] {dagbag.py:538} INFO - Filling up the DagBag from /home/airflow/.local/lib/python3.8/site-packages/airflow/example_dags/tutorial_taskflow_api.py
[2025-09-21T17:09:33.392+0000] {processor.py:840} INFO - DAG(s) 'tutorial_taskflow_api' retrieved from /home/airflow/.local/lib/python3.8/site-packages/airflow/example_dags/tutorial_taskflow_api.py
[2025-09-21T17:09:33.438+0000] {logging_mixin.py:188} INFO - [2025-09-21T17:09:33.437+0000] {dag.py:3036} INFO - Sync 1 DAGs
[2025-09-21T17:09:33.470+0000] {logging_mixin.py:188} INFO - [2025-09-21T17:09:33.469+0000] {dag.py:3823} INFO - Setting next_dagrun for tutorial_taskflow_api to None, run_after=None
[2025-09-21T17:09:33.523+0000] {processor.py:183} INFO - Processing /home/airflow/.local/lib/python3.8/site-packages/airflow/example_dags/tutorial_taskflow_api.py took 0.156 seconds
[2025-09-21T17:10:03.701+0000] {processor.py:161} INFO - Started process (PID=10467) to work on /home/airflow/.local/lib/python3.8/site-packages/airflow/example_dags/tutorial_taskflow_api.py
[2025-09-21T17:10:03.702+0000] {processor.py:830} INFO - Processing file /home/airflow/.local/lib/python3.8/site-packages/airflow/example_dags/tutorial_taskflow_api.py for tasks to queue
[2025-09-21T17:10:03.706+0000] {logging_mixin.py:188} INFO - [2025-09-21T17:10:03.705+0000] {dagbag.py:538} INFO - Filling up the DagBag from /home/airflow/.local/lib/python3.8/site-packages/airflow/example_dags/tutorial_taskflow_api.py
[2025-09-21T17:10:03.720+0000] {processor.py:840} INFO - DAG(s) 'tutorial_taskflow_api' retrieved from /home/airflow/.local/lib/python3.8/site-packages/airflow/example_dags/tutorial_taskflow_api.py
[2025-09-21T17:10:03.759+0000] {logging_mixin.py:188} INFO - [2025-09-21T17:10:03.758+0000] {dag.py:3036} INFO - Sync 1 DAGs
[2025-09-21T17:10:03.787+0000] {logging_mixin.py:188} INFO - [2025-09-21T17:10:03.786+0000] {dag.py:3823} INFO - Setting next_dagrun for tutorial_taskflow_api to None, run_after=None
[2025-09-21T17:10:03.827+0000] {processor.py:183} INFO - Processing /home/airflow/.local/lib/python3.8/site-packages/airflow/example_dags/tutorial_taskflow_api.py took 0.133 seconds
[2025-09-21T17:10:34.010+0000] {processor.py:161} INFO - Started process (PID=10525) to work on /home/airflow/.local/lib/python3.8/site-packages/airflow/example_dags/tutorial_taskflow_api.py
[2025-09-21T17:10:34.012+0000] {processor.py:830} INFO - Processing file /home/airflow/.local/lib/python3.8/site-packages/airflow/example_dags/tutorial_taskflow_api.py for tasks to queue
[2025-09-21T17:10:34.016+0000] {logging_mixin.py:188} INFO - [2025-09-21T17:10:34.015+0000] {dagbag.py:538} INFO - Filling up the DagBag from /home/airflow/.local/lib/python3.8/site-packages/airflow/example_dags/tutorial_taskflow_api.py
[2025-09-21T17:10:34.028+0000] {processor.py:840} INFO - DAG(s) 'tutorial_taskflow_api' retrieved from /home/airflow/.local/lib/python3.8/site-packages/airflow/example_dags/tutorial_taskflow_api.py
[2025-09-21T17:10:34.067+0000] {logging_mixin.py:188} INFO - [2025-09-21T17:10:34.066+0000] {dag.py:3036} INFO - Sync 1 DAGs
[2025-09-21T17:10:34.093+0000] {logging_mixin.py:188} INFO - [2025-09-21T17:10:34.093+0000] {dag.py:3823} INFO - Setting next_dagrun for tutorial_taskflow_api to None, run_after=None
[2025-09-21T17:10:34.135+0000] {processor.py:183} INFO - Processing /home/airflow/.local/lib/python3.8/site-packages/airflow/example_dags/tutorial_taskflow_api.py took 0.131 seconds
[2025-09-21T17:11:04.512+0000] {processor.py:161} INFO - Started process (PID=10584) to work on /home/airflow/.local/lib/python3.8/site-packages/airflow/example_dags/tutorial_taskflow_api.py
[2025-09-21T17:11:04.514+0000] {processor.py:830} INFO - Processing file /home/airflow/.local/lib/python3.8/site-packages/airflow/example_dags/tutorial_taskflow_api.py for tasks to queue
[2025-09-21T17:11:04.519+0000] {logging_mixin.py:188} INFO - [2025-09-21T17:11:04.518+0000] {dagbag.py:538} INFO - Filling up the DagBag from /home/airflow/.local/lib/python3.8/site-packages/airflow/example_dags/tutorial_taskflow_api.py
[2025-09-21T17:11:04.534+0000] {processor.py:840} INFO - DAG(s) 'tutorial_taskflow_api' retrieved from /home/airflow/.local/lib/python3.8/site-packages/airflow/example_dags/tutorial_taskflow_api.py
[2025-09-21T17:11:04.570+0000] {logging_mixin.py:188} INFO - [2025-09-21T17:11:04.570+0000] {dag.py:3036} INFO - Sync 1 DAGs
[2025-09-21T17:11:04.594+0000] {logging_mixin.py:188} INFO - [2025-09-21T17:11:04.594+0000] {dag.py:3823} INFO - Setting next_dagrun for tutorial_taskflow_api to None, run_after=None
[2025-09-21T17:11:04.635+0000] {processor.py:183} INFO - Processing /home/airflow/.local/lib/python3.8/site-packages/airflow/example_dags/tutorial_taskflow_api.py took 0.131 seconds
[2025-09-21T17:11:35.102+0000] {processor.py:161} INFO - Started process (PID=10642) to work on /home/airflow/.local/lib/python3.8/site-packages/airflow/example_dags/tutorial_taskflow_api.py
[2025-09-21T17:11:35.104+0000] {processor.py:830} INFO - Processing file /home/airflow/.local/lib/python3.8/site-packages/airflow/example_dags/tutorial_taskflow_api.py for tasks to queue
[2025-09-21T17:11:35.109+0000] {logging_mixin.py:188} INFO - [2025-09-21T17:11:35.108+0000] {dagbag.py:538} INFO - Filling up the DagBag from /home/airflow/.local/lib/python3.8/site-packages/airflow/example_dags/tutorial_taskflow_api.py
[2025-09-21T17:11:35.123+0000] {processor.py:840} INFO - DAG(s) 'tutorial_taskflow_api' retrieved from /home/airflow/.local/lib/python3.8/site-packages/airflow/example_dags/tutorial_taskflow_api.py
[2025-09-21T17:11:35.162+0000] {logging_mixin.py:188} INFO - [2025-09-21T17:11:35.161+0000] {dag.py:3036} INFO - Sync 1 DAGs
[2025-09-21T17:11:35.189+0000] {logging_mixin.py:188} INFO - [2025-09-21T17:11:35.189+0000] {dag.py:3823} INFO - Setting next_dagrun for tutorial_taskflow_api to None, run_after=None
[2025-09-21T17:11:35.226+0000] {processor.py:183} INFO - Processing /home/airflow/.local/lib/python3.8/site-packages/airflow/example_dags/tutorial_taskflow_api.py took 0.130 seconds
[2025-09-21T17:12:05.927+0000] {processor.py:161} INFO - Started process (PID=10700) to work on /home/airflow/.local/lib/python3.8/site-packages/airflow/example_dags/tutorial_taskflow_api.py
[2025-09-21T17:12:05.929+0000] {processor.py:830} INFO - Processing file /home/airflow/.local/lib/python3.8/site-packages/airflow/example_dags/tutorial_taskflow_api.py for tasks to queue
[2025-09-21T17:12:05.934+0000] {logging_mixin.py:188} INFO - [2025-09-21T17:12:05.933+0000] {dagbag.py:538} INFO - Filling up the DagBag from /home/airflow/.local/lib/python3.8/site-packages/airflow/example_dags/tutorial_taskflow_api.py
[2025-09-21T17:12:05.948+0000] {processor.py:840} INFO - DAG(s) 'tutorial_taskflow_api' retrieved from /home/airflow/.local/lib/python3.8/site-packages/airflow/example_dags/tutorial_taskflow_api.py
[2025-09-21T17:12:05.992+0000] {logging_mixin.py:188} INFO - [2025-09-21T17:12:05.992+0000] {dag.py:3036} INFO - Sync 1 DAGs
[2025-09-21T17:12:06.016+0000] {logging_mixin.py:188} INFO - [2025-09-21T17:12:06.015+0000] {dag.py:3823} INFO - Setting next_dagrun for tutorial_taskflow_api to None, run_after=None
[2025-09-21T17:12:06.054+0000] {processor.py:183} INFO - Processing /home/airflow/.local/lib/python3.8/site-packages/airflow/example_dags/tutorial_taskflow_api.py took 0.135 seconds
[2025-09-21T17:12:36.493+0000] {processor.py:161} INFO - Started process (PID=10758) to work on /home/airflow/.local/lib/python3.8/site-packages/airflow/example_dags/tutorial_taskflow_api.py
[2025-09-21T17:12:36.495+0000] {processor.py:830} INFO - Processing file /home/airflow/.local/lib/python3.8/site-packages/airflow/example_dags/tutorial_taskflow_api.py for tasks to queue
[2025-09-21T17:12:36.499+0000] {logging_mixin.py:188} INFO - [2025-09-21T17:12:36.498+0000] {dagbag.py:538} INFO - Filling up the DagBag from /home/airflow/.local/lib/python3.8/site-packages/airflow/example_dags/tutorial_taskflow_api.py
[2025-09-21T17:12:36.511+0000] {processor.py:840} INFO - DAG(s) 'tutorial_taskflow_api' retrieved from /home/airflow/.local/lib/python3.8/site-packages/airflow/example_dags/tutorial_taskflow_api.py
[2025-09-21T17:12:36.551+0000] {logging_mixin.py:188} INFO - [2025-09-21T17:12:36.550+0000] {dag.py:3036} INFO - Sync 1 DAGs
[2025-09-21T17:12:36.582+0000] {logging_mixin.py:188} INFO - [2025-09-21T17:12:36.581+0000] {dag.py:3823} INFO - Setting next_dagrun for tutorial_taskflow_api to None, run_after=None
[2025-09-21T17:12:36.622+0000] {processor.py:183} INFO - Processing /home/airflow/.local/lib/python3.8/site-packages/airflow/example_dags/tutorial_taskflow_api.py took 0.137 seconds
[2025-09-21T17:13:06.798+0000] {processor.py:161} INFO - Started process (PID=10815) to work on /home/airflow/.local/lib/python3.8/site-packages/airflow/example_dags/tutorial_taskflow_api.py
[2025-09-21T17:13:06.800+0000] {processor.py:830} INFO - Processing file /home/airflow/.local/lib/python3.8/site-packages/airflow/example_dags/tutorial_taskflow_api.py for tasks to queue
[2025-09-21T17:13:06.803+0000] {logging_mixin.py:188} INFO - [2025-09-21T17:13:06.803+0000] {dagbag.py:538} INFO - Filling up the DagBag from /home/airflow/.local/lib/python3.8/site-packages/airflow/example_dags/tutorial_taskflow_api.py
[2025-09-21T17:13:06.817+0000] {processor.py:840} INFO - DAG(s) 'tutorial_taskflow_api' retrieved from /home/airflow/.local/lib/python3.8/site-packages/airflow/example_dags/tutorial_taskflow_api.py
[2025-09-21T17:13:06.856+0000] {logging_mixin.py:188} INFO - [2025-09-21T17:13:06.856+0000] {dag.py:3036} INFO - Sync 1 DAGs
[2025-09-21T17:13:06.881+0000] {logging_mixin.py:188} INFO - [2025-09-21T17:13:06.880+0000] {dag.py:3823} INFO - Setting next_dagrun for tutorial_taskflow_api to None, run_after=None
[2025-09-21T17:13:06.921+0000] {processor.py:183} INFO - Processing /home/airflow/.local/lib/python3.8/site-packages/airflow/example_dags/tutorial_taskflow_api.py took 0.129 seconds
[2025-09-21T17:13:38.288+0000] {processor.py:161} INFO - Started process (PID=10872) to work on /home/airflow/.local/lib/python3.8/site-packages/airflow/example_dags/tutorial_taskflow_api.py
[2025-09-21T17:13:38.290+0000] {processor.py:830} INFO - Processing file /home/airflow/.local/lib/python3.8/site-packages/airflow/example_dags/tutorial_taskflow_api.py for tasks to queue
[2025-09-21T17:13:38.295+0000] {logging_mixin.py:188} INFO - [2025-09-21T17:13:38.294+0000] {dagbag.py:538} INFO - Filling up the DagBag from /home/airflow/.local/lib/python3.8/site-packages/airflow/example_dags/tutorial_taskflow_api.py
[2025-09-21T17:13:38.306+0000] {processor.py:840} INFO - DAG(s) 'tutorial_taskflow_api' retrieved from /home/airflow/.local/lib/python3.8/site-packages/airflow/example_dags/tutorial_taskflow_api.py
[2025-09-21T17:13:38.341+0000] {logging_mixin.py:188} INFO - [2025-09-21T17:13:38.340+0000] {dag.py:3036} INFO - Sync 1 DAGs
[2025-09-21T17:13:38.363+0000] {logging_mixin.py:188} INFO - [2025-09-21T17:13:38.363+0000] {dag.py:3823} INFO - Setting next_dagrun for tutorial_taskflow_api to None, run_after=None
[2025-09-21T17:13:38.405+0000] {processor.py:183} INFO - Processing /home/airflow/.local/lib/python3.8/site-packages/airflow/example_dags/tutorial_taskflow_api.py took 0.123 seconds
[2025-09-21T17:14:09.368+0000] {processor.py:161} INFO - Started process (PID=10930) to work on /home/airflow/.local/lib/python3.8/site-packages/airflow/example_dags/tutorial_taskflow_api.py
[2025-09-21T17:14:09.371+0000] {processor.py:830} INFO - Processing file /home/airflow/.local/lib/python3.8/site-packages/airflow/example_dags/tutorial_taskflow_api.py for tasks to queue
[2025-09-21T17:14:09.375+0000] {logging_mixin.py:188} INFO - [2025-09-21T17:14:09.374+0000] {dagbag.py:538} INFO - Filling up the DagBag from /home/airflow/.local/lib/python3.8/site-packages/airflow/example_dags/tutorial_taskflow_api.py
[2025-09-21T17:14:09.394+0000] {processor.py:840} INFO - DAG(s) 'tutorial_taskflow_api' retrieved from /home/airflow/.local/lib/python3.8/site-packages/airflow/example_dags/tutorial_taskflow_api.py
[2025-09-21T17:14:09.442+0000] {logging_mixin.py:188} INFO - [2025-09-21T17:14:09.441+0000] {dag.py:3036} INFO - Sync 1 DAGs
[2025-09-21T17:14:09.473+0000] {logging_mixin.py:188} INFO - [2025-09-21T17:14:09.472+0000] {dag.py:3823} INFO - Setting next_dagrun for tutorial_taskflow_api to None, run_after=None
[2025-09-21T17:14:09.528+0000] {processor.py:183} INFO - Processing /home/airflow/.local/lib/python3.8/site-packages/airflow/example_dags/tutorial_taskflow_api.py took 0.168 seconds
[2025-09-21T17:14:41.179+0000] {processor.py:161} INFO - Started process (PID=10988) to work on /home/airflow/.local/lib/python3.8/site-packages/airflow/example_dags/tutorial_taskflow_api.py
[2025-09-21T17:14:41.181+0000] {processor.py:830} INFO - Processing file /home/airflow/.local/lib/python3.8/site-packages/airflow/example_dags/tutorial_taskflow_api.py for tasks to queue
[2025-09-21T17:14:41.186+0000] {logging_mixin.py:188} INFO - [2025-09-21T17:14:41.185+0000] {dagbag.py:538} INFO - Filling up the DagBag from /home/airflow/.local/lib/python3.8/site-packages/airflow/example_dags/tutorial_taskflow_api.py
[2025-09-21T17:14:41.202+0000] {processor.py:840} INFO - DAG(s) 'tutorial_taskflow_api' retrieved from /home/airflow/.local/lib/python3.8/site-packages/airflow/example_dags/tutorial_taskflow_api.py
[2025-09-21T17:14:41.242+0000] {logging_mixin.py:188} INFO - [2025-09-21T17:14:41.241+0000] {dag.py:3036} INFO - Sync 1 DAGs
[2025-09-21T17:14:41.266+0000] {logging_mixin.py:188} INFO - [2025-09-21T17:14:41.266+0000] {dag.py:3823} INFO - Setting next_dagrun for tutorial_taskflow_api to None, run_after=None
[2025-09-21T17:14:41.507+0000] {processor.py:183} INFO - Processing /home/airflow/.local/lib/python3.8/site-packages/airflow/example_dags/tutorial_taskflow_api.py took 0.336 seconds
[2025-09-21T17:15:11.971+0000] {processor.py:161} INFO - Started process (PID=11046) to work on /home/airflow/.local/lib/python3.8/site-packages/airflow/example_dags/tutorial_taskflow_api.py
[2025-09-21T17:15:11.973+0000] {processor.py:830} INFO - Processing file /home/airflow/.local/lib/python3.8/site-packages/airflow/example_dags/tutorial_taskflow_api.py for tasks to queue
[2025-09-21T17:15:11.977+0000] {logging_mixin.py:188} INFO - [2025-09-21T17:15:11.977+0000] {dagbag.py:538} INFO - Filling up the DagBag from /home/airflow/.local/lib/python3.8/site-packages/airflow/example_dags/tutorial_taskflow_api.py
[2025-09-21T17:15:11.990+0000] {processor.py:840} INFO - DAG(s) 'tutorial_taskflow_api' retrieved from /home/airflow/.local/lib/python3.8/site-packages/airflow/example_dags/tutorial_taskflow_api.py
[2025-09-21T17:15:12.030+0000] {logging_mixin.py:188} INFO - [2025-09-21T17:15:12.030+0000] {dag.py:3036} INFO - Sync 1 DAGs
[2025-09-21T17:15:12.055+0000] {logging_mixin.py:188} INFO - [2025-09-21T17:15:12.055+0000] {dag.py:3823} INFO - Setting next_dagrun for tutorial_taskflow_api to None, run_after=None
[2025-09-21T17:15:12.307+0000] {processor.py:183} INFO - Processing /home/airflow/.local/lib/python3.8/site-packages/airflow/example_dags/tutorial_taskflow_api.py took 0.342 seconds
[2025-09-21T17:15:43.322+0000] {processor.py:161} INFO - Started process (PID=11104) to work on /home/airflow/.local/lib/python3.8/site-packages/airflow/example_dags/tutorial_taskflow_api.py
[2025-09-21T17:15:43.324+0000] {processor.py:830} INFO - Processing file /home/airflow/.local/lib/python3.8/site-packages/airflow/example_dags/tutorial_taskflow_api.py for tasks to queue
[2025-09-21T17:15:43.328+0000] {logging_mixin.py:188} INFO - [2025-09-21T17:15:43.328+0000] {dagbag.py:538} INFO - Filling up the DagBag from /home/airflow/.local/lib/python3.8/site-packages/airflow/example_dags/tutorial_taskflow_api.py
[2025-09-21T17:15:43.340+0000] {processor.py:840} INFO - DAG(s) 'tutorial_taskflow_api' retrieved from /home/airflow/.local/lib/python3.8/site-packages/airflow/example_dags/tutorial_taskflow_api.py
[2025-09-21T17:15:43.376+0000] {logging_mixin.py:188} INFO - [2025-09-21T17:15:43.375+0000] {dag.py:3036} INFO - Sync 1 DAGs
[2025-09-21T17:15:43.400+0000] {logging_mixin.py:188} INFO - [2025-09-21T17:15:43.399+0000] {dag.py:3823} INFO - Setting next_dagrun for tutorial_taskflow_api to None, run_after=None
[2025-09-21T17:15:43.616+0000] {processor.py:183} INFO - Processing /home/airflow/.local/lib/python3.8/site-packages/airflow/example_dags/tutorial_taskflow_api.py took 0.300 seconds
[2025-09-21T17:16:14.594+0000] {processor.py:161} INFO - Started process (PID=11162) to work on /home/airflow/.local/lib/python3.8/site-packages/airflow/example_dags/tutorial_taskflow_api.py
[2025-09-21T17:16:14.596+0000] {processor.py:830} INFO - Processing file /home/airflow/.local/lib/python3.8/site-packages/airflow/example_dags/tutorial_taskflow_api.py for tasks to queue
[2025-09-21T17:16:14.600+0000] {logging_mixin.py:188} INFO - [2025-09-21T17:16:14.600+0000] {dagbag.py:538} INFO - Filling up the DagBag from /home/airflow/.local/lib/python3.8/site-packages/airflow/example_dags/tutorial_taskflow_api.py
[2025-09-21T17:16:14.613+0000] {processor.py:840} INFO - DAG(s) 'tutorial_taskflow_api' retrieved from /home/airflow/.local/lib/python3.8/site-packages/airflow/example_dags/tutorial_taskflow_api.py
[2025-09-21T17:16:14.649+0000] {logging_mixin.py:188} INFO - [2025-09-21T17:16:14.648+0000] {dag.py:3036} INFO - Sync 1 DAGs
[2025-09-21T17:16:14.672+0000] {logging_mixin.py:188} INFO - [2025-09-21T17:16:14.671+0000] {dag.py:3823} INFO - Setting next_dagrun for tutorial_taskflow_api to None, run_after=None
[2025-09-21T17:16:14.898+0000] {processor.py:183} INFO - Processing /home/airflow/.local/lib/python3.8/site-packages/airflow/example_dags/tutorial_taskflow_api.py took 0.310 seconds
[2025-09-21T17:16:45.473+0000] {processor.py:161} INFO - Started process (PID=11221) to work on /home/airflow/.local/lib/python3.8/site-packages/airflow/example_dags/tutorial_taskflow_api.py
[2025-09-21T17:16:45.475+0000] {processor.py:830} INFO - Processing file /home/airflow/.local/lib/python3.8/site-packages/airflow/example_dags/tutorial_taskflow_api.py for tasks to queue
[2025-09-21T17:16:45.479+0000] {logging_mixin.py:188} INFO - [2025-09-21T17:16:45.478+0000] {dagbag.py:538} INFO - Filling up the DagBag from /home/airflow/.local/lib/python3.8/site-packages/airflow/example_dags/tutorial_taskflow_api.py
[2025-09-21T17:16:45.490+0000] {processor.py:840} INFO - DAG(s) 'tutorial_taskflow_api' retrieved from /home/airflow/.local/lib/python3.8/site-packages/airflow/example_dags/tutorial_taskflow_api.py
[2025-09-21T17:16:45.526+0000] {logging_mixin.py:188} INFO - [2025-09-21T17:16:45.526+0000] {dag.py:3036} INFO - Sync 1 DAGs
[2025-09-21T17:16:45.549+0000] {logging_mixin.py:188} INFO - [2025-09-21T17:16:45.548+0000] {dag.py:3823} INFO - Setting next_dagrun for tutorial_taskflow_api to None, run_after=None
[2025-09-21T17:16:45.589+0000] {processor.py:183} INFO - Processing /home/airflow/.local/lib/python3.8/site-packages/airflow/example_dags/tutorial_taskflow_api.py took 0.122 seconds
[2025-09-21T17:17:16.252+0000] {processor.py:161} INFO - Started process (PID=11280) to work on /home/airflow/.local/lib/python3.8/site-packages/airflow/example_dags/tutorial_taskflow_api.py
[2025-09-21T17:17:16.255+0000] {processor.py:830} INFO - Processing file /home/airflow/.local/lib/python3.8/site-packages/airflow/example_dags/tutorial_taskflow_api.py for tasks to queue
[2025-09-21T17:17:16.258+0000] {logging_mixin.py:188} INFO - [2025-09-21T17:17:16.257+0000] {dagbag.py:538} INFO - Filling up the DagBag from /home/airflow/.local/lib/python3.8/site-packages/airflow/example_dags/tutorial_taskflow_api.py
[2025-09-21T17:17:16.270+0000] {processor.py:840} INFO - DAG(s) 'tutorial_taskflow_api' retrieved from /home/airflow/.local/lib/python3.8/site-packages/airflow/example_dags/tutorial_taskflow_api.py
[2025-09-21T17:17:16.309+0000] {logging_mixin.py:188} INFO - [2025-09-21T17:17:16.309+0000] {dag.py:3036} INFO - Sync 1 DAGs
[2025-09-21T17:17:16.333+0000] {logging_mixin.py:188} INFO - [2025-09-21T17:17:16.333+0000] {dag.py:3823} INFO - Setting next_dagrun for tutorial_taskflow_api to None, run_after=None
[2025-09-21T17:17:16.376+0000] {processor.py:183} INFO - Processing /home/airflow/.local/lib/python3.8/site-packages/airflow/example_dags/tutorial_taskflow_api.py took 0.130 seconds
[2025-09-21T17:17:46.890+0000] {processor.py:161} INFO - Started process (PID=11338) to work on /home/airflow/.local/lib/python3.8/site-packages/airflow/example_dags/tutorial_taskflow_api.py
[2025-09-21T17:17:46.892+0000] {processor.py:830} INFO - Processing file /home/airflow/.local/lib/python3.8/site-packages/airflow/example_dags/tutorial_taskflow_api.py for tasks to queue
[2025-09-21T17:17:46.896+0000] {logging_mixin.py:188} INFO - [2025-09-21T17:17:46.895+0000] {dagbag.py:538} INFO - Filling up the DagBag from /home/airflow/.local/lib/python3.8/site-packages/airflow/example_dags/tutorial_taskflow_api.py
[2025-09-21T17:17:46.912+0000] {processor.py:840} INFO - DAG(s) 'tutorial_taskflow_api' retrieved from /home/airflow/.local/lib/python3.8/site-packages/airflow/example_dags/tutorial_taskflow_api.py
[2025-09-21T17:17:46.953+0000] {logging_mixin.py:188} INFO - [2025-09-21T17:17:46.953+0000] {dag.py:3036} INFO - Sync 1 DAGs
[2025-09-21T17:17:46.980+0000] {logging_mixin.py:188} INFO - [2025-09-21T17:17:46.979+0000] {dag.py:3823} INFO - Setting next_dagrun for tutorial_taskflow_api to None, run_after=None
[2025-09-21T17:17:47.024+0000] {processor.py:183} INFO - Processing /home/airflow/.local/lib/python3.8/site-packages/airflow/example_dags/tutorial_taskflow_api.py took 0.141 seconds
[2025-09-21T17:18:17.534+0000] {processor.py:161} INFO - Started process (PID=11396) to work on /home/airflow/.local/lib/python3.8/site-packages/airflow/example_dags/tutorial_taskflow_api.py
[2025-09-21T17:18:17.536+0000] {processor.py:830} INFO - Processing file /home/airflow/.local/lib/python3.8/site-packages/airflow/example_dags/tutorial_taskflow_api.py for tasks to queue
[2025-09-21T17:18:17.540+0000] {logging_mixin.py:188} INFO - [2025-09-21T17:18:17.540+0000] {dagbag.py:538} INFO - Filling up the DagBag from /home/airflow/.local/lib/python3.8/site-packages/airflow/example_dags/tutorial_taskflow_api.py
[2025-09-21T17:18:17.554+0000] {processor.py:840} INFO - DAG(s) 'tutorial_taskflow_api' retrieved from /home/airflow/.local/lib/python3.8/site-packages/airflow/example_dags/tutorial_taskflow_api.py
[2025-09-21T17:18:17.596+0000] {logging_mixin.py:188} INFO - [2025-09-21T17:18:17.595+0000] {dag.py:3036} INFO - Sync 1 DAGs
[2025-09-21T17:18:17.628+0000] {logging_mixin.py:188} INFO - [2025-09-21T17:18:17.627+0000] {dag.py:3823} INFO - Setting next_dagrun for tutorial_taskflow_api to None, run_after=None
[2025-09-21T17:18:17.675+0000] {processor.py:183} INFO - Processing /home/airflow/.local/lib/python3.8/site-packages/airflow/example_dags/tutorial_taskflow_api.py took 0.147 seconds
[2025-09-21T17:18:47.933+0000] {processor.py:161} INFO - Started process (PID=11454) to work on /home/airflow/.local/lib/python3.8/site-packages/airflow/example_dags/tutorial_taskflow_api.py
[2025-09-21T17:18:47.935+0000] {processor.py:830} INFO - Processing file /home/airflow/.local/lib/python3.8/site-packages/airflow/example_dags/tutorial_taskflow_api.py for tasks to queue
[2025-09-21T17:18:47.940+0000] {logging_mixin.py:188} INFO - [2025-09-21T17:18:47.939+0000] {dagbag.py:538} INFO - Filling up the DagBag from /home/airflow/.local/lib/python3.8/site-packages/airflow/example_dags/tutorial_taskflow_api.py
[2025-09-21T17:18:47.956+0000] {processor.py:840} INFO - DAG(s) 'tutorial_taskflow_api' retrieved from /home/airflow/.local/lib/python3.8/site-packages/airflow/example_dags/tutorial_taskflow_api.py
[2025-09-21T17:18:48.007+0000] {logging_mixin.py:188} INFO - [2025-09-21T17:18:48.006+0000] {dag.py:3036} INFO - Sync 1 DAGs
[2025-09-21T17:18:48.040+0000] {logging_mixin.py:188} INFO - [2025-09-21T17:18:48.040+0000] {dag.py:3823} INFO - Setting next_dagrun for tutorial_taskflow_api to None, run_after=None
[2025-09-21T17:18:48.100+0000] {processor.py:183} INFO - Processing /home/airflow/.local/lib/python3.8/site-packages/airflow/example_dags/tutorial_taskflow_api.py took 0.175 seconds
[2025-09-21T17:19:18.803+0000] {processor.py:161} INFO - Started process (PID=11512) to work on /home/airflow/.local/lib/python3.8/site-packages/airflow/example_dags/tutorial_taskflow_api.py
[2025-09-21T17:19:18.806+0000] {processor.py:830} INFO - Processing file /home/airflow/.local/lib/python3.8/site-packages/airflow/example_dags/tutorial_taskflow_api.py for tasks to queue
[2025-09-21T17:19:18.810+0000] {logging_mixin.py:188} INFO - [2025-09-21T17:19:18.809+0000] {dagbag.py:538} INFO - Filling up the DagBag from /home/airflow/.local/lib/python3.8/site-packages/airflow/example_dags/tutorial_taskflow_api.py
[2025-09-21T17:19:18.824+0000] {processor.py:840} INFO - DAG(s) 'tutorial_taskflow_api' retrieved from /home/airflow/.local/lib/python3.8/site-packages/airflow/example_dags/tutorial_taskflow_api.py
[2025-09-21T17:19:18.865+0000] {logging_mixin.py:188} INFO - [2025-09-21T17:19:18.865+0000] {dag.py:3036} INFO - Sync 1 DAGs
[2025-09-21T17:19:18.891+0000] {logging_mixin.py:188} INFO - [2025-09-21T17:19:18.891+0000] {dag.py:3823} INFO - Setting next_dagrun for tutorial_taskflow_api to None, run_after=None
[2025-09-21T17:19:18.932+0000] {processor.py:183} INFO - Processing /home/airflow/.local/lib/python3.8/site-packages/airflow/example_dags/tutorial_taskflow_api.py took 0.136 seconds
[2025-09-21T17:19:49.199+0000] {processor.py:161} INFO - Started process (PID=11570) to work on /home/airflow/.local/lib/python3.8/site-packages/airflow/example_dags/tutorial_taskflow_api.py
[2025-09-21T17:19:49.201+0000] {processor.py:830} INFO - Processing file /home/airflow/.local/lib/python3.8/site-packages/airflow/example_dags/tutorial_taskflow_api.py for tasks to queue
[2025-09-21T17:19:49.205+0000] {logging_mixin.py:188} INFO - [2025-09-21T17:19:49.204+0000] {dagbag.py:538} INFO - Filling up the DagBag from /home/airflow/.local/lib/python3.8/site-packages/airflow/example_dags/tutorial_taskflow_api.py
[2025-09-21T17:19:49.219+0000] {processor.py:840} INFO - DAG(s) 'tutorial_taskflow_api' retrieved from /home/airflow/.local/lib/python3.8/site-packages/airflow/example_dags/tutorial_taskflow_api.py
[2025-09-21T17:19:49.259+0000] {logging_mixin.py:188} INFO - [2025-09-21T17:19:49.259+0000] {dag.py:3036} INFO - Sync 1 DAGs
[2025-09-21T17:19:49.285+0000] {logging_mixin.py:188} INFO - [2025-09-21T17:19:49.284+0000] {dag.py:3823} INFO - Setting next_dagrun for tutorial_taskflow_api to None, run_after=None
[2025-09-21T17:19:49.326+0000] {processor.py:183} INFO - Processing /home/airflow/.local/lib/python3.8/site-packages/airflow/example_dags/tutorial_taskflow_api.py took 0.133 seconds
[2025-09-21T17:20:19.939+0000] {processor.py:161} INFO - Started process (PID=11628) to work on /home/airflow/.local/lib/python3.8/site-packages/airflow/example_dags/tutorial_taskflow_api.py
[2025-09-21T17:20:19.941+0000] {processor.py:830} INFO - Processing file /home/airflow/.local/lib/python3.8/site-packages/airflow/example_dags/tutorial_taskflow_api.py for tasks to queue
[2025-09-21T17:20:19.944+0000] {logging_mixin.py:188} INFO - [2025-09-21T17:20:19.944+0000] {dagbag.py:538} INFO - Filling up the DagBag from /home/airflow/.local/lib/python3.8/site-packages/airflow/example_dags/tutorial_taskflow_api.py
[2025-09-21T17:20:19.959+0000] {processor.py:840} INFO - DAG(s) 'tutorial_taskflow_api' retrieved from /home/airflow/.local/lib/python3.8/site-packages/airflow/example_dags/tutorial_taskflow_api.py
[2025-09-21T17:20:19.995+0000] {logging_mixin.py:188} INFO - [2025-09-21T17:20:19.995+0000] {dag.py:3036} INFO - Sync 1 DAGs
[2025-09-21T17:20:20.021+0000] {logging_mixin.py:188} INFO - [2025-09-21T17:20:20.020+0000] {dag.py:3823} INFO - Setting next_dagrun for tutorial_taskflow_api to None, run_after=None
[2025-09-21T17:20:20.056+0000] {processor.py:183} INFO - Processing /home/airflow/.local/lib/python3.8/site-packages/airflow/example_dags/tutorial_taskflow_api.py took 0.123 seconds
[2025-09-21T17:20:50.312+0000] {processor.py:161} INFO - Started process (PID=11686) to work on /home/airflow/.local/lib/python3.8/site-packages/airflow/example_dags/tutorial_taskflow_api.py
[2025-09-21T17:20:50.314+0000] {processor.py:830} INFO - Processing file /home/airflow/.local/lib/python3.8/site-packages/airflow/example_dags/tutorial_taskflow_api.py for tasks to queue
[2025-09-21T17:20:50.317+0000] {logging_mixin.py:188} INFO - [2025-09-21T17:20:50.317+0000] {dagbag.py:538} INFO - Filling up the DagBag from /home/airflow/.local/lib/python3.8/site-packages/airflow/example_dags/tutorial_taskflow_api.py
[2025-09-21T17:20:50.333+0000] {processor.py:840} INFO - DAG(s) 'tutorial_taskflow_api' retrieved from /home/airflow/.local/lib/python3.8/site-packages/airflow/example_dags/tutorial_taskflow_api.py
[2025-09-21T17:20:50.399+0000] {logging_mixin.py:188} INFO - [2025-09-21T17:20:50.398+0000] {dag.py:3036} INFO - Sync 1 DAGs
[2025-09-21T17:20:50.448+0000] {logging_mixin.py:188} INFO - [2025-09-21T17:20:50.447+0000] {dag.py:3823} INFO - Setting next_dagrun for tutorial_taskflow_api to None, run_after=None
[2025-09-21T17:20:50.497+0000] {processor.py:183} INFO - Processing /home/airflow/.local/lib/python3.8/site-packages/airflow/example_dags/tutorial_taskflow_api.py took 0.191 seconds
[2025-09-21T17:21:20.865+0000] {processor.py:161} INFO - Started process (PID=11744) to work on /home/airflow/.local/lib/python3.8/site-packages/airflow/example_dags/tutorial_taskflow_api.py
[2025-09-21T17:21:20.867+0000] {processor.py:830} INFO - Processing file /home/airflow/.local/lib/python3.8/site-packages/airflow/example_dags/tutorial_taskflow_api.py for tasks to queue
[2025-09-21T17:21:20.871+0000] {logging_mixin.py:188} INFO - [2025-09-21T17:21:20.871+0000] {dagbag.py:538} INFO - Filling up the DagBag from /home/airflow/.local/lib/python3.8/site-packages/airflow/example_dags/tutorial_taskflow_api.py
[2025-09-21T17:21:20.884+0000] {processor.py:840} INFO - DAG(s) 'tutorial_taskflow_api' retrieved from /home/airflow/.local/lib/python3.8/site-packages/airflow/example_dags/tutorial_taskflow_api.py
[2025-09-21T17:21:20.925+0000] {logging_mixin.py:188} INFO - [2025-09-21T17:21:20.925+0000] {dag.py:3036} INFO - Sync 1 DAGs
[2025-09-21T17:21:20.955+0000] {logging_mixin.py:188} INFO - [2025-09-21T17:21:20.955+0000] {dag.py:3823} INFO - Setting next_dagrun for tutorial_taskflow_api to None, run_after=None
[2025-09-21T17:21:21.006+0000] {processor.py:183} INFO - Processing /home/airflow/.local/lib/python3.8/site-packages/airflow/example_dags/tutorial_taskflow_api.py took 0.150 seconds
[2025-09-21T17:21:51.545+0000] {processor.py:161} INFO - Started process (PID=11802) to work on /home/airflow/.local/lib/python3.8/site-packages/airflow/example_dags/tutorial_taskflow_api.py
[2025-09-21T17:21:51.547+0000] {processor.py:830} INFO - Processing file /home/airflow/.local/lib/python3.8/site-packages/airflow/example_dags/tutorial_taskflow_api.py for tasks to queue
[2025-09-21T17:21:51.550+0000] {logging_mixin.py:188} INFO - [2025-09-21T17:21:51.549+0000] {dagbag.py:538} INFO - Filling up the DagBag from /home/airflow/.local/lib/python3.8/site-packages/airflow/example_dags/tutorial_taskflow_api.py
[2025-09-21T17:21:51.562+0000] {processor.py:840} INFO - DAG(s) 'tutorial_taskflow_api' retrieved from /home/airflow/.local/lib/python3.8/site-packages/airflow/example_dags/tutorial_taskflow_api.py
[2025-09-21T17:21:51.599+0000] {logging_mixin.py:188} INFO - [2025-09-21T17:21:51.598+0000] {dag.py:3036} INFO - Sync 1 DAGs
[2025-09-21T17:21:51.621+0000] {logging_mixin.py:188} INFO - [2025-09-21T17:21:51.621+0000] {dag.py:3823} INFO - Setting next_dagrun for tutorial_taskflow_api to None, run_after=None
[2025-09-21T17:21:51.662+0000] {processor.py:183} INFO - Processing /home/airflow/.local/lib/python3.8/site-packages/airflow/example_dags/tutorial_taskflow_api.py took 0.123 seconds
[2025-09-21T17:22:22.059+0000] {processor.py:161} INFO - Started process (PID=11860) to work on /home/airflow/.local/lib/python3.8/site-packages/airflow/example_dags/tutorial_taskflow_api.py
[2025-09-21T17:22:22.061+0000] {processor.py:830} INFO - Processing file /home/airflow/.local/lib/python3.8/site-packages/airflow/example_dags/tutorial_taskflow_api.py for tasks to queue
[2025-09-21T17:22:22.064+0000] {logging_mixin.py:188} INFO - [2025-09-21T17:22:22.064+0000] {dagbag.py:538} INFO - Filling up the DagBag from /home/airflow/.local/lib/python3.8/site-packages/airflow/example_dags/tutorial_taskflow_api.py
[2025-09-21T17:22:22.076+0000] {processor.py:840} INFO - DAG(s) 'tutorial_taskflow_api' retrieved from /home/airflow/.local/lib/python3.8/site-packages/airflow/example_dags/tutorial_taskflow_api.py
[2025-09-21T17:22:22.113+0000] {logging_mixin.py:188} INFO - [2025-09-21T17:22:22.112+0000] {dag.py:3036} INFO - Sync 1 DAGs
[2025-09-21T17:22:22.136+0000] {logging_mixin.py:188} INFO - [2025-09-21T17:22:22.135+0000] {dag.py:3823} INFO - Setting next_dagrun for tutorial_taskflow_api to None, run_after=None
[2025-09-21T17:22:22.174+0000] {processor.py:183} INFO - Processing /home/airflow/.local/lib/python3.8/site-packages/airflow/example_dags/tutorial_taskflow_api.py took 0.120 seconds
[2025-09-21T17:22:52.801+0000] {processor.py:161} INFO - Started process (PID=11918) to work on /home/airflow/.local/lib/python3.8/site-packages/airflow/example_dags/tutorial_taskflow_api.py
[2025-09-21T17:22:52.803+0000] {processor.py:830} INFO - Processing file /home/airflow/.local/lib/python3.8/site-packages/airflow/example_dags/tutorial_taskflow_api.py for tasks to queue
[2025-09-21T17:22:52.807+0000] {logging_mixin.py:188} INFO - [2025-09-21T17:22:52.807+0000] {dagbag.py:538} INFO - Filling up the DagBag from /home/airflow/.local/lib/python3.8/site-packages/airflow/example_dags/tutorial_taskflow_api.py
[2025-09-21T17:22:52.821+0000] {processor.py:840} INFO - DAG(s) 'tutorial_taskflow_api' retrieved from /home/airflow/.local/lib/python3.8/site-packages/airflow/example_dags/tutorial_taskflow_api.py
[2025-09-21T17:22:52.874+0000] {logging_mixin.py:188} INFO - [2025-09-21T17:22:52.874+0000] {dag.py:3036} INFO - Sync 1 DAGs
[2025-09-21T17:22:52.909+0000] {logging_mixin.py:188} INFO - [2025-09-21T17:22:52.909+0000] {dag.py:3823} INFO - Setting next_dagrun for tutorial_taskflow_api to None, run_after=None
[2025-09-21T17:22:52.960+0000] {processor.py:183} INFO - Processing /home/airflow/.local/lib/python3.8/site-packages/airflow/example_dags/tutorial_taskflow_api.py took 0.166 seconds
[2025-09-21T17:23:23.310+0000] {processor.py:161} INFO - Started process (PID=11976) to work on /home/airflow/.local/lib/python3.8/site-packages/airflow/example_dags/tutorial_taskflow_api.py
[2025-09-21T17:23:23.312+0000] {processor.py:830} INFO - Processing file /home/airflow/.local/lib/python3.8/site-packages/airflow/example_dags/tutorial_taskflow_api.py for tasks to queue
[2025-09-21T17:23:23.316+0000] {logging_mixin.py:188} INFO - [2025-09-21T17:23:23.315+0000] {dagbag.py:538} INFO - Filling up the DagBag from /home/airflow/.local/lib/python3.8/site-packages/airflow/example_dags/tutorial_taskflow_api.py
[2025-09-21T17:23:23.328+0000] {processor.py:840} INFO - DAG(s) 'tutorial_taskflow_api' retrieved from /home/airflow/.local/lib/python3.8/site-packages/airflow/example_dags/tutorial_taskflow_api.py
[2025-09-21T17:23:23.366+0000] {logging_mixin.py:188} INFO - [2025-09-21T17:23:23.366+0000] {dag.py:3036} INFO - Sync 1 DAGs
[2025-09-21T17:23:23.389+0000] {logging_mixin.py:188} INFO - [2025-09-21T17:23:23.389+0000] {dag.py:3823} INFO - Setting next_dagrun for tutorial_taskflow_api to None, run_after=None
[2025-09-21T17:23:23.430+0000] {processor.py:183} INFO - Processing /home/airflow/.local/lib/python3.8/site-packages/airflow/example_dags/tutorial_taskflow_api.py took 0.126 seconds
[2025-09-21T17:23:53.578+0000] {processor.py:161} INFO - Started process (PID=12034) to work on /home/airflow/.local/lib/python3.8/site-packages/airflow/example_dags/tutorial_taskflow_api.py
[2025-09-21T17:23:53.580+0000] {processor.py:830} INFO - Processing file /home/airflow/.local/lib/python3.8/site-packages/airflow/example_dags/tutorial_taskflow_api.py for tasks to queue
[2025-09-21T17:23:53.584+0000] {logging_mixin.py:188} INFO - [2025-09-21T17:23:53.584+0000] {dagbag.py:538} INFO - Filling up the DagBag from /home/airflow/.local/lib/python3.8/site-packages/airflow/example_dags/tutorial_taskflow_api.py
[2025-09-21T17:23:53.600+0000] {processor.py:840} INFO - DAG(s) 'tutorial_taskflow_api' retrieved from /home/airflow/.local/lib/python3.8/site-packages/airflow/example_dags/tutorial_taskflow_api.py
[2025-09-21T17:23:53.641+0000] {logging_mixin.py:188} INFO - [2025-09-21T17:23:53.641+0000] {dag.py:3036} INFO - Sync 1 DAGs
[2025-09-21T17:23:53.676+0000] {logging_mixin.py:188} INFO - [2025-09-21T17:23:53.675+0000] {dag.py:3823} INFO - Setting next_dagrun for tutorial_taskflow_api to None, run_after=None
[2025-09-21T17:23:53.711+0000] {processor.py:183} INFO - Processing /home/airflow/.local/lib/python3.8/site-packages/airflow/example_dags/tutorial_taskflow_api.py took 0.143 seconds
[2025-09-21T17:24:24.079+0000] {processor.py:161} INFO - Started process (PID=12092) to work on /home/airflow/.local/lib/python3.8/site-packages/airflow/example_dags/tutorial_taskflow_api.py
[2025-09-21T17:24:24.081+0000] {processor.py:830} INFO - Processing file /home/airflow/.local/lib/python3.8/site-packages/airflow/example_dags/tutorial_taskflow_api.py for tasks to queue
[2025-09-21T17:24:24.086+0000] {logging_mixin.py:188} INFO - [2025-09-21T17:24:24.084+0000] {dagbag.py:538} INFO - Filling up the DagBag from /home/airflow/.local/lib/python3.8/site-packages/airflow/example_dags/tutorial_taskflow_api.py
[2025-09-21T17:24:24.098+0000] {processor.py:840} INFO - DAG(s) 'tutorial_taskflow_api' retrieved from /home/airflow/.local/lib/python3.8/site-packages/airflow/example_dags/tutorial_taskflow_api.py
[2025-09-21T17:24:24.134+0000] {logging_mixin.py:188} INFO - [2025-09-21T17:24:24.133+0000] {dag.py:3036} INFO - Sync 1 DAGs
[2025-09-21T17:24:24.159+0000] {logging_mixin.py:188} INFO - [2025-09-21T17:24:24.159+0000] {dag.py:3823} INFO - Setting next_dagrun for tutorial_taskflow_api to None, run_after=None
[2025-09-21T17:24:24.202+0000] {processor.py:183} INFO - Processing /home/airflow/.local/lib/python3.8/site-packages/airflow/example_dags/tutorial_taskflow_api.py took 0.129 seconds
[2025-09-21T17:24:54.492+0000] {processor.py:161} INFO - Started process (PID=12150) to work on /home/airflow/.local/lib/python3.8/site-packages/airflow/example_dags/tutorial_taskflow_api.py
[2025-09-21T17:24:54.495+0000] {processor.py:830} INFO - Processing file /home/airflow/.local/lib/python3.8/site-packages/airflow/example_dags/tutorial_taskflow_api.py for tasks to queue
[2025-09-21T17:24:54.498+0000] {logging_mixin.py:188} INFO - [2025-09-21T17:24:54.498+0000] {dagbag.py:538} INFO - Filling up the DagBag from /home/airflow/.local/lib/python3.8/site-packages/airflow/example_dags/tutorial_taskflow_api.py
[2025-09-21T17:24:54.511+0000] {processor.py:840} INFO - DAG(s) 'tutorial_taskflow_api' retrieved from /home/airflow/.local/lib/python3.8/site-packages/airflow/example_dags/tutorial_taskflow_api.py
[2025-09-21T17:24:54.552+0000] {logging_mixin.py:188} INFO - [2025-09-21T17:24:54.552+0000] {dag.py:3036} INFO - Sync 1 DAGs
[2025-09-21T17:24:54.576+0000] {logging_mixin.py:188} INFO - [2025-09-21T17:24:54.575+0000] {dag.py:3823} INFO - Setting next_dagrun for tutorial_taskflow_api to None, run_after=None
[2025-09-21T17:24:54.636+0000] {processor.py:183} INFO - Processing /home/airflow/.local/lib/python3.8/site-packages/airflow/example_dags/tutorial_taskflow_api.py took 0.149 seconds
[2025-09-21T17:25:25.741+0000] {processor.py:161} INFO - Started process (PID=12208) to work on /home/airflow/.local/lib/python3.8/site-packages/airflow/example_dags/tutorial_taskflow_api.py
[2025-09-21T17:25:25.743+0000] {processor.py:830} INFO - Processing file /home/airflow/.local/lib/python3.8/site-packages/airflow/example_dags/tutorial_taskflow_api.py for tasks to queue
[2025-09-21T17:25:25.748+0000] {logging_mixin.py:188} INFO - [2025-09-21T17:25:25.747+0000] {dagbag.py:538} INFO - Filling up the DagBag from /home/airflow/.local/lib/python3.8/site-packages/airflow/example_dags/tutorial_taskflow_api.py
[2025-09-21T17:25:25.763+0000] {processor.py:840} INFO - DAG(s) 'tutorial_taskflow_api' retrieved from /home/airflow/.local/lib/python3.8/site-packages/airflow/example_dags/tutorial_taskflow_api.py
[2025-09-21T17:25:25.809+0000] {logging_mixin.py:188} INFO - [2025-09-21T17:25:25.808+0000] {dag.py:3036} INFO - Sync 1 DAGs
[2025-09-21T17:25:25.838+0000] {logging_mixin.py:188} INFO - [2025-09-21T17:25:25.837+0000] {dag.py:3823} INFO - Setting next_dagrun for tutorial_taskflow_api to None, run_after=None
[2025-09-21T17:25:25.936+0000] {processor.py:183} INFO - Processing /home/airflow/.local/lib/python3.8/site-packages/airflow/example_dags/tutorial_taskflow_api.py took 0.204 seconds
[2025-09-21T17:25:56.324+0000] {processor.py:161} INFO - Started process (PID=12266) to work on /home/airflow/.local/lib/python3.8/site-packages/airflow/example_dags/tutorial_taskflow_api.py
[2025-09-21T17:25:56.326+0000] {processor.py:830} INFO - Processing file /home/airflow/.local/lib/python3.8/site-packages/airflow/example_dags/tutorial_taskflow_api.py for tasks to queue
[2025-09-21T17:25:56.330+0000] {logging_mixin.py:188} INFO - [2025-09-21T17:25:56.329+0000] {dagbag.py:538} INFO - Filling up the DagBag from /home/airflow/.local/lib/python3.8/site-packages/airflow/example_dags/tutorial_taskflow_api.py
[2025-09-21T17:25:56.343+0000] {processor.py:840} INFO - DAG(s) 'tutorial_taskflow_api' retrieved from /home/airflow/.local/lib/python3.8/site-packages/airflow/example_dags/tutorial_taskflow_api.py
[2025-09-21T17:25:56.382+0000] {logging_mixin.py:188} INFO - [2025-09-21T17:25:56.382+0000] {dag.py:3036} INFO - Sync 1 DAGs
[2025-09-21T17:25:56.407+0000] {logging_mixin.py:188} INFO - [2025-09-21T17:25:56.406+0000] {dag.py:3823} INFO - Setting next_dagrun for tutorial_taskflow_api to None, run_after=None
[2025-09-21T17:25:56.449+0000] {processor.py:183} INFO - Processing /home/airflow/.local/lib/python3.8/site-packages/airflow/example_dags/tutorial_taskflow_api.py took 0.132 seconds
[2025-09-21T17:26:27.190+0000] {processor.py:161} INFO - Started process (PID=12330) to work on /home/airflow/.local/lib/python3.8/site-packages/airflow/example_dags/tutorial_taskflow_api.py
[2025-09-21T17:26:27.192+0000] {processor.py:830} INFO - Processing file /home/airflow/.local/lib/python3.8/site-packages/airflow/example_dags/tutorial_taskflow_api.py for tasks to queue
[2025-09-21T17:26:27.196+0000] {logging_mixin.py:188} INFO - [2025-09-21T17:26:27.195+0000] {dagbag.py:538} INFO - Filling up the DagBag from /home/airflow/.local/lib/python3.8/site-packages/airflow/example_dags/tutorial_taskflow_api.py
[2025-09-21T17:26:27.212+0000] {processor.py:840} INFO - DAG(s) 'tutorial_taskflow_api' retrieved from /home/airflow/.local/lib/python3.8/site-packages/airflow/example_dags/tutorial_taskflow_api.py
[2025-09-21T17:26:27.251+0000] {logging_mixin.py:188} INFO - [2025-09-21T17:26:27.250+0000] {dag.py:3036} INFO - Sync 1 DAGs
[2025-09-21T17:26:27.275+0000] {logging_mixin.py:188} INFO - [2025-09-21T17:26:27.274+0000] {dag.py:3823} INFO - Setting next_dagrun for tutorial_taskflow_api to None, run_after=None
[2025-09-21T17:26:27.316+0000] {processor.py:183} INFO - Processing /home/airflow/.local/lib/python3.8/site-packages/airflow/example_dags/tutorial_taskflow_api.py took 0.132 seconds
[2025-09-21T17:26:57.495+0000] {processor.py:161} INFO - Started process (PID=12388) to work on /home/airflow/.local/lib/python3.8/site-packages/airflow/example_dags/tutorial_taskflow_api.py
[2025-09-21T17:26:57.497+0000] {processor.py:830} INFO - Processing file /home/airflow/.local/lib/python3.8/site-packages/airflow/example_dags/tutorial_taskflow_api.py for tasks to queue
[2025-09-21T17:26:57.501+0000] {logging_mixin.py:188} INFO - [2025-09-21T17:26:57.501+0000] {dagbag.py:538} INFO - Filling up the DagBag from /home/airflow/.local/lib/python3.8/site-packages/airflow/example_dags/tutorial_taskflow_api.py
[2025-09-21T17:26:57.514+0000] {processor.py:840} INFO - DAG(s) 'tutorial_taskflow_api' retrieved from /home/airflow/.local/lib/python3.8/site-packages/airflow/example_dags/tutorial_taskflow_api.py
[2025-09-21T17:26:57.555+0000] {logging_mixin.py:188} INFO - [2025-09-21T17:26:57.554+0000] {dag.py:3036} INFO - Sync 1 DAGs
[2025-09-21T17:26:57.585+0000] {logging_mixin.py:188} INFO - [2025-09-21T17:26:57.585+0000] {dag.py:3823} INFO - Setting next_dagrun for tutorial_taskflow_api to None, run_after=None
[2025-09-21T17:26:57.628+0000] {processor.py:183} INFO - Processing /home/airflow/.local/lib/python3.8/site-packages/airflow/example_dags/tutorial_taskflow_api.py took 0.140 seconds
[2025-09-21T17:27:28.734+0000] {processor.py:161} INFO - Started process (PID=12447) to work on /home/airflow/.local/lib/python3.8/site-packages/airflow/example_dags/tutorial_taskflow_api.py
[2025-09-21T17:27:28.738+0000] {processor.py:830} INFO - Processing file /home/airflow/.local/lib/python3.8/site-packages/airflow/example_dags/tutorial_taskflow_api.py for tasks to queue
[2025-09-21T17:27:28.742+0000] {logging_mixin.py:188} INFO - [2025-09-21T17:27:28.741+0000] {dagbag.py:538} INFO - Filling up the DagBag from /home/airflow/.local/lib/python3.8/site-packages/airflow/example_dags/tutorial_taskflow_api.py
[2025-09-21T17:27:28.761+0000] {processor.py:840} INFO - DAG(s) 'tutorial_taskflow_api' retrieved from /home/airflow/.local/lib/python3.8/site-packages/airflow/example_dags/tutorial_taskflow_api.py
[2025-09-21T17:27:28.797+0000] {logging_mixin.py:188} INFO - [2025-09-21T17:27:28.797+0000] {dag.py:3036} INFO - Sync 1 DAGs
[2025-09-21T17:27:28.821+0000] {logging_mixin.py:188} INFO - [2025-09-21T17:27:28.821+0000] {dag.py:3823} INFO - Setting next_dagrun for tutorial_taskflow_api to None, run_after=None
[2025-09-21T17:27:28.863+0000] {processor.py:183} INFO - Processing /home/airflow/.local/lib/python3.8/site-packages/airflow/example_dags/tutorial_taskflow_api.py took 0.136 seconds
[2025-09-21T17:27:59.182+0000] {processor.py:161} INFO - Started process (PID=12505) to work on /home/airflow/.local/lib/python3.8/site-packages/airflow/example_dags/tutorial_taskflow_api.py
[2025-09-21T17:27:59.184+0000] {processor.py:830} INFO - Processing file /home/airflow/.local/lib/python3.8/site-packages/airflow/example_dags/tutorial_taskflow_api.py for tasks to queue
[2025-09-21T17:27:59.189+0000] {logging_mixin.py:188} INFO - [2025-09-21T17:27:59.188+0000] {dagbag.py:538} INFO - Filling up the DagBag from /home/airflow/.local/lib/python3.8/site-packages/airflow/example_dags/tutorial_taskflow_api.py
[2025-09-21T17:27:59.201+0000] {processor.py:840} INFO - DAG(s) 'tutorial_taskflow_api' retrieved from /home/airflow/.local/lib/python3.8/site-packages/airflow/example_dags/tutorial_taskflow_api.py
[2025-09-21T17:27:59.237+0000] {logging_mixin.py:188} INFO - [2025-09-21T17:27:59.237+0000] {dag.py:3036} INFO - Sync 1 DAGs
[2025-09-21T17:27:59.262+0000] {logging_mixin.py:188} INFO - [2025-09-21T17:27:59.262+0000] {dag.py:3823} INFO - Setting next_dagrun for tutorial_taskflow_api to None, run_after=None
[2025-09-21T17:27:59.297+0000] {processor.py:183} INFO - Processing /home/airflow/.local/lib/python3.8/site-packages/airflow/example_dags/tutorial_taskflow_api.py took 0.121 seconds
[2025-09-21T17:28:29.389+0000] {processor.py:161} INFO - Started process (PID=12563) to work on /home/airflow/.local/lib/python3.8/site-packages/airflow/example_dags/tutorial_taskflow_api.py
[2025-09-21T17:28:29.391+0000] {processor.py:830} INFO - Processing file /home/airflow/.local/lib/python3.8/site-packages/airflow/example_dags/tutorial_taskflow_api.py for tasks to queue
[2025-09-21T17:28:29.395+0000] {logging_mixin.py:188} INFO - [2025-09-21T17:28:29.394+0000] {dagbag.py:538} INFO - Filling up the DagBag from /home/airflow/.local/lib/python3.8/site-packages/airflow/example_dags/tutorial_taskflow_api.py
[2025-09-21T17:28:29.407+0000] {processor.py:840} INFO - DAG(s) 'tutorial_taskflow_api' retrieved from /home/airflow/.local/lib/python3.8/site-packages/airflow/example_dags/tutorial_taskflow_api.py
[2025-09-21T17:28:29.442+0000] {logging_mixin.py:188} INFO - [2025-09-21T17:28:29.442+0000] {dag.py:3036} INFO - Sync 1 DAGs
[2025-09-21T17:28:29.468+0000] {logging_mixin.py:188} INFO - [2025-09-21T17:28:29.467+0000] {dag.py:3823} INFO - Setting next_dagrun for tutorial_taskflow_api to None, run_after=None
[2025-09-21T17:28:29.511+0000] {processor.py:183} INFO - Processing /home/airflow/.local/lib/python3.8/site-packages/airflow/example_dags/tutorial_taskflow_api.py took 0.127 seconds
[2025-09-21T17:28:59.711+0000] {processor.py:161} INFO - Started process (PID=12621) to work on /home/airflow/.local/lib/python3.8/site-packages/airflow/example_dags/tutorial_taskflow_api.py
[2025-09-21T17:28:59.713+0000] {processor.py:830} INFO - Processing file /home/airflow/.local/lib/python3.8/site-packages/airflow/example_dags/tutorial_taskflow_api.py for tasks to queue
[2025-09-21T17:28:59.716+0000] {logging_mixin.py:188} INFO - [2025-09-21T17:28:59.716+0000] {dagbag.py:538} INFO - Filling up the DagBag from /home/airflow/.local/lib/python3.8/site-packages/airflow/example_dags/tutorial_taskflow_api.py
[2025-09-21T17:28:59.728+0000] {processor.py:840} INFO - DAG(s) 'tutorial_taskflow_api' retrieved from /home/airflow/.local/lib/python3.8/site-packages/airflow/example_dags/tutorial_taskflow_api.py
[2025-09-21T17:28:59.765+0000] {logging_mixin.py:188} INFO - [2025-09-21T17:28:59.765+0000] {dag.py:3036} INFO - Sync 1 DAGs
[2025-09-21T17:28:59.790+0000] {logging_mixin.py:188} INFO - [2025-09-21T17:28:59.790+0000] {dag.py:3823} INFO - Setting next_dagrun for tutorial_taskflow_api to None, run_after=None
[2025-09-21T17:28:59.831+0000] {processor.py:183} INFO - Processing /home/airflow/.local/lib/python3.8/site-packages/airflow/example_dags/tutorial_taskflow_api.py took 0.126 seconds
[2025-09-21T17:29:30.871+0000] {processor.py:161} INFO - Started process (PID=12679) to work on /home/airflow/.local/lib/python3.8/site-packages/airflow/example_dags/tutorial_taskflow_api.py
[2025-09-21T17:29:30.873+0000] {processor.py:830} INFO - Processing file /home/airflow/.local/lib/python3.8/site-packages/airflow/example_dags/tutorial_taskflow_api.py for tasks to queue
[2025-09-21T17:29:30.878+0000] {logging_mixin.py:188} INFO - [2025-09-21T17:29:30.877+0000] {dagbag.py:538} INFO - Filling up the DagBag from /home/airflow/.local/lib/python3.8/site-packages/airflow/example_dags/tutorial_taskflow_api.py
[2025-09-21T17:29:30.890+0000] {processor.py:840} INFO - DAG(s) 'tutorial_taskflow_api' retrieved from /home/airflow/.local/lib/python3.8/site-packages/airflow/example_dags/tutorial_taskflow_api.py
[2025-09-21T17:29:30.926+0000] {logging_mixin.py:188} INFO - [2025-09-21T17:29:30.926+0000] {dag.py:3036} INFO - Sync 1 DAGs
[2025-09-21T17:29:30.950+0000] {logging_mixin.py:188} INFO - [2025-09-21T17:29:30.949+0000] {dag.py:3823} INFO - Setting next_dagrun for tutorial_taskflow_api to None, run_after=None
[2025-09-21T17:29:30.984+0000] {processor.py:183} INFO - Processing /home/airflow/.local/lib/python3.8/site-packages/airflow/example_dags/tutorial_taskflow_api.py took 0.120 seconds
[2025-09-21T17:30:01.607+0000] {processor.py:161} INFO - Started process (PID=12737) to work on /home/airflow/.local/lib/python3.8/site-packages/airflow/example_dags/tutorial_taskflow_api.py
[2025-09-21T17:30:01.613+0000] {processor.py:830} INFO - Processing file /home/airflow/.local/lib/python3.8/site-packages/airflow/example_dags/tutorial_taskflow_api.py for tasks to queue
[2025-09-21T17:30:01.629+0000] {logging_mixin.py:188} INFO - [2025-09-21T17:30:01.624+0000] {dagbag.py:538} INFO - Filling up the DagBag from /home/airflow/.local/lib/python3.8/site-packages/airflow/example_dags/tutorial_taskflow_api.py
[2025-09-21T17:30:01.649+0000] {processor.py:840} INFO - DAG(s) 'tutorial_taskflow_api' retrieved from /home/airflow/.local/lib/python3.8/site-packages/airflow/example_dags/tutorial_taskflow_api.py
[2025-09-21T17:30:01.704+0000] {logging_mixin.py:188} INFO - [2025-09-21T17:30:01.703+0000] {dag.py:3036} INFO - Sync 1 DAGs
[2025-09-21T17:30:01.737+0000] {logging_mixin.py:188} INFO - [2025-09-21T17:30:01.736+0000] {dag.py:3823} INFO - Setting next_dagrun for tutorial_taskflow_api to None, run_after=None
[2025-09-21T17:30:01.789+0000] {processor.py:183} INFO - Processing /home/airflow/.local/lib/python3.8/site-packages/airflow/example_dags/tutorial_taskflow_api.py took 0.195 seconds
[2025-09-21T17:30:32.079+0000] {processor.py:161} INFO - Started process (PID=12795) to work on /home/airflow/.local/lib/python3.8/site-packages/airflow/example_dags/tutorial_taskflow_api.py
[2025-09-21T17:30:32.081+0000] {processor.py:830} INFO - Processing file /home/airflow/.local/lib/python3.8/site-packages/airflow/example_dags/tutorial_taskflow_api.py for tasks to queue
[2025-09-21T17:30:32.085+0000] {logging_mixin.py:188} INFO - [2025-09-21T17:30:32.084+0000] {dagbag.py:538} INFO - Filling up the DagBag from /home/airflow/.local/lib/python3.8/site-packages/airflow/example_dags/tutorial_taskflow_api.py
[2025-09-21T17:30:32.099+0000] {processor.py:840} INFO - DAG(s) 'tutorial_taskflow_api' retrieved from /home/airflow/.local/lib/python3.8/site-packages/airflow/example_dags/tutorial_taskflow_api.py
[2025-09-21T17:30:32.137+0000] {logging_mixin.py:188} INFO - [2025-09-21T17:30:32.136+0000] {dag.py:3036} INFO - Sync 1 DAGs
[2025-09-21T17:30:32.161+0000] {logging_mixin.py:188} INFO - [2025-09-21T17:30:32.160+0000] {dag.py:3823} INFO - Setting next_dagrun for tutorial_taskflow_api to None, run_after=None
[2025-09-21T17:30:32.197+0000] {processor.py:183} INFO - Processing /home/airflow/.local/lib/python3.8/site-packages/airflow/example_dags/tutorial_taskflow_api.py took 0.123 seconds
[2025-09-21T17:31:03.311+0000] {processor.py:161} INFO - Started process (PID=12853) to work on /home/airflow/.local/lib/python3.8/site-packages/airflow/example_dags/tutorial_taskflow_api.py
[2025-09-21T17:31:03.313+0000] {processor.py:830} INFO - Processing file /home/airflow/.local/lib/python3.8/site-packages/airflow/example_dags/tutorial_taskflow_api.py for tasks to queue
[2025-09-21T17:31:03.317+0000] {logging_mixin.py:188} INFO - [2025-09-21T17:31:03.316+0000] {dagbag.py:538} INFO - Filling up the DagBag from /home/airflow/.local/lib/python3.8/site-packages/airflow/example_dags/tutorial_taskflow_api.py
[2025-09-21T17:31:03.334+0000] {processor.py:840} INFO - DAG(s) 'tutorial_taskflow_api' retrieved from /home/airflow/.local/lib/python3.8/site-packages/airflow/example_dags/tutorial_taskflow_api.py
[2025-09-21T17:31:03.381+0000] {logging_mixin.py:188} INFO - [2025-09-21T17:31:03.381+0000] {dag.py:3036} INFO - Sync 1 DAGs
[2025-09-21T17:31:03.406+0000] {logging_mixin.py:188} INFO - [2025-09-21T17:31:03.405+0000] {dag.py:3823} INFO - Setting next_dagrun for tutorial_taskflow_api to None, run_after=None
[2025-09-21T17:31:03.444+0000] {processor.py:183} INFO - Processing /home/airflow/.local/lib/python3.8/site-packages/airflow/example_dags/tutorial_taskflow_api.py took 0.139 seconds
[2025-09-21T17:31:34.380+0000] {processor.py:161} INFO - Started process (PID=12911) to work on /home/airflow/.local/lib/python3.8/site-packages/airflow/example_dags/tutorial_taskflow_api.py
[2025-09-21T17:31:34.382+0000] {processor.py:830} INFO - Processing file /home/airflow/.local/lib/python3.8/site-packages/airflow/example_dags/tutorial_taskflow_api.py for tasks to queue
[2025-09-21T17:31:34.385+0000] {logging_mixin.py:188} INFO - [2025-09-21T17:31:34.384+0000] {dagbag.py:538} INFO - Filling up the DagBag from /home/airflow/.local/lib/python3.8/site-packages/airflow/example_dags/tutorial_taskflow_api.py
[2025-09-21T17:31:34.400+0000] {processor.py:840} INFO - DAG(s) 'tutorial_taskflow_api' retrieved from /home/airflow/.local/lib/python3.8/site-packages/airflow/example_dags/tutorial_taskflow_api.py
[2025-09-21T17:31:34.435+0000] {logging_mixin.py:188} INFO - [2025-09-21T17:31:34.435+0000] {dag.py:3036} INFO - Sync 1 DAGs
[2025-09-21T17:31:34.459+0000] {logging_mixin.py:188} INFO - [2025-09-21T17:31:34.458+0000] {dag.py:3823} INFO - Setting next_dagrun for tutorial_taskflow_api to None, run_after=None
[2025-09-21T17:31:34.501+0000] {processor.py:183} INFO - Processing /home/airflow/.local/lib/python3.8/site-packages/airflow/example_dags/tutorial_taskflow_api.py took 0.127 seconds
[2025-09-21T17:32:04.748+0000] {processor.py:161} INFO - Started process (PID=12969) to work on /home/airflow/.local/lib/python3.8/site-packages/airflow/example_dags/tutorial_taskflow_api.py
[2025-09-21T17:32:04.750+0000] {processor.py:830} INFO - Processing file /home/airflow/.local/lib/python3.8/site-packages/airflow/example_dags/tutorial_taskflow_api.py for tasks to queue
[2025-09-21T17:32:04.753+0000] {logging_mixin.py:188} INFO - [2025-09-21T17:32:04.753+0000] {dagbag.py:538} INFO - Filling up the DagBag from /home/airflow/.local/lib/python3.8/site-packages/airflow/example_dags/tutorial_taskflow_api.py
[2025-09-21T17:32:04.769+0000] {processor.py:840} INFO - DAG(s) 'tutorial_taskflow_api' retrieved from /home/airflow/.local/lib/python3.8/site-packages/airflow/example_dags/tutorial_taskflow_api.py
[2025-09-21T17:32:04.803+0000] {logging_mixin.py:188} INFO - [2025-09-21T17:32:04.803+0000] {dag.py:3036} INFO - Sync 1 DAGs
[2025-09-21T17:32:04.829+0000] {logging_mixin.py:188} INFO - [2025-09-21T17:32:04.829+0000] {dag.py:3823} INFO - Setting next_dagrun for tutorial_taskflow_api to None, run_after=None
[2025-09-21T17:32:04.865+0000] {processor.py:183} INFO - Processing /home/airflow/.local/lib/python3.8/site-packages/airflow/example_dags/tutorial_taskflow_api.py took 0.123 seconds
[2025-09-21T17:32:35.123+0000] {processor.py:161} INFO - Started process (PID=13025) to work on /home/airflow/.local/lib/python3.8/site-packages/airflow/example_dags/tutorial_taskflow_api.py
[2025-09-21T17:32:35.125+0000] {processor.py:830} INFO - Processing file /home/airflow/.local/lib/python3.8/site-packages/airflow/example_dags/tutorial_taskflow_api.py for tasks to queue
[2025-09-21T17:32:35.128+0000] {logging_mixin.py:188} INFO - [2025-09-21T17:32:35.128+0000] {dagbag.py:538} INFO - Filling up the DagBag from /home/airflow/.local/lib/python3.8/site-packages/airflow/example_dags/tutorial_taskflow_api.py
[2025-09-21T17:32:35.140+0000] {processor.py:840} INFO - DAG(s) 'tutorial_taskflow_api' retrieved from /home/airflow/.local/lib/python3.8/site-packages/airflow/example_dags/tutorial_taskflow_api.py
[2025-09-21T17:32:35.176+0000] {logging_mixin.py:188} INFO - [2025-09-21T17:32:35.176+0000] {dag.py:3036} INFO - Sync 1 DAGs
[2025-09-21T17:32:35.200+0000] {logging_mixin.py:188} INFO - [2025-09-21T17:32:35.200+0000] {dag.py:3823} INFO - Setting next_dagrun for tutorial_taskflow_api to None, run_after=None
[2025-09-21T17:32:35.241+0000] {processor.py:183} INFO - Processing /home/airflow/.local/lib/python3.8/site-packages/airflow/example_dags/tutorial_taskflow_api.py took 0.125 seconds
[2025-09-21T17:33:05.461+0000] {processor.py:161} INFO - Started process (PID=13083) to work on /home/airflow/.local/lib/python3.8/site-packages/airflow/example_dags/tutorial_taskflow_api.py
[2025-09-21T17:33:05.463+0000] {processor.py:830} INFO - Processing file /home/airflow/.local/lib/python3.8/site-packages/airflow/example_dags/tutorial_taskflow_api.py for tasks to queue
[2025-09-21T17:33:05.467+0000] {logging_mixin.py:188} INFO - [2025-09-21T17:33:05.466+0000] {dagbag.py:538} INFO - Filling up the DagBag from /home/airflow/.local/lib/python3.8/site-packages/airflow/example_dags/tutorial_taskflow_api.py
[2025-09-21T17:33:05.480+0000] {processor.py:840} INFO - DAG(s) 'tutorial_taskflow_api' retrieved from /home/airflow/.local/lib/python3.8/site-packages/airflow/example_dags/tutorial_taskflow_api.py
[2025-09-21T17:33:05.517+0000] {logging_mixin.py:188} INFO - [2025-09-21T17:33:05.517+0000] {dag.py:3036} INFO - Sync 1 DAGs
[2025-09-21T17:33:05.542+0000] {logging_mixin.py:188} INFO - [2025-09-21T17:33:05.541+0000] {dag.py:3823} INFO - Setting next_dagrun for tutorial_taskflow_api to None, run_after=None
[2025-09-21T17:33:05.583+0000] {processor.py:183} INFO - Processing /home/airflow/.local/lib/python3.8/site-packages/airflow/example_dags/tutorial_taskflow_api.py took 0.129 seconds
[2025-09-21T17:33:36.254+0000] {processor.py:161} INFO - Started process (PID=13141) to work on /home/airflow/.local/lib/python3.8/site-packages/airflow/example_dags/tutorial_taskflow_api.py
[2025-09-21T17:33:36.256+0000] {processor.py:830} INFO - Processing file /home/airflow/.local/lib/python3.8/site-packages/airflow/example_dags/tutorial_taskflow_api.py for tasks to queue
[2025-09-21T17:33:36.259+0000] {logging_mixin.py:188} INFO - [2025-09-21T17:33:36.259+0000] {dagbag.py:538} INFO - Filling up the DagBag from /home/airflow/.local/lib/python3.8/site-packages/airflow/example_dags/tutorial_taskflow_api.py
[2025-09-21T17:33:36.272+0000] {processor.py:840} INFO - DAG(s) 'tutorial_taskflow_api' retrieved from /home/airflow/.local/lib/python3.8/site-packages/airflow/example_dags/tutorial_taskflow_api.py
[2025-09-21T17:33:36.308+0000] {logging_mixin.py:188} INFO - [2025-09-21T17:33:36.308+0000] {dag.py:3036} INFO - Sync 1 DAGs
[2025-09-21T17:33:36.333+0000] {logging_mixin.py:188} INFO - [2025-09-21T17:33:36.333+0000] {dag.py:3823} INFO - Setting next_dagrun for tutorial_taskflow_api to None, run_after=None
[2025-09-21T17:33:36.373+0000] {processor.py:183} INFO - Processing /home/airflow/.local/lib/python3.8/site-packages/airflow/example_dags/tutorial_taskflow_api.py took 0.128 seconds
[2025-09-21T17:34:06.865+0000] {processor.py:161} INFO - Started process (PID=13199) to work on /home/airflow/.local/lib/python3.8/site-packages/airflow/example_dags/tutorial_taskflow_api.py
[2025-09-21T17:34:06.867+0000] {processor.py:830} INFO - Processing file /home/airflow/.local/lib/python3.8/site-packages/airflow/example_dags/tutorial_taskflow_api.py for tasks to queue
[2025-09-21T17:34:06.871+0000] {logging_mixin.py:188} INFO - [2025-09-21T17:34:06.870+0000] {dagbag.py:538} INFO - Filling up the DagBag from /home/airflow/.local/lib/python3.8/site-packages/airflow/example_dags/tutorial_taskflow_api.py
[2025-09-21T17:34:06.891+0000] {processor.py:840} INFO - DAG(s) 'tutorial_taskflow_api' retrieved from /home/airflow/.local/lib/python3.8/site-packages/airflow/example_dags/tutorial_taskflow_api.py
[2025-09-21T17:34:06.933+0000] {logging_mixin.py:188} INFO - [2025-09-21T17:34:06.933+0000] {dag.py:3036} INFO - Sync 1 DAGs
[2025-09-21T17:34:06.959+0000] {logging_mixin.py:188} INFO - [2025-09-21T17:34:06.959+0000] {dag.py:3823} INFO - Setting next_dagrun for tutorial_taskflow_api to None, run_after=None
[2025-09-21T17:34:07.016+0000] {processor.py:183} INFO - Processing /home/airflow/.local/lib/python3.8/site-packages/airflow/example_dags/tutorial_taskflow_api.py took 0.162 seconds
[2025-09-21T17:34:37.575+0000] {processor.py:161} INFO - Started process (PID=13258) to work on /home/airflow/.local/lib/python3.8/site-packages/airflow/example_dags/tutorial_taskflow_api.py
[2025-09-21T17:34:37.576+0000] {processor.py:830} INFO - Processing file /home/airflow/.local/lib/python3.8/site-packages/airflow/example_dags/tutorial_taskflow_api.py for tasks to queue
[2025-09-21T17:34:37.580+0000] {logging_mixin.py:188} INFO - [2025-09-21T17:34:37.579+0000] {dagbag.py:538} INFO - Filling up the DagBag from /home/airflow/.local/lib/python3.8/site-packages/airflow/example_dags/tutorial_taskflow_api.py
[2025-09-21T17:34:37.592+0000] {processor.py:840} INFO - DAG(s) 'tutorial_taskflow_api' retrieved from /home/airflow/.local/lib/python3.8/site-packages/airflow/example_dags/tutorial_taskflow_api.py
[2025-09-21T17:34:37.628+0000] {logging_mixin.py:188} INFO - [2025-09-21T17:34:37.627+0000] {dag.py:3036} INFO - Sync 1 DAGs
[2025-09-21T17:34:37.652+0000] {logging_mixin.py:188} INFO - [2025-09-21T17:34:37.651+0000] {dag.py:3823} INFO - Setting next_dagrun for tutorial_taskflow_api to None, run_after=None
[2025-09-21T17:34:37.690+0000] {processor.py:183} INFO - Processing /home/airflow/.local/lib/python3.8/site-packages/airflow/example_dags/tutorial_taskflow_api.py took 0.121 seconds
[2025-09-21T17:35:08.531+0000] {processor.py:161} INFO - Started process (PID=13316) to work on /home/airflow/.local/lib/python3.8/site-packages/airflow/example_dags/tutorial_taskflow_api.py
[2025-09-21T17:35:08.533+0000] {processor.py:830} INFO - Processing file /home/airflow/.local/lib/python3.8/site-packages/airflow/example_dags/tutorial_taskflow_api.py for tasks to queue
[2025-09-21T17:35:08.536+0000] {logging_mixin.py:188} INFO - [2025-09-21T17:35:08.535+0000] {dagbag.py:538} INFO - Filling up the DagBag from /home/airflow/.local/lib/python3.8/site-packages/airflow/example_dags/tutorial_taskflow_api.py
[2025-09-21T17:35:08.548+0000] {processor.py:840} INFO - DAG(s) 'tutorial_taskflow_api' retrieved from /home/airflow/.local/lib/python3.8/site-packages/airflow/example_dags/tutorial_taskflow_api.py
[2025-09-21T17:35:08.586+0000] {logging_mixin.py:188} INFO - [2025-09-21T17:35:08.585+0000] {dag.py:3036} INFO - Sync 1 DAGs
[2025-09-21T17:35:08.609+0000] {logging_mixin.py:188} INFO - [2025-09-21T17:35:08.609+0000] {dag.py:3823} INFO - Setting next_dagrun for tutorial_taskflow_api to None, run_after=None
[2025-09-21T17:35:08.650+0000] {processor.py:183} INFO - Processing /home/airflow/.local/lib/python3.8/site-packages/airflow/example_dags/tutorial_taskflow_api.py took 0.126 seconds
[2025-09-21T17:35:39.222+0000] {processor.py:161} INFO - Started process (PID=13373) to work on /home/airflow/.local/lib/python3.8/site-packages/airflow/example_dags/tutorial_taskflow_api.py
[2025-09-21T17:35:39.224+0000] {processor.py:830} INFO - Processing file /home/airflow/.local/lib/python3.8/site-packages/airflow/example_dags/tutorial_taskflow_api.py for tasks to queue
[2025-09-21T17:35:39.228+0000] {logging_mixin.py:188} INFO - [2025-09-21T17:35:39.228+0000] {dagbag.py:538} INFO - Filling up the DagBag from /home/airflow/.local/lib/python3.8/site-packages/airflow/example_dags/tutorial_taskflow_api.py
[2025-09-21T17:35:39.243+0000] {processor.py:840} INFO - DAG(s) 'tutorial_taskflow_api' retrieved from /home/airflow/.local/lib/python3.8/site-packages/airflow/example_dags/tutorial_taskflow_api.py
[2025-09-21T17:35:39.281+0000] {logging_mixin.py:188} INFO - [2025-09-21T17:35:39.280+0000] {dag.py:3036} INFO - Sync 1 DAGs
[2025-09-21T17:35:39.304+0000] {logging_mixin.py:188} INFO - [2025-09-21T17:35:39.304+0000] {dag.py:3823} INFO - Setting next_dagrun for tutorial_taskflow_api to None, run_after=None
[2025-09-21T17:35:39.345+0000] {processor.py:183} INFO - Processing /home/airflow/.local/lib/python3.8/site-packages/airflow/example_dags/tutorial_taskflow_api.py took 0.130 seconds
[2025-09-21T17:36:09.491+0000] {processor.py:161} INFO - Started process (PID=13431) to work on /home/airflow/.local/lib/python3.8/site-packages/airflow/example_dags/tutorial_taskflow_api.py
[2025-09-21T17:36:09.493+0000] {processor.py:830} INFO - Processing file /home/airflow/.local/lib/python3.8/site-packages/airflow/example_dags/tutorial_taskflow_api.py for tasks to queue
[2025-09-21T17:36:09.496+0000] {logging_mixin.py:188} INFO - [2025-09-21T17:36:09.495+0000] {dagbag.py:538} INFO - Filling up the DagBag from /home/airflow/.local/lib/python3.8/site-packages/airflow/example_dags/tutorial_taskflow_api.py
[2025-09-21T17:36:09.510+0000] {processor.py:840} INFO - DAG(s) 'tutorial_taskflow_api' retrieved from /home/airflow/.local/lib/python3.8/site-packages/airflow/example_dags/tutorial_taskflow_api.py
[2025-09-21T17:36:09.548+0000] {logging_mixin.py:188} INFO - [2025-09-21T17:36:09.547+0000] {dag.py:3036} INFO - Sync 1 DAGs
[2025-09-21T17:36:09.571+0000] {logging_mixin.py:188} INFO - [2025-09-21T17:36:09.571+0000] {dag.py:3823} INFO - Setting next_dagrun for tutorial_taskflow_api to None, run_after=None
[2025-09-21T17:36:09.610+0000] {processor.py:183} INFO - Processing /home/airflow/.local/lib/python3.8/site-packages/airflow/example_dags/tutorial_taskflow_api.py took 0.125 seconds
[2025-09-21T17:36:39.792+0000] {processor.py:161} INFO - Started process (PID=13489) to work on /home/airflow/.local/lib/python3.8/site-packages/airflow/example_dags/tutorial_taskflow_api.py
[2025-09-21T17:36:39.794+0000] {processor.py:830} INFO - Processing file /home/airflow/.local/lib/python3.8/site-packages/airflow/example_dags/tutorial_taskflow_api.py for tasks to queue
[2025-09-21T17:36:39.797+0000] {logging_mixin.py:188} INFO - [2025-09-21T17:36:39.797+0000] {dagbag.py:538} INFO - Filling up the DagBag from /home/airflow/.local/lib/python3.8/site-packages/airflow/example_dags/tutorial_taskflow_api.py
[2025-09-21T17:36:39.809+0000] {processor.py:840} INFO - DAG(s) 'tutorial_taskflow_api' retrieved from /home/airflow/.local/lib/python3.8/site-packages/airflow/example_dags/tutorial_taskflow_api.py
[2025-09-21T17:36:39.848+0000] {logging_mixin.py:188} INFO - [2025-09-21T17:36:39.847+0000] {dag.py:3036} INFO - Sync 1 DAGs
[2025-09-21T17:36:39.870+0000] {logging_mixin.py:188} INFO - [2025-09-21T17:36:39.870+0000] {dag.py:3823} INFO - Setting next_dagrun for tutorial_taskflow_api to None, run_after=None
[2025-09-21T17:36:39.904+0000] {processor.py:183} INFO - Processing /home/airflow/.local/lib/python3.8/site-packages/airflow/example_dags/tutorial_taskflow_api.py took 0.118 seconds
[2025-09-21T17:37:10.305+0000] {processor.py:161} INFO - Started process (PID=13547) to work on /home/airflow/.local/lib/python3.8/site-packages/airflow/example_dags/tutorial_taskflow_api.py
[2025-09-21T17:37:10.307+0000] {processor.py:830} INFO - Processing file /home/airflow/.local/lib/python3.8/site-packages/airflow/example_dags/tutorial_taskflow_api.py for tasks to queue
[2025-09-21T17:37:10.311+0000] {logging_mixin.py:188} INFO - [2025-09-21T17:37:10.310+0000] {dagbag.py:538} INFO - Filling up the DagBag from /home/airflow/.local/lib/python3.8/site-packages/airflow/example_dags/tutorial_taskflow_api.py
[2025-09-21T17:37:10.323+0000] {processor.py:840} INFO - DAG(s) 'tutorial_taskflow_api' retrieved from /home/airflow/.local/lib/python3.8/site-packages/airflow/example_dags/tutorial_taskflow_api.py
[2025-09-21T17:37:10.362+0000] {logging_mixin.py:188} INFO - [2025-09-21T17:37:10.361+0000] {dag.py:3036} INFO - Sync 1 DAGs
[2025-09-21T17:37:10.385+0000] {logging_mixin.py:188} INFO - [2025-09-21T17:37:10.384+0000] {dag.py:3823} INFO - Setting next_dagrun for tutorial_taskflow_api to None, run_after=None
[2025-09-21T17:37:10.420+0000] {processor.py:183} INFO - Processing /home/airflow/.local/lib/python3.8/site-packages/airflow/example_dags/tutorial_taskflow_api.py took 0.121 seconds
[2025-09-21T17:37:40.607+0000] {processor.py:161} INFO - Started process (PID=13605) to work on /home/airflow/.local/lib/python3.8/site-packages/airflow/example_dags/tutorial_taskflow_api.py
[2025-09-21T17:37:40.609+0000] {processor.py:830} INFO - Processing file /home/airflow/.local/lib/python3.8/site-packages/airflow/example_dags/tutorial_taskflow_api.py for tasks to queue
[2025-09-21T17:37:40.612+0000] {logging_mixin.py:188} INFO - [2025-09-21T17:37:40.611+0000] {dagbag.py:538} INFO - Filling up the DagBag from /home/airflow/.local/lib/python3.8/site-packages/airflow/example_dags/tutorial_taskflow_api.py
[2025-09-21T17:37:40.624+0000] {processor.py:840} INFO - DAG(s) 'tutorial_taskflow_api' retrieved from /home/airflow/.local/lib/python3.8/site-packages/airflow/example_dags/tutorial_taskflow_api.py
[2025-09-21T17:37:40.661+0000] {logging_mixin.py:188} INFO - [2025-09-21T17:37:40.660+0000] {dag.py:3036} INFO - Sync 1 DAGs
[2025-09-21T17:37:40.683+0000] {logging_mixin.py:188} INFO - [2025-09-21T17:37:40.682+0000] {dag.py:3823} INFO - Setting next_dagrun for tutorial_taskflow_api to None, run_after=None
[2025-09-21T17:37:40.724+0000] {processor.py:183} INFO - Processing /home/airflow/.local/lib/python3.8/site-packages/airflow/example_dags/tutorial_taskflow_api.py took 0.123 seconds
[2025-09-21T17:38:11.711+0000] {processor.py:161} INFO - Started process (PID=13663) to work on /home/airflow/.local/lib/python3.8/site-packages/airflow/example_dags/tutorial_taskflow_api.py
[2025-09-21T17:38:11.713+0000] {processor.py:830} INFO - Processing file /home/airflow/.local/lib/python3.8/site-packages/airflow/example_dags/tutorial_taskflow_api.py for tasks to queue
[2025-09-21T17:38:11.719+0000] {logging_mixin.py:188} INFO - [2025-09-21T17:38:11.718+0000] {dagbag.py:538} INFO - Filling up the DagBag from /home/airflow/.local/lib/python3.8/site-packages/airflow/example_dags/tutorial_taskflow_api.py
[2025-09-21T17:38:11.731+0000] {processor.py:840} INFO - DAG(s) 'tutorial_taskflow_api' retrieved from /home/airflow/.local/lib/python3.8/site-packages/airflow/example_dags/tutorial_taskflow_api.py
[2025-09-21T17:38:11.777+0000] {logging_mixin.py:188} INFO - [2025-09-21T17:38:11.776+0000] {dag.py:3036} INFO - Sync 1 DAGs
[2025-09-21T17:38:11.801+0000] {logging_mixin.py:188} INFO - [2025-09-21T17:38:11.801+0000] {dag.py:3823} INFO - Setting next_dagrun for tutorial_taskflow_api to None, run_after=None
[2025-09-21T17:38:11.842+0000] {processor.py:183} INFO - Processing /home/airflow/.local/lib/python3.8/site-packages/airflow/example_dags/tutorial_taskflow_api.py took 0.137 seconds
[2025-09-21T17:38:42.604+0000] {processor.py:161} INFO - Started process (PID=13721) to work on /home/airflow/.local/lib/python3.8/site-packages/airflow/example_dags/tutorial_taskflow_api.py
[2025-09-21T17:38:42.607+0000] {processor.py:830} INFO - Processing file /home/airflow/.local/lib/python3.8/site-packages/airflow/example_dags/tutorial_taskflow_api.py for tasks to queue
[2025-09-21T17:38:42.612+0000] {logging_mixin.py:188} INFO - [2025-09-21T17:38:42.612+0000] {dagbag.py:538} INFO - Filling up the DagBag from /home/airflow/.local/lib/python3.8/site-packages/airflow/example_dags/tutorial_taskflow_api.py
[2025-09-21T17:38:42.624+0000] {processor.py:840} INFO - DAG(s) 'tutorial_taskflow_api' retrieved from /home/airflow/.local/lib/python3.8/site-packages/airflow/example_dags/tutorial_taskflow_api.py
[2025-09-21T17:38:42.659+0000] {logging_mixin.py:188} INFO - [2025-09-21T17:38:42.658+0000] {dag.py:3036} INFO - Sync 1 DAGs
[2025-09-21T17:38:42.683+0000] {logging_mixin.py:188} INFO - [2025-09-21T17:38:42.683+0000] {dag.py:3823} INFO - Setting next_dagrun for tutorial_taskflow_api to None, run_after=None
[2025-09-21T17:38:42.725+0000] {processor.py:183} INFO - Processing /home/airflow/.local/lib/python3.8/site-packages/airflow/example_dags/tutorial_taskflow_api.py took 0.127 seconds
[2025-09-21T17:39:13.038+0000] {processor.py:161} INFO - Started process (PID=13779) to work on /home/airflow/.local/lib/python3.8/site-packages/airflow/example_dags/tutorial_taskflow_api.py
[2025-09-21T17:39:13.041+0000] {processor.py:830} INFO - Processing file /home/airflow/.local/lib/python3.8/site-packages/airflow/example_dags/tutorial_taskflow_api.py for tasks to queue
[2025-09-21T17:39:13.046+0000] {logging_mixin.py:188} INFO - [2025-09-21T17:39:13.045+0000] {dagbag.py:538} INFO - Filling up the DagBag from /home/airflow/.local/lib/python3.8/site-packages/airflow/example_dags/tutorial_taskflow_api.py
[2025-09-21T17:39:13.059+0000] {processor.py:840} INFO - DAG(s) 'tutorial_taskflow_api' retrieved from /home/airflow/.local/lib/python3.8/site-packages/airflow/example_dags/tutorial_taskflow_api.py
[2025-09-21T17:39:13.100+0000] {logging_mixin.py:188} INFO - [2025-09-21T17:39:13.099+0000] {dag.py:3036} INFO - Sync 1 DAGs
[2025-09-21T17:39:13.124+0000] {logging_mixin.py:188} INFO - [2025-09-21T17:39:13.124+0000] {dag.py:3823} INFO - Setting next_dagrun for tutorial_taskflow_api to None, run_after=None
[2025-09-21T17:39:13.167+0000] {processor.py:183} INFO - Processing /home/airflow/.local/lib/python3.8/site-packages/airflow/example_dags/tutorial_taskflow_api.py took 0.136 seconds
[2025-09-21T17:39:43.601+0000] {processor.py:161} INFO - Started process (PID=13837) to work on /home/airflow/.local/lib/python3.8/site-packages/airflow/example_dags/tutorial_taskflow_api.py
[2025-09-21T17:39:43.603+0000] {processor.py:830} INFO - Processing file /home/airflow/.local/lib/python3.8/site-packages/airflow/example_dags/tutorial_taskflow_api.py for tasks to queue
[2025-09-21T17:39:43.607+0000] {logging_mixin.py:188} INFO - [2025-09-21T17:39:43.606+0000] {dagbag.py:538} INFO - Filling up the DagBag from /home/airflow/.local/lib/python3.8/site-packages/airflow/example_dags/tutorial_taskflow_api.py
[2025-09-21T17:39:43.623+0000] {processor.py:840} INFO - DAG(s) 'tutorial_taskflow_api' retrieved from /home/airflow/.local/lib/python3.8/site-packages/airflow/example_dags/tutorial_taskflow_api.py
[2025-09-21T17:39:43.658+0000] {logging_mixin.py:188} INFO - [2025-09-21T17:39:43.658+0000] {dag.py:3036} INFO - Sync 1 DAGs
[2025-09-21T17:39:43.681+0000] {logging_mixin.py:188} INFO - [2025-09-21T17:39:43.681+0000] {dag.py:3823} INFO - Setting next_dagrun for tutorial_taskflow_api to None, run_after=None
[2025-09-21T17:39:43.721+0000] {processor.py:183} INFO - Processing /home/airflow/.local/lib/python3.8/site-packages/airflow/example_dags/tutorial_taskflow_api.py took 0.129 seconds
[2025-09-21T17:40:13.992+0000] {processor.py:161} INFO - Started process (PID=13895) to work on /home/airflow/.local/lib/python3.8/site-packages/airflow/example_dags/tutorial_taskflow_api.py
[2025-09-21T17:40:13.994+0000] {processor.py:830} INFO - Processing file /home/airflow/.local/lib/python3.8/site-packages/airflow/example_dags/tutorial_taskflow_api.py for tasks to queue
[2025-09-21T17:40:13.997+0000] {logging_mixin.py:188} INFO - [2025-09-21T17:40:13.997+0000] {dagbag.py:538} INFO - Filling up the DagBag from /home/airflow/.local/lib/python3.8/site-packages/airflow/example_dags/tutorial_taskflow_api.py
[2025-09-21T17:40:14.009+0000] {processor.py:840} INFO - DAG(s) 'tutorial_taskflow_api' retrieved from /home/airflow/.local/lib/python3.8/site-packages/airflow/example_dags/tutorial_taskflow_api.py
[2025-09-21T17:40:14.044+0000] {logging_mixin.py:188} INFO - [2025-09-21T17:40:14.044+0000] {dag.py:3036} INFO - Sync 1 DAGs
[2025-09-21T17:40:14.067+0000] {logging_mixin.py:188} INFO - [2025-09-21T17:40:14.066+0000] {dag.py:3823} INFO - Setting next_dagrun for tutorial_taskflow_api to None, run_after=None
[2025-09-21T17:40:14.105+0000] {processor.py:183} INFO - Processing /home/airflow/.local/lib/python3.8/site-packages/airflow/example_dags/tutorial_taskflow_api.py took 0.118 seconds
[2025-09-21T17:40:44.747+0000] {processor.py:161} INFO - Started process (PID=13953) to work on /home/airflow/.local/lib/python3.8/site-packages/airflow/example_dags/tutorial_taskflow_api.py
[2025-09-21T17:40:44.749+0000] {processor.py:830} INFO - Processing file /home/airflow/.local/lib/python3.8/site-packages/airflow/example_dags/tutorial_taskflow_api.py for tasks to queue
[2025-09-21T17:40:44.752+0000] {logging_mixin.py:188} INFO - [2025-09-21T17:40:44.752+0000] {dagbag.py:538} INFO - Filling up the DagBag from /home/airflow/.local/lib/python3.8/site-packages/airflow/example_dags/tutorial_taskflow_api.py
[2025-09-21T17:40:44.764+0000] {processor.py:840} INFO - DAG(s) 'tutorial_taskflow_api' retrieved from /home/airflow/.local/lib/python3.8/site-packages/airflow/example_dags/tutorial_taskflow_api.py
[2025-09-21T17:40:44.800+0000] {logging_mixin.py:188} INFO - [2025-09-21T17:40:44.800+0000] {dag.py:3036} INFO - Sync 1 DAGs
[2025-09-21T17:40:44.824+0000] {logging_mixin.py:188} INFO - [2025-09-21T17:40:44.823+0000] {dag.py:3823} INFO - Setting next_dagrun for tutorial_taskflow_api to None, run_after=None
[2025-09-21T17:40:44.870+0000] {processor.py:183} INFO - Processing /home/airflow/.local/lib/python3.8/site-packages/airflow/example_dags/tutorial_taskflow_api.py took 0.129 seconds
[2025-09-21T17:41:15.599+0000] {processor.py:161} INFO - Started process (PID=14011) to work on /home/airflow/.local/lib/python3.8/site-packages/airflow/example_dags/tutorial_taskflow_api.py
[2025-09-21T17:41:15.600+0000] {processor.py:830} INFO - Processing file /home/airflow/.local/lib/python3.8/site-packages/airflow/example_dags/tutorial_taskflow_api.py for tasks to queue
[2025-09-21T17:41:15.604+0000] {logging_mixin.py:188} INFO - [2025-09-21T17:41:15.604+0000] {dagbag.py:538} INFO - Filling up the DagBag from /home/airflow/.local/lib/python3.8/site-packages/airflow/example_dags/tutorial_taskflow_api.py
[2025-09-21T17:41:15.617+0000] {processor.py:840} INFO - DAG(s) 'tutorial_taskflow_api' retrieved from /home/airflow/.local/lib/python3.8/site-packages/airflow/example_dags/tutorial_taskflow_api.py
[2025-09-21T17:41:15.657+0000] {logging_mixin.py:188} INFO - [2025-09-21T17:41:15.657+0000] {dag.py:3036} INFO - Sync 1 DAGs
[2025-09-21T17:41:15.682+0000] {logging_mixin.py:188} INFO - [2025-09-21T17:41:15.681+0000] {dag.py:3823} INFO - Setting next_dagrun for tutorial_taskflow_api to None, run_after=None
[2025-09-21T17:41:15.722+0000] {processor.py:183} INFO - Processing /home/airflow/.local/lib/python3.8/site-packages/airflow/example_dags/tutorial_taskflow_api.py took 0.129 seconds
[2025-09-21T17:41:45.848+0000] {processor.py:161} INFO - Started process (PID=14069) to work on /home/airflow/.local/lib/python3.8/site-packages/airflow/example_dags/tutorial_taskflow_api.py
[2025-09-21T17:41:45.851+0000] {processor.py:830} INFO - Processing file /home/airflow/.local/lib/python3.8/site-packages/airflow/example_dags/tutorial_taskflow_api.py for tasks to queue
[2025-09-21T17:41:45.858+0000] {logging_mixin.py:188} INFO - [2025-09-21T17:41:45.858+0000] {dagbag.py:538} INFO - Filling up the DagBag from /home/airflow/.local/lib/python3.8/site-packages/airflow/example_dags/tutorial_taskflow_api.py
[2025-09-21T17:41:45.870+0000] {processor.py:840} INFO - DAG(s) 'tutorial_taskflow_api' retrieved from /home/airflow/.local/lib/python3.8/site-packages/airflow/example_dags/tutorial_taskflow_api.py
[2025-09-21T17:41:45.907+0000] {logging_mixin.py:188} INFO - [2025-09-21T17:41:45.906+0000] {dag.py:3036} INFO - Sync 1 DAGs
[2025-09-21T17:41:45.931+0000] {logging_mixin.py:188} INFO - [2025-09-21T17:41:45.931+0000] {dag.py:3823} INFO - Setting next_dagrun for tutorial_taskflow_api to None, run_after=None
[2025-09-21T17:41:45.971+0000] {processor.py:183} INFO - Processing /home/airflow/.local/lib/python3.8/site-packages/airflow/example_dags/tutorial_taskflow_api.py took 0.129 seconds
[2025-09-21T17:42:16.618+0000] {processor.py:161} INFO - Started process (PID=14127) to work on /home/airflow/.local/lib/python3.8/site-packages/airflow/example_dags/tutorial_taskflow_api.py
[2025-09-21T17:42:16.619+0000] {processor.py:830} INFO - Processing file /home/airflow/.local/lib/python3.8/site-packages/airflow/example_dags/tutorial_taskflow_api.py for tasks to queue
[2025-09-21T17:42:16.623+0000] {logging_mixin.py:188} INFO - [2025-09-21T17:42:16.622+0000] {dagbag.py:538} INFO - Filling up the DagBag from /home/airflow/.local/lib/python3.8/site-packages/airflow/example_dags/tutorial_taskflow_api.py
[2025-09-21T17:42:16.636+0000] {processor.py:840} INFO - DAG(s) 'tutorial_taskflow_api' retrieved from /home/airflow/.local/lib/python3.8/site-packages/airflow/example_dags/tutorial_taskflow_api.py
[2025-09-21T17:42:16.677+0000] {logging_mixin.py:188} INFO - [2025-09-21T17:42:16.676+0000] {dag.py:3036} INFO - Sync 1 DAGs
[2025-09-21T17:42:16.703+0000] {logging_mixin.py:188} INFO - [2025-09-21T17:42:16.703+0000] {dag.py:3823} INFO - Setting next_dagrun for tutorial_taskflow_api to None, run_after=None
[2025-09-21T17:42:16.750+0000] {processor.py:183} INFO - Processing /home/airflow/.local/lib/python3.8/site-packages/airflow/example_dags/tutorial_taskflow_api.py took 0.140 seconds
[2025-09-21T17:42:47.178+0000] {processor.py:161} INFO - Started process (PID=14185) to work on /home/airflow/.local/lib/python3.8/site-packages/airflow/example_dags/tutorial_taskflow_api.py
[2025-09-21T17:42:47.179+0000] {processor.py:830} INFO - Processing file /home/airflow/.local/lib/python3.8/site-packages/airflow/example_dags/tutorial_taskflow_api.py for tasks to queue
[2025-09-21T17:42:47.183+0000] {logging_mixin.py:188} INFO - [2025-09-21T17:42:47.182+0000] {dagbag.py:538} INFO - Filling up the DagBag from /home/airflow/.local/lib/python3.8/site-packages/airflow/example_dags/tutorial_taskflow_api.py
[2025-09-21T17:42:47.200+0000] {processor.py:840} INFO - DAG(s) 'tutorial_taskflow_api' retrieved from /home/airflow/.local/lib/python3.8/site-packages/airflow/example_dags/tutorial_taskflow_api.py
[2025-09-21T17:42:47.241+0000] {logging_mixin.py:188} INFO - [2025-09-21T17:42:47.240+0000] {dag.py:3036} INFO - Sync 1 DAGs
[2025-09-21T17:42:47.271+0000] {logging_mixin.py:188} INFO - [2025-09-21T17:42:47.271+0000] {dag.py:3823} INFO - Setting next_dagrun for tutorial_taskflow_api to None, run_after=None
[2025-09-21T17:42:47.340+0000] {processor.py:183} INFO - Processing /home/airflow/.local/lib/python3.8/site-packages/airflow/example_dags/tutorial_taskflow_api.py took 0.170 seconds
[2025-09-21T17:43:17.544+0000] {processor.py:161} INFO - Started process (PID=14242) to work on /home/airflow/.local/lib/python3.8/site-packages/airflow/example_dags/tutorial_taskflow_api.py
[2025-09-21T17:43:17.546+0000] {processor.py:830} INFO - Processing file /home/airflow/.local/lib/python3.8/site-packages/airflow/example_dags/tutorial_taskflow_api.py for tasks to queue
[2025-09-21T17:43:17.550+0000] {logging_mixin.py:188} INFO - [2025-09-21T17:43:17.550+0000] {dagbag.py:538} INFO - Filling up the DagBag from /home/airflow/.local/lib/python3.8/site-packages/airflow/example_dags/tutorial_taskflow_api.py
[2025-09-21T17:43:17.562+0000] {processor.py:840} INFO - DAG(s) 'tutorial_taskflow_api' retrieved from /home/airflow/.local/lib/python3.8/site-packages/airflow/example_dags/tutorial_taskflow_api.py
[2025-09-21T17:43:17.596+0000] {logging_mixin.py:188} INFO - [2025-09-21T17:43:17.596+0000] {dag.py:3036} INFO - Sync 1 DAGs
[2025-09-21T17:43:17.624+0000] {logging_mixin.py:188} INFO - [2025-09-21T17:43:17.624+0000] {dag.py:3823} INFO - Setting next_dagrun for tutorial_taskflow_api to None, run_after=None
[2025-09-21T17:43:17.664+0000] {processor.py:183} INFO - Processing /home/airflow/.local/lib/python3.8/site-packages/airflow/example_dags/tutorial_taskflow_api.py took 0.127 seconds
[2025-09-21T17:43:48.281+0000] {processor.py:161} INFO - Started process (PID=14299) to work on /home/airflow/.local/lib/python3.8/site-packages/airflow/example_dags/tutorial_taskflow_api.py
[2025-09-21T17:43:48.283+0000] {processor.py:830} INFO - Processing file /home/airflow/.local/lib/python3.8/site-packages/airflow/example_dags/tutorial_taskflow_api.py for tasks to queue
[2025-09-21T17:43:48.286+0000] {logging_mixin.py:188} INFO - [2025-09-21T17:43:48.286+0000] {dagbag.py:538} INFO - Filling up the DagBag from /home/airflow/.local/lib/python3.8/site-packages/airflow/example_dags/tutorial_taskflow_api.py
[2025-09-21T17:43:48.301+0000] {processor.py:840} INFO - DAG(s) 'tutorial_taskflow_api' retrieved from /home/airflow/.local/lib/python3.8/site-packages/airflow/example_dags/tutorial_taskflow_api.py
[2025-09-21T17:43:48.338+0000] {logging_mixin.py:188} INFO - [2025-09-21T17:43:48.337+0000] {dag.py:3036} INFO - Sync 1 DAGs
[2025-09-21T17:43:48.362+0000] {logging_mixin.py:188} INFO - [2025-09-21T17:43:48.362+0000] {dag.py:3823} INFO - Setting next_dagrun for tutorial_taskflow_api to None, run_after=None
[2025-09-21T17:43:48.404+0000] {processor.py:183} INFO - Processing /home/airflow/.local/lib/python3.8/site-packages/airflow/example_dags/tutorial_taskflow_api.py took 0.130 seconds
[2025-09-21T17:44:18.537+0000] {processor.py:161} INFO - Started process (PID=14357) to work on /home/airflow/.local/lib/python3.8/site-packages/airflow/example_dags/tutorial_taskflow_api.py
[2025-09-21T17:44:18.540+0000] {processor.py:830} INFO - Processing file /home/airflow/.local/lib/python3.8/site-packages/airflow/example_dags/tutorial_taskflow_api.py for tasks to queue
[2025-09-21T17:44:18.543+0000] {logging_mixin.py:188} INFO - [2025-09-21T17:44:18.543+0000] {dagbag.py:538} INFO - Filling up the DagBag from /home/airflow/.local/lib/python3.8/site-packages/airflow/example_dags/tutorial_taskflow_api.py
[2025-09-21T17:44:18.556+0000] {processor.py:840} INFO - DAG(s) 'tutorial_taskflow_api' retrieved from /home/airflow/.local/lib/python3.8/site-packages/airflow/example_dags/tutorial_taskflow_api.py
[2025-09-21T17:44:18.592+0000] {logging_mixin.py:188} INFO - [2025-09-21T17:44:18.592+0000] {dag.py:3036} INFO - Sync 1 DAGs
[2025-09-21T17:44:18.615+0000] {logging_mixin.py:188} INFO - [2025-09-21T17:44:18.615+0000] {dag.py:3823} INFO - Setting next_dagrun for tutorial_taskflow_api to None, run_after=None
[2025-09-21T17:44:18.653+0000] {processor.py:183} INFO - Processing /home/airflow/.local/lib/python3.8/site-packages/airflow/example_dags/tutorial_taskflow_api.py took 0.121 seconds
[2025-09-21T17:44:49.471+0000] {processor.py:161} INFO - Started process (PID=14415) to work on /home/airflow/.local/lib/python3.8/site-packages/airflow/example_dags/tutorial_taskflow_api.py
[2025-09-21T17:44:49.474+0000] {processor.py:830} INFO - Processing file /home/airflow/.local/lib/python3.8/site-packages/airflow/example_dags/tutorial_taskflow_api.py for tasks to queue
[2025-09-21T17:44:49.479+0000] {logging_mixin.py:188} INFO - [2025-09-21T17:44:49.478+0000] {dagbag.py:538} INFO - Filling up the DagBag from /home/airflow/.local/lib/python3.8/site-packages/airflow/example_dags/tutorial_taskflow_api.py
[2025-09-21T17:44:49.501+0000] {processor.py:840} INFO - DAG(s) 'tutorial_taskflow_api' retrieved from /home/airflow/.local/lib/python3.8/site-packages/airflow/example_dags/tutorial_taskflow_api.py
[2025-09-21T17:44:49.558+0000] {logging_mixin.py:188} INFO - [2025-09-21T17:44:49.557+0000] {dag.py:3036} INFO - Sync 1 DAGs
[2025-09-21T17:44:49.583+0000] {logging_mixin.py:188} INFO - [2025-09-21T17:44:49.582+0000] {dag.py:3823} INFO - Setting next_dagrun for tutorial_taskflow_api to None, run_after=None
[2025-09-21T17:44:49.624+0000] {processor.py:183} INFO - Processing /home/airflow/.local/lib/python3.8/site-packages/airflow/example_dags/tutorial_taskflow_api.py took 0.164 seconds
[2025-09-21T17:45:20.636+0000] {processor.py:161} INFO - Started process (PID=14473) to work on /home/airflow/.local/lib/python3.8/site-packages/airflow/example_dags/tutorial_taskflow_api.py
[2025-09-21T17:45:20.638+0000] {processor.py:830} INFO - Processing file /home/airflow/.local/lib/python3.8/site-packages/airflow/example_dags/tutorial_taskflow_api.py for tasks to queue
[2025-09-21T17:45:20.642+0000] {logging_mixin.py:188} INFO - [2025-09-21T17:45:20.641+0000] {dagbag.py:538} INFO - Filling up the DagBag from /home/airflow/.local/lib/python3.8/site-packages/airflow/example_dags/tutorial_taskflow_api.py
[2025-09-21T17:45:20.654+0000] {processor.py:840} INFO - DAG(s) 'tutorial_taskflow_api' retrieved from /home/airflow/.local/lib/python3.8/site-packages/airflow/example_dags/tutorial_taskflow_api.py
[2025-09-21T17:45:20.689+0000] {logging_mixin.py:188} INFO - [2025-09-21T17:45:20.689+0000] {dag.py:3036} INFO - Sync 1 DAGs
[2025-09-21T17:45:20.711+0000] {logging_mixin.py:188} INFO - [2025-09-21T17:45:20.710+0000] {dag.py:3823} INFO - Setting next_dagrun for tutorial_taskflow_api to None, run_after=None
[2025-09-21T17:45:20.752+0000] {processor.py:183} INFO - Processing /home/airflow/.local/lib/python3.8/site-packages/airflow/example_dags/tutorial_taskflow_api.py took 0.121 seconds
[2025-09-21T17:45:51.447+0000] {processor.py:161} INFO - Started process (PID=14531) to work on /home/airflow/.local/lib/python3.8/site-packages/airflow/example_dags/tutorial_taskflow_api.py
[2025-09-21T17:45:51.449+0000] {processor.py:830} INFO - Processing file /home/airflow/.local/lib/python3.8/site-packages/airflow/example_dags/tutorial_taskflow_api.py for tasks to queue
[2025-09-21T17:45:51.453+0000] {logging_mixin.py:188} INFO - [2025-09-21T17:45:51.452+0000] {dagbag.py:538} INFO - Filling up the DagBag from /home/airflow/.local/lib/python3.8/site-packages/airflow/example_dags/tutorial_taskflow_api.py
[2025-09-21T17:45:51.465+0000] {processor.py:840} INFO - DAG(s) 'tutorial_taskflow_api' retrieved from /home/airflow/.local/lib/python3.8/site-packages/airflow/example_dags/tutorial_taskflow_api.py
[2025-09-21T17:45:51.502+0000] {logging_mixin.py:188} INFO - [2025-09-21T17:45:51.502+0000] {dag.py:3036} INFO - Sync 1 DAGs
[2025-09-21T17:45:51.533+0000] {logging_mixin.py:188} INFO - [2025-09-21T17:45:51.533+0000] {dag.py:3823} INFO - Setting next_dagrun for tutorial_taskflow_api to None, run_after=None
[2025-09-21T17:45:51.589+0000] {processor.py:183} INFO - Processing /home/airflow/.local/lib/python3.8/site-packages/airflow/example_dags/tutorial_taskflow_api.py took 0.148 seconds
[2025-09-21T17:46:21.844+0000] {processor.py:161} INFO - Started process (PID=14589) to work on /home/airflow/.local/lib/python3.8/site-packages/airflow/example_dags/tutorial_taskflow_api.py
[2025-09-21T17:46:21.846+0000] {processor.py:830} INFO - Processing file /home/airflow/.local/lib/python3.8/site-packages/airflow/example_dags/tutorial_taskflow_api.py for tasks to queue
[2025-09-21T17:46:21.849+0000] {logging_mixin.py:188} INFO - [2025-09-21T17:46:21.848+0000] {dagbag.py:538} INFO - Filling up the DagBag from /home/airflow/.local/lib/python3.8/site-packages/airflow/example_dags/tutorial_taskflow_api.py
[2025-09-21T17:46:21.862+0000] {processor.py:840} INFO - DAG(s) 'tutorial_taskflow_api' retrieved from /home/airflow/.local/lib/python3.8/site-packages/airflow/example_dags/tutorial_taskflow_api.py
[2025-09-21T17:46:21.898+0000] {logging_mixin.py:188} INFO - [2025-09-21T17:46:21.897+0000] {dag.py:3036} INFO - Sync 1 DAGs
[2025-09-21T17:46:21.922+0000] {logging_mixin.py:188} INFO - [2025-09-21T17:46:21.921+0000] {dag.py:3823} INFO - Setting next_dagrun for tutorial_taskflow_api to None, run_after=None
[2025-09-21T17:46:21.960+0000] {processor.py:183} INFO - Processing /home/airflow/.local/lib/python3.8/site-packages/airflow/example_dags/tutorial_taskflow_api.py took 0.123 seconds
[2025-09-21T17:46:52.299+0000] {processor.py:161} INFO - Started process (PID=14647) to work on /home/airflow/.local/lib/python3.8/site-packages/airflow/example_dags/tutorial_taskflow_api.py
[2025-09-21T17:46:52.302+0000] {processor.py:830} INFO - Processing file /home/airflow/.local/lib/python3.8/site-packages/airflow/example_dags/tutorial_taskflow_api.py for tasks to queue
[2025-09-21T17:46:52.306+0000] {logging_mixin.py:188} INFO - [2025-09-21T17:46:52.306+0000] {dagbag.py:538} INFO - Filling up the DagBag from /home/airflow/.local/lib/python3.8/site-packages/airflow/example_dags/tutorial_taskflow_api.py
[2025-09-21T17:46:52.321+0000] {processor.py:840} INFO - DAG(s) 'tutorial_taskflow_api' retrieved from /home/airflow/.local/lib/python3.8/site-packages/airflow/example_dags/tutorial_taskflow_api.py
[2025-09-21T17:46:52.357+0000] {logging_mixin.py:188} INFO - [2025-09-21T17:46:52.357+0000] {dag.py:3036} INFO - Sync 1 DAGs
[2025-09-21T17:46:52.386+0000] {logging_mixin.py:188} INFO - [2025-09-21T17:46:52.385+0000] {dag.py:3823} INFO - Setting next_dagrun for tutorial_taskflow_api to None, run_after=None
[2025-09-21T17:46:52.444+0000] {processor.py:183} INFO - Processing /home/airflow/.local/lib/python3.8/site-packages/airflow/example_dags/tutorial_taskflow_api.py took 0.154 seconds
[2025-09-21T17:47:22.952+0000] {processor.py:161} INFO - Started process (PID=14705) to work on /home/airflow/.local/lib/python3.8/site-packages/airflow/example_dags/tutorial_taskflow_api.py
[2025-09-21T17:47:22.954+0000] {processor.py:830} INFO - Processing file /home/airflow/.local/lib/python3.8/site-packages/airflow/example_dags/tutorial_taskflow_api.py for tasks to queue
[2025-09-21T17:47:22.959+0000] {logging_mixin.py:188} INFO - [2025-09-21T17:47:22.958+0000] {dagbag.py:538} INFO - Filling up the DagBag from /home/airflow/.local/lib/python3.8/site-packages/airflow/example_dags/tutorial_taskflow_api.py
[2025-09-21T17:47:22.972+0000] {processor.py:840} INFO - DAG(s) 'tutorial_taskflow_api' retrieved from /home/airflow/.local/lib/python3.8/site-packages/airflow/example_dags/tutorial_taskflow_api.py
[2025-09-21T17:47:23.009+0000] {logging_mixin.py:188} INFO - [2025-09-21T17:47:23.009+0000] {dag.py:3036} INFO - Sync 1 DAGs
[2025-09-21T17:47:23.034+0000] {logging_mixin.py:188} INFO - [2025-09-21T17:47:23.034+0000] {dag.py:3823} INFO - Setting next_dagrun for tutorial_taskflow_api to None, run_after=None
[2025-09-21T17:47:23.092+0000] {processor.py:183} INFO - Processing /home/airflow/.local/lib/python3.8/site-packages/airflow/example_dags/tutorial_taskflow_api.py took 0.145 seconds
[2025-09-21T17:47:53.476+0000] {processor.py:161} INFO - Started process (PID=14763) to work on /home/airflow/.local/lib/python3.8/site-packages/airflow/example_dags/tutorial_taskflow_api.py
[2025-09-21T17:47:53.478+0000] {processor.py:830} INFO - Processing file /home/airflow/.local/lib/python3.8/site-packages/airflow/example_dags/tutorial_taskflow_api.py for tasks to queue
[2025-09-21T17:47:53.482+0000] {logging_mixin.py:188} INFO - [2025-09-21T17:47:53.481+0000] {dagbag.py:538} INFO - Filling up the DagBag from /home/airflow/.local/lib/python3.8/site-packages/airflow/example_dags/tutorial_taskflow_api.py
[2025-09-21T17:47:53.494+0000] {processor.py:840} INFO - DAG(s) 'tutorial_taskflow_api' retrieved from /home/airflow/.local/lib/python3.8/site-packages/airflow/example_dags/tutorial_taskflow_api.py
[2025-09-21T17:47:53.529+0000] {logging_mixin.py:188} INFO - [2025-09-21T17:47:53.529+0000] {dag.py:3036} INFO - Sync 1 DAGs
[2025-09-21T17:47:53.552+0000] {logging_mixin.py:188} INFO - [2025-09-21T17:47:53.552+0000] {dag.py:3823} INFO - Setting next_dagrun for tutorial_taskflow_api to None, run_after=None
[2025-09-21T17:47:53.592+0000] {processor.py:183} INFO - Processing /home/airflow/.local/lib/python3.8/site-packages/airflow/example_dags/tutorial_taskflow_api.py took 0.124 seconds
[2025-09-21T17:48:23.817+0000] {processor.py:161} INFO - Started process (PID=14821) to work on /home/airflow/.local/lib/python3.8/site-packages/airflow/example_dags/tutorial_taskflow_api.py
[2025-09-21T17:48:23.819+0000] {processor.py:830} INFO - Processing file /home/airflow/.local/lib/python3.8/site-packages/airflow/example_dags/tutorial_taskflow_api.py for tasks to queue
[2025-09-21T17:48:23.822+0000] {logging_mixin.py:188} INFO - [2025-09-21T17:48:23.822+0000] {dagbag.py:538} INFO - Filling up the DagBag from /home/airflow/.local/lib/python3.8/site-packages/airflow/example_dags/tutorial_taskflow_api.py
[2025-09-21T17:48:23.836+0000] {processor.py:840} INFO - DAG(s) 'tutorial_taskflow_api' retrieved from /home/airflow/.local/lib/python3.8/site-packages/airflow/example_dags/tutorial_taskflow_api.py
[2025-09-21T17:48:23.868+0000] {logging_mixin.py:188} INFO - [2025-09-21T17:48:23.868+0000] {dag.py:3036} INFO - Sync 1 DAGs
[2025-09-21T17:48:23.892+0000] {logging_mixin.py:188} INFO - [2025-09-21T17:48:23.891+0000] {dag.py:3823} INFO - Setting next_dagrun for tutorial_taskflow_api to None, run_after=None
[2025-09-21T17:48:23.931+0000] {processor.py:183} INFO - Processing /home/airflow/.local/lib/python3.8/site-packages/airflow/example_dags/tutorial_taskflow_api.py took 0.122 seconds
[2025-09-21T17:48:54.301+0000] {processor.py:161} INFO - Started process (PID=14879) to work on /home/airflow/.local/lib/python3.8/site-packages/airflow/example_dags/tutorial_taskflow_api.py
[2025-09-21T17:48:54.303+0000] {processor.py:830} INFO - Processing file /home/airflow/.local/lib/python3.8/site-packages/airflow/example_dags/tutorial_taskflow_api.py for tasks to queue
[2025-09-21T17:48:54.308+0000] {logging_mixin.py:188} INFO - [2025-09-21T17:48:54.307+0000] {dagbag.py:538} INFO - Filling up the DagBag from /home/airflow/.local/lib/python3.8/site-packages/airflow/example_dags/tutorial_taskflow_api.py
[2025-09-21T17:48:54.319+0000] {processor.py:840} INFO - DAG(s) 'tutorial_taskflow_api' retrieved from /home/airflow/.local/lib/python3.8/site-packages/airflow/example_dags/tutorial_taskflow_api.py
[2025-09-21T17:48:54.354+0000] {logging_mixin.py:188} INFO - [2025-09-21T17:48:54.353+0000] {dag.py:3036} INFO - Sync 1 DAGs
[2025-09-21T17:48:54.378+0000] {logging_mixin.py:188} INFO - [2025-09-21T17:48:54.377+0000] {dag.py:3823} INFO - Setting next_dagrun for tutorial_taskflow_api to None, run_after=None
[2025-09-21T17:48:54.416+0000] {processor.py:183} INFO - Processing /home/airflow/.local/lib/python3.8/site-packages/airflow/example_dags/tutorial_taskflow_api.py took 0.121 seconds
[2025-09-21T17:49:24.950+0000] {processor.py:161} INFO - Started process (PID=14937) to work on /home/airflow/.local/lib/python3.8/site-packages/airflow/example_dags/tutorial_taskflow_api.py
[2025-09-21T17:49:24.951+0000] {processor.py:830} INFO - Processing file /home/airflow/.local/lib/python3.8/site-packages/airflow/example_dags/tutorial_taskflow_api.py for tasks to queue
[2025-09-21T17:49:24.955+0000] {logging_mixin.py:188} INFO - [2025-09-21T17:49:24.954+0000] {dagbag.py:538} INFO - Filling up the DagBag from /home/airflow/.local/lib/python3.8/site-packages/airflow/example_dags/tutorial_taskflow_api.py
[2025-09-21T17:49:24.967+0000] {processor.py:840} INFO - DAG(s) 'tutorial_taskflow_api' retrieved from /home/airflow/.local/lib/python3.8/site-packages/airflow/example_dags/tutorial_taskflow_api.py
[2025-09-21T17:49:25.004+0000] {logging_mixin.py:188} INFO - [2025-09-21T17:49:25.003+0000] {dag.py:3036} INFO - Sync 1 DAGs
[2025-09-21T17:49:25.027+0000] {logging_mixin.py:188} INFO - [2025-09-21T17:49:25.026+0000] {dag.py:3823} INFO - Setting next_dagrun for tutorial_taskflow_api to None, run_after=None
[2025-09-21T17:49:25.065+0000] {processor.py:183} INFO - Processing /home/airflow/.local/lib/python3.8/site-packages/airflow/example_dags/tutorial_taskflow_api.py took 0.122 seconds
[2025-09-21T17:49:55.771+0000] {processor.py:161} INFO - Started process (PID=14995) to work on /home/airflow/.local/lib/python3.8/site-packages/airflow/example_dags/tutorial_taskflow_api.py
[2025-09-21T17:49:55.773+0000] {processor.py:830} INFO - Processing file /home/airflow/.local/lib/python3.8/site-packages/airflow/example_dags/tutorial_taskflow_api.py for tasks to queue
[2025-09-21T17:49:55.777+0000] {logging_mixin.py:188} INFO - [2025-09-21T17:49:55.776+0000] {dagbag.py:538} INFO - Filling up the DagBag from /home/airflow/.local/lib/python3.8/site-packages/airflow/example_dags/tutorial_taskflow_api.py
[2025-09-21T17:49:55.789+0000] {processor.py:840} INFO - DAG(s) 'tutorial_taskflow_api' retrieved from /home/airflow/.local/lib/python3.8/site-packages/airflow/example_dags/tutorial_taskflow_api.py
[2025-09-21T17:49:55.829+0000] {logging_mixin.py:188} INFO - [2025-09-21T17:49:55.828+0000] {dag.py:3036} INFO - Sync 1 DAGs
[2025-09-21T17:49:55.855+0000] {logging_mixin.py:188} INFO - [2025-09-21T17:49:55.854+0000] {dag.py:3823} INFO - Setting next_dagrun for tutorial_taskflow_api to None, run_after=None
[2025-09-21T17:49:55.894+0000] {processor.py:183} INFO - Processing /home/airflow/.local/lib/python3.8/site-packages/airflow/example_dags/tutorial_taskflow_api.py took 0.129 seconds
[2025-09-21T17:50:27.179+0000] {processor.py:161} INFO - Started process (PID=15053) to work on /home/airflow/.local/lib/python3.8/site-packages/airflow/example_dags/tutorial_taskflow_api.py
[2025-09-21T17:50:27.181+0000] {processor.py:830} INFO - Processing file /home/airflow/.local/lib/python3.8/site-packages/airflow/example_dags/tutorial_taskflow_api.py for tasks to queue
[2025-09-21T17:50:27.185+0000] {logging_mixin.py:188} INFO - [2025-09-21T17:50:27.185+0000] {dagbag.py:538} INFO - Filling up the DagBag from /home/airflow/.local/lib/python3.8/site-packages/airflow/example_dags/tutorial_taskflow_api.py
[2025-09-21T17:50:27.198+0000] {processor.py:840} INFO - DAG(s) 'tutorial_taskflow_api' retrieved from /home/airflow/.local/lib/python3.8/site-packages/airflow/example_dags/tutorial_taskflow_api.py
[2025-09-21T17:50:27.235+0000] {logging_mixin.py:188} INFO - [2025-09-21T17:50:27.234+0000] {dag.py:3036} INFO - Sync 1 DAGs
[2025-09-21T17:50:27.257+0000] {logging_mixin.py:188} INFO - [2025-09-21T17:50:27.257+0000] {dag.py:3823} INFO - Setting next_dagrun for tutorial_taskflow_api to None, run_after=None
[2025-09-21T17:50:27.298+0000] {processor.py:183} INFO - Processing /home/airflow/.local/lib/python3.8/site-packages/airflow/example_dags/tutorial_taskflow_api.py took 0.126 seconds
[2025-09-21T17:50:57.486+0000] {processor.py:161} INFO - Started process (PID=15111) to work on /home/airflow/.local/lib/python3.8/site-packages/airflow/example_dags/tutorial_taskflow_api.py
[2025-09-21T17:50:57.488+0000] {processor.py:830} INFO - Processing file /home/airflow/.local/lib/python3.8/site-packages/airflow/example_dags/tutorial_taskflow_api.py for tasks to queue
[2025-09-21T17:50:57.492+0000] {logging_mixin.py:188} INFO - [2025-09-21T17:50:57.491+0000] {dagbag.py:538} INFO - Filling up the DagBag from /home/airflow/.local/lib/python3.8/site-packages/airflow/example_dags/tutorial_taskflow_api.py
[2025-09-21T17:50:57.505+0000] {processor.py:840} INFO - DAG(s) 'tutorial_taskflow_api' retrieved from /home/airflow/.local/lib/python3.8/site-packages/airflow/example_dags/tutorial_taskflow_api.py
[2025-09-21T17:50:57.549+0000] {logging_mixin.py:188} INFO - [2025-09-21T17:50:57.549+0000] {dag.py:3036} INFO - Sync 1 DAGs
[2025-09-21T17:50:57.577+0000] {logging_mixin.py:188} INFO - [2025-09-21T17:50:57.577+0000] {dag.py:3823} INFO - Setting next_dagrun for tutorial_taskflow_api to None, run_after=None
[2025-09-21T17:50:57.627+0000] {processor.py:183} INFO - Processing /home/airflow/.local/lib/python3.8/site-packages/airflow/example_dags/tutorial_taskflow_api.py took 0.148 seconds
[2025-09-21T17:51:28.126+0000] {processor.py:161} INFO - Started process (PID=15167) to work on /home/airflow/.local/lib/python3.8/site-packages/airflow/example_dags/tutorial_taskflow_api.py
[2025-09-21T17:51:28.128+0000] {processor.py:830} INFO - Processing file /home/airflow/.local/lib/python3.8/site-packages/airflow/example_dags/tutorial_taskflow_api.py for tasks to queue
[2025-09-21T17:51:28.132+0000] {logging_mixin.py:188} INFO - [2025-09-21T17:51:28.131+0000] {dagbag.py:538} INFO - Filling up the DagBag from /home/airflow/.local/lib/python3.8/site-packages/airflow/example_dags/tutorial_taskflow_api.py
[2025-09-21T17:51:28.145+0000] {processor.py:840} INFO - DAG(s) 'tutorial_taskflow_api' retrieved from /home/airflow/.local/lib/python3.8/site-packages/airflow/example_dags/tutorial_taskflow_api.py
[2025-09-21T17:51:28.189+0000] {logging_mixin.py:188} INFO - [2025-09-21T17:51:28.188+0000] {dag.py:3036} INFO - Sync 1 DAGs
[2025-09-21T17:51:28.213+0000] {logging_mixin.py:188} INFO - [2025-09-21T17:51:28.212+0000] {dag.py:3823} INFO - Setting next_dagrun for tutorial_taskflow_api to None, run_after=None
[2025-09-21T17:51:28.250+0000] {processor.py:183} INFO - Processing /home/airflow/.local/lib/python3.8/site-packages/airflow/example_dags/tutorial_taskflow_api.py took 0.130 seconds
[2025-09-21T17:51:58.412+0000] {processor.py:161} INFO - Started process (PID=15225) to work on /home/airflow/.local/lib/python3.8/site-packages/airflow/example_dags/tutorial_taskflow_api.py
[2025-09-21T17:51:58.413+0000] {processor.py:830} INFO - Processing file /home/airflow/.local/lib/python3.8/site-packages/airflow/example_dags/tutorial_taskflow_api.py for tasks to queue
[2025-09-21T17:51:58.418+0000] {logging_mixin.py:188} INFO - [2025-09-21T17:51:58.417+0000] {dagbag.py:538} INFO - Filling up the DagBag from /home/airflow/.local/lib/python3.8/site-packages/airflow/example_dags/tutorial_taskflow_api.py
[2025-09-21T17:51:58.429+0000] {processor.py:840} INFO - DAG(s) 'tutorial_taskflow_api' retrieved from /home/airflow/.local/lib/python3.8/site-packages/airflow/example_dags/tutorial_taskflow_api.py
[2025-09-21T17:51:58.464+0000] {logging_mixin.py:188} INFO - [2025-09-21T17:51:58.464+0000] {dag.py:3036} INFO - Sync 1 DAGs
[2025-09-21T17:51:58.491+0000] {logging_mixin.py:188} INFO - [2025-09-21T17:51:58.490+0000] {dag.py:3823} INFO - Setting next_dagrun for tutorial_taskflow_api to None, run_after=None
[2025-09-21T17:51:58.527+0000] {processor.py:183} INFO - Processing /home/airflow/.local/lib/python3.8/site-packages/airflow/example_dags/tutorial_taskflow_api.py took 0.121 seconds
[2025-09-21T17:52:29.147+0000] {processor.py:161} INFO - Started process (PID=15283) to work on /home/airflow/.local/lib/python3.8/site-packages/airflow/example_dags/tutorial_taskflow_api.py
[2025-09-21T17:52:29.150+0000] {processor.py:830} INFO - Processing file /home/airflow/.local/lib/python3.8/site-packages/airflow/example_dags/tutorial_taskflow_api.py for tasks to queue
[2025-09-21T17:52:29.154+0000] {logging_mixin.py:188} INFO - [2025-09-21T17:52:29.154+0000] {dagbag.py:538} INFO - Filling up the DagBag from /home/airflow/.local/lib/python3.8/site-packages/airflow/example_dags/tutorial_taskflow_api.py
[2025-09-21T17:52:29.170+0000] {processor.py:840} INFO - DAG(s) 'tutorial_taskflow_api' retrieved from /home/airflow/.local/lib/python3.8/site-packages/airflow/example_dags/tutorial_taskflow_api.py
[2025-09-21T17:52:29.213+0000] {logging_mixin.py:188} INFO - [2025-09-21T17:52:29.213+0000] {dag.py:3036} INFO - Sync 1 DAGs
[2025-09-21T17:52:29.246+0000] {logging_mixin.py:188} INFO - [2025-09-21T17:52:29.246+0000] {dag.py:3823} INFO - Setting next_dagrun for tutorial_taskflow_api to None, run_after=None
[2025-09-21T17:52:29.287+0000] {processor.py:183} INFO - Processing /home/airflow/.local/lib/python3.8/site-packages/airflow/example_dags/tutorial_taskflow_api.py took 0.148 seconds
[2025-09-21T17:53:00.259+0000] {processor.py:161} INFO - Started process (PID=15347) to work on /home/airflow/.local/lib/python3.8/site-packages/airflow/example_dags/tutorial_taskflow_api.py
[2025-09-21T17:53:00.261+0000] {processor.py:830} INFO - Processing file /home/airflow/.local/lib/python3.8/site-packages/airflow/example_dags/tutorial_taskflow_api.py for tasks to queue
[2025-09-21T17:53:00.265+0000] {logging_mixin.py:188} INFO - [2025-09-21T17:53:00.265+0000] {dagbag.py:538} INFO - Filling up the DagBag from /home/airflow/.local/lib/python3.8/site-packages/airflow/example_dags/tutorial_taskflow_api.py
[2025-09-21T17:53:00.280+0000] {processor.py:840} INFO - DAG(s) 'tutorial_taskflow_api' retrieved from /home/airflow/.local/lib/python3.8/site-packages/airflow/example_dags/tutorial_taskflow_api.py
[2025-09-21T17:53:00.322+0000] {logging_mixin.py:188} INFO - [2025-09-21T17:53:00.322+0000] {dag.py:3036} INFO - Sync 1 DAGs
[2025-09-21T17:53:00.352+0000] {logging_mixin.py:188} INFO - [2025-09-21T17:53:00.351+0000] {dag.py:3823} INFO - Setting next_dagrun for tutorial_taskflow_api to None, run_after=None
[2025-09-21T17:53:00.392+0000] {processor.py:183} INFO - Processing /home/airflow/.local/lib/python3.8/site-packages/airflow/example_dags/tutorial_taskflow_api.py took 0.141 seconds
[2025-09-21T17:53:30.639+0000] {processor.py:161} INFO - Started process (PID=15405) to work on /home/airflow/.local/lib/python3.8/site-packages/airflow/example_dags/tutorial_taskflow_api.py
[2025-09-21T17:53:30.641+0000] {processor.py:830} INFO - Processing file /home/airflow/.local/lib/python3.8/site-packages/airflow/example_dags/tutorial_taskflow_api.py for tasks to queue
[2025-09-21T17:53:30.645+0000] {logging_mixin.py:188} INFO - [2025-09-21T17:53:30.644+0000] {dagbag.py:538} INFO - Filling up the DagBag from /home/airflow/.local/lib/python3.8/site-packages/airflow/example_dags/tutorial_taskflow_api.py
[2025-09-21T17:53:30.658+0000] {processor.py:840} INFO - DAG(s) 'tutorial_taskflow_api' retrieved from /home/airflow/.local/lib/python3.8/site-packages/airflow/example_dags/tutorial_taskflow_api.py
[2025-09-21T17:53:30.698+0000] {logging_mixin.py:188} INFO - [2025-09-21T17:53:30.697+0000] {dag.py:3036} INFO - Sync 1 DAGs
[2025-09-21T17:53:30.722+0000] {logging_mixin.py:188} INFO - [2025-09-21T17:53:30.722+0000] {dag.py:3823} INFO - Setting next_dagrun for tutorial_taskflow_api to None, run_after=None
[2025-09-21T17:53:30.761+0000] {processor.py:183} INFO - Processing /home/airflow/.local/lib/python3.8/site-packages/airflow/example_dags/tutorial_taskflow_api.py took 0.130 seconds
[2025-09-21T17:54:01.402+0000] {processor.py:161} INFO - Started process (PID=15463) to work on /home/airflow/.local/lib/python3.8/site-packages/airflow/example_dags/tutorial_taskflow_api.py
[2025-09-21T17:54:01.404+0000] {processor.py:830} INFO - Processing file /home/airflow/.local/lib/python3.8/site-packages/airflow/example_dags/tutorial_taskflow_api.py for tasks to queue
[2025-09-21T17:54:01.407+0000] {logging_mixin.py:188} INFO - [2025-09-21T17:54:01.406+0000] {dagbag.py:538} INFO - Filling up the DagBag from /home/airflow/.local/lib/python3.8/site-packages/airflow/example_dags/tutorial_taskflow_api.py
[2025-09-21T17:54:01.421+0000] {processor.py:840} INFO - DAG(s) 'tutorial_taskflow_api' retrieved from /home/airflow/.local/lib/python3.8/site-packages/airflow/example_dags/tutorial_taskflow_api.py
[2025-09-21T17:54:01.458+0000] {logging_mixin.py:188} INFO - [2025-09-21T17:54:01.457+0000] {dag.py:3036} INFO - Sync 1 DAGs
[2025-09-21T17:54:01.483+0000] {logging_mixin.py:188} INFO - [2025-09-21T17:54:01.483+0000] {dag.py:3823} INFO - Setting next_dagrun for tutorial_taskflow_api to None, run_after=None
[2025-09-21T17:54:01.526+0000] {processor.py:183} INFO - Processing /home/airflow/.local/lib/python3.8/site-packages/airflow/example_dags/tutorial_taskflow_api.py took 0.131 seconds
[2025-09-21T17:54:31.787+0000] {processor.py:161} INFO - Started process (PID=15521) to work on /home/airflow/.local/lib/python3.8/site-packages/airflow/example_dags/tutorial_taskflow_api.py
[2025-09-21T17:54:31.789+0000] {processor.py:830} INFO - Processing file /home/airflow/.local/lib/python3.8/site-packages/airflow/example_dags/tutorial_taskflow_api.py for tasks to queue
[2025-09-21T17:54:31.795+0000] {logging_mixin.py:188} INFO - [2025-09-21T17:54:31.794+0000] {dagbag.py:538} INFO - Filling up the DagBag from /home/airflow/.local/lib/python3.8/site-packages/airflow/example_dags/tutorial_taskflow_api.py
[2025-09-21T17:54:31.811+0000] {processor.py:840} INFO - DAG(s) 'tutorial_taskflow_api' retrieved from /home/airflow/.local/lib/python3.8/site-packages/airflow/example_dags/tutorial_taskflow_api.py
[2025-09-21T17:54:31.854+0000] {logging_mixin.py:188} INFO - [2025-09-21T17:54:31.853+0000] {dag.py:3036} INFO - Sync 1 DAGs
[2025-09-21T17:54:31.881+0000] {logging_mixin.py:188} INFO - [2025-09-21T17:54:31.880+0000] {dag.py:3823} INFO - Setting next_dagrun for tutorial_taskflow_api to None, run_after=None
[2025-09-21T17:54:31.923+0000] {processor.py:183} INFO - Processing /home/airflow/.local/lib/python3.8/site-packages/airflow/example_dags/tutorial_taskflow_api.py took 0.141 seconds
[2025-09-21T17:55:02.142+0000] {processor.py:161} INFO - Started process (PID=15579) to work on /home/airflow/.local/lib/python3.8/site-packages/airflow/example_dags/tutorial_taskflow_api.py
[2025-09-21T17:55:02.144+0000] {processor.py:830} INFO - Processing file /home/airflow/.local/lib/python3.8/site-packages/airflow/example_dags/tutorial_taskflow_api.py for tasks to queue
[2025-09-21T17:55:02.149+0000] {logging_mixin.py:188} INFO - [2025-09-21T17:55:02.148+0000] {dagbag.py:538} INFO - Filling up the DagBag from /home/airflow/.local/lib/python3.8/site-packages/airflow/example_dags/tutorial_taskflow_api.py
[2025-09-21T17:55:02.162+0000] {processor.py:840} INFO - DAG(s) 'tutorial_taskflow_api' retrieved from /home/airflow/.local/lib/python3.8/site-packages/airflow/example_dags/tutorial_taskflow_api.py
[2025-09-21T17:55:02.200+0000] {logging_mixin.py:188} INFO - [2025-09-21T17:55:02.200+0000] {dag.py:3036} INFO - Sync 1 DAGs
[2025-09-21T17:55:02.227+0000] {logging_mixin.py:188} INFO - [2025-09-21T17:55:02.226+0000] {dag.py:3823} INFO - Setting next_dagrun for tutorial_taskflow_api to None, run_after=None
[2025-09-21T17:55:02.264+0000] {processor.py:183} INFO - Processing /home/airflow/.local/lib/python3.8/site-packages/airflow/example_dags/tutorial_taskflow_api.py took 0.128 seconds
[2025-09-21T17:55:32.554+0000] {processor.py:161} INFO - Started process (PID=15637) to work on /home/airflow/.local/lib/python3.8/site-packages/airflow/example_dags/tutorial_taskflow_api.py
[2025-09-21T17:55:32.556+0000] {processor.py:830} INFO - Processing file /home/airflow/.local/lib/python3.8/site-packages/airflow/example_dags/tutorial_taskflow_api.py for tasks to queue
[2025-09-21T17:55:32.559+0000] {logging_mixin.py:188} INFO - [2025-09-21T17:55:32.558+0000] {dagbag.py:538} INFO - Filling up the DagBag from /home/airflow/.local/lib/python3.8/site-packages/airflow/example_dags/tutorial_taskflow_api.py
[2025-09-21T17:55:32.571+0000] {processor.py:840} INFO - DAG(s) 'tutorial_taskflow_api' retrieved from /home/airflow/.local/lib/python3.8/site-packages/airflow/example_dags/tutorial_taskflow_api.py
[2025-09-21T17:55:32.608+0000] {logging_mixin.py:188} INFO - [2025-09-21T17:55:32.607+0000] {dag.py:3036} INFO - Sync 1 DAGs
[2025-09-21T17:55:32.638+0000] {logging_mixin.py:188} INFO - [2025-09-21T17:55:32.637+0000] {dag.py:3823} INFO - Setting next_dagrun for tutorial_taskflow_api to None, run_after=None
[2025-09-21T17:55:32.683+0000] {processor.py:183} INFO - Processing /home/airflow/.local/lib/python3.8/site-packages/airflow/example_dags/tutorial_taskflow_api.py took 0.134 seconds
[2025-09-21T17:56:03.343+0000] {processor.py:161} INFO - Started process (PID=15695) to work on /home/airflow/.local/lib/python3.8/site-packages/airflow/example_dags/tutorial_taskflow_api.py
[2025-09-21T17:56:03.345+0000] {processor.py:830} INFO - Processing file /home/airflow/.local/lib/python3.8/site-packages/airflow/example_dags/tutorial_taskflow_api.py for tasks to queue
[2025-09-21T17:56:03.348+0000] {logging_mixin.py:188} INFO - [2025-09-21T17:56:03.348+0000] {dagbag.py:538} INFO - Filling up the DagBag from /home/airflow/.local/lib/python3.8/site-packages/airflow/example_dags/tutorial_taskflow_api.py
[2025-09-21T17:56:03.361+0000] {processor.py:840} INFO - DAG(s) 'tutorial_taskflow_api' retrieved from /home/airflow/.local/lib/python3.8/site-packages/airflow/example_dags/tutorial_taskflow_api.py
[2025-09-21T17:56:03.397+0000] {logging_mixin.py:188} INFO - [2025-09-21T17:56:03.397+0000] {dag.py:3036} INFO - Sync 1 DAGs
[2025-09-21T17:56:03.426+0000] {logging_mixin.py:188} INFO - [2025-09-21T17:56:03.426+0000] {dag.py:3823} INFO - Setting next_dagrun for tutorial_taskflow_api to None, run_after=None
[2025-09-21T17:56:03.461+0000] {processor.py:183} INFO - Processing /home/airflow/.local/lib/python3.8/site-packages/airflow/example_dags/tutorial_taskflow_api.py took 0.124 seconds
[2025-09-21T17:56:33.821+0000] {processor.py:161} INFO - Started process (PID=15753) to work on /home/airflow/.local/lib/python3.8/site-packages/airflow/example_dags/tutorial_taskflow_api.py
[2025-09-21T17:56:33.823+0000] {processor.py:830} INFO - Processing file /home/airflow/.local/lib/python3.8/site-packages/airflow/example_dags/tutorial_taskflow_api.py for tasks to queue
[2025-09-21T17:56:33.828+0000] {logging_mixin.py:188} INFO - [2025-09-21T17:56:33.827+0000] {dagbag.py:538} INFO - Filling up the DagBag from /home/airflow/.local/lib/python3.8/site-packages/airflow/example_dags/tutorial_taskflow_api.py
[2025-09-21T17:56:33.842+0000] {processor.py:840} INFO - DAG(s) 'tutorial_taskflow_api' retrieved from /home/airflow/.local/lib/python3.8/site-packages/airflow/example_dags/tutorial_taskflow_api.py
[2025-09-21T17:56:33.883+0000] {logging_mixin.py:188} INFO - [2025-09-21T17:56:33.882+0000] {dag.py:3036} INFO - Sync 1 DAGs
[2025-09-21T17:56:33.912+0000] {logging_mixin.py:188} INFO - [2025-09-21T17:56:33.911+0000] {dag.py:3823} INFO - Setting next_dagrun for tutorial_taskflow_api to None, run_after=None
[2025-09-21T17:56:33.960+0000] {processor.py:183} INFO - Processing /home/airflow/.local/lib/python3.8/site-packages/airflow/example_dags/tutorial_taskflow_api.py took 0.146 seconds
[2025-09-21T17:57:04.581+0000] {processor.py:161} INFO - Started process (PID=15811) to work on /home/airflow/.local/lib/python3.8/site-packages/airflow/example_dags/tutorial_taskflow_api.py
[2025-09-21T17:57:04.583+0000] {processor.py:830} INFO - Processing file /home/airflow/.local/lib/python3.8/site-packages/airflow/example_dags/tutorial_taskflow_api.py for tasks to queue
[2025-09-21T17:57:04.587+0000] {logging_mixin.py:188} INFO - [2025-09-21T17:57:04.586+0000] {dagbag.py:538} INFO - Filling up the DagBag from /home/airflow/.local/lib/python3.8/site-packages/airflow/example_dags/tutorial_taskflow_api.py
[2025-09-21T17:57:04.601+0000] {processor.py:840} INFO - DAG(s) 'tutorial_taskflow_api' retrieved from /home/airflow/.local/lib/python3.8/site-packages/airflow/example_dags/tutorial_taskflow_api.py
[2025-09-21T17:57:04.647+0000] {logging_mixin.py:188} INFO - [2025-09-21T17:57:04.646+0000] {dag.py:3036} INFO - Sync 1 DAGs
[2025-09-21T17:57:04.675+0000] {logging_mixin.py:188} INFO - [2025-09-21T17:57:04.674+0000] {dag.py:3823} INFO - Setting next_dagrun for tutorial_taskflow_api to None, run_after=None
[2025-09-21T17:57:04.724+0000] {processor.py:183} INFO - Processing /home/airflow/.local/lib/python3.8/site-packages/airflow/example_dags/tutorial_taskflow_api.py took 0.149 seconds
[2025-09-21T17:57:35.632+0000] {processor.py:161} INFO - Started process (PID=15869) to work on /home/airflow/.local/lib/python3.8/site-packages/airflow/example_dags/tutorial_taskflow_api.py
[2025-09-21T17:57:35.635+0000] {processor.py:830} INFO - Processing file /home/airflow/.local/lib/python3.8/site-packages/airflow/example_dags/tutorial_taskflow_api.py for tasks to queue
[2025-09-21T17:57:35.638+0000] {logging_mixin.py:188} INFO - [2025-09-21T17:57:35.638+0000] {dagbag.py:538} INFO - Filling up the DagBag from /home/airflow/.local/lib/python3.8/site-packages/airflow/example_dags/tutorial_taskflow_api.py
[2025-09-21T17:57:35.653+0000] {processor.py:840} INFO - DAG(s) 'tutorial_taskflow_api' retrieved from /home/airflow/.local/lib/python3.8/site-packages/airflow/example_dags/tutorial_taskflow_api.py
[2025-09-21T17:57:35.697+0000] {logging_mixin.py:188} INFO - [2025-09-21T17:57:35.697+0000] {dag.py:3036} INFO - Sync 1 DAGs
[2025-09-21T17:57:35.721+0000] {logging_mixin.py:188} INFO - [2025-09-21T17:57:35.721+0000] {dag.py:3823} INFO - Setting next_dagrun for tutorial_taskflow_api to None, run_after=None
[2025-09-21T17:57:35.762+0000] {processor.py:183} INFO - Processing /home/airflow/.local/lib/python3.8/site-packages/airflow/example_dags/tutorial_taskflow_api.py took 0.136 seconds
[2025-09-21T17:58:06.914+0000] {processor.py:161} INFO - Started process (PID=15927) to work on /home/airflow/.local/lib/python3.8/site-packages/airflow/example_dags/tutorial_taskflow_api.py
[2025-09-21T17:58:06.916+0000] {processor.py:830} INFO - Processing file /home/airflow/.local/lib/python3.8/site-packages/airflow/example_dags/tutorial_taskflow_api.py for tasks to queue
[2025-09-21T17:58:06.919+0000] {logging_mixin.py:188} INFO - [2025-09-21T17:58:06.919+0000] {dagbag.py:538} INFO - Filling up the DagBag from /home/airflow/.local/lib/python3.8/site-packages/airflow/example_dags/tutorial_taskflow_api.py
[2025-09-21T17:58:06.932+0000] {processor.py:840} INFO - DAG(s) 'tutorial_taskflow_api' retrieved from /home/airflow/.local/lib/python3.8/site-packages/airflow/example_dags/tutorial_taskflow_api.py
[2025-09-21T17:58:06.970+0000] {logging_mixin.py:188} INFO - [2025-09-21T17:58:06.969+0000] {dag.py:3036} INFO - Sync 1 DAGs
[2025-09-21T17:58:06.996+0000] {logging_mixin.py:188} INFO - [2025-09-21T17:58:06.995+0000] {dag.py:3823} INFO - Setting next_dagrun for tutorial_taskflow_api to None, run_after=None
[2025-09-21T17:58:07.033+0000] {processor.py:183} INFO - Processing /home/airflow/.local/lib/python3.8/site-packages/airflow/example_dags/tutorial_taskflow_api.py took 0.125 seconds
[2025-09-21T17:58:37.526+0000] {processor.py:161} INFO - Started process (PID=15985) to work on /home/airflow/.local/lib/python3.8/site-packages/airflow/example_dags/tutorial_taskflow_api.py
[2025-09-21T17:58:37.528+0000] {processor.py:830} INFO - Processing file /home/airflow/.local/lib/python3.8/site-packages/airflow/example_dags/tutorial_taskflow_api.py for tasks to queue
[2025-09-21T17:58:37.531+0000] {logging_mixin.py:188} INFO - [2025-09-21T17:58:37.531+0000] {dagbag.py:538} INFO - Filling up the DagBag from /home/airflow/.local/lib/python3.8/site-packages/airflow/example_dags/tutorial_taskflow_api.py
[2025-09-21T17:58:37.546+0000] {processor.py:840} INFO - DAG(s) 'tutorial_taskflow_api' retrieved from /home/airflow/.local/lib/python3.8/site-packages/airflow/example_dags/tutorial_taskflow_api.py
[2025-09-21T17:58:37.586+0000] {logging_mixin.py:188} INFO - [2025-09-21T17:58:37.586+0000] {dag.py:3036} INFO - Sync 1 DAGs
[2025-09-21T17:58:37.609+0000] {logging_mixin.py:188} INFO - [2025-09-21T17:58:37.609+0000] {dag.py:3823} INFO - Setting next_dagrun for tutorial_taskflow_api to None, run_after=None
[2025-09-21T17:58:37.643+0000] {processor.py:183} INFO - Processing /home/airflow/.local/lib/python3.8/site-packages/airflow/example_dags/tutorial_taskflow_api.py took 0.126 seconds
[2025-09-21T17:59:07.872+0000] {processor.py:161} INFO - Started process (PID=16043) to work on /home/airflow/.local/lib/python3.8/site-packages/airflow/example_dags/tutorial_taskflow_api.py
[2025-09-21T17:59:07.874+0000] {processor.py:830} INFO - Processing file /home/airflow/.local/lib/python3.8/site-packages/airflow/example_dags/tutorial_taskflow_api.py for tasks to queue
[2025-09-21T17:59:07.879+0000] {logging_mixin.py:188} INFO - [2025-09-21T17:59:07.878+0000] {dagbag.py:538} INFO - Filling up the DagBag from /home/airflow/.local/lib/python3.8/site-packages/airflow/example_dags/tutorial_taskflow_api.py
[2025-09-21T17:59:07.914+0000] {processor.py:840} INFO - DAG(s) 'tutorial_taskflow_api' retrieved from /home/airflow/.local/lib/python3.8/site-packages/airflow/example_dags/tutorial_taskflow_api.py
[2025-09-21T17:59:07.959+0000] {logging_mixin.py:188} INFO - [2025-09-21T17:59:07.959+0000] {dag.py:3036} INFO - Sync 1 DAGs
[2025-09-21T17:59:07.984+0000] {logging_mixin.py:188} INFO - [2025-09-21T17:59:07.984+0000] {dag.py:3823} INFO - Setting next_dagrun for tutorial_taskflow_api to None, run_after=None
[2025-09-21T17:59:08.022+0000] {processor.py:183} INFO - Processing /home/airflow/.local/lib/python3.8/site-packages/airflow/example_dags/tutorial_taskflow_api.py took 0.157 seconds
[2025-09-21T17:59:38.728+0000] {processor.py:161} INFO - Started process (PID=16101) to work on /home/airflow/.local/lib/python3.8/site-packages/airflow/example_dags/tutorial_taskflow_api.py
[2025-09-21T17:59:38.730+0000] {processor.py:830} INFO - Processing file /home/airflow/.local/lib/python3.8/site-packages/airflow/example_dags/tutorial_taskflow_api.py for tasks to queue
[2025-09-21T17:59:38.734+0000] {logging_mixin.py:188} INFO - [2025-09-21T17:59:38.733+0000] {dagbag.py:538} INFO - Filling up the DagBag from /home/airflow/.local/lib/python3.8/site-packages/airflow/example_dags/tutorial_taskflow_api.py
[2025-09-21T17:59:38.746+0000] {processor.py:840} INFO - DAG(s) 'tutorial_taskflow_api' retrieved from /home/airflow/.local/lib/python3.8/site-packages/airflow/example_dags/tutorial_taskflow_api.py
[2025-09-21T17:59:38.789+0000] {logging_mixin.py:188} INFO - [2025-09-21T17:59:38.788+0000] {dag.py:3036} INFO - Sync 1 DAGs
[2025-09-21T17:59:38.816+0000] {logging_mixin.py:188} INFO - [2025-09-21T17:59:38.815+0000] {dag.py:3823} INFO - Setting next_dagrun for tutorial_taskflow_api to None, run_after=None
[2025-09-21T17:59:38.855+0000] {processor.py:183} INFO - Processing /home/airflow/.local/lib/python3.8/site-packages/airflow/example_dags/tutorial_taskflow_api.py took 0.133 seconds
[2025-09-21T18:00:09.436+0000] {processor.py:161} INFO - Started process (PID=16159) to work on /home/airflow/.local/lib/python3.8/site-packages/airflow/example_dags/tutorial_taskflow_api.py
[2025-09-21T18:00:09.438+0000] {processor.py:830} INFO - Processing file /home/airflow/.local/lib/python3.8/site-packages/airflow/example_dags/tutorial_taskflow_api.py for tasks to queue
[2025-09-21T18:00:09.442+0000] {logging_mixin.py:188} INFO - [2025-09-21T18:00:09.441+0000] {dagbag.py:538} INFO - Filling up the DagBag from /home/airflow/.local/lib/python3.8/site-packages/airflow/example_dags/tutorial_taskflow_api.py
[2025-09-21T18:00:09.454+0000] {processor.py:840} INFO - DAG(s) 'tutorial_taskflow_api' retrieved from /home/airflow/.local/lib/python3.8/site-packages/airflow/example_dags/tutorial_taskflow_api.py
[2025-09-21T18:00:09.492+0000] {logging_mixin.py:188} INFO - [2025-09-21T18:00:09.491+0000] {dag.py:3036} INFO - Sync 1 DAGs
[2025-09-21T18:00:09.515+0000] {logging_mixin.py:188} INFO - [2025-09-21T18:00:09.515+0000] {dag.py:3823} INFO - Setting next_dagrun for tutorial_taskflow_api to None, run_after=None
[2025-09-21T18:00:09.558+0000] {processor.py:183} INFO - Processing /home/airflow/.local/lib/python3.8/site-packages/airflow/example_dags/tutorial_taskflow_api.py took 0.129 seconds
[2025-09-21T18:00:40.086+0000] {processor.py:161} INFO - Started process (PID=16217) to work on /home/airflow/.local/lib/python3.8/site-packages/airflow/example_dags/tutorial_taskflow_api.py
[2025-09-21T18:00:40.089+0000] {processor.py:830} INFO - Processing file /home/airflow/.local/lib/python3.8/site-packages/airflow/example_dags/tutorial_taskflow_api.py for tasks to queue
[2025-09-21T18:00:40.093+0000] {logging_mixin.py:188} INFO - [2025-09-21T18:00:40.093+0000] {dagbag.py:538} INFO - Filling up the DagBag from /home/airflow/.local/lib/python3.8/site-packages/airflow/example_dags/tutorial_taskflow_api.py
[2025-09-21T18:00:40.111+0000] {processor.py:840} INFO - DAG(s) 'tutorial_taskflow_api' retrieved from /home/airflow/.local/lib/python3.8/site-packages/airflow/example_dags/tutorial_taskflow_api.py
[2025-09-21T18:00:40.164+0000] {logging_mixin.py:188} INFO - [2025-09-21T18:00:40.163+0000] {dag.py:3036} INFO - Sync 1 DAGs
[2025-09-21T18:00:40.197+0000] {logging_mixin.py:188} INFO - [2025-09-21T18:00:40.197+0000] {dag.py:3823} INFO - Setting next_dagrun for tutorial_taskflow_api to None, run_after=None
[2025-09-21T18:00:40.248+0000] {processor.py:183} INFO - Processing /home/airflow/.local/lib/python3.8/site-packages/airflow/example_dags/tutorial_taskflow_api.py took 0.170 seconds
[2025-09-21T18:01:11.806+0000] {processor.py:161} INFO - Started process (PID=16275) to work on /home/airflow/.local/lib/python3.8/site-packages/airflow/example_dags/tutorial_taskflow_api.py
[2025-09-21T18:01:11.809+0000] {processor.py:830} INFO - Processing file /home/airflow/.local/lib/python3.8/site-packages/airflow/example_dags/tutorial_taskflow_api.py for tasks to queue
[2025-09-21T18:01:11.812+0000] {logging_mixin.py:188} INFO - [2025-09-21T18:01:11.812+0000] {dagbag.py:538} INFO - Filling up the DagBag from /home/airflow/.local/lib/python3.8/site-packages/airflow/example_dags/tutorial_taskflow_api.py
[2025-09-21T18:01:11.824+0000] {processor.py:840} INFO - DAG(s) 'tutorial_taskflow_api' retrieved from /home/airflow/.local/lib/python3.8/site-packages/airflow/example_dags/tutorial_taskflow_api.py
[2025-09-21T18:01:12.067+0000] {logging_mixin.py:188} INFO - [2025-09-21T18:01:12.066+0000] {dag.py:3036} INFO - Sync 1 DAGs
[2025-09-21T18:01:12.091+0000] {logging_mixin.py:188} INFO - [2025-09-21T18:01:12.091+0000] {dag.py:3823} INFO - Setting next_dagrun for tutorial_taskflow_api to None, run_after=None
[2025-09-21T18:01:12.130+0000] {processor.py:183} INFO - Processing /home/airflow/.local/lib/python3.8/site-packages/airflow/example_dags/tutorial_taskflow_api.py took 0.329 seconds
[2025-09-21T18:01:42.424+0000] {processor.py:161} INFO - Started process (PID=16333) to work on /home/airflow/.local/lib/python3.8/site-packages/airflow/example_dags/tutorial_taskflow_api.py
[2025-09-21T18:01:42.426+0000] {processor.py:830} INFO - Processing file /home/airflow/.local/lib/python3.8/site-packages/airflow/example_dags/tutorial_taskflow_api.py for tasks to queue
[2025-09-21T18:01:42.431+0000] {logging_mixin.py:188} INFO - [2025-09-21T18:01:42.430+0000] {dagbag.py:538} INFO - Filling up the DagBag from /home/airflow/.local/lib/python3.8/site-packages/airflow/example_dags/tutorial_taskflow_api.py
[2025-09-21T18:01:42.446+0000] {processor.py:840} INFO - DAG(s) 'tutorial_taskflow_api' retrieved from /home/airflow/.local/lib/python3.8/site-packages/airflow/example_dags/tutorial_taskflow_api.py
[2025-09-21T18:01:42.489+0000] {logging_mixin.py:188} INFO - [2025-09-21T18:01:42.489+0000] {dag.py:3036} INFO - Sync 1 DAGs
[2025-09-21T18:01:42.515+0000] {logging_mixin.py:188} INFO - [2025-09-21T18:01:42.515+0000] {dag.py:3823} INFO - Setting next_dagrun for tutorial_taskflow_api to None, run_after=None
[2025-09-21T18:01:42.556+0000] {processor.py:183} INFO - Processing /home/airflow/.local/lib/python3.8/site-packages/airflow/example_dags/tutorial_taskflow_api.py took 0.147 seconds
[2025-09-21T18:02:13.068+0000] {processor.py:161} INFO - Started process (PID=16391) to work on /home/airflow/.local/lib/python3.8/site-packages/airflow/example_dags/tutorial_taskflow_api.py
[2025-09-21T18:02:13.071+0000] {processor.py:830} INFO - Processing file /home/airflow/.local/lib/python3.8/site-packages/airflow/example_dags/tutorial_taskflow_api.py for tasks to queue
[2025-09-21T18:02:13.074+0000] {logging_mixin.py:188} INFO - [2025-09-21T18:02:13.074+0000] {dagbag.py:538} INFO - Filling up the DagBag from /home/airflow/.local/lib/python3.8/site-packages/airflow/example_dags/tutorial_taskflow_api.py
[2025-09-21T18:02:13.088+0000] {processor.py:840} INFO - DAG(s) 'tutorial_taskflow_api' retrieved from /home/airflow/.local/lib/python3.8/site-packages/airflow/example_dags/tutorial_taskflow_api.py
[2025-09-21T18:02:13.125+0000] {logging_mixin.py:188} INFO - [2025-09-21T18:02:13.124+0000] {dag.py:3036} INFO - Sync 1 DAGs
[2025-09-21T18:02:13.164+0000] {logging_mixin.py:188} INFO - [2025-09-21T18:02:13.163+0000] {dag.py:3823} INFO - Setting next_dagrun for tutorial_taskflow_api to None, run_after=None
[2025-09-21T18:02:13.212+0000] {processor.py:183} INFO - Processing /home/airflow/.local/lib/python3.8/site-packages/airflow/example_dags/tutorial_taskflow_api.py took 0.150 seconds
[2025-09-21T18:02:43.367+0000] {processor.py:161} INFO - Started process (PID=16449) to work on /home/airflow/.local/lib/python3.8/site-packages/airflow/example_dags/tutorial_taskflow_api.py
[2025-09-21T18:02:43.369+0000] {processor.py:830} INFO - Processing file /home/airflow/.local/lib/python3.8/site-packages/airflow/example_dags/tutorial_taskflow_api.py for tasks to queue
[2025-09-21T18:02:43.373+0000] {logging_mixin.py:188} INFO - [2025-09-21T18:02:43.372+0000] {dagbag.py:538} INFO - Filling up the DagBag from /home/airflow/.local/lib/python3.8/site-packages/airflow/example_dags/tutorial_taskflow_api.py
[2025-09-21T18:02:43.385+0000] {processor.py:840} INFO - DAG(s) 'tutorial_taskflow_api' retrieved from /home/airflow/.local/lib/python3.8/site-packages/airflow/example_dags/tutorial_taskflow_api.py
[2025-09-21T18:02:43.423+0000] {logging_mixin.py:188} INFO - [2025-09-21T18:02:43.422+0000] {dag.py:3036} INFO - Sync 1 DAGs
[2025-09-21T18:02:43.448+0000] {logging_mixin.py:188} INFO - [2025-09-21T18:02:43.448+0000] {dag.py:3823} INFO - Setting next_dagrun for tutorial_taskflow_api to None, run_after=None
[2025-09-21T18:02:43.489+0000] {processor.py:183} INFO - Processing /home/airflow/.local/lib/python3.8/site-packages/airflow/example_dags/tutorial_taskflow_api.py took 0.128 seconds
[2025-09-21T18:03:14.000+0000] {processor.py:161} INFO - Started process (PID=16507) to work on /home/airflow/.local/lib/python3.8/site-packages/airflow/example_dags/tutorial_taskflow_api.py
[2025-09-21T18:03:14.002+0000] {processor.py:830} INFO - Processing file /home/airflow/.local/lib/python3.8/site-packages/airflow/example_dags/tutorial_taskflow_api.py for tasks to queue
[2025-09-21T18:03:14.006+0000] {logging_mixin.py:188} INFO - [2025-09-21T18:03:14.005+0000] {dagbag.py:538} INFO - Filling up the DagBag from /home/airflow/.local/lib/python3.8/site-packages/airflow/example_dags/tutorial_taskflow_api.py
[2025-09-21T18:03:14.018+0000] {processor.py:840} INFO - DAG(s) 'tutorial_taskflow_api' retrieved from /home/airflow/.local/lib/python3.8/site-packages/airflow/example_dags/tutorial_taskflow_api.py
[2025-09-21T18:03:14.053+0000] {logging_mixin.py:188} INFO - [2025-09-21T18:03:14.052+0000] {dag.py:3036} INFO - Sync 1 DAGs
[2025-09-21T18:03:14.075+0000] {logging_mixin.py:188} INFO - [2025-09-21T18:03:14.074+0000] {dag.py:3823} INFO - Setting next_dagrun for tutorial_taskflow_api to None, run_after=None
[2025-09-21T18:03:14.115+0000] {processor.py:183} INFO - Processing /home/airflow/.local/lib/python3.8/site-packages/airflow/example_dags/tutorial_taskflow_api.py took 0.121 seconds
[2025-09-21T18:03:44.908+0000] {processor.py:161} INFO - Started process (PID=16565) to work on /home/airflow/.local/lib/python3.8/site-packages/airflow/example_dags/tutorial_taskflow_api.py
[2025-09-21T18:03:44.910+0000] {processor.py:830} INFO - Processing file /home/airflow/.local/lib/python3.8/site-packages/airflow/example_dags/tutorial_taskflow_api.py for tasks to queue
[2025-09-21T18:03:44.913+0000] {logging_mixin.py:188} INFO - [2025-09-21T18:03:44.913+0000] {dagbag.py:538} INFO - Filling up the DagBag from /home/airflow/.local/lib/python3.8/site-packages/airflow/example_dags/tutorial_taskflow_api.py
[2025-09-21T18:03:44.925+0000] {processor.py:840} INFO - DAG(s) 'tutorial_taskflow_api' retrieved from /home/airflow/.local/lib/python3.8/site-packages/airflow/example_dags/tutorial_taskflow_api.py
[2025-09-21T18:03:44.961+0000] {logging_mixin.py:188} INFO - [2025-09-21T18:03:44.961+0000] {dag.py:3036} INFO - Sync 1 DAGs
[2025-09-21T18:03:44.986+0000] {logging_mixin.py:188} INFO - [2025-09-21T18:03:44.985+0000] {dag.py:3823} INFO - Setting next_dagrun for tutorial_taskflow_api to None, run_after=None
[2025-09-21T18:03:45.027+0000] {processor.py:183} INFO - Processing /home/airflow/.local/lib/python3.8/site-packages/airflow/example_dags/tutorial_taskflow_api.py took 0.125 seconds
[2025-09-21T18:04:15.729+0000] {processor.py:161} INFO - Started process (PID=16623) to work on /home/airflow/.local/lib/python3.8/site-packages/airflow/example_dags/tutorial_taskflow_api.py
[2025-09-21T18:04:15.731+0000] {processor.py:830} INFO - Processing file /home/airflow/.local/lib/python3.8/site-packages/airflow/example_dags/tutorial_taskflow_api.py for tasks to queue
[2025-09-21T18:04:15.734+0000] {logging_mixin.py:188} INFO - [2025-09-21T18:04:15.734+0000] {dagbag.py:538} INFO - Filling up the DagBag from /home/airflow/.local/lib/python3.8/site-packages/airflow/example_dags/tutorial_taskflow_api.py
[2025-09-21T18:04:15.746+0000] {processor.py:840} INFO - DAG(s) 'tutorial_taskflow_api' retrieved from /home/airflow/.local/lib/python3.8/site-packages/airflow/example_dags/tutorial_taskflow_api.py
[2025-09-21T18:04:15.784+0000] {logging_mixin.py:188} INFO - [2025-09-21T18:04:15.784+0000] {dag.py:3036} INFO - Sync 1 DAGs
[2025-09-21T18:04:15.810+0000] {logging_mixin.py:188} INFO - [2025-09-21T18:04:15.810+0000] {dag.py:3823} INFO - Setting next_dagrun for tutorial_taskflow_api to None, run_after=None
[2025-09-21T18:04:15.848+0000] {processor.py:183} INFO - Processing /home/airflow/.local/lib/python3.8/site-packages/airflow/example_dags/tutorial_taskflow_api.py took 0.125 seconds
[2025-09-21T18:04:46.547+0000] {processor.py:161} INFO - Started process (PID=16681) to work on /home/airflow/.local/lib/python3.8/site-packages/airflow/example_dags/tutorial_taskflow_api.py
[2025-09-21T18:04:46.549+0000] {processor.py:830} INFO - Processing file /home/airflow/.local/lib/python3.8/site-packages/airflow/example_dags/tutorial_taskflow_api.py for tasks to queue
[2025-09-21T18:04:46.552+0000] {logging_mixin.py:188} INFO - [2025-09-21T18:04:46.552+0000] {dagbag.py:538} INFO - Filling up the DagBag from /home/airflow/.local/lib/python3.8/site-packages/airflow/example_dags/tutorial_taskflow_api.py
[2025-09-21T18:04:46.564+0000] {processor.py:840} INFO - DAG(s) 'tutorial_taskflow_api' retrieved from /home/airflow/.local/lib/python3.8/site-packages/airflow/example_dags/tutorial_taskflow_api.py
[2025-09-21T18:04:46.599+0000] {logging_mixin.py:188} INFO - [2025-09-21T18:04:46.599+0000] {dag.py:3036} INFO - Sync 1 DAGs
[2025-09-21T18:04:46.622+0000] {logging_mixin.py:188} INFO - [2025-09-21T18:04:46.622+0000] {dag.py:3823} INFO - Setting next_dagrun for tutorial_taskflow_api to None, run_after=None
[2025-09-21T18:04:46.659+0000] {processor.py:183} INFO - Processing /home/airflow/.local/lib/python3.8/site-packages/airflow/example_dags/tutorial_taskflow_api.py took 0.117 seconds
[2025-09-21T18:05:17.123+0000] {processor.py:161} INFO - Started process (PID=16738) to work on /home/airflow/.local/lib/python3.8/site-packages/airflow/example_dags/tutorial_taskflow_api.py
[2025-09-21T18:05:17.124+0000] {processor.py:830} INFO - Processing file /home/airflow/.local/lib/python3.8/site-packages/airflow/example_dags/tutorial_taskflow_api.py for tasks to queue
[2025-09-21T18:05:17.128+0000] {logging_mixin.py:188} INFO - [2025-09-21T18:05:17.127+0000] {dagbag.py:538} INFO - Filling up the DagBag from /home/airflow/.local/lib/python3.8/site-packages/airflow/example_dags/tutorial_taskflow_api.py
[2025-09-21T18:05:17.140+0000] {processor.py:840} INFO - DAG(s) 'tutorial_taskflow_api' retrieved from /home/airflow/.local/lib/python3.8/site-packages/airflow/example_dags/tutorial_taskflow_api.py
[2025-09-21T18:05:17.177+0000] {logging_mixin.py:188} INFO - [2025-09-21T18:05:17.177+0000] {dag.py:3036} INFO - Sync 1 DAGs
[2025-09-21T18:05:17.208+0000] {logging_mixin.py:188} INFO - [2025-09-21T18:05:17.207+0000] {dag.py:3823} INFO - Setting next_dagrun for tutorial_taskflow_api to None, run_after=None
[2025-09-21T18:05:17.244+0000] {processor.py:183} INFO - Processing /home/airflow/.local/lib/python3.8/site-packages/airflow/example_dags/tutorial_taskflow_api.py took 0.127 seconds
[2025-09-21T18:05:47.858+0000] {processor.py:161} INFO - Started process (PID=16796) to work on /home/airflow/.local/lib/python3.8/site-packages/airflow/example_dags/tutorial_taskflow_api.py
[2025-09-21T18:05:47.861+0000] {processor.py:830} INFO - Processing file /home/airflow/.local/lib/python3.8/site-packages/airflow/example_dags/tutorial_taskflow_api.py for tasks to queue
[2025-09-21T18:05:47.864+0000] {logging_mixin.py:188} INFO - [2025-09-21T18:05:47.864+0000] {dagbag.py:538} INFO - Filling up the DagBag from /home/airflow/.local/lib/python3.8/site-packages/airflow/example_dags/tutorial_taskflow_api.py
[2025-09-21T18:05:47.876+0000] {processor.py:840} INFO - DAG(s) 'tutorial_taskflow_api' retrieved from /home/airflow/.local/lib/python3.8/site-packages/airflow/example_dags/tutorial_taskflow_api.py
[2025-09-21T18:05:47.915+0000] {logging_mixin.py:188} INFO - [2025-09-21T18:05:47.915+0000] {dag.py:3036} INFO - Sync 1 DAGs
[2025-09-21T18:05:47.939+0000] {logging_mixin.py:188} INFO - [2025-09-21T18:05:47.938+0000] {dag.py:3823} INFO - Setting next_dagrun for tutorial_taskflow_api to None, run_after=None
[2025-09-21T18:05:47.981+0000] {processor.py:183} INFO - Processing /home/airflow/.local/lib/python3.8/site-packages/airflow/example_dags/tutorial_taskflow_api.py took 0.132 seconds
[2025-09-21T18:06:18.197+0000] {processor.py:161} INFO - Started process (PID=16854) to work on /home/airflow/.local/lib/python3.8/site-packages/airflow/example_dags/tutorial_taskflow_api.py
[2025-09-21T18:06:18.199+0000] {processor.py:830} INFO - Processing file /home/airflow/.local/lib/python3.8/site-packages/airflow/example_dags/tutorial_taskflow_api.py for tasks to queue
[2025-09-21T18:06:18.203+0000] {logging_mixin.py:188} INFO - [2025-09-21T18:06:18.202+0000] {dagbag.py:538} INFO - Filling up the DagBag from /home/airflow/.local/lib/python3.8/site-packages/airflow/example_dags/tutorial_taskflow_api.py
[2025-09-21T18:06:18.215+0000] {processor.py:840} INFO - DAG(s) 'tutorial_taskflow_api' retrieved from /home/airflow/.local/lib/python3.8/site-packages/airflow/example_dags/tutorial_taskflow_api.py
[2025-09-21T18:06:18.250+0000] {logging_mixin.py:188} INFO - [2025-09-21T18:06:18.250+0000] {dag.py:3036} INFO - Sync 1 DAGs
[2025-09-21T18:06:18.273+0000] {logging_mixin.py:188} INFO - [2025-09-21T18:06:18.273+0000] {dag.py:3823} INFO - Setting next_dagrun for tutorial_taskflow_api to None, run_after=None
[2025-09-21T18:06:18.313+0000] {processor.py:183} INFO - Processing /home/airflow/.local/lib/python3.8/site-packages/airflow/example_dags/tutorial_taskflow_api.py took 0.122 seconds
[2025-09-21T18:06:48.568+0000] {processor.py:161} INFO - Started process (PID=16912) to work on /home/airflow/.local/lib/python3.8/site-packages/airflow/example_dags/tutorial_taskflow_api.py
[2025-09-21T18:06:48.570+0000] {processor.py:830} INFO - Processing file /home/airflow/.local/lib/python3.8/site-packages/airflow/example_dags/tutorial_taskflow_api.py for tasks to queue
[2025-09-21T18:06:48.573+0000] {logging_mixin.py:188} INFO - [2025-09-21T18:06:48.573+0000] {dagbag.py:538} INFO - Filling up the DagBag from /home/airflow/.local/lib/python3.8/site-packages/airflow/example_dags/tutorial_taskflow_api.py
[2025-09-21T18:06:48.585+0000] {processor.py:840} INFO - DAG(s) 'tutorial_taskflow_api' retrieved from /home/airflow/.local/lib/python3.8/site-packages/airflow/example_dags/tutorial_taskflow_api.py
[2025-09-21T18:06:48.619+0000] {logging_mixin.py:188} INFO - [2025-09-21T18:06:48.619+0000] {dag.py:3036} INFO - Sync 1 DAGs
[2025-09-21T18:06:48.642+0000] {logging_mixin.py:188} INFO - [2025-09-21T18:06:48.641+0000] {dag.py:3823} INFO - Setting next_dagrun for tutorial_taskflow_api to None, run_after=None
[2025-09-21T18:06:48.681+0000] {processor.py:183} INFO - Processing /home/airflow/.local/lib/python3.8/site-packages/airflow/example_dags/tutorial_taskflow_api.py took 0.119 seconds
[2025-09-21T18:07:18.994+0000] {processor.py:161} INFO - Started process (PID=16970) to work on /home/airflow/.local/lib/python3.8/site-packages/airflow/example_dags/tutorial_taskflow_api.py
[2025-09-21T18:07:18.996+0000] {processor.py:830} INFO - Processing file /home/airflow/.local/lib/python3.8/site-packages/airflow/example_dags/tutorial_taskflow_api.py for tasks to queue
[2025-09-21T18:07:19.000+0000] {logging_mixin.py:188} INFO - [2025-09-21T18:07:18.999+0000] {dagbag.py:538} INFO - Filling up the DagBag from /home/airflow/.local/lib/python3.8/site-packages/airflow/example_dags/tutorial_taskflow_api.py
[2025-09-21T18:07:19.011+0000] {processor.py:840} INFO - DAG(s) 'tutorial_taskflow_api' retrieved from /home/airflow/.local/lib/python3.8/site-packages/airflow/example_dags/tutorial_taskflow_api.py
[2025-09-21T18:07:19.046+0000] {logging_mixin.py:188} INFO - [2025-09-21T18:07:19.046+0000] {dag.py:3036} INFO - Sync 1 DAGs
[2025-09-21T18:07:19.070+0000] {logging_mixin.py:188} INFO - [2025-09-21T18:07:19.069+0000] {dag.py:3823} INFO - Setting next_dagrun for tutorial_taskflow_api to None, run_after=None
[2025-09-21T18:07:19.106+0000] {processor.py:183} INFO - Processing /home/airflow/.local/lib/python3.8/site-packages/airflow/example_dags/tutorial_taskflow_api.py took 0.118 seconds
[2025-09-21T18:07:49.541+0000] {processor.py:161} INFO - Started process (PID=17029) to work on /home/airflow/.local/lib/python3.8/site-packages/airflow/example_dags/tutorial_taskflow_api.py
[2025-09-21T18:07:49.543+0000] {processor.py:830} INFO - Processing file /home/airflow/.local/lib/python3.8/site-packages/airflow/example_dags/tutorial_taskflow_api.py for tasks to queue
[2025-09-21T18:07:49.547+0000] {logging_mixin.py:188} INFO - [2025-09-21T18:07:49.546+0000] {dagbag.py:538} INFO - Filling up the DagBag from /home/airflow/.local/lib/python3.8/site-packages/airflow/example_dags/tutorial_taskflow_api.py
[2025-09-21T18:07:49.559+0000] {processor.py:840} INFO - DAG(s) 'tutorial_taskflow_api' retrieved from /home/airflow/.local/lib/python3.8/site-packages/airflow/example_dags/tutorial_taskflow_api.py
[2025-09-21T18:07:49.594+0000] {logging_mixin.py:188} INFO - [2025-09-21T18:07:49.594+0000] {dag.py:3036} INFO - Sync 1 DAGs
[2025-09-21T18:07:49.617+0000] {logging_mixin.py:188} INFO - [2025-09-21T18:07:49.617+0000] {dag.py:3823} INFO - Setting next_dagrun for tutorial_taskflow_api to None, run_after=None
[2025-09-21T18:07:49.661+0000] {processor.py:183} INFO - Processing /home/airflow/.local/lib/python3.8/site-packages/airflow/example_dags/tutorial_taskflow_api.py took 0.126 seconds
[2025-09-21T18:08:19.756+0000] {processor.py:161} INFO - Started process (PID=17087) to work on /home/airflow/.local/lib/python3.8/site-packages/airflow/example_dags/tutorial_taskflow_api.py
[2025-09-21T18:08:19.758+0000] {processor.py:830} INFO - Processing file /home/airflow/.local/lib/python3.8/site-packages/airflow/example_dags/tutorial_taskflow_api.py for tasks to queue
[2025-09-21T18:08:19.762+0000] {logging_mixin.py:188} INFO - [2025-09-21T18:08:19.761+0000] {dagbag.py:538} INFO - Filling up the DagBag from /home/airflow/.local/lib/python3.8/site-packages/airflow/example_dags/tutorial_taskflow_api.py
[2025-09-21T18:08:19.774+0000] {processor.py:840} INFO - DAG(s) 'tutorial_taskflow_api' retrieved from /home/airflow/.local/lib/python3.8/site-packages/airflow/example_dags/tutorial_taskflow_api.py
[2025-09-21T18:08:19.809+0000] {logging_mixin.py:188} INFO - [2025-09-21T18:08:19.809+0000] {dag.py:3036} INFO - Sync 1 DAGs
[2025-09-21T18:08:19.832+0000] {logging_mixin.py:188} INFO - [2025-09-21T18:08:19.832+0000] {dag.py:3823} INFO - Setting next_dagrun for tutorial_taskflow_api to None, run_after=None
[2025-09-21T18:08:19.868+0000] {processor.py:183} INFO - Processing /home/airflow/.local/lib/python3.8/site-packages/airflow/example_dags/tutorial_taskflow_api.py took 0.118 seconds
[2025-09-21T18:08:49.959+0000] {processor.py:161} INFO - Started process (PID=17144) to work on /home/airflow/.local/lib/python3.8/site-packages/airflow/example_dags/tutorial_taskflow_api.py
[2025-09-21T18:08:49.961+0000] {processor.py:830} INFO - Processing file /home/airflow/.local/lib/python3.8/site-packages/airflow/example_dags/tutorial_taskflow_api.py for tasks to queue
[2025-09-21T18:08:49.965+0000] {logging_mixin.py:188} INFO - [2025-09-21T18:08:49.964+0000] {dagbag.py:538} INFO - Filling up the DagBag from /home/airflow/.local/lib/python3.8/site-packages/airflow/example_dags/tutorial_taskflow_api.py
[2025-09-21T18:08:49.976+0000] {processor.py:840} INFO - DAG(s) 'tutorial_taskflow_api' retrieved from /home/airflow/.local/lib/python3.8/site-packages/airflow/example_dags/tutorial_taskflow_api.py
[2025-09-21T18:08:50.016+0000] {logging_mixin.py:188} INFO - [2025-09-21T18:08:50.015+0000] {dag.py:3036} INFO - Sync 1 DAGs
[2025-09-21T18:08:50.038+0000] {logging_mixin.py:188} INFO - [2025-09-21T18:08:50.038+0000] {dag.py:3823} INFO - Setting next_dagrun for tutorial_taskflow_api to None, run_after=None
[2025-09-21T18:08:50.076+0000] {processor.py:183} INFO - Processing /home/airflow/.local/lib/python3.8/site-packages/airflow/example_dags/tutorial_taskflow_api.py took 0.123 seconds
[2025-09-21T18:09:20.503+0000] {processor.py:161} INFO - Started process (PID=17203) to work on /home/airflow/.local/lib/python3.8/site-packages/airflow/example_dags/tutorial_taskflow_api.py
[2025-09-21T18:09:20.506+0000] {processor.py:830} INFO - Processing file /home/airflow/.local/lib/python3.8/site-packages/airflow/example_dags/tutorial_taskflow_api.py for tasks to queue
[2025-09-21T18:09:20.510+0000] {logging_mixin.py:188} INFO - [2025-09-21T18:09:20.510+0000] {dagbag.py:538} INFO - Filling up the DagBag from /home/airflow/.local/lib/python3.8/site-packages/airflow/example_dags/tutorial_taskflow_api.py
[2025-09-21T18:09:20.525+0000] {processor.py:840} INFO - DAG(s) 'tutorial_taskflow_api' retrieved from /home/airflow/.local/lib/python3.8/site-packages/airflow/example_dags/tutorial_taskflow_api.py
[2025-09-21T18:09:20.574+0000] {logging_mixin.py:188} INFO - [2025-09-21T18:09:20.574+0000] {dag.py:3036} INFO - Sync 1 DAGs
[2025-09-21T18:09:20.616+0000] {logging_mixin.py:188} INFO - [2025-09-21T18:09:20.615+0000] {dag.py:3823} INFO - Setting next_dagrun for tutorial_taskflow_api to None, run_after=None
[2025-09-21T18:09:20.680+0000] {processor.py:183} INFO - Processing /home/airflow/.local/lib/python3.8/site-packages/airflow/example_dags/tutorial_taskflow_api.py took 0.183 seconds
[2025-09-21T18:09:51.458+0000] {processor.py:161} INFO - Started process (PID=17261) to work on /home/airflow/.local/lib/python3.8/site-packages/airflow/example_dags/tutorial_taskflow_api.py
[2025-09-21T18:09:51.460+0000] {processor.py:830} INFO - Processing file /home/airflow/.local/lib/python3.8/site-packages/airflow/example_dags/tutorial_taskflow_api.py for tasks to queue
[2025-09-21T18:09:51.464+0000] {logging_mixin.py:188} INFO - [2025-09-21T18:09:51.463+0000] {dagbag.py:538} INFO - Filling up the DagBag from /home/airflow/.local/lib/python3.8/site-packages/airflow/example_dags/tutorial_taskflow_api.py
[2025-09-21T18:09:51.479+0000] {processor.py:840} INFO - DAG(s) 'tutorial_taskflow_api' retrieved from /home/airflow/.local/lib/python3.8/site-packages/airflow/example_dags/tutorial_taskflow_api.py
[2025-09-21T18:09:51.519+0000] {logging_mixin.py:188} INFO - [2025-09-21T18:09:51.519+0000] {dag.py:3036} INFO - Sync 1 DAGs
[2025-09-21T18:09:51.552+0000] {logging_mixin.py:188} INFO - [2025-09-21T18:09:51.552+0000] {dag.py:3823} INFO - Setting next_dagrun for tutorial_taskflow_api to None, run_after=None
[2025-09-21T18:09:51.598+0000] {processor.py:183} INFO - Processing /home/airflow/.local/lib/python3.8/site-packages/airflow/example_dags/tutorial_taskflow_api.py took 0.146 seconds
[2025-09-21T18:10:22.127+0000] {processor.py:161} INFO - Started process (PID=17318) to work on /home/airflow/.local/lib/python3.8/site-packages/airflow/example_dags/tutorial_taskflow_api.py
[2025-09-21T18:10:22.129+0000] {processor.py:830} INFO - Processing file /home/airflow/.local/lib/python3.8/site-packages/airflow/example_dags/tutorial_taskflow_api.py for tasks to queue
[2025-09-21T18:10:22.133+0000] {logging_mixin.py:188} INFO - [2025-09-21T18:10:22.133+0000] {dagbag.py:538} INFO - Filling up the DagBag from /home/airflow/.local/lib/python3.8/site-packages/airflow/example_dags/tutorial_taskflow_api.py
[2025-09-21T18:10:22.147+0000] {processor.py:840} INFO - DAG(s) 'tutorial_taskflow_api' retrieved from /home/airflow/.local/lib/python3.8/site-packages/airflow/example_dags/tutorial_taskflow_api.py
[2025-09-21T18:10:22.184+0000] {logging_mixin.py:188} INFO - [2025-09-21T18:10:22.184+0000] {dag.py:3036} INFO - Sync 1 DAGs
[2025-09-21T18:10:22.210+0000] {logging_mixin.py:188} INFO - [2025-09-21T18:10:22.209+0000] {dag.py:3823} INFO - Setting next_dagrun for tutorial_taskflow_api to None, run_after=None
[2025-09-21T18:10:22.246+0000] {processor.py:183} INFO - Processing /home/airflow/.local/lib/python3.8/site-packages/airflow/example_dags/tutorial_taskflow_api.py took 0.126 seconds
[2025-09-21T18:10:52.800+0000] {processor.py:161} INFO - Started process (PID=17377) to work on /home/airflow/.local/lib/python3.8/site-packages/airflow/example_dags/tutorial_taskflow_api.py
[2025-09-21T18:10:52.802+0000] {processor.py:830} INFO - Processing file /home/airflow/.local/lib/python3.8/site-packages/airflow/example_dags/tutorial_taskflow_api.py for tasks to queue
[2025-09-21T18:10:52.806+0000] {logging_mixin.py:188} INFO - [2025-09-21T18:10:52.805+0000] {dagbag.py:538} INFO - Filling up the DagBag from /home/airflow/.local/lib/python3.8/site-packages/airflow/example_dags/tutorial_taskflow_api.py
[2025-09-21T18:10:52.820+0000] {processor.py:840} INFO - DAG(s) 'tutorial_taskflow_api' retrieved from /home/airflow/.local/lib/python3.8/site-packages/airflow/example_dags/tutorial_taskflow_api.py
[2025-09-21T18:10:52.859+0000] {logging_mixin.py:188} INFO - [2025-09-21T18:10:52.859+0000] {dag.py:3036} INFO - Sync 1 DAGs
[2025-09-21T18:10:52.889+0000] {logging_mixin.py:188} INFO - [2025-09-21T18:10:52.888+0000] {dag.py:3823} INFO - Setting next_dagrun for tutorial_taskflow_api to None, run_after=None
[2025-09-21T18:10:52.934+0000] {processor.py:183} INFO - Processing /home/airflow/.local/lib/python3.8/site-packages/airflow/example_dags/tutorial_taskflow_api.py took 0.140 seconds
[2025-09-21T18:11:23.667+0000] {processor.py:161} INFO - Started process (PID=17435) to work on /home/airflow/.local/lib/python3.8/site-packages/airflow/example_dags/tutorial_taskflow_api.py
[2025-09-21T18:11:23.669+0000] {processor.py:830} INFO - Processing file /home/airflow/.local/lib/python3.8/site-packages/airflow/example_dags/tutorial_taskflow_api.py for tasks to queue
[2025-09-21T18:11:23.672+0000] {logging_mixin.py:188} INFO - [2025-09-21T18:11:23.672+0000] {dagbag.py:538} INFO - Filling up the DagBag from /home/airflow/.local/lib/python3.8/site-packages/airflow/example_dags/tutorial_taskflow_api.py
[2025-09-21T18:11:23.688+0000] {processor.py:840} INFO - DAG(s) 'tutorial_taskflow_api' retrieved from /home/airflow/.local/lib/python3.8/site-packages/airflow/example_dags/tutorial_taskflow_api.py
[2025-09-21T18:11:23.732+0000] {logging_mixin.py:188} INFO - [2025-09-21T18:11:23.731+0000] {dag.py:3036} INFO - Sync 1 DAGs
[2025-09-21T18:11:23.759+0000] {logging_mixin.py:188} INFO - [2025-09-21T18:11:23.758+0000] {dag.py:3823} INFO - Setting next_dagrun for tutorial_taskflow_api to None, run_after=None
[2025-09-21T18:11:23.793+0000] {processor.py:183} INFO - Processing /home/airflow/.local/lib/python3.8/site-packages/airflow/example_dags/tutorial_taskflow_api.py took 0.134 seconds
[2025-09-21T18:11:54.315+0000] {processor.py:161} INFO - Started process (PID=17493) to work on /home/airflow/.local/lib/python3.8/site-packages/airflow/example_dags/tutorial_taskflow_api.py
[2025-09-21T18:11:54.317+0000] {processor.py:830} INFO - Processing file /home/airflow/.local/lib/python3.8/site-packages/airflow/example_dags/tutorial_taskflow_api.py for tasks to queue
[2025-09-21T18:11:54.320+0000] {logging_mixin.py:188} INFO - [2025-09-21T18:11:54.319+0000] {dagbag.py:538} INFO - Filling up the DagBag from /home/airflow/.local/lib/python3.8/site-packages/airflow/example_dags/tutorial_taskflow_api.py
[2025-09-21T18:11:54.334+0000] {processor.py:840} INFO - DAG(s) 'tutorial_taskflow_api' retrieved from /home/airflow/.local/lib/python3.8/site-packages/airflow/example_dags/tutorial_taskflow_api.py
[2025-09-21T18:11:54.373+0000] {logging_mixin.py:188} INFO - [2025-09-21T18:11:54.373+0000] {dag.py:3036} INFO - Sync 1 DAGs
[2025-09-21T18:11:54.397+0000] {logging_mixin.py:188} INFO - [2025-09-21T18:11:54.397+0000] {dag.py:3823} INFO - Setting next_dagrun for tutorial_taskflow_api to None, run_after=None
[2025-09-21T18:11:54.432+0000] {processor.py:183} INFO - Processing /home/airflow/.local/lib/python3.8/site-packages/airflow/example_dags/tutorial_taskflow_api.py took 0.125 seconds
[2025-09-21T18:12:24.881+0000] {processor.py:161} INFO - Started process (PID=17551) to work on /home/airflow/.local/lib/python3.8/site-packages/airflow/example_dags/tutorial_taskflow_api.py
[2025-09-21T18:12:24.883+0000] {processor.py:830} INFO - Processing file /home/airflow/.local/lib/python3.8/site-packages/airflow/example_dags/tutorial_taskflow_api.py for tasks to queue
[2025-09-21T18:12:24.888+0000] {logging_mixin.py:188} INFO - [2025-09-21T18:12:24.887+0000] {dagbag.py:538} INFO - Filling up the DagBag from /home/airflow/.local/lib/python3.8/site-packages/airflow/example_dags/tutorial_taskflow_api.py
[2025-09-21T18:12:24.902+0000] {processor.py:840} INFO - DAG(s) 'tutorial_taskflow_api' retrieved from /home/airflow/.local/lib/python3.8/site-packages/airflow/example_dags/tutorial_taskflow_api.py
[2025-09-21T18:12:24.953+0000] {logging_mixin.py:188} INFO - [2025-09-21T18:12:24.952+0000] {dag.py:3036} INFO - Sync 1 DAGs
[2025-09-21T18:12:25.001+0000] {logging_mixin.py:188} INFO - [2025-09-21T18:12:25.000+0000] {dag.py:3823} INFO - Setting next_dagrun for tutorial_taskflow_api to None, run_after=None
[2025-09-21T18:12:25.063+0000] {processor.py:183} INFO - Processing /home/airflow/.local/lib/python3.8/site-packages/airflow/example_dags/tutorial_taskflow_api.py took 0.188 seconds
[2025-09-21T18:12:55.503+0000] {processor.py:161} INFO - Started process (PID=17609) to work on /home/airflow/.local/lib/python3.8/site-packages/airflow/example_dags/tutorial_taskflow_api.py
[2025-09-21T18:12:55.505+0000] {processor.py:830} INFO - Processing file /home/airflow/.local/lib/python3.8/site-packages/airflow/example_dags/tutorial_taskflow_api.py for tasks to queue
[2025-09-21T18:12:55.509+0000] {logging_mixin.py:188} INFO - [2025-09-21T18:12:55.508+0000] {dagbag.py:538} INFO - Filling up the DagBag from /home/airflow/.local/lib/python3.8/site-packages/airflow/example_dags/tutorial_taskflow_api.py
[2025-09-21T18:12:55.522+0000] {processor.py:840} INFO - DAG(s) 'tutorial_taskflow_api' retrieved from /home/airflow/.local/lib/python3.8/site-packages/airflow/example_dags/tutorial_taskflow_api.py
[2025-09-21T18:12:55.560+0000] {logging_mixin.py:188} INFO - [2025-09-21T18:12:55.560+0000] {dag.py:3036} INFO - Sync 1 DAGs
[2025-09-21T18:12:55.589+0000] {logging_mixin.py:188} INFO - [2025-09-21T18:12:55.588+0000] {dag.py:3823} INFO - Setting next_dagrun for tutorial_taskflow_api to None, run_after=None
[2025-09-21T18:12:55.636+0000] {processor.py:183} INFO - Processing /home/airflow/.local/lib/python3.8/site-packages/airflow/example_dags/tutorial_taskflow_api.py took 0.140 seconds
[2025-09-21T18:13:26.238+0000] {processor.py:161} INFO - Started process (PID=17667) to work on /home/airflow/.local/lib/python3.8/site-packages/airflow/example_dags/tutorial_taskflow_api.py
[2025-09-21T18:13:26.240+0000] {processor.py:830} INFO - Processing file /home/airflow/.local/lib/python3.8/site-packages/airflow/example_dags/tutorial_taskflow_api.py for tasks to queue
[2025-09-21T18:13:26.244+0000] {logging_mixin.py:188} INFO - [2025-09-21T18:13:26.243+0000] {dagbag.py:538} INFO - Filling up the DagBag from /home/airflow/.local/lib/python3.8/site-packages/airflow/example_dags/tutorial_taskflow_api.py
[2025-09-21T18:13:26.258+0000] {processor.py:840} INFO - DAG(s) 'tutorial_taskflow_api' retrieved from /home/airflow/.local/lib/python3.8/site-packages/airflow/example_dags/tutorial_taskflow_api.py
[2025-09-21T18:13:26.297+0000] {logging_mixin.py:188} INFO - [2025-09-21T18:13:26.297+0000] {dag.py:3036} INFO - Sync 1 DAGs
[2025-09-21T18:13:26.324+0000] {logging_mixin.py:188} INFO - [2025-09-21T18:13:26.324+0000] {dag.py:3823} INFO - Setting next_dagrun for tutorial_taskflow_api to None, run_after=None
[2025-09-21T18:13:26.366+0000] {processor.py:183} INFO - Processing /home/airflow/.local/lib/python3.8/site-packages/airflow/example_dags/tutorial_taskflow_api.py took 0.135 seconds
[2025-09-21T18:13:57.131+0000] {processor.py:161} INFO - Started process (PID=17725) to work on /home/airflow/.local/lib/python3.8/site-packages/airflow/example_dags/tutorial_taskflow_api.py
[2025-09-21T18:13:57.135+0000] {processor.py:830} INFO - Processing file /home/airflow/.local/lib/python3.8/site-packages/airflow/example_dags/tutorial_taskflow_api.py for tasks to queue
[2025-09-21T18:13:57.141+0000] {logging_mixin.py:188} INFO - [2025-09-21T18:13:57.140+0000] {dagbag.py:538} INFO - Filling up the DagBag from /home/airflow/.local/lib/python3.8/site-packages/airflow/example_dags/tutorial_taskflow_api.py
[2025-09-21T18:13:57.163+0000] {processor.py:840} INFO - DAG(s) 'tutorial_taskflow_api' retrieved from /home/airflow/.local/lib/python3.8/site-packages/airflow/example_dags/tutorial_taskflow_api.py
[2025-09-21T18:13:57.228+0000] {logging_mixin.py:188} INFO - [2025-09-21T18:13:57.227+0000] {dag.py:3036} INFO - Sync 1 DAGs
[2025-09-21T18:13:57.260+0000] {logging_mixin.py:188} INFO - [2025-09-21T18:13:57.259+0000] {dag.py:3823} INFO - Setting next_dagrun for tutorial_taskflow_api to None, run_after=None
[2025-09-21T18:13:57.304+0000] {processor.py:183} INFO - Processing /home/airflow/.local/lib/python3.8/site-packages/airflow/example_dags/tutorial_taskflow_api.py took 0.183 seconds
[2025-09-21T18:14:27.790+0000] {processor.py:161} INFO - Started process (PID=17783) to work on /home/airflow/.local/lib/python3.8/site-packages/airflow/example_dags/tutorial_taskflow_api.py
[2025-09-21T18:14:27.792+0000] {processor.py:830} INFO - Processing file /home/airflow/.local/lib/python3.8/site-packages/airflow/example_dags/tutorial_taskflow_api.py for tasks to queue
[2025-09-21T18:14:27.797+0000] {logging_mixin.py:188} INFO - [2025-09-21T18:14:27.797+0000] {dagbag.py:538} INFO - Filling up the DagBag from /home/airflow/.local/lib/python3.8/site-packages/airflow/example_dags/tutorial_taskflow_api.py
[2025-09-21T18:14:27.810+0000] {processor.py:840} INFO - DAG(s) 'tutorial_taskflow_api' retrieved from /home/airflow/.local/lib/python3.8/site-packages/airflow/example_dags/tutorial_taskflow_api.py
[2025-09-21T18:14:27.851+0000] {logging_mixin.py:188} INFO - [2025-09-21T18:14:27.850+0000] {dag.py:3036} INFO - Sync 1 DAGs
[2025-09-21T18:14:27.875+0000] {logging_mixin.py:188} INFO - [2025-09-21T18:14:27.875+0000] {dag.py:3823} INFO - Setting next_dagrun for tutorial_taskflow_api to None, run_after=None
[2025-09-21T18:14:27.913+0000] {processor.py:183} INFO - Processing /home/airflow/.local/lib/python3.8/site-packages/airflow/example_dags/tutorial_taskflow_api.py took 0.130 seconds
[2025-09-21T18:14:58.131+0000] {processor.py:161} INFO - Started process (PID=17838) to work on /home/airflow/.local/lib/python3.8/site-packages/airflow/example_dags/tutorial_taskflow_api.py
[2025-09-21T18:14:58.134+0000] {processor.py:830} INFO - Processing file /home/airflow/.local/lib/python3.8/site-packages/airflow/example_dags/tutorial_taskflow_api.py for tasks to queue
[2025-09-21T18:14:58.138+0000] {logging_mixin.py:188} INFO - [2025-09-21T18:14:58.137+0000] {dagbag.py:538} INFO - Filling up the DagBag from /home/airflow/.local/lib/python3.8/site-packages/airflow/example_dags/tutorial_taskflow_api.py
[2025-09-21T18:14:58.153+0000] {processor.py:840} INFO - DAG(s) 'tutorial_taskflow_api' retrieved from /home/airflow/.local/lib/python3.8/site-packages/airflow/example_dags/tutorial_taskflow_api.py
[2025-09-21T18:14:58.195+0000] {logging_mixin.py:188} INFO - [2025-09-21T18:14:58.194+0000] {dag.py:3036} INFO - Sync 1 DAGs
[2025-09-21T18:14:58.221+0000] {logging_mixin.py:188} INFO - [2025-09-21T18:14:58.220+0000] {dag.py:3823} INFO - Setting next_dagrun for tutorial_taskflow_api to None, run_after=None
[2025-09-21T18:14:58.262+0000] {processor.py:183} INFO - Processing /home/airflow/.local/lib/python3.8/site-packages/airflow/example_dags/tutorial_taskflow_api.py took 0.138 seconds
[2025-09-21T18:15:28.547+0000] {processor.py:161} INFO - Started process (PID=17896) to work on /home/airflow/.local/lib/python3.8/site-packages/airflow/example_dags/tutorial_taskflow_api.py
[2025-09-21T18:15:28.549+0000] {processor.py:830} INFO - Processing file /home/airflow/.local/lib/python3.8/site-packages/airflow/example_dags/tutorial_taskflow_api.py for tasks to queue
[2025-09-21T18:15:28.553+0000] {logging_mixin.py:188} INFO - [2025-09-21T18:15:28.552+0000] {dagbag.py:538} INFO - Filling up the DagBag from /home/airflow/.local/lib/python3.8/site-packages/airflow/example_dags/tutorial_taskflow_api.py
[2025-09-21T18:15:28.570+0000] {processor.py:840} INFO - DAG(s) 'tutorial_taskflow_api' retrieved from /home/airflow/.local/lib/python3.8/site-packages/airflow/example_dags/tutorial_taskflow_api.py
[2025-09-21T18:15:28.606+0000] {logging_mixin.py:188} INFO - [2025-09-21T18:15:28.606+0000] {dag.py:3036} INFO - Sync 1 DAGs
[2025-09-21T18:15:28.633+0000] {logging_mixin.py:188} INFO - [2025-09-21T18:15:28.633+0000] {dag.py:3823} INFO - Setting next_dagrun for tutorial_taskflow_api to None, run_after=None
[2025-09-21T18:15:28.671+0000] {processor.py:183} INFO - Processing /home/airflow/.local/lib/python3.8/site-packages/airflow/example_dags/tutorial_taskflow_api.py took 0.131 seconds
[2025-09-21T18:15:59.174+0000] {processor.py:161} INFO - Started process (PID=17954) to work on /home/airflow/.local/lib/python3.8/site-packages/airflow/example_dags/tutorial_taskflow_api.py
[2025-09-21T18:15:59.176+0000] {processor.py:830} INFO - Processing file /home/airflow/.local/lib/python3.8/site-packages/airflow/example_dags/tutorial_taskflow_api.py for tasks to queue
[2025-09-21T18:15:59.180+0000] {logging_mixin.py:188} INFO - [2025-09-21T18:15:59.180+0000] {dagbag.py:538} INFO - Filling up the DagBag from /home/airflow/.local/lib/python3.8/site-packages/airflow/example_dags/tutorial_taskflow_api.py
[2025-09-21T18:15:59.192+0000] {processor.py:840} INFO - DAG(s) 'tutorial_taskflow_api' retrieved from /home/airflow/.local/lib/python3.8/site-packages/airflow/example_dags/tutorial_taskflow_api.py
[2025-09-21T18:15:59.226+0000] {logging_mixin.py:188} INFO - [2025-09-21T18:15:59.226+0000] {dag.py:3036} INFO - Sync 1 DAGs
[2025-09-21T18:15:59.249+0000] {logging_mixin.py:188} INFO - [2025-09-21T18:15:59.249+0000] {dag.py:3823} INFO - Setting next_dagrun for tutorial_taskflow_api to None, run_after=None
[2025-09-21T18:15:59.287+0000] {processor.py:183} INFO - Processing /home/airflow/.local/lib/python3.8/site-packages/airflow/example_dags/tutorial_taskflow_api.py took 0.118 seconds
[2025-09-21T18:16:29.930+0000] {processor.py:161} INFO - Started process (PID=18012) to work on /home/airflow/.local/lib/python3.8/site-packages/airflow/example_dags/tutorial_taskflow_api.py
[2025-09-21T18:16:29.932+0000] {processor.py:830} INFO - Processing file /home/airflow/.local/lib/python3.8/site-packages/airflow/example_dags/tutorial_taskflow_api.py for tasks to queue
[2025-09-21T18:16:29.937+0000] {logging_mixin.py:188} INFO - [2025-09-21T18:16:29.936+0000] {dagbag.py:538} INFO - Filling up the DagBag from /home/airflow/.local/lib/python3.8/site-packages/airflow/example_dags/tutorial_taskflow_api.py
[2025-09-21T18:16:29.949+0000] {processor.py:840} INFO - DAG(s) 'tutorial_taskflow_api' retrieved from /home/airflow/.local/lib/python3.8/site-packages/airflow/example_dags/tutorial_taskflow_api.py
[2025-09-21T18:16:29.988+0000] {logging_mixin.py:188} INFO - [2025-09-21T18:16:29.987+0000] {dag.py:3036} INFO - Sync 1 DAGs
[2025-09-21T18:16:30.012+0000] {logging_mixin.py:188} INFO - [2025-09-21T18:16:30.012+0000] {dag.py:3823} INFO - Setting next_dagrun for tutorial_taskflow_api to None, run_after=None
[2025-09-21T18:16:30.053+0000] {processor.py:183} INFO - Processing /home/airflow/.local/lib/python3.8/site-packages/airflow/example_dags/tutorial_taskflow_api.py took 0.129 seconds
[2025-09-21T18:17:00.284+0000] {processor.py:161} INFO - Started process (PID=18070) to work on /home/airflow/.local/lib/python3.8/site-packages/airflow/example_dags/tutorial_taskflow_api.py
[2025-09-21T18:17:00.286+0000] {processor.py:830} INFO - Processing file /home/airflow/.local/lib/python3.8/site-packages/airflow/example_dags/tutorial_taskflow_api.py for tasks to queue
[2025-09-21T18:17:00.290+0000] {logging_mixin.py:188} INFO - [2025-09-21T18:17:00.289+0000] {dagbag.py:538} INFO - Filling up the DagBag from /home/airflow/.local/lib/python3.8/site-packages/airflow/example_dags/tutorial_taskflow_api.py
[2025-09-21T18:17:00.301+0000] {processor.py:840} INFO - DAG(s) 'tutorial_taskflow_api' retrieved from /home/airflow/.local/lib/python3.8/site-packages/airflow/example_dags/tutorial_taskflow_api.py
[2025-09-21T18:17:00.337+0000] {logging_mixin.py:188} INFO - [2025-09-21T18:17:00.337+0000] {dag.py:3036} INFO - Sync 1 DAGs
[2025-09-21T18:17:00.360+0000] {logging_mixin.py:188} INFO - [2025-09-21T18:17:00.360+0000] {dag.py:3823} INFO - Setting next_dagrun for tutorial_taskflow_api to None, run_after=None
[2025-09-21T18:17:00.399+0000] {processor.py:183} INFO - Processing /home/airflow/.local/lib/python3.8/site-packages/airflow/example_dags/tutorial_taskflow_api.py took 0.121 seconds
[2025-09-21T18:17:30.604+0000] {processor.py:161} INFO - Started process (PID=18126) to work on /home/airflow/.local/lib/python3.8/site-packages/airflow/example_dags/tutorial_taskflow_api.py
[2025-09-21T18:17:30.606+0000] {processor.py:830} INFO - Processing file /home/airflow/.local/lib/python3.8/site-packages/airflow/example_dags/tutorial_taskflow_api.py for tasks to queue
[2025-09-21T18:17:30.610+0000] {logging_mixin.py:188} INFO - [2025-09-21T18:17:30.610+0000] {dagbag.py:538} INFO - Filling up the DagBag from /home/airflow/.local/lib/python3.8/site-packages/airflow/example_dags/tutorial_taskflow_api.py
[2025-09-21T18:17:30.622+0000] {processor.py:840} INFO - DAG(s) 'tutorial_taskflow_api' retrieved from /home/airflow/.local/lib/python3.8/site-packages/airflow/example_dags/tutorial_taskflow_api.py
[2025-09-21T18:17:30.657+0000] {logging_mixin.py:188} INFO - [2025-09-21T18:17:30.657+0000] {dag.py:3036} INFO - Sync 1 DAGs
[2025-09-21T18:17:30.681+0000] {logging_mixin.py:188} INFO - [2025-09-21T18:17:30.680+0000] {dag.py:3823} INFO - Setting next_dagrun for tutorial_taskflow_api to None, run_after=None
[2025-09-21T18:17:30.724+0000] {processor.py:183} INFO - Processing /home/airflow/.local/lib/python3.8/site-packages/airflow/example_dags/tutorial_taskflow_api.py took 0.125 seconds
[2025-09-21T18:18:01.409+0000] {processor.py:161} INFO - Started process (PID=18184) to work on /home/airflow/.local/lib/python3.8/site-packages/airflow/example_dags/tutorial_taskflow_api.py
[2025-09-21T18:18:01.411+0000] {processor.py:830} INFO - Processing file /home/airflow/.local/lib/python3.8/site-packages/airflow/example_dags/tutorial_taskflow_api.py for tasks to queue
[2025-09-21T18:18:01.416+0000] {logging_mixin.py:188} INFO - [2025-09-21T18:18:01.415+0000] {dagbag.py:538} INFO - Filling up the DagBag from /home/airflow/.local/lib/python3.8/site-packages/airflow/example_dags/tutorial_taskflow_api.py
[2025-09-21T18:18:01.435+0000] {processor.py:840} INFO - DAG(s) 'tutorial_taskflow_api' retrieved from /home/airflow/.local/lib/python3.8/site-packages/airflow/example_dags/tutorial_taskflow_api.py
[2025-09-21T18:18:01.481+0000] {logging_mixin.py:188} INFO - [2025-09-21T18:18:01.480+0000] {dag.py:3036} INFO - Sync 1 DAGs
[2025-09-21T18:18:01.513+0000] {logging_mixin.py:188} INFO - [2025-09-21T18:18:01.513+0000] {dag.py:3823} INFO - Setting next_dagrun for tutorial_taskflow_api to None, run_after=None
[2025-09-21T18:18:01.561+0000] {processor.py:183} INFO - Processing /home/airflow/.local/lib/python3.8/site-packages/airflow/example_dags/tutorial_taskflow_api.py took 0.160 seconds
[2025-09-21T18:18:31.745+0000] {processor.py:161} INFO - Started process (PID=18242) to work on /home/airflow/.local/lib/python3.8/site-packages/airflow/example_dags/tutorial_taskflow_api.py
[2025-09-21T18:18:31.747+0000] {processor.py:830} INFO - Processing file /home/airflow/.local/lib/python3.8/site-packages/airflow/example_dags/tutorial_taskflow_api.py for tasks to queue
[2025-09-21T18:18:31.751+0000] {logging_mixin.py:188} INFO - [2025-09-21T18:18:31.751+0000] {dagbag.py:538} INFO - Filling up the DagBag from /home/airflow/.local/lib/python3.8/site-packages/airflow/example_dags/tutorial_taskflow_api.py
[2025-09-21T18:18:31.766+0000] {processor.py:840} INFO - DAG(s) 'tutorial_taskflow_api' retrieved from /home/airflow/.local/lib/python3.8/site-packages/airflow/example_dags/tutorial_taskflow_api.py
[2025-09-21T18:18:31.803+0000] {logging_mixin.py:188} INFO - [2025-09-21T18:18:31.803+0000] {dag.py:3036} INFO - Sync 1 DAGs
[2025-09-21T18:18:31.826+0000] {logging_mixin.py:188} INFO - [2025-09-21T18:18:31.826+0000] {dag.py:3823} INFO - Setting next_dagrun for tutorial_taskflow_api to None, run_after=None
[2025-09-21T18:18:31.868+0000] {processor.py:183} INFO - Processing /home/airflow/.local/lib/python3.8/site-packages/airflow/example_dags/tutorial_taskflow_api.py took 0.129 seconds
[2025-09-21T18:19:02.483+0000] {processor.py:161} INFO - Started process (PID=18300) to work on /home/airflow/.local/lib/python3.8/site-packages/airflow/example_dags/tutorial_taskflow_api.py
[2025-09-21T18:19:02.487+0000] {processor.py:830} INFO - Processing file /home/airflow/.local/lib/python3.8/site-packages/airflow/example_dags/tutorial_taskflow_api.py for tasks to queue
[2025-09-21T18:19:02.492+0000] {logging_mixin.py:188} INFO - [2025-09-21T18:19:02.491+0000] {dagbag.py:538} INFO - Filling up the DagBag from /home/airflow/.local/lib/python3.8/site-packages/airflow/example_dags/tutorial_taskflow_api.py
[2025-09-21T18:19:02.505+0000] {processor.py:840} INFO - DAG(s) 'tutorial_taskflow_api' retrieved from /home/airflow/.local/lib/python3.8/site-packages/airflow/example_dags/tutorial_taskflow_api.py
[2025-09-21T18:19:02.556+0000] {logging_mixin.py:188} INFO - [2025-09-21T18:19:02.555+0000] {dag.py:3036} INFO - Sync 1 DAGs
[2025-09-21T18:19:02.583+0000] {logging_mixin.py:188} INFO - [2025-09-21T18:19:02.582+0000] {dag.py:3823} INFO - Setting next_dagrun for tutorial_taskflow_api to None, run_after=None
[2025-09-21T18:19:02.628+0000] {processor.py:183} INFO - Processing /home/airflow/.local/lib/python3.8/site-packages/airflow/example_dags/tutorial_taskflow_api.py took 0.154 seconds
[2025-09-21T18:19:33.177+0000] {processor.py:161} INFO - Started process (PID=18358) to work on /home/airflow/.local/lib/python3.8/site-packages/airflow/example_dags/tutorial_taskflow_api.py
[2025-09-21T18:19:33.180+0000] {processor.py:830} INFO - Processing file /home/airflow/.local/lib/python3.8/site-packages/airflow/example_dags/tutorial_taskflow_api.py for tasks to queue
[2025-09-21T18:19:33.184+0000] {logging_mixin.py:188} INFO - [2025-09-21T18:19:33.183+0000] {dagbag.py:538} INFO - Filling up the DagBag from /home/airflow/.local/lib/python3.8/site-packages/airflow/example_dags/tutorial_taskflow_api.py
[2025-09-21T18:19:33.201+0000] {processor.py:840} INFO - DAG(s) 'tutorial_taskflow_api' retrieved from /home/airflow/.local/lib/python3.8/site-packages/airflow/example_dags/tutorial_taskflow_api.py
[2025-09-21T18:19:33.241+0000] {logging_mixin.py:188} INFO - [2025-09-21T18:19:33.240+0000] {dag.py:3036} INFO - Sync 1 DAGs
[2025-09-21T18:19:33.268+0000] {logging_mixin.py:188} INFO - [2025-09-21T18:19:33.267+0000] {dag.py:3823} INFO - Setting next_dagrun for tutorial_taskflow_api to None, run_after=None
[2025-09-21T18:19:33.313+0000] {processor.py:183} INFO - Processing /home/airflow/.local/lib/python3.8/site-packages/airflow/example_dags/tutorial_taskflow_api.py took 0.146 seconds
[2025-09-21T18:20:04.062+0000] {processor.py:161} INFO - Started process (PID=18422) to work on /home/airflow/.local/lib/python3.8/site-packages/airflow/example_dags/tutorial_taskflow_api.py
[2025-09-21T18:20:04.065+0000] {processor.py:830} INFO - Processing file /home/airflow/.local/lib/python3.8/site-packages/airflow/example_dags/tutorial_taskflow_api.py for tasks to queue
[2025-09-21T18:20:04.070+0000] {logging_mixin.py:188} INFO - [2025-09-21T18:20:04.069+0000] {dagbag.py:538} INFO - Filling up the DagBag from /home/airflow/.local/lib/python3.8/site-packages/airflow/example_dags/tutorial_taskflow_api.py
[2025-09-21T18:20:04.104+0000] {processor.py:840} INFO - DAG(s) 'tutorial_taskflow_api' retrieved from /home/airflow/.local/lib/python3.8/site-packages/airflow/example_dags/tutorial_taskflow_api.py
[2025-09-21T18:20:04.164+0000] {logging_mixin.py:188} INFO - [2025-09-21T18:20:04.164+0000] {dag.py:3036} INFO - Sync 1 DAGs
[2025-09-21T18:20:04.202+0000] {logging_mixin.py:188} INFO - [2025-09-21T18:20:04.202+0000] {dag.py:3823} INFO - Setting next_dagrun for tutorial_taskflow_api to None, run_after=None
[2025-09-21T18:20:04.259+0000] {processor.py:183} INFO - Processing /home/airflow/.local/lib/python3.8/site-packages/airflow/example_dags/tutorial_taskflow_api.py took 0.216 seconds
[2025-09-21T18:20:34.525+0000] {processor.py:161} INFO - Started process (PID=18480) to work on /home/airflow/.local/lib/python3.8/site-packages/airflow/example_dags/tutorial_taskflow_api.py
[2025-09-21T18:20:34.528+0000] {processor.py:830} INFO - Processing file /home/airflow/.local/lib/python3.8/site-packages/airflow/example_dags/tutorial_taskflow_api.py for tasks to queue
[2025-09-21T18:20:34.536+0000] {logging_mixin.py:188} INFO - [2025-09-21T18:20:34.534+0000] {dagbag.py:538} INFO - Filling up the DagBag from /home/airflow/.local/lib/python3.8/site-packages/airflow/example_dags/tutorial_taskflow_api.py
[2025-09-21T18:20:34.563+0000] {processor.py:840} INFO - DAG(s) 'tutorial_taskflow_api' retrieved from /home/airflow/.local/lib/python3.8/site-packages/airflow/example_dags/tutorial_taskflow_api.py
[2025-09-21T18:20:34.614+0000] {logging_mixin.py:188} INFO - [2025-09-21T18:20:34.613+0000] {dag.py:3036} INFO - Sync 1 DAGs
[2025-09-21T18:20:34.645+0000] {logging_mixin.py:188} INFO - [2025-09-21T18:20:34.644+0000] {dag.py:3823} INFO - Setting next_dagrun for tutorial_taskflow_api to None, run_after=None
[2025-09-21T18:20:34.693+0000] {processor.py:183} INFO - Processing /home/airflow/.local/lib/python3.8/site-packages/airflow/example_dags/tutorial_taskflow_api.py took 0.179 seconds
[2025-09-21T18:21:05.520+0000] {processor.py:161} INFO - Started process (PID=18538) to work on /home/airflow/.local/lib/python3.8/site-packages/airflow/example_dags/tutorial_taskflow_api.py
[2025-09-21T18:21:05.522+0000] {processor.py:830} INFO - Processing file /home/airflow/.local/lib/python3.8/site-packages/airflow/example_dags/tutorial_taskflow_api.py for tasks to queue
[2025-09-21T18:21:05.527+0000] {logging_mixin.py:188} INFO - [2025-09-21T18:21:05.526+0000] {dagbag.py:538} INFO - Filling up the DagBag from /home/airflow/.local/lib/python3.8/site-packages/airflow/example_dags/tutorial_taskflow_api.py
[2025-09-21T18:21:05.550+0000] {processor.py:840} INFO - DAG(s) 'tutorial_taskflow_api' retrieved from /home/airflow/.local/lib/python3.8/site-packages/airflow/example_dags/tutorial_taskflow_api.py
[2025-09-21T18:21:05.600+0000] {logging_mixin.py:188} INFO - [2025-09-21T18:21:05.600+0000] {dag.py:3036} INFO - Sync 1 DAGs
[2025-09-21T18:21:05.625+0000] {logging_mixin.py:188} INFO - [2025-09-21T18:21:05.625+0000] {dag.py:3823} INFO - Setting next_dagrun for tutorial_taskflow_api to None, run_after=None
[2025-09-21T18:21:05.664+0000] {processor.py:183} INFO - Processing /home/airflow/.local/lib/python3.8/site-packages/airflow/example_dags/tutorial_taskflow_api.py took 0.150 seconds
[2025-09-21T18:21:36.146+0000] {processor.py:161} INFO - Started process (PID=18596) to work on /home/airflow/.local/lib/python3.8/site-packages/airflow/example_dags/tutorial_taskflow_api.py
[2025-09-21T18:21:36.148+0000] {processor.py:830} INFO - Processing file /home/airflow/.local/lib/python3.8/site-packages/airflow/example_dags/tutorial_taskflow_api.py for tasks to queue
[2025-09-21T18:21:36.151+0000] {logging_mixin.py:188} INFO - [2025-09-21T18:21:36.151+0000] {dagbag.py:538} INFO - Filling up the DagBag from /home/airflow/.local/lib/python3.8/site-packages/airflow/example_dags/tutorial_taskflow_api.py
[2025-09-21T18:21:36.163+0000] {processor.py:840} INFO - DAG(s) 'tutorial_taskflow_api' retrieved from /home/airflow/.local/lib/python3.8/site-packages/airflow/example_dags/tutorial_taskflow_api.py
[2025-09-21T18:21:36.204+0000] {logging_mixin.py:188} INFO - [2025-09-21T18:21:36.204+0000] {dag.py:3036} INFO - Sync 1 DAGs
[2025-09-21T18:21:36.232+0000] {logging_mixin.py:188} INFO - [2025-09-21T18:21:36.232+0000] {dag.py:3823} INFO - Setting next_dagrun for tutorial_taskflow_api to None, run_after=None
[2025-09-21T18:21:36.269+0000] {processor.py:183} INFO - Processing /home/airflow/.local/lib/python3.8/site-packages/airflow/example_dags/tutorial_taskflow_api.py took 0.130 seconds
[2025-09-21T18:22:06.725+0000] {processor.py:161} INFO - Started process (PID=18654) to work on /home/airflow/.local/lib/python3.8/site-packages/airflow/example_dags/tutorial_taskflow_api.py
[2025-09-21T18:22:06.732+0000] {processor.py:830} INFO - Processing file /home/airflow/.local/lib/python3.8/site-packages/airflow/example_dags/tutorial_taskflow_api.py for tasks to queue
[2025-09-21T18:22:06.740+0000] {logging_mixin.py:188} INFO - [2025-09-21T18:22:06.739+0000] {dagbag.py:538} INFO - Filling up the DagBag from /home/airflow/.local/lib/python3.8/site-packages/airflow/example_dags/tutorial_taskflow_api.py
[2025-09-21T18:22:06.754+0000] {processor.py:840} INFO - DAG(s) 'tutorial_taskflow_api' retrieved from /home/airflow/.local/lib/python3.8/site-packages/airflow/example_dags/tutorial_taskflow_api.py
[2025-09-21T18:22:06.800+0000] {logging_mixin.py:188} INFO - [2025-09-21T18:22:06.800+0000] {dag.py:3036} INFO - Sync 1 DAGs
[2025-09-21T18:22:06.832+0000] {logging_mixin.py:188} INFO - [2025-09-21T18:22:06.832+0000] {dag.py:3823} INFO - Setting next_dagrun for tutorial_taskflow_api to None, run_after=None
[2025-09-21T18:22:06.877+0000] {processor.py:183} INFO - Processing /home/airflow/.local/lib/python3.8/site-packages/airflow/example_dags/tutorial_taskflow_api.py took 0.160 seconds
[2025-09-21T18:22:37.172+0000] {processor.py:161} INFO - Started process (PID=18712) to work on /home/airflow/.local/lib/python3.8/site-packages/airflow/example_dags/tutorial_taskflow_api.py
[2025-09-21T18:22:37.173+0000] {processor.py:830} INFO - Processing file /home/airflow/.local/lib/python3.8/site-packages/airflow/example_dags/tutorial_taskflow_api.py for tasks to queue
[2025-09-21T18:22:37.177+0000] {logging_mixin.py:188} INFO - [2025-09-21T18:22:37.176+0000] {dagbag.py:538} INFO - Filling up the DagBag from /home/airflow/.local/lib/python3.8/site-packages/airflow/example_dags/tutorial_taskflow_api.py
[2025-09-21T18:22:37.190+0000] {processor.py:840} INFO - DAG(s) 'tutorial_taskflow_api' retrieved from /home/airflow/.local/lib/python3.8/site-packages/airflow/example_dags/tutorial_taskflow_api.py
[2025-09-21T18:22:37.229+0000] {logging_mixin.py:188} INFO - [2025-09-21T18:22:37.229+0000] {dag.py:3036} INFO - Sync 1 DAGs
[2025-09-21T18:22:37.254+0000] {logging_mixin.py:188} INFO - [2025-09-21T18:22:37.254+0000] {dag.py:3823} INFO - Setting next_dagrun for tutorial_taskflow_api to None, run_after=None
[2025-09-21T18:22:37.295+0000] {processor.py:183} INFO - Processing /home/airflow/.local/lib/python3.8/site-packages/airflow/example_dags/tutorial_taskflow_api.py took 0.130 seconds
[2025-09-21T18:23:07.863+0000] {processor.py:161} INFO - Started process (PID=18770) to work on /home/airflow/.local/lib/python3.8/site-packages/airflow/example_dags/tutorial_taskflow_api.py
[2025-09-21T18:23:07.865+0000] {processor.py:830} INFO - Processing file /home/airflow/.local/lib/python3.8/site-packages/airflow/example_dags/tutorial_taskflow_api.py for tasks to queue
[2025-09-21T18:23:07.870+0000] {logging_mixin.py:188} INFO - [2025-09-21T18:23:07.869+0000] {dagbag.py:538} INFO - Filling up the DagBag from /home/airflow/.local/lib/python3.8/site-packages/airflow/example_dags/tutorial_taskflow_api.py
[2025-09-21T18:23:07.884+0000] {processor.py:840} INFO - DAG(s) 'tutorial_taskflow_api' retrieved from /home/airflow/.local/lib/python3.8/site-packages/airflow/example_dags/tutorial_taskflow_api.py
[2025-09-21T18:23:07.930+0000] {logging_mixin.py:188} INFO - [2025-09-21T18:23:07.930+0000] {dag.py:3036} INFO - Sync 1 DAGs
[2025-09-21T18:23:07.961+0000] {logging_mixin.py:188} INFO - [2025-09-21T18:23:07.960+0000] {dag.py:3823} INFO - Setting next_dagrun for tutorial_taskflow_api to None, run_after=None
[2025-09-21T18:23:08.000+0000] {processor.py:183} INFO - Processing /home/airflow/.local/lib/python3.8/site-packages/airflow/example_dags/tutorial_taskflow_api.py took 0.142 seconds
[2025-09-21T18:23:38.344+0000] {processor.py:161} INFO - Started process (PID=18828) to work on /home/airflow/.local/lib/python3.8/site-packages/airflow/example_dags/tutorial_taskflow_api.py
[2025-09-21T18:23:38.346+0000] {processor.py:830} INFO - Processing file /home/airflow/.local/lib/python3.8/site-packages/airflow/example_dags/tutorial_taskflow_api.py for tasks to queue
[2025-09-21T18:23:38.350+0000] {logging_mixin.py:188} INFO - [2025-09-21T18:23:38.350+0000] {dagbag.py:538} INFO - Filling up the DagBag from /home/airflow/.local/lib/python3.8/site-packages/airflow/example_dags/tutorial_taskflow_api.py
[2025-09-21T18:23:38.363+0000] {processor.py:840} INFO - DAG(s) 'tutorial_taskflow_api' retrieved from /home/airflow/.local/lib/python3.8/site-packages/airflow/example_dags/tutorial_taskflow_api.py
[2025-09-21T18:23:38.403+0000] {logging_mixin.py:188} INFO - [2025-09-21T18:23:38.403+0000] {dag.py:3036} INFO - Sync 1 DAGs
[2025-09-21T18:23:38.428+0000] {logging_mixin.py:188} INFO - [2025-09-21T18:23:38.428+0000] {dag.py:3823} INFO - Setting next_dagrun for tutorial_taskflow_api to None, run_after=None
[2025-09-21T18:23:38.466+0000] {processor.py:183} INFO - Processing /home/airflow/.local/lib/python3.8/site-packages/airflow/example_dags/tutorial_taskflow_api.py took 0.129 seconds
[2025-09-21T18:24:09.135+0000] {processor.py:161} INFO - Started process (PID=18886) to work on /home/airflow/.local/lib/python3.8/site-packages/airflow/example_dags/tutorial_taskflow_api.py
[2025-09-21T18:24:09.138+0000] {processor.py:830} INFO - Processing file /home/airflow/.local/lib/python3.8/site-packages/airflow/example_dags/tutorial_taskflow_api.py for tasks to queue
[2025-09-21T18:24:09.141+0000] {logging_mixin.py:188} INFO - [2025-09-21T18:24:09.141+0000] {dagbag.py:538} INFO - Filling up the DagBag from /home/airflow/.local/lib/python3.8/site-packages/airflow/example_dags/tutorial_taskflow_api.py
[2025-09-21T18:24:09.155+0000] {processor.py:840} INFO - DAG(s) 'tutorial_taskflow_api' retrieved from /home/airflow/.local/lib/python3.8/site-packages/airflow/example_dags/tutorial_taskflow_api.py
[2025-09-21T18:24:09.191+0000] {logging_mixin.py:188} INFO - [2025-09-21T18:24:09.190+0000] {dag.py:3036} INFO - Sync 1 DAGs
[2025-09-21T18:24:09.220+0000] {logging_mixin.py:188} INFO - [2025-09-21T18:24:09.220+0000] {dag.py:3823} INFO - Setting next_dagrun for tutorial_taskflow_api to None, run_after=None
[2025-09-21T18:24:09.261+0000] {processor.py:183} INFO - Processing /home/airflow/.local/lib/python3.8/site-packages/airflow/example_dags/tutorial_taskflow_api.py took 0.132 seconds
[2025-09-21T18:24:39.985+0000] {processor.py:161} INFO - Started process (PID=18945) to work on /home/airflow/.local/lib/python3.8/site-packages/airflow/example_dags/tutorial_taskflow_api.py
[2025-09-21T18:24:39.987+0000] {processor.py:830} INFO - Processing file /home/airflow/.local/lib/python3.8/site-packages/airflow/example_dags/tutorial_taskflow_api.py for tasks to queue
[2025-09-21T18:24:39.990+0000] {logging_mixin.py:188} INFO - [2025-09-21T18:24:39.990+0000] {dagbag.py:538} INFO - Filling up the DagBag from /home/airflow/.local/lib/python3.8/site-packages/airflow/example_dags/tutorial_taskflow_api.py
[2025-09-21T18:24:40.004+0000] {processor.py:840} INFO - DAG(s) 'tutorial_taskflow_api' retrieved from /home/airflow/.local/lib/python3.8/site-packages/airflow/example_dags/tutorial_taskflow_api.py
[2025-09-21T18:24:40.044+0000] {logging_mixin.py:188} INFO - [2025-09-21T18:24:40.043+0000] {dag.py:3036} INFO - Sync 1 DAGs
[2025-09-21T18:24:40.073+0000] {logging_mixin.py:188} INFO - [2025-09-21T18:24:40.072+0000] {dag.py:3823} INFO - Setting next_dagrun for tutorial_taskflow_api to None, run_after=None
[2025-09-21T18:24:40.122+0000] {processor.py:183} INFO - Processing /home/airflow/.local/lib/python3.8/site-packages/airflow/example_dags/tutorial_taskflow_api.py took 0.143 seconds
[2025-09-21T18:25:10.666+0000] {processor.py:161} INFO - Started process (PID=19003) to work on /home/airflow/.local/lib/python3.8/site-packages/airflow/example_dags/tutorial_taskflow_api.py
[2025-09-21T18:25:10.668+0000] {processor.py:830} INFO - Processing file /home/airflow/.local/lib/python3.8/site-packages/airflow/example_dags/tutorial_taskflow_api.py for tasks to queue
[2025-09-21T18:25:10.671+0000] {logging_mixin.py:188} INFO - [2025-09-21T18:25:10.671+0000] {dagbag.py:538} INFO - Filling up the DagBag from /home/airflow/.local/lib/python3.8/site-packages/airflow/example_dags/tutorial_taskflow_api.py
[2025-09-21T18:25:10.683+0000] {processor.py:840} INFO - DAG(s) 'tutorial_taskflow_api' retrieved from /home/airflow/.local/lib/python3.8/site-packages/airflow/example_dags/tutorial_taskflow_api.py
[2025-09-21T18:25:10.721+0000] {logging_mixin.py:188} INFO - [2025-09-21T18:25:10.721+0000] {dag.py:3036} INFO - Sync 1 DAGs
[2025-09-21T18:25:10.745+0000] {logging_mixin.py:188} INFO - [2025-09-21T18:25:10.745+0000] {dag.py:3823} INFO - Setting next_dagrun for tutorial_taskflow_api to None, run_after=None
[2025-09-21T18:25:10.782+0000] {processor.py:183} INFO - Processing /home/airflow/.local/lib/python3.8/site-packages/airflow/example_dags/tutorial_taskflow_api.py took 0.122 seconds
[2025-09-21T18:25:41.409+0000] {processor.py:161} INFO - Started process (PID=19061) to work on /home/airflow/.local/lib/python3.8/site-packages/airflow/example_dags/tutorial_taskflow_api.py
[2025-09-21T18:25:41.411+0000] {processor.py:830} INFO - Processing file /home/airflow/.local/lib/python3.8/site-packages/airflow/example_dags/tutorial_taskflow_api.py for tasks to queue
[2025-09-21T18:25:41.416+0000] {logging_mixin.py:188} INFO - [2025-09-21T18:25:41.415+0000] {dagbag.py:538} INFO - Filling up the DagBag from /home/airflow/.local/lib/python3.8/site-packages/airflow/example_dags/tutorial_taskflow_api.py
[2025-09-21T18:25:41.429+0000] {processor.py:840} INFO - DAG(s) 'tutorial_taskflow_api' retrieved from /home/airflow/.local/lib/python3.8/site-packages/airflow/example_dags/tutorial_taskflow_api.py
[2025-09-21T18:25:41.474+0000] {logging_mixin.py:188} INFO - [2025-09-21T18:25:41.473+0000] {dag.py:3036} INFO - Sync 1 DAGs
[2025-09-21T18:25:41.504+0000] {logging_mixin.py:188} INFO - [2025-09-21T18:25:41.503+0000] {dag.py:3823} INFO - Setting next_dagrun for tutorial_taskflow_api to None, run_after=None
[2025-09-21T18:25:41.548+0000] {processor.py:183} INFO - Processing /home/airflow/.local/lib/python3.8/site-packages/airflow/example_dags/tutorial_taskflow_api.py took 0.145 seconds
[2025-09-21T18:26:11.773+0000] {processor.py:161} INFO - Started process (PID=19119) to work on /home/airflow/.local/lib/python3.8/site-packages/airflow/example_dags/tutorial_taskflow_api.py
[2025-09-21T18:26:11.775+0000] {processor.py:830} INFO - Processing file /home/airflow/.local/lib/python3.8/site-packages/airflow/example_dags/tutorial_taskflow_api.py for tasks to queue
[2025-09-21T18:26:11.779+0000] {logging_mixin.py:188} INFO - [2025-09-21T18:26:11.779+0000] {dagbag.py:538} INFO - Filling up the DagBag from /home/airflow/.local/lib/python3.8/site-packages/airflow/example_dags/tutorial_taskflow_api.py
[2025-09-21T18:26:11.792+0000] {processor.py:840} INFO - DAG(s) 'tutorial_taskflow_api' retrieved from /home/airflow/.local/lib/python3.8/site-packages/airflow/example_dags/tutorial_taskflow_api.py
[2025-09-21T18:26:11.832+0000] {logging_mixin.py:188} INFO - [2025-09-21T18:26:11.832+0000] {dag.py:3036} INFO - Sync 1 DAGs
[2025-09-21T18:26:11.858+0000] {logging_mixin.py:188} INFO - [2025-09-21T18:26:11.858+0000] {dag.py:3823} INFO - Setting next_dagrun for tutorial_taskflow_api to None, run_after=None
[2025-09-21T18:26:11.903+0000] {processor.py:183} INFO - Processing /home/airflow/.local/lib/python3.8/site-packages/airflow/example_dags/tutorial_taskflow_api.py took 0.139 seconds
[2025-09-21T18:26:42.313+0000] {processor.py:161} INFO - Started process (PID=19177) to work on /home/airflow/.local/lib/python3.8/site-packages/airflow/example_dags/tutorial_taskflow_api.py
[2025-09-21T18:26:42.315+0000] {processor.py:830} INFO - Processing file /home/airflow/.local/lib/python3.8/site-packages/airflow/example_dags/tutorial_taskflow_api.py for tasks to queue
[2025-09-21T18:26:42.319+0000] {logging_mixin.py:188} INFO - [2025-09-21T18:26:42.318+0000] {dagbag.py:538} INFO - Filling up the DagBag from /home/airflow/.local/lib/python3.8/site-packages/airflow/example_dags/tutorial_taskflow_api.py
[2025-09-21T18:26:42.331+0000] {processor.py:840} INFO - DAG(s) 'tutorial_taskflow_api' retrieved from /home/airflow/.local/lib/python3.8/site-packages/airflow/example_dags/tutorial_taskflow_api.py
[2025-09-21T18:26:42.369+0000] {logging_mixin.py:188} INFO - [2025-09-21T18:26:42.369+0000] {dag.py:3036} INFO - Sync 1 DAGs
[2025-09-21T18:26:42.396+0000] {logging_mixin.py:188} INFO - [2025-09-21T18:26:42.395+0000] {dag.py:3823} INFO - Setting next_dagrun for tutorial_taskflow_api to None, run_after=None
[2025-09-21T18:26:42.439+0000] {processor.py:183} INFO - Processing /home/airflow/.local/lib/python3.8/site-packages/airflow/example_dags/tutorial_taskflow_api.py took 0.132 seconds
[2025-09-21T18:27:12.694+0000] {processor.py:161} INFO - Started process (PID=19235) to work on /home/airflow/.local/lib/python3.8/site-packages/airflow/example_dags/tutorial_taskflow_api.py
[2025-09-21T18:27:12.696+0000] {processor.py:830} INFO - Processing file /home/airflow/.local/lib/python3.8/site-packages/airflow/example_dags/tutorial_taskflow_api.py for tasks to queue
[2025-09-21T18:27:12.699+0000] {logging_mixin.py:188} INFO - [2025-09-21T18:27:12.699+0000] {dagbag.py:538} INFO - Filling up the DagBag from /home/airflow/.local/lib/python3.8/site-packages/airflow/example_dags/tutorial_taskflow_api.py
[2025-09-21T18:27:12.711+0000] {processor.py:840} INFO - DAG(s) 'tutorial_taskflow_api' retrieved from /home/airflow/.local/lib/python3.8/site-packages/airflow/example_dags/tutorial_taskflow_api.py
[2025-09-21T18:27:12.755+0000] {logging_mixin.py:188} INFO - [2025-09-21T18:27:12.754+0000] {dag.py:3036} INFO - Sync 1 DAGs
[2025-09-21T18:27:12.778+0000] {logging_mixin.py:188} INFO - [2025-09-21T18:27:12.777+0000] {dag.py:3823} INFO - Setting next_dagrun for tutorial_taskflow_api to None, run_after=None
[2025-09-21T18:27:12.823+0000] {processor.py:183} INFO - Processing /home/airflow/.local/lib/python3.8/site-packages/airflow/example_dags/tutorial_taskflow_api.py took 0.137 seconds
[2025-09-21T18:27:43.608+0000] {processor.py:161} INFO - Started process (PID=19293) to work on /home/airflow/.local/lib/python3.8/site-packages/airflow/example_dags/tutorial_taskflow_api.py
[2025-09-21T18:27:43.610+0000] {processor.py:830} INFO - Processing file /home/airflow/.local/lib/python3.8/site-packages/airflow/example_dags/tutorial_taskflow_api.py for tasks to queue
[2025-09-21T18:27:43.614+0000] {logging_mixin.py:188} INFO - [2025-09-21T18:27:43.613+0000] {dagbag.py:538} INFO - Filling up the DagBag from /home/airflow/.local/lib/python3.8/site-packages/airflow/example_dags/tutorial_taskflow_api.py
[2025-09-21T18:27:43.626+0000] {processor.py:840} INFO - DAG(s) 'tutorial_taskflow_api' retrieved from /home/airflow/.local/lib/python3.8/site-packages/airflow/example_dags/tutorial_taskflow_api.py
[2025-09-21T18:27:43.667+0000] {logging_mixin.py:188} INFO - [2025-09-21T18:27:43.667+0000] {dag.py:3036} INFO - Sync 1 DAGs
[2025-09-21T18:27:43.696+0000] {logging_mixin.py:188} INFO - [2025-09-21T18:27:43.696+0000] {dag.py:3823} INFO - Setting next_dagrun for tutorial_taskflow_api to None, run_after=None
[2025-09-21T18:27:43.736+0000] {processor.py:183} INFO - Processing /home/airflow/.local/lib/python3.8/site-packages/airflow/example_dags/tutorial_taskflow_api.py took 0.133 seconds
[2025-09-21T18:28:14.145+0000] {processor.py:161} INFO - Started process (PID=19351) to work on /home/airflow/.local/lib/python3.8/site-packages/airflow/example_dags/tutorial_taskflow_api.py
[2025-09-21T18:28:14.148+0000] {processor.py:830} INFO - Processing file /home/airflow/.local/lib/python3.8/site-packages/airflow/example_dags/tutorial_taskflow_api.py for tasks to queue
[2025-09-21T18:28:14.153+0000] {logging_mixin.py:188} INFO - [2025-09-21T18:28:14.152+0000] {dagbag.py:538} INFO - Filling up the DagBag from /home/airflow/.local/lib/python3.8/site-packages/airflow/example_dags/tutorial_taskflow_api.py
[2025-09-21T18:28:14.179+0000] {processor.py:840} INFO - DAG(s) 'tutorial_taskflow_api' retrieved from /home/airflow/.local/lib/python3.8/site-packages/airflow/example_dags/tutorial_taskflow_api.py
[2025-09-21T18:28:14.236+0000] {logging_mixin.py:188} INFO - [2025-09-21T18:28:14.236+0000] {dag.py:3036} INFO - Sync 1 DAGs
[2025-09-21T18:28:14.274+0000] {logging_mixin.py:188} INFO - [2025-09-21T18:28:14.274+0000] {dag.py:3823} INFO - Setting next_dagrun for tutorial_taskflow_api to None, run_after=None
[2025-09-21T18:28:14.326+0000] {processor.py:183} INFO - Processing /home/airflow/.local/lib/python3.8/site-packages/airflow/example_dags/tutorial_taskflow_api.py took 0.189 seconds
[2025-09-21T18:28:45.031+0000] {processor.py:161} INFO - Started process (PID=19409) to work on /home/airflow/.local/lib/python3.8/site-packages/airflow/example_dags/tutorial_taskflow_api.py
[2025-09-21T18:28:45.033+0000] {processor.py:830} INFO - Processing file /home/airflow/.local/lib/python3.8/site-packages/airflow/example_dags/tutorial_taskflow_api.py for tasks to queue
[2025-09-21T18:28:45.037+0000] {logging_mixin.py:188} INFO - [2025-09-21T18:28:45.036+0000] {dagbag.py:538} INFO - Filling up the DagBag from /home/airflow/.local/lib/python3.8/site-packages/airflow/example_dags/tutorial_taskflow_api.py
[2025-09-21T18:28:45.050+0000] {processor.py:840} INFO - DAG(s) 'tutorial_taskflow_api' retrieved from /home/airflow/.local/lib/python3.8/site-packages/airflow/example_dags/tutorial_taskflow_api.py
[2025-09-21T18:28:45.088+0000] {logging_mixin.py:188} INFO - [2025-09-21T18:28:45.088+0000] {dag.py:3036} INFO - Sync 1 DAGs
[2025-09-21T18:28:45.113+0000] {logging_mixin.py:188} INFO - [2025-09-21T18:28:45.112+0000] {dag.py:3823} INFO - Setting next_dagrun for tutorial_taskflow_api to None, run_after=None
[2025-09-21T18:28:45.154+0000] {processor.py:183} INFO - Processing /home/airflow/.local/lib/python3.8/site-packages/airflow/example_dags/tutorial_taskflow_api.py took 0.130 seconds
[2025-09-21T18:29:15.480+0000] {processor.py:161} INFO - Started process (PID=19467) to work on /home/airflow/.local/lib/python3.8/site-packages/airflow/example_dags/tutorial_taskflow_api.py
[2025-09-21T18:29:15.482+0000] {processor.py:830} INFO - Processing file /home/airflow/.local/lib/python3.8/site-packages/airflow/example_dags/tutorial_taskflow_api.py for tasks to queue
[2025-09-21T18:29:15.486+0000] {logging_mixin.py:188} INFO - [2025-09-21T18:29:15.485+0000] {dagbag.py:538} INFO - Filling up the DagBag from /home/airflow/.local/lib/python3.8/site-packages/airflow/example_dags/tutorial_taskflow_api.py
[2025-09-21T18:29:15.498+0000] {processor.py:840} INFO - DAG(s) 'tutorial_taskflow_api' retrieved from /home/airflow/.local/lib/python3.8/site-packages/airflow/example_dags/tutorial_taskflow_api.py
[2025-09-21T18:29:15.540+0000] {logging_mixin.py:188} INFO - [2025-09-21T18:29:15.539+0000] {dag.py:3036} INFO - Sync 1 DAGs
[2025-09-21T18:29:15.570+0000] {logging_mixin.py:188} INFO - [2025-09-21T18:29:15.569+0000] {dag.py:3823} INFO - Setting next_dagrun for tutorial_taskflow_api to None, run_after=None
[2025-09-21T18:29:15.613+0000] {processor.py:183} INFO - Processing /home/airflow/.local/lib/python3.8/site-packages/airflow/example_dags/tutorial_taskflow_api.py took 0.140 seconds
[2025-09-21T18:29:45.712+0000] {processor.py:161} INFO - Started process (PID=19525) to work on /home/airflow/.local/lib/python3.8/site-packages/airflow/example_dags/tutorial_taskflow_api.py
[2025-09-21T18:29:45.714+0000] {processor.py:830} INFO - Processing file /home/airflow/.local/lib/python3.8/site-packages/airflow/example_dags/tutorial_taskflow_api.py for tasks to queue
[2025-09-21T18:29:45.718+0000] {logging_mixin.py:188} INFO - [2025-09-21T18:29:45.717+0000] {dagbag.py:538} INFO - Filling up the DagBag from /home/airflow/.local/lib/python3.8/site-packages/airflow/example_dags/tutorial_taskflow_api.py
[2025-09-21T18:29:45.732+0000] {processor.py:840} INFO - DAG(s) 'tutorial_taskflow_api' retrieved from /home/airflow/.local/lib/python3.8/site-packages/airflow/example_dags/tutorial_taskflow_api.py
[2025-09-21T18:29:45.771+0000] {logging_mixin.py:188} INFO - [2025-09-21T18:29:45.771+0000] {dag.py:3036} INFO - Sync 1 DAGs
[2025-09-21T18:29:45.796+0000] {logging_mixin.py:188} INFO - [2025-09-21T18:29:45.795+0000] {dag.py:3823} INFO - Setting next_dagrun for tutorial_taskflow_api to None, run_after=None
[2025-09-21T18:29:45.834+0000] {processor.py:183} INFO - Processing /home/airflow/.local/lib/python3.8/site-packages/airflow/example_dags/tutorial_taskflow_api.py took 0.128 seconds
[2025-09-21T18:30:16.622+0000] {processor.py:161} INFO - Started process (PID=19583) to work on /home/airflow/.local/lib/python3.8/site-packages/airflow/example_dags/tutorial_taskflow_api.py
[2025-09-21T18:30:16.625+0000] {processor.py:830} INFO - Processing file /home/airflow/.local/lib/python3.8/site-packages/airflow/example_dags/tutorial_taskflow_api.py for tasks to queue
[2025-09-21T18:30:16.628+0000] {logging_mixin.py:188} INFO - [2025-09-21T18:30:16.628+0000] {dagbag.py:538} INFO - Filling up the DagBag from /home/airflow/.local/lib/python3.8/site-packages/airflow/example_dags/tutorial_taskflow_api.py
[2025-09-21T18:30:16.640+0000] {processor.py:840} INFO - DAG(s) 'tutorial_taskflow_api' retrieved from /home/airflow/.local/lib/python3.8/site-packages/airflow/example_dags/tutorial_taskflow_api.py
[2025-09-21T18:30:16.677+0000] {logging_mixin.py:188} INFO - [2025-09-21T18:30:16.677+0000] {dag.py:3036} INFO - Sync 1 DAGs
[2025-09-21T18:30:16.711+0000] {logging_mixin.py:188} INFO - [2025-09-21T18:30:16.710+0000] {dag.py:3823} INFO - Setting next_dagrun for tutorial_taskflow_api to None, run_after=None
[2025-09-21T18:30:16.752+0000] {processor.py:183} INFO - Processing /home/airflow/.local/lib/python3.8/site-packages/airflow/example_dags/tutorial_taskflow_api.py took 0.137 seconds
[2025-09-21T18:30:46.843+0000] {processor.py:161} INFO - Started process (PID=19640) to work on /home/airflow/.local/lib/python3.8/site-packages/airflow/example_dags/tutorial_taskflow_api.py
[2025-09-21T18:30:46.845+0000] {processor.py:830} INFO - Processing file /home/airflow/.local/lib/python3.8/site-packages/airflow/example_dags/tutorial_taskflow_api.py for tasks to queue
[2025-09-21T18:30:46.850+0000] {logging_mixin.py:188} INFO - [2025-09-21T18:30:46.849+0000] {dagbag.py:538} INFO - Filling up the DagBag from /home/airflow/.local/lib/python3.8/site-packages/airflow/example_dags/tutorial_taskflow_api.py
[2025-09-21T18:30:46.867+0000] {processor.py:840} INFO - DAG(s) 'tutorial_taskflow_api' retrieved from /home/airflow/.local/lib/python3.8/site-packages/airflow/example_dags/tutorial_taskflow_api.py
[2025-09-21T18:30:46.904+0000] {logging_mixin.py:188} INFO - [2025-09-21T18:30:46.904+0000] {dag.py:3036} INFO - Sync 1 DAGs
[2025-09-21T18:30:46.929+0000] {logging_mixin.py:188} INFO - [2025-09-21T18:30:46.928+0000] {dag.py:3823} INFO - Setting next_dagrun for tutorial_taskflow_api to None, run_after=None
[2025-09-21T18:30:46.972+0000] {processor.py:183} INFO - Processing /home/airflow/.local/lib/python3.8/site-packages/airflow/example_dags/tutorial_taskflow_api.py took 0.135 seconds
[2025-09-21T18:31:17.283+0000] {processor.py:161} INFO - Started process (PID=19698) to work on /home/airflow/.local/lib/python3.8/site-packages/airflow/example_dags/tutorial_taskflow_api.py
[2025-09-21T18:31:17.285+0000] {processor.py:830} INFO - Processing file /home/airflow/.local/lib/python3.8/site-packages/airflow/example_dags/tutorial_taskflow_api.py for tasks to queue
[2025-09-21T18:31:17.289+0000] {logging_mixin.py:188} INFO - [2025-09-21T18:31:17.289+0000] {dagbag.py:538} INFO - Filling up the DagBag from /home/airflow/.local/lib/python3.8/site-packages/airflow/example_dags/tutorial_taskflow_api.py
[2025-09-21T18:31:17.304+0000] {processor.py:840} INFO - DAG(s) 'tutorial_taskflow_api' retrieved from /home/airflow/.local/lib/python3.8/site-packages/airflow/example_dags/tutorial_taskflow_api.py
[2025-09-21T18:31:17.346+0000] {logging_mixin.py:188} INFO - [2025-09-21T18:31:17.345+0000] {dag.py:3036} INFO - Sync 1 DAGs
[2025-09-21T18:31:17.372+0000] {logging_mixin.py:188} INFO - [2025-09-21T18:31:17.372+0000] {dag.py:3823} INFO - Setting next_dagrun for tutorial_taskflow_api to None, run_after=None
[2025-09-21T18:31:17.414+0000] {processor.py:183} INFO - Processing /home/airflow/.local/lib/python3.8/site-packages/airflow/example_dags/tutorial_taskflow_api.py took 0.140 seconds
[2025-09-21T18:31:47.977+0000] {processor.py:161} INFO - Started process (PID=19756) to work on /home/airflow/.local/lib/python3.8/site-packages/airflow/example_dags/tutorial_taskflow_api.py
[2025-09-21T18:31:47.979+0000] {processor.py:830} INFO - Processing file /home/airflow/.local/lib/python3.8/site-packages/airflow/example_dags/tutorial_taskflow_api.py for tasks to queue
[2025-09-21T18:31:47.984+0000] {logging_mixin.py:188} INFO - [2025-09-21T18:31:47.983+0000] {dagbag.py:538} INFO - Filling up the DagBag from /home/airflow/.local/lib/python3.8/site-packages/airflow/example_dags/tutorial_taskflow_api.py
[2025-09-21T18:31:47.997+0000] {processor.py:840} INFO - DAG(s) 'tutorial_taskflow_api' retrieved from /home/airflow/.local/lib/python3.8/site-packages/airflow/example_dags/tutorial_taskflow_api.py
[2025-09-21T18:31:48.054+0000] {logging_mixin.py:188} INFO - [2025-09-21T18:31:48.054+0000] {dag.py:3036} INFO - Sync 1 DAGs
[2025-09-21T18:31:48.089+0000] {logging_mixin.py:188} INFO - [2025-09-21T18:31:48.088+0000] {dag.py:3823} INFO - Setting next_dagrun for tutorial_taskflow_api to None, run_after=None
[2025-09-21T18:31:48.141+0000] {processor.py:183} INFO - Processing /home/airflow/.local/lib/python3.8/site-packages/airflow/example_dags/tutorial_taskflow_api.py took 0.171 seconds
[2025-09-21T18:32:19.132+0000] {processor.py:161} INFO - Started process (PID=19814) to work on /home/airflow/.local/lib/python3.8/site-packages/airflow/example_dags/tutorial_taskflow_api.py
[2025-09-21T18:32:19.135+0000] {processor.py:830} INFO - Processing file /home/airflow/.local/lib/python3.8/site-packages/airflow/example_dags/tutorial_taskflow_api.py for tasks to queue
[2025-09-21T18:32:19.140+0000] {logging_mixin.py:188} INFO - [2025-09-21T18:32:19.139+0000] {dagbag.py:538} INFO - Filling up the DagBag from /home/airflow/.local/lib/python3.8/site-packages/airflow/example_dags/tutorial_taskflow_api.py
[2025-09-21T18:32:19.152+0000] {processor.py:840} INFO - DAG(s) 'tutorial_taskflow_api' retrieved from /home/airflow/.local/lib/python3.8/site-packages/airflow/example_dags/tutorial_taskflow_api.py
[2025-09-21T18:32:19.186+0000] {logging_mixin.py:188} INFO - [2025-09-21T18:32:19.186+0000] {dag.py:3036} INFO - Sync 1 DAGs
[2025-09-21T18:32:19.211+0000] {logging_mixin.py:188} INFO - [2025-09-21T18:32:19.211+0000] {dag.py:3823} INFO - Setting next_dagrun for tutorial_taskflow_api to None, run_after=None
[2025-09-21T18:32:19.269+0000] {processor.py:183} INFO - Processing /home/airflow/.local/lib/python3.8/site-packages/airflow/example_dags/tutorial_taskflow_api.py took 0.144 seconds
[2025-09-21T18:32:49.484+0000] {processor.py:161} INFO - Started process (PID=19872) to work on /home/airflow/.local/lib/python3.8/site-packages/airflow/example_dags/tutorial_taskflow_api.py
[2025-09-21T18:32:49.485+0000] {processor.py:830} INFO - Processing file /home/airflow/.local/lib/python3.8/site-packages/airflow/example_dags/tutorial_taskflow_api.py for tasks to queue
[2025-09-21T18:32:49.489+0000] {logging_mixin.py:188} INFO - [2025-09-21T18:32:49.488+0000] {dagbag.py:538} INFO - Filling up the DagBag from /home/airflow/.local/lib/python3.8/site-packages/airflow/example_dags/tutorial_taskflow_api.py
[2025-09-21T18:32:49.502+0000] {processor.py:840} INFO - DAG(s) 'tutorial_taskflow_api' retrieved from /home/airflow/.local/lib/python3.8/site-packages/airflow/example_dags/tutorial_taskflow_api.py
[2025-09-21T18:32:49.543+0000] {logging_mixin.py:188} INFO - [2025-09-21T18:32:49.543+0000] {dag.py:3036} INFO - Sync 1 DAGs
[2025-09-21T18:32:49.578+0000] {logging_mixin.py:188} INFO - [2025-09-21T18:32:49.577+0000] {dag.py:3823} INFO - Setting next_dagrun for tutorial_taskflow_api to None, run_after=None
[2025-09-21T18:32:49.644+0000] {processor.py:183} INFO - Processing /home/airflow/.local/lib/python3.8/site-packages/airflow/example_dags/tutorial_taskflow_api.py took 0.167 seconds
[2025-09-21T18:33:20.288+0000] {processor.py:161} INFO - Started process (PID=19928) to work on /home/airflow/.local/lib/python3.8/site-packages/airflow/example_dags/tutorial_taskflow_api.py
[2025-09-21T18:33:20.290+0000] {processor.py:830} INFO - Processing file /home/airflow/.local/lib/python3.8/site-packages/airflow/example_dags/tutorial_taskflow_api.py for tasks to queue
[2025-09-21T18:33:20.293+0000] {logging_mixin.py:188} INFO - [2025-09-21T18:33:20.293+0000] {dagbag.py:538} INFO - Filling up the DagBag from /home/airflow/.local/lib/python3.8/site-packages/airflow/example_dags/tutorial_taskflow_api.py
[2025-09-21T18:33:20.305+0000] {processor.py:840} INFO - DAG(s) 'tutorial_taskflow_api' retrieved from /home/airflow/.local/lib/python3.8/site-packages/airflow/example_dags/tutorial_taskflow_api.py
[2025-09-21T18:33:20.342+0000] {logging_mixin.py:188} INFO - [2025-09-21T18:33:20.341+0000] {dag.py:3036} INFO - Sync 1 DAGs
[2025-09-21T18:33:20.365+0000] {logging_mixin.py:188} INFO - [2025-09-21T18:33:20.365+0000] {dag.py:3823} INFO - Setting next_dagrun for tutorial_taskflow_api to None, run_after=None
[2025-09-21T18:33:20.407+0000] {processor.py:183} INFO - Processing /home/airflow/.local/lib/python3.8/site-packages/airflow/example_dags/tutorial_taskflow_api.py took 0.125 seconds
[2025-09-21T18:33:50.465+0000] {processor.py:161} INFO - Started process (PID=19985) to work on /home/airflow/.local/lib/python3.8/site-packages/airflow/example_dags/tutorial_taskflow_api.py
[2025-09-21T18:33:50.469+0000] {processor.py:830} INFO - Processing file /home/airflow/.local/lib/python3.8/site-packages/airflow/example_dags/tutorial_taskflow_api.py for tasks to queue
[2025-09-21T18:33:50.473+0000] {logging_mixin.py:188} INFO - [2025-09-21T18:33:50.472+0000] {dagbag.py:538} INFO - Filling up the DagBag from /home/airflow/.local/lib/python3.8/site-packages/airflow/example_dags/tutorial_taskflow_api.py
[2025-09-21T18:33:50.486+0000] {processor.py:840} INFO - DAG(s) 'tutorial_taskflow_api' retrieved from /home/airflow/.local/lib/python3.8/site-packages/airflow/example_dags/tutorial_taskflow_api.py
[2025-09-21T18:33:50.526+0000] {logging_mixin.py:188} INFO - [2025-09-21T18:33:50.526+0000] {dag.py:3036} INFO - Sync 1 DAGs
[2025-09-21T18:33:50.552+0000] {logging_mixin.py:188} INFO - [2025-09-21T18:33:50.551+0000] {dag.py:3823} INFO - Setting next_dagrun for tutorial_taskflow_api to None, run_after=None
[2025-09-21T18:33:50.592+0000] {processor.py:183} INFO - Processing /home/airflow/.local/lib/python3.8/site-packages/airflow/example_dags/tutorial_taskflow_api.py took 0.135 seconds
[2025-09-21T18:34:21.294+0000] {processor.py:161} INFO - Started process (PID=20044) to work on /home/airflow/.local/lib/python3.8/site-packages/airflow/example_dags/tutorial_taskflow_api.py
[2025-09-21T18:34:21.296+0000] {processor.py:830} INFO - Processing file /home/airflow/.local/lib/python3.8/site-packages/airflow/example_dags/tutorial_taskflow_api.py for tasks to queue
[2025-09-21T18:34:21.301+0000] {logging_mixin.py:188} INFO - [2025-09-21T18:34:21.300+0000] {dagbag.py:538} INFO - Filling up the DagBag from /home/airflow/.local/lib/python3.8/site-packages/airflow/example_dags/tutorial_taskflow_api.py
[2025-09-21T18:34:21.316+0000] {processor.py:840} INFO - DAG(s) 'tutorial_taskflow_api' retrieved from /home/airflow/.local/lib/python3.8/site-packages/airflow/example_dags/tutorial_taskflow_api.py
[2025-09-21T18:34:21.363+0000] {logging_mixin.py:188} INFO - [2025-09-21T18:34:21.363+0000] {dag.py:3036} INFO - Sync 1 DAGs
[2025-09-21T18:34:21.397+0000] {logging_mixin.py:188} INFO - [2025-09-21T18:34:21.396+0000] {dag.py:3823} INFO - Setting next_dagrun for tutorial_taskflow_api to None, run_after=None
[2025-09-21T18:34:21.438+0000] {processor.py:183} INFO - Processing /home/airflow/.local/lib/python3.8/site-packages/airflow/example_dags/tutorial_taskflow_api.py took 0.152 seconds
[2025-09-21T18:34:52.430+0000] {processor.py:161} INFO - Started process (PID=20102) to work on /home/airflow/.local/lib/python3.8/site-packages/airflow/example_dags/tutorial_taskflow_api.py
[2025-09-21T18:34:52.432+0000] {processor.py:830} INFO - Processing file /home/airflow/.local/lib/python3.8/site-packages/airflow/example_dags/tutorial_taskflow_api.py for tasks to queue
[2025-09-21T18:34:52.437+0000] {logging_mixin.py:188} INFO - [2025-09-21T18:34:52.436+0000] {dagbag.py:538} INFO - Filling up the DagBag from /home/airflow/.local/lib/python3.8/site-packages/airflow/example_dags/tutorial_taskflow_api.py
[2025-09-21T18:34:52.449+0000] {processor.py:840} INFO - DAG(s) 'tutorial_taskflow_api' retrieved from /home/airflow/.local/lib/python3.8/site-packages/airflow/example_dags/tutorial_taskflow_api.py
[2025-09-21T18:34:52.491+0000] {logging_mixin.py:188} INFO - [2025-09-21T18:34:52.491+0000] {dag.py:3036} INFO - Sync 1 DAGs
[2025-09-21T18:34:52.519+0000] {logging_mixin.py:188} INFO - [2025-09-21T18:34:52.518+0000] {dag.py:3823} INFO - Setting next_dagrun for tutorial_taskflow_api to None, run_after=None
[2025-09-21T18:34:52.562+0000] {processor.py:183} INFO - Processing /home/airflow/.local/lib/python3.8/site-packages/airflow/example_dags/tutorial_taskflow_api.py took 0.138 seconds
[2025-09-21T18:35:23.035+0000] {processor.py:161} INFO - Started process (PID=20160) to work on /home/airflow/.local/lib/python3.8/site-packages/airflow/example_dags/tutorial_taskflow_api.py
[2025-09-21T18:35:23.037+0000] {processor.py:830} INFO - Processing file /home/airflow/.local/lib/python3.8/site-packages/airflow/example_dags/tutorial_taskflow_api.py for tasks to queue
[2025-09-21T18:35:23.040+0000] {logging_mixin.py:188} INFO - [2025-09-21T18:35:23.040+0000] {dagbag.py:538} INFO - Filling up the DagBag from /home/airflow/.local/lib/python3.8/site-packages/airflow/example_dags/tutorial_taskflow_api.py
[2025-09-21T18:35:23.054+0000] {processor.py:840} INFO - DAG(s) 'tutorial_taskflow_api' retrieved from /home/airflow/.local/lib/python3.8/site-packages/airflow/example_dags/tutorial_taskflow_api.py
[2025-09-21T18:35:23.097+0000] {logging_mixin.py:188} INFO - [2025-09-21T18:35:23.097+0000] {dag.py:3036} INFO - Sync 1 DAGs
[2025-09-21T18:35:23.120+0000] {logging_mixin.py:188} INFO - [2025-09-21T18:35:23.119+0000] {dag.py:3823} INFO - Setting next_dagrun for tutorial_taskflow_api to None, run_after=None
[2025-09-21T18:35:23.174+0000] {processor.py:183} INFO - Processing /home/airflow/.local/lib/python3.8/site-packages/airflow/example_dags/tutorial_taskflow_api.py took 0.145 seconds
[2025-09-21T18:35:53.370+0000] {processor.py:161} INFO - Started process (PID=20218) to work on /home/airflow/.local/lib/python3.8/site-packages/airflow/example_dags/tutorial_taskflow_api.py
[2025-09-21T18:35:53.372+0000] {processor.py:830} INFO - Processing file /home/airflow/.local/lib/python3.8/site-packages/airflow/example_dags/tutorial_taskflow_api.py for tasks to queue
[2025-09-21T18:35:53.376+0000] {logging_mixin.py:188} INFO - [2025-09-21T18:35:53.375+0000] {dagbag.py:538} INFO - Filling up the DagBag from /home/airflow/.local/lib/python3.8/site-packages/airflow/example_dags/tutorial_taskflow_api.py
[2025-09-21T18:35:53.388+0000] {processor.py:840} INFO - DAG(s) 'tutorial_taskflow_api' retrieved from /home/airflow/.local/lib/python3.8/site-packages/airflow/example_dags/tutorial_taskflow_api.py
[2025-09-21T18:35:53.425+0000] {logging_mixin.py:188} INFO - [2025-09-21T18:35:53.424+0000] {dag.py:3036} INFO - Sync 1 DAGs
[2025-09-21T18:35:53.448+0000] {logging_mixin.py:188} INFO - [2025-09-21T18:35:53.448+0000] {dag.py:3823} INFO - Setting next_dagrun for tutorial_taskflow_api to None, run_after=None
[2025-09-21T18:35:53.487+0000] {processor.py:183} INFO - Processing /home/airflow/.local/lib/python3.8/site-packages/airflow/example_dags/tutorial_taskflow_api.py took 0.123 seconds
[2025-09-21T18:36:24.154+0000] {processor.py:161} INFO - Started process (PID=20276) to work on /home/airflow/.local/lib/python3.8/site-packages/airflow/example_dags/tutorial_taskflow_api.py
[2025-09-21T18:36:24.157+0000] {processor.py:830} INFO - Processing file /home/airflow/.local/lib/python3.8/site-packages/airflow/example_dags/tutorial_taskflow_api.py for tasks to queue
[2025-09-21T18:36:24.161+0000] {logging_mixin.py:188} INFO - [2025-09-21T18:36:24.160+0000] {dagbag.py:538} INFO - Filling up the DagBag from /home/airflow/.local/lib/python3.8/site-packages/airflow/example_dags/tutorial_taskflow_api.py
[2025-09-21T18:36:24.175+0000] {processor.py:840} INFO - DAG(s) 'tutorial_taskflow_api' retrieved from /home/airflow/.local/lib/python3.8/site-packages/airflow/example_dags/tutorial_taskflow_api.py
[2025-09-21T18:36:24.218+0000] {logging_mixin.py:188} INFO - [2025-09-21T18:36:24.218+0000] {dag.py:3036} INFO - Sync 1 DAGs
[2025-09-21T18:36:24.243+0000] {logging_mixin.py:188} INFO - [2025-09-21T18:36:24.242+0000] {dag.py:3823} INFO - Setting next_dagrun for tutorial_taskflow_api to None, run_after=None
[2025-09-21T18:36:24.282+0000] {processor.py:183} INFO - Processing /home/airflow/.local/lib/python3.8/site-packages/airflow/example_dags/tutorial_taskflow_api.py took 0.138 seconds
[2025-09-21T18:36:54.456+0000] {processor.py:161} INFO - Started process (PID=20334) to work on /home/airflow/.local/lib/python3.8/site-packages/airflow/example_dags/tutorial_taskflow_api.py
[2025-09-21T18:36:54.458+0000] {processor.py:830} INFO - Processing file /home/airflow/.local/lib/python3.8/site-packages/airflow/example_dags/tutorial_taskflow_api.py for tasks to queue
[2025-09-21T18:36:54.464+0000] {logging_mixin.py:188} INFO - [2025-09-21T18:36:54.462+0000] {dagbag.py:538} INFO - Filling up the DagBag from /home/airflow/.local/lib/python3.8/site-packages/airflow/example_dags/tutorial_taskflow_api.py
[2025-09-21T18:36:54.476+0000] {processor.py:840} INFO - DAG(s) 'tutorial_taskflow_api' retrieved from /home/airflow/.local/lib/python3.8/site-packages/airflow/example_dags/tutorial_taskflow_api.py
[2025-09-21T18:36:54.512+0000] {logging_mixin.py:188} INFO - [2025-09-21T18:36:54.511+0000] {dag.py:3036} INFO - Sync 1 DAGs
[2025-09-21T18:36:54.537+0000] {logging_mixin.py:188} INFO - [2025-09-21T18:36:54.536+0000] {dag.py:3823} INFO - Setting next_dagrun for tutorial_taskflow_api to None, run_after=None
[2025-09-21T18:36:54.589+0000] {processor.py:183} INFO - Processing /home/airflow/.local/lib/python3.8/site-packages/airflow/example_dags/tutorial_taskflow_api.py took 0.137 seconds
