[2025-09-21T11:12:54.343+0000] {processor.py:161} INFO - Started process (PID=83) to work on /home/airflow/.local/lib/python3.8/site-packages/airflow/example_dags/tutorial_objectstorage.py
[2025-09-21T11:12:54.346+0000] {processor.py:830} INFO - Processing file /home/airflow/.local/lib/python3.8/site-packages/airflow/example_dags/tutorial_objectstorage.py for tasks to queue
[2025-09-21T11:12:54.350+0000] {logging_mixin.py:188} INFO - [2025-09-21T11:12:54.349+0000] {dagbag.py:538} INFO - Filling up the DagBag from /home/airflow/.local/lib/python3.8/site-packages/airflow/example_dags/tutorial_objectstorage.py
[2025-09-21T11:12:54.372+0000] {processor.py:840} INFO - DAG(s) 'tutorial_objectstorage' retrieved from /home/airflow/.local/lib/python3.8/site-packages/airflow/example_dags/tutorial_objectstorage.py
[2025-09-21T11:12:54.421+0000] {logging_mixin.py:188} INFO - [2025-09-21T11:12:54.420+0000] {dag.py:3036} INFO - Sync 1 DAGs
[2025-09-21T11:12:54.454+0000] {logging_mixin.py:188} INFO - [2025-09-21T11:12:54.454+0000] {dag.py:3823} INFO - Setting next_dagrun for tutorial_objectstorage to None, run_after=None
[2025-09-21T11:12:54.501+0000] {processor.py:183} INFO - Processing /home/airflow/.local/lib/python3.8/site-packages/airflow/example_dags/tutorial_objectstorage.py took 0.165 seconds
[2025-09-21T11:13:24.754+0000] {processor.py:161} INFO - Started process (PID=141) to work on /home/airflow/.local/lib/python3.8/site-packages/airflow/example_dags/tutorial_objectstorage.py
[2025-09-21T11:13:24.756+0000] {processor.py:830} INFO - Processing file /home/airflow/.local/lib/python3.8/site-packages/airflow/example_dags/tutorial_objectstorage.py for tasks to queue
[2025-09-21T11:13:24.760+0000] {logging_mixin.py:188} INFO - [2025-09-21T11:13:24.759+0000] {dagbag.py:538} INFO - Filling up the DagBag from /home/airflow/.local/lib/python3.8/site-packages/airflow/example_dags/tutorial_objectstorage.py
[2025-09-21T11:13:24.773+0000] {processor.py:840} INFO - DAG(s) 'tutorial_objectstorage' retrieved from /home/airflow/.local/lib/python3.8/site-packages/airflow/example_dags/tutorial_objectstorage.py
[2025-09-21T11:13:24.809+0000] {logging_mixin.py:188} INFO - [2025-09-21T11:13:24.808+0000] {dag.py:3036} INFO - Sync 1 DAGs
[2025-09-21T11:13:24.832+0000] {logging_mixin.py:188} INFO - [2025-09-21T11:13:24.832+0000] {dag.py:3823} INFO - Setting next_dagrun for tutorial_objectstorage to None, run_after=None
[2025-09-21T11:13:24.865+0000] {processor.py:183} INFO - Processing /home/airflow/.local/lib/python3.8/site-packages/airflow/example_dags/tutorial_objectstorage.py took 0.118 seconds
[2025-09-21T11:13:55.858+0000] {processor.py:161} INFO - Started process (PID=199) to work on /home/airflow/.local/lib/python3.8/site-packages/airflow/example_dags/tutorial_objectstorage.py
[2025-09-21T11:13:55.860+0000] {processor.py:830} INFO - Processing file /home/airflow/.local/lib/python3.8/site-packages/airflow/example_dags/tutorial_objectstorage.py for tasks to queue
[2025-09-21T11:13:55.863+0000] {logging_mixin.py:188} INFO - [2025-09-21T11:13:55.863+0000] {dagbag.py:538} INFO - Filling up the DagBag from /home/airflow/.local/lib/python3.8/site-packages/airflow/example_dags/tutorial_objectstorage.py
[2025-09-21T11:13:55.875+0000] {processor.py:840} INFO - DAG(s) 'tutorial_objectstorage' retrieved from /home/airflow/.local/lib/python3.8/site-packages/airflow/example_dags/tutorial_objectstorage.py
[2025-09-21T11:13:55.909+0000] {logging_mixin.py:188} INFO - [2025-09-21T11:13:55.909+0000] {dag.py:3036} INFO - Sync 1 DAGs
[2025-09-21T11:13:55.931+0000] {logging_mixin.py:188} INFO - [2025-09-21T11:13:55.931+0000] {dag.py:3823} INFO - Setting next_dagrun for tutorial_objectstorage to None, run_after=None
[2025-09-21T11:13:55.970+0000] {processor.py:183} INFO - Processing /home/airflow/.local/lib/python3.8/site-packages/airflow/example_dags/tutorial_objectstorage.py took 0.118 seconds
[2025-09-21T11:14:26.443+0000] {processor.py:161} INFO - Started process (PID=257) to work on /home/airflow/.local/lib/python3.8/site-packages/airflow/example_dags/tutorial_objectstorage.py
[2025-09-21T11:14:26.445+0000] {processor.py:830} INFO - Processing file /home/airflow/.local/lib/python3.8/site-packages/airflow/example_dags/tutorial_objectstorage.py for tasks to queue
[2025-09-21T11:14:26.448+0000] {logging_mixin.py:188} INFO - [2025-09-21T11:14:26.447+0000] {dagbag.py:538} INFO - Filling up the DagBag from /home/airflow/.local/lib/python3.8/site-packages/airflow/example_dags/tutorial_objectstorage.py
[2025-09-21T11:14:26.460+0000] {processor.py:840} INFO - DAG(s) 'tutorial_objectstorage' retrieved from /home/airflow/.local/lib/python3.8/site-packages/airflow/example_dags/tutorial_objectstorage.py
[2025-09-21T11:14:26.498+0000] {logging_mixin.py:188} INFO - [2025-09-21T11:14:26.498+0000] {dag.py:3036} INFO - Sync 1 DAGs
[2025-09-21T11:14:26.521+0000] {logging_mixin.py:188} INFO - [2025-09-21T11:14:26.521+0000] {dag.py:3823} INFO - Setting next_dagrun for tutorial_objectstorage to None, run_after=None
[2025-09-21T11:14:26.559+0000] {processor.py:183} INFO - Processing /home/airflow/.local/lib/python3.8/site-packages/airflow/example_dags/tutorial_objectstorage.py took 0.123 seconds
[2025-09-21T11:14:57.263+0000] {processor.py:161} INFO - Started process (PID=315) to work on /home/airflow/.local/lib/python3.8/site-packages/airflow/example_dags/tutorial_objectstorage.py
[2025-09-21T11:14:57.266+0000] {processor.py:830} INFO - Processing file /home/airflow/.local/lib/python3.8/site-packages/airflow/example_dags/tutorial_objectstorage.py for tasks to queue
[2025-09-21T11:14:57.272+0000] {logging_mixin.py:188} INFO - [2025-09-21T11:14:57.271+0000] {dagbag.py:538} INFO - Filling up the DagBag from /home/airflow/.local/lib/python3.8/site-packages/airflow/example_dags/tutorial_objectstorage.py
[2025-09-21T11:14:57.283+0000] {processor.py:840} INFO - DAG(s) 'tutorial_objectstorage' retrieved from /home/airflow/.local/lib/python3.8/site-packages/airflow/example_dags/tutorial_objectstorage.py
[2025-09-21T11:14:57.322+0000] {logging_mixin.py:188} INFO - [2025-09-21T11:14:57.321+0000] {dag.py:3036} INFO - Sync 1 DAGs
[2025-09-21T11:14:57.347+0000] {logging_mixin.py:188} INFO - [2025-09-21T11:14:57.347+0000] {dag.py:3823} INFO - Setting next_dagrun for tutorial_objectstorage to None, run_after=None
[2025-09-21T11:14:57.391+0000] {processor.py:183} INFO - Processing /home/airflow/.local/lib/python3.8/site-packages/airflow/example_dags/tutorial_objectstorage.py took 0.136 seconds
[2025-09-21T11:15:28.226+0000] {processor.py:161} INFO - Started process (PID=374) to work on /home/airflow/.local/lib/python3.8/site-packages/airflow/example_dags/tutorial_objectstorage.py
[2025-09-21T11:15:28.228+0000] {processor.py:830} INFO - Processing file /home/airflow/.local/lib/python3.8/site-packages/airflow/example_dags/tutorial_objectstorage.py for tasks to queue
[2025-09-21T11:15:28.231+0000] {logging_mixin.py:188} INFO - [2025-09-21T11:15:28.231+0000] {dagbag.py:538} INFO - Filling up the DagBag from /home/airflow/.local/lib/python3.8/site-packages/airflow/example_dags/tutorial_objectstorage.py
[2025-09-21T11:15:28.243+0000] {processor.py:840} INFO - DAG(s) 'tutorial_objectstorage' retrieved from /home/airflow/.local/lib/python3.8/site-packages/airflow/example_dags/tutorial_objectstorage.py
[2025-09-21T11:15:28.278+0000] {logging_mixin.py:188} INFO - [2025-09-21T11:15:28.277+0000] {dag.py:3036} INFO - Sync 1 DAGs
[2025-09-21T11:15:28.301+0000] {logging_mixin.py:188} INFO - [2025-09-21T11:15:28.301+0000] {dag.py:3823} INFO - Setting next_dagrun for tutorial_objectstorage to None, run_after=None
[2025-09-21T11:15:28.348+0000] {processor.py:183} INFO - Processing /home/airflow/.local/lib/python3.8/site-packages/airflow/example_dags/tutorial_objectstorage.py took 0.127 seconds
[2025-09-21T11:15:59.615+0000] {processor.py:161} INFO - Started process (PID=432) to work on /home/airflow/.local/lib/python3.8/site-packages/airflow/example_dags/tutorial_objectstorage.py
[2025-09-21T11:15:59.617+0000] {processor.py:830} INFO - Processing file /home/airflow/.local/lib/python3.8/site-packages/airflow/example_dags/tutorial_objectstorage.py for tasks to queue
[2025-09-21T11:15:59.620+0000] {logging_mixin.py:188} INFO - [2025-09-21T11:15:59.620+0000] {dagbag.py:538} INFO - Filling up the DagBag from /home/airflow/.local/lib/python3.8/site-packages/airflow/example_dags/tutorial_objectstorage.py
[2025-09-21T11:15:59.633+0000] {processor.py:840} INFO - DAG(s) 'tutorial_objectstorage' retrieved from /home/airflow/.local/lib/python3.8/site-packages/airflow/example_dags/tutorial_objectstorage.py
[2025-09-21T11:15:59.666+0000] {logging_mixin.py:188} INFO - [2025-09-21T11:15:59.665+0000] {dag.py:3036} INFO - Sync 1 DAGs
[2025-09-21T11:15:59.688+0000] {logging_mixin.py:188} INFO - [2025-09-21T11:15:59.688+0000] {dag.py:3823} INFO - Setting next_dagrun for tutorial_objectstorage to None, run_after=None
[2025-09-21T11:15:59.725+0000] {processor.py:183} INFO - Processing /home/airflow/.local/lib/python3.8/site-packages/airflow/example_dags/tutorial_objectstorage.py took 0.117 seconds
[2025-09-21T11:16:30.404+0000] {processor.py:161} INFO - Started process (PID=491) to work on /home/airflow/.local/lib/python3.8/site-packages/airflow/example_dags/tutorial_objectstorage.py
[2025-09-21T11:16:30.406+0000] {processor.py:830} INFO - Processing file /home/airflow/.local/lib/python3.8/site-packages/airflow/example_dags/tutorial_objectstorage.py for tasks to queue
[2025-09-21T11:16:30.409+0000] {logging_mixin.py:188} INFO - [2025-09-21T11:16:30.409+0000] {dagbag.py:538} INFO - Filling up the DagBag from /home/airflow/.local/lib/python3.8/site-packages/airflow/example_dags/tutorial_objectstorage.py
[2025-09-21T11:16:30.424+0000] {processor.py:840} INFO - DAG(s) 'tutorial_objectstorage' retrieved from /home/airflow/.local/lib/python3.8/site-packages/airflow/example_dags/tutorial_objectstorage.py
[2025-09-21T11:16:30.459+0000] {logging_mixin.py:188} INFO - [2025-09-21T11:16:30.459+0000] {dag.py:3036} INFO - Sync 1 DAGs
[2025-09-21T11:16:30.481+0000] {logging_mixin.py:188} INFO - [2025-09-21T11:16:30.481+0000] {dag.py:3823} INFO - Setting next_dagrun for tutorial_objectstorage to None, run_after=None
[2025-09-21T11:16:30.521+0000] {processor.py:183} INFO - Processing /home/airflow/.local/lib/python3.8/site-packages/airflow/example_dags/tutorial_objectstorage.py took 0.122 seconds
[2025-09-21T11:17:01.152+0000] {processor.py:161} INFO - Started process (PID=549) to work on /home/airflow/.local/lib/python3.8/site-packages/airflow/example_dags/tutorial_objectstorage.py
[2025-09-21T11:17:01.154+0000] {processor.py:830} INFO - Processing file /home/airflow/.local/lib/python3.8/site-packages/airflow/example_dags/tutorial_objectstorage.py for tasks to queue
[2025-09-21T11:17:01.157+0000] {logging_mixin.py:188} INFO - [2025-09-21T11:17:01.156+0000] {dagbag.py:538} INFO - Filling up the DagBag from /home/airflow/.local/lib/python3.8/site-packages/airflow/example_dags/tutorial_objectstorage.py
[2025-09-21T11:17:01.168+0000] {processor.py:840} INFO - DAG(s) 'tutorial_objectstorage' retrieved from /home/airflow/.local/lib/python3.8/site-packages/airflow/example_dags/tutorial_objectstorage.py
[2025-09-21T11:17:01.203+0000] {logging_mixin.py:188} INFO - [2025-09-21T11:17:01.202+0000] {dag.py:3036} INFO - Sync 1 DAGs
[2025-09-21T11:17:01.225+0000] {logging_mixin.py:188} INFO - [2025-09-21T11:17:01.225+0000] {dag.py:3823} INFO - Setting next_dagrun for tutorial_objectstorage to None, run_after=None
[2025-09-21T11:17:01.265+0000] {processor.py:183} INFO - Processing /home/airflow/.local/lib/python3.8/site-packages/airflow/example_dags/tutorial_objectstorage.py took 0.119 seconds
[2025-09-21T11:17:31.494+0000] {processor.py:161} INFO - Started process (PID=606) to work on /home/airflow/.local/lib/python3.8/site-packages/airflow/example_dags/tutorial_objectstorage.py
[2025-09-21T11:17:31.497+0000] {processor.py:830} INFO - Processing file /home/airflow/.local/lib/python3.8/site-packages/airflow/example_dags/tutorial_objectstorage.py for tasks to queue
[2025-09-21T11:17:31.501+0000] {logging_mixin.py:188} INFO - [2025-09-21T11:17:31.500+0000] {dagbag.py:538} INFO - Filling up the DagBag from /home/airflow/.local/lib/python3.8/site-packages/airflow/example_dags/tutorial_objectstorage.py
[2025-09-21T11:17:31.514+0000] {processor.py:840} INFO - DAG(s) 'tutorial_objectstorage' retrieved from /home/airflow/.local/lib/python3.8/site-packages/airflow/example_dags/tutorial_objectstorage.py
[2025-09-21T11:17:31.548+0000] {logging_mixin.py:188} INFO - [2025-09-21T11:17:31.548+0000] {dag.py:3036} INFO - Sync 1 DAGs
[2025-09-21T11:17:31.572+0000] {logging_mixin.py:188} INFO - [2025-09-21T11:17:31.572+0000] {dag.py:3823} INFO - Setting next_dagrun for tutorial_objectstorage to None, run_after=None
[2025-09-21T11:17:31.612+0000] {processor.py:183} INFO - Processing /home/airflow/.local/lib/python3.8/site-packages/airflow/example_dags/tutorial_objectstorage.py took 0.124 seconds
[2025-09-21T11:18:01.686+0000] {processor.py:161} INFO - Started process (PID=663) to work on /home/airflow/.local/lib/python3.8/site-packages/airflow/example_dags/tutorial_objectstorage.py
[2025-09-21T11:18:01.688+0000] {processor.py:830} INFO - Processing file /home/airflow/.local/lib/python3.8/site-packages/airflow/example_dags/tutorial_objectstorage.py for tasks to queue
[2025-09-21T11:18:01.691+0000] {logging_mixin.py:188} INFO - [2025-09-21T11:18:01.691+0000] {dagbag.py:538} INFO - Filling up the DagBag from /home/airflow/.local/lib/python3.8/site-packages/airflow/example_dags/tutorial_objectstorage.py
[2025-09-21T11:18:01.705+0000] {processor.py:840} INFO - DAG(s) 'tutorial_objectstorage' retrieved from /home/airflow/.local/lib/python3.8/site-packages/airflow/example_dags/tutorial_objectstorage.py
[2025-09-21T11:18:01.738+0000] {logging_mixin.py:188} INFO - [2025-09-21T11:18:01.738+0000] {dag.py:3036} INFO - Sync 1 DAGs
[2025-09-21T11:18:01.760+0000] {logging_mixin.py:188} INFO - [2025-09-21T11:18:01.760+0000] {dag.py:3823} INFO - Setting next_dagrun for tutorial_objectstorage to None, run_after=None
[2025-09-21T11:18:01.795+0000] {processor.py:183} INFO - Processing /home/airflow/.local/lib/python3.8/site-packages/airflow/example_dags/tutorial_objectstorage.py took 0.115 seconds
[2025-09-21T11:18:32.036+0000] {processor.py:161} INFO - Started process (PID=721) to work on /home/airflow/.local/lib/python3.8/site-packages/airflow/example_dags/tutorial_objectstorage.py
[2025-09-21T11:18:32.038+0000] {processor.py:830} INFO - Processing file /home/airflow/.local/lib/python3.8/site-packages/airflow/example_dags/tutorial_objectstorage.py for tasks to queue
[2025-09-21T11:18:32.042+0000] {logging_mixin.py:188} INFO - [2025-09-21T11:18:32.041+0000] {dagbag.py:538} INFO - Filling up the DagBag from /home/airflow/.local/lib/python3.8/site-packages/airflow/example_dags/tutorial_objectstorage.py
[2025-09-21T11:18:32.054+0000] {processor.py:840} INFO - DAG(s) 'tutorial_objectstorage' retrieved from /home/airflow/.local/lib/python3.8/site-packages/airflow/example_dags/tutorial_objectstorage.py
[2025-09-21T11:18:32.091+0000] {logging_mixin.py:188} INFO - [2025-09-21T11:18:32.091+0000] {dag.py:3036} INFO - Sync 1 DAGs
[2025-09-21T11:18:32.118+0000] {logging_mixin.py:188} INFO - [2025-09-21T11:18:32.117+0000] {dag.py:3823} INFO - Setting next_dagrun for tutorial_objectstorage to None, run_after=None
[2025-09-21T11:18:32.149+0000] {processor.py:183} INFO - Processing /home/airflow/.local/lib/python3.8/site-packages/airflow/example_dags/tutorial_objectstorage.py took 0.118 seconds
[2025-09-21T11:19:02.981+0000] {processor.py:161} INFO - Started process (PID=779) to work on /home/airflow/.local/lib/python3.8/site-packages/airflow/example_dags/tutorial_objectstorage.py
[2025-09-21T11:19:02.984+0000] {processor.py:830} INFO - Processing file /home/airflow/.local/lib/python3.8/site-packages/airflow/example_dags/tutorial_objectstorage.py for tasks to queue
[2025-09-21T11:19:02.987+0000] {logging_mixin.py:188} INFO - [2025-09-21T11:19:02.987+0000] {dagbag.py:538} INFO - Filling up the DagBag from /home/airflow/.local/lib/python3.8/site-packages/airflow/example_dags/tutorial_objectstorage.py
[2025-09-21T11:19:03.000+0000] {processor.py:840} INFO - DAG(s) 'tutorial_objectstorage' retrieved from /home/airflow/.local/lib/python3.8/site-packages/airflow/example_dags/tutorial_objectstorage.py
[2025-09-21T11:19:03.033+0000] {logging_mixin.py:188} INFO - [2025-09-21T11:19:03.033+0000] {dag.py:3036} INFO - Sync 1 DAGs
[2025-09-21T11:19:03.058+0000] {logging_mixin.py:188} INFO - [2025-09-21T11:19:03.057+0000] {dag.py:3823} INFO - Setting next_dagrun for tutorial_objectstorage to None, run_after=None
[2025-09-21T11:19:03.091+0000] {processor.py:183} INFO - Processing /home/airflow/.local/lib/python3.8/site-packages/airflow/example_dags/tutorial_objectstorage.py took 0.116 seconds
[2025-09-21T11:19:33.463+0000] {processor.py:161} INFO - Started process (PID=837) to work on /home/airflow/.local/lib/python3.8/site-packages/airflow/example_dags/tutorial_objectstorage.py
[2025-09-21T11:19:33.465+0000] {processor.py:830} INFO - Processing file /home/airflow/.local/lib/python3.8/site-packages/airflow/example_dags/tutorial_objectstorage.py for tasks to queue
[2025-09-21T11:19:33.470+0000] {logging_mixin.py:188} INFO - [2025-09-21T11:19:33.469+0000] {dagbag.py:538} INFO - Filling up the DagBag from /home/airflow/.local/lib/python3.8/site-packages/airflow/example_dags/tutorial_objectstorage.py
[2025-09-21T11:19:33.483+0000] {processor.py:840} INFO - DAG(s) 'tutorial_objectstorage' retrieved from /home/airflow/.local/lib/python3.8/site-packages/airflow/example_dags/tutorial_objectstorage.py
[2025-09-21T11:19:33.521+0000] {logging_mixin.py:188} INFO - [2025-09-21T11:19:33.520+0000] {dag.py:3036} INFO - Sync 1 DAGs
[2025-09-21T11:19:33.550+0000] {logging_mixin.py:188} INFO - [2025-09-21T11:19:33.550+0000] {dag.py:3823} INFO - Setting next_dagrun for tutorial_objectstorage to None, run_after=None
[2025-09-21T11:19:33.586+0000] {processor.py:183} INFO - Processing /home/airflow/.local/lib/python3.8/site-packages/airflow/example_dags/tutorial_objectstorage.py took 0.130 seconds
[2025-09-21T11:20:03.958+0000] {processor.py:161} INFO - Started process (PID=895) to work on /home/airflow/.local/lib/python3.8/site-packages/airflow/example_dags/tutorial_objectstorage.py
[2025-09-21T11:20:03.960+0000] {processor.py:830} INFO - Processing file /home/airflow/.local/lib/python3.8/site-packages/airflow/example_dags/tutorial_objectstorage.py for tasks to queue
[2025-09-21T11:20:03.964+0000] {logging_mixin.py:188} INFO - [2025-09-21T11:20:03.964+0000] {dagbag.py:538} INFO - Filling up the DagBag from /home/airflow/.local/lib/python3.8/site-packages/airflow/example_dags/tutorial_objectstorage.py
[2025-09-21T11:20:03.977+0000] {processor.py:840} INFO - DAG(s) 'tutorial_objectstorage' retrieved from /home/airflow/.local/lib/python3.8/site-packages/airflow/example_dags/tutorial_objectstorage.py
[2025-09-21T11:20:04.011+0000] {logging_mixin.py:188} INFO - [2025-09-21T11:20:04.010+0000] {dag.py:3036} INFO - Sync 1 DAGs
[2025-09-21T11:20:04.032+0000] {logging_mixin.py:188} INFO - [2025-09-21T11:20:04.032+0000] {dag.py:3823} INFO - Setting next_dagrun for tutorial_objectstorage to None, run_after=None
[2025-09-21T11:20:04.069+0000] {processor.py:183} INFO - Processing /home/airflow/.local/lib/python3.8/site-packages/airflow/example_dags/tutorial_objectstorage.py took 0.119 seconds
[2025-09-21T11:20:34.515+0000] {processor.py:161} INFO - Started process (PID=952) to work on /home/airflow/.local/lib/python3.8/site-packages/airflow/example_dags/tutorial_objectstorage.py
[2025-09-21T11:20:34.517+0000] {processor.py:830} INFO - Processing file /home/airflow/.local/lib/python3.8/site-packages/airflow/example_dags/tutorial_objectstorage.py for tasks to queue
[2025-09-21T11:20:34.521+0000] {logging_mixin.py:188} INFO - [2025-09-21T11:20:34.520+0000] {dagbag.py:538} INFO - Filling up the DagBag from /home/airflow/.local/lib/python3.8/site-packages/airflow/example_dags/tutorial_objectstorage.py
[2025-09-21T11:20:34.532+0000] {processor.py:840} INFO - DAG(s) 'tutorial_objectstorage' retrieved from /home/airflow/.local/lib/python3.8/site-packages/airflow/example_dags/tutorial_objectstorage.py
[2025-09-21T11:20:34.567+0000] {logging_mixin.py:188} INFO - [2025-09-21T11:20:34.567+0000] {dag.py:3036} INFO - Sync 1 DAGs
[2025-09-21T11:20:34.590+0000] {logging_mixin.py:188} INFO - [2025-09-21T11:20:34.589+0000] {dag.py:3823} INFO - Setting next_dagrun for tutorial_objectstorage to None, run_after=None
[2025-09-21T11:20:34.626+0000] {processor.py:183} INFO - Processing /home/airflow/.local/lib/python3.8/site-packages/airflow/example_dags/tutorial_objectstorage.py took 0.117 seconds
[2025-09-21T11:21:05.421+0000] {processor.py:161} INFO - Started process (PID=1010) to work on /home/airflow/.local/lib/python3.8/site-packages/airflow/example_dags/tutorial_objectstorage.py
[2025-09-21T11:21:05.422+0000] {processor.py:830} INFO - Processing file /home/airflow/.local/lib/python3.8/site-packages/airflow/example_dags/tutorial_objectstorage.py for tasks to queue
[2025-09-21T11:21:05.427+0000] {logging_mixin.py:188} INFO - [2025-09-21T11:21:05.426+0000] {dagbag.py:538} INFO - Filling up the DagBag from /home/airflow/.local/lib/python3.8/site-packages/airflow/example_dags/tutorial_objectstorage.py
[2025-09-21T11:21:05.439+0000] {processor.py:840} INFO - DAG(s) 'tutorial_objectstorage' retrieved from /home/airflow/.local/lib/python3.8/site-packages/airflow/example_dags/tutorial_objectstorage.py
[2025-09-21T11:21:05.474+0000] {logging_mixin.py:188} INFO - [2025-09-21T11:21:05.473+0000] {dag.py:3036} INFO - Sync 1 DAGs
[2025-09-21T11:21:05.497+0000] {logging_mixin.py:188} INFO - [2025-09-21T11:21:05.496+0000] {dag.py:3823} INFO - Setting next_dagrun for tutorial_objectstorage to None, run_after=None
[2025-09-21T11:21:05.534+0000] {processor.py:183} INFO - Processing /home/airflow/.local/lib/python3.8/site-packages/airflow/example_dags/tutorial_objectstorage.py took 0.119 seconds
[2025-09-21T11:21:35.928+0000] {processor.py:161} INFO - Started process (PID=1068) to work on /home/airflow/.local/lib/python3.8/site-packages/airflow/example_dags/tutorial_objectstorage.py
[2025-09-21T11:21:35.930+0000] {processor.py:830} INFO - Processing file /home/airflow/.local/lib/python3.8/site-packages/airflow/example_dags/tutorial_objectstorage.py for tasks to queue
[2025-09-21T11:21:35.933+0000] {logging_mixin.py:188} INFO - [2025-09-21T11:21:35.932+0000] {dagbag.py:538} INFO - Filling up the DagBag from /home/airflow/.local/lib/python3.8/site-packages/airflow/example_dags/tutorial_objectstorage.py
[2025-09-21T11:21:35.945+0000] {processor.py:840} INFO - DAG(s) 'tutorial_objectstorage' retrieved from /home/airflow/.local/lib/python3.8/site-packages/airflow/example_dags/tutorial_objectstorage.py
[2025-09-21T11:21:35.979+0000] {logging_mixin.py:188} INFO - [2025-09-21T11:21:35.979+0000] {dag.py:3036} INFO - Sync 1 DAGs
[2025-09-21T11:21:36.001+0000] {logging_mixin.py:188} INFO - [2025-09-21T11:21:36.001+0000] {dag.py:3823} INFO - Setting next_dagrun for tutorial_objectstorage to None, run_after=None
[2025-09-21T11:21:36.038+0000] {processor.py:183} INFO - Processing /home/airflow/.local/lib/python3.8/site-packages/airflow/example_dags/tutorial_objectstorage.py took 0.116 seconds
[2025-09-21T11:22:06.325+0000] {processor.py:161} INFO - Started process (PID=1126) to work on /home/airflow/.local/lib/python3.8/site-packages/airflow/example_dags/tutorial_objectstorage.py
[2025-09-21T11:22:06.329+0000] {processor.py:830} INFO - Processing file /home/airflow/.local/lib/python3.8/site-packages/airflow/example_dags/tutorial_objectstorage.py for tasks to queue
[2025-09-21T11:22:06.333+0000] {logging_mixin.py:188} INFO - [2025-09-21T11:22:06.332+0000] {dagbag.py:538} INFO - Filling up the DagBag from /home/airflow/.local/lib/python3.8/site-packages/airflow/example_dags/tutorial_objectstorage.py
[2025-09-21T11:22:06.346+0000] {processor.py:840} INFO - DAG(s) 'tutorial_objectstorage' retrieved from /home/airflow/.local/lib/python3.8/site-packages/airflow/example_dags/tutorial_objectstorage.py
[2025-09-21T11:22:06.392+0000] {logging_mixin.py:188} INFO - [2025-09-21T11:22:06.391+0000] {dag.py:3036} INFO - Sync 1 DAGs
[2025-09-21T11:22:06.424+0000] {logging_mixin.py:188} INFO - [2025-09-21T11:22:06.423+0000] {dag.py:3823} INFO - Setting next_dagrun for tutorial_objectstorage to None, run_after=None
[2025-09-21T11:22:06.468+0000] {processor.py:183} INFO - Processing /home/airflow/.local/lib/python3.8/site-packages/airflow/example_dags/tutorial_objectstorage.py took 0.150 seconds
[2025-09-21T11:22:36.715+0000] {processor.py:161} INFO - Started process (PID=1190) to work on /home/airflow/.local/lib/python3.8/site-packages/airflow/example_dags/tutorial_objectstorage.py
[2025-09-21T11:22:36.717+0000] {processor.py:830} INFO - Processing file /home/airflow/.local/lib/python3.8/site-packages/airflow/example_dags/tutorial_objectstorage.py for tasks to queue
[2025-09-21T11:22:36.721+0000] {logging_mixin.py:188} INFO - [2025-09-21T11:22:36.720+0000] {dagbag.py:538} INFO - Filling up the DagBag from /home/airflow/.local/lib/python3.8/site-packages/airflow/example_dags/tutorial_objectstorage.py
[2025-09-21T11:22:36.732+0000] {processor.py:840} INFO - DAG(s) 'tutorial_objectstorage' retrieved from /home/airflow/.local/lib/python3.8/site-packages/airflow/example_dags/tutorial_objectstorage.py
[2025-09-21T11:22:36.766+0000] {logging_mixin.py:188} INFO - [2025-09-21T11:22:36.766+0000] {dag.py:3036} INFO - Sync 1 DAGs
[2025-09-21T11:22:36.788+0000] {logging_mixin.py:188} INFO - [2025-09-21T11:22:36.788+0000] {dag.py:3823} INFO - Setting next_dagrun for tutorial_objectstorage to None, run_after=None
[2025-09-21T11:22:36.822+0000] {processor.py:183} INFO - Processing /home/airflow/.local/lib/python3.8/site-packages/airflow/example_dags/tutorial_objectstorage.py took 0.113 seconds
[2025-09-21T11:23:07.386+0000] {processor.py:161} INFO - Started process (PID=1248) to work on /home/airflow/.local/lib/python3.8/site-packages/airflow/example_dags/tutorial_objectstorage.py
[2025-09-21T11:23:07.389+0000] {processor.py:830} INFO - Processing file /home/airflow/.local/lib/python3.8/site-packages/airflow/example_dags/tutorial_objectstorage.py for tasks to queue
[2025-09-21T11:23:07.392+0000] {logging_mixin.py:188} INFO - [2025-09-21T11:23:07.392+0000] {dagbag.py:538} INFO - Filling up the DagBag from /home/airflow/.local/lib/python3.8/site-packages/airflow/example_dags/tutorial_objectstorage.py
[2025-09-21T11:23:07.407+0000] {processor.py:840} INFO - DAG(s) 'tutorial_objectstorage' retrieved from /home/airflow/.local/lib/python3.8/site-packages/airflow/example_dags/tutorial_objectstorage.py
[2025-09-21T11:23:07.443+0000] {logging_mixin.py:188} INFO - [2025-09-21T11:23:07.442+0000] {dag.py:3036} INFO - Sync 1 DAGs
[2025-09-21T11:23:07.468+0000] {logging_mixin.py:188} INFO - [2025-09-21T11:23:07.467+0000] {dag.py:3823} INFO - Setting next_dagrun for tutorial_objectstorage to None, run_after=None
[2025-09-21T11:23:07.506+0000] {processor.py:183} INFO - Processing /home/airflow/.local/lib/python3.8/site-packages/airflow/example_dags/tutorial_objectstorage.py took 0.126 seconds
[2025-09-21T11:23:38.011+0000] {processor.py:161} INFO - Started process (PID=1306) to work on /home/airflow/.local/lib/python3.8/site-packages/airflow/example_dags/tutorial_objectstorage.py
[2025-09-21T11:23:38.013+0000] {processor.py:830} INFO - Processing file /home/airflow/.local/lib/python3.8/site-packages/airflow/example_dags/tutorial_objectstorage.py for tasks to queue
[2025-09-21T11:23:38.016+0000] {logging_mixin.py:188} INFO - [2025-09-21T11:23:38.016+0000] {dagbag.py:538} INFO - Filling up the DagBag from /home/airflow/.local/lib/python3.8/site-packages/airflow/example_dags/tutorial_objectstorage.py
[2025-09-21T11:23:38.029+0000] {processor.py:840} INFO - DAG(s) 'tutorial_objectstorage' retrieved from /home/airflow/.local/lib/python3.8/site-packages/airflow/example_dags/tutorial_objectstorage.py
[2025-09-21T11:23:38.061+0000] {logging_mixin.py:188} INFO - [2025-09-21T11:23:38.060+0000] {dag.py:3036} INFO - Sync 1 DAGs
[2025-09-21T11:23:38.087+0000] {logging_mixin.py:188} INFO - [2025-09-21T11:23:38.086+0000] {dag.py:3823} INFO - Setting next_dagrun for tutorial_objectstorage to None, run_after=None
[2025-09-21T11:23:38.126+0000] {processor.py:183} INFO - Processing /home/airflow/.local/lib/python3.8/site-packages/airflow/example_dags/tutorial_objectstorage.py took 0.121 seconds
[2025-09-21T11:24:08.936+0000] {processor.py:161} INFO - Started process (PID=1364) to work on /home/airflow/.local/lib/python3.8/site-packages/airflow/example_dags/tutorial_objectstorage.py
[2025-09-21T11:24:08.938+0000] {processor.py:830} INFO - Processing file /home/airflow/.local/lib/python3.8/site-packages/airflow/example_dags/tutorial_objectstorage.py for tasks to queue
[2025-09-21T11:24:08.941+0000] {logging_mixin.py:188} INFO - [2025-09-21T11:24:08.940+0000] {dagbag.py:538} INFO - Filling up the DagBag from /home/airflow/.local/lib/python3.8/site-packages/airflow/example_dags/tutorial_objectstorage.py
[2025-09-21T11:24:08.954+0000] {processor.py:840} INFO - DAG(s) 'tutorial_objectstorage' retrieved from /home/airflow/.local/lib/python3.8/site-packages/airflow/example_dags/tutorial_objectstorage.py
[2025-09-21T11:24:08.989+0000] {logging_mixin.py:188} INFO - [2025-09-21T11:24:08.989+0000] {dag.py:3036} INFO - Sync 1 DAGs
[2025-09-21T11:24:09.014+0000] {logging_mixin.py:188} INFO - [2025-09-21T11:24:09.013+0000] {dag.py:3823} INFO - Setting next_dagrun for tutorial_objectstorage to None, run_after=None
[2025-09-21T11:24:09.048+0000] {processor.py:183} INFO - Processing /home/airflow/.local/lib/python3.8/site-packages/airflow/example_dags/tutorial_objectstorage.py took 0.119 seconds
[2025-09-21T11:24:39.402+0000] {processor.py:161} INFO - Started process (PID=1422) to work on /home/airflow/.local/lib/python3.8/site-packages/airflow/example_dags/tutorial_objectstorage.py
[2025-09-21T11:24:39.404+0000] {processor.py:830} INFO - Processing file /home/airflow/.local/lib/python3.8/site-packages/airflow/example_dags/tutorial_objectstorage.py for tasks to queue
[2025-09-21T11:24:39.409+0000] {logging_mixin.py:188} INFO - [2025-09-21T11:24:39.408+0000] {dagbag.py:538} INFO - Filling up the DagBag from /home/airflow/.local/lib/python3.8/site-packages/airflow/example_dags/tutorial_objectstorage.py
[2025-09-21T11:24:39.421+0000] {processor.py:840} INFO - DAG(s) 'tutorial_objectstorage' retrieved from /home/airflow/.local/lib/python3.8/site-packages/airflow/example_dags/tutorial_objectstorage.py
[2025-09-21T11:24:39.461+0000] {logging_mixin.py:188} INFO - [2025-09-21T11:24:39.461+0000] {dag.py:3036} INFO - Sync 1 DAGs
[2025-09-21T11:24:39.487+0000] {logging_mixin.py:188} INFO - [2025-09-21T11:24:39.487+0000] {dag.py:3823} INFO - Setting next_dagrun for tutorial_objectstorage to None, run_after=None
[2025-09-21T11:24:39.526+0000] {processor.py:183} INFO - Processing /home/airflow/.local/lib/python3.8/site-packages/airflow/example_dags/tutorial_objectstorage.py took 0.132 seconds
[2025-09-21T11:25:09.630+0000] {processor.py:161} INFO - Started process (PID=1480) to work on /home/airflow/.local/lib/python3.8/site-packages/airflow/example_dags/tutorial_objectstorage.py
[2025-09-21T11:25:09.632+0000] {processor.py:830} INFO - Processing file /home/airflow/.local/lib/python3.8/site-packages/airflow/example_dags/tutorial_objectstorage.py for tasks to queue
[2025-09-21T11:25:09.635+0000] {logging_mixin.py:188} INFO - [2025-09-21T11:25:09.635+0000] {dagbag.py:538} INFO - Filling up the DagBag from /home/airflow/.local/lib/python3.8/site-packages/airflow/example_dags/tutorial_objectstorage.py
[2025-09-21T11:25:09.647+0000] {processor.py:840} INFO - DAG(s) 'tutorial_objectstorage' retrieved from /home/airflow/.local/lib/python3.8/site-packages/airflow/example_dags/tutorial_objectstorage.py
[2025-09-21T11:25:09.681+0000] {logging_mixin.py:188} INFO - [2025-09-21T11:25:09.680+0000] {dag.py:3036} INFO - Sync 1 DAGs
[2025-09-21T11:25:09.704+0000] {logging_mixin.py:188} INFO - [2025-09-21T11:25:09.704+0000] {dag.py:3823} INFO - Setting next_dagrun for tutorial_objectstorage to None, run_after=None
[2025-09-21T11:25:09.740+0000] {processor.py:183} INFO - Processing /home/airflow/.local/lib/python3.8/site-packages/airflow/example_dags/tutorial_objectstorage.py took 0.116 seconds
[2025-09-21T11:25:40.313+0000] {processor.py:161} INFO - Started process (PID=1538) to work on /home/airflow/.local/lib/python3.8/site-packages/airflow/example_dags/tutorial_objectstorage.py
[2025-09-21T11:25:40.315+0000] {processor.py:830} INFO - Processing file /home/airflow/.local/lib/python3.8/site-packages/airflow/example_dags/tutorial_objectstorage.py for tasks to queue
[2025-09-21T11:25:40.319+0000] {logging_mixin.py:188} INFO - [2025-09-21T11:25:40.318+0000] {dagbag.py:538} INFO - Filling up the DagBag from /home/airflow/.local/lib/python3.8/site-packages/airflow/example_dags/tutorial_objectstorage.py
[2025-09-21T11:25:40.331+0000] {processor.py:840} INFO - DAG(s) 'tutorial_objectstorage' retrieved from /home/airflow/.local/lib/python3.8/site-packages/airflow/example_dags/tutorial_objectstorage.py
[2025-09-21T11:25:40.366+0000] {logging_mixin.py:188} INFO - [2025-09-21T11:25:40.365+0000] {dag.py:3036} INFO - Sync 1 DAGs
[2025-09-21T11:25:40.399+0000] {logging_mixin.py:188} INFO - [2025-09-21T11:25:40.398+0000] {dag.py:3823} INFO - Setting next_dagrun for tutorial_objectstorage to None, run_after=None
[2025-09-21T11:25:40.433+0000] {processor.py:183} INFO - Processing /home/airflow/.local/lib/python3.8/site-packages/airflow/example_dags/tutorial_objectstorage.py took 0.126 seconds
[2025-09-21T11:26:11.079+0000] {processor.py:161} INFO - Started process (PID=1596) to work on /home/airflow/.local/lib/python3.8/site-packages/airflow/example_dags/tutorial_objectstorage.py
[2025-09-21T11:26:11.081+0000] {processor.py:830} INFO - Processing file /home/airflow/.local/lib/python3.8/site-packages/airflow/example_dags/tutorial_objectstorage.py for tasks to queue
[2025-09-21T11:26:11.084+0000] {logging_mixin.py:188} INFO - [2025-09-21T11:26:11.084+0000] {dagbag.py:538} INFO - Filling up the DagBag from /home/airflow/.local/lib/python3.8/site-packages/airflow/example_dags/tutorial_objectstorage.py
[2025-09-21T11:26:11.100+0000] {processor.py:840} INFO - DAG(s) 'tutorial_objectstorage' retrieved from /home/airflow/.local/lib/python3.8/site-packages/airflow/example_dags/tutorial_objectstorage.py
[2025-09-21T11:26:11.133+0000] {logging_mixin.py:188} INFO - [2025-09-21T11:26:11.133+0000] {dag.py:3036} INFO - Sync 1 DAGs
[2025-09-21T11:26:11.155+0000] {logging_mixin.py:188} INFO - [2025-09-21T11:26:11.154+0000] {dag.py:3823} INFO - Setting next_dagrun for tutorial_objectstorage to None, run_after=None
[2025-09-21T11:26:11.193+0000] {processor.py:183} INFO - Processing /home/airflow/.local/lib/python3.8/site-packages/airflow/example_dags/tutorial_objectstorage.py took 0.120 seconds
[2025-09-21T11:26:41.805+0000] {processor.py:161} INFO - Started process (PID=1654) to work on /home/airflow/.local/lib/python3.8/site-packages/airflow/example_dags/tutorial_objectstorage.py
[2025-09-21T11:26:41.807+0000] {processor.py:830} INFO - Processing file /home/airflow/.local/lib/python3.8/site-packages/airflow/example_dags/tutorial_objectstorage.py for tasks to queue
[2025-09-21T11:26:41.810+0000] {logging_mixin.py:188} INFO - [2025-09-21T11:26:41.810+0000] {dagbag.py:538} INFO - Filling up the DagBag from /home/airflow/.local/lib/python3.8/site-packages/airflow/example_dags/tutorial_objectstorage.py
[2025-09-21T11:26:41.822+0000] {processor.py:840} INFO - DAG(s) 'tutorial_objectstorage' retrieved from /home/airflow/.local/lib/python3.8/site-packages/airflow/example_dags/tutorial_objectstorage.py
[2025-09-21T11:26:41.856+0000] {logging_mixin.py:188} INFO - [2025-09-21T11:26:41.855+0000] {dag.py:3036} INFO - Sync 1 DAGs
[2025-09-21T11:26:41.877+0000] {logging_mixin.py:188} INFO - [2025-09-21T11:26:41.877+0000] {dag.py:3823} INFO - Setting next_dagrun for tutorial_objectstorage to None, run_after=None
[2025-09-21T11:26:41.912+0000] {processor.py:183} INFO - Processing /home/airflow/.local/lib/python3.8/site-packages/airflow/example_dags/tutorial_objectstorage.py took 0.113 seconds
[2025-09-21T11:27:12.553+0000] {processor.py:161} INFO - Started process (PID=1712) to work on /home/airflow/.local/lib/python3.8/site-packages/airflow/example_dags/tutorial_objectstorage.py
[2025-09-21T11:27:12.555+0000] {processor.py:830} INFO - Processing file /home/airflow/.local/lib/python3.8/site-packages/airflow/example_dags/tutorial_objectstorage.py for tasks to queue
[2025-09-21T11:27:12.558+0000] {logging_mixin.py:188} INFO - [2025-09-21T11:27:12.558+0000] {dagbag.py:538} INFO - Filling up the DagBag from /home/airflow/.local/lib/python3.8/site-packages/airflow/example_dags/tutorial_objectstorage.py
[2025-09-21T11:27:12.571+0000] {processor.py:840} INFO - DAG(s) 'tutorial_objectstorage' retrieved from /home/airflow/.local/lib/python3.8/site-packages/airflow/example_dags/tutorial_objectstorage.py
[2025-09-21T11:27:12.605+0000] {logging_mixin.py:188} INFO - [2025-09-21T11:27:12.605+0000] {dag.py:3036} INFO - Sync 1 DAGs
[2025-09-21T11:27:12.627+0000] {logging_mixin.py:188} INFO - [2025-09-21T11:27:12.626+0000] {dag.py:3823} INFO - Setting next_dagrun for tutorial_objectstorage to None, run_after=None
[2025-09-21T11:27:12.664+0000] {processor.py:183} INFO - Processing /home/airflow/.local/lib/python3.8/site-packages/airflow/example_dags/tutorial_objectstorage.py took 0.117 seconds
[2025-09-21T11:27:43.096+0000] {processor.py:161} INFO - Started process (PID=1770) to work on /home/airflow/.local/lib/python3.8/site-packages/airflow/example_dags/tutorial_objectstorage.py
[2025-09-21T11:27:43.098+0000] {processor.py:830} INFO - Processing file /home/airflow/.local/lib/python3.8/site-packages/airflow/example_dags/tutorial_objectstorage.py for tasks to queue
[2025-09-21T11:27:43.101+0000] {logging_mixin.py:188} INFO - [2025-09-21T11:27:43.100+0000] {dagbag.py:538} INFO - Filling up the DagBag from /home/airflow/.local/lib/python3.8/site-packages/airflow/example_dags/tutorial_objectstorage.py
[2025-09-21T11:27:43.113+0000] {processor.py:840} INFO - DAG(s) 'tutorial_objectstorage' retrieved from /home/airflow/.local/lib/python3.8/site-packages/airflow/example_dags/tutorial_objectstorage.py
[2025-09-21T11:27:43.146+0000] {logging_mixin.py:188} INFO - [2025-09-21T11:27:43.145+0000] {dag.py:3036} INFO - Sync 1 DAGs
[2025-09-21T11:27:43.168+0000] {logging_mixin.py:188} INFO - [2025-09-21T11:27:43.168+0000] {dag.py:3823} INFO - Setting next_dagrun for tutorial_objectstorage to None, run_after=None
[2025-09-21T11:27:43.207+0000] {processor.py:183} INFO - Processing /home/airflow/.local/lib/python3.8/site-packages/airflow/example_dags/tutorial_objectstorage.py took 0.118 seconds
[2025-09-21T11:28:13.616+0000] {processor.py:161} INFO - Started process (PID=1828) to work on /home/airflow/.local/lib/python3.8/site-packages/airflow/example_dags/tutorial_objectstorage.py
[2025-09-21T11:28:13.618+0000] {processor.py:830} INFO - Processing file /home/airflow/.local/lib/python3.8/site-packages/airflow/example_dags/tutorial_objectstorage.py for tasks to queue
[2025-09-21T11:28:13.622+0000] {logging_mixin.py:188} INFO - [2025-09-21T11:28:13.621+0000] {dagbag.py:538} INFO - Filling up the DagBag from /home/airflow/.local/lib/python3.8/site-packages/airflow/example_dags/tutorial_objectstorage.py
[2025-09-21T11:28:13.633+0000] {processor.py:840} INFO - DAG(s) 'tutorial_objectstorage' retrieved from /home/airflow/.local/lib/python3.8/site-packages/airflow/example_dags/tutorial_objectstorage.py
[2025-09-21T11:28:13.667+0000] {logging_mixin.py:188} INFO - [2025-09-21T11:28:13.666+0000] {dag.py:3036} INFO - Sync 1 DAGs
[2025-09-21T11:28:13.689+0000] {logging_mixin.py:188} INFO - [2025-09-21T11:28:13.688+0000] {dag.py:3823} INFO - Setting next_dagrun for tutorial_objectstorage to None, run_after=None
[2025-09-21T11:28:13.725+0000] {processor.py:183} INFO - Processing /home/airflow/.local/lib/python3.8/site-packages/airflow/example_dags/tutorial_objectstorage.py took 0.117 seconds
[2025-09-21T11:28:44.407+0000] {processor.py:161} INFO - Started process (PID=1886) to work on /home/airflow/.local/lib/python3.8/site-packages/airflow/example_dags/tutorial_objectstorage.py
[2025-09-21T11:28:44.410+0000] {processor.py:830} INFO - Processing file /home/airflow/.local/lib/python3.8/site-packages/airflow/example_dags/tutorial_objectstorage.py for tasks to queue
[2025-09-21T11:28:44.413+0000] {logging_mixin.py:188} INFO - [2025-09-21T11:28:44.412+0000] {dagbag.py:538} INFO - Filling up the DagBag from /home/airflow/.local/lib/python3.8/site-packages/airflow/example_dags/tutorial_objectstorage.py
[2025-09-21T11:28:44.424+0000] {processor.py:840} INFO - DAG(s) 'tutorial_objectstorage' retrieved from /home/airflow/.local/lib/python3.8/site-packages/airflow/example_dags/tutorial_objectstorage.py
[2025-09-21T11:28:44.457+0000] {logging_mixin.py:188} INFO - [2025-09-21T11:28:44.456+0000] {dag.py:3036} INFO - Sync 1 DAGs
[2025-09-21T11:28:44.479+0000] {logging_mixin.py:188} INFO - [2025-09-21T11:28:44.478+0000] {dag.py:3823} INFO - Setting next_dagrun for tutorial_objectstorage to None, run_after=None
[2025-09-21T11:28:44.513+0000] {processor.py:183} INFO - Processing /home/airflow/.local/lib/python3.8/site-packages/airflow/example_dags/tutorial_objectstorage.py took 0.111 seconds
[2025-09-21T11:29:14.871+0000] {processor.py:161} INFO - Started process (PID=1945) to work on /home/airflow/.local/lib/python3.8/site-packages/airflow/example_dags/tutorial_objectstorage.py
[2025-09-21T11:29:14.873+0000] {processor.py:830} INFO - Processing file /home/airflow/.local/lib/python3.8/site-packages/airflow/example_dags/tutorial_objectstorage.py for tasks to queue
[2025-09-21T11:29:14.877+0000] {logging_mixin.py:188} INFO - [2025-09-21T11:29:14.876+0000] {dagbag.py:538} INFO - Filling up the DagBag from /home/airflow/.local/lib/python3.8/site-packages/airflow/example_dags/tutorial_objectstorage.py
[2025-09-21T11:29:14.890+0000] {processor.py:840} INFO - DAG(s) 'tutorial_objectstorage' retrieved from /home/airflow/.local/lib/python3.8/site-packages/airflow/example_dags/tutorial_objectstorage.py
[2025-09-21T11:29:14.924+0000] {logging_mixin.py:188} INFO - [2025-09-21T11:29:14.923+0000] {dag.py:3036} INFO - Sync 1 DAGs
[2025-09-21T11:29:14.946+0000] {logging_mixin.py:188} INFO - [2025-09-21T11:29:14.946+0000] {dag.py:3823} INFO - Setting next_dagrun for tutorial_objectstorage to None, run_after=None
[2025-09-21T11:29:14.983+0000] {processor.py:183} INFO - Processing /home/airflow/.local/lib/python3.8/site-packages/airflow/example_dags/tutorial_objectstorage.py took 0.118 seconds
[2025-09-21T11:29:45.511+0000] {processor.py:161} INFO - Started process (PID=2003) to work on /home/airflow/.local/lib/python3.8/site-packages/airflow/example_dags/tutorial_objectstorage.py
[2025-09-21T11:29:45.513+0000] {processor.py:830} INFO - Processing file /home/airflow/.local/lib/python3.8/site-packages/airflow/example_dags/tutorial_objectstorage.py for tasks to queue
[2025-09-21T11:29:45.517+0000] {logging_mixin.py:188} INFO - [2025-09-21T11:29:45.516+0000] {dagbag.py:538} INFO - Filling up the DagBag from /home/airflow/.local/lib/python3.8/site-packages/airflow/example_dags/tutorial_objectstorage.py
[2025-09-21T11:29:45.528+0000] {processor.py:840} INFO - DAG(s) 'tutorial_objectstorage' retrieved from /home/airflow/.local/lib/python3.8/site-packages/airflow/example_dags/tutorial_objectstorage.py
[2025-09-21T11:29:45.562+0000] {logging_mixin.py:188} INFO - [2025-09-21T11:29:45.562+0000] {dag.py:3036} INFO - Sync 1 DAGs
[2025-09-21T11:29:45.585+0000] {logging_mixin.py:188} INFO - [2025-09-21T11:29:45.584+0000] {dag.py:3823} INFO - Setting next_dagrun for tutorial_objectstorage to None, run_after=None
[2025-09-21T11:29:45.618+0000] {processor.py:183} INFO - Processing /home/airflow/.local/lib/python3.8/site-packages/airflow/example_dags/tutorial_objectstorage.py took 0.113 seconds
[2025-09-21T11:30:15.837+0000] {processor.py:161} INFO - Started process (PID=2061) to work on /home/airflow/.local/lib/python3.8/site-packages/airflow/example_dags/tutorial_objectstorage.py
[2025-09-21T11:30:15.839+0000] {processor.py:830} INFO - Processing file /home/airflow/.local/lib/python3.8/site-packages/airflow/example_dags/tutorial_objectstorage.py for tasks to queue
[2025-09-21T11:30:15.843+0000] {logging_mixin.py:188} INFO - [2025-09-21T11:30:15.842+0000] {dagbag.py:538} INFO - Filling up the DagBag from /home/airflow/.local/lib/python3.8/site-packages/airflow/example_dags/tutorial_objectstorage.py
[2025-09-21T11:30:15.854+0000] {processor.py:840} INFO - DAG(s) 'tutorial_objectstorage' retrieved from /home/airflow/.local/lib/python3.8/site-packages/airflow/example_dags/tutorial_objectstorage.py
[2025-09-21T11:30:15.887+0000] {logging_mixin.py:188} INFO - [2025-09-21T11:30:15.887+0000] {dag.py:3036} INFO - Sync 1 DAGs
[2025-09-21T11:30:15.910+0000] {logging_mixin.py:188} INFO - [2025-09-21T11:30:15.909+0000] {dag.py:3823} INFO - Setting next_dagrun for tutorial_objectstorage to None, run_after=None
[2025-09-21T11:30:15.945+0000] {processor.py:183} INFO - Processing /home/airflow/.local/lib/python3.8/site-packages/airflow/example_dags/tutorial_objectstorage.py took 0.113 seconds
[2025-09-21T11:30:46.297+0000] {processor.py:161} INFO - Started process (PID=2119) to work on /home/airflow/.local/lib/python3.8/site-packages/airflow/example_dags/tutorial_objectstorage.py
[2025-09-21T11:30:46.298+0000] {processor.py:830} INFO - Processing file /home/airflow/.local/lib/python3.8/site-packages/airflow/example_dags/tutorial_objectstorage.py for tasks to queue
[2025-09-21T11:30:46.302+0000] {logging_mixin.py:188} INFO - [2025-09-21T11:30:46.301+0000] {dagbag.py:538} INFO - Filling up the DagBag from /home/airflow/.local/lib/python3.8/site-packages/airflow/example_dags/tutorial_objectstorage.py
[2025-09-21T11:30:46.313+0000] {processor.py:840} INFO - DAG(s) 'tutorial_objectstorage' retrieved from /home/airflow/.local/lib/python3.8/site-packages/airflow/example_dags/tutorial_objectstorage.py
[2025-09-21T11:30:46.347+0000] {logging_mixin.py:188} INFO - [2025-09-21T11:30:46.347+0000] {dag.py:3036} INFO - Sync 1 DAGs
[2025-09-21T11:30:46.370+0000] {logging_mixin.py:188} INFO - [2025-09-21T11:30:46.370+0000] {dag.py:3823} INFO - Setting next_dagrun for tutorial_objectstorage to None, run_after=None
[2025-09-21T11:30:46.405+0000] {processor.py:183} INFO - Processing /home/airflow/.local/lib/python3.8/site-packages/airflow/example_dags/tutorial_objectstorage.py took 0.115 seconds
[2025-09-21T11:31:16.577+0000] {processor.py:161} INFO - Started process (PID=2177) to work on /home/airflow/.local/lib/python3.8/site-packages/airflow/example_dags/tutorial_objectstorage.py
[2025-09-21T11:31:16.579+0000] {processor.py:830} INFO - Processing file /home/airflow/.local/lib/python3.8/site-packages/airflow/example_dags/tutorial_objectstorage.py for tasks to queue
[2025-09-21T11:31:16.583+0000] {logging_mixin.py:188} INFO - [2025-09-21T11:31:16.582+0000] {dagbag.py:538} INFO - Filling up the DagBag from /home/airflow/.local/lib/python3.8/site-packages/airflow/example_dags/tutorial_objectstorage.py
[2025-09-21T11:31:16.595+0000] {processor.py:840} INFO - DAG(s) 'tutorial_objectstorage' retrieved from /home/airflow/.local/lib/python3.8/site-packages/airflow/example_dags/tutorial_objectstorage.py
[2025-09-21T11:31:16.629+0000] {logging_mixin.py:188} INFO - [2025-09-21T11:31:16.629+0000] {dag.py:3036} INFO - Sync 1 DAGs
[2025-09-21T11:31:16.653+0000] {logging_mixin.py:188} INFO - [2025-09-21T11:31:16.653+0000] {dag.py:3823} INFO - Setting next_dagrun for tutorial_objectstorage to None, run_after=None
[2025-09-21T11:31:16.687+0000] {processor.py:183} INFO - Processing /home/airflow/.local/lib/python3.8/site-packages/airflow/example_dags/tutorial_objectstorage.py took 0.115 seconds
[2025-09-21T11:31:47.187+0000] {processor.py:161} INFO - Started process (PID=2235) to work on /home/airflow/.local/lib/python3.8/site-packages/airflow/example_dags/tutorial_objectstorage.py
[2025-09-21T11:31:47.189+0000] {processor.py:830} INFO - Processing file /home/airflow/.local/lib/python3.8/site-packages/airflow/example_dags/tutorial_objectstorage.py for tasks to queue
[2025-09-21T11:31:47.193+0000] {logging_mixin.py:188} INFO - [2025-09-21T11:31:47.193+0000] {dagbag.py:538} INFO - Filling up the DagBag from /home/airflow/.local/lib/python3.8/site-packages/airflow/example_dags/tutorial_objectstorage.py
[2025-09-21T11:31:47.209+0000] {processor.py:840} INFO - DAG(s) 'tutorial_objectstorage' retrieved from /home/airflow/.local/lib/python3.8/site-packages/airflow/example_dags/tutorial_objectstorage.py
[2025-09-21T11:31:47.250+0000] {logging_mixin.py:188} INFO - [2025-09-21T11:31:47.249+0000] {dag.py:3036} INFO - Sync 1 DAGs
[2025-09-21T11:31:47.277+0000] {logging_mixin.py:188} INFO - [2025-09-21T11:31:47.276+0000] {dag.py:3823} INFO - Setting next_dagrun for tutorial_objectstorage to None, run_after=None
[2025-09-21T11:31:47.316+0000] {processor.py:183} INFO - Processing /home/airflow/.local/lib/python3.8/site-packages/airflow/example_dags/tutorial_objectstorage.py took 0.137 seconds
[2025-09-21T11:32:17.440+0000] {processor.py:161} INFO - Started process (PID=2293) to work on /home/airflow/.local/lib/python3.8/site-packages/airflow/example_dags/tutorial_objectstorage.py
[2025-09-21T11:32:17.442+0000] {processor.py:830} INFO - Processing file /home/airflow/.local/lib/python3.8/site-packages/airflow/example_dags/tutorial_objectstorage.py for tasks to queue
[2025-09-21T11:32:17.446+0000] {logging_mixin.py:188} INFO - [2025-09-21T11:32:17.445+0000] {dagbag.py:538} INFO - Filling up the DagBag from /home/airflow/.local/lib/python3.8/site-packages/airflow/example_dags/tutorial_objectstorage.py
[2025-09-21T11:32:17.459+0000] {processor.py:840} INFO - DAG(s) 'tutorial_objectstorage' retrieved from /home/airflow/.local/lib/python3.8/site-packages/airflow/example_dags/tutorial_objectstorage.py
[2025-09-21T11:32:17.502+0000] {logging_mixin.py:188} INFO - [2025-09-21T11:32:17.501+0000] {dag.py:3036} INFO - Sync 1 DAGs
[2025-09-21T11:32:17.528+0000] {logging_mixin.py:188} INFO - [2025-09-21T11:32:17.527+0000] {dag.py:3823} INFO - Setting next_dagrun for tutorial_objectstorage to None, run_after=None
[2025-09-21T11:32:17.568+0000] {processor.py:183} INFO - Processing /home/airflow/.local/lib/python3.8/site-packages/airflow/example_dags/tutorial_objectstorage.py took 0.134 seconds
[2025-09-21T11:32:48.161+0000] {processor.py:161} INFO - Started process (PID=2351) to work on /home/airflow/.local/lib/python3.8/site-packages/airflow/example_dags/tutorial_objectstorage.py
[2025-09-21T11:32:48.163+0000] {processor.py:830} INFO - Processing file /home/airflow/.local/lib/python3.8/site-packages/airflow/example_dags/tutorial_objectstorage.py for tasks to queue
[2025-09-21T11:32:48.166+0000] {logging_mixin.py:188} INFO - [2025-09-21T11:32:48.165+0000] {dagbag.py:538} INFO - Filling up the DagBag from /home/airflow/.local/lib/python3.8/site-packages/airflow/example_dags/tutorial_objectstorage.py
[2025-09-21T11:32:48.179+0000] {processor.py:840} INFO - DAG(s) 'tutorial_objectstorage' retrieved from /home/airflow/.local/lib/python3.8/site-packages/airflow/example_dags/tutorial_objectstorage.py
[2025-09-21T11:32:48.213+0000] {logging_mixin.py:188} INFO - [2025-09-21T11:32:48.213+0000] {dag.py:3036} INFO - Sync 1 DAGs
[2025-09-21T11:32:48.235+0000] {logging_mixin.py:188} INFO - [2025-09-21T11:32:48.235+0000] {dag.py:3823} INFO - Setting next_dagrun for tutorial_objectstorage to None, run_after=None
[2025-09-21T11:32:48.269+0000] {processor.py:183} INFO - Processing /home/airflow/.local/lib/python3.8/site-packages/airflow/example_dags/tutorial_objectstorage.py took 0.115 seconds
[2025-09-21T11:33:18.948+0000] {processor.py:161} INFO - Started process (PID=2409) to work on /home/airflow/.local/lib/python3.8/site-packages/airflow/example_dags/tutorial_objectstorage.py
[2025-09-21T11:33:18.950+0000] {processor.py:830} INFO - Processing file /home/airflow/.local/lib/python3.8/site-packages/airflow/example_dags/tutorial_objectstorage.py for tasks to queue
[2025-09-21T11:33:18.955+0000] {logging_mixin.py:188} INFO - [2025-09-21T11:33:18.954+0000] {dagbag.py:538} INFO - Filling up the DagBag from /home/airflow/.local/lib/python3.8/site-packages/airflow/example_dags/tutorial_objectstorage.py
[2025-09-21T11:33:18.971+0000] {processor.py:840} INFO - DAG(s) 'tutorial_objectstorage' retrieved from /home/airflow/.local/lib/python3.8/site-packages/airflow/example_dags/tutorial_objectstorage.py
[2025-09-21T11:33:19.012+0000] {logging_mixin.py:188} INFO - [2025-09-21T11:33:19.011+0000] {dag.py:3036} INFO - Sync 1 DAGs
[2025-09-21T11:33:19.037+0000] {logging_mixin.py:188} INFO - [2025-09-21T11:33:19.036+0000] {dag.py:3823} INFO - Setting next_dagrun for tutorial_objectstorage to None, run_after=None
[2025-09-21T11:33:19.075+0000] {processor.py:183} INFO - Processing /home/airflow/.local/lib/python3.8/site-packages/airflow/example_dags/tutorial_objectstorage.py took 0.134 seconds
[2025-09-21T11:33:49.335+0000] {processor.py:161} INFO - Started process (PID=2467) to work on /home/airflow/.local/lib/python3.8/site-packages/airflow/example_dags/tutorial_objectstorage.py
[2025-09-21T11:33:49.337+0000] {processor.py:830} INFO - Processing file /home/airflow/.local/lib/python3.8/site-packages/airflow/example_dags/tutorial_objectstorage.py for tasks to queue
[2025-09-21T11:33:49.340+0000] {logging_mixin.py:188} INFO - [2025-09-21T11:33:49.340+0000] {dagbag.py:538} INFO - Filling up the DagBag from /home/airflow/.local/lib/python3.8/site-packages/airflow/example_dags/tutorial_objectstorage.py
[2025-09-21T11:33:49.352+0000] {processor.py:840} INFO - DAG(s) 'tutorial_objectstorage' retrieved from /home/airflow/.local/lib/python3.8/site-packages/airflow/example_dags/tutorial_objectstorage.py
[2025-09-21T11:33:49.387+0000] {logging_mixin.py:188} INFO - [2025-09-21T11:33:49.386+0000] {dag.py:3036} INFO - Sync 1 DAGs
[2025-09-21T11:33:49.409+0000] {logging_mixin.py:188} INFO - [2025-09-21T11:33:49.408+0000] {dag.py:3823} INFO - Setting next_dagrun for tutorial_objectstorage to None, run_after=None
[2025-09-21T11:33:49.443+0000] {processor.py:183} INFO - Processing /home/airflow/.local/lib/python3.8/site-packages/airflow/example_dags/tutorial_objectstorage.py took 0.114 seconds
[2025-09-21T11:34:19.950+0000] {processor.py:161} INFO - Started process (PID=2525) to work on /home/airflow/.local/lib/python3.8/site-packages/airflow/example_dags/tutorial_objectstorage.py
[2025-09-21T11:34:19.952+0000] {processor.py:830} INFO - Processing file /home/airflow/.local/lib/python3.8/site-packages/airflow/example_dags/tutorial_objectstorage.py for tasks to queue
[2025-09-21T11:34:19.956+0000] {logging_mixin.py:188} INFO - [2025-09-21T11:34:19.955+0000] {dagbag.py:538} INFO - Filling up the DagBag from /home/airflow/.local/lib/python3.8/site-packages/airflow/example_dags/tutorial_objectstorage.py
[2025-09-21T11:34:19.974+0000] {processor.py:840} INFO - DAG(s) 'tutorial_objectstorage' retrieved from /home/airflow/.local/lib/python3.8/site-packages/airflow/example_dags/tutorial_objectstorage.py
[2025-09-21T11:34:20.011+0000] {logging_mixin.py:188} INFO - [2025-09-21T11:34:20.011+0000] {dag.py:3036} INFO - Sync 1 DAGs
[2025-09-21T11:34:20.038+0000] {logging_mixin.py:188} INFO - [2025-09-21T11:34:20.038+0000] {dag.py:3823} INFO - Setting next_dagrun for tutorial_objectstorage to None, run_after=None
[2025-09-21T11:34:20.075+0000] {processor.py:183} INFO - Processing /home/airflow/.local/lib/python3.8/site-packages/airflow/example_dags/tutorial_objectstorage.py took 0.131 seconds
[2025-09-21T11:34:50.253+0000] {processor.py:161} INFO - Started process (PID=2583) to work on /home/airflow/.local/lib/python3.8/site-packages/airflow/example_dags/tutorial_objectstorage.py
[2025-09-21T11:34:50.285+0000] {processor.py:830} INFO - Processing file /home/airflow/.local/lib/python3.8/site-packages/airflow/example_dags/tutorial_objectstorage.py for tasks to queue
[2025-09-21T11:34:50.291+0000] {logging_mixin.py:188} INFO - [2025-09-21T11:34:50.290+0000] {dagbag.py:538} INFO - Filling up the DagBag from /home/airflow/.local/lib/python3.8/site-packages/airflow/example_dags/tutorial_objectstorage.py
[2025-09-21T11:34:50.306+0000] {processor.py:840} INFO - DAG(s) 'tutorial_objectstorage' retrieved from /home/airflow/.local/lib/python3.8/site-packages/airflow/example_dags/tutorial_objectstorage.py
[2025-09-21T11:34:50.344+0000] {logging_mixin.py:188} INFO - [2025-09-21T11:34:50.344+0000] {dag.py:3036} INFO - Sync 1 DAGs
[2025-09-21T11:34:50.366+0000] {logging_mixin.py:188} INFO - [2025-09-21T11:34:50.366+0000] {dag.py:3823} INFO - Setting next_dagrun for tutorial_objectstorage to None, run_after=None
[2025-09-21T11:34:50.400+0000] {processor.py:183} INFO - Processing /home/airflow/.local/lib/python3.8/site-packages/airflow/example_dags/tutorial_objectstorage.py took 0.155 seconds
[2025-09-21T11:35:21.168+0000] {processor.py:161} INFO - Started process (PID=2641) to work on /home/airflow/.local/lib/python3.8/site-packages/airflow/example_dags/tutorial_objectstorage.py
[2025-09-21T11:35:21.170+0000] {processor.py:830} INFO - Processing file /home/airflow/.local/lib/python3.8/site-packages/airflow/example_dags/tutorial_objectstorage.py for tasks to queue
[2025-09-21T11:35:21.174+0000] {logging_mixin.py:188} INFO - [2025-09-21T11:35:21.173+0000] {dagbag.py:538} INFO - Filling up the DagBag from /home/airflow/.local/lib/python3.8/site-packages/airflow/example_dags/tutorial_objectstorage.py
[2025-09-21T11:35:21.186+0000] {processor.py:840} INFO - DAG(s) 'tutorial_objectstorage' retrieved from /home/airflow/.local/lib/python3.8/site-packages/airflow/example_dags/tutorial_objectstorage.py
[2025-09-21T11:35:21.221+0000] {logging_mixin.py:188} INFO - [2025-09-21T11:35:21.221+0000] {dag.py:3036} INFO - Sync 1 DAGs
[2025-09-21T11:35:21.244+0000] {logging_mixin.py:188} INFO - [2025-09-21T11:35:21.243+0000] {dag.py:3823} INFO - Setting next_dagrun for tutorial_objectstorage to None, run_after=None
[2025-09-21T11:35:21.280+0000] {processor.py:183} INFO - Processing /home/airflow/.local/lib/python3.8/site-packages/airflow/example_dags/tutorial_objectstorage.py took 0.118 seconds
[2025-09-21T11:35:51.635+0000] {processor.py:161} INFO - Started process (PID=2699) to work on /home/airflow/.local/lib/python3.8/site-packages/airflow/example_dags/tutorial_objectstorage.py
[2025-09-21T11:35:51.637+0000] {processor.py:830} INFO - Processing file /home/airflow/.local/lib/python3.8/site-packages/airflow/example_dags/tutorial_objectstorage.py for tasks to queue
[2025-09-21T11:35:51.641+0000] {logging_mixin.py:188} INFO - [2025-09-21T11:35:51.640+0000] {dagbag.py:538} INFO - Filling up the DagBag from /home/airflow/.local/lib/python3.8/site-packages/airflow/example_dags/tutorial_objectstorage.py
[2025-09-21T11:35:51.653+0000] {processor.py:840} INFO - DAG(s) 'tutorial_objectstorage' retrieved from /home/airflow/.local/lib/python3.8/site-packages/airflow/example_dags/tutorial_objectstorage.py
[2025-09-21T11:35:51.686+0000] {logging_mixin.py:188} INFO - [2025-09-21T11:35:51.685+0000] {dag.py:3036} INFO - Sync 1 DAGs
[2025-09-21T11:35:51.709+0000] {logging_mixin.py:188} INFO - [2025-09-21T11:35:51.708+0000] {dag.py:3823} INFO - Setting next_dagrun for tutorial_objectstorage to None, run_after=None
[2025-09-21T11:35:51.743+0000] {processor.py:183} INFO - Processing /home/airflow/.local/lib/python3.8/site-packages/airflow/example_dags/tutorial_objectstorage.py took 0.114 seconds
[2025-09-21T11:36:22.045+0000] {processor.py:161} INFO - Started process (PID=2757) to work on /home/airflow/.local/lib/python3.8/site-packages/airflow/example_dags/tutorial_objectstorage.py
[2025-09-21T11:36:22.047+0000] {processor.py:830} INFO - Processing file /home/airflow/.local/lib/python3.8/site-packages/airflow/example_dags/tutorial_objectstorage.py for tasks to queue
[2025-09-21T11:36:22.050+0000] {logging_mixin.py:188} INFO - [2025-09-21T11:36:22.050+0000] {dagbag.py:538} INFO - Filling up the DagBag from /home/airflow/.local/lib/python3.8/site-packages/airflow/example_dags/tutorial_objectstorage.py
[2025-09-21T11:36:22.062+0000] {processor.py:840} INFO - DAG(s) 'tutorial_objectstorage' retrieved from /home/airflow/.local/lib/python3.8/site-packages/airflow/example_dags/tutorial_objectstorage.py
[2025-09-21T11:36:22.095+0000] {logging_mixin.py:188} INFO - [2025-09-21T11:36:22.094+0000] {dag.py:3036} INFO - Sync 1 DAGs
[2025-09-21T11:36:22.117+0000] {logging_mixin.py:188} INFO - [2025-09-21T11:36:22.117+0000] {dag.py:3823} INFO - Setting next_dagrun for tutorial_objectstorage to None, run_after=None
[2025-09-21T11:36:22.153+0000] {processor.py:183} INFO - Processing /home/airflow/.local/lib/python3.8/site-packages/airflow/example_dags/tutorial_objectstorage.py took 0.114 seconds
[2025-09-21T11:36:52.732+0000] {processor.py:161} INFO - Started process (PID=2813) to work on /home/airflow/.local/lib/python3.8/site-packages/airflow/example_dags/tutorial_objectstorage.py
[2025-09-21T11:36:52.734+0000] {processor.py:830} INFO - Processing file /home/airflow/.local/lib/python3.8/site-packages/airflow/example_dags/tutorial_objectstorage.py for tasks to queue
[2025-09-21T11:36:52.738+0000] {logging_mixin.py:188} INFO - [2025-09-21T11:36:52.737+0000] {dagbag.py:538} INFO - Filling up the DagBag from /home/airflow/.local/lib/python3.8/site-packages/airflow/example_dags/tutorial_objectstorage.py
[2025-09-21T11:36:52.753+0000] {processor.py:840} INFO - DAG(s) 'tutorial_objectstorage' retrieved from /home/airflow/.local/lib/python3.8/site-packages/airflow/example_dags/tutorial_objectstorage.py
[2025-09-21T11:36:52.787+0000] {logging_mixin.py:188} INFO - [2025-09-21T11:36:52.787+0000] {dag.py:3036} INFO - Sync 1 DAGs
[2025-09-21T11:36:52.811+0000] {logging_mixin.py:188} INFO - [2025-09-21T11:36:52.811+0000] {dag.py:3823} INFO - Setting next_dagrun for tutorial_objectstorage to None, run_after=None
[2025-09-21T11:36:52.851+0000] {processor.py:183} INFO - Processing /home/airflow/.local/lib/python3.8/site-packages/airflow/example_dags/tutorial_objectstorage.py took 0.127 seconds
[2025-09-21T11:37:23.610+0000] {processor.py:161} INFO - Started process (PID=2871) to work on /home/airflow/.local/lib/python3.8/site-packages/airflow/example_dags/tutorial_objectstorage.py
[2025-09-21T11:37:23.612+0000] {processor.py:830} INFO - Processing file /home/airflow/.local/lib/python3.8/site-packages/airflow/example_dags/tutorial_objectstorage.py for tasks to queue
[2025-09-21T11:37:23.615+0000] {logging_mixin.py:188} INFO - [2025-09-21T11:37:23.614+0000] {dagbag.py:538} INFO - Filling up the DagBag from /home/airflow/.local/lib/python3.8/site-packages/airflow/example_dags/tutorial_objectstorage.py
[2025-09-21T11:37:23.628+0000] {processor.py:840} INFO - DAG(s) 'tutorial_objectstorage' retrieved from /home/airflow/.local/lib/python3.8/site-packages/airflow/example_dags/tutorial_objectstorage.py
[2025-09-21T11:37:23.666+0000] {logging_mixin.py:188} INFO - [2025-09-21T11:37:23.666+0000] {dag.py:3036} INFO - Sync 1 DAGs
[2025-09-21T11:37:23.691+0000] {logging_mixin.py:188} INFO - [2025-09-21T11:37:23.691+0000] {dag.py:3823} INFO - Setting next_dagrun for tutorial_objectstorage to None, run_after=None
[2025-09-21T11:37:23.734+0000] {processor.py:183} INFO - Processing /home/airflow/.local/lib/python3.8/site-packages/airflow/example_dags/tutorial_objectstorage.py took 0.131 seconds
[2025-09-21T11:37:54.307+0000] {processor.py:161} INFO - Started process (PID=2929) to work on /home/airflow/.local/lib/python3.8/site-packages/airflow/example_dags/tutorial_objectstorage.py
[2025-09-21T11:37:54.309+0000] {processor.py:830} INFO - Processing file /home/airflow/.local/lib/python3.8/site-packages/airflow/example_dags/tutorial_objectstorage.py for tasks to queue
[2025-09-21T11:37:54.313+0000] {logging_mixin.py:188} INFO - [2025-09-21T11:37:54.312+0000] {dagbag.py:538} INFO - Filling up the DagBag from /home/airflow/.local/lib/python3.8/site-packages/airflow/example_dags/tutorial_objectstorage.py
[2025-09-21T11:37:54.325+0000] {processor.py:840} INFO - DAG(s) 'tutorial_objectstorage' retrieved from /home/airflow/.local/lib/python3.8/site-packages/airflow/example_dags/tutorial_objectstorage.py
[2025-09-21T11:37:54.358+0000] {logging_mixin.py:188} INFO - [2025-09-21T11:37:54.358+0000] {dag.py:3036} INFO - Sync 1 DAGs
[2025-09-21T11:37:54.386+0000] {logging_mixin.py:188} INFO - [2025-09-21T11:37:54.385+0000] {dag.py:3823} INFO - Setting next_dagrun for tutorial_objectstorage to None, run_after=None
[2025-09-21T11:37:54.419+0000] {processor.py:183} INFO - Processing /home/airflow/.local/lib/python3.8/site-packages/airflow/example_dags/tutorial_objectstorage.py took 0.118 seconds
[2025-09-21T11:38:24.646+0000] {processor.py:161} INFO - Started process (PID=2987) to work on /home/airflow/.local/lib/python3.8/site-packages/airflow/example_dags/tutorial_objectstorage.py
[2025-09-21T11:38:24.648+0000] {processor.py:830} INFO - Processing file /home/airflow/.local/lib/python3.8/site-packages/airflow/example_dags/tutorial_objectstorage.py for tasks to queue
[2025-09-21T11:38:24.652+0000] {logging_mixin.py:188} INFO - [2025-09-21T11:38:24.651+0000] {dagbag.py:538} INFO - Filling up the DagBag from /home/airflow/.local/lib/python3.8/site-packages/airflow/example_dags/tutorial_objectstorage.py
[2025-09-21T11:38:24.665+0000] {processor.py:840} INFO - DAG(s) 'tutorial_objectstorage' retrieved from /home/airflow/.local/lib/python3.8/site-packages/airflow/example_dags/tutorial_objectstorage.py
[2025-09-21T11:38:24.700+0000] {logging_mixin.py:188} INFO - [2025-09-21T11:38:24.700+0000] {dag.py:3036} INFO - Sync 1 DAGs
[2025-09-21T11:38:24.725+0000] {logging_mixin.py:188} INFO - [2025-09-21T11:38:24.725+0000] {dag.py:3823} INFO - Setting next_dagrun for tutorial_objectstorage to None, run_after=None
[2025-09-21T11:38:24.761+0000] {processor.py:183} INFO - Processing /home/airflow/.local/lib/python3.8/site-packages/airflow/example_dags/tutorial_objectstorage.py took 0.121 seconds
[2025-09-21T11:38:54.845+0000] {processor.py:161} INFO - Started process (PID=3043) to work on /home/airflow/.local/lib/python3.8/site-packages/airflow/example_dags/tutorial_objectstorage.py
[2025-09-21T11:38:54.847+0000] {processor.py:830} INFO - Processing file /home/airflow/.local/lib/python3.8/site-packages/airflow/example_dags/tutorial_objectstorage.py for tasks to queue
[2025-09-21T11:38:54.851+0000] {logging_mixin.py:188} INFO - [2025-09-21T11:38:54.850+0000] {dagbag.py:538} INFO - Filling up the DagBag from /home/airflow/.local/lib/python3.8/site-packages/airflow/example_dags/tutorial_objectstorage.py
[2025-09-21T11:38:54.863+0000] {processor.py:840} INFO - DAG(s) 'tutorial_objectstorage' retrieved from /home/airflow/.local/lib/python3.8/site-packages/airflow/example_dags/tutorial_objectstorage.py
[2025-09-21T11:38:54.897+0000] {logging_mixin.py:188} INFO - [2025-09-21T11:38:54.897+0000] {dag.py:3036} INFO - Sync 1 DAGs
[2025-09-21T11:38:54.920+0000] {logging_mixin.py:188} INFO - [2025-09-21T11:38:54.920+0000] {dag.py:3823} INFO - Setting next_dagrun for tutorial_objectstorage to None, run_after=None
[2025-09-21T11:38:54.962+0000] {processor.py:183} INFO - Processing /home/airflow/.local/lib/python3.8/site-packages/airflow/example_dags/tutorial_objectstorage.py took 0.123 seconds
[2025-09-21T11:39:25.178+0000] {processor.py:161} INFO - Started process (PID=3101) to work on /home/airflow/.local/lib/python3.8/site-packages/airflow/example_dags/tutorial_objectstorage.py
[2025-09-21T11:39:25.179+0000] {processor.py:830} INFO - Processing file /home/airflow/.local/lib/python3.8/site-packages/airflow/example_dags/tutorial_objectstorage.py for tasks to queue
[2025-09-21T11:39:25.183+0000] {logging_mixin.py:188} INFO - [2025-09-21T11:39:25.182+0000] {dagbag.py:538} INFO - Filling up the DagBag from /home/airflow/.local/lib/python3.8/site-packages/airflow/example_dags/tutorial_objectstorage.py
[2025-09-21T11:39:25.195+0000] {processor.py:840} INFO - DAG(s) 'tutorial_objectstorage' retrieved from /home/airflow/.local/lib/python3.8/site-packages/airflow/example_dags/tutorial_objectstorage.py
[2025-09-21T11:39:25.232+0000] {logging_mixin.py:188} INFO - [2025-09-21T11:39:25.232+0000] {dag.py:3036} INFO - Sync 1 DAGs
[2025-09-21T11:39:25.255+0000] {logging_mixin.py:188} INFO - [2025-09-21T11:39:25.255+0000] {dag.py:3823} INFO - Setting next_dagrun for tutorial_objectstorage to None, run_after=None
[2025-09-21T11:39:25.295+0000] {processor.py:183} INFO - Processing /home/airflow/.local/lib/python3.8/site-packages/airflow/example_dags/tutorial_objectstorage.py took 0.123 seconds
[2025-09-21T11:39:55.391+0000] {processor.py:161} INFO - Started process (PID=3159) to work on /home/airflow/.local/lib/python3.8/site-packages/airflow/example_dags/tutorial_objectstorage.py
[2025-09-21T11:39:55.393+0000] {processor.py:830} INFO - Processing file /home/airflow/.local/lib/python3.8/site-packages/airflow/example_dags/tutorial_objectstorage.py for tasks to queue
[2025-09-21T11:39:55.397+0000] {logging_mixin.py:188} INFO - [2025-09-21T11:39:55.396+0000] {dagbag.py:538} INFO - Filling up the DagBag from /home/airflow/.local/lib/python3.8/site-packages/airflow/example_dags/tutorial_objectstorage.py
[2025-09-21T11:39:55.409+0000] {processor.py:840} INFO - DAG(s) 'tutorial_objectstorage' retrieved from /home/airflow/.local/lib/python3.8/site-packages/airflow/example_dags/tutorial_objectstorage.py
[2025-09-21T11:39:55.444+0000] {logging_mixin.py:188} INFO - [2025-09-21T11:39:55.443+0000] {dag.py:3036} INFO - Sync 1 DAGs
[2025-09-21T11:39:55.467+0000] {logging_mixin.py:188} INFO - [2025-09-21T11:39:55.466+0000] {dag.py:3823} INFO - Setting next_dagrun for tutorial_objectstorage to None, run_after=None
[2025-09-21T11:39:55.502+0000] {processor.py:183} INFO - Processing /home/airflow/.local/lib/python3.8/site-packages/airflow/example_dags/tutorial_objectstorage.py took 0.116 seconds
[2025-09-21T11:40:25.790+0000] {processor.py:161} INFO - Started process (PID=3218) to work on /home/airflow/.local/lib/python3.8/site-packages/airflow/example_dags/tutorial_objectstorage.py
[2025-09-21T11:40:25.792+0000] {processor.py:830} INFO - Processing file /home/airflow/.local/lib/python3.8/site-packages/airflow/example_dags/tutorial_objectstorage.py for tasks to queue
[2025-09-21T11:40:25.796+0000] {logging_mixin.py:188} INFO - [2025-09-21T11:40:25.795+0000] {dagbag.py:538} INFO - Filling up the DagBag from /home/airflow/.local/lib/python3.8/site-packages/airflow/example_dags/tutorial_objectstorage.py
[2025-09-21T11:40:25.808+0000] {processor.py:840} INFO - DAG(s) 'tutorial_objectstorage' retrieved from /home/airflow/.local/lib/python3.8/site-packages/airflow/example_dags/tutorial_objectstorage.py
[2025-09-21T11:40:25.841+0000] {logging_mixin.py:188} INFO - [2025-09-21T11:40:25.840+0000] {dag.py:3036} INFO - Sync 1 DAGs
[2025-09-21T11:40:25.864+0000] {logging_mixin.py:188} INFO - [2025-09-21T11:40:25.863+0000] {dag.py:3823} INFO - Setting next_dagrun for tutorial_objectstorage to None, run_after=None
[2025-09-21T11:40:25.900+0000] {processor.py:183} INFO - Processing /home/airflow/.local/lib/python3.8/site-packages/airflow/example_dags/tutorial_objectstorage.py took 0.118 seconds
[2025-09-21T11:40:56.415+0000] {processor.py:161} INFO - Started process (PID=3276) to work on /home/airflow/.local/lib/python3.8/site-packages/airflow/example_dags/tutorial_objectstorage.py
[2025-09-21T11:40:56.416+0000] {processor.py:830} INFO - Processing file /home/airflow/.local/lib/python3.8/site-packages/airflow/example_dags/tutorial_objectstorage.py for tasks to queue
[2025-09-21T11:40:56.420+0000] {logging_mixin.py:188} INFO - [2025-09-21T11:40:56.419+0000] {dagbag.py:538} INFO - Filling up the DagBag from /home/airflow/.local/lib/python3.8/site-packages/airflow/example_dags/tutorial_objectstorage.py
[2025-09-21T11:40:56.431+0000] {processor.py:840} INFO - DAG(s) 'tutorial_objectstorage' retrieved from /home/airflow/.local/lib/python3.8/site-packages/airflow/example_dags/tutorial_objectstorage.py
[2025-09-21T11:40:56.465+0000] {logging_mixin.py:188} INFO - [2025-09-21T11:40:56.464+0000] {dag.py:3036} INFO - Sync 1 DAGs
[2025-09-21T11:40:56.492+0000] {logging_mixin.py:188} INFO - [2025-09-21T11:40:56.491+0000] {dag.py:3823} INFO - Setting next_dagrun for tutorial_objectstorage to None, run_after=None
[2025-09-21T11:40:56.531+0000] {processor.py:183} INFO - Processing /home/airflow/.local/lib/python3.8/site-packages/airflow/example_dags/tutorial_objectstorage.py took 0.122 seconds
[2025-09-21T11:41:26.684+0000] {processor.py:161} INFO - Started process (PID=3334) to work on /home/airflow/.local/lib/python3.8/site-packages/airflow/example_dags/tutorial_objectstorage.py
[2025-09-21T11:41:26.686+0000] {processor.py:830} INFO - Processing file /home/airflow/.local/lib/python3.8/site-packages/airflow/example_dags/tutorial_objectstorage.py for tasks to queue
[2025-09-21T11:41:26.690+0000] {logging_mixin.py:188} INFO - [2025-09-21T11:41:26.689+0000] {dagbag.py:538} INFO - Filling up the DagBag from /home/airflow/.local/lib/python3.8/site-packages/airflow/example_dags/tutorial_objectstorage.py
[2025-09-21T11:41:26.701+0000] {processor.py:840} INFO - DAG(s) 'tutorial_objectstorage' retrieved from /home/airflow/.local/lib/python3.8/site-packages/airflow/example_dags/tutorial_objectstorage.py
[2025-09-21T11:41:26.735+0000] {logging_mixin.py:188} INFO - [2025-09-21T11:41:26.735+0000] {dag.py:3036} INFO - Sync 1 DAGs
[2025-09-21T11:41:26.759+0000] {logging_mixin.py:188} INFO - [2025-09-21T11:41:26.758+0000] {dag.py:3823} INFO - Setting next_dagrun for tutorial_objectstorage to None, run_after=None
[2025-09-21T11:41:26.793+0000] {processor.py:183} INFO - Processing /home/airflow/.local/lib/python3.8/site-packages/airflow/example_dags/tutorial_objectstorage.py took 0.114 seconds
[2025-09-21T11:41:57.395+0000] {processor.py:161} INFO - Started process (PID=3392) to work on /home/airflow/.local/lib/python3.8/site-packages/airflow/example_dags/tutorial_objectstorage.py
[2025-09-21T11:41:57.397+0000] {processor.py:830} INFO - Processing file /home/airflow/.local/lib/python3.8/site-packages/airflow/example_dags/tutorial_objectstorage.py for tasks to queue
[2025-09-21T11:41:57.401+0000] {logging_mixin.py:188} INFO - [2025-09-21T11:41:57.400+0000] {dagbag.py:538} INFO - Filling up the DagBag from /home/airflow/.local/lib/python3.8/site-packages/airflow/example_dags/tutorial_objectstorage.py
[2025-09-21T11:41:57.413+0000] {processor.py:840} INFO - DAG(s) 'tutorial_objectstorage' retrieved from /home/airflow/.local/lib/python3.8/site-packages/airflow/example_dags/tutorial_objectstorage.py
[2025-09-21T11:41:57.446+0000] {logging_mixin.py:188} INFO - [2025-09-21T11:41:57.446+0000] {dag.py:3036} INFO - Sync 1 DAGs
[2025-09-21T11:41:57.468+0000] {logging_mixin.py:188} INFO - [2025-09-21T11:41:57.468+0000] {dag.py:3823} INFO - Setting next_dagrun for tutorial_objectstorage to None, run_after=None
[2025-09-21T11:41:57.505+0000] {processor.py:183} INFO - Processing /home/airflow/.local/lib/python3.8/site-packages/airflow/example_dags/tutorial_objectstorage.py took 0.115 seconds
[2025-09-21T11:42:27.779+0000] {processor.py:161} INFO - Started process (PID=3449) to work on /home/airflow/.local/lib/python3.8/site-packages/airflow/example_dags/tutorial_objectstorage.py
[2025-09-21T11:42:27.781+0000] {processor.py:830} INFO - Processing file /home/airflow/.local/lib/python3.8/site-packages/airflow/example_dags/tutorial_objectstorage.py for tasks to queue
[2025-09-21T11:42:27.784+0000] {logging_mixin.py:188} INFO - [2025-09-21T11:42:27.784+0000] {dagbag.py:538} INFO - Filling up the DagBag from /home/airflow/.local/lib/python3.8/site-packages/airflow/example_dags/tutorial_objectstorage.py
[2025-09-21T11:42:27.799+0000] {processor.py:840} INFO - DAG(s) 'tutorial_objectstorage' retrieved from /home/airflow/.local/lib/python3.8/site-packages/airflow/example_dags/tutorial_objectstorage.py
[2025-09-21T11:42:27.836+0000] {logging_mixin.py:188} INFO - [2025-09-21T11:42:27.836+0000] {dag.py:3036} INFO - Sync 1 DAGs
[2025-09-21T11:42:27.864+0000] {logging_mixin.py:188} INFO - [2025-09-21T11:42:27.863+0000] {dag.py:3823} INFO - Setting next_dagrun for tutorial_objectstorage to None, run_after=None
[2025-09-21T11:42:27.912+0000] {processor.py:183} INFO - Processing /home/airflow/.local/lib/python3.8/site-packages/airflow/example_dags/tutorial_objectstorage.py took 0.141 seconds
[2025-09-21T11:42:58.533+0000] {processor.py:161} INFO - Started process (PID=3507) to work on /home/airflow/.local/lib/python3.8/site-packages/airflow/example_dags/tutorial_objectstorage.py
[2025-09-21T11:42:58.535+0000] {processor.py:830} INFO - Processing file /home/airflow/.local/lib/python3.8/site-packages/airflow/example_dags/tutorial_objectstorage.py for tasks to queue
[2025-09-21T11:42:58.538+0000] {logging_mixin.py:188} INFO - [2025-09-21T11:42:58.537+0000] {dagbag.py:538} INFO - Filling up the DagBag from /home/airflow/.local/lib/python3.8/site-packages/airflow/example_dags/tutorial_objectstorage.py
[2025-09-21T11:42:58.550+0000] {processor.py:840} INFO - DAG(s) 'tutorial_objectstorage' retrieved from /home/airflow/.local/lib/python3.8/site-packages/airflow/example_dags/tutorial_objectstorage.py
[2025-09-21T11:42:58.582+0000] {logging_mixin.py:188} INFO - [2025-09-21T11:42:58.582+0000] {dag.py:3036} INFO - Sync 1 DAGs
[2025-09-21T11:42:58.604+0000] {logging_mixin.py:188} INFO - [2025-09-21T11:42:58.604+0000] {dag.py:3823} INFO - Setting next_dagrun for tutorial_objectstorage to None, run_after=None
[2025-09-21T11:42:58.642+0000] {processor.py:183} INFO - Processing /home/airflow/.local/lib/python3.8/site-packages/airflow/example_dags/tutorial_objectstorage.py took 0.116 seconds
[2025-09-21T11:43:28.962+0000] {processor.py:161} INFO - Started process (PID=3566) to work on /home/airflow/.local/lib/python3.8/site-packages/airflow/example_dags/tutorial_objectstorage.py
[2025-09-21T11:43:28.964+0000] {processor.py:830} INFO - Processing file /home/airflow/.local/lib/python3.8/site-packages/airflow/example_dags/tutorial_objectstorage.py for tasks to queue
[2025-09-21T11:43:28.968+0000] {logging_mixin.py:188} INFO - [2025-09-21T11:43:28.967+0000] {dagbag.py:538} INFO - Filling up the DagBag from /home/airflow/.local/lib/python3.8/site-packages/airflow/example_dags/tutorial_objectstorage.py
[2025-09-21T11:43:28.979+0000] {processor.py:840} INFO - DAG(s) 'tutorial_objectstorage' retrieved from /home/airflow/.local/lib/python3.8/site-packages/airflow/example_dags/tutorial_objectstorage.py
[2025-09-21T11:43:29.013+0000] {logging_mixin.py:188} INFO - [2025-09-21T11:43:29.012+0000] {dag.py:3036} INFO - Sync 1 DAGs
[2025-09-21T11:43:29.035+0000] {logging_mixin.py:188} INFO - [2025-09-21T11:43:29.035+0000] {dag.py:3823} INFO - Setting next_dagrun for tutorial_objectstorage to None, run_after=None
[2025-09-21T11:43:29.070+0000] {processor.py:183} INFO - Processing /home/airflow/.local/lib/python3.8/site-packages/airflow/example_dags/tutorial_objectstorage.py took 0.113 seconds
[2025-09-21T11:43:59.276+0000] {processor.py:161} INFO - Started process (PID=3624) to work on /home/airflow/.local/lib/python3.8/site-packages/airflow/example_dags/tutorial_objectstorage.py
[2025-09-21T11:43:59.278+0000] {processor.py:830} INFO - Processing file /home/airflow/.local/lib/python3.8/site-packages/airflow/example_dags/tutorial_objectstorage.py for tasks to queue
[2025-09-21T11:43:59.282+0000] {logging_mixin.py:188} INFO - [2025-09-21T11:43:59.282+0000] {dagbag.py:538} INFO - Filling up the DagBag from /home/airflow/.local/lib/python3.8/site-packages/airflow/example_dags/tutorial_objectstorage.py
[2025-09-21T11:43:59.296+0000] {processor.py:840} INFO - DAG(s) 'tutorial_objectstorage' retrieved from /home/airflow/.local/lib/python3.8/site-packages/airflow/example_dags/tutorial_objectstorage.py
[2025-09-21T11:43:59.346+0000] {logging_mixin.py:188} INFO - [2025-09-21T11:43:59.345+0000] {dag.py:3036} INFO - Sync 1 DAGs
[2025-09-21T11:43:59.393+0000] {logging_mixin.py:188} INFO - [2025-09-21T11:43:59.392+0000] {dag.py:3823} INFO - Setting next_dagrun for tutorial_objectstorage to None, run_after=None
[2025-09-21T11:43:59.433+0000] {processor.py:183} INFO - Processing /home/airflow/.local/lib/python3.8/site-packages/airflow/example_dags/tutorial_objectstorage.py took 0.163 seconds
[2025-09-21T11:46:06.340+0000] {processor.py:161} INFO - Started process (PID=83) to work on /home/airflow/.local/lib/python3.8/site-packages/airflow/example_dags/tutorial_objectstorage.py
[2025-09-21T11:46:06.344+0000] {processor.py:830} INFO - Processing file /home/airflow/.local/lib/python3.8/site-packages/airflow/example_dags/tutorial_objectstorage.py for tasks to queue
[2025-09-21T11:46:06.349+0000] {logging_mixin.py:188} INFO - [2025-09-21T11:46:06.348+0000] {dagbag.py:538} INFO - Filling up the DagBag from /home/airflow/.local/lib/python3.8/site-packages/airflow/example_dags/tutorial_objectstorage.py
[2025-09-21T11:46:06.375+0000] {processor.py:840} INFO - DAG(s) 'tutorial_objectstorage' retrieved from /home/airflow/.local/lib/python3.8/site-packages/airflow/example_dags/tutorial_objectstorage.py
[2025-09-21T11:46:06.668+0000] {logging_mixin.py:188} INFO - [2025-09-21T11:46:06.668+0000] {dag.py:3036} INFO - Sync 1 DAGs
[2025-09-21T11:46:06.696+0000] {logging_mixin.py:188} INFO - [2025-09-21T11:46:06.695+0000] {dag.py:3823} INFO - Setting next_dagrun for tutorial_objectstorage to None, run_after=None
[2025-09-21T11:46:06.744+0000] {processor.py:183} INFO - Processing /home/airflow/.local/lib/python3.8/site-packages/airflow/example_dags/tutorial_objectstorage.py took 0.413 seconds
[2025-09-21T11:46:38.181+0000] {processor.py:161} INFO - Started process (PID=141) to work on /home/airflow/.local/lib/python3.8/site-packages/airflow/example_dags/tutorial_objectstorage.py
[2025-09-21T11:46:38.183+0000] {processor.py:830} INFO - Processing file /home/airflow/.local/lib/python3.8/site-packages/airflow/example_dags/tutorial_objectstorage.py for tasks to queue
[2025-09-21T11:46:38.186+0000] {logging_mixin.py:188} INFO - [2025-09-21T11:46:38.185+0000] {dagbag.py:538} INFO - Filling up the DagBag from /home/airflow/.local/lib/python3.8/site-packages/airflow/example_dags/tutorial_objectstorage.py
[2025-09-21T11:46:38.197+0000] {processor.py:840} INFO - DAG(s) 'tutorial_objectstorage' retrieved from /home/airflow/.local/lib/python3.8/site-packages/airflow/example_dags/tutorial_objectstorage.py
[2025-09-21T11:46:38.231+0000] {logging_mixin.py:188} INFO - [2025-09-21T11:46:38.230+0000] {dag.py:3036} INFO - Sync 1 DAGs
[2025-09-21T11:46:38.254+0000] {logging_mixin.py:188} INFO - [2025-09-21T11:46:38.253+0000] {dag.py:3823} INFO - Setting next_dagrun for tutorial_objectstorage to None, run_after=None
[2025-09-21T11:46:38.808+0000] {processor.py:183} INFO - Processing /home/airflow/.local/lib/python3.8/site-packages/airflow/example_dags/tutorial_objectstorage.py took 0.634 seconds
[2025-09-21T11:47:08.944+0000] {processor.py:161} INFO - Started process (PID=199) to work on /home/airflow/.local/lib/python3.8/site-packages/airflow/example_dags/tutorial_objectstorage.py
[2025-09-21T11:47:08.946+0000] {processor.py:830} INFO - Processing file /home/airflow/.local/lib/python3.8/site-packages/airflow/example_dags/tutorial_objectstorage.py for tasks to queue
[2025-09-21T11:47:08.950+0000] {logging_mixin.py:188} INFO - [2025-09-21T11:47:08.950+0000] {dagbag.py:538} INFO - Filling up the DagBag from /home/airflow/.local/lib/python3.8/site-packages/airflow/example_dags/tutorial_objectstorage.py
[2025-09-21T11:47:08.963+0000] {processor.py:840} INFO - DAG(s) 'tutorial_objectstorage' retrieved from /home/airflow/.local/lib/python3.8/site-packages/airflow/example_dags/tutorial_objectstorage.py
[2025-09-21T11:47:09.002+0000] {logging_mixin.py:188} INFO - [2025-09-21T11:47:09.002+0000] {dag.py:3036} INFO - Sync 1 DAGs
[2025-09-21T11:47:09.026+0000] {logging_mixin.py:188} INFO - [2025-09-21T11:47:09.025+0000] {dag.py:3823} INFO - Setting next_dagrun for tutorial_objectstorage to None, run_after=None
[2025-09-21T11:47:09.062+0000] {processor.py:183} INFO - Processing /home/airflow/.local/lib/python3.8/site-packages/airflow/example_dags/tutorial_objectstorage.py took 0.126 seconds
[2025-09-21T11:47:39.611+0000] {processor.py:161} INFO - Started process (PID=257) to work on /home/airflow/.local/lib/python3.8/site-packages/airflow/example_dags/tutorial_objectstorage.py
[2025-09-21T11:47:39.614+0000] {processor.py:830} INFO - Processing file /home/airflow/.local/lib/python3.8/site-packages/airflow/example_dags/tutorial_objectstorage.py for tasks to queue
[2025-09-21T11:47:39.619+0000] {logging_mixin.py:188} INFO - [2025-09-21T11:47:39.618+0000] {dagbag.py:538} INFO - Filling up the DagBag from /home/airflow/.local/lib/python3.8/site-packages/airflow/example_dags/tutorial_objectstorage.py
[2025-09-21T11:47:39.635+0000] {processor.py:840} INFO - DAG(s) 'tutorial_objectstorage' retrieved from /home/airflow/.local/lib/python3.8/site-packages/airflow/example_dags/tutorial_objectstorage.py
[2025-09-21T11:47:39.682+0000] {logging_mixin.py:188} INFO - [2025-09-21T11:47:39.682+0000] {dag.py:3036} INFO - Sync 1 DAGs
[2025-09-21T11:47:39.719+0000] {logging_mixin.py:188} INFO - [2025-09-21T11:47:39.719+0000] {dag.py:3823} INFO - Setting next_dagrun for tutorial_objectstorage to None, run_after=None
[2025-09-21T11:47:39.771+0000] {processor.py:183} INFO - Processing /home/airflow/.local/lib/python3.8/site-packages/airflow/example_dags/tutorial_objectstorage.py took 0.167 seconds
[2025-09-21T11:48:10.216+0000] {processor.py:161} INFO - Started process (PID=315) to work on /home/airflow/.local/lib/python3.8/site-packages/airflow/example_dags/tutorial_objectstorage.py
[2025-09-21T11:48:10.218+0000] {processor.py:830} INFO - Processing file /home/airflow/.local/lib/python3.8/site-packages/airflow/example_dags/tutorial_objectstorage.py for tasks to queue
[2025-09-21T11:48:10.222+0000] {logging_mixin.py:188} INFO - [2025-09-21T11:48:10.221+0000] {dagbag.py:538} INFO - Filling up the DagBag from /home/airflow/.local/lib/python3.8/site-packages/airflow/example_dags/tutorial_objectstorage.py
[2025-09-21T11:48:10.233+0000] {processor.py:840} INFO - DAG(s) 'tutorial_objectstorage' retrieved from /home/airflow/.local/lib/python3.8/site-packages/airflow/example_dags/tutorial_objectstorage.py
[2025-09-21T11:48:10.267+0000] {logging_mixin.py:188} INFO - [2025-09-21T11:48:10.266+0000] {dag.py:3036} INFO - Sync 1 DAGs
[2025-09-21T11:48:10.294+0000] {logging_mixin.py:188} INFO - [2025-09-21T11:48:10.293+0000] {dag.py:3823} INFO - Setting next_dagrun for tutorial_objectstorage to None, run_after=None
[2025-09-21T11:48:10.328+0000] {processor.py:183} INFO - Processing /home/airflow/.local/lib/python3.8/site-packages/airflow/example_dags/tutorial_objectstorage.py took 0.117 seconds
[2025-09-21T11:48:40.942+0000] {processor.py:161} INFO - Started process (PID=373) to work on /home/airflow/.local/lib/python3.8/site-packages/airflow/example_dags/tutorial_objectstorage.py
[2025-09-21T11:48:40.945+0000] {processor.py:830} INFO - Processing file /home/airflow/.local/lib/python3.8/site-packages/airflow/example_dags/tutorial_objectstorage.py for tasks to queue
[2025-09-21T11:48:40.949+0000] {logging_mixin.py:188} INFO - [2025-09-21T11:48:40.949+0000] {dagbag.py:538} INFO - Filling up the DagBag from /home/airflow/.local/lib/python3.8/site-packages/airflow/example_dags/tutorial_objectstorage.py
[2025-09-21T11:48:40.965+0000] {processor.py:840} INFO - DAG(s) 'tutorial_objectstorage' retrieved from /home/airflow/.local/lib/python3.8/site-packages/airflow/example_dags/tutorial_objectstorage.py
[2025-09-21T11:48:41.015+0000] {logging_mixin.py:188} INFO - [2025-09-21T11:48:41.014+0000] {dag.py:3036} INFO - Sync 1 DAGs
[2025-09-21T11:48:41.049+0000] {logging_mixin.py:188} INFO - [2025-09-21T11:48:41.049+0000] {dag.py:3823} INFO - Setting next_dagrun for tutorial_objectstorage to None, run_after=None
[2025-09-21T11:48:41.089+0000] {processor.py:183} INFO - Processing /home/airflow/.local/lib/python3.8/site-packages/airflow/example_dags/tutorial_objectstorage.py took 0.154 seconds
[2025-09-21T11:49:12.134+0000] {processor.py:161} INFO - Started process (PID=431) to work on /home/airflow/.local/lib/python3.8/site-packages/airflow/example_dags/tutorial_objectstorage.py
[2025-09-21T11:49:12.135+0000] {processor.py:830} INFO - Processing file /home/airflow/.local/lib/python3.8/site-packages/airflow/example_dags/tutorial_objectstorage.py for tasks to queue
[2025-09-21T11:49:12.139+0000] {logging_mixin.py:188} INFO - [2025-09-21T11:49:12.138+0000] {dagbag.py:538} INFO - Filling up the DagBag from /home/airflow/.local/lib/python3.8/site-packages/airflow/example_dags/tutorial_objectstorage.py
[2025-09-21T11:49:12.151+0000] {processor.py:840} INFO - DAG(s) 'tutorial_objectstorage' retrieved from /home/airflow/.local/lib/python3.8/site-packages/airflow/example_dags/tutorial_objectstorage.py
[2025-09-21T11:49:12.184+0000] {logging_mixin.py:188} INFO - [2025-09-21T11:49:12.184+0000] {dag.py:3036} INFO - Sync 1 DAGs
[2025-09-21T11:49:12.206+0000] {logging_mixin.py:188} INFO - [2025-09-21T11:49:12.205+0000] {dag.py:3823} INFO - Setting next_dagrun for tutorial_objectstorage to None, run_after=None
[2025-09-21T11:49:12.243+0000] {processor.py:183} INFO - Processing /home/airflow/.local/lib/python3.8/site-packages/airflow/example_dags/tutorial_objectstorage.py took 0.116 seconds
[2025-09-21T11:49:43.323+0000] {processor.py:161} INFO - Started process (PID=489) to work on /home/airflow/.local/lib/python3.8/site-packages/airflow/example_dags/tutorial_objectstorage.py
[2025-09-21T11:49:43.326+0000] {processor.py:830} INFO - Processing file /home/airflow/.local/lib/python3.8/site-packages/airflow/example_dags/tutorial_objectstorage.py for tasks to queue
[2025-09-21T11:49:43.330+0000] {logging_mixin.py:188} INFO - [2025-09-21T11:49:43.330+0000] {dagbag.py:538} INFO - Filling up the DagBag from /home/airflow/.local/lib/python3.8/site-packages/airflow/example_dags/tutorial_objectstorage.py
[2025-09-21T11:49:43.349+0000] {processor.py:840} INFO - DAG(s) 'tutorial_objectstorage' retrieved from /home/airflow/.local/lib/python3.8/site-packages/airflow/example_dags/tutorial_objectstorage.py
[2025-09-21T11:49:43.400+0000] {logging_mixin.py:188} INFO - [2025-09-21T11:49:43.400+0000] {dag.py:3036} INFO - Sync 1 DAGs
[2025-09-21T11:49:43.433+0000] {logging_mixin.py:188} INFO - [2025-09-21T11:49:43.432+0000] {dag.py:3823} INFO - Setting next_dagrun for tutorial_objectstorage to None, run_after=None
[2025-09-21T11:49:43.484+0000] {processor.py:183} INFO - Processing /home/airflow/.local/lib/python3.8/site-packages/airflow/example_dags/tutorial_objectstorage.py took 0.169 seconds
[2025-09-21T11:50:13.866+0000] {processor.py:161} INFO - Started process (PID=547) to work on /home/airflow/.local/lib/python3.8/site-packages/airflow/example_dags/tutorial_objectstorage.py
[2025-09-21T11:50:13.869+0000] {processor.py:830} INFO - Processing file /home/airflow/.local/lib/python3.8/site-packages/airflow/example_dags/tutorial_objectstorage.py for tasks to queue
[2025-09-21T11:50:13.875+0000] {logging_mixin.py:188} INFO - [2025-09-21T11:50:13.874+0000] {dagbag.py:538} INFO - Filling up the DagBag from /home/airflow/.local/lib/python3.8/site-packages/airflow/example_dags/tutorial_objectstorage.py
[2025-09-21T11:50:13.902+0000] {processor.py:840} INFO - DAG(s) 'tutorial_objectstorage' retrieved from /home/airflow/.local/lib/python3.8/site-packages/airflow/example_dags/tutorial_objectstorage.py
[2025-09-21T11:50:13.987+0000] {logging_mixin.py:188} INFO - [2025-09-21T11:50:13.986+0000] {dag.py:3036} INFO - Sync 1 DAGs
[2025-09-21T11:50:14.041+0000] {logging_mixin.py:188} INFO - [2025-09-21T11:50:14.040+0000] {dag.py:3823} INFO - Setting next_dagrun for tutorial_objectstorage to None, run_after=None
[2025-09-21T11:50:14.116+0000] {processor.py:183} INFO - Processing /home/airflow/.local/lib/python3.8/site-packages/airflow/example_dags/tutorial_objectstorage.py took 0.257 seconds
[2025-09-21T11:50:45.319+0000] {processor.py:161} INFO - Started process (PID=606) to work on /home/airflow/.local/lib/python3.8/site-packages/airflow/example_dags/tutorial_objectstorage.py
[2025-09-21T11:50:45.324+0000] {processor.py:830} INFO - Processing file /home/airflow/.local/lib/python3.8/site-packages/airflow/example_dags/tutorial_objectstorage.py for tasks to queue
[2025-09-21T11:50:45.332+0000] {logging_mixin.py:188} INFO - [2025-09-21T11:50:45.331+0000] {dagbag.py:538} INFO - Filling up the DagBag from /home/airflow/.local/lib/python3.8/site-packages/airflow/example_dags/tutorial_objectstorage.py
[2025-09-21T11:50:45.363+0000] {processor.py:840} INFO - DAG(s) 'tutorial_objectstorage' retrieved from /home/airflow/.local/lib/python3.8/site-packages/airflow/example_dags/tutorial_objectstorage.py
[2025-09-21T11:50:45.453+0000] {logging_mixin.py:188} INFO - [2025-09-21T11:50:45.451+0000] {dag.py:3036} INFO - Sync 1 DAGs
[2025-09-21T11:50:45.520+0000] {logging_mixin.py:188} INFO - [2025-09-21T11:50:45.519+0000] {dag.py:3823} INFO - Setting next_dagrun for tutorial_objectstorage to None, run_after=None
[2025-09-21T11:50:45.616+0000] {processor.py:183} INFO - Processing /home/airflow/.local/lib/python3.8/site-packages/airflow/example_dags/tutorial_objectstorage.py took 0.311 seconds
[2025-09-21T11:51:16.594+0000] {processor.py:161} INFO - Started process (PID=664) to work on /home/airflow/.local/lib/python3.8/site-packages/airflow/example_dags/tutorial_objectstorage.py
[2025-09-21T11:51:16.597+0000] {processor.py:830} INFO - Processing file /home/airflow/.local/lib/python3.8/site-packages/airflow/example_dags/tutorial_objectstorage.py for tasks to queue
[2025-09-21T11:51:16.601+0000] {logging_mixin.py:188} INFO - [2025-09-21T11:51:16.601+0000] {dagbag.py:538} INFO - Filling up the DagBag from /home/airflow/.local/lib/python3.8/site-packages/airflow/example_dags/tutorial_objectstorage.py
[2025-09-21T11:51:16.617+0000] {processor.py:840} INFO - DAG(s) 'tutorial_objectstorage' retrieved from /home/airflow/.local/lib/python3.8/site-packages/airflow/example_dags/tutorial_objectstorage.py
[2025-09-21T11:51:16.666+0000] {logging_mixin.py:188} INFO - [2025-09-21T11:51:16.665+0000] {dag.py:3036} INFO - Sync 1 DAGs
[2025-09-21T11:51:16.698+0000] {logging_mixin.py:188} INFO - [2025-09-21T11:51:16.697+0000] {dag.py:3823} INFO - Setting next_dagrun for tutorial_objectstorage to None, run_after=None
[2025-09-21T11:51:16.743+0000] {processor.py:183} INFO - Processing /home/airflow/.local/lib/python3.8/site-packages/airflow/example_dags/tutorial_objectstorage.py took 0.157 seconds
[2025-09-21T11:51:47.907+0000] {processor.py:161} INFO - Started process (PID=722) to work on /home/airflow/.local/lib/python3.8/site-packages/airflow/example_dags/tutorial_objectstorage.py
[2025-09-21T11:51:47.909+0000] {processor.py:830} INFO - Processing file /home/airflow/.local/lib/python3.8/site-packages/airflow/example_dags/tutorial_objectstorage.py for tasks to queue
[2025-09-21T11:51:47.913+0000] {logging_mixin.py:188} INFO - [2025-09-21T11:51:47.912+0000] {dagbag.py:538} INFO - Filling up the DagBag from /home/airflow/.local/lib/python3.8/site-packages/airflow/example_dags/tutorial_objectstorage.py
[2025-09-21T11:51:47.925+0000] {processor.py:840} INFO - DAG(s) 'tutorial_objectstorage' retrieved from /home/airflow/.local/lib/python3.8/site-packages/airflow/example_dags/tutorial_objectstorage.py
[2025-09-21T11:51:47.959+0000] {logging_mixin.py:188} INFO - [2025-09-21T11:51:47.959+0000] {dag.py:3036} INFO - Sync 1 DAGs
[2025-09-21T11:51:47.988+0000] {logging_mixin.py:188} INFO - [2025-09-21T11:51:47.987+0000] {dag.py:3823} INFO - Setting next_dagrun for tutorial_objectstorage to None, run_after=None
[2025-09-21T11:51:48.030+0000] {processor.py:183} INFO - Processing /home/airflow/.local/lib/python3.8/site-packages/airflow/example_dags/tutorial_objectstorage.py took 0.128 seconds
[2025-09-21T11:52:19.238+0000] {processor.py:161} INFO - Started process (PID=780) to work on /home/airflow/.local/lib/python3.8/site-packages/airflow/example_dags/tutorial_objectstorage.py
[2025-09-21T11:52:19.240+0000] {processor.py:830} INFO - Processing file /home/airflow/.local/lib/python3.8/site-packages/airflow/example_dags/tutorial_objectstorage.py for tasks to queue
[2025-09-21T11:52:19.246+0000] {logging_mixin.py:188} INFO - [2025-09-21T11:52:19.246+0000] {dagbag.py:538} INFO - Filling up the DagBag from /home/airflow/.local/lib/python3.8/site-packages/airflow/example_dags/tutorial_objectstorage.py
[2025-09-21T11:52:19.263+0000] {processor.py:840} INFO - DAG(s) 'tutorial_objectstorage' retrieved from /home/airflow/.local/lib/python3.8/site-packages/airflow/example_dags/tutorial_objectstorage.py
[2025-09-21T11:52:19.308+0000] {logging_mixin.py:188} INFO - [2025-09-21T11:52:19.307+0000] {dag.py:3036} INFO - Sync 1 DAGs
[2025-09-21T11:52:19.332+0000] {logging_mixin.py:188} INFO - [2025-09-21T11:52:19.332+0000] {dag.py:3823} INFO - Setting next_dagrun for tutorial_objectstorage to None, run_after=None
[2025-09-21T11:52:19.377+0000] {processor.py:183} INFO - Processing /home/airflow/.local/lib/python3.8/site-packages/airflow/example_dags/tutorial_objectstorage.py took 0.146 seconds
[2025-09-21T11:52:51.383+0000] {processor.py:161} INFO - Started process (PID=838) to work on /home/airflow/.local/lib/python3.8/site-packages/airflow/example_dags/tutorial_objectstorage.py
[2025-09-21T11:52:51.385+0000] {processor.py:830} INFO - Processing file /home/airflow/.local/lib/python3.8/site-packages/airflow/example_dags/tutorial_objectstorage.py for tasks to queue
[2025-09-21T11:52:51.389+0000] {logging_mixin.py:188} INFO - [2025-09-21T11:52:51.388+0000] {dagbag.py:538} INFO - Filling up the DagBag from /home/airflow/.local/lib/python3.8/site-packages/airflow/example_dags/tutorial_objectstorage.py
[2025-09-21T11:52:51.401+0000] {processor.py:840} INFO - DAG(s) 'tutorial_objectstorage' retrieved from /home/airflow/.local/lib/python3.8/site-packages/airflow/example_dags/tutorial_objectstorage.py
[2025-09-21T11:52:51.439+0000] {logging_mixin.py:188} INFO - [2025-09-21T11:52:51.439+0000] {dag.py:3036} INFO - Sync 1 DAGs
[2025-09-21T11:52:51.466+0000] {logging_mixin.py:188} INFO - [2025-09-21T11:52:51.466+0000] {dag.py:3823} INFO - Setting next_dagrun for tutorial_objectstorage to None, run_after=None
[2025-09-21T11:52:51.509+0000] {processor.py:183} INFO - Processing /home/airflow/.local/lib/python3.8/site-packages/airflow/example_dags/tutorial_objectstorage.py took 0.131 seconds
[2025-09-21T11:53:22.423+0000] {processor.py:161} INFO - Started process (PID=896) to work on /home/airflow/.local/lib/python3.8/site-packages/airflow/example_dags/tutorial_objectstorage.py
[2025-09-21T11:53:22.427+0000] {processor.py:830} INFO - Processing file /home/airflow/.local/lib/python3.8/site-packages/airflow/example_dags/tutorial_objectstorage.py for tasks to queue
[2025-09-21T11:53:22.434+0000] {logging_mixin.py:188} INFO - [2025-09-21T11:53:22.433+0000] {dagbag.py:538} INFO - Filling up the DagBag from /home/airflow/.local/lib/python3.8/site-packages/airflow/example_dags/tutorial_objectstorage.py
[2025-09-21T11:53:22.461+0000] {processor.py:840} INFO - DAG(s) 'tutorial_objectstorage' retrieved from /home/airflow/.local/lib/python3.8/site-packages/airflow/example_dags/tutorial_objectstorage.py
[2025-09-21T11:53:22.543+0000] {logging_mixin.py:188} INFO - [2025-09-21T11:53:22.542+0000] {dag.py:3036} INFO - Sync 1 DAGs
[2025-09-21T11:53:22.601+0000] {logging_mixin.py:188} INFO - [2025-09-21T11:53:22.600+0000] {dag.py:3823} INFO - Setting next_dagrun for tutorial_objectstorage to None, run_after=None
[2025-09-21T11:53:22.678+0000] {processor.py:183} INFO - Processing /home/airflow/.local/lib/python3.8/site-packages/airflow/example_dags/tutorial_objectstorage.py took 0.268 seconds
[2025-09-21T11:53:52.950+0000] {processor.py:161} INFO - Started process (PID=952) to work on /home/airflow/.local/lib/python3.8/site-packages/airflow/example_dags/tutorial_objectstorage.py
[2025-09-21T11:53:52.952+0000] {processor.py:830} INFO - Processing file /home/airflow/.local/lib/python3.8/site-packages/airflow/example_dags/tutorial_objectstorage.py for tasks to queue
[2025-09-21T11:53:52.956+0000] {logging_mixin.py:188} INFO - [2025-09-21T11:53:52.955+0000] {dagbag.py:538} INFO - Filling up the DagBag from /home/airflow/.local/lib/python3.8/site-packages/airflow/example_dags/tutorial_objectstorage.py
[2025-09-21T11:53:52.971+0000] {processor.py:840} INFO - DAG(s) 'tutorial_objectstorage' retrieved from /home/airflow/.local/lib/python3.8/site-packages/airflow/example_dags/tutorial_objectstorage.py
[2025-09-21T11:53:53.007+0000] {logging_mixin.py:188} INFO - [2025-09-21T11:53:53.007+0000] {dag.py:3036} INFO - Sync 1 DAGs
[2025-09-21T11:53:53.038+0000] {logging_mixin.py:188} INFO - [2025-09-21T11:53:53.037+0000] {dag.py:3823} INFO - Setting next_dagrun for tutorial_objectstorage to None, run_after=None
[2025-09-21T11:53:53.080+0000] {processor.py:183} INFO - Processing /home/airflow/.local/lib/python3.8/site-packages/airflow/example_dags/tutorial_objectstorage.py took 0.137 seconds
[2025-09-21T11:54:23.935+0000] {processor.py:161} INFO - Started process (PID=1016) to work on /home/airflow/.local/lib/python3.8/site-packages/airflow/example_dags/tutorial_objectstorage.py
[2025-09-21T11:54:23.941+0000] {processor.py:830} INFO - Processing file /home/airflow/.local/lib/python3.8/site-packages/airflow/example_dags/tutorial_objectstorage.py for tasks to queue
[2025-09-21T11:54:23.954+0000] {logging_mixin.py:188} INFO - [2025-09-21T11:54:23.952+0000] {dagbag.py:538} INFO - Filling up the DagBag from /home/airflow/.local/lib/python3.8/site-packages/airflow/example_dags/tutorial_objectstorage.py
[2025-09-21T11:54:24.007+0000] {processor.py:840} INFO - DAG(s) 'tutorial_objectstorage' retrieved from /home/airflow/.local/lib/python3.8/site-packages/airflow/example_dags/tutorial_objectstorage.py
[2025-09-21T11:54:24.086+0000] {logging_mixin.py:188} INFO - [2025-09-21T11:54:24.085+0000] {dag.py:3036} INFO - Sync 1 DAGs
[2025-09-21T11:54:24.113+0000] {logging_mixin.py:188} INFO - [2025-09-21T11:54:24.112+0000] {dag.py:3823} INFO - Setting next_dagrun for tutorial_objectstorage to None, run_after=None
[2025-09-21T11:54:24.147+0000] {processor.py:183} INFO - Processing /home/airflow/.local/lib/python3.8/site-packages/airflow/example_dags/tutorial_objectstorage.py took 0.234 seconds
[2025-09-21T11:54:54.776+0000] {processor.py:161} INFO - Started process (PID=1073) to work on /home/airflow/.local/lib/python3.8/site-packages/airflow/example_dags/tutorial_objectstorage.py
[2025-09-21T11:54:54.778+0000] {processor.py:830} INFO - Processing file /home/airflow/.local/lib/python3.8/site-packages/airflow/example_dags/tutorial_objectstorage.py for tasks to queue
[2025-09-21T11:54:54.782+0000] {logging_mixin.py:188} INFO - [2025-09-21T11:54:54.781+0000] {dagbag.py:538} INFO - Filling up the DagBag from /home/airflow/.local/lib/python3.8/site-packages/airflow/example_dags/tutorial_objectstorage.py
[2025-09-21T11:54:54.794+0000] {processor.py:840} INFO - DAG(s) 'tutorial_objectstorage' retrieved from /home/airflow/.local/lib/python3.8/site-packages/airflow/example_dags/tutorial_objectstorage.py
[2025-09-21T11:54:54.829+0000] {logging_mixin.py:188} INFO - [2025-09-21T11:54:54.829+0000] {dag.py:3036} INFO - Sync 1 DAGs
[2025-09-21T11:54:54.855+0000] {logging_mixin.py:188} INFO - [2025-09-21T11:54:54.854+0000] {dag.py:3823} INFO - Setting next_dagrun for tutorial_objectstorage to None, run_after=None
[2025-09-21T11:54:54.894+0000] {processor.py:183} INFO - Processing /home/airflow/.local/lib/python3.8/site-packages/airflow/example_dags/tutorial_objectstorage.py took 0.124 seconds
[2025-09-21T11:55:25.894+0000] {processor.py:161} INFO - Started process (PID=1131) to work on /home/airflow/.local/lib/python3.8/site-packages/airflow/example_dags/tutorial_objectstorage.py
[2025-09-21T11:55:25.897+0000] {processor.py:830} INFO - Processing file /home/airflow/.local/lib/python3.8/site-packages/airflow/example_dags/tutorial_objectstorage.py for tasks to queue
[2025-09-21T11:55:25.902+0000] {logging_mixin.py:188} INFO - [2025-09-21T11:55:25.901+0000] {dagbag.py:538} INFO - Filling up the DagBag from /home/airflow/.local/lib/python3.8/site-packages/airflow/example_dags/tutorial_objectstorage.py
[2025-09-21T11:55:25.916+0000] {processor.py:840} INFO - DAG(s) 'tutorial_objectstorage' retrieved from /home/airflow/.local/lib/python3.8/site-packages/airflow/example_dags/tutorial_objectstorage.py
[2025-09-21T11:55:25.950+0000] {logging_mixin.py:188} INFO - [2025-09-21T11:55:25.949+0000] {dag.py:3036} INFO - Sync 1 DAGs
[2025-09-21T11:55:25.975+0000] {logging_mixin.py:188} INFO - [2025-09-21T11:55:25.975+0000] {dag.py:3823} INFO - Setting next_dagrun for tutorial_objectstorage to None, run_after=None
[2025-09-21T11:55:26.026+0000] {processor.py:183} INFO - Processing /home/airflow/.local/lib/python3.8/site-packages/airflow/example_dags/tutorial_objectstorage.py took 0.140 seconds
[2025-09-21T11:55:56.630+0000] {processor.py:161} INFO - Started process (PID=1189) to work on /home/airflow/.local/lib/python3.8/site-packages/airflow/example_dags/tutorial_objectstorage.py
[2025-09-21T11:55:56.632+0000] {processor.py:830} INFO - Processing file /home/airflow/.local/lib/python3.8/site-packages/airflow/example_dags/tutorial_objectstorage.py for tasks to queue
[2025-09-21T11:55:56.637+0000] {logging_mixin.py:188} INFO - [2025-09-21T11:55:56.636+0000] {dagbag.py:538} INFO - Filling up the DagBag from /home/airflow/.local/lib/python3.8/site-packages/airflow/example_dags/tutorial_objectstorage.py
[2025-09-21T11:55:56.655+0000] {processor.py:840} INFO - DAG(s) 'tutorial_objectstorage' retrieved from /home/airflow/.local/lib/python3.8/site-packages/airflow/example_dags/tutorial_objectstorage.py
[2025-09-21T11:55:56.702+0000] {logging_mixin.py:188} INFO - [2025-09-21T11:55:56.701+0000] {dag.py:3036} INFO - Sync 1 DAGs
[2025-09-21T11:55:56.734+0000] {logging_mixin.py:188} INFO - [2025-09-21T11:55:56.734+0000] {dag.py:3823} INFO - Setting next_dagrun for tutorial_objectstorage to None, run_after=None
[2025-09-21T11:55:56.780+0000] {processor.py:183} INFO - Processing /home/airflow/.local/lib/python3.8/site-packages/airflow/example_dags/tutorial_objectstorage.py took 0.157 seconds
[2025-09-21T11:56:27.925+0000] {processor.py:161} INFO - Started process (PID=1247) to work on /home/airflow/.local/lib/python3.8/site-packages/airflow/example_dags/tutorial_objectstorage.py
[2025-09-21T11:56:27.928+0000] {processor.py:830} INFO - Processing file /home/airflow/.local/lib/python3.8/site-packages/airflow/example_dags/tutorial_objectstorage.py for tasks to queue
[2025-09-21T11:56:27.933+0000] {logging_mixin.py:188} INFO - [2025-09-21T11:56:27.933+0000] {dagbag.py:538} INFO - Filling up the DagBag from /home/airflow/.local/lib/python3.8/site-packages/airflow/example_dags/tutorial_objectstorage.py
[2025-09-21T11:56:27.951+0000] {processor.py:840} INFO - DAG(s) 'tutorial_objectstorage' retrieved from /home/airflow/.local/lib/python3.8/site-packages/airflow/example_dags/tutorial_objectstorage.py
[2025-09-21T11:56:28.005+0000] {logging_mixin.py:188} INFO - [2025-09-21T11:56:28.004+0000] {dag.py:3036} INFO - Sync 1 DAGs
[2025-09-21T11:56:28.041+0000] {logging_mixin.py:188} INFO - [2025-09-21T11:56:28.040+0000] {dag.py:3823} INFO - Setting next_dagrun for tutorial_objectstorage to None, run_after=None
[2025-09-21T11:56:28.384+0000] {processor.py:183} INFO - Processing /home/airflow/.local/lib/python3.8/site-packages/airflow/example_dags/tutorial_objectstorage.py took 0.469 seconds
[2025-09-21T11:56:59.621+0000] {processor.py:161} INFO - Started process (PID=1305) to work on /home/airflow/.local/lib/python3.8/site-packages/airflow/example_dags/tutorial_objectstorage.py
[2025-09-21T11:56:59.624+0000] {processor.py:830} INFO - Processing file /home/airflow/.local/lib/python3.8/site-packages/airflow/example_dags/tutorial_objectstorage.py for tasks to queue
[2025-09-21T11:56:59.629+0000] {logging_mixin.py:188} INFO - [2025-09-21T11:56:59.628+0000] {dagbag.py:538} INFO - Filling up the DagBag from /home/airflow/.local/lib/python3.8/site-packages/airflow/example_dags/tutorial_objectstorage.py
[2025-09-21T11:56:59.645+0000] {processor.py:840} INFO - DAG(s) 'tutorial_objectstorage' retrieved from /home/airflow/.local/lib/python3.8/site-packages/airflow/example_dags/tutorial_objectstorage.py
[2025-09-21T11:56:59.700+0000] {logging_mixin.py:188} INFO - [2025-09-21T11:56:59.699+0000] {dag.py:3036} INFO - Sync 1 DAGs
[2025-09-21T11:56:59.734+0000] {logging_mixin.py:188} INFO - [2025-09-21T11:56:59.733+0000] {dag.py:3823} INFO - Setting next_dagrun for tutorial_objectstorage to None, run_after=None
[2025-09-21T11:57:00.107+0000] {processor.py:183} INFO - Processing /home/airflow/.local/lib/python3.8/site-packages/airflow/example_dags/tutorial_objectstorage.py took 0.496 seconds
[2025-09-21T11:57:30.257+0000] {processor.py:161} INFO - Started process (PID=1363) to work on /home/airflow/.local/lib/python3.8/site-packages/airflow/example_dags/tutorial_objectstorage.py
[2025-09-21T11:57:30.259+0000] {processor.py:830} INFO - Processing file /home/airflow/.local/lib/python3.8/site-packages/airflow/example_dags/tutorial_objectstorage.py for tasks to queue
[2025-09-21T11:57:30.263+0000] {logging_mixin.py:188} INFO - [2025-09-21T11:57:30.263+0000] {dagbag.py:538} INFO - Filling up the DagBag from /home/airflow/.local/lib/python3.8/site-packages/airflow/example_dags/tutorial_objectstorage.py
[2025-09-21T11:57:30.278+0000] {processor.py:840} INFO - DAG(s) 'tutorial_objectstorage' retrieved from /home/airflow/.local/lib/python3.8/site-packages/airflow/example_dags/tutorial_objectstorage.py
[2025-09-21T11:57:30.318+0000] {logging_mixin.py:188} INFO - [2025-09-21T11:57:30.318+0000] {dag.py:3036} INFO - Sync 1 DAGs
[2025-09-21T11:57:30.351+0000] {logging_mixin.py:188} INFO - [2025-09-21T11:57:30.350+0000] {dag.py:3823} INFO - Setting next_dagrun for tutorial_objectstorage to None, run_after=None
[2025-09-21T11:57:30.405+0000] {processor.py:183} INFO - Processing /home/airflow/.local/lib/python3.8/site-packages/airflow/example_dags/tutorial_objectstorage.py took 0.155 seconds
[2025-09-21T11:58:00.728+0000] {processor.py:161} INFO - Started process (PID=1420) to work on /home/airflow/.local/lib/python3.8/site-packages/airflow/example_dags/tutorial_objectstorage.py
[2025-09-21T11:58:00.731+0000] {processor.py:830} INFO - Processing file /home/airflow/.local/lib/python3.8/site-packages/airflow/example_dags/tutorial_objectstorage.py for tasks to queue
[2025-09-21T11:58:00.735+0000] {logging_mixin.py:188} INFO - [2025-09-21T11:58:00.735+0000] {dagbag.py:538} INFO - Filling up the DagBag from /home/airflow/.local/lib/python3.8/site-packages/airflow/example_dags/tutorial_objectstorage.py
[2025-09-21T11:58:00.749+0000] {processor.py:840} INFO - DAG(s) 'tutorial_objectstorage' retrieved from /home/airflow/.local/lib/python3.8/site-packages/airflow/example_dags/tutorial_objectstorage.py
[2025-09-21T11:58:00.782+0000] {logging_mixin.py:188} INFO - [2025-09-21T11:58:00.782+0000] {dag.py:3036} INFO - Sync 1 DAGs
[2025-09-21T11:58:00.804+0000] {logging_mixin.py:188} INFO - [2025-09-21T11:58:00.804+0000] {dag.py:3823} INFO - Setting next_dagrun for tutorial_objectstorage to None, run_after=None
[2025-09-21T11:58:00.846+0000] {processor.py:183} INFO - Processing /home/airflow/.local/lib/python3.8/site-packages/airflow/example_dags/tutorial_objectstorage.py took 0.124 seconds
[2025-09-21T11:58:31.253+0000] {processor.py:161} INFO - Started process (PID=1478) to work on /home/airflow/.local/lib/python3.8/site-packages/airflow/example_dags/tutorial_objectstorage.py
[2025-09-21T11:58:31.256+0000] {processor.py:830} INFO - Processing file /home/airflow/.local/lib/python3.8/site-packages/airflow/example_dags/tutorial_objectstorage.py for tasks to queue
[2025-09-21T11:58:31.262+0000] {logging_mixin.py:188} INFO - [2025-09-21T11:58:31.262+0000] {dagbag.py:538} INFO - Filling up the DagBag from /home/airflow/.local/lib/python3.8/site-packages/airflow/example_dags/tutorial_objectstorage.py
[2025-09-21T11:58:31.283+0000] {processor.py:840} INFO - DAG(s) 'tutorial_objectstorage' retrieved from /home/airflow/.local/lib/python3.8/site-packages/airflow/example_dags/tutorial_objectstorage.py
[2025-09-21T11:58:31.338+0000] {logging_mixin.py:188} INFO - [2025-09-21T11:58:31.338+0000] {dag.py:3036} INFO - Sync 1 DAGs
[2025-09-21T11:58:31.369+0000] {logging_mixin.py:188} INFO - [2025-09-21T11:58:31.368+0000] {dag.py:3823} INFO - Setting next_dagrun for tutorial_objectstorage to None, run_after=None
[2025-09-21T11:58:31.408+0000] {processor.py:183} INFO - Processing /home/airflow/.local/lib/python3.8/site-packages/airflow/example_dags/tutorial_objectstorage.py took 0.163 seconds
[2025-09-21T11:59:02.246+0000] {processor.py:161} INFO - Started process (PID=1536) to work on /home/airflow/.local/lib/python3.8/site-packages/airflow/example_dags/tutorial_objectstorage.py
[2025-09-21T11:59:02.249+0000] {processor.py:830} INFO - Processing file /home/airflow/.local/lib/python3.8/site-packages/airflow/example_dags/tutorial_objectstorage.py for tasks to queue
[2025-09-21T11:59:02.256+0000] {logging_mixin.py:188} INFO - [2025-09-21T11:59:02.255+0000] {dagbag.py:538} INFO - Filling up the DagBag from /home/airflow/.local/lib/python3.8/site-packages/airflow/example_dags/tutorial_objectstorage.py
[2025-09-21T11:59:02.521+0000] {processor.py:840} INFO - DAG(s) 'tutorial_objectstorage' retrieved from /home/airflow/.local/lib/python3.8/site-packages/airflow/example_dags/tutorial_objectstorage.py
[2025-09-21T11:59:02.562+0000] {logging_mixin.py:188} INFO - [2025-09-21T11:59:02.562+0000] {dag.py:3036} INFO - Sync 1 DAGs
[2025-09-21T11:59:02.596+0000] {logging_mixin.py:188} INFO - [2025-09-21T11:59:02.595+0000] {dag.py:3823} INFO - Setting next_dagrun for tutorial_objectstorage to None, run_after=None
[2025-09-21T11:59:02.651+0000] {processor.py:183} INFO - Processing /home/airflow/.local/lib/python3.8/site-packages/airflow/example_dags/tutorial_objectstorage.py took 0.411 seconds
[2025-09-21T11:59:33.040+0000] {processor.py:161} INFO - Started process (PID=1594) to work on /home/airflow/.local/lib/python3.8/site-packages/airflow/example_dags/tutorial_objectstorage.py
[2025-09-21T11:59:33.043+0000] {processor.py:830} INFO - Processing file /home/airflow/.local/lib/python3.8/site-packages/airflow/example_dags/tutorial_objectstorage.py for tasks to queue
[2025-09-21T11:59:33.047+0000] {logging_mixin.py:188} INFO - [2025-09-21T11:59:33.047+0000] {dagbag.py:538} INFO - Filling up the DagBag from /home/airflow/.local/lib/python3.8/site-packages/airflow/example_dags/tutorial_objectstorage.py
[2025-09-21T11:59:33.063+0000] {processor.py:840} INFO - DAG(s) 'tutorial_objectstorage' retrieved from /home/airflow/.local/lib/python3.8/site-packages/airflow/example_dags/tutorial_objectstorage.py
[2025-09-21T11:59:33.101+0000] {logging_mixin.py:188} INFO - [2025-09-21T11:59:33.100+0000] {dag.py:3036} INFO - Sync 1 DAGs
[2025-09-21T11:59:33.135+0000] {logging_mixin.py:188} INFO - [2025-09-21T11:59:33.135+0000] {dag.py:3823} INFO - Setting next_dagrun for tutorial_objectstorage to None, run_after=None
[2025-09-21T11:59:33.185+0000] {processor.py:183} INFO - Processing /home/airflow/.local/lib/python3.8/site-packages/airflow/example_dags/tutorial_objectstorage.py took 0.153 seconds
[2025-09-21T12:00:03.882+0000] {processor.py:161} INFO - Started process (PID=1652) to work on /home/airflow/.local/lib/python3.8/site-packages/airflow/example_dags/tutorial_objectstorage.py
[2025-09-21T12:00:03.884+0000] {processor.py:830} INFO - Processing file /home/airflow/.local/lib/python3.8/site-packages/airflow/example_dags/tutorial_objectstorage.py for tasks to queue
[2025-09-21T12:00:03.887+0000] {logging_mixin.py:188} INFO - [2025-09-21T12:00:03.887+0000] {dagbag.py:538} INFO - Filling up the DagBag from /home/airflow/.local/lib/python3.8/site-packages/airflow/example_dags/tutorial_objectstorage.py
[2025-09-21T12:00:03.900+0000] {processor.py:840} INFO - DAG(s) 'tutorial_objectstorage' retrieved from /home/airflow/.local/lib/python3.8/site-packages/airflow/example_dags/tutorial_objectstorage.py
[2025-09-21T12:00:03.945+0000] {logging_mixin.py:188} INFO - [2025-09-21T12:00:03.944+0000] {dag.py:3036} INFO - Sync 1 DAGs
[2025-09-21T12:00:03.974+0000] {logging_mixin.py:188} INFO - [2025-09-21T12:00:03.974+0000] {dag.py:3823} INFO - Setting next_dagrun for tutorial_objectstorage to None, run_after=None
[2025-09-21T12:00:04.015+0000] {processor.py:183} INFO - Processing /home/airflow/.local/lib/python3.8/site-packages/airflow/example_dags/tutorial_objectstorage.py took 0.140 seconds
[2025-09-21T12:00:34.323+0000] {processor.py:161} INFO - Started process (PID=1710) to work on /home/airflow/.local/lib/python3.8/site-packages/airflow/example_dags/tutorial_objectstorage.py
[2025-09-21T12:00:34.325+0000] {processor.py:830} INFO - Processing file /home/airflow/.local/lib/python3.8/site-packages/airflow/example_dags/tutorial_objectstorage.py for tasks to queue
[2025-09-21T12:00:34.329+0000] {logging_mixin.py:188} INFO - [2025-09-21T12:00:34.328+0000] {dagbag.py:538} INFO - Filling up the DagBag from /home/airflow/.local/lib/python3.8/site-packages/airflow/example_dags/tutorial_objectstorage.py
[2025-09-21T12:00:34.345+0000] {processor.py:840} INFO - DAG(s) 'tutorial_objectstorage' retrieved from /home/airflow/.local/lib/python3.8/site-packages/airflow/example_dags/tutorial_objectstorage.py
[2025-09-21T12:00:34.386+0000] {logging_mixin.py:188} INFO - [2025-09-21T12:00:34.386+0000] {dag.py:3036} INFO - Sync 1 DAGs
[2025-09-21T12:00:34.416+0000] {logging_mixin.py:188} INFO - [2025-09-21T12:00:34.415+0000] {dag.py:3823} INFO - Setting next_dagrun for tutorial_objectstorage to None, run_after=None
[2025-09-21T12:00:34.460+0000] {processor.py:183} INFO - Processing /home/airflow/.local/lib/python3.8/site-packages/airflow/example_dags/tutorial_objectstorage.py took 0.143 seconds
[2025-09-21T12:01:05.180+0000] {processor.py:161} INFO - Started process (PID=1768) to work on /home/airflow/.local/lib/python3.8/site-packages/airflow/example_dags/tutorial_objectstorage.py
[2025-09-21T12:01:05.185+0000] {processor.py:830} INFO - Processing file /home/airflow/.local/lib/python3.8/site-packages/airflow/example_dags/tutorial_objectstorage.py for tasks to queue
[2025-09-21T12:01:05.194+0000] {logging_mixin.py:188} INFO - [2025-09-21T12:01:05.192+0000] {dagbag.py:538} INFO - Filling up the DagBag from /home/airflow/.local/lib/python3.8/site-packages/airflow/example_dags/tutorial_objectstorage.py
[2025-09-21T12:01:05.231+0000] {processor.py:840} INFO - DAG(s) 'tutorial_objectstorage' retrieved from /home/airflow/.local/lib/python3.8/site-packages/airflow/example_dags/tutorial_objectstorage.py
[2025-09-21T12:01:05.359+0000] {logging_mixin.py:188} INFO - [2025-09-21T12:01:05.358+0000] {dag.py:3036} INFO - Sync 1 DAGs
[2025-09-21T12:01:05.402+0000] {logging_mixin.py:188} INFO - [2025-09-21T12:01:05.401+0000] {dag.py:3823} INFO - Setting next_dagrun for tutorial_objectstorage to None, run_after=None
[2025-09-21T12:01:05.457+0000] {processor.py:183} INFO - Processing /home/airflow/.local/lib/python3.8/site-packages/airflow/example_dags/tutorial_objectstorage.py took 0.293 seconds
[2025-09-21T12:01:35.633+0000] {processor.py:161} INFO - Started process (PID=1826) to work on /home/airflow/.local/lib/python3.8/site-packages/airflow/example_dags/tutorial_objectstorage.py
[2025-09-21T12:01:35.636+0000] {processor.py:830} INFO - Processing file /home/airflow/.local/lib/python3.8/site-packages/airflow/example_dags/tutorial_objectstorage.py for tasks to queue
[2025-09-21T12:01:35.642+0000] {logging_mixin.py:188} INFO - [2025-09-21T12:01:35.641+0000] {dagbag.py:538} INFO - Filling up the DagBag from /home/airflow/.local/lib/python3.8/site-packages/airflow/example_dags/tutorial_objectstorage.py
[2025-09-21T12:01:35.655+0000] {processor.py:840} INFO - DAG(s) 'tutorial_objectstorage' retrieved from /home/airflow/.local/lib/python3.8/site-packages/airflow/example_dags/tutorial_objectstorage.py
[2025-09-21T12:01:35.702+0000] {logging_mixin.py:188} INFO - [2025-09-21T12:01:35.701+0000] {dag.py:3036} INFO - Sync 1 DAGs
[2025-09-21T12:01:35.737+0000] {logging_mixin.py:188} INFO - [2025-09-21T12:01:35.736+0000] {dag.py:3823} INFO - Setting next_dagrun for tutorial_objectstorage to None, run_after=None
[2025-09-21T12:01:35.788+0000] {processor.py:183} INFO - Processing /home/airflow/.local/lib/python3.8/site-packages/airflow/example_dags/tutorial_objectstorage.py took 0.163 seconds
[2025-09-21T12:02:06.417+0000] {processor.py:161} INFO - Started process (PID=1884) to work on /home/airflow/.local/lib/python3.8/site-packages/airflow/example_dags/tutorial_objectstorage.py
[2025-09-21T12:02:06.419+0000] {processor.py:830} INFO - Processing file /home/airflow/.local/lib/python3.8/site-packages/airflow/example_dags/tutorial_objectstorage.py for tasks to queue
[2025-09-21T12:02:06.423+0000] {logging_mixin.py:188} INFO - [2025-09-21T12:02:06.422+0000] {dagbag.py:538} INFO - Filling up the DagBag from /home/airflow/.local/lib/python3.8/site-packages/airflow/example_dags/tutorial_objectstorage.py
[2025-09-21T12:02:06.435+0000] {processor.py:840} INFO - DAG(s) 'tutorial_objectstorage' retrieved from /home/airflow/.local/lib/python3.8/site-packages/airflow/example_dags/tutorial_objectstorage.py
[2025-09-21T12:02:06.472+0000] {logging_mixin.py:188} INFO - [2025-09-21T12:02:06.472+0000] {dag.py:3036} INFO - Sync 1 DAGs
[2025-09-21T12:02:06.497+0000] {logging_mixin.py:188} INFO - [2025-09-21T12:02:06.496+0000] {dag.py:3823} INFO - Setting next_dagrun for tutorial_objectstorage to None, run_after=None
[2025-09-21T12:02:06.539+0000] {processor.py:183} INFO - Processing /home/airflow/.local/lib/python3.8/site-packages/airflow/example_dags/tutorial_objectstorage.py took 0.130 seconds
[2025-09-21T12:02:37.075+0000] {processor.py:161} INFO - Started process (PID=1942) to work on /home/airflow/.local/lib/python3.8/site-packages/airflow/example_dags/tutorial_objectstorage.py
[2025-09-21T12:02:37.077+0000] {processor.py:830} INFO - Processing file /home/airflow/.local/lib/python3.8/site-packages/airflow/example_dags/tutorial_objectstorage.py for tasks to queue
[2025-09-21T12:02:37.081+0000] {logging_mixin.py:188} INFO - [2025-09-21T12:02:37.080+0000] {dagbag.py:538} INFO - Filling up the DagBag from /home/airflow/.local/lib/python3.8/site-packages/airflow/example_dags/tutorial_objectstorage.py
[2025-09-21T12:02:37.094+0000] {processor.py:840} INFO - DAG(s) 'tutorial_objectstorage' retrieved from /home/airflow/.local/lib/python3.8/site-packages/airflow/example_dags/tutorial_objectstorage.py
[2025-09-21T12:02:37.137+0000] {logging_mixin.py:188} INFO - [2025-09-21T12:02:37.136+0000] {dag.py:3036} INFO - Sync 1 DAGs
[2025-09-21T12:02:37.191+0000] {logging_mixin.py:188} INFO - [2025-09-21T12:02:37.190+0000] {dag.py:3823} INFO - Setting next_dagrun for tutorial_objectstorage to None, run_after=None
[2025-09-21T12:02:37.273+0000] {processor.py:183} INFO - Processing /home/airflow/.local/lib/python3.8/site-packages/airflow/example_dags/tutorial_objectstorage.py took 0.204 seconds
[2025-09-21T12:03:07.696+0000] {processor.py:161} INFO - Started process (PID=2000) to work on /home/airflow/.local/lib/python3.8/site-packages/airflow/example_dags/tutorial_objectstorage.py
[2025-09-21T12:03:07.699+0000] {processor.py:830} INFO - Processing file /home/airflow/.local/lib/python3.8/site-packages/airflow/example_dags/tutorial_objectstorage.py for tasks to queue
[2025-09-21T12:03:07.702+0000] {logging_mixin.py:188} INFO - [2025-09-21T12:03:07.702+0000] {dagbag.py:538} INFO - Filling up the DagBag from /home/airflow/.local/lib/python3.8/site-packages/airflow/example_dags/tutorial_objectstorage.py
[2025-09-21T12:03:07.717+0000] {processor.py:840} INFO - DAG(s) 'tutorial_objectstorage' retrieved from /home/airflow/.local/lib/python3.8/site-packages/airflow/example_dags/tutorial_objectstorage.py
[2025-09-21T12:03:07.761+0000] {logging_mixin.py:188} INFO - [2025-09-21T12:03:07.760+0000] {dag.py:3036} INFO - Sync 1 DAGs
[2025-09-21T12:03:07.803+0000] {logging_mixin.py:188} INFO - [2025-09-21T12:03:07.802+0000] {dag.py:3823} INFO - Setting next_dagrun for tutorial_objectstorage to None, run_after=None
[2025-09-21T12:03:07.859+0000] {processor.py:183} INFO - Processing /home/airflow/.local/lib/python3.8/site-packages/airflow/example_dags/tutorial_objectstorage.py took 0.170 seconds
[2025-09-21T12:03:38.323+0000] {processor.py:161} INFO - Started process (PID=2058) to work on /home/airflow/.local/lib/python3.8/site-packages/airflow/example_dags/tutorial_objectstorage.py
[2025-09-21T12:03:38.325+0000] {processor.py:830} INFO - Processing file /home/airflow/.local/lib/python3.8/site-packages/airflow/example_dags/tutorial_objectstorage.py for tasks to queue
[2025-09-21T12:03:38.329+0000] {logging_mixin.py:188} INFO - [2025-09-21T12:03:38.328+0000] {dagbag.py:538} INFO - Filling up the DagBag from /home/airflow/.local/lib/python3.8/site-packages/airflow/example_dags/tutorial_objectstorage.py
[2025-09-21T12:03:38.346+0000] {processor.py:840} INFO - DAG(s) 'tutorial_objectstorage' retrieved from /home/airflow/.local/lib/python3.8/site-packages/airflow/example_dags/tutorial_objectstorage.py
[2025-09-21T12:03:38.390+0000] {logging_mixin.py:188} INFO - [2025-09-21T12:03:38.389+0000] {dag.py:3036} INFO - Sync 1 DAGs
[2025-09-21T12:03:38.419+0000] {logging_mixin.py:188} INFO - [2025-09-21T12:03:38.418+0000] {dag.py:3823} INFO - Setting next_dagrun for tutorial_objectstorage to None, run_after=None
[2025-09-21T12:03:38.466+0000] {processor.py:183} INFO - Processing /home/airflow/.local/lib/python3.8/site-packages/airflow/example_dags/tutorial_objectstorage.py took 0.150 seconds
[2025-09-21T12:04:09.541+0000] {processor.py:161} INFO - Started process (PID=2116) to work on /home/airflow/.local/lib/python3.8/site-packages/airflow/example_dags/tutorial_objectstorage.py
[2025-09-21T12:04:09.544+0000] {processor.py:830} INFO - Processing file /home/airflow/.local/lib/python3.8/site-packages/airflow/example_dags/tutorial_objectstorage.py for tasks to queue
[2025-09-21T12:04:09.549+0000] {logging_mixin.py:188} INFO - [2025-09-21T12:04:09.548+0000] {dagbag.py:538} INFO - Filling up the DagBag from /home/airflow/.local/lib/python3.8/site-packages/airflow/example_dags/tutorial_objectstorage.py
[2025-09-21T12:04:09.566+0000] {processor.py:840} INFO - DAG(s) 'tutorial_objectstorage' retrieved from /home/airflow/.local/lib/python3.8/site-packages/airflow/example_dags/tutorial_objectstorage.py
[2025-09-21T12:04:09.610+0000] {logging_mixin.py:188} INFO - [2025-09-21T12:04:09.610+0000] {dag.py:3036} INFO - Sync 1 DAGs
[2025-09-21T12:04:09.637+0000] {logging_mixin.py:188} INFO - [2025-09-21T12:04:09.637+0000] {dag.py:3823} INFO - Setting next_dagrun for tutorial_objectstorage to None, run_after=None
[2025-09-21T12:04:09.678+0000] {processor.py:183} INFO - Processing /home/airflow/.local/lib/python3.8/site-packages/airflow/example_dags/tutorial_objectstorage.py took 0.144 seconds
[2025-09-21T12:04:40.100+0000] {processor.py:161} INFO - Started process (PID=2174) to work on /home/airflow/.local/lib/python3.8/site-packages/airflow/example_dags/tutorial_objectstorage.py
[2025-09-21T12:04:40.103+0000] {processor.py:830} INFO - Processing file /home/airflow/.local/lib/python3.8/site-packages/airflow/example_dags/tutorial_objectstorage.py for tasks to queue
[2025-09-21T12:04:40.109+0000] {logging_mixin.py:188} INFO - [2025-09-21T12:04:40.108+0000] {dagbag.py:538} INFO - Filling up the DagBag from /home/airflow/.local/lib/python3.8/site-packages/airflow/example_dags/tutorial_objectstorage.py
[2025-09-21T12:04:40.126+0000] {processor.py:840} INFO - DAG(s) 'tutorial_objectstorage' retrieved from /home/airflow/.local/lib/python3.8/site-packages/airflow/example_dags/tutorial_objectstorage.py
[2025-09-21T12:04:40.180+0000] {logging_mixin.py:188} INFO - [2025-09-21T12:04:40.180+0000] {dag.py:3036} INFO - Sync 1 DAGs
[2025-09-21T12:04:40.214+0000] {logging_mixin.py:188} INFO - [2025-09-21T12:04:40.213+0000] {dag.py:3823} INFO - Setting next_dagrun for tutorial_objectstorage to None, run_after=None
[2025-09-21T12:04:40.290+0000] {processor.py:183} INFO - Processing /home/airflow/.local/lib/python3.8/site-packages/airflow/example_dags/tutorial_objectstorage.py took 0.200 seconds
[2025-09-21T12:05:10.937+0000] {processor.py:161} INFO - Started process (PID=2232) to work on /home/airflow/.local/lib/python3.8/site-packages/airflow/example_dags/tutorial_objectstorage.py
[2025-09-21T12:05:10.939+0000] {processor.py:830} INFO - Processing file /home/airflow/.local/lib/python3.8/site-packages/airflow/example_dags/tutorial_objectstorage.py for tasks to queue
[2025-09-21T12:05:10.942+0000] {logging_mixin.py:188} INFO - [2025-09-21T12:05:10.942+0000] {dagbag.py:538} INFO - Filling up the DagBag from /home/airflow/.local/lib/python3.8/site-packages/airflow/example_dags/tutorial_objectstorage.py
[2025-09-21T12:05:10.955+0000] {processor.py:840} INFO - DAG(s) 'tutorial_objectstorage' retrieved from /home/airflow/.local/lib/python3.8/site-packages/airflow/example_dags/tutorial_objectstorage.py
[2025-09-21T12:05:10.994+0000] {logging_mixin.py:188} INFO - [2025-09-21T12:05:10.993+0000] {dag.py:3036} INFO - Sync 1 DAGs
[2025-09-21T12:05:11.025+0000] {logging_mixin.py:188} INFO - [2025-09-21T12:05:11.025+0000] {dag.py:3823} INFO - Setting next_dagrun for tutorial_objectstorage to None, run_after=None
[2025-09-21T12:05:11.063+0000] {processor.py:183} INFO - Processing /home/airflow/.local/lib/python3.8/site-packages/airflow/example_dags/tutorial_objectstorage.py took 0.132 seconds
[2025-09-21T12:05:41.381+0000] {processor.py:161} INFO - Started process (PID=2290) to work on /home/airflow/.local/lib/python3.8/site-packages/airflow/example_dags/tutorial_objectstorage.py
[2025-09-21T12:05:41.383+0000] {processor.py:830} INFO - Processing file /home/airflow/.local/lib/python3.8/site-packages/airflow/example_dags/tutorial_objectstorage.py for tasks to queue
[2025-09-21T12:05:41.387+0000] {logging_mixin.py:188} INFO - [2025-09-21T12:05:41.386+0000] {dagbag.py:538} INFO - Filling up the DagBag from /home/airflow/.local/lib/python3.8/site-packages/airflow/example_dags/tutorial_objectstorage.py
[2025-09-21T12:05:41.403+0000] {processor.py:840} INFO - DAG(s) 'tutorial_objectstorage' retrieved from /home/airflow/.local/lib/python3.8/site-packages/airflow/example_dags/tutorial_objectstorage.py
[2025-09-21T12:05:41.440+0000] {logging_mixin.py:188} INFO - [2025-09-21T12:05:41.440+0000] {dag.py:3036} INFO - Sync 1 DAGs
[2025-09-21T12:05:41.467+0000] {logging_mixin.py:188} INFO - [2025-09-21T12:05:41.467+0000] {dag.py:3823} INFO - Setting next_dagrun for tutorial_objectstorage to None, run_after=None
[2025-09-21T12:05:41.507+0000] {processor.py:183} INFO - Processing /home/airflow/.local/lib/python3.8/site-packages/airflow/example_dags/tutorial_objectstorage.py took 0.132 seconds
[2025-09-21T12:06:12.083+0000] {processor.py:161} INFO - Started process (PID=2348) to work on /home/airflow/.local/lib/python3.8/site-packages/airflow/example_dags/tutorial_objectstorage.py
[2025-09-21T12:06:12.084+0000] {processor.py:830} INFO - Processing file /home/airflow/.local/lib/python3.8/site-packages/airflow/example_dags/tutorial_objectstorage.py for tasks to queue
[2025-09-21T12:06:12.088+0000] {logging_mixin.py:188} INFO - [2025-09-21T12:06:12.087+0000] {dagbag.py:538} INFO - Filling up the DagBag from /home/airflow/.local/lib/python3.8/site-packages/airflow/example_dags/tutorial_objectstorage.py
[2025-09-21T12:06:12.102+0000] {processor.py:840} INFO - DAG(s) 'tutorial_objectstorage' retrieved from /home/airflow/.local/lib/python3.8/site-packages/airflow/example_dags/tutorial_objectstorage.py
[2025-09-21T12:06:12.142+0000] {logging_mixin.py:188} INFO - [2025-09-21T12:06:12.142+0000] {dag.py:3036} INFO - Sync 1 DAGs
[2025-09-21T12:06:12.169+0000] {logging_mixin.py:188} INFO - [2025-09-21T12:06:12.168+0000] {dag.py:3823} INFO - Setting next_dagrun for tutorial_objectstorage to None, run_after=None
[2025-09-21T12:06:12.205+0000] {processor.py:183} INFO - Processing /home/airflow/.local/lib/python3.8/site-packages/airflow/example_dags/tutorial_objectstorage.py took 0.129 seconds
[2025-09-21T12:06:43.034+0000] {processor.py:161} INFO - Started process (PID=2406) to work on /home/airflow/.local/lib/python3.8/site-packages/airflow/example_dags/tutorial_objectstorage.py
[2025-09-21T12:06:43.038+0000] {processor.py:830} INFO - Processing file /home/airflow/.local/lib/python3.8/site-packages/airflow/example_dags/tutorial_objectstorage.py for tasks to queue
[2025-09-21T12:06:43.045+0000] {logging_mixin.py:188} INFO - [2025-09-21T12:06:43.044+0000] {dagbag.py:538} INFO - Filling up the DagBag from /home/airflow/.local/lib/python3.8/site-packages/airflow/example_dags/tutorial_objectstorage.py
[2025-09-21T12:06:43.069+0000] {processor.py:840} INFO - DAG(s) 'tutorial_objectstorage' retrieved from /home/airflow/.local/lib/python3.8/site-packages/airflow/example_dags/tutorial_objectstorage.py
[2025-09-21T12:06:43.132+0000] {logging_mixin.py:188} INFO - [2025-09-21T12:06:43.131+0000] {dag.py:3036} INFO - Sync 1 DAGs
[2025-09-21T12:06:43.174+0000] {logging_mixin.py:188} INFO - [2025-09-21T12:06:43.173+0000] {dag.py:3823} INFO - Setting next_dagrun for tutorial_objectstorage to None, run_after=None
[2025-09-21T12:06:43.254+0000] {processor.py:183} INFO - Processing /home/airflow/.local/lib/python3.8/site-packages/airflow/example_dags/tutorial_objectstorage.py took 0.232 seconds
[2025-09-21T12:07:13.565+0000] {processor.py:161} INFO - Started process (PID=2465) to work on /home/airflow/.local/lib/python3.8/site-packages/airflow/example_dags/tutorial_objectstorage.py
[2025-09-21T12:07:13.567+0000] {processor.py:830} INFO - Processing file /home/airflow/.local/lib/python3.8/site-packages/airflow/example_dags/tutorial_objectstorage.py for tasks to queue
[2025-09-21T12:07:13.573+0000] {logging_mixin.py:188} INFO - [2025-09-21T12:07:13.572+0000] {dagbag.py:538} INFO - Filling up the DagBag from /home/airflow/.local/lib/python3.8/site-packages/airflow/example_dags/tutorial_objectstorage.py
[2025-09-21T12:07:13.585+0000] {processor.py:840} INFO - DAG(s) 'tutorial_objectstorage' retrieved from /home/airflow/.local/lib/python3.8/site-packages/airflow/example_dags/tutorial_objectstorage.py
[2025-09-21T12:07:13.622+0000] {logging_mixin.py:188} INFO - [2025-09-21T12:07:13.621+0000] {dag.py:3036} INFO - Sync 1 DAGs
[2025-09-21T12:07:13.654+0000] {logging_mixin.py:188} INFO - [2025-09-21T12:07:13.653+0000] {dag.py:3823} INFO - Setting next_dagrun for tutorial_objectstorage to None, run_after=None
[2025-09-21T12:07:13.705+0000] {processor.py:183} INFO - Processing /home/airflow/.local/lib/python3.8/site-packages/airflow/example_dags/tutorial_objectstorage.py took 0.148 seconds
[2025-09-21T12:07:44.317+0000] {processor.py:161} INFO - Started process (PID=2523) to work on /home/airflow/.local/lib/python3.8/site-packages/airflow/example_dags/tutorial_objectstorage.py
[2025-09-21T12:07:44.319+0000] {processor.py:830} INFO - Processing file /home/airflow/.local/lib/python3.8/site-packages/airflow/example_dags/tutorial_objectstorage.py for tasks to queue
[2025-09-21T12:07:44.323+0000] {logging_mixin.py:188} INFO - [2025-09-21T12:07:44.323+0000] {dagbag.py:538} INFO - Filling up the DagBag from /home/airflow/.local/lib/python3.8/site-packages/airflow/example_dags/tutorial_objectstorage.py
[2025-09-21T12:07:44.342+0000] {processor.py:840} INFO - DAG(s) 'tutorial_objectstorage' retrieved from /home/airflow/.local/lib/python3.8/site-packages/airflow/example_dags/tutorial_objectstorage.py
[2025-09-21T12:07:44.425+0000] {logging_mixin.py:188} INFO - [2025-09-21T12:07:44.415+0000] {dag.py:3036} INFO - Sync 1 DAGs
[2025-09-21T12:07:44.467+0000] {logging_mixin.py:188} INFO - [2025-09-21T12:07:44.467+0000] {dag.py:3823} INFO - Setting next_dagrun for tutorial_objectstorage to None, run_after=None
[2025-09-21T12:07:44.502+0000] {processor.py:183} INFO - Processing /home/airflow/.local/lib/python3.8/site-packages/airflow/example_dags/tutorial_objectstorage.py took 0.192 seconds
[2025-09-21T12:08:15.024+0000] {processor.py:161} INFO - Started process (PID=2581) to work on /home/airflow/.local/lib/python3.8/site-packages/airflow/example_dags/tutorial_objectstorage.py
[2025-09-21T12:08:15.028+0000] {processor.py:830} INFO - Processing file /home/airflow/.local/lib/python3.8/site-packages/airflow/example_dags/tutorial_objectstorage.py for tasks to queue
[2025-09-21T12:08:15.035+0000] {logging_mixin.py:188} INFO - [2025-09-21T12:08:15.034+0000] {dagbag.py:538} INFO - Filling up the DagBag from /home/airflow/.local/lib/python3.8/site-packages/airflow/example_dags/tutorial_objectstorage.py
[2025-09-21T12:08:15.060+0000] {processor.py:840} INFO - DAG(s) 'tutorial_objectstorage' retrieved from /home/airflow/.local/lib/python3.8/site-packages/airflow/example_dags/tutorial_objectstorage.py
[2025-09-21T12:08:15.124+0000] {logging_mixin.py:188} INFO - [2025-09-21T12:08:15.123+0000] {dag.py:3036} INFO - Sync 1 DAGs
[2025-09-21T12:08:15.168+0000] {logging_mixin.py:188} INFO - [2025-09-21T12:08:15.167+0000] {dag.py:3823} INFO - Setting next_dagrun for tutorial_objectstorage to None, run_after=None
[2025-09-21T12:08:15.232+0000] {processor.py:183} INFO - Processing /home/airflow/.local/lib/python3.8/site-packages/airflow/example_dags/tutorial_objectstorage.py took 0.219 seconds
[2025-09-21T12:08:45.440+0000] {processor.py:161} INFO - Started process (PID=2639) to work on /home/airflow/.local/lib/python3.8/site-packages/airflow/example_dags/tutorial_objectstorage.py
[2025-09-21T12:08:45.443+0000] {processor.py:830} INFO - Processing file /home/airflow/.local/lib/python3.8/site-packages/airflow/example_dags/tutorial_objectstorage.py for tasks to queue
[2025-09-21T12:08:45.447+0000] {logging_mixin.py:188} INFO - [2025-09-21T12:08:45.446+0000] {dagbag.py:538} INFO - Filling up the DagBag from /home/airflow/.local/lib/python3.8/site-packages/airflow/example_dags/tutorial_objectstorage.py
[2025-09-21T12:08:45.463+0000] {processor.py:840} INFO - DAG(s) 'tutorial_objectstorage' retrieved from /home/airflow/.local/lib/python3.8/site-packages/airflow/example_dags/tutorial_objectstorage.py
[2025-09-21T12:08:45.509+0000] {logging_mixin.py:188} INFO - [2025-09-21T12:08:45.508+0000] {dag.py:3036} INFO - Sync 1 DAGs
[2025-09-21T12:08:45.539+0000] {logging_mixin.py:188} INFO - [2025-09-21T12:08:45.538+0000] {dag.py:3823} INFO - Setting next_dagrun for tutorial_objectstorage to None, run_after=None
[2025-09-21T12:08:45.579+0000] {processor.py:183} INFO - Processing /home/airflow/.local/lib/python3.8/site-packages/airflow/example_dags/tutorial_objectstorage.py took 0.147 seconds
[2025-09-21T12:09:15.842+0000] {processor.py:161} INFO - Started process (PID=2697) to work on /home/airflow/.local/lib/python3.8/site-packages/airflow/example_dags/tutorial_objectstorage.py
[2025-09-21T12:09:15.845+0000] {processor.py:830} INFO - Processing file /home/airflow/.local/lib/python3.8/site-packages/airflow/example_dags/tutorial_objectstorage.py for tasks to queue
[2025-09-21T12:09:15.848+0000] {logging_mixin.py:188} INFO - [2025-09-21T12:09:15.847+0000] {dagbag.py:538} INFO - Filling up the DagBag from /home/airflow/.local/lib/python3.8/site-packages/airflow/example_dags/tutorial_objectstorage.py
[2025-09-21T12:09:15.863+0000] {processor.py:840} INFO - DAG(s) 'tutorial_objectstorage' retrieved from /home/airflow/.local/lib/python3.8/site-packages/airflow/example_dags/tutorial_objectstorage.py
[2025-09-21T12:09:15.902+0000] {logging_mixin.py:188} INFO - [2025-09-21T12:09:15.902+0000] {dag.py:3036} INFO - Sync 1 DAGs
[2025-09-21T12:09:15.935+0000] {logging_mixin.py:188} INFO - [2025-09-21T12:09:15.935+0000] {dag.py:3823} INFO - Setting next_dagrun for tutorial_objectstorage to None, run_after=None
[2025-09-21T12:09:15.981+0000] {processor.py:183} INFO - Processing /home/airflow/.local/lib/python3.8/site-packages/airflow/example_dags/tutorial_objectstorage.py took 0.145 seconds
[2025-09-21T12:09:46.506+0000] {processor.py:161} INFO - Started process (PID=2756) to work on /home/airflow/.local/lib/python3.8/site-packages/airflow/example_dags/tutorial_objectstorage.py
[2025-09-21T12:09:46.508+0000] {processor.py:830} INFO - Processing file /home/airflow/.local/lib/python3.8/site-packages/airflow/example_dags/tutorial_objectstorage.py for tasks to queue
[2025-09-21T12:09:46.512+0000] {logging_mixin.py:188} INFO - [2025-09-21T12:09:46.511+0000] {dagbag.py:538} INFO - Filling up the DagBag from /home/airflow/.local/lib/python3.8/site-packages/airflow/example_dags/tutorial_objectstorage.py
[2025-09-21T12:09:46.526+0000] {processor.py:840} INFO - DAG(s) 'tutorial_objectstorage' retrieved from /home/airflow/.local/lib/python3.8/site-packages/airflow/example_dags/tutorial_objectstorage.py
[2025-09-21T12:09:46.568+0000] {logging_mixin.py:188} INFO - [2025-09-21T12:09:46.567+0000] {dag.py:3036} INFO - Sync 1 DAGs
[2025-09-21T12:09:46.599+0000] {logging_mixin.py:188} INFO - [2025-09-21T12:09:46.599+0000] {dag.py:3823} INFO - Setting next_dagrun for tutorial_objectstorage to None, run_after=None
[2025-09-21T12:09:46.653+0000] {processor.py:183} INFO - Processing /home/airflow/.local/lib/python3.8/site-packages/airflow/example_dags/tutorial_objectstorage.py took 0.154 seconds
[2025-09-21T12:10:17.689+0000] {processor.py:161} INFO - Started process (PID=2812) to work on /home/airflow/.local/lib/python3.8/site-packages/airflow/example_dags/tutorial_objectstorage.py
[2025-09-21T12:10:17.692+0000] {processor.py:830} INFO - Processing file /home/airflow/.local/lib/python3.8/site-packages/airflow/example_dags/tutorial_objectstorage.py for tasks to queue
[2025-09-21T12:10:17.700+0000] {logging_mixin.py:188} INFO - [2025-09-21T12:10:17.699+0000] {dagbag.py:538} INFO - Filling up the DagBag from /home/airflow/.local/lib/python3.8/site-packages/airflow/example_dags/tutorial_objectstorage.py
[2025-09-21T12:10:17.722+0000] {processor.py:840} INFO - DAG(s) 'tutorial_objectstorage' retrieved from /home/airflow/.local/lib/python3.8/site-packages/airflow/example_dags/tutorial_objectstorage.py
[2025-09-21T12:10:17.801+0000] {logging_mixin.py:188} INFO - [2025-09-21T12:10:17.800+0000] {dag.py:3036} INFO - Sync 1 DAGs
[2025-09-21T12:10:17.858+0000] {logging_mixin.py:188} INFO - [2025-09-21T12:10:17.857+0000] {dag.py:3823} INFO - Setting next_dagrun for tutorial_objectstorage to None, run_after=None
[2025-09-21T12:10:17.933+0000] {processor.py:183} INFO - Processing /home/airflow/.local/lib/python3.8/site-packages/airflow/example_dags/tutorial_objectstorage.py took 0.256 seconds
[2025-09-21T12:10:48.442+0000] {processor.py:161} INFO - Started process (PID=2870) to work on /home/airflow/.local/lib/python3.8/site-packages/airflow/example_dags/tutorial_objectstorage.py
[2025-09-21T12:10:48.444+0000] {processor.py:830} INFO - Processing file /home/airflow/.local/lib/python3.8/site-packages/airflow/example_dags/tutorial_objectstorage.py for tasks to queue
[2025-09-21T12:10:48.447+0000] {logging_mixin.py:188} INFO - [2025-09-21T12:10:48.446+0000] {dagbag.py:538} INFO - Filling up the DagBag from /home/airflow/.local/lib/python3.8/site-packages/airflow/example_dags/tutorial_objectstorage.py
[2025-09-21T12:10:48.459+0000] {processor.py:840} INFO - DAG(s) 'tutorial_objectstorage' retrieved from /home/airflow/.local/lib/python3.8/site-packages/airflow/example_dags/tutorial_objectstorage.py
[2025-09-21T12:10:48.498+0000] {logging_mixin.py:188} INFO - [2025-09-21T12:10:48.498+0000] {dag.py:3036} INFO - Sync 1 DAGs
[2025-09-21T12:10:48.523+0000] {logging_mixin.py:188} INFO - [2025-09-21T12:10:48.522+0000] {dag.py:3823} INFO - Setting next_dagrun for tutorial_objectstorage to None, run_after=None
[2025-09-21T12:10:48.559+0000] {processor.py:183} INFO - Processing /home/airflow/.local/lib/python3.8/site-packages/airflow/example_dags/tutorial_objectstorage.py took 0.123 seconds
[2025-09-21T12:11:18.843+0000] {processor.py:161} INFO - Started process (PID=2926) to work on /home/airflow/.local/lib/python3.8/site-packages/airflow/example_dags/tutorial_objectstorage.py
[2025-09-21T12:11:18.845+0000] {processor.py:830} INFO - Processing file /home/airflow/.local/lib/python3.8/site-packages/airflow/example_dags/tutorial_objectstorage.py for tasks to queue
[2025-09-21T12:11:18.851+0000] {logging_mixin.py:188} INFO - [2025-09-21T12:11:18.850+0000] {dagbag.py:538} INFO - Filling up the DagBag from /home/airflow/.local/lib/python3.8/site-packages/airflow/example_dags/tutorial_objectstorage.py
[2025-09-21T12:11:18.871+0000] {processor.py:840} INFO - DAG(s) 'tutorial_objectstorage' retrieved from /home/airflow/.local/lib/python3.8/site-packages/airflow/example_dags/tutorial_objectstorage.py
[2025-09-21T12:11:18.938+0000] {logging_mixin.py:188} INFO - [2025-09-21T12:11:18.937+0000] {dag.py:3036} INFO - Sync 1 DAGs
[2025-09-21T12:11:18.995+0000] {logging_mixin.py:188} INFO - [2025-09-21T12:11:18.994+0000] {dag.py:3823} INFO - Setting next_dagrun for tutorial_objectstorage to None, run_after=None
[2025-09-21T12:11:19.073+0000] {processor.py:183} INFO - Processing /home/airflow/.local/lib/python3.8/site-packages/airflow/example_dags/tutorial_objectstorage.py took 0.239 seconds
[2025-09-21T12:11:49.916+0000] {processor.py:161} INFO - Started process (PID=2984) to work on /home/airflow/.local/lib/python3.8/site-packages/airflow/example_dags/tutorial_objectstorage.py
[2025-09-21T12:11:49.921+0000] {processor.py:830} INFO - Processing file /home/airflow/.local/lib/python3.8/site-packages/airflow/example_dags/tutorial_objectstorage.py for tasks to queue
[2025-09-21T12:11:49.929+0000] {logging_mixin.py:188} INFO - [2025-09-21T12:11:49.928+0000] {dagbag.py:538} INFO - Filling up the DagBag from /home/airflow/.local/lib/python3.8/site-packages/airflow/example_dags/tutorial_objectstorage.py
[2025-09-21T12:11:49.962+0000] {processor.py:840} INFO - DAG(s) 'tutorial_objectstorage' retrieved from /home/airflow/.local/lib/python3.8/site-packages/airflow/example_dags/tutorial_objectstorage.py
[2025-09-21T12:11:50.062+0000] {logging_mixin.py:188} INFO - [2025-09-21T12:11:50.061+0000] {dag.py:3036} INFO - Sync 1 DAGs
[2025-09-21T12:11:50.111+0000] {logging_mixin.py:188} INFO - [2025-09-21T12:11:50.111+0000] {dag.py:3823} INFO - Setting next_dagrun for tutorial_objectstorage to None, run_after=None
[2025-09-21T12:11:50.166+0000] {processor.py:183} INFO - Processing /home/airflow/.local/lib/python3.8/site-packages/airflow/example_dags/tutorial_objectstorage.py took 0.270 seconds
[2025-09-21T12:12:20.935+0000] {processor.py:161} INFO - Started process (PID=3042) to work on /home/airflow/.local/lib/python3.8/site-packages/airflow/example_dags/tutorial_objectstorage.py
[2025-09-21T12:12:20.938+0000] {processor.py:830} INFO - Processing file /home/airflow/.local/lib/python3.8/site-packages/airflow/example_dags/tutorial_objectstorage.py for tasks to queue
[2025-09-21T12:12:20.945+0000] {logging_mixin.py:188} INFO - [2025-09-21T12:12:20.944+0000] {dagbag.py:538} INFO - Filling up the DagBag from /home/airflow/.local/lib/python3.8/site-packages/airflow/example_dags/tutorial_objectstorage.py
[2025-09-21T12:12:20.966+0000] {processor.py:840} INFO - DAG(s) 'tutorial_objectstorage' retrieved from /home/airflow/.local/lib/python3.8/site-packages/airflow/example_dags/tutorial_objectstorage.py
[2025-09-21T12:12:21.022+0000] {logging_mixin.py:188} INFO - [2025-09-21T12:12:21.022+0000] {dag.py:3036} INFO - Sync 1 DAGs
[2025-09-21T12:12:21.062+0000] {logging_mixin.py:188} INFO - [2025-09-21T12:12:21.061+0000] {dag.py:3823} INFO - Setting next_dagrun for tutorial_objectstorage to None, run_after=None
[2025-09-21T12:12:21.124+0000] {processor.py:183} INFO - Processing /home/airflow/.local/lib/python3.8/site-packages/airflow/example_dags/tutorial_objectstorage.py took 0.202 seconds
[2025-09-21T12:12:51.502+0000] {processor.py:161} INFO - Started process (PID=3100) to work on /home/airflow/.local/lib/python3.8/site-packages/airflow/example_dags/tutorial_objectstorage.py
[2025-09-21T12:12:51.508+0000] {processor.py:830} INFO - Processing file /home/airflow/.local/lib/python3.8/site-packages/airflow/example_dags/tutorial_objectstorage.py for tasks to queue
[2025-09-21T12:12:51.520+0000] {logging_mixin.py:188} INFO - [2025-09-21T12:12:51.519+0000] {dagbag.py:538} INFO - Filling up the DagBag from /home/airflow/.local/lib/python3.8/site-packages/airflow/example_dags/tutorial_objectstorage.py
[2025-09-21T12:12:51.551+0000] {processor.py:840} INFO - DAG(s) 'tutorial_objectstorage' retrieved from /home/airflow/.local/lib/python3.8/site-packages/airflow/example_dags/tutorial_objectstorage.py
[2025-09-21T12:12:51.630+0000] {logging_mixin.py:188} INFO - [2025-09-21T12:12:51.630+0000] {dag.py:3036} INFO - Sync 1 DAGs
[2025-09-21T12:12:51.657+0000] {logging_mixin.py:188} INFO - [2025-09-21T12:12:51.656+0000] {dag.py:3823} INFO - Setting next_dagrun for tutorial_objectstorage to None, run_after=None
[2025-09-21T12:12:51.701+0000] {processor.py:183} INFO - Processing /home/airflow/.local/lib/python3.8/site-packages/airflow/example_dags/tutorial_objectstorage.py took 0.223 seconds
[2025-09-21T12:13:22.424+0000] {processor.py:161} INFO - Started process (PID=3158) to work on /home/airflow/.local/lib/python3.8/site-packages/airflow/example_dags/tutorial_objectstorage.py
[2025-09-21T12:13:22.427+0000] {processor.py:830} INFO - Processing file /home/airflow/.local/lib/python3.8/site-packages/airflow/example_dags/tutorial_objectstorage.py for tasks to queue
[2025-09-21T12:13:22.431+0000] {logging_mixin.py:188} INFO - [2025-09-21T12:13:22.431+0000] {dagbag.py:538} INFO - Filling up the DagBag from /home/airflow/.local/lib/python3.8/site-packages/airflow/example_dags/tutorial_objectstorage.py
[2025-09-21T12:13:22.450+0000] {processor.py:840} INFO - DAG(s) 'tutorial_objectstorage' retrieved from /home/airflow/.local/lib/python3.8/site-packages/airflow/example_dags/tutorial_objectstorage.py
[2025-09-21T12:13:22.507+0000] {logging_mixin.py:188} INFO - [2025-09-21T12:13:22.507+0000] {dag.py:3036} INFO - Sync 1 DAGs
[2025-09-21T12:13:22.547+0000] {logging_mixin.py:188} INFO - [2025-09-21T12:13:22.546+0000] {dag.py:3823} INFO - Setting next_dagrun for tutorial_objectstorage to None, run_after=None
[2025-09-21T12:13:22.598+0000] {processor.py:183} INFO - Processing /home/airflow/.local/lib/python3.8/site-packages/airflow/example_dags/tutorial_objectstorage.py took 0.182 seconds
[2025-09-21T12:13:52.886+0000] {processor.py:161} INFO - Started process (PID=3216) to work on /home/airflow/.local/lib/python3.8/site-packages/airflow/example_dags/tutorial_objectstorage.py
[2025-09-21T12:13:52.890+0000] {processor.py:830} INFO - Processing file /home/airflow/.local/lib/python3.8/site-packages/airflow/example_dags/tutorial_objectstorage.py for tasks to queue
[2025-09-21T12:13:52.898+0000] {logging_mixin.py:188} INFO - [2025-09-21T12:13:52.897+0000] {dagbag.py:538} INFO - Filling up the DagBag from /home/airflow/.local/lib/python3.8/site-packages/airflow/example_dags/tutorial_objectstorage.py
[2025-09-21T12:13:52.932+0000] {processor.py:840} INFO - DAG(s) 'tutorial_objectstorage' retrieved from /home/airflow/.local/lib/python3.8/site-packages/airflow/example_dags/tutorial_objectstorage.py
[2025-09-21T12:13:52.999+0000] {logging_mixin.py:188} INFO - [2025-09-21T12:13:52.998+0000] {dag.py:3036} INFO - Sync 1 DAGs
[2025-09-21T12:13:53.032+0000] {logging_mixin.py:188} INFO - [2025-09-21T12:13:53.031+0000] {dag.py:3823} INFO - Setting next_dagrun for tutorial_objectstorage to None, run_after=None
[2025-09-21T12:13:53.079+0000] {processor.py:183} INFO - Processing /home/airflow/.local/lib/python3.8/site-packages/airflow/example_dags/tutorial_objectstorage.py took 0.204 seconds
[2025-09-21T12:14:23.829+0000] {processor.py:161} INFO - Started process (PID=3274) to work on /home/airflow/.local/lib/python3.8/site-packages/airflow/example_dags/tutorial_objectstorage.py
[2025-09-21T12:14:23.831+0000] {processor.py:830} INFO - Processing file /home/airflow/.local/lib/python3.8/site-packages/airflow/example_dags/tutorial_objectstorage.py for tasks to queue
[2025-09-21T12:14:23.836+0000] {logging_mixin.py:188} INFO - [2025-09-21T12:14:23.835+0000] {dagbag.py:538} INFO - Filling up the DagBag from /home/airflow/.local/lib/python3.8/site-packages/airflow/example_dags/tutorial_objectstorage.py
[2025-09-21T12:14:23.855+0000] {processor.py:840} INFO - DAG(s) 'tutorial_objectstorage' retrieved from /home/airflow/.local/lib/python3.8/site-packages/airflow/example_dags/tutorial_objectstorage.py
[2025-09-21T12:14:23.897+0000] {logging_mixin.py:188} INFO - [2025-09-21T12:14:23.896+0000] {dag.py:3036} INFO - Sync 1 DAGs
[2025-09-21T12:14:23.927+0000] {logging_mixin.py:188} INFO - [2025-09-21T12:14:23.927+0000] {dag.py:3823} INFO - Setting next_dagrun for tutorial_objectstorage to None, run_after=None
[2025-09-21T12:14:23.972+0000] {processor.py:183} INFO - Processing /home/airflow/.local/lib/python3.8/site-packages/airflow/example_dags/tutorial_objectstorage.py took 0.152 seconds
[2025-09-21T12:14:54.606+0000] {processor.py:161} INFO - Started process (PID=3332) to work on /home/airflow/.local/lib/python3.8/site-packages/airflow/example_dags/tutorial_objectstorage.py
[2025-09-21T12:14:54.611+0000] {processor.py:830} INFO - Processing file /home/airflow/.local/lib/python3.8/site-packages/airflow/example_dags/tutorial_objectstorage.py for tasks to queue
[2025-09-21T12:14:54.624+0000] {logging_mixin.py:188} INFO - [2025-09-21T12:14:54.622+0000] {dagbag.py:538} INFO - Filling up the DagBag from /home/airflow/.local/lib/python3.8/site-packages/airflow/example_dags/tutorial_objectstorage.py
[2025-09-21T12:14:54.670+0000] {processor.py:840} INFO - DAG(s) 'tutorial_objectstorage' retrieved from /home/airflow/.local/lib/python3.8/site-packages/airflow/example_dags/tutorial_objectstorage.py
[2025-09-21T12:14:54.731+0000] {logging_mixin.py:188} INFO - [2025-09-21T12:14:54.730+0000] {dag.py:3036} INFO - Sync 1 DAGs
[2025-09-21T12:14:54.754+0000] {logging_mixin.py:188} INFO - [2025-09-21T12:14:54.754+0000] {dag.py:3823} INFO - Setting next_dagrun for tutorial_objectstorage to None, run_after=None
[2025-09-21T12:14:54.796+0000] {processor.py:183} INFO - Processing /home/airflow/.local/lib/python3.8/site-packages/airflow/example_dags/tutorial_objectstorage.py took 0.208 seconds
[2025-09-21T12:15:25.575+0000] {processor.py:161} INFO - Started process (PID=3390) to work on /home/airflow/.local/lib/python3.8/site-packages/airflow/example_dags/tutorial_objectstorage.py
[2025-09-21T12:15:25.577+0000] {processor.py:830} INFO - Processing file /home/airflow/.local/lib/python3.8/site-packages/airflow/example_dags/tutorial_objectstorage.py for tasks to queue
[2025-09-21T12:15:25.580+0000] {logging_mixin.py:188} INFO - [2025-09-21T12:15:25.580+0000] {dagbag.py:538} INFO - Filling up the DagBag from /home/airflow/.local/lib/python3.8/site-packages/airflow/example_dags/tutorial_objectstorage.py
[2025-09-21T12:15:25.594+0000] {processor.py:840} INFO - DAG(s) 'tutorial_objectstorage' retrieved from /home/airflow/.local/lib/python3.8/site-packages/airflow/example_dags/tutorial_objectstorage.py
[2025-09-21T12:15:25.632+0000] {logging_mixin.py:188} INFO - [2025-09-21T12:15:25.632+0000] {dag.py:3036} INFO - Sync 1 DAGs
[2025-09-21T12:15:25.659+0000] {logging_mixin.py:188} INFO - [2025-09-21T12:15:25.659+0000] {dag.py:3823} INFO - Setting next_dagrun for tutorial_objectstorage to None, run_after=None
[2025-09-21T12:15:25.708+0000] {processor.py:183} INFO - Processing /home/airflow/.local/lib/python3.8/site-packages/airflow/example_dags/tutorial_objectstorage.py took 0.138 seconds
[2025-09-21T12:15:55.869+0000] {processor.py:161} INFO - Started process (PID=3448) to work on /home/airflow/.local/lib/python3.8/site-packages/airflow/example_dags/tutorial_objectstorage.py
[2025-09-21T12:15:55.871+0000] {processor.py:830} INFO - Processing file /home/airflow/.local/lib/python3.8/site-packages/airflow/example_dags/tutorial_objectstorage.py for tasks to queue
[2025-09-21T12:15:55.875+0000] {logging_mixin.py:188} INFO - [2025-09-21T12:15:55.874+0000] {dagbag.py:538} INFO - Filling up the DagBag from /home/airflow/.local/lib/python3.8/site-packages/airflow/example_dags/tutorial_objectstorage.py
[2025-09-21T12:15:55.890+0000] {processor.py:840} INFO - DAG(s) 'tutorial_objectstorage' retrieved from /home/airflow/.local/lib/python3.8/site-packages/airflow/example_dags/tutorial_objectstorage.py
[2025-09-21T12:15:55.931+0000] {logging_mixin.py:188} INFO - [2025-09-21T12:15:55.930+0000] {dag.py:3036} INFO - Sync 1 DAGs
[2025-09-21T12:15:55.960+0000] {logging_mixin.py:188} INFO - [2025-09-21T12:15:55.960+0000] {dag.py:3823} INFO - Setting next_dagrun for tutorial_objectstorage to None, run_after=None
[2025-09-21T12:15:56.009+0000] {processor.py:183} INFO - Processing /home/airflow/.local/lib/python3.8/site-packages/airflow/example_dags/tutorial_objectstorage.py took 0.147 seconds
[2025-09-21T12:16:26.369+0000] {processor.py:161} INFO - Started process (PID=3506) to work on /home/airflow/.local/lib/python3.8/site-packages/airflow/example_dags/tutorial_objectstorage.py
[2025-09-21T12:16:26.371+0000] {processor.py:830} INFO - Processing file /home/airflow/.local/lib/python3.8/site-packages/airflow/example_dags/tutorial_objectstorage.py for tasks to queue
[2025-09-21T12:16:26.379+0000] {logging_mixin.py:188} INFO - [2025-09-21T12:16:26.378+0000] {dagbag.py:538} INFO - Filling up the DagBag from /home/airflow/.local/lib/python3.8/site-packages/airflow/example_dags/tutorial_objectstorage.py
[2025-09-21T12:16:26.394+0000] {processor.py:840} INFO - DAG(s) 'tutorial_objectstorage' retrieved from /home/airflow/.local/lib/python3.8/site-packages/airflow/example_dags/tutorial_objectstorage.py
[2025-09-21T12:16:26.445+0000] {logging_mixin.py:188} INFO - [2025-09-21T12:16:26.444+0000] {dag.py:3036} INFO - Sync 1 DAGs
[2025-09-21T12:16:26.474+0000] {logging_mixin.py:188} INFO - [2025-09-21T12:16:26.473+0000] {dag.py:3823} INFO - Setting next_dagrun for tutorial_objectstorage to None, run_after=None
[2025-09-21T12:16:26.516+0000] {processor.py:183} INFO - Processing /home/airflow/.local/lib/python3.8/site-packages/airflow/example_dags/tutorial_objectstorage.py took 0.157 seconds
[2025-09-21T12:16:57.430+0000] {processor.py:161} INFO - Started process (PID=3564) to work on /home/airflow/.local/lib/python3.8/site-packages/airflow/example_dags/tutorial_objectstorage.py
[2025-09-21T12:16:57.434+0000] {processor.py:830} INFO - Processing file /home/airflow/.local/lib/python3.8/site-packages/airflow/example_dags/tutorial_objectstorage.py for tasks to queue
[2025-09-21T12:16:57.443+0000] {logging_mixin.py:188} INFO - [2025-09-21T12:16:57.441+0000] {dagbag.py:538} INFO - Filling up the DagBag from /home/airflow/.local/lib/python3.8/site-packages/airflow/example_dags/tutorial_objectstorage.py
[2025-09-21T12:16:57.470+0000] {processor.py:840} INFO - DAG(s) 'tutorial_objectstorage' retrieved from /home/airflow/.local/lib/python3.8/site-packages/airflow/example_dags/tutorial_objectstorage.py
[2025-09-21T12:16:57.553+0000] {logging_mixin.py:188} INFO - [2025-09-21T12:16:57.551+0000] {dag.py:3036} INFO - Sync 1 DAGs
[2025-09-21T12:16:57.609+0000] {logging_mixin.py:188} INFO - [2025-09-21T12:16:57.608+0000] {dag.py:3823} INFO - Setting next_dagrun for tutorial_objectstorage to None, run_after=None
[2025-09-21T12:16:57.688+0000] {processor.py:183} INFO - Processing /home/airflow/.local/lib/python3.8/site-packages/airflow/example_dags/tutorial_objectstorage.py took 0.273 seconds
[2025-09-21T12:17:27.797+0000] {processor.py:161} INFO - Started process (PID=3622) to work on /home/airflow/.local/lib/python3.8/site-packages/airflow/example_dags/tutorial_objectstorage.py
[2025-09-21T12:17:27.799+0000] {processor.py:830} INFO - Processing file /home/airflow/.local/lib/python3.8/site-packages/airflow/example_dags/tutorial_objectstorage.py for tasks to queue
[2025-09-21T12:17:27.805+0000] {logging_mixin.py:188} INFO - [2025-09-21T12:17:27.804+0000] {dagbag.py:538} INFO - Filling up the DagBag from /home/airflow/.local/lib/python3.8/site-packages/airflow/example_dags/tutorial_objectstorage.py
[2025-09-21T12:17:27.823+0000] {processor.py:840} INFO - DAG(s) 'tutorial_objectstorage' retrieved from /home/airflow/.local/lib/python3.8/site-packages/airflow/example_dags/tutorial_objectstorage.py
[2025-09-21T12:17:27.881+0000] {logging_mixin.py:188} INFO - [2025-09-21T12:17:27.881+0000] {dag.py:3036} INFO - Sync 1 DAGs
[2025-09-21T12:17:27.924+0000] {logging_mixin.py:188} INFO - [2025-09-21T12:17:27.923+0000] {dag.py:3823} INFO - Setting next_dagrun for tutorial_objectstorage to None, run_after=None
[2025-09-21T12:17:27.971+0000] {processor.py:183} INFO - Processing /home/airflow/.local/lib/python3.8/site-packages/airflow/example_dags/tutorial_objectstorage.py took 0.184 seconds
[2025-09-21T12:17:58.961+0000] {processor.py:161} INFO - Started process (PID=3686) to work on /home/airflow/.local/lib/python3.8/site-packages/airflow/example_dags/tutorial_objectstorage.py
[2025-09-21T12:17:58.963+0000] {processor.py:830} INFO - Processing file /home/airflow/.local/lib/python3.8/site-packages/airflow/example_dags/tutorial_objectstorage.py for tasks to queue
[2025-09-21T12:17:58.967+0000] {logging_mixin.py:188} INFO - [2025-09-21T12:17:58.966+0000] {dagbag.py:538} INFO - Filling up the DagBag from /home/airflow/.local/lib/python3.8/site-packages/airflow/example_dags/tutorial_objectstorage.py
[2025-09-21T12:17:58.979+0000] {processor.py:840} INFO - DAG(s) 'tutorial_objectstorage' retrieved from /home/airflow/.local/lib/python3.8/site-packages/airflow/example_dags/tutorial_objectstorage.py
[2025-09-21T12:17:59.016+0000] {logging_mixin.py:188} INFO - [2025-09-21T12:17:59.016+0000] {dag.py:3036} INFO - Sync 1 DAGs
[2025-09-21T12:17:59.040+0000] {logging_mixin.py:188} INFO - [2025-09-21T12:17:59.040+0000] {dag.py:3823} INFO - Setting next_dagrun for tutorial_objectstorage to None, run_after=None
[2025-09-21T12:17:59.081+0000] {processor.py:183} INFO - Processing /home/airflow/.local/lib/python3.8/site-packages/airflow/example_dags/tutorial_objectstorage.py took 0.126 seconds
[2025-09-21T12:18:29.655+0000] {processor.py:161} INFO - Started process (PID=3744) to work on /home/airflow/.local/lib/python3.8/site-packages/airflow/example_dags/tutorial_objectstorage.py
[2025-09-21T12:18:29.657+0000] {processor.py:830} INFO - Processing file /home/airflow/.local/lib/python3.8/site-packages/airflow/example_dags/tutorial_objectstorage.py for tasks to queue
[2025-09-21T12:18:29.660+0000] {logging_mixin.py:188} INFO - [2025-09-21T12:18:29.660+0000] {dagbag.py:538} INFO - Filling up the DagBag from /home/airflow/.local/lib/python3.8/site-packages/airflow/example_dags/tutorial_objectstorage.py
[2025-09-21T12:18:29.672+0000] {processor.py:840} INFO - DAG(s) 'tutorial_objectstorage' retrieved from /home/airflow/.local/lib/python3.8/site-packages/airflow/example_dags/tutorial_objectstorage.py
[2025-09-21T12:18:29.711+0000] {logging_mixin.py:188} INFO - [2025-09-21T12:18:29.710+0000] {dag.py:3036} INFO - Sync 1 DAGs
[2025-09-21T12:18:29.734+0000] {logging_mixin.py:188} INFO - [2025-09-21T12:18:29.734+0000] {dag.py:3823} INFO - Setting next_dagrun for tutorial_objectstorage to None, run_after=None
[2025-09-21T12:18:29.774+0000] {processor.py:183} INFO - Processing /home/airflow/.local/lib/python3.8/site-packages/airflow/example_dags/tutorial_objectstorage.py took 0.125 seconds
[2025-09-21T12:19:00.374+0000] {processor.py:161} INFO - Started process (PID=3802) to work on /home/airflow/.local/lib/python3.8/site-packages/airflow/example_dags/tutorial_objectstorage.py
[2025-09-21T12:19:00.377+0000] {processor.py:830} INFO - Processing file /home/airflow/.local/lib/python3.8/site-packages/airflow/example_dags/tutorial_objectstorage.py for tasks to queue
[2025-09-21T12:19:00.381+0000] {logging_mixin.py:188} INFO - [2025-09-21T12:19:00.380+0000] {dagbag.py:538} INFO - Filling up the DagBag from /home/airflow/.local/lib/python3.8/site-packages/airflow/example_dags/tutorial_objectstorage.py
[2025-09-21T12:19:00.397+0000] {processor.py:840} INFO - DAG(s) 'tutorial_objectstorage' retrieved from /home/airflow/.local/lib/python3.8/site-packages/airflow/example_dags/tutorial_objectstorage.py
[2025-09-21T12:19:00.441+0000] {logging_mixin.py:188} INFO - [2025-09-21T12:19:00.441+0000] {dag.py:3036} INFO - Sync 1 DAGs
[2025-09-21T12:19:00.476+0000] {logging_mixin.py:188} INFO - [2025-09-21T12:19:00.476+0000] {dag.py:3823} INFO - Setting next_dagrun for tutorial_objectstorage to None, run_after=None
[2025-09-21T12:19:00.520+0000] {processor.py:183} INFO - Processing /home/airflow/.local/lib/python3.8/site-packages/airflow/example_dags/tutorial_objectstorage.py took 0.154 seconds
[2025-09-21T12:21:58.896+0000] {processor.py:161} INFO - Started process (PID=92) to work on /home/airflow/.local/lib/python3.8/site-packages/airflow/example_dags/tutorial_objectstorage.py
[2025-09-21T12:21:58.898+0000] {processor.py:830} INFO - Processing file /home/airflow/.local/lib/python3.8/site-packages/airflow/example_dags/tutorial_objectstorage.py for tasks to queue
[2025-09-21T12:21:58.902+0000] {logging_mixin.py:188} INFO - [2025-09-21T12:21:58.902+0000] {dagbag.py:538} INFO - Filling up the DagBag from /home/airflow/.local/lib/python3.8/site-packages/airflow/example_dags/tutorial_objectstorage.py
[2025-09-21T12:21:58.920+0000] {processor.py:840} INFO - DAG(s) 'tutorial_objectstorage' retrieved from /home/airflow/.local/lib/python3.8/site-packages/airflow/example_dags/tutorial_objectstorage.py
[2025-09-21T12:21:59.166+0000] {logging_mixin.py:188} INFO - [2025-09-21T12:21:59.165+0000] {override.py:1769} INFO - Created Permission View: can delete on DAG:tutorial_objectstorage
[2025-09-21T12:21:59.188+0000] {logging_mixin.py:188} INFO - [2025-09-21T12:21:59.186+0000] {override.py:1769} INFO - Created Permission View: can edit on DAG:tutorial_objectstorage
[2025-09-21T12:21:59.204+0000] {logging_mixin.py:188} INFO - [2025-09-21T12:21:59.203+0000] {override.py:1769} INFO - Created Permission View: can read on DAG:tutorial_objectstorage
[2025-09-21T12:21:59.205+0000] {logging_mixin.py:188} INFO - [2025-09-21T12:21:59.205+0000] {dag.py:3036} INFO - Sync 1 DAGs
[2025-09-21T12:21:59.237+0000] {logging_mixin.py:188} INFO - [2025-09-21T12:21:59.236+0000] {dag.py:3058} INFO - Creating ORM DAG for tutorial_objectstorage
[2025-09-21T12:21:59.239+0000] {logging_mixin.py:188} INFO - [2025-09-21T12:21:59.239+0000] {dag.py:3823} INFO - Setting next_dagrun for tutorial_objectstorage to None, run_after=None
[2025-09-21T12:21:59.286+0000] {processor.py:183} INFO - Processing /home/airflow/.local/lib/python3.8/site-packages/airflow/example_dags/tutorial_objectstorage.py took 0.396 seconds
[2025-09-21T12:22:29.882+0000] {processor.py:161} INFO - Started process (PID=150) to work on /home/airflow/.local/lib/python3.8/site-packages/airflow/example_dags/tutorial_objectstorage.py
[2025-09-21T12:22:29.885+0000] {processor.py:830} INFO - Processing file /home/airflow/.local/lib/python3.8/site-packages/airflow/example_dags/tutorial_objectstorage.py for tasks to queue
[2025-09-21T12:22:29.888+0000] {logging_mixin.py:188} INFO - [2025-09-21T12:22:29.888+0000] {dagbag.py:538} INFO - Filling up the DagBag from /home/airflow/.local/lib/python3.8/site-packages/airflow/example_dags/tutorial_objectstorage.py
[2025-09-21T12:22:29.900+0000] {processor.py:840} INFO - DAG(s) 'tutorial_objectstorage' retrieved from /home/airflow/.local/lib/python3.8/site-packages/airflow/example_dags/tutorial_objectstorage.py
[2025-09-21T12:22:29.933+0000] {logging_mixin.py:188} INFO - [2025-09-21T12:22:29.933+0000] {dag.py:3036} INFO - Sync 1 DAGs
[2025-09-21T12:22:29.957+0000] {logging_mixin.py:188} INFO - [2025-09-21T12:22:29.957+0000] {dag.py:3823} INFO - Setting next_dagrun for tutorial_objectstorage to None, run_after=None
[2025-09-21T12:22:30.009+0000] {processor.py:183} INFO - Processing /home/airflow/.local/lib/python3.8/site-packages/airflow/example_dags/tutorial_objectstorage.py took 0.137 seconds
[2025-09-21T12:23:01.129+0000] {processor.py:161} INFO - Started process (PID=208) to work on /home/airflow/.local/lib/python3.8/site-packages/airflow/example_dags/tutorial_objectstorage.py
[2025-09-21T12:23:01.131+0000] {processor.py:830} INFO - Processing file /home/airflow/.local/lib/python3.8/site-packages/airflow/example_dags/tutorial_objectstorage.py for tasks to queue
[2025-09-21T12:23:01.135+0000] {logging_mixin.py:188} INFO - [2025-09-21T12:23:01.134+0000] {dagbag.py:538} INFO - Filling up the DagBag from /home/airflow/.local/lib/python3.8/site-packages/airflow/example_dags/tutorial_objectstorage.py
[2025-09-21T12:23:01.148+0000] {processor.py:840} INFO - DAG(s) 'tutorial_objectstorage' retrieved from /home/airflow/.local/lib/python3.8/site-packages/airflow/example_dags/tutorial_objectstorage.py
[2025-09-21T12:23:01.187+0000] {logging_mixin.py:188} INFO - [2025-09-21T12:23:01.187+0000] {dag.py:3036} INFO - Sync 1 DAGs
[2025-09-21T12:23:01.224+0000] {logging_mixin.py:188} INFO - [2025-09-21T12:23:01.224+0000] {dag.py:3823} INFO - Setting next_dagrun for tutorial_objectstorage to None, run_after=None
[2025-09-21T12:23:01.269+0000] {processor.py:183} INFO - Processing /home/airflow/.local/lib/python3.8/site-packages/airflow/example_dags/tutorial_objectstorage.py took 0.145 seconds
[2025-09-21T12:23:32.845+0000] {processor.py:161} INFO - Started process (PID=266) to work on /home/airflow/.local/lib/python3.8/site-packages/airflow/example_dags/tutorial_objectstorage.py
[2025-09-21T12:23:32.847+0000] {processor.py:830} INFO - Processing file /home/airflow/.local/lib/python3.8/site-packages/airflow/example_dags/tutorial_objectstorage.py for tasks to queue
[2025-09-21T12:23:32.850+0000] {logging_mixin.py:188} INFO - [2025-09-21T12:23:32.850+0000] {dagbag.py:538} INFO - Filling up the DagBag from /home/airflow/.local/lib/python3.8/site-packages/airflow/example_dags/tutorial_objectstorage.py
[2025-09-21T12:23:32.864+0000] {processor.py:840} INFO - DAG(s) 'tutorial_objectstorage' retrieved from /home/airflow/.local/lib/python3.8/site-packages/airflow/example_dags/tutorial_objectstorage.py
[2025-09-21T12:23:32.898+0000] {logging_mixin.py:188} INFO - [2025-09-21T12:23:32.897+0000] {dag.py:3036} INFO - Sync 1 DAGs
[2025-09-21T12:23:32.931+0000] {logging_mixin.py:188} INFO - [2025-09-21T12:23:32.930+0000] {dag.py:3823} INFO - Setting next_dagrun for tutorial_objectstorage to None, run_after=None
[2025-09-21T12:23:32.984+0000] {processor.py:183} INFO - Processing /home/airflow/.local/lib/python3.8/site-packages/airflow/example_dags/tutorial_objectstorage.py took 0.147 seconds
[2025-09-21T12:24:04.516+0000] {processor.py:161} INFO - Started process (PID=324) to work on /home/airflow/.local/lib/python3.8/site-packages/airflow/example_dags/tutorial_objectstorage.py
[2025-09-21T12:24:04.520+0000] {processor.py:830} INFO - Processing file /home/airflow/.local/lib/python3.8/site-packages/airflow/example_dags/tutorial_objectstorage.py for tasks to queue
[2025-09-21T12:24:04.526+0000] {logging_mixin.py:188} INFO - [2025-09-21T12:24:04.525+0000] {dagbag.py:538} INFO - Filling up the DagBag from /home/airflow/.local/lib/python3.8/site-packages/airflow/example_dags/tutorial_objectstorage.py
[2025-09-21T12:24:04.549+0000] {processor.py:840} INFO - DAG(s) 'tutorial_objectstorage' retrieved from /home/airflow/.local/lib/python3.8/site-packages/airflow/example_dags/tutorial_objectstorage.py
[2025-09-21T12:24:04.610+0000] {logging_mixin.py:188} INFO - [2025-09-21T12:24:04.610+0000] {dag.py:3036} INFO - Sync 1 DAGs
[2025-09-21T12:24:04.650+0000] {logging_mixin.py:188} INFO - [2025-09-21T12:24:04.649+0000] {dag.py:3823} INFO - Setting next_dagrun for tutorial_objectstorage to None, run_after=None
[2025-09-21T12:24:04.712+0000] {processor.py:183} INFO - Processing /home/airflow/.local/lib/python3.8/site-packages/airflow/example_dags/tutorial_objectstorage.py took 0.207 seconds
[2025-09-21T12:24:35.325+0000] {processor.py:161} INFO - Started process (PID=382) to work on /home/airflow/.local/lib/python3.8/site-packages/airflow/example_dags/tutorial_objectstorage.py
[2025-09-21T12:24:35.328+0000] {processor.py:830} INFO - Processing file /home/airflow/.local/lib/python3.8/site-packages/airflow/example_dags/tutorial_objectstorage.py for tasks to queue
[2025-09-21T12:24:35.333+0000] {logging_mixin.py:188} INFO - [2025-09-21T12:24:35.332+0000] {dagbag.py:538} INFO - Filling up the DagBag from /home/airflow/.local/lib/python3.8/site-packages/airflow/example_dags/tutorial_objectstorage.py
[2025-09-21T12:24:35.351+0000] {processor.py:840} INFO - DAG(s) 'tutorial_objectstorage' retrieved from /home/airflow/.local/lib/python3.8/site-packages/airflow/example_dags/tutorial_objectstorage.py
[2025-09-21T12:24:35.400+0000] {logging_mixin.py:188} INFO - [2025-09-21T12:24:35.399+0000] {dag.py:3036} INFO - Sync 1 DAGs
[2025-09-21T12:24:35.432+0000] {logging_mixin.py:188} INFO - [2025-09-21T12:24:35.432+0000] {dag.py:3823} INFO - Setting next_dagrun for tutorial_objectstorage to None, run_after=None
[2025-09-21T12:24:35.485+0000] {processor.py:183} INFO - Processing /home/airflow/.local/lib/python3.8/site-packages/airflow/example_dags/tutorial_objectstorage.py took 0.168 seconds
[2025-09-21T12:25:05.621+0000] {processor.py:161} INFO - Started process (PID=439) to work on /home/airflow/.local/lib/python3.8/site-packages/airflow/example_dags/tutorial_objectstorage.py
[2025-09-21T12:25:05.623+0000] {processor.py:830} INFO - Processing file /home/airflow/.local/lib/python3.8/site-packages/airflow/example_dags/tutorial_objectstorage.py for tasks to queue
[2025-09-21T12:25:05.627+0000] {logging_mixin.py:188} INFO - [2025-09-21T12:25:05.626+0000] {dagbag.py:538} INFO - Filling up the DagBag from /home/airflow/.local/lib/python3.8/site-packages/airflow/example_dags/tutorial_objectstorage.py
[2025-09-21T12:25:05.640+0000] {processor.py:840} INFO - DAG(s) 'tutorial_objectstorage' retrieved from /home/airflow/.local/lib/python3.8/site-packages/airflow/example_dags/tutorial_objectstorage.py
[2025-09-21T12:25:05.685+0000] {logging_mixin.py:188} INFO - [2025-09-21T12:25:05.684+0000] {dag.py:3036} INFO - Sync 1 DAGs
[2025-09-21T12:25:05.717+0000] {logging_mixin.py:188} INFO - [2025-09-21T12:25:05.716+0000] {dag.py:3823} INFO - Setting next_dagrun for tutorial_objectstorage to None, run_after=None
[2025-09-21T12:25:05.754+0000] {processor.py:183} INFO - Processing /home/airflow/.local/lib/python3.8/site-packages/airflow/example_dags/tutorial_objectstorage.py took 0.139 seconds
[2025-09-21T12:25:37.010+0000] {processor.py:161} INFO - Started process (PID=496) to work on /home/airflow/.local/lib/python3.8/site-packages/airflow/example_dags/tutorial_objectstorage.py
[2025-09-21T12:25:37.014+0000] {processor.py:830} INFO - Processing file /home/airflow/.local/lib/python3.8/site-packages/airflow/example_dags/tutorial_objectstorage.py for tasks to queue
[2025-09-21T12:25:37.019+0000] {logging_mixin.py:188} INFO - [2025-09-21T12:25:37.018+0000] {dagbag.py:538} INFO - Filling up the DagBag from /home/airflow/.local/lib/python3.8/site-packages/airflow/example_dags/tutorial_objectstorage.py
[2025-09-21T12:25:37.036+0000] {processor.py:840} INFO - DAG(s) 'tutorial_objectstorage' retrieved from /home/airflow/.local/lib/python3.8/site-packages/airflow/example_dags/tutorial_objectstorage.py
[2025-09-21T12:25:37.078+0000] {logging_mixin.py:188} INFO - [2025-09-21T12:25:37.077+0000] {dag.py:3036} INFO - Sync 1 DAGs
[2025-09-21T12:25:37.110+0000] {logging_mixin.py:188} INFO - [2025-09-21T12:25:37.110+0000] {dag.py:3823} INFO - Setting next_dagrun for tutorial_objectstorage to None, run_after=None
[2025-09-21T12:25:37.154+0000] {processor.py:183} INFO - Processing /home/airflow/.local/lib/python3.8/site-packages/airflow/example_dags/tutorial_objectstorage.py took 0.155 seconds
[2025-09-21T12:26:07.969+0000] {processor.py:161} INFO - Started process (PID=554) to work on /home/airflow/.local/lib/python3.8/site-packages/airflow/example_dags/tutorial_objectstorage.py
[2025-09-21T12:26:07.973+0000] {processor.py:830} INFO - Processing file /home/airflow/.local/lib/python3.8/site-packages/airflow/example_dags/tutorial_objectstorage.py for tasks to queue
[2025-09-21T12:26:07.981+0000] {logging_mixin.py:188} INFO - [2025-09-21T12:26:07.980+0000] {dagbag.py:538} INFO - Filling up the DagBag from /home/airflow/.local/lib/python3.8/site-packages/airflow/example_dags/tutorial_objectstorage.py
[2025-09-21T12:26:08.011+0000] {processor.py:840} INFO - DAG(s) 'tutorial_objectstorage' retrieved from /home/airflow/.local/lib/python3.8/site-packages/airflow/example_dags/tutorial_objectstorage.py
[2025-09-21T12:26:08.096+0000] {logging_mixin.py:188} INFO - [2025-09-21T12:26:08.096+0000] {dag.py:3036} INFO - Sync 1 DAGs
[2025-09-21T12:26:08.162+0000] {logging_mixin.py:188} INFO - [2025-09-21T12:26:08.161+0000] {dag.py:3823} INFO - Setting next_dagrun for tutorial_objectstorage to None, run_after=None
[2025-09-21T12:26:08.253+0000] {processor.py:183} INFO - Processing /home/airflow/.local/lib/python3.8/site-packages/airflow/example_dags/tutorial_objectstorage.py took 0.296 seconds
[2025-09-21T12:26:38.779+0000] {processor.py:161} INFO - Started process (PID=612) to work on /home/airflow/.local/lib/python3.8/site-packages/airflow/example_dags/tutorial_objectstorage.py
[2025-09-21T12:26:38.784+0000] {processor.py:830} INFO - Processing file /home/airflow/.local/lib/python3.8/site-packages/airflow/example_dags/tutorial_objectstorage.py for tasks to queue
[2025-09-21T12:26:38.793+0000] {logging_mixin.py:188} INFO - [2025-09-21T12:26:38.791+0000] {dagbag.py:538} INFO - Filling up the DagBag from /home/airflow/.local/lib/python3.8/site-packages/airflow/example_dags/tutorial_objectstorage.py
[2025-09-21T12:26:38.828+0000] {processor.py:840} INFO - DAG(s) 'tutorial_objectstorage' retrieved from /home/airflow/.local/lib/python3.8/site-packages/airflow/example_dags/tutorial_objectstorage.py
[2025-09-21T12:26:38.913+0000] {logging_mixin.py:188} INFO - [2025-09-21T12:26:38.912+0000] {dag.py:3036} INFO - Sync 1 DAGs
[2025-09-21T12:26:38.968+0000] {logging_mixin.py:188} INFO - [2025-09-21T12:26:38.967+0000] {dag.py:3823} INFO - Setting next_dagrun for tutorial_objectstorage to None, run_after=None
[2025-09-21T12:26:39.056+0000] {processor.py:183} INFO - Processing /home/airflow/.local/lib/python3.8/site-packages/airflow/example_dags/tutorial_objectstorage.py took 0.290 seconds
[2025-09-21T12:27:09.191+0000] {processor.py:161} INFO - Started process (PID=669) to work on /home/airflow/.local/lib/python3.8/site-packages/airflow/example_dags/tutorial_objectstorage.py
[2025-09-21T12:27:09.196+0000] {processor.py:830} INFO - Processing file /home/airflow/.local/lib/python3.8/site-packages/airflow/example_dags/tutorial_objectstorage.py for tasks to queue
[2025-09-21T12:27:09.205+0000] {logging_mixin.py:188} INFO - [2025-09-21T12:27:09.203+0000] {dagbag.py:538} INFO - Filling up the DagBag from /home/airflow/.local/lib/python3.8/site-packages/airflow/example_dags/tutorial_objectstorage.py
[2025-09-21T12:27:09.234+0000] {processor.py:840} INFO - DAG(s) 'tutorial_objectstorage' retrieved from /home/airflow/.local/lib/python3.8/site-packages/airflow/example_dags/tutorial_objectstorage.py
[2025-09-21T12:27:09.325+0000] {logging_mixin.py:188} INFO - [2025-09-21T12:27:09.324+0000] {dag.py:3036} INFO - Sync 1 DAGs
[2025-09-21T12:27:09.384+0000] {logging_mixin.py:188} INFO - [2025-09-21T12:27:09.383+0000] {dag.py:3823} INFO - Setting next_dagrun for tutorial_objectstorage to None, run_after=None
[2025-09-21T12:27:09.489+0000] {processor.py:183} INFO - Processing /home/airflow/.local/lib/python3.8/site-packages/airflow/example_dags/tutorial_objectstorage.py took 0.311 seconds
[2025-09-21T12:27:40.420+0000] {processor.py:161} INFO - Started process (PID=728) to work on /home/airflow/.local/lib/python3.8/site-packages/airflow/example_dags/tutorial_objectstorage.py
[2025-09-21T12:27:40.425+0000] {processor.py:830} INFO - Processing file /home/airflow/.local/lib/python3.8/site-packages/airflow/example_dags/tutorial_objectstorage.py for tasks to queue
[2025-09-21T12:27:40.433+0000] {logging_mixin.py:188} INFO - [2025-09-21T12:27:40.432+0000] {dagbag.py:538} INFO - Filling up the DagBag from /home/airflow/.local/lib/python3.8/site-packages/airflow/example_dags/tutorial_objectstorage.py
[2025-09-21T12:27:40.466+0000] {processor.py:840} INFO - DAG(s) 'tutorial_objectstorage' retrieved from /home/airflow/.local/lib/python3.8/site-packages/airflow/example_dags/tutorial_objectstorage.py
[2025-09-21T12:27:40.554+0000] {logging_mixin.py:188} INFO - [2025-09-21T12:27:40.553+0000] {dag.py:3036} INFO - Sync 1 DAGs
[2025-09-21T12:27:40.621+0000] {logging_mixin.py:188} INFO - [2025-09-21T12:27:40.620+0000] {dag.py:3823} INFO - Setting next_dagrun for tutorial_objectstorage to None, run_after=None
[2025-09-21T12:27:40.711+0000] {processor.py:183} INFO - Processing /home/airflow/.local/lib/python3.8/site-packages/airflow/example_dags/tutorial_objectstorage.py took 0.303 seconds
[2025-09-21T12:28:11.048+0000] {processor.py:161} INFO - Started process (PID=786) to work on /home/airflow/.local/lib/python3.8/site-packages/airflow/example_dags/tutorial_objectstorage.py
[2025-09-21T12:28:11.050+0000] {processor.py:830} INFO - Processing file /home/airflow/.local/lib/python3.8/site-packages/airflow/example_dags/tutorial_objectstorage.py for tasks to queue
[2025-09-21T12:28:11.054+0000] {logging_mixin.py:188} INFO - [2025-09-21T12:28:11.054+0000] {dagbag.py:538} INFO - Filling up the DagBag from /home/airflow/.local/lib/python3.8/site-packages/airflow/example_dags/tutorial_objectstorage.py
[2025-09-21T12:28:11.075+0000] {processor.py:840} INFO - DAG(s) 'tutorial_objectstorage' retrieved from /home/airflow/.local/lib/python3.8/site-packages/airflow/example_dags/tutorial_objectstorage.py
[2025-09-21T12:28:11.121+0000] {logging_mixin.py:188} INFO - [2025-09-21T12:28:11.121+0000] {dag.py:3036} INFO - Sync 1 DAGs
[2025-09-21T12:28:11.153+0000] {logging_mixin.py:188} INFO - [2025-09-21T12:28:11.152+0000] {dag.py:3823} INFO - Setting next_dagrun for tutorial_objectstorage to None, run_after=None
[2025-09-21T12:28:11.191+0000] {processor.py:183} INFO - Processing /home/airflow/.local/lib/python3.8/site-packages/airflow/example_dags/tutorial_objectstorage.py took 0.152 seconds
[2025-09-21T12:28:41.973+0000] {processor.py:161} INFO - Started process (PID=844) to work on /home/airflow/.local/lib/python3.8/site-packages/airflow/example_dags/tutorial_objectstorage.py
[2025-09-21T12:28:41.975+0000] {processor.py:830} INFO - Processing file /home/airflow/.local/lib/python3.8/site-packages/airflow/example_dags/tutorial_objectstorage.py for tasks to queue
[2025-09-21T12:28:41.979+0000] {logging_mixin.py:188} INFO - [2025-09-21T12:28:41.978+0000] {dagbag.py:538} INFO - Filling up the DagBag from /home/airflow/.local/lib/python3.8/site-packages/airflow/example_dags/tutorial_objectstorage.py
[2025-09-21T12:28:41.991+0000] {processor.py:840} INFO - DAG(s) 'tutorial_objectstorage' retrieved from /home/airflow/.local/lib/python3.8/site-packages/airflow/example_dags/tutorial_objectstorage.py
[2025-09-21T12:28:42.027+0000] {logging_mixin.py:188} INFO - [2025-09-21T12:28:42.027+0000] {dag.py:3036} INFO - Sync 1 DAGs
[2025-09-21T12:28:42.050+0000] {logging_mixin.py:188} INFO - [2025-09-21T12:28:42.050+0000] {dag.py:3823} INFO - Setting next_dagrun for tutorial_objectstorage to None, run_after=None
[2025-09-21T12:28:42.092+0000] {processor.py:183} INFO - Processing /home/airflow/.local/lib/python3.8/site-packages/airflow/example_dags/tutorial_objectstorage.py took 0.125 seconds
[2025-09-21T12:29:12.839+0000] {processor.py:161} INFO - Started process (PID=902) to work on /home/airflow/.local/lib/python3.8/site-packages/airflow/example_dags/tutorial_objectstorage.py
[2025-09-21T12:29:12.853+0000] {processor.py:830} INFO - Processing file /home/airflow/.local/lib/python3.8/site-packages/airflow/example_dags/tutorial_objectstorage.py for tasks to queue
[2025-09-21T12:29:12.862+0000] {logging_mixin.py:188} INFO - [2025-09-21T12:29:12.861+0000] {dagbag.py:538} INFO - Filling up the DagBag from /home/airflow/.local/lib/python3.8/site-packages/airflow/example_dags/tutorial_objectstorage.py
[2025-09-21T12:29:12.910+0000] {processor.py:840} INFO - DAG(s) 'tutorial_objectstorage' retrieved from /home/airflow/.local/lib/python3.8/site-packages/airflow/example_dags/tutorial_objectstorage.py
[2025-09-21T12:29:13.000+0000] {logging_mixin.py:188} INFO - [2025-09-21T12:29:13.000+0000] {dag.py:3036} INFO - Sync 1 DAGs
[2025-09-21T12:29:13.049+0000] {logging_mixin.py:188} INFO - [2025-09-21T12:29:13.048+0000] {dag.py:3823} INFO - Setting next_dagrun for tutorial_objectstorage to None, run_after=None
[2025-09-21T12:29:13.171+0000] {processor.py:183} INFO - Processing /home/airflow/.local/lib/python3.8/site-packages/airflow/example_dags/tutorial_objectstorage.py took 0.340 seconds
[2025-09-21T12:29:43.964+0000] {processor.py:161} INFO - Started process (PID=960) to work on /home/airflow/.local/lib/python3.8/site-packages/airflow/example_dags/tutorial_objectstorage.py
[2025-09-21T12:29:43.967+0000] {processor.py:830} INFO - Processing file /home/airflow/.local/lib/python3.8/site-packages/airflow/example_dags/tutorial_objectstorage.py for tasks to queue
[2025-09-21T12:29:43.970+0000] {logging_mixin.py:188} INFO - [2025-09-21T12:29:43.970+0000] {dagbag.py:538} INFO - Filling up the DagBag from /home/airflow/.local/lib/python3.8/site-packages/airflow/example_dags/tutorial_objectstorage.py
[2025-09-21T12:29:43.983+0000] {processor.py:840} INFO - DAG(s) 'tutorial_objectstorage' retrieved from /home/airflow/.local/lib/python3.8/site-packages/airflow/example_dags/tutorial_objectstorage.py
[2025-09-21T12:29:44.023+0000] {logging_mixin.py:188} INFO - [2025-09-21T12:29:44.022+0000] {dag.py:3036} INFO - Sync 1 DAGs
[2025-09-21T12:29:44.050+0000] {logging_mixin.py:188} INFO - [2025-09-21T12:29:44.050+0000] {dag.py:3823} INFO - Setting next_dagrun for tutorial_objectstorage to None, run_after=None
[2025-09-21T12:29:44.098+0000] {processor.py:183} INFO - Processing /home/airflow/.local/lib/python3.8/site-packages/airflow/example_dags/tutorial_objectstorage.py took 0.141 seconds
[2025-09-21T12:30:14.271+0000] {processor.py:161} INFO - Started process (PID=1017) to work on /home/airflow/.local/lib/python3.8/site-packages/airflow/example_dags/tutorial_objectstorage.py
[2025-09-21T12:30:14.273+0000] {processor.py:830} INFO - Processing file /home/airflow/.local/lib/python3.8/site-packages/airflow/example_dags/tutorial_objectstorage.py for tasks to queue
[2025-09-21T12:30:14.277+0000] {logging_mixin.py:188} INFO - [2025-09-21T12:30:14.277+0000] {dagbag.py:538} INFO - Filling up the DagBag from /home/airflow/.local/lib/python3.8/site-packages/airflow/example_dags/tutorial_objectstorage.py
[2025-09-21T12:30:14.295+0000] {processor.py:840} INFO - DAG(s) 'tutorial_objectstorage' retrieved from /home/airflow/.local/lib/python3.8/site-packages/airflow/example_dags/tutorial_objectstorage.py
[2025-09-21T12:30:14.335+0000] {logging_mixin.py:188} INFO - [2025-09-21T12:30:14.334+0000] {dag.py:3036} INFO - Sync 1 DAGs
[2025-09-21T12:30:14.361+0000] {logging_mixin.py:188} INFO - [2025-09-21T12:30:14.360+0000] {dag.py:3823} INFO - Setting next_dagrun for tutorial_objectstorage to None, run_after=None
[2025-09-21T12:30:14.398+0000] {processor.py:183} INFO - Processing /home/airflow/.local/lib/python3.8/site-packages/airflow/example_dags/tutorial_objectstorage.py took 0.135 seconds
[2025-09-21T12:30:44.882+0000] {processor.py:161} INFO - Started process (PID=1075) to work on /home/airflow/.local/lib/python3.8/site-packages/airflow/example_dags/tutorial_objectstorage.py
[2025-09-21T12:30:44.887+0000] {processor.py:830} INFO - Processing file /home/airflow/.local/lib/python3.8/site-packages/airflow/example_dags/tutorial_objectstorage.py for tasks to queue
[2025-09-21T12:30:44.896+0000] {logging_mixin.py:188} INFO - [2025-09-21T12:30:44.895+0000] {dagbag.py:538} INFO - Filling up the DagBag from /home/airflow/.local/lib/python3.8/site-packages/airflow/example_dags/tutorial_objectstorage.py
[2025-09-21T12:30:44.936+0000] {processor.py:840} INFO - DAG(s) 'tutorial_objectstorage' retrieved from /home/airflow/.local/lib/python3.8/site-packages/airflow/example_dags/tutorial_objectstorage.py
[2025-09-21T12:30:45.027+0000] {logging_mixin.py:188} INFO - [2025-09-21T12:30:45.026+0000] {dag.py:3036} INFO - Sync 1 DAGs
[2025-09-21T12:30:45.089+0000] {logging_mixin.py:188} INFO - [2025-09-21T12:30:45.088+0000] {dag.py:3823} INFO - Setting next_dagrun for tutorial_objectstorage to None, run_after=None
[2025-09-21T12:30:45.179+0000] {processor.py:183} INFO - Processing /home/airflow/.local/lib/python3.8/site-packages/airflow/example_dags/tutorial_objectstorage.py took 0.311 seconds
[2025-09-21T12:31:15.302+0000] {processor.py:161} INFO - Started process (PID=1132) to work on /home/airflow/.local/lib/python3.8/site-packages/airflow/example_dags/tutorial_objectstorage.py
[2025-09-21T12:31:15.305+0000] {processor.py:830} INFO - Processing file /home/airflow/.local/lib/python3.8/site-packages/airflow/example_dags/tutorial_objectstorage.py for tasks to queue
[2025-09-21T12:31:15.309+0000] {logging_mixin.py:188} INFO - [2025-09-21T12:31:15.308+0000] {dagbag.py:538} INFO - Filling up the DagBag from /home/airflow/.local/lib/python3.8/site-packages/airflow/example_dags/tutorial_objectstorage.py
[2025-09-21T12:31:15.323+0000] {processor.py:840} INFO - DAG(s) 'tutorial_objectstorage' retrieved from /home/airflow/.local/lib/python3.8/site-packages/airflow/example_dags/tutorial_objectstorage.py
[2025-09-21T12:31:15.363+0000] {logging_mixin.py:188} INFO - [2025-09-21T12:31:15.363+0000] {dag.py:3036} INFO - Sync 1 DAGs
[2025-09-21T12:31:15.396+0000] {logging_mixin.py:188} INFO - [2025-09-21T12:31:15.395+0000] {dag.py:3823} INFO - Setting next_dagrun for tutorial_objectstorage to None, run_after=None
[2025-09-21T12:31:15.454+0000] {processor.py:183} INFO - Processing /home/airflow/.local/lib/python3.8/site-packages/airflow/example_dags/tutorial_objectstorage.py took 0.159 seconds
[2025-09-21T12:31:45.783+0000] {processor.py:161} INFO - Started process (PID=1190) to work on /home/airflow/.local/lib/python3.8/site-packages/airflow/example_dags/tutorial_objectstorage.py
[2025-09-21T12:31:45.787+0000] {processor.py:830} INFO - Processing file /home/airflow/.local/lib/python3.8/site-packages/airflow/example_dags/tutorial_objectstorage.py for tasks to queue
[2025-09-21T12:31:45.796+0000] {logging_mixin.py:188} INFO - [2025-09-21T12:31:45.794+0000] {dagbag.py:538} INFO - Filling up the DagBag from /home/airflow/.local/lib/python3.8/site-packages/airflow/example_dags/tutorial_objectstorage.py
[2025-09-21T12:31:45.827+0000] {processor.py:840} INFO - DAG(s) 'tutorial_objectstorage' retrieved from /home/airflow/.local/lib/python3.8/site-packages/airflow/example_dags/tutorial_objectstorage.py
[2025-09-21T12:31:45.918+0000] {logging_mixin.py:188} INFO - [2025-09-21T12:31:45.917+0000] {dag.py:3036} INFO - Sync 1 DAGs
[2025-09-21T12:31:45.982+0000] {logging_mixin.py:188} INFO - [2025-09-21T12:31:45.981+0000] {dag.py:3823} INFO - Setting next_dagrun for tutorial_objectstorage to None, run_after=None
[2025-09-21T12:31:46.069+0000] {processor.py:183} INFO - Processing /home/airflow/.local/lib/python3.8/site-packages/airflow/example_dags/tutorial_objectstorage.py took 0.301 seconds
[2025-09-21T12:32:16.342+0000] {processor.py:161} INFO - Started process (PID=1248) to work on /home/airflow/.local/lib/python3.8/site-packages/airflow/example_dags/tutorial_objectstorage.py
[2025-09-21T12:32:16.344+0000] {processor.py:830} INFO - Processing file /home/airflow/.local/lib/python3.8/site-packages/airflow/example_dags/tutorial_objectstorage.py for tasks to queue
[2025-09-21T12:32:16.348+0000] {logging_mixin.py:188} INFO - [2025-09-21T12:32:16.347+0000] {dagbag.py:538} INFO - Filling up the DagBag from /home/airflow/.local/lib/python3.8/site-packages/airflow/example_dags/tutorial_objectstorage.py
[2025-09-21T12:32:16.362+0000] {processor.py:840} INFO - DAG(s) 'tutorial_objectstorage' retrieved from /home/airflow/.local/lib/python3.8/site-packages/airflow/example_dags/tutorial_objectstorage.py
[2025-09-21T12:32:16.400+0000] {logging_mixin.py:188} INFO - [2025-09-21T12:32:16.400+0000] {dag.py:3036} INFO - Sync 1 DAGs
[2025-09-21T12:32:16.431+0000] {logging_mixin.py:188} INFO - [2025-09-21T12:32:16.431+0000] {dag.py:3823} INFO - Setting next_dagrun for tutorial_objectstorage to None, run_after=None
[2025-09-21T12:32:16.475+0000] {processor.py:183} INFO - Processing /home/airflow/.local/lib/python3.8/site-packages/airflow/example_dags/tutorial_objectstorage.py took 0.140 seconds
[2025-09-21T12:32:46.926+0000] {processor.py:161} INFO - Started process (PID=1307) to work on /home/airflow/.local/lib/python3.8/site-packages/airflow/example_dags/tutorial_objectstorage.py
[2025-09-21T12:32:46.929+0000] {processor.py:830} INFO - Processing file /home/airflow/.local/lib/python3.8/site-packages/airflow/example_dags/tutorial_objectstorage.py for tasks to queue
[2025-09-21T12:32:46.936+0000] {logging_mixin.py:188} INFO - [2025-09-21T12:32:46.935+0000] {dagbag.py:538} INFO - Filling up the DagBag from /home/airflow/.local/lib/python3.8/site-packages/airflow/example_dags/tutorial_objectstorage.py
[2025-09-21T12:32:46.954+0000] {processor.py:840} INFO - DAG(s) 'tutorial_objectstorage' retrieved from /home/airflow/.local/lib/python3.8/site-packages/airflow/example_dags/tutorial_objectstorage.py
[2025-09-21T12:32:47.005+0000] {logging_mixin.py:188} INFO - [2025-09-21T12:32:47.004+0000] {dag.py:3036} INFO - Sync 1 DAGs
[2025-09-21T12:32:47.036+0000] {logging_mixin.py:188} INFO - [2025-09-21T12:32:47.036+0000] {dag.py:3823} INFO - Setting next_dagrun for tutorial_objectstorage to None, run_after=None
[2025-09-21T12:32:47.093+0000] {processor.py:183} INFO - Processing /home/airflow/.local/lib/python3.8/site-packages/airflow/example_dags/tutorial_objectstorage.py took 0.178 seconds
[2025-09-21T12:33:17.500+0000] {processor.py:161} INFO - Started process (PID=1365) to work on /home/airflow/.local/lib/python3.8/site-packages/airflow/example_dags/tutorial_objectstorage.py
[2025-09-21T12:33:17.505+0000] {processor.py:830} INFO - Processing file /home/airflow/.local/lib/python3.8/site-packages/airflow/example_dags/tutorial_objectstorage.py for tasks to queue
[2025-09-21T12:33:17.513+0000] {logging_mixin.py:188} INFO - [2025-09-21T12:33:17.511+0000] {dagbag.py:538} INFO - Filling up the DagBag from /home/airflow/.local/lib/python3.8/site-packages/airflow/example_dags/tutorial_objectstorage.py
[2025-09-21T12:33:17.541+0000] {processor.py:840} INFO - DAG(s) 'tutorial_objectstorage' retrieved from /home/airflow/.local/lib/python3.8/site-packages/airflow/example_dags/tutorial_objectstorage.py
[2025-09-21T12:33:17.634+0000] {logging_mixin.py:188} INFO - [2025-09-21T12:33:17.633+0000] {dag.py:3036} INFO - Sync 1 DAGs
[2025-09-21T12:33:17.699+0000] {logging_mixin.py:188} INFO - [2025-09-21T12:33:17.698+0000] {dag.py:3823} INFO - Setting next_dagrun for tutorial_objectstorage to None, run_after=None
[2025-09-21T12:33:17.792+0000] {processor.py:183} INFO - Processing /home/airflow/.local/lib/python3.8/site-packages/airflow/example_dags/tutorial_objectstorage.py took 0.309 seconds
[2025-09-21T12:33:48.687+0000] {processor.py:161} INFO - Started process (PID=1423) to work on /home/airflow/.local/lib/python3.8/site-packages/airflow/example_dags/tutorial_objectstorage.py
[2025-09-21T12:33:48.691+0000] {processor.py:830} INFO - Processing file /home/airflow/.local/lib/python3.8/site-packages/airflow/example_dags/tutorial_objectstorage.py for tasks to queue
[2025-09-21T12:33:48.700+0000] {logging_mixin.py:188} INFO - [2025-09-21T12:33:48.698+0000] {dagbag.py:538} INFO - Filling up the DagBag from /home/airflow/.local/lib/python3.8/site-packages/airflow/example_dags/tutorial_objectstorage.py
[2025-09-21T12:33:48.733+0000] {processor.py:840} INFO - DAG(s) 'tutorial_objectstorage' retrieved from /home/airflow/.local/lib/python3.8/site-packages/airflow/example_dags/tutorial_objectstorage.py
[2025-09-21T12:33:48.846+0000] {logging_mixin.py:188} INFO - [2025-09-21T12:33:48.844+0000] {dag.py:3036} INFO - Sync 1 DAGs
[2025-09-21T12:33:48.925+0000] {logging_mixin.py:188} INFO - [2025-09-21T12:33:48.923+0000] {dag.py:3823} INFO - Setting next_dagrun for tutorial_objectstorage to None, run_after=None
[2025-09-21T12:33:49.058+0000] {processor.py:183} INFO - Processing /home/airflow/.local/lib/python3.8/site-packages/airflow/example_dags/tutorial_objectstorage.py took 0.385 seconds
[2025-09-21T12:34:19.340+0000] {processor.py:161} INFO - Started process (PID=1481) to work on /home/airflow/.local/lib/python3.8/site-packages/airflow/example_dags/tutorial_objectstorage.py
[2025-09-21T12:34:19.341+0000] {processor.py:830} INFO - Processing file /home/airflow/.local/lib/python3.8/site-packages/airflow/example_dags/tutorial_objectstorage.py for tasks to queue
[2025-09-21T12:34:19.344+0000] {logging_mixin.py:188} INFO - [2025-09-21T12:34:19.344+0000] {dagbag.py:538} INFO - Filling up the DagBag from /home/airflow/.local/lib/python3.8/site-packages/airflow/example_dags/tutorial_objectstorage.py
[2025-09-21T12:34:19.359+0000] {processor.py:840} INFO - DAG(s) 'tutorial_objectstorage' retrieved from /home/airflow/.local/lib/python3.8/site-packages/airflow/example_dags/tutorial_objectstorage.py
[2025-09-21T12:34:19.402+0000] {logging_mixin.py:188} INFO - [2025-09-21T12:34:19.402+0000] {dag.py:3036} INFO - Sync 1 DAGs
[2025-09-21T12:34:19.435+0000] {logging_mixin.py:188} INFO - [2025-09-21T12:34:19.434+0000] {dag.py:3823} INFO - Setting next_dagrun for tutorial_objectstorage to None, run_after=None
[2025-09-21T12:34:19.484+0000] {processor.py:183} INFO - Processing /home/airflow/.local/lib/python3.8/site-packages/airflow/example_dags/tutorial_objectstorage.py took 0.150 seconds
[2025-09-21T12:34:49.621+0000] {processor.py:161} INFO - Started process (PID=1539) to work on /home/airflow/.local/lib/python3.8/site-packages/airflow/example_dags/tutorial_objectstorage.py
[2025-09-21T12:34:49.624+0000] {processor.py:830} INFO - Processing file /home/airflow/.local/lib/python3.8/site-packages/airflow/example_dags/tutorial_objectstorage.py for tasks to queue
[2025-09-21T12:34:49.629+0000] {logging_mixin.py:188} INFO - [2025-09-21T12:34:49.628+0000] {dagbag.py:538} INFO - Filling up the DagBag from /home/airflow/.local/lib/python3.8/site-packages/airflow/example_dags/tutorial_objectstorage.py
[2025-09-21T12:34:49.644+0000] {processor.py:840} INFO - DAG(s) 'tutorial_objectstorage' retrieved from /home/airflow/.local/lib/python3.8/site-packages/airflow/example_dags/tutorial_objectstorage.py
[2025-09-21T12:34:49.682+0000] {logging_mixin.py:188} INFO - [2025-09-21T12:34:49.682+0000] {dag.py:3036} INFO - Sync 1 DAGs
[2025-09-21T12:34:49.711+0000] {logging_mixin.py:188} INFO - [2025-09-21T12:34:49.711+0000] {dag.py:3823} INFO - Setting next_dagrun for tutorial_objectstorage to None, run_after=None
[2025-09-21T12:34:49.761+0000] {processor.py:183} INFO - Processing /home/airflow/.local/lib/python3.8/site-packages/airflow/example_dags/tutorial_objectstorage.py took 0.149 seconds
[2025-09-21T12:35:20.298+0000] {processor.py:161} INFO - Started process (PID=1597) to work on /home/airflow/.local/lib/python3.8/site-packages/airflow/example_dags/tutorial_objectstorage.py
[2025-09-21T12:35:20.301+0000] {processor.py:830} INFO - Processing file /home/airflow/.local/lib/python3.8/site-packages/airflow/example_dags/tutorial_objectstorage.py for tasks to queue
[2025-09-21T12:35:20.305+0000] {logging_mixin.py:188} INFO - [2025-09-21T12:35:20.304+0000] {dagbag.py:538} INFO - Filling up the DagBag from /home/airflow/.local/lib/python3.8/site-packages/airflow/example_dags/tutorial_objectstorage.py
[2025-09-21T12:35:20.324+0000] {processor.py:840} INFO - DAG(s) 'tutorial_objectstorage' retrieved from /home/airflow/.local/lib/python3.8/site-packages/airflow/example_dags/tutorial_objectstorage.py
[2025-09-21T12:35:20.371+0000] {logging_mixin.py:188} INFO - [2025-09-21T12:35:20.370+0000] {dag.py:3036} INFO - Sync 1 DAGs
[2025-09-21T12:35:20.404+0000] {logging_mixin.py:188} INFO - [2025-09-21T12:35:20.403+0000] {dag.py:3823} INFO - Setting next_dagrun for tutorial_objectstorage to None, run_after=None
[2025-09-21T12:35:20.452+0000] {processor.py:183} INFO - Processing /home/airflow/.local/lib/python3.8/site-packages/airflow/example_dags/tutorial_objectstorage.py took 0.162 seconds
[2025-09-21T12:35:52.284+0000] {processor.py:161} INFO - Started process (PID=1655) to work on /home/airflow/.local/lib/python3.8/site-packages/airflow/example_dags/tutorial_objectstorage.py
[2025-09-21T12:35:52.287+0000] {processor.py:830} INFO - Processing file /home/airflow/.local/lib/python3.8/site-packages/airflow/example_dags/tutorial_objectstorage.py for tasks to queue
[2025-09-21T12:35:52.292+0000] {logging_mixin.py:188} INFO - [2025-09-21T12:35:52.291+0000] {dagbag.py:538} INFO - Filling up the DagBag from /home/airflow/.local/lib/python3.8/site-packages/airflow/example_dags/tutorial_objectstorage.py
[2025-09-21T12:35:52.315+0000] {processor.py:840} INFO - DAG(s) 'tutorial_objectstorage' retrieved from /home/airflow/.local/lib/python3.8/site-packages/airflow/example_dags/tutorial_objectstorage.py
[2025-09-21T12:35:52.369+0000] {logging_mixin.py:188} INFO - [2025-09-21T12:35:52.369+0000] {dag.py:3036} INFO - Sync 1 DAGs
[2025-09-21T12:35:52.399+0000] {logging_mixin.py:188} INFO - [2025-09-21T12:35:52.398+0000] {dag.py:3823} INFO - Setting next_dagrun for tutorial_objectstorage to None, run_after=None
[2025-09-21T12:35:52.444+0000] {processor.py:183} INFO - Processing /home/airflow/.local/lib/python3.8/site-packages/airflow/example_dags/tutorial_objectstorage.py took 0.175 seconds
[2025-09-21T12:36:23.104+0000] {processor.py:161} INFO - Started process (PID=1713) to work on /home/airflow/.local/lib/python3.8/site-packages/airflow/example_dags/tutorial_objectstorage.py
[2025-09-21T12:36:23.107+0000] {processor.py:830} INFO - Processing file /home/airflow/.local/lib/python3.8/site-packages/airflow/example_dags/tutorial_objectstorage.py for tasks to queue
[2025-09-21T12:36:23.111+0000] {logging_mixin.py:188} INFO - [2025-09-21T12:36:23.110+0000] {dagbag.py:538} INFO - Filling up the DagBag from /home/airflow/.local/lib/python3.8/site-packages/airflow/example_dags/tutorial_objectstorage.py
[2025-09-21T12:36:23.134+0000] {processor.py:840} INFO - DAG(s) 'tutorial_objectstorage' retrieved from /home/airflow/.local/lib/python3.8/site-packages/airflow/example_dags/tutorial_objectstorage.py
[2025-09-21T12:36:23.172+0000] {logging_mixin.py:188} INFO - [2025-09-21T12:36:23.172+0000] {dag.py:3036} INFO - Sync 1 DAGs
[2025-09-21T12:36:23.204+0000] {logging_mixin.py:188} INFO - [2025-09-21T12:36:23.203+0000] {dag.py:3823} INFO - Setting next_dagrun for tutorial_objectstorage to None, run_after=None
[2025-09-21T12:36:23.246+0000] {processor.py:183} INFO - Processing /home/airflow/.local/lib/python3.8/site-packages/airflow/example_dags/tutorial_objectstorage.py took 0.153 seconds
[2025-09-21T12:36:54.034+0000] {processor.py:161} INFO - Started process (PID=1771) to work on /home/airflow/.local/lib/python3.8/site-packages/airflow/example_dags/tutorial_objectstorage.py
[2025-09-21T12:36:54.039+0000] {processor.py:830} INFO - Processing file /home/airflow/.local/lib/python3.8/site-packages/airflow/example_dags/tutorial_objectstorage.py for tasks to queue
[2025-09-21T12:36:54.045+0000] {logging_mixin.py:188} INFO - [2025-09-21T12:36:54.044+0000] {dagbag.py:538} INFO - Filling up the DagBag from /home/airflow/.local/lib/python3.8/site-packages/airflow/example_dags/tutorial_objectstorage.py
[2025-09-21T12:36:54.064+0000] {processor.py:840} INFO - DAG(s) 'tutorial_objectstorage' retrieved from /home/airflow/.local/lib/python3.8/site-packages/airflow/example_dags/tutorial_objectstorage.py
[2025-09-21T12:36:54.139+0000] {logging_mixin.py:188} INFO - [2025-09-21T12:36:54.138+0000] {dag.py:3036} INFO - Sync 1 DAGs
[2025-09-21T12:36:54.167+0000] {logging_mixin.py:188} INFO - [2025-09-21T12:36:54.166+0000] {dag.py:3823} INFO - Setting next_dagrun for tutorial_objectstorage to None, run_after=None
[2025-09-21T12:36:54.235+0000] {processor.py:183} INFO - Processing /home/airflow/.local/lib/python3.8/site-packages/airflow/example_dags/tutorial_objectstorage.py took 0.211 seconds
[2025-09-21T12:37:24.466+0000] {processor.py:161} INFO - Started process (PID=1829) to work on /home/airflow/.local/lib/python3.8/site-packages/airflow/example_dags/tutorial_objectstorage.py
[2025-09-21T12:37:24.469+0000] {processor.py:830} INFO - Processing file /home/airflow/.local/lib/python3.8/site-packages/airflow/example_dags/tutorial_objectstorage.py for tasks to queue
[2025-09-21T12:37:24.474+0000] {logging_mixin.py:188} INFO - [2025-09-21T12:37:24.473+0000] {dagbag.py:538} INFO - Filling up the DagBag from /home/airflow/.local/lib/python3.8/site-packages/airflow/example_dags/tutorial_objectstorage.py
[2025-09-21T12:37:24.489+0000] {processor.py:840} INFO - DAG(s) 'tutorial_objectstorage' retrieved from /home/airflow/.local/lib/python3.8/site-packages/airflow/example_dags/tutorial_objectstorage.py
[2025-09-21T12:37:24.530+0000] {logging_mixin.py:188} INFO - [2025-09-21T12:37:24.529+0000] {dag.py:3036} INFO - Sync 1 DAGs
[2025-09-21T12:37:24.559+0000] {logging_mixin.py:188} INFO - [2025-09-21T12:37:24.558+0000] {dag.py:3823} INFO - Setting next_dagrun for tutorial_objectstorage to None, run_after=None
[2025-09-21T12:37:24.605+0000] {processor.py:183} INFO - Processing /home/airflow/.local/lib/python3.8/site-packages/airflow/example_dags/tutorial_objectstorage.py took 0.145 seconds
[2025-09-21T12:37:56.136+0000] {processor.py:161} INFO - Started process (PID=1887) to work on /home/airflow/.local/lib/python3.8/site-packages/airflow/example_dags/tutorial_objectstorage.py
[2025-09-21T12:37:56.138+0000] {processor.py:830} INFO - Processing file /home/airflow/.local/lib/python3.8/site-packages/airflow/example_dags/tutorial_objectstorage.py for tasks to queue
[2025-09-21T12:37:56.143+0000] {logging_mixin.py:188} INFO - [2025-09-21T12:37:56.142+0000] {dagbag.py:538} INFO - Filling up the DagBag from /home/airflow/.local/lib/python3.8/site-packages/airflow/example_dags/tutorial_objectstorage.py
[2025-09-21T12:37:56.157+0000] {processor.py:840} INFO - DAG(s) 'tutorial_objectstorage' retrieved from /home/airflow/.local/lib/python3.8/site-packages/airflow/example_dags/tutorial_objectstorage.py
[2025-09-21T12:37:56.201+0000] {logging_mixin.py:188} INFO - [2025-09-21T12:37:56.200+0000] {dag.py:3036} INFO - Sync 1 DAGs
[2025-09-21T12:37:56.235+0000] {logging_mixin.py:188} INFO - [2025-09-21T12:37:56.235+0000] {dag.py:3823} INFO - Setting next_dagrun for tutorial_objectstorage to None, run_after=None
[2025-09-21T12:37:56.277+0000] {processor.py:183} INFO - Processing /home/airflow/.local/lib/python3.8/site-packages/airflow/example_dags/tutorial_objectstorage.py took 0.148 seconds
[2025-09-21T12:38:27.308+0000] {processor.py:161} INFO - Started process (PID=1945) to work on /home/airflow/.local/lib/python3.8/site-packages/airflow/example_dags/tutorial_objectstorage.py
[2025-09-21T12:38:27.310+0000] {processor.py:830} INFO - Processing file /home/airflow/.local/lib/python3.8/site-packages/airflow/example_dags/tutorial_objectstorage.py for tasks to queue
[2025-09-21T12:38:27.317+0000] {logging_mixin.py:188} INFO - [2025-09-21T12:38:27.316+0000] {dagbag.py:538} INFO - Filling up the DagBag from /home/airflow/.local/lib/python3.8/site-packages/airflow/example_dags/tutorial_objectstorage.py
[2025-09-21T12:38:27.341+0000] {processor.py:840} INFO - DAG(s) 'tutorial_objectstorage' retrieved from /home/airflow/.local/lib/python3.8/site-packages/airflow/example_dags/tutorial_objectstorage.py
[2025-09-21T12:38:27.406+0000] {logging_mixin.py:188} INFO - [2025-09-21T12:38:27.405+0000] {dag.py:3036} INFO - Sync 1 DAGs
[2025-09-21T12:38:27.443+0000] {logging_mixin.py:188} INFO - [2025-09-21T12:38:27.442+0000] {dag.py:3823} INFO - Setting next_dagrun for tutorial_objectstorage to None, run_after=None
[2025-09-21T12:38:27.495+0000] {processor.py:183} INFO - Processing /home/airflow/.local/lib/python3.8/site-packages/airflow/example_dags/tutorial_objectstorage.py took 0.195 seconds
[2025-09-21T12:38:59.560+0000] {processor.py:161} INFO - Started process (PID=2010) to work on /home/airflow/.local/lib/python3.8/site-packages/airflow/example_dags/tutorial_objectstorage.py
[2025-09-21T12:38:59.563+0000] {processor.py:830} INFO - Processing file /home/airflow/.local/lib/python3.8/site-packages/airflow/example_dags/tutorial_objectstorage.py for tasks to queue
[2025-09-21T12:38:59.574+0000] {logging_mixin.py:188} INFO - [2025-09-21T12:38:59.568+0000] {dagbag.py:538} INFO - Filling up the DagBag from /home/airflow/.local/lib/python3.8/site-packages/airflow/example_dags/tutorial_objectstorage.py
[2025-09-21T12:38:59.605+0000] {processor.py:840} INFO - DAG(s) 'tutorial_objectstorage' retrieved from /home/airflow/.local/lib/python3.8/site-packages/airflow/example_dags/tutorial_objectstorage.py
[2025-09-21T12:38:59.684+0000] {logging_mixin.py:188} INFO - [2025-09-21T12:38:59.684+0000] {dag.py:3036} INFO - Sync 1 DAGs
[2025-09-21T12:39:00.159+0000] {logging_mixin.py:188} INFO - [2025-09-21T12:39:00.158+0000] {dag.py:3823} INFO - Setting next_dagrun for tutorial_objectstorage to None, run_after=None
[2025-09-21T12:39:00.231+0000] {processor.py:183} INFO - Processing /home/airflow/.local/lib/python3.8/site-packages/airflow/example_dags/tutorial_objectstorage.py took 0.690 seconds
[2025-09-21T12:39:31.684+0000] {processor.py:161} INFO - Started process (PID=2068) to work on /home/airflow/.local/lib/python3.8/site-packages/airflow/example_dags/tutorial_objectstorage.py
[2025-09-21T12:39:31.688+0000] {processor.py:830} INFO - Processing file /home/airflow/.local/lib/python3.8/site-packages/airflow/example_dags/tutorial_objectstorage.py for tasks to queue
[2025-09-21T12:39:31.694+0000] {logging_mixin.py:188} INFO - [2025-09-21T12:39:31.693+0000] {dagbag.py:538} INFO - Filling up the DagBag from /home/airflow/.local/lib/python3.8/site-packages/airflow/example_dags/tutorial_objectstorage.py
[2025-09-21T12:39:31.713+0000] {processor.py:840} INFO - DAG(s) 'tutorial_objectstorage' retrieved from /home/airflow/.local/lib/python3.8/site-packages/airflow/example_dags/tutorial_objectstorage.py
[2025-09-21T12:39:31.777+0000] {logging_mixin.py:188} INFO - [2025-09-21T12:39:31.777+0000] {dag.py:3036} INFO - Sync 1 DAGs
[2025-09-21T12:39:32.137+0000] {logging_mixin.py:188} INFO - [2025-09-21T12:39:32.136+0000] {dag.py:3823} INFO - Setting next_dagrun for tutorial_objectstorage to None, run_after=None
[2025-09-21T12:39:32.179+0000] {processor.py:183} INFO - Processing /home/airflow/.local/lib/python3.8/site-packages/airflow/example_dags/tutorial_objectstorage.py took 0.506 seconds
[2025-09-21T12:40:02.399+0000] {processor.py:161} INFO - Started process (PID=2126) to work on /home/airflow/.local/lib/python3.8/site-packages/airflow/example_dags/tutorial_objectstorage.py
[2025-09-21T12:40:02.401+0000] {processor.py:830} INFO - Processing file /home/airflow/.local/lib/python3.8/site-packages/airflow/example_dags/tutorial_objectstorage.py for tasks to queue
[2025-09-21T12:40:02.405+0000] {logging_mixin.py:188} INFO - [2025-09-21T12:40:02.405+0000] {dagbag.py:538} INFO - Filling up the DagBag from /home/airflow/.local/lib/python3.8/site-packages/airflow/example_dags/tutorial_objectstorage.py
[2025-09-21T12:40:02.419+0000] {processor.py:840} INFO - DAG(s) 'tutorial_objectstorage' retrieved from /home/airflow/.local/lib/python3.8/site-packages/airflow/example_dags/tutorial_objectstorage.py
[2025-09-21T12:40:02.461+0000] {logging_mixin.py:188} INFO - [2025-09-21T12:40:02.460+0000] {dag.py:3036} INFO - Sync 1 DAGs
[2025-09-21T12:40:02.489+0000] {logging_mixin.py:188} INFO - [2025-09-21T12:40:02.488+0000] {dag.py:3823} INFO - Setting next_dagrun for tutorial_objectstorage to None, run_after=None
[2025-09-21T12:40:02.529+0000] {processor.py:183} INFO - Processing /home/airflow/.local/lib/python3.8/site-packages/airflow/example_dags/tutorial_objectstorage.py took 0.137 seconds
[2025-09-21T12:40:33.144+0000] {processor.py:161} INFO - Started process (PID=2184) to work on /home/airflow/.local/lib/python3.8/site-packages/airflow/example_dags/tutorial_objectstorage.py
[2025-09-21T12:40:33.147+0000] {processor.py:830} INFO - Processing file /home/airflow/.local/lib/python3.8/site-packages/airflow/example_dags/tutorial_objectstorage.py for tasks to queue
[2025-09-21T12:40:33.153+0000] {logging_mixin.py:188} INFO - [2025-09-21T12:40:33.152+0000] {dagbag.py:538} INFO - Filling up the DagBag from /home/airflow/.local/lib/python3.8/site-packages/airflow/example_dags/tutorial_objectstorage.py
[2025-09-21T12:40:33.172+0000] {processor.py:840} INFO - DAG(s) 'tutorial_objectstorage' retrieved from /home/airflow/.local/lib/python3.8/site-packages/airflow/example_dags/tutorial_objectstorage.py
[2025-09-21T12:40:33.233+0000] {logging_mixin.py:188} INFO - [2025-09-21T12:40:33.232+0000] {dag.py:3036} INFO - Sync 1 DAGs
[2025-09-21T12:40:33.277+0000] {logging_mixin.py:188} INFO - [2025-09-21T12:40:33.277+0000] {dag.py:3823} INFO - Setting next_dagrun for tutorial_objectstorage to None, run_after=None
[2025-09-21T12:40:33.331+0000] {processor.py:183} INFO - Processing /home/airflow/.local/lib/python3.8/site-packages/airflow/example_dags/tutorial_objectstorage.py took 0.196 seconds
[2025-09-21T12:41:03.751+0000] {processor.py:161} INFO - Started process (PID=2242) to work on /home/airflow/.local/lib/python3.8/site-packages/airflow/example_dags/tutorial_objectstorage.py
[2025-09-21T12:41:03.753+0000] {processor.py:830} INFO - Processing file /home/airflow/.local/lib/python3.8/site-packages/airflow/example_dags/tutorial_objectstorage.py for tasks to queue
[2025-09-21T12:41:03.758+0000] {logging_mixin.py:188} INFO - [2025-09-21T12:41:03.757+0000] {dagbag.py:538} INFO - Filling up the DagBag from /home/airflow/.local/lib/python3.8/site-packages/airflow/example_dags/tutorial_objectstorage.py
[2025-09-21T12:41:03.787+0000] {processor.py:840} INFO - DAG(s) 'tutorial_objectstorage' retrieved from /home/airflow/.local/lib/python3.8/site-packages/airflow/example_dags/tutorial_objectstorage.py
[2025-09-21T12:41:03.879+0000] {logging_mixin.py:188} INFO - [2025-09-21T12:41:03.879+0000] {dag.py:3036} INFO - Sync 1 DAGs
[2025-09-21T12:41:03.939+0000] {logging_mixin.py:188} INFO - [2025-09-21T12:41:03.938+0000] {dag.py:3823} INFO - Setting next_dagrun for tutorial_objectstorage to None, run_after=None
[2025-09-21T12:41:04.019+0000] {processor.py:183} INFO - Processing /home/airflow/.local/lib/python3.8/site-packages/airflow/example_dags/tutorial_objectstorage.py took 0.277 seconds
[2025-09-21T12:41:35.356+0000] {processor.py:161} INFO - Started process (PID=2300) to work on /home/airflow/.local/lib/python3.8/site-packages/airflow/example_dags/tutorial_objectstorage.py
[2025-09-21T12:41:35.358+0000] {processor.py:830} INFO - Processing file /home/airflow/.local/lib/python3.8/site-packages/airflow/example_dags/tutorial_objectstorage.py for tasks to queue
[2025-09-21T12:41:35.363+0000] {logging_mixin.py:188} INFO - [2025-09-21T12:41:35.362+0000] {dagbag.py:538} INFO - Filling up the DagBag from /home/airflow/.local/lib/python3.8/site-packages/airflow/example_dags/tutorial_objectstorage.py
[2025-09-21T12:41:35.376+0000] {processor.py:840} INFO - DAG(s) 'tutorial_objectstorage' retrieved from /home/airflow/.local/lib/python3.8/site-packages/airflow/example_dags/tutorial_objectstorage.py
[2025-09-21T12:41:35.410+0000] {logging_mixin.py:188} INFO - [2025-09-21T12:41:35.410+0000] {dag.py:3036} INFO - Sync 1 DAGs
[2025-09-21T12:41:35.433+0000] {logging_mixin.py:188} INFO - [2025-09-21T12:41:35.433+0000] {dag.py:3823} INFO - Setting next_dagrun for tutorial_objectstorage to None, run_after=None
[2025-09-21T12:41:35.492+0000] {processor.py:183} INFO - Processing /home/airflow/.local/lib/python3.8/site-packages/airflow/example_dags/tutorial_objectstorage.py took 0.144 seconds
[2025-09-21T12:42:06.633+0000] {processor.py:161} INFO - Started process (PID=2358) to work on /home/airflow/.local/lib/python3.8/site-packages/airflow/example_dags/tutorial_objectstorage.py
[2025-09-21T12:42:06.635+0000] {processor.py:830} INFO - Processing file /home/airflow/.local/lib/python3.8/site-packages/airflow/example_dags/tutorial_objectstorage.py for tasks to queue
[2025-09-21T12:42:06.639+0000] {logging_mixin.py:188} INFO - [2025-09-21T12:42:06.639+0000] {dagbag.py:538} INFO - Filling up the DagBag from /home/airflow/.local/lib/python3.8/site-packages/airflow/example_dags/tutorial_objectstorage.py
[2025-09-21T12:42:06.657+0000] {processor.py:840} INFO - DAG(s) 'tutorial_objectstorage' retrieved from /home/airflow/.local/lib/python3.8/site-packages/airflow/example_dags/tutorial_objectstorage.py
[2025-09-21T12:42:06.701+0000] {logging_mixin.py:188} INFO - [2025-09-21T12:42:06.701+0000] {dag.py:3036} INFO - Sync 1 DAGs
[2025-09-21T12:42:06.729+0000] {logging_mixin.py:188} INFO - [2025-09-21T12:42:06.728+0000] {dag.py:3823} INFO - Setting next_dagrun for tutorial_objectstorage to None, run_after=None
[2025-09-21T12:42:06.773+0000] {processor.py:183} INFO - Processing /home/airflow/.local/lib/python3.8/site-packages/airflow/example_dags/tutorial_objectstorage.py took 0.147 seconds
[2025-09-21T12:42:37.803+0000] {processor.py:161} INFO - Started process (PID=2416) to work on /home/airflow/.local/lib/python3.8/site-packages/airflow/example_dags/tutorial_objectstorage.py
[2025-09-21T12:42:37.807+0000] {processor.py:830} INFO - Processing file /home/airflow/.local/lib/python3.8/site-packages/airflow/example_dags/tutorial_objectstorage.py for tasks to queue
[2025-09-21T12:42:37.813+0000] {logging_mixin.py:188} INFO - [2025-09-21T12:42:37.812+0000] {dagbag.py:538} INFO - Filling up the DagBag from /home/airflow/.local/lib/python3.8/site-packages/airflow/example_dags/tutorial_objectstorage.py
[2025-09-21T12:42:37.841+0000] {processor.py:840} INFO - DAG(s) 'tutorial_objectstorage' retrieved from /home/airflow/.local/lib/python3.8/site-packages/airflow/example_dags/tutorial_objectstorage.py
[2025-09-21T12:42:37.934+0000] {logging_mixin.py:188} INFO - [2025-09-21T12:42:37.933+0000] {dag.py:3036} INFO - Sync 1 DAGs
[2025-09-21T12:42:37.993+0000] {logging_mixin.py:188} INFO - [2025-09-21T12:42:37.992+0000] {dag.py:3823} INFO - Setting next_dagrun for tutorial_objectstorage to None, run_after=None
[2025-09-21T12:42:38.074+0000] {processor.py:183} INFO - Processing /home/airflow/.local/lib/python3.8/site-packages/airflow/example_dags/tutorial_objectstorage.py took 0.280 seconds
[2025-09-21T12:43:08.461+0000] {processor.py:161} INFO - Started process (PID=2474) to work on /home/airflow/.local/lib/python3.8/site-packages/airflow/example_dags/tutorial_objectstorage.py
[2025-09-21T12:43:08.464+0000] {processor.py:830} INFO - Processing file /home/airflow/.local/lib/python3.8/site-packages/airflow/example_dags/tutorial_objectstorage.py for tasks to queue
[2025-09-21T12:43:08.470+0000] {logging_mixin.py:188} INFO - [2025-09-21T12:43:08.469+0000] {dagbag.py:538} INFO - Filling up the DagBag from /home/airflow/.local/lib/python3.8/site-packages/airflow/example_dags/tutorial_objectstorage.py
[2025-09-21T12:43:08.491+0000] {processor.py:840} INFO - DAG(s) 'tutorial_objectstorage' retrieved from /home/airflow/.local/lib/python3.8/site-packages/airflow/example_dags/tutorial_objectstorage.py
[2025-09-21T12:43:08.559+0000] {logging_mixin.py:188} INFO - [2025-09-21T12:43:08.559+0000] {dag.py:3036} INFO - Sync 1 DAGs
[2025-09-21T12:43:08.607+0000] {logging_mixin.py:188} INFO - [2025-09-21T12:43:08.606+0000] {dag.py:3823} INFO - Setting next_dagrun for tutorial_objectstorage to None, run_after=None
[2025-09-21T12:43:08.668+0000] {processor.py:183} INFO - Processing /home/airflow/.local/lib/python3.8/site-packages/airflow/example_dags/tutorial_objectstorage.py took 0.218 seconds
[2025-09-21T12:43:38.804+0000] {processor.py:161} INFO - Started process (PID=2530) to work on /home/airflow/.local/lib/python3.8/site-packages/airflow/example_dags/tutorial_objectstorage.py
[2025-09-21T12:43:38.806+0000] {processor.py:830} INFO - Processing file /home/airflow/.local/lib/python3.8/site-packages/airflow/example_dags/tutorial_objectstorage.py for tasks to queue
[2025-09-21T12:43:38.809+0000] {logging_mixin.py:188} INFO - [2025-09-21T12:43:38.809+0000] {dagbag.py:538} INFO - Filling up the DagBag from /home/airflow/.local/lib/python3.8/site-packages/airflow/example_dags/tutorial_objectstorage.py
[2025-09-21T12:43:38.821+0000] {processor.py:840} INFO - DAG(s) 'tutorial_objectstorage' retrieved from /home/airflow/.local/lib/python3.8/site-packages/airflow/example_dags/tutorial_objectstorage.py
[2025-09-21T12:43:38.859+0000] {logging_mixin.py:188} INFO - [2025-09-21T12:43:38.858+0000] {dag.py:3036} INFO - Sync 1 DAGs
[2025-09-21T12:43:38.881+0000] {logging_mixin.py:188} INFO - [2025-09-21T12:43:38.881+0000] {dag.py:3823} INFO - Setting next_dagrun for tutorial_objectstorage to None, run_after=None
[2025-09-21T12:43:38.918+0000] {processor.py:183} INFO - Processing /home/airflow/.local/lib/python3.8/site-packages/airflow/example_dags/tutorial_objectstorage.py took 0.120 seconds
[2025-09-21T12:44:09.361+0000] {processor.py:161} INFO - Started process (PID=2586) to work on /home/airflow/.local/lib/python3.8/site-packages/airflow/example_dags/tutorial_objectstorage.py
[2025-09-21T12:44:09.368+0000] {processor.py:830} INFO - Processing file /home/airflow/.local/lib/python3.8/site-packages/airflow/example_dags/tutorial_objectstorage.py for tasks to queue
[2025-09-21T12:44:09.373+0000] {logging_mixin.py:188} INFO - [2025-09-21T12:44:09.372+0000] {dagbag.py:538} INFO - Filling up the DagBag from /home/airflow/.local/lib/python3.8/site-packages/airflow/example_dags/tutorial_objectstorage.py
[2025-09-21T12:44:09.391+0000] {processor.py:840} INFO - DAG(s) 'tutorial_objectstorage' retrieved from /home/airflow/.local/lib/python3.8/site-packages/airflow/example_dags/tutorial_objectstorage.py
[2025-09-21T12:44:09.446+0000] {logging_mixin.py:188} INFO - [2025-09-21T12:44:09.446+0000] {dag.py:3036} INFO - Sync 1 DAGs
[2025-09-21T12:44:09.487+0000] {logging_mixin.py:188} INFO - [2025-09-21T12:44:09.487+0000] {dag.py:3823} INFO - Setting next_dagrun for tutorial_objectstorage to None, run_after=None
[2025-09-21T12:44:09.522+0000] {processor.py:183} INFO - Processing /home/airflow/.local/lib/python3.8/site-packages/airflow/example_dags/tutorial_objectstorage.py took 0.170 seconds
[2025-09-21T12:44:40.049+0000] {processor.py:161} INFO - Started process (PID=2644) to work on /home/airflow/.local/lib/python3.8/site-packages/airflow/example_dags/tutorial_objectstorage.py
[2025-09-21T12:44:40.052+0000] {processor.py:830} INFO - Processing file /home/airflow/.local/lib/python3.8/site-packages/airflow/example_dags/tutorial_objectstorage.py for tasks to queue
[2025-09-21T12:44:40.058+0000] {logging_mixin.py:188} INFO - [2025-09-21T12:44:40.057+0000] {dagbag.py:538} INFO - Filling up the DagBag from /home/airflow/.local/lib/python3.8/site-packages/airflow/example_dags/tutorial_objectstorage.py
[2025-09-21T12:44:40.072+0000] {processor.py:840} INFO - DAG(s) 'tutorial_objectstorage' retrieved from /home/airflow/.local/lib/python3.8/site-packages/airflow/example_dags/tutorial_objectstorage.py
[2025-09-21T12:44:40.120+0000] {logging_mixin.py:188} INFO - [2025-09-21T12:44:40.120+0000] {dag.py:3036} INFO - Sync 1 DAGs
[2025-09-21T12:44:40.145+0000] {logging_mixin.py:188} INFO - [2025-09-21T12:44:40.144+0000] {dag.py:3823} INFO - Setting next_dagrun for tutorial_objectstorage to None, run_after=None
[2025-09-21T12:44:40.182+0000] {processor.py:183} INFO - Processing /home/airflow/.local/lib/python3.8/site-packages/airflow/example_dags/tutorial_objectstorage.py took 0.140 seconds
[2025-09-21T12:45:10.595+0000] {processor.py:161} INFO - Started process (PID=2702) to work on /home/airflow/.local/lib/python3.8/site-packages/airflow/example_dags/tutorial_objectstorage.py
[2025-09-21T12:45:10.597+0000] {processor.py:830} INFO - Processing file /home/airflow/.local/lib/python3.8/site-packages/airflow/example_dags/tutorial_objectstorage.py for tasks to queue
[2025-09-21T12:45:10.601+0000] {logging_mixin.py:188} INFO - [2025-09-21T12:45:10.600+0000] {dagbag.py:538} INFO - Filling up the DagBag from /home/airflow/.local/lib/python3.8/site-packages/airflow/example_dags/tutorial_objectstorage.py
[2025-09-21T12:45:10.613+0000] {processor.py:840} INFO - DAG(s) 'tutorial_objectstorage' retrieved from /home/airflow/.local/lib/python3.8/site-packages/airflow/example_dags/tutorial_objectstorage.py
[2025-09-21T12:45:10.649+0000] {logging_mixin.py:188} INFO - [2025-09-21T12:45:10.648+0000] {dag.py:3036} INFO - Sync 1 DAGs
[2025-09-21T12:45:10.671+0000] {logging_mixin.py:188} INFO - [2025-09-21T12:45:10.671+0000] {dag.py:3823} INFO - Setting next_dagrun for tutorial_objectstorage to None, run_after=None
[2025-09-21T12:45:10.710+0000] {processor.py:183} INFO - Processing /home/airflow/.local/lib/python3.8/site-packages/airflow/example_dags/tutorial_objectstorage.py took 0.121 seconds
[2025-09-21T12:45:41.332+0000] {processor.py:161} INFO - Started process (PID=2760) to work on /home/airflow/.local/lib/python3.8/site-packages/airflow/example_dags/tutorial_objectstorage.py
[2025-09-21T12:45:41.335+0000] {processor.py:830} INFO - Processing file /home/airflow/.local/lib/python3.8/site-packages/airflow/example_dags/tutorial_objectstorage.py for tasks to queue
[2025-09-21T12:45:41.341+0000] {logging_mixin.py:188} INFO - [2025-09-21T12:45:41.340+0000] {dagbag.py:538} INFO - Filling up the DagBag from /home/airflow/.local/lib/python3.8/site-packages/airflow/example_dags/tutorial_objectstorage.py
[2025-09-21T12:45:41.360+0000] {processor.py:840} INFO - DAG(s) 'tutorial_objectstorage' retrieved from /home/airflow/.local/lib/python3.8/site-packages/airflow/example_dags/tutorial_objectstorage.py
[2025-09-21T12:45:41.417+0000] {logging_mixin.py:188} INFO - [2025-09-21T12:45:41.417+0000] {dag.py:3036} INFO - Sync 1 DAGs
[2025-09-21T12:45:41.460+0000] {logging_mixin.py:188} INFO - [2025-09-21T12:45:41.460+0000] {dag.py:3823} INFO - Setting next_dagrun for tutorial_objectstorage to None, run_after=None
[2025-09-21T12:45:41.521+0000] {processor.py:183} INFO - Processing /home/airflow/.local/lib/python3.8/site-packages/airflow/example_dags/tutorial_objectstorage.py took 0.198 seconds
[2025-09-21T12:46:12.379+0000] {processor.py:161} INFO - Started process (PID=2818) to work on /home/airflow/.local/lib/python3.8/site-packages/airflow/example_dags/tutorial_objectstorage.py
[2025-09-21T12:46:12.384+0000] {processor.py:830} INFO - Processing file /home/airflow/.local/lib/python3.8/site-packages/airflow/example_dags/tutorial_objectstorage.py for tasks to queue
[2025-09-21T12:46:12.392+0000] {logging_mixin.py:188} INFO - [2025-09-21T12:46:12.390+0000] {dagbag.py:538} INFO - Filling up the DagBag from /home/airflow/.local/lib/python3.8/site-packages/airflow/example_dags/tutorial_objectstorage.py
[2025-09-21T12:46:12.421+0000] {processor.py:840} INFO - DAG(s) 'tutorial_objectstorage' retrieved from /home/airflow/.local/lib/python3.8/site-packages/airflow/example_dags/tutorial_objectstorage.py
[2025-09-21T12:46:12.510+0000] {logging_mixin.py:188} INFO - [2025-09-21T12:46:12.509+0000] {dag.py:3036} INFO - Sync 1 DAGs
[2025-09-21T12:46:12.587+0000] {logging_mixin.py:188} INFO - [2025-09-21T12:46:12.586+0000] {dag.py:3823} INFO - Setting next_dagrun for tutorial_objectstorage to None, run_after=None
[2025-09-21T12:46:12.687+0000] {processor.py:183} INFO - Processing /home/airflow/.local/lib/python3.8/site-packages/airflow/example_dags/tutorial_objectstorage.py took 0.322 seconds
[2025-09-21T12:46:43.010+0000] {processor.py:161} INFO - Started process (PID=2876) to work on /home/airflow/.local/lib/python3.8/site-packages/airflow/example_dags/tutorial_objectstorage.py
[2025-09-21T12:46:43.015+0000] {processor.py:830} INFO - Processing file /home/airflow/.local/lib/python3.8/site-packages/airflow/example_dags/tutorial_objectstorage.py for tasks to queue
[2025-09-21T12:46:43.023+0000] {logging_mixin.py:188} INFO - [2025-09-21T12:46:43.022+0000] {dagbag.py:538} INFO - Filling up the DagBag from /home/airflow/.local/lib/python3.8/site-packages/airflow/example_dags/tutorial_objectstorage.py
[2025-09-21T12:46:43.058+0000] {processor.py:840} INFO - DAG(s) 'tutorial_objectstorage' retrieved from /home/airflow/.local/lib/python3.8/site-packages/airflow/example_dags/tutorial_objectstorage.py
[2025-09-21T12:46:43.142+0000] {logging_mixin.py:188} INFO - [2025-09-21T12:46:43.142+0000] {dag.py:3036} INFO - Sync 1 DAGs
[2025-09-21T12:46:43.202+0000] {logging_mixin.py:188} INFO - [2025-09-21T12:46:43.201+0000] {dag.py:3823} INFO - Setting next_dagrun for tutorial_objectstorage to None, run_after=None
[2025-09-21T12:46:43.290+0000] {processor.py:183} INFO - Processing /home/airflow/.local/lib/python3.8/site-packages/airflow/example_dags/tutorial_objectstorage.py took 0.294 seconds
[2025-09-21T12:47:14.019+0000] {processor.py:161} INFO - Started process (PID=2934) to work on /home/airflow/.local/lib/python3.8/site-packages/airflow/example_dags/tutorial_objectstorage.py
[2025-09-21T12:47:14.022+0000] {processor.py:830} INFO - Processing file /home/airflow/.local/lib/python3.8/site-packages/airflow/example_dags/tutorial_objectstorage.py for tasks to queue
[2025-09-21T12:47:14.027+0000] {logging_mixin.py:188} INFO - [2025-09-21T12:47:14.027+0000] {dagbag.py:538} INFO - Filling up the DagBag from /home/airflow/.local/lib/python3.8/site-packages/airflow/example_dags/tutorial_objectstorage.py
[2025-09-21T12:47:14.045+0000] {processor.py:840} INFO - DAG(s) 'tutorial_objectstorage' retrieved from /home/airflow/.local/lib/python3.8/site-packages/airflow/example_dags/tutorial_objectstorage.py
[2025-09-21T12:47:14.096+0000] {logging_mixin.py:188} INFO - [2025-09-21T12:47:14.096+0000] {dag.py:3036} INFO - Sync 1 DAGs
[2025-09-21T12:47:14.129+0000] {logging_mixin.py:188} INFO - [2025-09-21T12:47:14.129+0000] {dag.py:3823} INFO - Setting next_dagrun for tutorial_objectstorage to None, run_after=None
[2025-09-21T12:47:14.188+0000] {processor.py:183} INFO - Processing /home/airflow/.local/lib/python3.8/site-packages/airflow/example_dags/tutorial_objectstorage.py took 0.176 seconds
[2025-09-21T12:47:44.355+0000] {processor.py:161} INFO - Started process (PID=2992) to work on /home/airflow/.local/lib/python3.8/site-packages/airflow/example_dags/tutorial_objectstorage.py
[2025-09-21T12:47:44.358+0000] {processor.py:830} INFO - Processing file /home/airflow/.local/lib/python3.8/site-packages/airflow/example_dags/tutorial_objectstorage.py for tasks to queue
[2025-09-21T12:47:44.362+0000] {logging_mixin.py:188} INFO - [2025-09-21T12:47:44.361+0000] {dagbag.py:538} INFO - Filling up the DagBag from /home/airflow/.local/lib/python3.8/site-packages/airflow/example_dags/tutorial_objectstorage.py
[2025-09-21T12:47:44.376+0000] {processor.py:840} INFO - DAG(s) 'tutorial_objectstorage' retrieved from /home/airflow/.local/lib/python3.8/site-packages/airflow/example_dags/tutorial_objectstorage.py
[2025-09-21T12:47:44.422+0000] {logging_mixin.py:188} INFO - [2025-09-21T12:47:44.422+0000] {dag.py:3036} INFO - Sync 1 DAGs
[2025-09-21T12:47:44.450+0000] {logging_mixin.py:188} INFO - [2025-09-21T12:47:44.450+0000] {dag.py:3823} INFO - Setting next_dagrun for tutorial_objectstorage to None, run_after=None
[2025-09-21T12:47:44.490+0000] {processor.py:183} INFO - Processing /home/airflow/.local/lib/python3.8/site-packages/airflow/example_dags/tutorial_objectstorage.py took 0.144 seconds
