[2025-09-20T21:49:42.359+0000] {processor.py:161} INFO - Started process (PID=102) to work on /opt/airflow/dags/crypto_data_generator_dag.py
[2025-09-20T21:49:42.367+0000] {processor.py:830} INFO - Processing file /opt/airflow/dags/crypto_data_generator_dag.py for tasks to queue
[2025-09-20T21:49:42.377+0000] {logging_mixin.py:188} INFO - [2025-09-20T21:49:42.376+0000] {dagbag.py:538} INFO - Filling up the DagBag from /opt/airflow/dags/crypto_data_generator_dag.py
[2025-09-20T21:49:45.927+0000] {processor.py:840} INFO - DAG(s) 'crypto_data_generator' retrieved from /opt/airflow/dags/crypto_data_generator_dag.py
[2025-09-20T21:49:46.236+0000] {logging_mixin.py:188} INFO - [2025-09-20T21:49:46.236+0000] {dag.py:3036} INFO - Sync 1 DAGs
[2025-09-20T21:49:46.283+0000] {logging_mixin.py:188} INFO - [2025-09-20T21:49:46.282+0000] {dag.py:3823} INFO - Setting next_dagrun for crypto_data_generator to 2025-09-20 20:00:00+00:00, run_after=2025-09-20 21:00:00+00:00
[2025-09-20T21:49:46.317+0000] {processor.py:183} INFO - Processing /opt/airflow/dags/crypto_data_generator_dag.py took 3.989 seconds
[2025-09-20T21:50:17.155+0000] {processor.py:161} INFO - Started process (PID=164) to work on /opt/airflow/dags/crypto_data_generator_dag.py
[2025-09-20T21:50:17.156+0000] {processor.py:830} INFO - Processing file /opt/airflow/dags/crypto_data_generator_dag.py for tasks to queue
[2025-09-20T21:50:17.160+0000] {logging_mixin.py:188} INFO - [2025-09-20T21:50:17.159+0000] {dagbag.py:538} INFO - Filling up the DagBag from /opt/airflow/dags/crypto_data_generator_dag.py
[2025-09-20T21:50:18.105+0000] {processor.py:840} INFO - DAG(s) 'crypto_data_generator' retrieved from /opt/airflow/dags/crypto_data_generator_dag.py
[2025-09-20T21:50:18.134+0000] {logging_mixin.py:188} INFO - [2025-09-20T21:50:18.133+0000] {dag.py:3036} INFO - Sync 1 DAGs
[2025-09-20T21:50:18.173+0000] {logging_mixin.py:188} INFO - [2025-09-20T21:50:18.173+0000] {dag.py:3823} INFO - Setting next_dagrun for crypto_data_generator to 2025-09-20 20:00:00+00:00, run_after=2025-09-20 21:00:00+00:00
[2025-09-20T21:50:18.211+0000] {processor.py:183} INFO - Processing /opt/airflow/dags/crypto_data_generator_dag.py took 1.063 seconds
[2025-09-20T21:50:48.424+0000] {processor.py:161} INFO - Started process (PID=232) to work on /opt/airflow/dags/crypto_data_generator_dag.py
[2025-09-20T21:50:48.426+0000] {processor.py:830} INFO - Processing file /opt/airflow/dags/crypto_data_generator_dag.py for tasks to queue
[2025-09-20T21:50:48.430+0000] {logging_mixin.py:188} INFO - [2025-09-20T21:50:48.429+0000] {dagbag.py:538} INFO - Filling up the DagBag from /opt/airflow/dags/crypto_data_generator_dag.py
[2025-09-20T21:50:49.392+0000] {processor.py:840} INFO - DAG(s) 'crypto_data_generator' retrieved from /opt/airflow/dags/crypto_data_generator_dag.py
[2025-09-20T21:50:49.427+0000] {logging_mixin.py:188} INFO - [2025-09-20T21:50:49.426+0000] {dag.py:3036} INFO - Sync 1 DAGs
[2025-09-20T21:50:49.473+0000] {logging_mixin.py:188} INFO - [2025-09-20T21:50:49.472+0000] {dag.py:3823} INFO - Setting next_dagrun for crypto_data_generator to 2025-09-20 20:00:00+00:00, run_after=2025-09-20 21:00:00+00:00
[2025-09-20T21:50:49.508+0000] {processor.py:183} INFO - Processing /opt/airflow/dags/crypto_data_generator_dag.py took 1.091 seconds
[2025-09-20T21:51:19.647+0000] {processor.py:161} INFO - Started process (PID=292) to work on /opt/airflow/dags/crypto_data_generator_dag.py
[2025-09-20T21:51:19.649+0000] {processor.py:830} INFO - Processing file /opt/airflow/dags/crypto_data_generator_dag.py for tasks to queue
[2025-09-20T21:51:19.653+0000] {logging_mixin.py:188} INFO - [2025-09-20T21:51:19.652+0000] {dagbag.py:538} INFO - Filling up the DagBag from /opt/airflow/dags/crypto_data_generator_dag.py
[2025-09-20T21:51:20.709+0000] {processor.py:840} INFO - DAG(s) 'crypto_data_generator' retrieved from /opt/airflow/dags/crypto_data_generator_dag.py
[2025-09-20T21:51:20.737+0000] {logging_mixin.py:188} INFO - [2025-09-20T21:51:20.736+0000] {dag.py:3036} INFO - Sync 1 DAGs
[2025-09-20T21:51:20.783+0000] {logging_mixin.py:188} INFO - [2025-09-20T21:51:20.783+0000] {dag.py:3823} INFO - Setting next_dagrun for crypto_data_generator to 2025-09-20 20:00:00+00:00, run_after=2025-09-20 21:00:00+00:00
[2025-09-20T21:51:20.816+0000] {processor.py:183} INFO - Processing /opt/airflow/dags/crypto_data_generator_dag.py took 1.174 seconds
[2025-09-20T21:51:50.931+0000] {processor.py:161} INFO - Started process (PID=352) to work on /opt/airflow/dags/crypto_data_generator_dag.py
[2025-09-20T21:51:50.932+0000] {processor.py:830} INFO - Processing file /opt/airflow/dags/crypto_data_generator_dag.py for tasks to queue
[2025-09-20T21:51:50.936+0000] {logging_mixin.py:188} INFO - [2025-09-20T21:51:50.935+0000] {dagbag.py:538} INFO - Filling up the DagBag from /opt/airflow/dags/crypto_data_generator_dag.py
[2025-09-20T21:51:51.808+0000] {processor.py:840} INFO - DAG(s) 'crypto_data_generator' retrieved from /opt/airflow/dags/crypto_data_generator_dag.py
[2025-09-20T21:51:51.836+0000] {logging_mixin.py:188} INFO - [2025-09-20T21:51:51.836+0000] {dag.py:3036} INFO - Sync 1 DAGs
[2025-09-20T21:51:51.876+0000] {logging_mixin.py:188} INFO - [2025-09-20T21:51:51.875+0000] {dag.py:3823} INFO - Setting next_dagrun for crypto_data_generator to 2025-09-20 20:00:00+00:00, run_after=2025-09-20 21:00:00+00:00
[2025-09-20T21:51:51.914+0000] {processor.py:183} INFO - Processing /opt/airflow/dags/crypto_data_generator_dag.py took 0.989 seconds
[2025-09-20T21:52:22.116+0000] {processor.py:161} INFO - Started process (PID=414) to work on /opt/airflow/dags/crypto_data_generator_dag.py
[2025-09-20T21:52:22.118+0000] {processor.py:830} INFO - Processing file /opt/airflow/dags/crypto_data_generator_dag.py for tasks to queue
[2025-09-20T21:52:22.122+0000] {logging_mixin.py:188} INFO - [2025-09-20T21:52:22.121+0000] {dagbag.py:538} INFO - Filling up the DagBag from /opt/airflow/dags/crypto_data_generator_dag.py
[2025-09-20T21:52:23.149+0000] {processor.py:840} INFO - DAG(s) 'crypto_data_generator' retrieved from /opt/airflow/dags/crypto_data_generator_dag.py
[2025-09-20T21:52:23.214+0000] {logging_mixin.py:188} INFO - [2025-09-20T21:52:23.213+0000] {dag.py:3036} INFO - Sync 1 DAGs
[2025-09-20T21:52:23.270+0000] {logging_mixin.py:188} INFO - [2025-09-20T21:52:23.269+0000] {dag.py:3823} INFO - Setting next_dagrun for crypto_data_generator to 2025-09-20 20:00:00+00:00, run_after=2025-09-20 21:00:00+00:00
[2025-09-20T21:52:23.307+0000] {processor.py:183} INFO - Processing /opt/airflow/dags/crypto_data_generator_dag.py took 1.196 seconds
[2025-09-20T21:52:54.103+0000] {processor.py:161} INFO - Started process (PID=476) to work on /opt/airflow/dags/crypto_data_generator_dag.py
[2025-09-20T21:52:54.106+0000] {processor.py:830} INFO - Processing file /opt/airflow/dags/crypto_data_generator_dag.py for tasks to queue
[2025-09-20T21:52:54.113+0000] {logging_mixin.py:188} INFO - [2025-09-20T21:52:54.112+0000] {dagbag.py:538} INFO - Filling up the DagBag from /opt/airflow/dags/crypto_data_generator_dag.py
[2025-09-20T21:52:55.157+0000] {processor.py:840} INFO - DAG(s) 'crypto_data_generator' retrieved from /opt/airflow/dags/crypto_data_generator_dag.py
[2025-09-20T21:52:55.188+0000] {logging_mixin.py:188} INFO - [2025-09-20T21:52:55.187+0000] {dag.py:3036} INFO - Sync 1 DAGs
[2025-09-20T21:52:55.246+0000] {logging_mixin.py:188} INFO - [2025-09-20T21:52:55.246+0000] {dag.py:3823} INFO - Setting next_dagrun for crypto_data_generator to 2025-09-20 20:00:00+00:00, run_after=2025-09-20 21:00:00+00:00
[2025-09-20T21:52:55.290+0000] {processor.py:183} INFO - Processing /opt/airflow/dags/crypto_data_generator_dag.py took 1.199 seconds
[2025-09-20T21:53:25.815+0000] {processor.py:161} INFO - Started process (PID=536) to work on /opt/airflow/dags/crypto_data_generator_dag.py
[2025-09-20T21:53:25.817+0000] {processor.py:830} INFO - Processing file /opt/airflow/dags/crypto_data_generator_dag.py for tasks to queue
[2025-09-20T21:53:25.820+0000] {logging_mixin.py:188} INFO - [2025-09-20T21:53:25.819+0000] {dagbag.py:538} INFO - Filling up the DagBag from /opt/airflow/dags/crypto_data_generator_dag.py
[2025-09-20T21:53:26.686+0000] {processor.py:840} INFO - DAG(s) 'crypto_data_generator' retrieved from /opt/airflow/dags/crypto_data_generator_dag.py
[2025-09-20T21:53:26.712+0000] {logging_mixin.py:188} INFO - [2025-09-20T21:53:26.712+0000] {dag.py:3036} INFO - Sync 1 DAGs
[2025-09-20T21:53:26.751+0000] {logging_mixin.py:188} INFO - [2025-09-20T21:53:26.751+0000] {dag.py:3823} INFO - Setting next_dagrun for crypto_data_generator to 2025-09-20 20:00:00+00:00, run_after=2025-09-20 21:00:00+00:00
[2025-09-20T21:53:26.784+0000] {processor.py:183} INFO - Processing /opt/airflow/dags/crypto_data_generator_dag.py took 0.975 seconds
[2025-09-20T21:53:57.064+0000] {processor.py:161} INFO - Started process (PID=598) to work on /opt/airflow/dags/crypto_data_generator_dag.py
[2025-09-20T21:53:57.068+0000] {processor.py:830} INFO - Processing file /opt/airflow/dags/crypto_data_generator_dag.py for tasks to queue
[2025-09-20T21:53:57.080+0000] {logging_mixin.py:188} INFO - [2025-09-20T21:53:57.078+0000] {dagbag.py:538} INFO - Filling up the DagBag from /opt/airflow/dags/crypto_data_generator_dag.py
[2025-09-20T21:53:58.262+0000] {processor.py:840} INFO - DAG(s) 'crypto_data_generator' retrieved from /opt/airflow/dags/crypto_data_generator_dag.py
[2025-09-20T21:53:58.289+0000] {logging_mixin.py:188} INFO - [2025-09-20T21:53:58.289+0000] {dag.py:3036} INFO - Sync 1 DAGs
[2025-09-20T21:53:58.330+0000] {logging_mixin.py:188} INFO - [2025-09-20T21:53:58.330+0000] {dag.py:3823} INFO - Setting next_dagrun for crypto_data_generator to 2025-09-20 20:00:00+00:00, run_after=2025-09-20 21:00:00+00:00
[2025-09-20T21:53:58.365+0000] {processor.py:183} INFO - Processing /opt/airflow/dags/crypto_data_generator_dag.py took 1.311 seconds
[2025-09-20T21:54:28.526+0000] {processor.py:161} INFO - Started process (PID=657) to work on /opt/airflow/dags/crypto_data_generator_dag.py
[2025-09-20T21:54:28.528+0000] {processor.py:830} INFO - Processing file /opt/airflow/dags/crypto_data_generator_dag.py for tasks to queue
[2025-09-20T21:54:28.532+0000] {logging_mixin.py:188} INFO - [2025-09-20T21:54:28.531+0000] {dagbag.py:538} INFO - Filling up the DagBag from /opt/airflow/dags/crypto_data_generator_dag.py
[2025-09-20T21:54:29.484+0000] {processor.py:840} INFO - DAG(s) 'crypto_data_generator' retrieved from /opt/airflow/dags/crypto_data_generator_dag.py
[2025-09-20T21:54:29.529+0000] {logging_mixin.py:188} INFO - [2025-09-20T21:54:29.528+0000] {dag.py:3036} INFO - Sync 1 DAGs
[2025-09-20T21:54:29.582+0000] {logging_mixin.py:188} INFO - [2025-09-20T21:54:29.581+0000] {dag.py:3823} INFO - Setting next_dagrun for crypto_data_generator to 2025-09-20 21:00:00+00:00, run_after=2025-09-20 22:00:00+00:00
[2025-09-20T21:54:29.623+0000] {processor.py:183} INFO - Processing /opt/airflow/dags/crypto_data_generator_dag.py took 1.103 seconds
[2025-09-20T21:54:59.701+0000] {processor.py:161} INFO - Started process (PID=719) to work on /opt/airflow/dags/crypto_data_generator_dag.py
[2025-09-20T21:54:59.703+0000] {processor.py:830} INFO - Processing file /opt/airflow/dags/crypto_data_generator_dag.py for tasks to queue
[2025-09-20T21:54:59.706+0000] {logging_mixin.py:188} INFO - [2025-09-20T21:54:59.706+0000] {dagbag.py:538} INFO - Filling up the DagBag from /opt/airflow/dags/crypto_data_generator_dag.py
[2025-09-20T21:55:00.652+0000] {processor.py:840} INFO - DAG(s) 'crypto_data_generator' retrieved from /opt/airflow/dags/crypto_data_generator_dag.py
[2025-09-20T21:55:00.680+0000] {logging_mixin.py:188} INFO - [2025-09-20T21:55:00.679+0000] {dag.py:3036} INFO - Sync 1 DAGs
[2025-09-20T21:55:00.724+0000] {logging_mixin.py:188} INFO - [2025-09-20T21:55:00.724+0000] {dag.py:3823} INFO - Setting next_dagrun for crypto_data_generator to 2025-09-20 21:00:00+00:00, run_after=2025-09-20 22:00:00+00:00
[2025-09-20T21:55:00.761+0000] {processor.py:183} INFO - Processing /opt/airflow/dags/crypto_data_generator_dag.py took 1.067 seconds
[2025-09-20T21:55:30.978+0000] {processor.py:161} INFO - Started process (PID=789) to work on /opt/airflow/dags/crypto_data_generator_dag.py
[2025-09-20T21:55:30.980+0000] {processor.py:830} INFO - Processing file /opt/airflow/dags/crypto_data_generator_dag.py for tasks to queue
[2025-09-20T21:55:30.983+0000] {logging_mixin.py:188} INFO - [2025-09-20T21:55:30.983+0000] {dagbag.py:538} INFO - Filling up the DagBag from /opt/airflow/dags/crypto_data_generator_dag.py
[2025-09-20T21:55:32.163+0000] {processor.py:840} INFO - DAG(s) 'crypto_data_generator' retrieved from /opt/airflow/dags/crypto_data_generator_dag.py
[2025-09-20T21:55:32.205+0000] {logging_mixin.py:188} INFO - [2025-09-20T21:55:32.204+0000] {dag.py:3036} INFO - Sync 1 DAGs
[2025-09-20T21:55:32.269+0000] {logging_mixin.py:188} INFO - [2025-09-20T21:55:32.268+0000] {dag.py:3823} INFO - Setting next_dagrun for crypto_data_generator to 2025-09-20 21:00:00+00:00, run_after=2025-09-20 22:00:00+00:00
[2025-09-20T21:55:32.317+0000] {processor.py:183} INFO - Processing /opt/airflow/dags/crypto_data_generator_dag.py took 1.345 seconds
[2025-09-20T21:56:02.631+0000] {processor.py:161} INFO - Started process (PID=847) to work on /opt/airflow/dags/crypto_data_generator_dag.py
[2025-09-20T21:56:02.634+0000] {processor.py:830} INFO - Processing file /opt/airflow/dags/crypto_data_generator_dag.py for tasks to queue
[2025-09-20T21:56:02.648+0000] {logging_mixin.py:188} INFO - [2025-09-20T21:56:02.647+0000] {dagbag.py:538} INFO - Filling up the DagBag from /opt/airflow/dags/crypto_data_generator_dag.py
[2025-09-20T21:56:04.453+0000] {processor.py:840} INFO - DAG(s) 'crypto_data_generator' retrieved from /opt/airflow/dags/crypto_data_generator_dag.py
[2025-09-20T21:56:04.498+0000] {logging_mixin.py:188} INFO - [2025-09-20T21:56:04.497+0000] {dag.py:3036} INFO - Sync 1 DAGs
[2025-09-20T21:56:04.556+0000] {logging_mixin.py:188} INFO - [2025-09-20T21:56:04.556+0000] {dag.py:3823} INFO - Setting next_dagrun for crypto_data_generator to 2025-09-20 21:00:00+00:00, run_after=2025-09-20 22:00:00+00:00
[2025-09-20T21:56:04.613+0000] {processor.py:183} INFO - Processing /opt/airflow/dags/crypto_data_generator_dag.py took 2.000 seconds
[2025-09-20T21:56:35.375+0000] {processor.py:161} INFO - Started process (PID=910) to work on /opt/airflow/dags/crypto_data_generator_dag.py
[2025-09-20T21:56:35.378+0000] {processor.py:830} INFO - Processing file /opt/airflow/dags/crypto_data_generator_dag.py for tasks to queue
[2025-09-20T21:56:35.382+0000] {logging_mixin.py:188} INFO - [2025-09-20T21:56:35.381+0000] {dagbag.py:538} INFO - Filling up the DagBag from /opt/airflow/dags/crypto_data_generator_dag.py
[2025-09-20T21:56:36.412+0000] {processor.py:840} INFO - DAG(s) 'crypto_data_generator' retrieved from /opt/airflow/dags/crypto_data_generator_dag.py
[2025-09-20T21:56:36.440+0000] {logging_mixin.py:188} INFO - [2025-09-20T21:56:36.439+0000] {dag.py:3036} INFO - Sync 1 DAGs
[2025-09-20T21:56:36.482+0000] {logging_mixin.py:188} INFO - [2025-09-20T21:56:36.482+0000] {dag.py:3823} INFO - Setting next_dagrun for crypto_data_generator to 2025-09-20 21:00:00+00:00, run_after=2025-09-20 22:00:00+00:00
[2025-09-20T21:56:36.519+0000] {processor.py:183} INFO - Processing /opt/airflow/dags/crypto_data_generator_dag.py took 1.150 seconds
[2025-09-20T21:57:07.363+0000] {processor.py:161} INFO - Started process (PID=974) to work on /opt/airflow/dags/crypto_data_generator_dag.py
[2025-09-20T21:57:07.365+0000] {processor.py:830} INFO - Processing file /opt/airflow/dags/crypto_data_generator_dag.py for tasks to queue
[2025-09-20T21:57:07.369+0000] {logging_mixin.py:188} INFO - [2025-09-20T21:57:07.368+0000] {dagbag.py:538} INFO - Filling up the DagBag from /opt/airflow/dags/crypto_data_generator_dag.py
[2025-09-20T21:57:08.215+0000] {processor.py:840} INFO - DAG(s) 'crypto_data_generator' retrieved from /opt/airflow/dags/crypto_data_generator_dag.py
[2025-09-20T21:57:08.242+0000] {logging_mixin.py:188} INFO - [2025-09-20T21:57:08.241+0000] {dag.py:3036} INFO - Sync 1 DAGs
[2025-09-20T21:57:08.279+0000] {logging_mixin.py:188} INFO - [2025-09-20T21:57:08.278+0000] {dag.py:3823} INFO - Setting next_dagrun for crypto_data_generator to 2025-09-20 21:00:00+00:00, run_after=2025-09-20 22:00:00+00:00
[2025-09-20T21:57:08.317+0000] {processor.py:183} INFO - Processing /opt/airflow/dags/crypto_data_generator_dag.py took 0.960 seconds
[2025-09-20T21:57:38.829+0000] {processor.py:161} INFO - Started process (PID=1032) to work on /opt/airflow/dags/crypto_data_generator_dag.py
[2025-09-20T21:57:38.831+0000] {processor.py:830} INFO - Processing file /opt/airflow/dags/crypto_data_generator_dag.py for tasks to queue
[2025-09-20T21:57:38.834+0000] {logging_mixin.py:188} INFO - [2025-09-20T21:57:38.833+0000] {dagbag.py:538} INFO - Filling up the DagBag from /opt/airflow/dags/crypto_data_generator_dag.py
[2025-09-20T21:57:39.677+0000] {processor.py:840} INFO - DAG(s) 'crypto_data_generator' retrieved from /opt/airflow/dags/crypto_data_generator_dag.py
[2025-09-20T21:57:39.711+0000] {logging_mixin.py:188} INFO - [2025-09-20T21:57:39.710+0000] {dag.py:3036} INFO - Sync 1 DAGs
[2025-09-20T21:57:39.752+0000] {logging_mixin.py:188} INFO - [2025-09-20T21:57:39.752+0000] {dag.py:3823} INFO - Setting next_dagrun for crypto_data_generator to 2025-09-20 21:00:00+00:00, run_after=2025-09-20 22:00:00+00:00
[2025-09-20T21:57:39.789+0000] {processor.py:183} INFO - Processing /opt/airflow/dags/crypto_data_generator_dag.py took 0.966 seconds
[2025-09-20T21:58:10.164+0000] {processor.py:161} INFO - Started process (PID=1090) to work on /opt/airflow/dags/crypto_data_generator_dag.py
[2025-09-20T21:58:10.166+0000] {processor.py:830} INFO - Processing file /opt/airflow/dags/crypto_data_generator_dag.py for tasks to queue
[2025-09-20T21:58:10.170+0000] {logging_mixin.py:188} INFO - [2025-09-20T21:58:10.169+0000] {dagbag.py:538} INFO - Filling up the DagBag from /opt/airflow/dags/crypto_data_generator_dag.py
[2025-09-20T21:58:11.010+0000] {processor.py:840} INFO - DAG(s) 'crypto_data_generator' retrieved from /opt/airflow/dags/crypto_data_generator_dag.py
[2025-09-20T21:58:11.038+0000] {logging_mixin.py:188} INFO - [2025-09-20T21:58:11.037+0000] {dag.py:3036} INFO - Sync 1 DAGs
[2025-09-20T21:58:11.079+0000] {logging_mixin.py:188} INFO - [2025-09-20T21:58:11.078+0000] {dag.py:3823} INFO - Setting next_dagrun for crypto_data_generator to 2025-09-20 21:00:00+00:00, run_after=2025-09-20 22:00:00+00:00
[2025-09-20T21:58:11.117+0000] {processor.py:183} INFO - Processing /opt/airflow/dags/crypto_data_generator_dag.py took 0.958 seconds
[2025-09-20T21:58:42.058+0000] {processor.py:161} INFO - Started process (PID=1148) to work on /opt/airflow/dags/crypto_data_generator_dag.py
[2025-09-20T21:58:42.060+0000] {processor.py:830} INFO - Processing file /opt/airflow/dags/crypto_data_generator_dag.py for tasks to queue
[2025-09-20T21:58:42.063+0000] {logging_mixin.py:188} INFO - [2025-09-20T21:58:42.063+0000] {dagbag.py:538} INFO - Filling up the DagBag from /opt/airflow/dags/crypto_data_generator_dag.py
[2025-09-20T21:58:42.872+0000] {processor.py:840} INFO - DAG(s) 'crypto_data_generator' retrieved from /opt/airflow/dags/crypto_data_generator_dag.py
[2025-09-20T21:58:42.900+0000] {logging_mixin.py:188} INFO - [2025-09-20T21:58:42.899+0000] {dag.py:3036} INFO - Sync 1 DAGs
[2025-09-20T21:58:42.942+0000] {logging_mixin.py:188} INFO - [2025-09-20T21:58:42.941+0000] {dag.py:3823} INFO - Setting next_dagrun for crypto_data_generator to 2025-09-20 21:00:00+00:00, run_after=2025-09-20 22:00:00+00:00
[2025-09-20T21:58:42.980+0000] {processor.py:183} INFO - Processing /opt/airflow/dags/crypto_data_generator_dag.py took 0.927 seconds
[2025-09-20T21:59:13.456+0000] {processor.py:161} INFO - Started process (PID=1206) to work on /opt/airflow/dags/crypto_data_generator_dag.py
[2025-09-20T21:59:13.458+0000] {processor.py:830} INFO - Processing file /opt/airflow/dags/crypto_data_generator_dag.py for tasks to queue
[2025-09-20T21:59:13.461+0000] {logging_mixin.py:188} INFO - [2025-09-20T21:59:13.461+0000] {dagbag.py:538} INFO - Filling up the DagBag from /opt/airflow/dags/crypto_data_generator_dag.py
[2025-09-20T21:59:14.255+0000] {processor.py:840} INFO - DAG(s) 'crypto_data_generator' retrieved from /opt/airflow/dags/crypto_data_generator_dag.py
[2025-09-20T21:59:14.283+0000] {logging_mixin.py:188} INFO - [2025-09-20T21:59:14.282+0000] {dag.py:3036} INFO - Sync 1 DAGs
[2025-09-20T21:59:14.320+0000] {logging_mixin.py:188} INFO - [2025-09-20T21:59:14.320+0000] {dag.py:3823} INFO - Setting next_dagrun for crypto_data_generator to 2025-09-20 21:00:00+00:00, run_after=2025-09-20 22:00:00+00:00
[2025-09-20T21:59:14.352+0000] {processor.py:183} INFO - Processing /opt/airflow/dags/crypto_data_generator_dag.py took 0.902 seconds
[2025-09-20T21:59:44.725+0000] {processor.py:161} INFO - Started process (PID=1264) to work on /opt/airflow/dags/crypto_data_generator_dag.py
[2025-09-20T21:59:44.727+0000] {processor.py:830} INFO - Processing file /opt/airflow/dags/crypto_data_generator_dag.py for tasks to queue
[2025-09-20T21:59:44.730+0000] {logging_mixin.py:188} INFO - [2025-09-20T21:59:44.729+0000] {dagbag.py:538} INFO - Filling up the DagBag from /opt/airflow/dags/crypto_data_generator_dag.py
[2025-09-20T21:59:45.570+0000] {processor.py:840} INFO - DAG(s) 'crypto_data_generator' retrieved from /opt/airflow/dags/crypto_data_generator_dag.py
[2025-09-20T21:59:45.597+0000] {logging_mixin.py:188} INFO - [2025-09-20T21:59:45.596+0000] {dag.py:3036} INFO - Sync 1 DAGs
[2025-09-20T21:59:45.636+0000] {logging_mixin.py:188} INFO - [2025-09-20T21:59:45.636+0000] {dag.py:3823} INFO - Setting next_dagrun for crypto_data_generator to 2025-09-20 21:00:00+00:00, run_after=2025-09-20 22:00:00+00:00
[2025-09-20T21:59:45.674+0000] {processor.py:183} INFO - Processing /opt/airflow/dags/crypto_data_generator_dag.py took 0.955 seconds
[2025-09-20T22:00:16.403+0000] {processor.py:161} INFO - Started process (PID=1322) to work on /opt/airflow/dags/crypto_data_generator_dag.py
[2025-09-20T22:00:16.405+0000] {processor.py:830} INFO - Processing file /opt/airflow/dags/crypto_data_generator_dag.py for tasks to queue
[2025-09-20T22:00:16.409+0000] {logging_mixin.py:188} INFO - [2025-09-20T22:00:16.408+0000] {dagbag.py:538} INFO - Filling up the DagBag from /opt/airflow/dags/crypto_data_generator_dag.py
[2025-09-20T22:00:17.245+0000] {processor.py:840} INFO - DAG(s) 'crypto_data_generator' retrieved from /opt/airflow/dags/crypto_data_generator_dag.py
[2025-09-20T22:00:17.273+0000] {logging_mixin.py:188} INFO - [2025-09-20T22:00:17.272+0000] {dag.py:3036} INFO - Sync 1 DAGs
[2025-09-20T22:00:17.314+0000] {logging_mixin.py:188} INFO - [2025-09-20T22:00:17.314+0000] {dag.py:3823} INFO - Setting next_dagrun for crypto_data_generator to 2025-09-20 22:00:00+00:00, run_after=2025-09-20 23:00:00+00:00
[2025-09-20T22:00:17.354+0000] {processor.py:183} INFO - Processing /opt/airflow/dags/crypto_data_generator_dag.py took 0.957 seconds
[2025-09-20T22:00:47.804+0000] {processor.py:161} INFO - Started process (PID=1379) to work on /opt/airflow/dags/crypto_data_generator_dag.py
[2025-09-20T22:00:47.806+0000] {processor.py:830} INFO - Processing file /opt/airflow/dags/crypto_data_generator_dag.py for tasks to queue
[2025-09-20T22:00:47.810+0000] {logging_mixin.py:188} INFO - [2025-09-20T22:00:47.809+0000] {dagbag.py:538} INFO - Filling up the DagBag from /opt/airflow/dags/crypto_data_generator_dag.py
[2025-09-20T22:00:48.661+0000] {processor.py:840} INFO - DAG(s) 'crypto_data_generator' retrieved from /opt/airflow/dags/crypto_data_generator_dag.py
[2025-09-20T22:00:48.692+0000] {logging_mixin.py:188} INFO - [2025-09-20T22:00:48.691+0000] {dag.py:3036} INFO - Sync 1 DAGs
[2025-09-20T22:00:48.732+0000] {logging_mixin.py:188} INFO - [2025-09-20T22:00:48.732+0000] {dag.py:3823} INFO - Setting next_dagrun for crypto_data_generator to 2025-09-20 22:00:00+00:00, run_after=2025-09-20 23:00:00+00:00
[2025-09-20T22:00:48.770+0000] {processor.py:183} INFO - Processing /opt/airflow/dags/crypto_data_generator_dag.py took 0.971 seconds
[2025-09-20T22:01:19.791+0000] {processor.py:161} INFO - Started process (PID=1443) to work on /opt/airflow/dags/crypto_data_generator_dag.py
[2025-09-20T22:01:19.797+0000] {processor.py:830} INFO - Processing file /opt/airflow/dags/crypto_data_generator_dag.py for tasks to queue
[2025-09-20T22:01:19.806+0000] {logging_mixin.py:188} INFO - [2025-09-20T22:01:19.806+0000] {dagbag.py:538} INFO - Filling up the DagBag from /opt/airflow/dags/crypto_data_generator_dag.py
[2025-09-20T22:01:21.043+0000] {processor.py:840} INFO - DAG(s) 'crypto_data_generator' retrieved from /opt/airflow/dags/crypto_data_generator_dag.py
[2025-09-20T22:01:21.075+0000] {logging_mixin.py:188} INFO - [2025-09-20T22:01:21.075+0000] {dag.py:3036} INFO - Sync 1 DAGs
[2025-09-20T22:01:21.141+0000] {logging_mixin.py:188} INFO - [2025-09-20T22:01:21.140+0000] {dag.py:3823} INFO - Setting next_dagrun for crypto_data_generator to 2025-09-20 22:00:00+00:00, run_after=2025-09-20 23:00:00+00:00
[2025-09-20T22:01:21.187+0000] {processor.py:183} INFO - Processing /opt/airflow/dags/crypto_data_generator_dag.py took 1.415 seconds
[2025-09-20T22:01:51.518+0000] {processor.py:161} INFO - Started process (PID=1501) to work on /opt/airflow/dags/crypto_data_generator_dag.py
[2025-09-20T22:01:51.519+0000] {processor.py:830} INFO - Processing file /opt/airflow/dags/crypto_data_generator_dag.py for tasks to queue
[2025-09-20T22:01:51.522+0000] {logging_mixin.py:188} INFO - [2025-09-20T22:01:51.522+0000] {dagbag.py:538} INFO - Filling up the DagBag from /opt/airflow/dags/crypto_data_generator_dag.py
[2025-09-20T22:01:52.475+0000] {processor.py:840} INFO - DAG(s) 'crypto_data_generator' retrieved from /opt/airflow/dags/crypto_data_generator_dag.py
[2025-09-20T22:01:52.502+0000] {logging_mixin.py:188} INFO - [2025-09-20T22:01:52.501+0000] {dag.py:3036} INFO - Sync 1 DAGs
[2025-09-20T22:01:52.542+0000] {logging_mixin.py:188} INFO - [2025-09-20T22:01:52.542+0000] {dag.py:3823} INFO - Setting next_dagrun for crypto_data_generator to 2025-09-20 22:00:00+00:00, run_after=2025-09-20 23:00:00+00:00
[2025-09-20T22:01:52.574+0000] {processor.py:183} INFO - Processing /opt/airflow/dags/crypto_data_generator_dag.py took 1.071 seconds
[2025-09-20T22:02:23.083+0000] {processor.py:161} INFO - Started process (PID=1559) to work on /opt/airflow/dags/crypto_data_generator_dag.py
[2025-09-20T22:02:23.085+0000] {processor.py:830} INFO - Processing file /opt/airflow/dags/crypto_data_generator_dag.py for tasks to queue
[2025-09-20T22:02:23.088+0000] {logging_mixin.py:188} INFO - [2025-09-20T22:02:23.088+0000] {dagbag.py:538} INFO - Filling up the DagBag from /opt/airflow/dags/crypto_data_generator_dag.py
[2025-09-20T22:02:23.917+0000] {processor.py:840} INFO - DAG(s) 'crypto_data_generator' retrieved from /opt/airflow/dags/crypto_data_generator_dag.py
[2025-09-20T22:02:23.947+0000] {logging_mixin.py:188} INFO - [2025-09-20T22:02:23.946+0000] {dag.py:3036} INFO - Sync 1 DAGs
[2025-09-20T22:02:23.987+0000] {logging_mixin.py:188} INFO - [2025-09-20T22:02:23.986+0000] {dag.py:3823} INFO - Setting next_dagrun for crypto_data_generator to 2025-09-20 22:00:00+00:00, run_after=2025-09-20 23:00:00+00:00
[2025-09-20T22:02:24.027+0000] {processor.py:183} INFO - Processing /opt/airflow/dags/crypto_data_generator_dag.py took 0.950 seconds
[2025-09-20T22:02:54.774+0000] {processor.py:161} INFO - Started process (PID=1617) to work on /opt/airflow/dags/crypto_data_generator_dag.py
[2025-09-20T22:02:54.777+0000] {processor.py:830} INFO - Processing file /opt/airflow/dags/crypto_data_generator_dag.py for tasks to queue
[2025-09-20T22:02:54.780+0000] {logging_mixin.py:188} INFO - [2025-09-20T22:02:54.780+0000] {dagbag.py:538} INFO - Filling up the DagBag from /opt/airflow/dags/crypto_data_generator_dag.py
[2025-09-20T22:02:55.658+0000] {processor.py:840} INFO - DAG(s) 'crypto_data_generator' retrieved from /opt/airflow/dags/crypto_data_generator_dag.py
[2025-09-20T22:02:55.692+0000] {logging_mixin.py:188} INFO - [2025-09-20T22:02:55.691+0000] {dag.py:3036} INFO - Sync 1 DAGs
[2025-09-20T22:02:55.740+0000] {logging_mixin.py:188} INFO - [2025-09-20T22:02:55.739+0000] {dag.py:3823} INFO - Setting next_dagrun for crypto_data_generator to 2025-09-20 22:00:00+00:00, run_after=2025-09-20 23:00:00+00:00
[2025-09-20T22:02:55.773+0000] {processor.py:183} INFO - Processing /opt/airflow/dags/crypto_data_generator_dag.py took 1.004 seconds
[2025-09-20T22:03:26.242+0000] {processor.py:161} INFO - Started process (PID=1675) to work on /opt/airflow/dags/crypto_data_generator_dag.py
[2025-09-20T22:03:26.244+0000] {processor.py:830} INFO - Processing file /opt/airflow/dags/crypto_data_generator_dag.py for tasks to queue
[2025-09-20T22:03:26.248+0000] {logging_mixin.py:188} INFO - [2025-09-20T22:03:26.247+0000] {dagbag.py:538} INFO - Filling up the DagBag from /opt/airflow/dags/crypto_data_generator_dag.py
[2025-09-20T22:03:27.069+0000] {processor.py:840} INFO - DAG(s) 'crypto_data_generator' retrieved from /opt/airflow/dags/crypto_data_generator_dag.py
[2025-09-20T22:03:27.095+0000] {logging_mixin.py:188} INFO - [2025-09-20T22:03:27.095+0000] {dag.py:3036} INFO - Sync 1 DAGs
[2025-09-20T22:03:27.132+0000] {logging_mixin.py:188} INFO - [2025-09-20T22:03:27.132+0000] {dag.py:3823} INFO - Setting next_dagrun for crypto_data_generator to 2025-09-20 22:00:00+00:00, run_after=2025-09-20 23:00:00+00:00
[2025-09-20T22:03:27.168+0000] {processor.py:183} INFO - Processing /opt/airflow/dags/crypto_data_generator_dag.py took 0.932 seconds
[2025-09-20T22:03:57.639+0000] {processor.py:161} INFO - Started process (PID=1734) to work on /opt/airflow/dags/crypto_data_generator_dag.py
[2025-09-20T22:03:57.641+0000] {processor.py:830} INFO - Processing file /opt/airflow/dags/crypto_data_generator_dag.py for tasks to queue
[2025-09-20T22:03:57.645+0000] {logging_mixin.py:188} INFO - [2025-09-20T22:03:57.644+0000] {dagbag.py:538} INFO - Filling up the DagBag from /opt/airflow/dags/crypto_data_generator_dag.py
[2025-09-20T22:03:58.515+0000] {processor.py:840} INFO - DAG(s) 'crypto_data_generator' retrieved from /opt/airflow/dags/crypto_data_generator_dag.py
[2025-09-20T22:03:58.548+0000] {logging_mixin.py:188} INFO - [2025-09-20T22:03:58.548+0000] {dag.py:3036} INFO - Sync 1 DAGs
[2025-09-20T22:03:58.592+0000] {logging_mixin.py:188} INFO - [2025-09-20T22:03:58.592+0000] {dag.py:3823} INFO - Setting next_dagrun for crypto_data_generator to 2025-09-20 22:00:00+00:00, run_after=2025-09-20 23:00:00+00:00
[2025-09-20T22:03:58.636+0000] {processor.py:183} INFO - Processing /opt/airflow/dags/crypto_data_generator_dag.py took 1.003 seconds
[2025-09-20T22:04:28.989+0000] {processor.py:161} INFO - Started process (PID=1793) to work on /opt/airflow/dags/crypto_data_generator_dag.py
[2025-09-20T22:04:28.991+0000] {processor.py:830} INFO - Processing file /opt/airflow/dags/crypto_data_generator_dag.py for tasks to queue
[2025-09-20T22:04:28.994+0000] {logging_mixin.py:188} INFO - [2025-09-20T22:04:28.994+0000] {dagbag.py:538} INFO - Filling up the DagBag from /opt/airflow/dags/crypto_data_generator_dag.py
[2025-09-20T22:04:29.864+0000] {processor.py:840} INFO - DAG(s) 'crypto_data_generator' retrieved from /opt/airflow/dags/crypto_data_generator_dag.py
[2025-09-20T22:04:29.891+0000] {logging_mixin.py:188} INFO - [2025-09-20T22:04:29.890+0000] {dag.py:3036} INFO - Sync 1 DAGs
[2025-09-20T22:04:29.930+0000] {logging_mixin.py:188} INFO - [2025-09-20T22:04:29.930+0000] {dag.py:3823} INFO - Setting next_dagrun for crypto_data_generator to 2025-09-20 22:00:00+00:00, run_after=2025-09-20 23:00:00+00:00
[2025-09-20T22:04:29.961+0000] {processor.py:183} INFO - Processing /opt/airflow/dags/crypto_data_generator_dag.py took 0.978 seconds
[2025-09-20T22:05:00.125+0000] {processor.py:161} INFO - Started process (PID=1855) to work on /opt/airflow/dags/crypto_data_generator_dag.py
[2025-09-20T22:05:00.127+0000] {processor.py:830} INFO - Processing file /opt/airflow/dags/crypto_data_generator_dag.py for tasks to queue
[2025-09-20T22:05:00.131+0000] {logging_mixin.py:188} INFO - [2025-09-20T22:05:00.130+0000] {dagbag.py:538} INFO - Filling up the DagBag from /opt/airflow/dags/crypto_data_generator_dag.py
[2025-09-20T22:05:00.982+0000] {processor.py:840} INFO - DAG(s) 'crypto_data_generator' retrieved from /opt/airflow/dags/crypto_data_generator_dag.py
[2025-09-20T22:05:01.009+0000] {logging_mixin.py:188} INFO - [2025-09-20T22:05:01.009+0000] {dag.py:3036} INFO - Sync 1 DAGs
[2025-09-20T22:05:01.047+0000] {logging_mixin.py:188} INFO - [2025-09-20T22:05:01.047+0000] {dag.py:3823} INFO - Setting next_dagrun for crypto_data_generator to 2025-09-20 22:00:00+00:00, run_after=2025-09-20 23:00:00+00:00
[2025-09-20T22:05:01.079+0000] {processor.py:183} INFO - Processing /opt/airflow/dags/crypto_data_generator_dag.py took 0.961 seconds
[2025-09-20T22:05:31.482+0000] {processor.py:161} INFO - Started process (PID=1914) to work on /opt/airflow/dags/crypto_data_generator_dag.py
[2025-09-20T22:05:31.484+0000] {processor.py:830} INFO - Processing file /opt/airflow/dags/crypto_data_generator_dag.py for tasks to queue
[2025-09-20T22:05:31.487+0000] {logging_mixin.py:188} INFO - [2025-09-20T22:05:31.487+0000] {dagbag.py:538} INFO - Filling up the DagBag from /opt/airflow/dags/crypto_data_generator_dag.py
[2025-09-20T22:05:32.350+0000] {processor.py:840} INFO - DAG(s) 'crypto_data_generator' retrieved from /opt/airflow/dags/crypto_data_generator_dag.py
[2025-09-20T22:05:32.378+0000] {logging_mixin.py:188} INFO - [2025-09-20T22:05:32.378+0000] {dag.py:3036} INFO - Sync 1 DAGs
[2025-09-20T22:05:32.418+0000] {logging_mixin.py:188} INFO - [2025-09-20T22:05:32.418+0000] {dag.py:3823} INFO - Setting next_dagrun for crypto_data_generator to 2025-09-20 22:00:00+00:00, run_after=2025-09-20 23:00:00+00:00
[2025-09-20T22:05:32.456+0000] {processor.py:183} INFO - Processing /opt/airflow/dags/crypto_data_generator_dag.py took 0.980 seconds
[2025-09-20T22:06:03.288+0000] {processor.py:161} INFO - Started process (PID=1975) to work on /opt/airflow/dags/crypto_data_generator_dag.py
[2025-09-20T22:06:03.290+0000] {processor.py:830} INFO - Processing file /opt/airflow/dags/crypto_data_generator_dag.py for tasks to queue
[2025-09-20T22:06:03.294+0000] {logging_mixin.py:188} INFO - [2025-09-20T22:06:03.293+0000] {dagbag.py:538} INFO - Filling up the DagBag from /opt/airflow/dags/crypto_data_generator_dag.py
[2025-09-20T22:06:04.186+0000] {processor.py:840} INFO - DAG(s) 'crypto_data_generator' retrieved from /opt/airflow/dags/crypto_data_generator_dag.py
[2025-09-20T22:06:04.215+0000] {logging_mixin.py:188} INFO - [2025-09-20T22:06:04.214+0000] {dag.py:3036} INFO - Sync 1 DAGs
[2025-09-20T22:06:04.251+0000] {logging_mixin.py:188} INFO - [2025-09-20T22:06:04.251+0000] {dag.py:3823} INFO - Setting next_dagrun for crypto_data_generator to 2025-09-20 22:00:00+00:00, run_after=2025-09-20 23:00:00+00:00
[2025-09-20T22:06:04.287+0000] {processor.py:183} INFO - Processing /opt/airflow/dags/crypto_data_generator_dag.py took 1.006 seconds
[2025-09-20T22:06:34.703+0000] {processor.py:161} INFO - Started process (PID=2036) to work on /opt/airflow/dags/crypto_data_generator_dag.py
[2025-09-20T22:06:34.704+0000] {processor.py:830} INFO - Processing file /opt/airflow/dags/crypto_data_generator_dag.py for tasks to queue
[2025-09-20T22:06:34.709+0000] {logging_mixin.py:188} INFO - [2025-09-20T22:06:34.708+0000] {dagbag.py:538} INFO - Filling up the DagBag from /opt/airflow/dags/crypto_data_generator_dag.py
[2025-09-20T22:06:35.672+0000] {processor.py:840} INFO - DAG(s) 'crypto_data_generator' retrieved from /opt/airflow/dags/crypto_data_generator_dag.py
[2025-09-20T22:06:35.701+0000] {logging_mixin.py:188} INFO - [2025-09-20T22:06:35.700+0000] {dag.py:3036} INFO - Sync 1 DAGs
[2025-09-20T22:06:35.740+0000] {logging_mixin.py:188} INFO - [2025-09-20T22:06:35.740+0000] {dag.py:3823} INFO - Setting next_dagrun for crypto_data_generator to 2025-09-20 22:00:00+00:00, run_after=2025-09-20 23:00:00+00:00
[2025-09-20T22:06:35.778+0000] {processor.py:183} INFO - Processing /opt/airflow/dags/crypto_data_generator_dag.py took 1.081 seconds
[2025-09-20T22:07:05.994+0000] {processor.py:161} INFO - Started process (PID=2094) to work on /opt/airflow/dags/crypto_data_generator_dag.py
[2025-09-20T22:07:05.996+0000] {processor.py:830} INFO - Processing file /opt/airflow/dags/crypto_data_generator_dag.py for tasks to queue
[2025-09-20T22:07:06.000+0000] {logging_mixin.py:188} INFO - [2025-09-20T22:07:05.999+0000] {dagbag.py:538} INFO - Filling up the DagBag from /opt/airflow/dags/crypto_data_generator_dag.py
[2025-09-20T22:07:06.910+0000] {processor.py:840} INFO - DAG(s) 'crypto_data_generator' retrieved from /opt/airflow/dags/crypto_data_generator_dag.py
[2025-09-20T22:07:06.938+0000] {logging_mixin.py:188} INFO - [2025-09-20T22:07:06.937+0000] {dag.py:3036} INFO - Sync 1 DAGs
[2025-09-20T22:07:06.982+0000] {logging_mixin.py:188} INFO - [2025-09-20T22:07:06.981+0000] {dag.py:3823} INFO - Setting next_dagrun for crypto_data_generator to 2025-09-20 22:00:00+00:00, run_after=2025-09-20 23:00:00+00:00
[2025-09-20T22:07:07.019+0000] {processor.py:183} INFO - Processing /opt/airflow/dags/crypto_data_generator_dag.py took 1.032 seconds
[2025-09-20T22:07:37.217+0000] {processor.py:161} INFO - Started process (PID=2156) to work on /opt/airflow/dags/crypto_data_generator_dag.py
[2025-09-20T22:07:37.219+0000] {processor.py:830} INFO - Processing file /opt/airflow/dags/crypto_data_generator_dag.py for tasks to queue
[2025-09-20T22:07:37.222+0000] {logging_mixin.py:188} INFO - [2025-09-20T22:07:37.221+0000] {dagbag.py:538} INFO - Filling up the DagBag from /opt/airflow/dags/crypto_data_generator_dag.py
[2025-09-20T22:07:38.023+0000] {processor.py:840} INFO - DAG(s) 'crypto_data_generator' retrieved from /opt/airflow/dags/crypto_data_generator_dag.py
[2025-09-20T22:07:38.054+0000] {logging_mixin.py:188} INFO - [2025-09-20T22:07:38.053+0000] {dag.py:3036} INFO - Sync 1 DAGs
[2025-09-20T22:07:38.095+0000] {logging_mixin.py:188} INFO - [2025-09-20T22:07:38.095+0000] {dag.py:3823} INFO - Setting next_dagrun for crypto_data_generator to 2025-09-20 22:00:00+00:00, run_after=2025-09-20 23:00:00+00:00
[2025-09-20T22:07:38.128+0000] {processor.py:183} INFO - Processing /opt/airflow/dags/crypto_data_generator_dag.py took 0.918 seconds
[2025-09-20T22:08:08.696+0000] {processor.py:161} INFO - Started process (PID=2214) to work on /opt/airflow/dags/crypto_data_generator_dag.py
[2025-09-20T22:08:08.697+0000] {processor.py:830} INFO - Processing file /opt/airflow/dags/crypto_data_generator_dag.py for tasks to queue
[2025-09-20T22:08:08.701+0000] {logging_mixin.py:188} INFO - [2025-09-20T22:08:08.701+0000] {dagbag.py:538} INFO - Filling up the DagBag from /opt/airflow/dags/crypto_data_generator_dag.py
[2025-09-20T22:08:09.539+0000] {processor.py:840} INFO - DAG(s) 'crypto_data_generator' retrieved from /opt/airflow/dags/crypto_data_generator_dag.py
[2025-09-20T22:08:09.566+0000] {logging_mixin.py:188} INFO - [2025-09-20T22:08:09.565+0000] {dag.py:3036} INFO - Sync 1 DAGs
[2025-09-20T22:08:09.604+0000] {logging_mixin.py:188} INFO - [2025-09-20T22:08:09.604+0000] {dag.py:3823} INFO - Setting next_dagrun for crypto_data_generator to 2025-09-20 22:00:00+00:00, run_after=2025-09-20 23:00:00+00:00
[2025-09-20T22:08:09.637+0000] {processor.py:183} INFO - Processing /opt/airflow/dags/crypto_data_generator_dag.py took 0.948 seconds
[2025-09-20T22:08:40.248+0000] {processor.py:161} INFO - Started process (PID=2276) to work on /opt/airflow/dags/crypto_data_generator_dag.py
[2025-09-20T22:08:40.250+0000] {processor.py:830} INFO - Processing file /opt/airflow/dags/crypto_data_generator_dag.py for tasks to queue
[2025-09-20T22:08:40.254+0000] {logging_mixin.py:188} INFO - [2025-09-20T22:08:40.253+0000] {dagbag.py:538} INFO - Filling up the DagBag from /opt/airflow/dags/crypto_data_generator_dag.py
[2025-09-20T22:08:41.099+0000] {processor.py:840} INFO - DAG(s) 'crypto_data_generator' retrieved from /opt/airflow/dags/crypto_data_generator_dag.py
[2025-09-20T22:08:41.125+0000] {logging_mixin.py:188} INFO - [2025-09-20T22:08:41.124+0000] {dag.py:3036} INFO - Sync 1 DAGs
[2025-09-20T22:08:41.172+0000] {logging_mixin.py:188} INFO - [2025-09-20T22:08:41.172+0000] {dag.py:3823} INFO - Setting next_dagrun for crypto_data_generator to 2025-09-20 22:00:00+00:00, run_after=2025-09-20 23:00:00+00:00
[2025-09-20T22:08:41.211+0000] {processor.py:183} INFO - Processing /opt/airflow/dags/crypto_data_generator_dag.py took 0.970 seconds
[2025-09-20T22:09:11.279+0000] {processor.py:161} INFO - Started process (PID=2336) to work on /opt/airflow/dags/crypto_data_generator_dag.py
[2025-09-20T22:09:11.281+0000] {processor.py:830} INFO - Processing file /opt/airflow/dags/crypto_data_generator_dag.py for tasks to queue
[2025-09-20T22:09:11.284+0000] {logging_mixin.py:188} INFO - [2025-09-20T22:09:11.284+0000] {dagbag.py:538} INFO - Filling up the DagBag from /opt/airflow/dags/crypto_data_generator_dag.py
[2025-09-20T22:09:12.254+0000] {processor.py:840} INFO - DAG(s) 'crypto_data_generator' retrieved from /opt/airflow/dags/crypto_data_generator_dag.py
[2025-09-20T22:09:12.285+0000] {logging_mixin.py:188} INFO - [2025-09-20T22:09:12.284+0000] {dag.py:3036} INFO - Sync 1 DAGs
[2025-09-20T22:09:12.331+0000] {logging_mixin.py:188} INFO - [2025-09-20T22:09:12.331+0000] {dag.py:3823} INFO - Setting next_dagrun for crypto_data_generator to 2025-09-20 22:00:00+00:00, run_after=2025-09-20 23:00:00+00:00
[2025-09-20T22:09:12.373+0000] {processor.py:183} INFO - Processing /opt/airflow/dags/crypto_data_generator_dag.py took 1.101 seconds
[2025-09-20T22:09:42.541+0000] {processor.py:161} INFO - Started process (PID=2394) to work on /opt/airflow/dags/crypto_data_generator_dag.py
[2025-09-20T22:09:42.543+0000] {processor.py:830} INFO - Processing file /opt/airflow/dags/crypto_data_generator_dag.py for tasks to queue
[2025-09-20T22:09:42.547+0000] {logging_mixin.py:188} INFO - [2025-09-20T22:09:42.546+0000] {dagbag.py:538} INFO - Filling up the DagBag from /opt/airflow/dags/crypto_data_generator_dag.py
[2025-09-20T22:09:43.434+0000] {processor.py:840} INFO - DAG(s) 'crypto_data_generator' retrieved from /opt/airflow/dags/crypto_data_generator_dag.py
[2025-09-20T22:09:43.461+0000] {logging_mixin.py:188} INFO - [2025-09-20T22:09:43.461+0000] {dag.py:3036} INFO - Sync 1 DAGs
[2025-09-20T22:09:43.508+0000] {logging_mixin.py:188} INFO - [2025-09-20T22:09:43.508+0000] {dag.py:3823} INFO - Setting next_dagrun for crypto_data_generator to 2025-09-20 22:00:00+00:00, run_after=2025-09-20 23:00:00+00:00
[2025-09-20T22:09:43.544+0000] {processor.py:183} INFO - Processing /opt/airflow/dags/crypto_data_generator_dag.py took 1.008 seconds
[2025-09-20T22:10:13.776+0000] {processor.py:161} INFO - Started process (PID=2453) to work on /opt/airflow/dags/crypto_data_generator_dag.py
[2025-09-20T22:10:13.778+0000] {processor.py:830} INFO - Processing file /opt/airflow/dags/crypto_data_generator_dag.py for tasks to queue
[2025-09-20T22:10:13.782+0000] {logging_mixin.py:188} INFO - [2025-09-20T22:10:13.781+0000] {dagbag.py:538} INFO - Filling up the DagBag from /opt/airflow/dags/crypto_data_generator_dag.py
[2025-09-20T22:10:15.133+0000] {processor.py:840} INFO - DAG(s) 'crypto_data_generator' retrieved from /opt/airflow/dags/crypto_data_generator_dag.py
[2025-09-20T22:10:15.169+0000] {logging_mixin.py:188} INFO - [2025-09-20T22:10:15.168+0000] {dag.py:3036} INFO - Sync 1 DAGs
[2025-09-20T22:10:15.230+0000] {logging_mixin.py:188} INFO - [2025-09-20T22:10:15.229+0000] {dag.py:3823} INFO - Setting next_dagrun for crypto_data_generator to 2025-09-20 22:00:00+00:00, run_after=2025-09-20 23:00:00+00:00
[2025-09-20T22:10:15.279+0000] {processor.py:183} INFO - Processing /opt/airflow/dags/crypto_data_generator_dag.py took 1.512 seconds
[2025-09-20T22:10:45.621+0000] {processor.py:161} INFO - Started process (PID=2512) to work on /opt/airflow/dags/crypto_data_generator_dag.py
[2025-09-20T22:10:45.622+0000] {processor.py:830} INFO - Processing file /opt/airflow/dags/crypto_data_generator_dag.py for tasks to queue
[2025-09-20T22:10:45.626+0000] {logging_mixin.py:188} INFO - [2025-09-20T22:10:45.625+0000] {dagbag.py:538} INFO - Filling up the DagBag from /opt/airflow/dags/crypto_data_generator_dag.py
[2025-09-20T22:10:46.278+0000] {processor.py:840} INFO - DAG(s) 'crypto_data_generator' retrieved from /opt/airflow/dags/crypto_data_generator_dag.py
[2025-09-20T22:10:46.309+0000] {logging_mixin.py:188} INFO - [2025-09-20T22:10:46.308+0000] {dag.py:3036} INFO - Sync 1 DAGs
[2025-09-20T22:10:46.350+0000] {logging_mixin.py:188} INFO - [2025-09-20T22:10:46.349+0000] {dag.py:3823} INFO - Setting next_dagrun for crypto_data_generator to 2025-09-20 22:00:00+00:00, run_after=2025-09-20 23:00:00+00:00
[2025-09-20T22:10:46.384+0000] {processor.py:183} INFO - Processing /opt/airflow/dags/crypto_data_generator_dag.py took 0.769 seconds
[2025-09-20T22:11:16.708+0000] {processor.py:161} INFO - Started process (PID=2574) to work on /opt/airflow/dags/crypto_data_generator_dag.py
[2025-09-20T22:11:16.710+0000] {processor.py:830} INFO - Processing file /opt/airflow/dags/crypto_data_generator_dag.py for tasks to queue
[2025-09-20T22:11:16.713+0000] {logging_mixin.py:188} INFO - [2025-09-20T22:11:16.713+0000] {dagbag.py:538} INFO - Filling up the DagBag from /opt/airflow/dags/crypto_data_generator_dag.py
[2025-09-20T22:11:17.495+0000] {processor.py:840} INFO - DAG(s) 'crypto_data_generator' retrieved from /opt/airflow/dags/crypto_data_generator_dag.py
[2025-09-20T22:11:17.530+0000] {logging_mixin.py:188} INFO - [2025-09-20T22:11:17.529+0000] {dag.py:3036} INFO - Sync 1 DAGs
[2025-09-20T22:11:17.583+0000] {logging_mixin.py:188} INFO - [2025-09-20T22:11:17.583+0000] {dag.py:3823} INFO - Setting next_dagrun for crypto_data_generator to 2025-09-20 22:00:00+00:00, run_after=2025-09-20 23:00:00+00:00
[2025-09-20T22:11:17.627+0000] {processor.py:183} INFO - Processing /opt/airflow/dags/crypto_data_generator_dag.py took 0.925 seconds
[2025-09-20T22:11:48.036+0000] {processor.py:161} INFO - Started process (PID=2633) to work on /opt/airflow/dags/crypto_data_generator_dag.py
[2025-09-20T22:11:48.038+0000] {processor.py:830} INFO - Processing file /opt/airflow/dags/crypto_data_generator_dag.py for tasks to queue
[2025-09-20T22:11:48.041+0000] {logging_mixin.py:188} INFO - [2025-09-20T22:11:48.040+0000] {dagbag.py:538} INFO - Filling up the DagBag from /opt/airflow/dags/crypto_data_generator_dag.py
[2025-09-20T22:11:48.751+0000] {processor.py:840} INFO - DAG(s) 'crypto_data_generator' retrieved from /opt/airflow/dags/crypto_data_generator_dag.py
[2025-09-20T22:11:48.781+0000] {logging_mixin.py:188} INFO - [2025-09-20T22:11:48.780+0000] {dag.py:3036} INFO - Sync 1 DAGs
[2025-09-20T22:11:48.831+0000] {logging_mixin.py:188} INFO - [2025-09-20T22:11:48.831+0000] {dag.py:3823} INFO - Setting next_dagrun for crypto_data_generator to 2025-09-20 22:00:00+00:00, run_after=2025-09-20 23:00:00+00:00
[2025-09-20T22:11:48.871+0000] {processor.py:183} INFO - Processing /opt/airflow/dags/crypto_data_generator_dag.py took 0.841 seconds
[2025-09-20T22:12:19.909+0000] {processor.py:161} INFO - Started process (PID=2693) to work on /opt/airflow/dags/crypto_data_generator_dag.py
[2025-09-20T22:12:19.912+0000] {processor.py:830} INFO - Processing file /opt/airflow/dags/crypto_data_generator_dag.py for tasks to queue
[2025-09-20T22:12:19.916+0000] {logging_mixin.py:188} INFO - [2025-09-20T22:12:19.916+0000] {dagbag.py:538} INFO - Filling up the DagBag from /opt/airflow/dags/crypto_data_generator_dag.py
[2025-09-20T22:12:20.900+0000] {processor.py:840} INFO - DAG(s) 'crypto_data_generator' retrieved from /opt/airflow/dags/crypto_data_generator_dag.py
[2025-09-20T22:12:20.934+0000] {logging_mixin.py:188} INFO - [2025-09-20T22:12:20.934+0000] {dag.py:3036} INFO - Sync 1 DAGs
[2025-09-20T22:12:20.991+0000] {logging_mixin.py:188} INFO - [2025-09-20T22:12:20.990+0000] {dag.py:3823} INFO - Setting next_dagrun for crypto_data_generator to 2025-09-20 22:00:00+00:00, run_after=2025-09-20 23:00:00+00:00
[2025-09-20T22:12:21.036+0000] {processor.py:183} INFO - Processing /opt/airflow/dags/crypto_data_generator_dag.py took 1.134 seconds
[2025-09-20T22:12:51.275+0000] {processor.py:161} INFO - Started process (PID=2760) to work on /opt/airflow/dags/crypto_data_generator_dag.py
[2025-09-20T22:12:51.277+0000] {processor.py:830} INFO - Processing file /opt/airflow/dags/crypto_data_generator_dag.py for tasks to queue
[2025-09-20T22:12:51.280+0000] {logging_mixin.py:188} INFO - [2025-09-20T22:12:51.280+0000] {dagbag.py:538} INFO - Filling up the DagBag from /opt/airflow/dags/crypto_data_generator_dag.py
[2025-09-20T22:12:51.948+0000] {processor.py:840} INFO - DAG(s) 'crypto_data_generator' retrieved from /opt/airflow/dags/crypto_data_generator_dag.py
[2025-09-20T22:12:51.980+0000] {logging_mixin.py:188} INFO - [2025-09-20T22:12:51.980+0000] {dag.py:3036} INFO - Sync 1 DAGs
[2025-09-20T22:12:52.025+0000] {logging_mixin.py:188} INFO - [2025-09-20T22:12:52.024+0000] {dag.py:3823} INFO - Setting next_dagrun for crypto_data_generator to 2025-09-20 22:00:00+00:00, run_after=2025-09-20 23:00:00+00:00
[2025-09-20T22:12:52.061+0000] {processor.py:183} INFO - Processing /opt/airflow/dags/crypto_data_generator_dag.py took 0.792 seconds
[2025-09-20T22:13:22.280+0000] {processor.py:161} INFO - Started process (PID=2821) to work on /opt/airflow/dags/crypto_data_generator_dag.py
[2025-09-20T22:13:22.282+0000] {processor.py:830} INFO - Processing file /opt/airflow/dags/crypto_data_generator_dag.py for tasks to queue
[2025-09-20T22:13:22.286+0000] {logging_mixin.py:188} INFO - [2025-09-20T22:13:22.285+0000] {dagbag.py:538} INFO - Filling up the DagBag from /opt/airflow/dags/crypto_data_generator_dag.py
[2025-09-20T22:13:22.913+0000] {processor.py:840} INFO - DAG(s) 'crypto_data_generator' retrieved from /opt/airflow/dags/crypto_data_generator_dag.py
[2025-09-20T22:13:22.945+0000] {logging_mixin.py:188} INFO - [2025-09-20T22:13:22.944+0000] {dag.py:3036} INFO - Sync 1 DAGs
[2025-09-20T22:13:22.986+0000] {logging_mixin.py:188} INFO - [2025-09-20T22:13:22.985+0000] {dag.py:3823} INFO - Setting next_dagrun for crypto_data_generator to 2025-09-20 22:00:00+00:00, run_after=2025-09-20 23:00:00+00:00
[2025-09-20T22:13:23.022+0000] {processor.py:183} INFO - Processing /opt/airflow/dags/crypto_data_generator_dag.py took 0.748 seconds
[2025-09-20T22:13:53.481+0000] {processor.py:161} INFO - Started process (PID=2879) to work on /opt/airflow/dags/crypto_data_generator_dag.py
[2025-09-20T22:13:53.483+0000] {processor.py:830} INFO - Processing file /opt/airflow/dags/crypto_data_generator_dag.py for tasks to queue
[2025-09-20T22:13:53.487+0000] {logging_mixin.py:188} INFO - [2025-09-20T22:13:53.487+0000] {dagbag.py:538} INFO - Filling up the DagBag from /opt/airflow/dags/crypto_data_generator_dag.py
[2025-09-20T22:13:54.177+0000] {processor.py:840} INFO - DAG(s) 'crypto_data_generator' retrieved from /opt/airflow/dags/crypto_data_generator_dag.py
[2025-09-20T22:13:54.211+0000] {logging_mixin.py:188} INFO - [2025-09-20T22:13:54.210+0000] {dag.py:3036} INFO - Sync 1 DAGs
[2025-09-20T22:13:54.255+0000] {logging_mixin.py:188} INFO - [2025-09-20T22:13:54.255+0000] {dag.py:3823} INFO - Setting next_dagrun for crypto_data_generator to 2025-09-20 22:00:00+00:00, run_after=2025-09-20 23:00:00+00:00
[2025-09-20T22:13:54.291+0000] {processor.py:183} INFO - Processing /opt/airflow/dags/crypto_data_generator_dag.py took 0.818 seconds
[2025-09-20T22:14:24.377+0000] {processor.py:161} INFO - Started process (PID=2938) to work on /opt/airflow/dags/crypto_data_generator_dag.py
[2025-09-20T22:14:24.379+0000] {processor.py:830} INFO - Processing file /opt/airflow/dags/crypto_data_generator_dag.py for tasks to queue
[2025-09-20T22:14:24.382+0000] {logging_mixin.py:188} INFO - [2025-09-20T22:14:24.382+0000] {dagbag.py:538} INFO - Filling up the DagBag from /opt/airflow/dags/crypto_data_generator_dag.py
[2025-09-20T22:14:25.123+0000] {processor.py:840} INFO - DAG(s) 'crypto_data_generator' retrieved from /opt/airflow/dags/crypto_data_generator_dag.py
[2025-09-20T22:14:25.154+0000] {logging_mixin.py:188} INFO - [2025-09-20T22:14:25.153+0000] {dag.py:3036} INFO - Sync 1 DAGs
[2025-09-20T22:14:25.203+0000] {logging_mixin.py:188} INFO - [2025-09-20T22:14:25.203+0000] {dag.py:3823} INFO - Setting next_dagrun for crypto_data_generator to 2025-09-20 22:00:00+00:00, run_after=2025-09-20 23:00:00+00:00
[2025-09-20T22:14:25.242+0000] {processor.py:183} INFO - Processing /opt/airflow/dags/crypto_data_generator_dag.py took 0.871 seconds
[2025-09-20T22:14:55.620+0000] {processor.py:161} INFO - Started process (PID=2998) to work on /opt/airflow/dags/crypto_data_generator_dag.py
[2025-09-20T22:14:55.622+0000] {processor.py:830} INFO - Processing file /opt/airflow/dags/crypto_data_generator_dag.py for tasks to queue
[2025-09-20T22:14:55.626+0000] {logging_mixin.py:188} INFO - [2025-09-20T22:14:55.625+0000] {dagbag.py:538} INFO - Filling up the DagBag from /opt/airflow/dags/crypto_data_generator_dag.py
[2025-09-20T22:14:56.331+0000] {processor.py:840} INFO - DAG(s) 'crypto_data_generator' retrieved from /opt/airflow/dags/crypto_data_generator_dag.py
[2025-09-20T22:14:56.363+0000] {logging_mixin.py:188} INFO - [2025-09-20T22:14:56.362+0000] {dag.py:3036} INFO - Sync 1 DAGs
[2025-09-20T22:14:56.411+0000] {logging_mixin.py:188} INFO - [2025-09-20T22:14:56.411+0000] {dag.py:3823} INFO - Setting next_dagrun for crypto_data_generator to 2025-09-20 22:00:00+00:00, run_after=2025-09-20 23:00:00+00:00
[2025-09-20T22:14:56.446+0000] {processor.py:183} INFO - Processing /opt/airflow/dags/crypto_data_generator_dag.py took 0.832 seconds
[2025-09-20T22:15:26.549+0000] {processor.py:161} INFO - Started process (PID=3057) to work on /opt/airflow/dags/crypto_data_generator_dag.py
[2025-09-20T22:15:26.550+0000] {processor.py:830} INFO - Processing file /opt/airflow/dags/crypto_data_generator_dag.py for tasks to queue
[2025-09-20T22:15:26.554+0000] {logging_mixin.py:188} INFO - [2025-09-20T22:15:26.553+0000] {dagbag.py:538} INFO - Filling up the DagBag from /opt/airflow/dags/crypto_data_generator_dag.py
[2025-09-20T22:15:27.224+0000] {processor.py:840} INFO - DAG(s) 'crypto_data_generator' retrieved from /opt/airflow/dags/crypto_data_generator_dag.py
[2025-09-20T22:15:27.253+0000] {logging_mixin.py:188} INFO - [2025-09-20T22:15:27.253+0000] {dag.py:3036} INFO - Sync 1 DAGs
[2025-09-20T22:15:27.295+0000] {logging_mixin.py:188} INFO - [2025-09-20T22:15:27.295+0000] {dag.py:3823} INFO - Setting next_dagrun for crypto_data_generator to 2025-09-20 22:00:00+00:00, run_after=2025-09-20 23:00:00+00:00
[2025-09-20T22:15:27.330+0000] {processor.py:183} INFO - Processing /opt/airflow/dags/crypto_data_generator_dag.py took 0.788 seconds
[2025-09-20T22:15:57.487+0000] {processor.py:161} INFO - Started process (PID=3117) to work on /opt/airflow/dags/crypto_data_generator_dag.py
[2025-09-20T22:15:57.489+0000] {processor.py:830} INFO - Processing file /opt/airflow/dags/crypto_data_generator_dag.py for tasks to queue
[2025-09-20T22:15:57.493+0000] {logging_mixin.py:188} INFO - [2025-09-20T22:15:57.492+0000] {dagbag.py:538} INFO - Filling up the DagBag from /opt/airflow/dags/crypto_data_generator_dag.py
[2025-09-20T22:15:58.223+0000] {processor.py:840} INFO - DAG(s) 'crypto_data_generator' retrieved from /opt/airflow/dags/crypto_data_generator_dag.py
[2025-09-20T22:15:58.254+0000] {logging_mixin.py:188} INFO - [2025-09-20T22:15:58.253+0000] {dag.py:3036} INFO - Sync 1 DAGs
[2025-09-20T22:15:58.300+0000] {logging_mixin.py:188} INFO - [2025-09-20T22:15:58.299+0000] {dag.py:3823} INFO - Setting next_dagrun for crypto_data_generator to 2025-09-20 22:00:00+00:00, run_after=2025-09-20 23:00:00+00:00
[2025-09-20T22:15:58.341+0000] {processor.py:183} INFO - Processing /opt/airflow/dags/crypto_data_generator_dag.py took 0.859 seconds
[2025-09-20T22:16:28.436+0000] {processor.py:161} INFO - Started process (PID=3176) to work on /opt/airflow/dags/crypto_data_generator_dag.py
[2025-09-20T22:16:28.438+0000] {processor.py:830} INFO - Processing file /opt/airflow/dags/crypto_data_generator_dag.py for tasks to queue
[2025-09-20T22:16:28.441+0000] {logging_mixin.py:188} INFO - [2025-09-20T22:16:28.441+0000] {dagbag.py:538} INFO - Filling up the DagBag from /opt/airflow/dags/crypto_data_generator_dag.py
[2025-09-20T22:16:29.139+0000] {processor.py:840} INFO - DAG(s) 'crypto_data_generator' retrieved from /opt/airflow/dags/crypto_data_generator_dag.py
[2025-09-20T22:16:29.168+0000] {logging_mixin.py:188} INFO - [2025-09-20T22:16:29.167+0000] {dag.py:3036} INFO - Sync 1 DAGs
[2025-09-20T22:16:29.220+0000] {logging_mixin.py:188} INFO - [2025-09-20T22:16:29.219+0000] {dag.py:3823} INFO - Setting next_dagrun for crypto_data_generator to 2025-09-20 22:00:00+00:00, run_after=2025-09-20 23:00:00+00:00
[2025-09-20T22:16:29.255+0000] {processor.py:183} INFO - Processing /opt/airflow/dags/crypto_data_generator_dag.py took 0.825 seconds
[2025-09-20T22:16:59.573+0000] {processor.py:161} INFO - Started process (PID=3237) to work on /opt/airflow/dags/crypto_data_generator_dag.py
[2025-09-20T22:16:59.575+0000] {processor.py:830} INFO - Processing file /opt/airflow/dags/crypto_data_generator_dag.py for tasks to queue
[2025-09-20T22:16:59.579+0000] {logging_mixin.py:188} INFO - [2025-09-20T22:16:59.578+0000] {dagbag.py:538} INFO - Filling up the DagBag from /opt/airflow/dags/crypto_data_generator_dag.py
[2025-09-20T22:17:00.253+0000] {processor.py:840} INFO - DAG(s) 'crypto_data_generator' retrieved from /opt/airflow/dags/crypto_data_generator_dag.py
[2025-09-20T22:17:00.283+0000] {logging_mixin.py:188} INFO - [2025-09-20T22:17:00.282+0000] {dag.py:3036} INFO - Sync 1 DAGs
[2025-09-20T22:17:00.325+0000] {logging_mixin.py:188} INFO - [2025-09-20T22:17:00.325+0000] {dag.py:3823} INFO - Setting next_dagrun for crypto_data_generator to 2025-09-20 22:00:00+00:00, run_after=2025-09-20 23:00:00+00:00
[2025-09-20T22:17:00.358+0000] {processor.py:183} INFO - Processing /opt/airflow/dags/crypto_data_generator_dag.py took 0.791 seconds
[2025-09-20T22:17:30.810+0000] {processor.py:161} INFO - Started process (PID=3297) to work on /opt/airflow/dags/crypto_data_generator_dag.py
[2025-09-20T22:17:30.812+0000] {processor.py:830} INFO - Processing file /opt/airflow/dags/crypto_data_generator_dag.py for tasks to queue
[2025-09-20T22:17:30.816+0000] {logging_mixin.py:188} INFO - [2025-09-20T22:17:30.815+0000] {dagbag.py:538} INFO - Filling up the DagBag from /opt/airflow/dags/crypto_data_generator_dag.py
[2025-09-20T22:17:31.538+0000] {processor.py:840} INFO - DAG(s) 'crypto_data_generator' retrieved from /opt/airflow/dags/crypto_data_generator_dag.py
[2025-09-20T22:17:31.572+0000] {logging_mixin.py:188} INFO - [2025-09-20T22:17:31.571+0000] {dag.py:3036} INFO - Sync 1 DAGs
[2025-09-20T22:17:31.617+0000] {logging_mixin.py:188} INFO - [2025-09-20T22:17:31.616+0000] {dag.py:3823} INFO - Setting next_dagrun for crypto_data_generator to 2025-09-20 22:00:00+00:00, run_after=2025-09-20 23:00:00+00:00
[2025-09-20T22:17:31.657+0000] {processor.py:183} INFO - Processing /opt/airflow/dags/crypto_data_generator_dag.py took 0.853 seconds
[2025-09-20T22:18:02.048+0000] {processor.py:161} INFO - Started process (PID=3357) to work on /opt/airflow/dags/crypto_data_generator_dag.py
[2025-09-20T22:18:02.050+0000] {processor.py:830} INFO - Processing file /opt/airflow/dags/crypto_data_generator_dag.py for tasks to queue
[2025-09-20T22:18:02.053+0000] {logging_mixin.py:188} INFO - [2025-09-20T22:18:02.053+0000] {dagbag.py:538} INFO - Filling up the DagBag from /opt/airflow/dags/crypto_data_generator_dag.py
[2025-09-20T22:18:02.758+0000] {processor.py:840} INFO - DAG(s) 'crypto_data_generator' retrieved from /opt/airflow/dags/crypto_data_generator_dag.py
[2025-09-20T22:18:02.788+0000] {logging_mixin.py:188} INFO - [2025-09-20T22:18:02.787+0000] {dag.py:3036} INFO - Sync 1 DAGs
[2025-09-20T22:18:02.839+0000] {logging_mixin.py:188} INFO - [2025-09-20T22:18:02.839+0000] {dag.py:3823} INFO - Setting next_dagrun for crypto_data_generator to 2025-09-20 22:00:00+00:00, run_after=2025-09-20 23:00:00+00:00
[2025-09-20T22:18:02.880+0000] {processor.py:183} INFO - Processing /opt/airflow/dags/crypto_data_generator_dag.py took 0.838 seconds
[2025-09-20T22:18:33.121+0000] {processor.py:161} INFO - Started process (PID=3415) to work on /opt/airflow/dags/crypto_data_generator_dag.py
[2025-09-20T22:18:33.123+0000] {processor.py:830} INFO - Processing file /opt/airflow/dags/crypto_data_generator_dag.py for tasks to queue
[2025-09-20T22:18:33.126+0000] {logging_mixin.py:188} INFO - [2025-09-20T22:18:33.126+0000] {dagbag.py:538} INFO - Filling up the DagBag from /opt/airflow/dags/crypto_data_generator_dag.py
[2025-09-20T22:18:33.770+0000] {processor.py:840} INFO - DAG(s) 'crypto_data_generator' retrieved from /opt/airflow/dags/crypto_data_generator_dag.py
[2025-09-20T22:18:33.804+0000] {logging_mixin.py:188} INFO - [2025-09-20T22:18:33.803+0000] {dag.py:3036} INFO - Sync 1 DAGs
[2025-09-20T22:18:33.855+0000] {logging_mixin.py:188} INFO - [2025-09-20T22:18:33.855+0000] {dag.py:3823} INFO - Setting next_dagrun for crypto_data_generator to 2025-09-20 22:00:00+00:00, run_after=2025-09-20 23:00:00+00:00
[2025-09-20T22:18:33.894+0000] {processor.py:183} INFO - Processing /opt/airflow/dags/crypto_data_generator_dag.py took 0.779 seconds
[2025-09-20T22:19:04.269+0000] {processor.py:161} INFO - Started process (PID=3473) to work on /opt/airflow/dags/crypto_data_generator_dag.py
[2025-09-20T22:19:04.271+0000] {processor.py:830} INFO - Processing file /opt/airflow/dags/crypto_data_generator_dag.py for tasks to queue
[2025-09-20T22:19:04.275+0000] {logging_mixin.py:188} INFO - [2025-09-20T22:19:04.274+0000] {dagbag.py:538} INFO - Filling up the DagBag from /opt/airflow/dags/crypto_data_generator_dag.py
[2025-09-20T22:19:04.951+0000] {processor.py:840} INFO - DAG(s) 'crypto_data_generator' retrieved from /opt/airflow/dags/crypto_data_generator_dag.py
[2025-09-20T22:19:04.982+0000] {logging_mixin.py:188} INFO - [2025-09-20T22:19:04.981+0000] {dag.py:3036} INFO - Sync 1 DAGs
[2025-09-20T22:19:05.029+0000] {logging_mixin.py:188} INFO - [2025-09-20T22:19:05.028+0000] {dag.py:3823} INFO - Setting next_dagrun for crypto_data_generator to 2025-09-20 22:00:00+00:00, run_after=2025-09-20 23:00:00+00:00
[2025-09-20T22:19:05.071+0000] {processor.py:183} INFO - Processing /opt/airflow/dags/crypto_data_generator_dag.py took 0.809 seconds
[2025-09-20T22:19:35.595+0000] {processor.py:161} INFO - Started process (PID=3532) to work on /opt/airflow/dags/crypto_data_generator_dag.py
[2025-09-20T22:19:35.596+0000] {processor.py:830} INFO - Processing file /opt/airflow/dags/crypto_data_generator_dag.py for tasks to queue
[2025-09-20T22:19:35.600+0000] {logging_mixin.py:188} INFO - [2025-09-20T22:19:35.599+0000] {dagbag.py:538} INFO - Filling up the DagBag from /opt/airflow/dags/crypto_data_generator_dag.py
[2025-09-20T22:19:36.269+0000] {processor.py:840} INFO - DAG(s) 'crypto_data_generator' retrieved from /opt/airflow/dags/crypto_data_generator_dag.py
[2025-09-20T22:19:36.301+0000] {logging_mixin.py:188} INFO - [2025-09-20T22:19:36.300+0000] {dag.py:3036} INFO - Sync 1 DAGs
[2025-09-20T22:19:36.343+0000] {logging_mixin.py:188} INFO - [2025-09-20T22:19:36.342+0000] {dag.py:3823} INFO - Setting next_dagrun for crypto_data_generator to 2025-09-20 22:00:00+00:00, run_after=2025-09-20 23:00:00+00:00
[2025-09-20T22:19:36.384+0000] {processor.py:183} INFO - Processing /opt/airflow/dags/crypto_data_generator_dag.py took 0.795 seconds
[2025-09-20T22:20:07.022+0000] {processor.py:161} INFO - Started process (PID=3590) to work on /opt/airflow/dags/crypto_data_generator_dag.py
[2025-09-20T22:20:07.024+0000] {processor.py:830} INFO - Processing file /opt/airflow/dags/crypto_data_generator_dag.py for tasks to queue
[2025-09-20T22:20:07.027+0000] {logging_mixin.py:188} INFO - [2025-09-20T22:20:07.027+0000] {dagbag.py:538} INFO - Filling up the DagBag from /opt/airflow/dags/crypto_data_generator_dag.py
[2025-09-20T22:20:07.657+0000] {processor.py:840} INFO - DAG(s) 'crypto_data_generator' retrieved from /opt/airflow/dags/crypto_data_generator_dag.py
[2025-09-20T22:20:07.689+0000] {logging_mixin.py:188} INFO - [2025-09-20T22:20:07.688+0000] {dag.py:3036} INFO - Sync 1 DAGs
[2025-09-20T22:20:07.729+0000] {logging_mixin.py:188} INFO - [2025-09-20T22:20:07.728+0000] {dag.py:3823} INFO - Setting next_dagrun for crypto_data_generator to 2025-09-20 22:00:00+00:00, run_after=2025-09-20 23:00:00+00:00
[2025-09-20T22:20:07.768+0000] {processor.py:183} INFO - Processing /opt/airflow/dags/crypto_data_generator_dag.py took 0.752 seconds
[2025-09-20T22:20:38.277+0000] {processor.py:161} INFO - Started process (PID=3648) to work on /opt/airflow/dags/crypto_data_generator_dag.py
[2025-09-20T22:20:38.279+0000] {processor.py:830} INFO - Processing file /opt/airflow/dags/crypto_data_generator_dag.py for tasks to queue
[2025-09-20T22:20:38.283+0000] {logging_mixin.py:188} INFO - [2025-09-20T22:20:38.282+0000] {dagbag.py:538} INFO - Filling up the DagBag from /opt/airflow/dags/crypto_data_generator_dag.py
[2025-09-20T22:20:38.955+0000] {processor.py:840} INFO - DAG(s) 'crypto_data_generator' retrieved from /opt/airflow/dags/crypto_data_generator_dag.py
[2025-09-20T22:20:38.990+0000] {logging_mixin.py:188} INFO - [2025-09-20T22:20:38.990+0000] {dag.py:3036} INFO - Sync 1 DAGs
[2025-09-20T22:20:39.035+0000] {logging_mixin.py:188} INFO - [2025-09-20T22:20:39.035+0000] {dag.py:3823} INFO - Setting next_dagrun for crypto_data_generator to 2025-09-20 22:00:00+00:00, run_after=2025-09-20 23:00:00+00:00
[2025-09-20T22:20:39.075+0000] {processor.py:183} INFO - Processing /opt/airflow/dags/crypto_data_generator_dag.py took 0.803 seconds
[2025-09-20T22:21:09.522+0000] {processor.py:161} INFO - Started process (PID=3706) to work on /opt/airflow/dags/crypto_data_generator_dag.py
[2025-09-20T22:21:09.524+0000] {processor.py:830} INFO - Processing file /opt/airflow/dags/crypto_data_generator_dag.py for tasks to queue
[2025-09-20T22:21:09.528+0000] {logging_mixin.py:188} INFO - [2025-09-20T22:21:09.527+0000] {dagbag.py:538} INFO - Filling up the DagBag from /opt/airflow/dags/crypto_data_generator_dag.py
[2025-09-20T22:21:10.233+0000] {processor.py:840} INFO - DAG(s) 'crypto_data_generator' retrieved from /opt/airflow/dags/crypto_data_generator_dag.py
[2025-09-20T22:21:10.265+0000] {logging_mixin.py:188} INFO - [2025-09-20T22:21:10.264+0000] {dag.py:3036} INFO - Sync 1 DAGs
[2025-09-20T22:21:10.307+0000] {logging_mixin.py:188} INFO - [2025-09-20T22:21:10.307+0000] {dag.py:3823} INFO - Setting next_dagrun for crypto_data_generator to 2025-09-20 22:00:00+00:00, run_after=2025-09-20 23:00:00+00:00
[2025-09-20T22:21:10.345+0000] {processor.py:183} INFO - Processing /opt/airflow/dags/crypto_data_generator_dag.py took 0.829 seconds
[2025-09-20T22:21:40.853+0000] {processor.py:161} INFO - Started process (PID=3764) to work on /opt/airflow/dags/crypto_data_generator_dag.py
[2025-09-20T22:21:40.855+0000] {processor.py:830} INFO - Processing file /opt/airflow/dags/crypto_data_generator_dag.py for tasks to queue
[2025-09-20T22:21:40.858+0000] {logging_mixin.py:188} INFO - [2025-09-20T22:21:40.857+0000] {dagbag.py:538} INFO - Filling up the DagBag from /opt/airflow/dags/crypto_data_generator_dag.py
[2025-09-20T22:21:41.523+0000] {processor.py:840} INFO - DAG(s) 'crypto_data_generator' retrieved from /opt/airflow/dags/crypto_data_generator_dag.py
[2025-09-20T22:21:41.555+0000] {logging_mixin.py:188} INFO - [2025-09-20T22:21:41.555+0000] {dag.py:3036} INFO - Sync 1 DAGs
[2025-09-20T22:21:41.596+0000] {logging_mixin.py:188} INFO - [2025-09-20T22:21:41.596+0000] {dag.py:3823} INFO - Setting next_dagrun for crypto_data_generator to 2025-09-20 22:00:00+00:00, run_after=2025-09-20 23:00:00+00:00
[2025-09-20T22:21:41.634+0000] {processor.py:183} INFO - Processing /opt/airflow/dags/crypto_data_generator_dag.py took 0.787 seconds
[2025-09-20T22:22:12.365+0000] {processor.py:161} INFO - Started process (PID=3822) to work on /opt/airflow/dags/crypto_data_generator_dag.py
[2025-09-20T22:22:12.367+0000] {processor.py:830} INFO - Processing file /opt/airflow/dags/crypto_data_generator_dag.py for tasks to queue
[2025-09-20T22:22:12.370+0000] {logging_mixin.py:188} INFO - [2025-09-20T22:22:12.370+0000] {dagbag.py:538} INFO - Filling up the DagBag from /opt/airflow/dags/crypto_data_generator_dag.py
[2025-09-20T22:22:13.005+0000] {processor.py:840} INFO - DAG(s) 'crypto_data_generator' retrieved from /opt/airflow/dags/crypto_data_generator_dag.py
[2025-09-20T22:22:13.035+0000] {logging_mixin.py:188} INFO - [2025-09-20T22:22:13.035+0000] {dag.py:3036} INFO - Sync 1 DAGs
[2025-09-20T22:22:13.075+0000] {logging_mixin.py:188} INFO - [2025-09-20T22:22:13.075+0000] {dag.py:3823} INFO - Setting next_dagrun for crypto_data_generator to 2025-09-20 22:00:00+00:00, run_after=2025-09-20 23:00:00+00:00
[2025-09-20T22:22:13.112+0000] {processor.py:183} INFO - Processing /opt/airflow/dags/crypto_data_generator_dag.py took 0.753 seconds
[2025-09-20T22:22:43.627+0000] {processor.py:161} INFO - Started process (PID=3880) to work on /opt/airflow/dags/crypto_data_generator_dag.py
[2025-09-20T22:22:43.629+0000] {processor.py:830} INFO - Processing file /opt/airflow/dags/crypto_data_generator_dag.py for tasks to queue
[2025-09-20T22:22:43.633+0000] {logging_mixin.py:188} INFO - [2025-09-20T22:22:43.632+0000] {dagbag.py:538} INFO - Filling up the DagBag from /opt/airflow/dags/crypto_data_generator_dag.py
[2025-09-20T22:22:44.281+0000] {processor.py:840} INFO - DAG(s) 'crypto_data_generator' retrieved from /opt/airflow/dags/crypto_data_generator_dag.py
[2025-09-20T22:22:44.310+0000] {logging_mixin.py:188} INFO - [2025-09-20T22:22:44.309+0000] {dag.py:3036} INFO - Sync 1 DAGs
[2025-09-20T22:22:44.350+0000] {logging_mixin.py:188} INFO - [2025-09-20T22:22:44.350+0000] {dag.py:3823} INFO - Setting next_dagrun for crypto_data_generator to 2025-09-20 22:00:00+00:00, run_after=2025-09-20 23:00:00+00:00
[2025-09-20T22:22:44.388+0000] {processor.py:183} INFO - Processing /opt/airflow/dags/crypto_data_generator_dag.py took 0.766 seconds
[2025-09-20T22:23:15.131+0000] {processor.py:161} INFO - Started process (PID=3938) to work on /opt/airflow/dags/crypto_data_generator_dag.py
[2025-09-20T22:23:15.132+0000] {processor.py:830} INFO - Processing file /opt/airflow/dags/crypto_data_generator_dag.py for tasks to queue
[2025-09-20T22:23:15.136+0000] {logging_mixin.py:188} INFO - [2025-09-20T22:23:15.135+0000] {dagbag.py:538} INFO - Filling up the DagBag from /opt/airflow/dags/crypto_data_generator_dag.py
[2025-09-20T22:23:15.784+0000] {processor.py:840} INFO - DAG(s) 'crypto_data_generator' retrieved from /opt/airflow/dags/crypto_data_generator_dag.py
[2025-09-20T22:23:15.813+0000] {logging_mixin.py:188} INFO - [2025-09-20T22:23:15.813+0000] {dag.py:3036} INFO - Sync 1 DAGs
[2025-09-20T22:23:15.854+0000] {logging_mixin.py:188} INFO - [2025-09-20T22:23:15.853+0000] {dag.py:3823} INFO - Setting next_dagrun for crypto_data_generator to 2025-09-20 22:00:00+00:00, run_after=2025-09-20 23:00:00+00:00
[2025-09-20T22:23:15.891+0000] {processor.py:183} INFO - Processing /opt/airflow/dags/crypto_data_generator_dag.py took 0.765 seconds
[2025-09-20T22:23:46.521+0000] {processor.py:161} INFO - Started process (PID=3996) to work on /opt/airflow/dags/crypto_data_generator_dag.py
[2025-09-20T22:23:46.523+0000] {processor.py:830} INFO - Processing file /opt/airflow/dags/crypto_data_generator_dag.py for tasks to queue
[2025-09-20T22:23:46.526+0000] {logging_mixin.py:188} INFO - [2025-09-20T22:23:46.526+0000] {dagbag.py:538} INFO - Filling up the DagBag from /opt/airflow/dags/crypto_data_generator_dag.py
[2025-09-20T22:23:47.188+0000] {processor.py:840} INFO - DAG(s) 'crypto_data_generator' retrieved from /opt/airflow/dags/crypto_data_generator_dag.py
[2025-09-20T22:23:47.219+0000] {logging_mixin.py:188} INFO - [2025-09-20T22:23:47.218+0000] {dag.py:3036} INFO - Sync 1 DAGs
[2025-09-20T22:23:47.261+0000] {logging_mixin.py:188} INFO - [2025-09-20T22:23:47.261+0000] {dag.py:3823} INFO - Setting next_dagrun for crypto_data_generator to 2025-09-20 22:00:00+00:00, run_after=2025-09-20 23:00:00+00:00
[2025-09-20T22:23:47.301+0000] {processor.py:183} INFO - Processing /opt/airflow/dags/crypto_data_generator_dag.py took 0.785 seconds
[2025-09-20T22:24:17.966+0000] {processor.py:161} INFO - Started process (PID=4054) to work on /opt/airflow/dags/crypto_data_generator_dag.py
[2025-09-20T22:24:17.968+0000] {processor.py:830} INFO - Processing file /opt/airflow/dags/crypto_data_generator_dag.py for tasks to queue
[2025-09-20T22:24:17.971+0000] {logging_mixin.py:188} INFO - [2025-09-20T22:24:17.970+0000] {dagbag.py:538} INFO - Filling up the DagBag from /opt/airflow/dags/crypto_data_generator_dag.py
[2025-09-20T22:24:18.649+0000] {processor.py:840} INFO - DAG(s) 'crypto_data_generator' retrieved from /opt/airflow/dags/crypto_data_generator_dag.py
[2025-09-20T22:24:18.680+0000] {logging_mixin.py:188} INFO - [2025-09-20T22:24:18.679+0000] {dag.py:3036} INFO - Sync 1 DAGs
[2025-09-20T22:24:18.724+0000] {logging_mixin.py:188} INFO - [2025-09-20T22:24:18.723+0000] {dag.py:3823} INFO - Setting next_dagrun for crypto_data_generator to 2025-09-20 22:00:00+00:00, run_after=2025-09-20 23:00:00+00:00
[2025-09-20T22:24:18.980+0000] {processor.py:183} INFO - Processing /opt/airflow/dags/crypto_data_generator_dag.py took 1.020 seconds
[2025-09-20T22:24:49.081+0000] {processor.py:161} INFO - Started process (PID=4113) to work on /opt/airflow/dags/crypto_data_generator_dag.py
[2025-09-20T22:24:49.083+0000] {processor.py:830} INFO - Processing file /opt/airflow/dags/crypto_data_generator_dag.py for tasks to queue
[2025-09-20T22:24:49.087+0000] {logging_mixin.py:188} INFO - [2025-09-20T22:24:49.086+0000] {dagbag.py:538} INFO - Filling up the DagBag from /opt/airflow/dags/crypto_data_generator_dag.py
[2025-09-20T22:24:49.721+0000] {processor.py:840} INFO - DAG(s) 'crypto_data_generator' retrieved from /opt/airflow/dags/crypto_data_generator_dag.py
[2025-09-20T22:24:49.751+0000] {logging_mixin.py:188} INFO - [2025-09-20T22:24:49.750+0000] {dag.py:3036} INFO - Sync 1 DAGs
[2025-09-20T22:24:49.793+0000] {logging_mixin.py:188} INFO - [2025-09-20T22:24:49.793+0000] {dag.py:3823} INFO - Setting next_dagrun for crypto_data_generator to 2025-09-20 22:00:00+00:00, run_after=2025-09-20 23:00:00+00:00
[2025-09-20T22:24:49.832+0000] {processor.py:183} INFO - Processing /opt/airflow/dags/crypto_data_generator_dag.py took 0.757 seconds
[2025-09-20T22:25:20.496+0000] {processor.py:161} INFO - Started process (PID=4171) to work on /opt/airflow/dags/crypto_data_generator_dag.py
[2025-09-20T22:25:20.498+0000] {processor.py:830} INFO - Processing file /opt/airflow/dags/crypto_data_generator_dag.py for tasks to queue
[2025-09-20T22:25:20.502+0000] {logging_mixin.py:188} INFO - [2025-09-20T22:25:20.501+0000] {dagbag.py:538} INFO - Filling up the DagBag from /opt/airflow/dags/crypto_data_generator_dag.py
[2025-09-20T22:25:21.149+0000] {processor.py:840} INFO - DAG(s) 'crypto_data_generator' retrieved from /opt/airflow/dags/crypto_data_generator_dag.py
[2025-09-20T22:25:21.184+0000] {logging_mixin.py:188} INFO - [2025-09-20T22:25:21.184+0000] {dag.py:3036} INFO - Sync 1 DAGs
[2025-09-20T22:25:21.389+0000] {logging_mixin.py:188} INFO - [2025-09-20T22:25:21.389+0000] {dag.py:3823} INFO - Setting next_dagrun for crypto_data_generator to 2025-09-20 22:00:00+00:00, run_after=2025-09-20 23:00:00+00:00
[2025-09-20T22:25:21.426+0000] {processor.py:183} INFO - Processing /opt/airflow/dags/crypto_data_generator_dag.py took 0.936 seconds
[2025-09-20T22:25:51.561+0000] {processor.py:161} INFO - Started process (PID=4236) to work on /opt/airflow/dags/crypto_data_generator_dag.py
[2025-09-20T22:25:51.564+0000] {processor.py:830} INFO - Processing file /opt/airflow/dags/crypto_data_generator_dag.py for tasks to queue
[2025-09-20T22:25:51.568+0000] {logging_mixin.py:188} INFO - [2025-09-20T22:25:51.567+0000] {dagbag.py:538} INFO - Filling up the DagBag from /opt/airflow/dags/crypto_data_generator_dag.py
[2025-09-20T22:25:52.218+0000] {processor.py:840} INFO - DAG(s) 'crypto_data_generator' retrieved from /opt/airflow/dags/crypto_data_generator_dag.py
[2025-09-20T22:25:52.421+0000] {logging_mixin.py:188} INFO - [2025-09-20T22:25:52.420+0000] {dag.py:3036} INFO - Sync 1 DAGs
[2025-09-20T22:25:52.464+0000] {logging_mixin.py:188} INFO - [2025-09-20T22:25:52.463+0000] {dag.py:3823} INFO - Setting next_dagrun for crypto_data_generator to 2025-09-20 22:00:00+00:00, run_after=2025-09-20 23:00:00+00:00
[2025-09-20T22:25:52.496+0000] {processor.py:183} INFO - Processing /opt/airflow/dags/crypto_data_generator_dag.py took 0.940 seconds
[2025-09-20T22:26:23.152+0000] {processor.py:161} INFO - Started process (PID=4294) to work on /opt/airflow/dags/crypto_data_generator_dag.py
[2025-09-20T22:26:23.154+0000] {processor.py:830} INFO - Processing file /opt/airflow/dags/crypto_data_generator_dag.py for tasks to queue
[2025-09-20T22:26:23.158+0000] {logging_mixin.py:188} INFO - [2025-09-20T22:26:23.157+0000] {dagbag.py:538} INFO - Filling up the DagBag from /opt/airflow/dags/crypto_data_generator_dag.py
[2025-09-20T22:26:23.840+0000] {processor.py:840} INFO - DAG(s) 'crypto_data_generator' retrieved from /opt/airflow/dags/crypto_data_generator_dag.py
[2025-09-20T22:26:23.870+0000] {logging_mixin.py:188} INFO - [2025-09-20T22:26:23.870+0000] {dag.py:3036} INFO - Sync 1 DAGs
[2025-09-20T22:26:23.912+0000] {logging_mixin.py:188} INFO - [2025-09-20T22:26:23.912+0000] {dag.py:3823} INFO - Setting next_dagrun for crypto_data_generator to 2025-09-20 22:00:00+00:00, run_after=2025-09-20 23:00:00+00:00
[2025-09-20T22:26:23.952+0000] {processor.py:183} INFO - Processing /opt/airflow/dags/crypto_data_generator_dag.py took 0.806 seconds
[2025-09-20T22:26:54.075+0000] {processor.py:161} INFO - Started process (PID=4354) to work on /opt/airflow/dags/crypto_data_generator_dag.py
[2025-09-20T22:26:54.076+0000] {processor.py:830} INFO - Processing file /opt/airflow/dags/crypto_data_generator_dag.py for tasks to queue
[2025-09-20T22:26:54.080+0000] {logging_mixin.py:188} INFO - [2025-09-20T22:26:54.079+0000] {dagbag.py:538} INFO - Filling up the DagBag from /opt/airflow/dags/crypto_data_generator_dag.py
[2025-09-20T22:26:54.704+0000] {processor.py:840} INFO - DAG(s) 'crypto_data_generator' retrieved from /opt/airflow/dags/crypto_data_generator_dag.py
[2025-09-20T22:26:54.735+0000] {logging_mixin.py:188} INFO - [2025-09-20T22:26:54.734+0000] {dag.py:3036} INFO - Sync 1 DAGs
[2025-09-20T22:26:54.777+0000] {logging_mixin.py:188} INFO - [2025-09-20T22:26:54.776+0000] {dag.py:3823} INFO - Setting next_dagrun for crypto_data_generator to 2025-09-20 22:00:00+00:00, run_after=2025-09-20 23:00:00+00:00
[2025-09-20T22:26:54.815+0000] {processor.py:183} INFO - Processing /opt/airflow/dags/crypto_data_generator_dag.py took 0.746 seconds
[2025-09-20T22:27:25.312+0000] {processor.py:161} INFO - Started process (PID=4412) to work on /opt/airflow/dags/crypto_data_generator_dag.py
[2025-09-20T22:27:25.314+0000] {processor.py:830} INFO - Processing file /opt/airflow/dags/crypto_data_generator_dag.py for tasks to queue
[2025-09-20T22:27:25.318+0000] {logging_mixin.py:188} INFO - [2025-09-20T22:27:25.317+0000] {dagbag.py:538} INFO - Filling up the DagBag from /opt/airflow/dags/crypto_data_generator_dag.py
[2025-09-20T22:27:25.947+0000] {processor.py:840} INFO - DAG(s) 'crypto_data_generator' retrieved from /opt/airflow/dags/crypto_data_generator_dag.py
[2025-09-20T22:27:25.977+0000] {logging_mixin.py:188} INFO - [2025-09-20T22:27:25.976+0000] {dag.py:3036} INFO - Sync 1 DAGs
[2025-09-20T22:27:26.018+0000] {logging_mixin.py:188} INFO - [2025-09-20T22:27:26.018+0000] {dag.py:3823} INFO - Setting next_dagrun for crypto_data_generator to 2025-09-20 22:00:00+00:00, run_after=2025-09-20 23:00:00+00:00
[2025-09-20T22:27:26.054+0000] {processor.py:183} INFO - Processing /opt/airflow/dags/crypto_data_generator_dag.py took 0.748 seconds
[2025-09-20T22:27:56.860+0000] {processor.py:161} INFO - Started process (PID=4470) to work on /opt/airflow/dags/crypto_data_generator_dag.py
[2025-09-20T22:27:56.861+0000] {processor.py:830} INFO - Processing file /opt/airflow/dags/crypto_data_generator_dag.py for tasks to queue
[2025-09-20T22:27:56.865+0000] {logging_mixin.py:188} INFO - [2025-09-20T22:27:56.864+0000] {dagbag.py:538} INFO - Filling up the DagBag from /opt/airflow/dags/crypto_data_generator_dag.py
[2025-09-20T22:27:57.669+0000] {processor.py:840} INFO - DAG(s) 'crypto_data_generator' retrieved from /opt/airflow/dags/crypto_data_generator_dag.py
[2025-09-20T22:27:57.695+0000] {logging_mixin.py:188} INFO - [2025-09-20T22:27:57.694+0000] {dag.py:3036} INFO - Sync 1 DAGs
[2025-09-20T22:27:57.732+0000] {logging_mixin.py:188} INFO - [2025-09-20T22:27:57.732+0000] {dag.py:3823} INFO - Setting next_dagrun for crypto_data_generator to 2025-09-20 22:00:00+00:00, run_after=2025-09-20 23:00:00+00:00
[2025-09-20T22:27:57.767+0000] {processor.py:183} INFO - Processing /opt/airflow/dags/crypto_data_generator_dag.py took 0.913 seconds
[2025-09-20T22:28:28.202+0000] {processor.py:161} INFO - Started process (PID=4528) to work on /opt/airflow/dags/crypto_data_generator_dag.py
[2025-09-20T22:28:28.205+0000] {processor.py:830} INFO - Processing file /opt/airflow/dags/crypto_data_generator_dag.py for tasks to queue
[2025-09-20T22:28:28.208+0000] {logging_mixin.py:188} INFO - [2025-09-20T22:28:28.208+0000] {dagbag.py:538} INFO - Filling up the DagBag from /opt/airflow/dags/crypto_data_generator_dag.py
[2025-09-20T22:28:29.111+0000] {processor.py:840} INFO - DAG(s) 'crypto_data_generator' retrieved from /opt/airflow/dags/crypto_data_generator_dag.py
[2025-09-20T22:28:29.142+0000] {logging_mixin.py:188} INFO - [2025-09-20T22:28:29.141+0000] {dag.py:3036} INFO - Sync 1 DAGs
[2025-09-20T22:28:29.183+0000] {logging_mixin.py:188} INFO - [2025-09-20T22:28:29.182+0000] {dag.py:3823} INFO - Setting next_dagrun for crypto_data_generator to 2025-09-20 22:00:00+00:00, run_after=2025-09-20 23:00:00+00:00
[2025-09-20T22:28:29.216+0000] {processor.py:183} INFO - Processing /opt/airflow/dags/crypto_data_generator_dag.py took 1.020 seconds
[2025-09-20T22:28:59.376+0000] {processor.py:161} INFO - Started process (PID=4589) to work on /opt/airflow/dags/crypto_data_generator_dag.py
[2025-09-20T22:28:59.378+0000] {processor.py:830} INFO - Processing file /opt/airflow/dags/crypto_data_generator_dag.py for tasks to queue
[2025-09-20T22:28:59.381+0000] {logging_mixin.py:188} INFO - [2025-09-20T22:28:59.381+0000] {dagbag.py:538} INFO - Filling up the DagBag from /opt/airflow/dags/crypto_data_generator_dag.py
[2025-09-20T22:29:00.270+0000] {processor.py:840} INFO - DAG(s) 'crypto_data_generator' retrieved from /opt/airflow/dags/crypto_data_generator_dag.py
[2025-09-20T22:29:00.296+0000] {logging_mixin.py:188} INFO - [2025-09-20T22:29:00.295+0000] {dag.py:3036} INFO - Sync 1 DAGs
[2025-09-20T22:29:00.334+0000] {logging_mixin.py:188} INFO - [2025-09-20T22:29:00.334+0000] {dag.py:3823} INFO - Setting next_dagrun for crypto_data_generator to 2025-09-20 22:00:00+00:00, run_after=2025-09-20 23:00:00+00:00
[2025-09-20T22:29:00.365+0000] {processor.py:183} INFO - Processing /opt/airflow/dags/crypto_data_generator_dag.py took 0.996 seconds
[2025-09-20T22:29:30.516+0000] {processor.py:161} INFO - Started process (PID=4651) to work on /opt/airflow/dags/crypto_data_generator_dag.py
[2025-09-20T22:29:30.518+0000] {processor.py:830} INFO - Processing file /opt/airflow/dags/crypto_data_generator_dag.py for tasks to queue
[2025-09-20T22:29:30.521+0000] {logging_mixin.py:188} INFO - [2025-09-20T22:29:30.521+0000] {dagbag.py:538} INFO - Filling up the DagBag from /opt/airflow/dags/crypto_data_generator_dag.py
[2025-09-20T22:29:31.516+0000] {processor.py:840} INFO - DAG(s) 'crypto_data_generator' retrieved from /opt/airflow/dags/crypto_data_generator_dag.py
[2025-09-20T22:29:31.550+0000] {logging_mixin.py:188} INFO - [2025-09-20T22:29:31.550+0000] {dag.py:3036} INFO - Sync 1 DAGs
[2025-09-20T22:29:31.595+0000] {logging_mixin.py:188} INFO - [2025-09-20T22:29:31.595+0000] {dag.py:3823} INFO - Setting next_dagrun for crypto_data_generator to 2025-09-20 22:00:00+00:00, run_after=2025-09-20 23:00:00+00:00
[2025-09-20T22:29:31.635+0000] {processor.py:183} INFO - Processing /opt/airflow/dags/crypto_data_generator_dag.py took 1.125 seconds
[2025-09-20T22:30:01.833+0000] {processor.py:161} INFO - Started process (PID=4709) to work on /opt/airflow/dags/crypto_data_generator_dag.py
[2025-09-20T22:30:01.835+0000] {processor.py:830} INFO - Processing file /opt/airflow/dags/crypto_data_generator_dag.py for tasks to queue
[2025-09-20T22:30:01.840+0000] {logging_mixin.py:188} INFO - [2025-09-20T22:30:01.838+0000] {dagbag.py:538} INFO - Filling up the DagBag from /opt/airflow/dags/crypto_data_generator_dag.py
[2025-09-20T22:30:03.047+0000] {processor.py:840} INFO - DAG(s) 'crypto_data_generator' retrieved from /opt/airflow/dags/crypto_data_generator_dag.py
[2025-09-20T22:30:03.093+0000] {logging_mixin.py:188} INFO - [2025-09-20T22:30:03.092+0000] {dag.py:3036} INFO - Sync 1 DAGs
[2025-09-20T22:30:03.215+0000] {logging_mixin.py:188} INFO - [2025-09-20T22:30:03.215+0000] {dag.py:3823} INFO - Setting next_dagrun for crypto_data_generator to 2025-09-20 22:00:00+00:00, run_after=2025-09-20 23:00:00+00:00
[2025-09-20T22:30:03.300+0000] {processor.py:183} INFO - Processing /opt/airflow/dags/crypto_data_generator_dag.py took 1.475 seconds
[2025-09-20T22:30:33.403+0000] {processor.py:161} INFO - Started process (PID=4769) to work on /opt/airflow/dags/crypto_data_generator_dag.py
[2025-09-20T22:30:33.405+0000] {processor.py:830} INFO - Processing file /opt/airflow/dags/crypto_data_generator_dag.py for tasks to queue
[2025-09-20T22:30:33.409+0000] {logging_mixin.py:188} INFO - [2025-09-20T22:30:33.409+0000] {dagbag.py:538} INFO - Filling up the DagBag from /opt/airflow/dags/crypto_data_generator_dag.py
[2025-09-20T22:30:34.267+0000] {processor.py:840} INFO - DAG(s) 'crypto_data_generator' retrieved from /opt/airflow/dags/crypto_data_generator_dag.py
[2025-09-20T22:30:34.293+0000] {logging_mixin.py:188} INFO - [2025-09-20T22:30:34.292+0000] {dag.py:3036} INFO - Sync 1 DAGs
[2025-09-20T22:30:34.332+0000] {logging_mixin.py:188} INFO - [2025-09-20T22:30:34.332+0000] {dag.py:3823} INFO - Setting next_dagrun for crypto_data_generator to 2025-09-20 22:00:00+00:00, run_after=2025-09-20 23:00:00+00:00
[2025-09-20T22:30:34.364+0000] {processor.py:183} INFO - Processing /opt/airflow/dags/crypto_data_generator_dag.py took 0.968 seconds
[2025-09-20T22:31:04.463+0000] {processor.py:161} INFO - Started process (PID=4831) to work on /opt/airflow/dags/crypto_data_generator_dag.py
[2025-09-20T22:31:04.465+0000] {processor.py:830} INFO - Processing file /opt/airflow/dags/crypto_data_generator_dag.py for tasks to queue
[2025-09-20T22:31:04.468+0000] {logging_mixin.py:188} INFO - [2025-09-20T22:31:04.467+0000] {dagbag.py:538} INFO - Filling up the DagBag from /opt/airflow/dags/crypto_data_generator_dag.py
[2025-09-20T22:31:05.336+0000] {processor.py:840} INFO - DAG(s) 'crypto_data_generator' retrieved from /opt/airflow/dags/crypto_data_generator_dag.py
[2025-09-20T22:31:05.364+0000] {logging_mixin.py:188} INFO - [2025-09-20T22:31:05.363+0000] {dag.py:3036} INFO - Sync 1 DAGs
[2025-09-20T22:31:05.408+0000] {logging_mixin.py:188} INFO - [2025-09-20T22:31:05.407+0000] {dag.py:3823} INFO - Setting next_dagrun for crypto_data_generator to 2025-09-20 22:00:00+00:00, run_after=2025-09-20 23:00:00+00:00
[2025-09-20T22:31:05.440+0000] {processor.py:183} INFO - Processing /opt/airflow/dags/crypto_data_generator_dag.py took 0.984 seconds
[2025-09-20T22:31:35.550+0000] {processor.py:161} INFO - Started process (PID=4893) to work on /opt/airflow/dags/crypto_data_generator_dag.py
[2025-09-20T22:31:35.552+0000] {processor.py:830} INFO - Processing file /opt/airflow/dags/crypto_data_generator_dag.py for tasks to queue
[2025-09-20T22:31:35.555+0000] {logging_mixin.py:188} INFO - [2025-09-20T22:31:35.555+0000] {dagbag.py:538} INFO - Filling up the DagBag from /opt/airflow/dags/crypto_data_generator_dag.py
[2025-09-20T22:31:36.425+0000] {processor.py:840} INFO - DAG(s) 'crypto_data_generator' retrieved from /opt/airflow/dags/crypto_data_generator_dag.py
[2025-09-20T22:31:36.453+0000] {logging_mixin.py:188} INFO - [2025-09-20T22:31:36.452+0000] {dag.py:3036} INFO - Sync 1 DAGs
[2025-09-20T22:31:36.492+0000] {logging_mixin.py:188} INFO - [2025-09-20T22:31:36.492+0000] {dag.py:3823} INFO - Setting next_dagrun for crypto_data_generator to 2025-09-20 22:00:00+00:00, run_after=2025-09-20 23:00:00+00:00
[2025-09-20T22:31:36.530+0000] {processor.py:183} INFO - Processing /opt/airflow/dags/crypto_data_generator_dag.py took 0.988 seconds
[2025-09-20T22:32:06.649+0000] {processor.py:161} INFO - Started process (PID=4955) to work on /opt/airflow/dags/crypto_data_generator_dag.py
[2025-09-20T22:32:06.651+0000] {processor.py:830} INFO - Processing file /opt/airflow/dags/crypto_data_generator_dag.py for tasks to queue
[2025-09-20T22:32:06.656+0000] {logging_mixin.py:188} INFO - [2025-09-20T22:32:06.655+0000] {dagbag.py:538} INFO - Filling up the DagBag from /opt/airflow/dags/crypto_data_generator_dag.py
[2025-09-20T22:32:07.845+0000] {processor.py:840} INFO - DAG(s) 'crypto_data_generator' retrieved from /opt/airflow/dags/crypto_data_generator_dag.py
[2025-09-20T22:32:07.874+0000] {logging_mixin.py:188} INFO - [2025-09-20T22:32:07.873+0000] {dag.py:3036} INFO - Sync 1 DAGs
[2025-09-20T22:32:07.920+0000] {logging_mixin.py:188} INFO - [2025-09-20T22:32:07.920+0000] {dag.py:3823} INFO - Setting next_dagrun for crypto_data_generator to 2025-09-20 22:00:00+00:00, run_after=2025-09-20 23:00:00+00:00
[2025-09-20T22:32:07.972+0000] {processor.py:183} INFO - Processing /opt/airflow/dags/crypto_data_generator_dag.py took 1.330 seconds
[2025-09-20T22:32:38.206+0000] {processor.py:161} INFO - Started process (PID=5014) to work on /opt/airflow/dags/crypto_data_generator_dag.py
[2025-09-20T22:32:38.208+0000] {processor.py:830} INFO - Processing file /opt/airflow/dags/crypto_data_generator_dag.py for tasks to queue
[2025-09-20T22:32:38.213+0000] {logging_mixin.py:188} INFO - [2025-09-20T22:32:38.212+0000] {dagbag.py:538} INFO - Filling up the DagBag from /opt/airflow/dags/crypto_data_generator_dag.py
[2025-09-20T22:32:39.079+0000] {processor.py:840} INFO - DAG(s) 'crypto_data_generator' retrieved from /opt/airflow/dags/crypto_data_generator_dag.py
[2025-09-20T22:32:39.108+0000] {logging_mixin.py:188} INFO - [2025-09-20T22:32:39.107+0000] {dag.py:3036} INFO - Sync 1 DAGs
[2025-09-20T22:32:39.147+0000] {logging_mixin.py:188} INFO - [2025-09-20T22:32:39.147+0000] {dag.py:3823} INFO - Setting next_dagrun for crypto_data_generator to 2025-09-20 22:00:00+00:00, run_after=2025-09-20 23:00:00+00:00
[2025-09-20T22:32:39.186+0000] {processor.py:183} INFO - Processing /opt/airflow/dags/crypto_data_generator_dag.py took 0.986 seconds
[2025-09-20T22:33:09.305+0000] {processor.py:161} INFO - Started process (PID=5075) to work on /opt/airflow/dags/crypto_data_generator_dag.py
[2025-09-20T22:33:09.307+0000] {processor.py:830} INFO - Processing file /opt/airflow/dags/crypto_data_generator_dag.py for tasks to queue
[2025-09-20T22:33:09.310+0000] {logging_mixin.py:188} INFO - [2025-09-20T22:33:09.310+0000] {dagbag.py:538} INFO - Filling up the DagBag from /opt/airflow/dags/crypto_data_generator_dag.py
[2025-09-20T22:33:10.181+0000] {processor.py:840} INFO - DAG(s) 'crypto_data_generator' retrieved from /opt/airflow/dags/crypto_data_generator_dag.py
[2025-09-20T22:33:10.208+0000] {logging_mixin.py:188} INFO - [2025-09-20T22:33:10.208+0000] {dag.py:3036} INFO - Sync 1 DAGs
[2025-09-20T22:33:10.246+0000] {logging_mixin.py:188} INFO - [2025-09-20T22:33:10.245+0000] {dag.py:3823} INFO - Setting next_dagrun for crypto_data_generator to 2025-09-20 22:00:00+00:00, run_after=2025-09-20 23:00:00+00:00
[2025-09-20T22:33:10.293+0000] {processor.py:183} INFO - Processing /opt/airflow/dags/crypto_data_generator_dag.py took 0.994 seconds
[2025-09-20T22:33:41.031+0000] {processor.py:161} INFO - Started process (PID=5134) to work on /opt/airflow/dags/crypto_data_generator_dag.py
[2025-09-20T22:33:41.033+0000] {processor.py:830} INFO - Processing file /opt/airflow/dags/crypto_data_generator_dag.py for tasks to queue
[2025-09-20T22:33:41.037+0000] {logging_mixin.py:188} INFO - [2025-09-20T22:33:41.036+0000] {dagbag.py:538} INFO - Filling up the DagBag from /opt/airflow/dags/crypto_data_generator_dag.py
[2025-09-20T22:33:41.894+0000] {processor.py:840} INFO - DAG(s) 'crypto_data_generator' retrieved from /opt/airflow/dags/crypto_data_generator_dag.py
[2025-09-20T22:33:41.921+0000] {logging_mixin.py:188} INFO - [2025-09-20T22:33:41.920+0000] {dag.py:3036} INFO - Sync 1 DAGs
[2025-09-20T22:33:41.958+0000] {logging_mixin.py:188} INFO - [2025-09-20T22:33:41.958+0000] {dag.py:3823} INFO - Setting next_dagrun for crypto_data_generator to 2025-09-20 22:00:00+00:00, run_after=2025-09-20 23:00:00+00:00
[2025-09-20T22:33:41.995+0000] {processor.py:183} INFO - Processing /opt/airflow/dags/crypto_data_generator_dag.py took 0.970 seconds
[2025-09-20T22:34:12.072+0000] {processor.py:161} INFO - Started process (PID=5196) to work on /opt/airflow/dags/crypto_data_generator_dag.py
[2025-09-20T22:34:12.074+0000] {processor.py:830} INFO - Processing file /opt/airflow/dags/crypto_data_generator_dag.py for tasks to queue
[2025-09-20T22:34:12.078+0000] {logging_mixin.py:188} INFO - [2025-09-20T22:34:12.077+0000] {dagbag.py:538} INFO - Filling up the DagBag from /opt/airflow/dags/crypto_data_generator_dag.py
[2025-09-20T22:34:12.935+0000] {processor.py:840} INFO - DAG(s) 'crypto_data_generator' retrieved from /opt/airflow/dags/crypto_data_generator_dag.py
[2025-09-20T22:34:12.962+0000] {logging_mixin.py:188} INFO - [2025-09-20T22:34:12.961+0000] {dag.py:3036} INFO - Sync 1 DAGs
[2025-09-20T22:34:13.002+0000] {logging_mixin.py:188} INFO - [2025-09-20T22:34:13.002+0000] {dag.py:3823} INFO - Setting next_dagrun for crypto_data_generator to 2025-09-20 22:00:00+00:00, run_after=2025-09-20 23:00:00+00:00
[2025-09-20T22:34:13.039+0000] {processor.py:183} INFO - Processing /opt/airflow/dags/crypto_data_generator_dag.py took 0.973 seconds
[2025-09-20T22:34:43.285+0000] {processor.py:161} INFO - Started process (PID=5257) to work on /opt/airflow/dags/crypto_data_generator_dag.py
[2025-09-20T22:34:43.287+0000] {processor.py:830} INFO - Processing file /opt/airflow/dags/crypto_data_generator_dag.py for tasks to queue
[2025-09-20T22:34:43.291+0000] {logging_mixin.py:188} INFO - [2025-09-20T22:34:43.290+0000] {dagbag.py:538} INFO - Filling up the DagBag from /opt/airflow/dags/crypto_data_generator_dag.py
[2025-09-20T22:34:44.227+0000] {processor.py:840} INFO - DAG(s) 'crypto_data_generator' retrieved from /opt/airflow/dags/crypto_data_generator_dag.py
[2025-09-20T22:34:44.255+0000] {logging_mixin.py:188} INFO - [2025-09-20T22:34:44.254+0000] {dag.py:3036} INFO - Sync 1 DAGs
[2025-09-20T22:34:44.300+0000] {logging_mixin.py:188} INFO - [2025-09-20T22:34:44.300+0000] {dag.py:3823} INFO - Setting next_dagrun for crypto_data_generator to 2025-09-20 22:00:00+00:00, run_after=2025-09-20 23:00:00+00:00
[2025-09-20T22:34:44.339+0000] {processor.py:183} INFO - Processing /opt/airflow/dags/crypto_data_generator_dag.py took 1.059 seconds
[2025-09-20T22:35:14.472+0000] {processor.py:161} INFO - Started process (PID=5316) to work on /opt/airflow/dags/crypto_data_generator_dag.py
[2025-09-20T22:35:14.475+0000] {processor.py:830} INFO - Processing file /opt/airflow/dags/crypto_data_generator_dag.py for tasks to queue
[2025-09-20T22:35:14.478+0000] {logging_mixin.py:188} INFO - [2025-09-20T22:35:14.478+0000] {dagbag.py:538} INFO - Filling up the DagBag from /opt/airflow/dags/crypto_data_generator_dag.py
[2025-09-20T22:35:15.516+0000] {processor.py:840} INFO - DAG(s) 'crypto_data_generator' retrieved from /opt/airflow/dags/crypto_data_generator_dag.py
[2025-09-20T22:35:15.547+0000] {logging_mixin.py:188} INFO - [2025-09-20T22:35:15.546+0000] {dag.py:3036} INFO - Sync 1 DAGs
[2025-09-20T22:35:15.597+0000] {logging_mixin.py:188} INFO - [2025-09-20T22:35:15.597+0000] {dag.py:3823} INFO - Setting next_dagrun for crypto_data_generator to 2025-09-20 22:00:00+00:00, run_after=2025-09-20 23:00:00+00:00
[2025-09-20T22:35:15.636+0000] {processor.py:183} INFO - Processing /opt/airflow/dags/crypto_data_generator_dag.py took 1.170 seconds
[2025-09-20T22:35:46.296+0000] {processor.py:161} INFO - Started process (PID=5376) to work on /opt/airflow/dags/crypto_data_generator_dag.py
[2025-09-20T22:35:46.298+0000] {processor.py:830} INFO - Processing file /opt/airflow/dags/crypto_data_generator_dag.py for tasks to queue
[2025-09-20T22:35:46.301+0000] {logging_mixin.py:188} INFO - [2025-09-20T22:35:46.301+0000] {dagbag.py:538} INFO - Filling up the DagBag from /opt/airflow/dags/crypto_data_generator_dag.py
[2025-09-20T22:35:47.141+0000] {processor.py:840} INFO - DAG(s) 'crypto_data_generator' retrieved from /opt/airflow/dags/crypto_data_generator_dag.py
[2025-09-20T22:35:47.169+0000] {logging_mixin.py:188} INFO - [2025-09-20T22:35:47.169+0000] {dag.py:3036} INFO - Sync 1 DAGs
[2025-09-20T22:35:47.209+0000] {logging_mixin.py:188} INFO - [2025-09-20T22:35:47.209+0000] {dag.py:3823} INFO - Setting next_dagrun for crypto_data_generator to 2025-09-20 22:00:00+00:00, run_after=2025-09-20 23:00:00+00:00
[2025-09-20T22:35:47.244+0000] {processor.py:183} INFO - Processing /opt/airflow/dags/crypto_data_generator_dag.py took 0.955 seconds
[2025-09-20T22:36:17.465+0000] {processor.py:161} INFO - Started process (PID=5438) to work on /opt/airflow/dags/crypto_data_generator_dag.py
[2025-09-20T22:36:17.467+0000] {processor.py:830} INFO - Processing file /opt/airflow/dags/crypto_data_generator_dag.py for tasks to queue
[2025-09-20T22:36:17.471+0000] {logging_mixin.py:188} INFO - [2025-09-20T22:36:17.470+0000] {dagbag.py:538} INFO - Filling up the DagBag from /opt/airflow/dags/crypto_data_generator_dag.py
[2025-09-20T22:36:18.323+0000] {processor.py:840} INFO - DAG(s) 'crypto_data_generator' retrieved from /opt/airflow/dags/crypto_data_generator_dag.py
[2025-09-20T22:36:18.352+0000] {logging_mixin.py:188} INFO - [2025-09-20T22:36:18.351+0000] {dag.py:3036} INFO - Sync 1 DAGs
[2025-09-20T22:36:18.390+0000] {logging_mixin.py:188} INFO - [2025-09-20T22:36:18.390+0000] {dag.py:3823} INFO - Setting next_dagrun for crypto_data_generator to 2025-09-20 22:00:00+00:00, run_after=2025-09-20 23:00:00+00:00
[2025-09-20T22:36:18.429+0000] {processor.py:183} INFO - Processing /opt/airflow/dags/crypto_data_generator_dag.py took 0.971 seconds
[2025-09-20T22:36:48.991+0000] {processor.py:161} INFO - Started process (PID=5498) to work on /opt/airflow/dags/crypto_data_generator_dag.py
[2025-09-20T22:36:48.993+0000] {processor.py:830} INFO - Processing file /opt/airflow/dags/crypto_data_generator_dag.py for tasks to queue
[2025-09-20T22:36:48.996+0000] {logging_mixin.py:188} INFO - [2025-09-20T22:36:48.996+0000] {dagbag.py:538} INFO - Filling up the DagBag from /opt/airflow/dags/crypto_data_generator_dag.py
[2025-09-20T22:36:49.798+0000] {processor.py:840} INFO - DAG(s) 'crypto_data_generator' retrieved from /opt/airflow/dags/crypto_data_generator_dag.py
[2025-09-20T22:36:49.825+0000] {logging_mixin.py:188} INFO - [2025-09-20T22:36:49.824+0000] {dag.py:3036} INFO - Sync 1 DAGs
[2025-09-20T22:36:49.862+0000] {logging_mixin.py:188} INFO - [2025-09-20T22:36:49.862+0000] {dag.py:3823} INFO - Setting next_dagrun for crypto_data_generator to 2025-09-20 22:00:00+00:00, run_after=2025-09-20 23:00:00+00:00
[2025-09-20T22:36:49.893+0000] {processor.py:183} INFO - Processing /opt/airflow/dags/crypto_data_generator_dag.py took 0.909 seconds
[2025-09-20T22:37:20.340+0000] {processor.py:161} INFO - Started process (PID=5558) to work on /opt/airflow/dags/crypto_data_generator_dag.py
[2025-09-20T22:37:20.341+0000] {processor.py:830} INFO - Processing file /opt/airflow/dags/crypto_data_generator_dag.py for tasks to queue
[2025-09-20T22:37:20.344+0000] {logging_mixin.py:188} INFO - [2025-09-20T22:37:20.344+0000] {dagbag.py:538} INFO - Filling up the DagBag from /opt/airflow/dags/crypto_data_generator_dag.py
[2025-09-20T22:37:21.167+0000] {processor.py:840} INFO - DAG(s) 'crypto_data_generator' retrieved from /opt/airflow/dags/crypto_data_generator_dag.py
[2025-09-20T22:37:21.195+0000] {logging_mixin.py:188} INFO - [2025-09-20T22:37:21.194+0000] {dag.py:3036} INFO - Sync 1 DAGs
[2025-09-20T22:37:21.234+0000] {logging_mixin.py:188} INFO - [2025-09-20T22:37:21.233+0000] {dag.py:3823} INFO - Setting next_dagrun for crypto_data_generator to 2025-09-20 22:00:00+00:00, run_after=2025-09-20 23:00:00+00:00
[2025-09-20T22:37:21.270+0000] {processor.py:183} INFO - Processing /opt/airflow/dags/crypto_data_generator_dag.py took 0.936 seconds
[2025-09-20T22:37:51.811+0000] {processor.py:161} INFO - Started process (PID=5616) to work on /opt/airflow/dags/crypto_data_generator_dag.py
[2025-09-20T22:37:51.813+0000] {processor.py:830} INFO - Processing file /opt/airflow/dags/crypto_data_generator_dag.py for tasks to queue
[2025-09-20T22:37:51.817+0000] {logging_mixin.py:188} INFO - [2025-09-20T22:37:51.816+0000] {dagbag.py:538} INFO - Filling up the DagBag from /opt/airflow/dags/crypto_data_generator_dag.py
[2025-09-20T22:37:52.607+0000] {processor.py:840} INFO - DAG(s) 'crypto_data_generator' retrieved from /opt/airflow/dags/crypto_data_generator_dag.py
[2025-09-20T22:37:52.633+0000] {logging_mixin.py:188} INFO - [2025-09-20T22:37:52.632+0000] {dag.py:3036} INFO - Sync 1 DAGs
[2025-09-20T22:37:52.669+0000] {logging_mixin.py:188} INFO - [2025-09-20T22:37:52.668+0000] {dag.py:3823} INFO - Setting next_dagrun for crypto_data_generator to 2025-09-20 22:00:00+00:00, run_after=2025-09-20 23:00:00+00:00
[2025-09-20T22:37:52.704+0000] {processor.py:183} INFO - Processing /opt/airflow/dags/crypto_data_generator_dag.py took 0.897 seconds
[2025-09-20T22:38:23.424+0000] {processor.py:161} INFO - Started process (PID=5680) to work on /opt/airflow/dags/crypto_data_generator_dag.py
[2025-09-20T22:38:23.426+0000] {processor.py:830} INFO - Processing file /opt/airflow/dags/crypto_data_generator_dag.py for tasks to queue
[2025-09-20T22:38:23.429+0000] {logging_mixin.py:188} INFO - [2025-09-20T22:38:23.429+0000] {dagbag.py:538} INFO - Filling up the DagBag from /opt/airflow/dags/crypto_data_generator_dag.py
[2025-09-20T22:38:24.259+0000] {processor.py:840} INFO - DAG(s) 'crypto_data_generator' retrieved from /opt/airflow/dags/crypto_data_generator_dag.py
[2025-09-20T22:38:24.289+0000] {logging_mixin.py:188} INFO - [2025-09-20T22:38:24.288+0000] {dag.py:3036} INFO - Sync 1 DAGs
[2025-09-20T22:38:24.328+0000] {logging_mixin.py:188} INFO - [2025-09-20T22:38:24.327+0000] {dag.py:3823} INFO - Setting next_dagrun for crypto_data_generator to 2025-09-20 22:00:00+00:00, run_after=2025-09-20 23:00:00+00:00
[2025-09-20T22:38:24.366+0000] {processor.py:183} INFO - Processing /opt/airflow/dags/crypto_data_generator_dag.py took 0.948 seconds
[2025-09-20T22:38:55.250+0000] {processor.py:161} INFO - Started process (PID=5738) to work on /opt/airflow/dags/crypto_data_generator_dag.py
[2025-09-20T22:38:55.252+0000] {processor.py:830} INFO - Processing file /opt/airflow/dags/crypto_data_generator_dag.py for tasks to queue
[2025-09-20T22:38:55.256+0000] {logging_mixin.py:188} INFO - [2025-09-20T22:38:55.255+0000] {dagbag.py:538} INFO - Filling up the DagBag from /opt/airflow/dags/crypto_data_generator_dag.py
[2025-09-20T22:38:56.052+0000] {processor.py:840} INFO - DAG(s) 'crypto_data_generator' retrieved from /opt/airflow/dags/crypto_data_generator_dag.py
[2025-09-20T22:38:56.078+0000] {logging_mixin.py:188} INFO - [2025-09-20T22:38:56.077+0000] {dag.py:3036} INFO - Sync 1 DAGs
[2025-09-20T22:38:56.115+0000] {logging_mixin.py:188} INFO - [2025-09-20T22:38:56.115+0000] {dag.py:3823} INFO - Setting next_dagrun for crypto_data_generator to 2025-09-20 22:00:00+00:00, run_after=2025-09-20 23:00:00+00:00
[2025-09-20T22:38:56.150+0000] {processor.py:183} INFO - Processing /opt/airflow/dags/crypto_data_generator_dag.py took 0.905 seconds
[2025-09-20T22:39:26.944+0000] {processor.py:161} INFO - Started process (PID=5796) to work on /opt/airflow/dags/crypto_data_generator_dag.py
[2025-09-20T22:39:26.946+0000] {processor.py:830} INFO - Processing file /opt/airflow/dags/crypto_data_generator_dag.py for tasks to queue
[2025-09-20T22:39:26.949+0000] {logging_mixin.py:188} INFO - [2025-09-20T22:39:26.949+0000] {dagbag.py:538} INFO - Filling up the DagBag from /opt/airflow/dags/crypto_data_generator_dag.py
[2025-09-20T22:39:27.807+0000] {processor.py:840} INFO - DAG(s) 'crypto_data_generator' retrieved from /opt/airflow/dags/crypto_data_generator_dag.py
[2025-09-20T22:39:27.836+0000] {logging_mixin.py:188} INFO - [2025-09-20T22:39:27.835+0000] {dag.py:3036} INFO - Sync 1 DAGs
[2025-09-20T22:39:27.877+0000] {logging_mixin.py:188} INFO - [2025-09-20T22:39:27.876+0000] {dag.py:3823} INFO - Setting next_dagrun for crypto_data_generator to 2025-09-20 22:00:00+00:00, run_after=2025-09-20 23:00:00+00:00
[2025-09-20T22:39:27.917+0000] {processor.py:183} INFO - Processing /opt/airflow/dags/crypto_data_generator_dag.py took 0.978 seconds
