[2025-09-21T11:12:59.301+0000] {processor.py:161} INFO - Started process (PID=107) to work on /home/airflow/.local/lib/python3.8/site-packages/airflow/example_dags/plugins/event_listener.py
[2025-09-21T11:12:59.304+0000] {processor.py:830} INFO - Processing file /home/airflow/.local/lib/python3.8/site-packages/airflow/example_dags/plugins/event_listener.py for tasks to queue
[2025-09-21T11:12:59.309+0000] {logging_mixin.py:188} INFO - [2025-09-21T11:12:59.308+0000] {dagbag.py:538} INFO - Filling up the DagBag from /home/airflow/.local/lib/python3.8/site-packages/airflow/example_dags/plugins/event_listener.py
[2025-09-21T11:12:59.319+0000] {processor.py:842} WARNING - No viable dags retrieved from /home/airflow/.local/lib/python3.8/site-packages/airflow/example_dags/plugins/event_listener.py
[2025-09-21T11:12:59.360+0000] {processor.py:183} INFO - Processing /home/airflow/.local/lib/python3.8/site-packages/airflow/example_dags/plugins/event_listener.py took 0.068 seconds
[2025-09-21T11:13:30.152+0000] {processor.py:161} INFO - Started process (PID=165) to work on /home/airflow/.local/lib/python3.8/site-packages/airflow/example_dags/plugins/event_listener.py
[2025-09-21T11:13:30.153+0000] {processor.py:830} INFO - Processing file /home/airflow/.local/lib/python3.8/site-packages/airflow/example_dags/plugins/event_listener.py for tasks to queue
[2025-09-21T11:13:30.157+0000] {logging_mixin.py:188} INFO - [2025-09-21T11:13:30.156+0000] {dagbag.py:538} INFO - Filling up the DagBag from /home/airflow/.local/lib/python3.8/site-packages/airflow/example_dags/plugins/event_listener.py
[2025-09-21T11:13:30.161+0000] {processor.py:842} WARNING - No viable dags retrieved from /home/airflow/.local/lib/python3.8/site-packages/airflow/example_dags/plugins/event_listener.py
[2025-09-21T11:13:30.185+0000] {processor.py:183} INFO - Processing /home/airflow/.local/lib/python3.8/site-packages/airflow/example_dags/plugins/event_listener.py took 0.039 seconds
[2025-09-21T11:14:00.440+0000] {processor.py:161} INFO - Started process (PID=223) to work on /home/airflow/.local/lib/python3.8/site-packages/airflow/example_dags/plugins/event_listener.py
[2025-09-21T11:14:00.442+0000] {processor.py:830} INFO - Processing file /home/airflow/.local/lib/python3.8/site-packages/airflow/example_dags/plugins/event_listener.py for tasks to queue
[2025-09-21T11:14:00.445+0000] {logging_mixin.py:188} INFO - [2025-09-21T11:14:00.445+0000] {dagbag.py:538} INFO - Filling up the DagBag from /home/airflow/.local/lib/python3.8/site-packages/airflow/example_dags/plugins/event_listener.py
[2025-09-21T11:14:00.450+0000] {processor.py:842} WARNING - No viable dags retrieved from /home/airflow/.local/lib/python3.8/site-packages/airflow/example_dags/plugins/event_listener.py
[2025-09-21T11:14:00.474+0000] {processor.py:183} INFO - Processing /home/airflow/.local/lib/python3.8/site-packages/airflow/example_dags/plugins/event_listener.py took 0.039 seconds
[2025-09-21T11:14:30.963+0000] {processor.py:161} INFO - Started process (PID=281) to work on /home/airflow/.local/lib/python3.8/site-packages/airflow/example_dags/plugins/event_listener.py
[2025-09-21T11:14:30.965+0000] {processor.py:830} INFO - Processing file /home/airflow/.local/lib/python3.8/site-packages/airflow/example_dags/plugins/event_listener.py for tasks to queue
[2025-09-21T11:14:30.969+0000] {logging_mixin.py:188} INFO - [2025-09-21T11:14:30.968+0000] {dagbag.py:538} INFO - Filling up the DagBag from /home/airflow/.local/lib/python3.8/site-packages/airflow/example_dags/plugins/event_listener.py
[2025-09-21T11:14:30.974+0000] {processor.py:842} WARNING - No viable dags retrieved from /home/airflow/.local/lib/python3.8/site-packages/airflow/example_dags/plugins/event_listener.py
[2025-09-21T11:14:30.996+0000] {processor.py:183} INFO - Processing /home/airflow/.local/lib/python3.8/site-packages/airflow/example_dags/plugins/event_listener.py took 0.038 seconds
[2025-09-21T11:15:02.943+0000] {processor.py:161} INFO - Started process (PID=339) to work on /home/airflow/.local/lib/python3.8/site-packages/airflow/example_dags/plugins/event_listener.py
[2025-09-21T11:15:02.945+0000] {processor.py:830} INFO - Processing file /home/airflow/.local/lib/python3.8/site-packages/airflow/example_dags/plugins/event_listener.py for tasks to queue
[2025-09-21T11:15:02.950+0000] {logging_mixin.py:188} INFO - [2025-09-21T11:15:02.949+0000] {dagbag.py:538} INFO - Filling up the DagBag from /home/airflow/.local/lib/python3.8/site-packages/airflow/example_dags/plugins/event_listener.py
[2025-09-21T11:15:02.956+0000] {processor.py:842} WARNING - No viable dags retrieved from /home/airflow/.local/lib/python3.8/site-packages/airflow/example_dags/plugins/event_listener.py
[2025-09-21T11:15:02.995+0000] {processor.py:183} INFO - Processing /home/airflow/.local/lib/python3.8/site-packages/airflow/example_dags/plugins/event_listener.py took 0.059 seconds
[2025-09-21T11:15:33.800+0000] {processor.py:161} INFO - Started process (PID=398) to work on /home/airflow/.local/lib/python3.8/site-packages/airflow/example_dags/plugins/event_listener.py
[2025-09-21T11:15:33.802+0000] {processor.py:830} INFO - Processing file /home/airflow/.local/lib/python3.8/site-packages/airflow/example_dags/plugins/event_listener.py for tasks to queue
[2025-09-21T11:15:33.805+0000] {logging_mixin.py:188} INFO - [2025-09-21T11:15:33.805+0000] {dagbag.py:538} INFO - Filling up the DagBag from /home/airflow/.local/lib/python3.8/site-packages/airflow/example_dags/plugins/event_listener.py
[2025-09-21T11:15:33.809+0000] {processor.py:842} WARNING - No viable dags retrieved from /home/airflow/.local/lib/python3.8/site-packages/airflow/example_dags/plugins/event_listener.py
[2025-09-21T11:15:33.832+0000] {processor.py:183} INFO - Processing /home/airflow/.local/lib/python3.8/site-packages/airflow/example_dags/plugins/event_listener.py took 0.039 seconds
[2025-09-21T11:16:04.032+0000] {processor.py:161} INFO - Started process (PID=456) to work on /home/airflow/.local/lib/python3.8/site-packages/airflow/example_dags/plugins/event_listener.py
[2025-09-21T11:16:04.034+0000] {processor.py:830} INFO - Processing file /home/airflow/.local/lib/python3.8/site-packages/airflow/example_dags/plugins/event_listener.py for tasks to queue
[2025-09-21T11:16:04.037+0000] {logging_mixin.py:188} INFO - [2025-09-21T11:16:04.037+0000] {dagbag.py:538} INFO - Filling up the DagBag from /home/airflow/.local/lib/python3.8/site-packages/airflow/example_dags/plugins/event_listener.py
[2025-09-21T11:16:04.041+0000] {processor.py:842} WARNING - No viable dags retrieved from /home/airflow/.local/lib/python3.8/site-packages/airflow/example_dags/plugins/event_listener.py
[2025-09-21T11:16:04.064+0000] {processor.py:183} INFO - Processing /home/airflow/.local/lib/python3.8/site-packages/airflow/example_dags/plugins/event_listener.py took 0.038 seconds
[2025-09-21T11:16:34.522+0000] {processor.py:161} INFO - Started process (PID=515) to work on /home/airflow/.local/lib/python3.8/site-packages/airflow/example_dags/plugins/event_listener.py
[2025-09-21T11:16:34.523+0000] {processor.py:830} INFO - Processing file /home/airflow/.local/lib/python3.8/site-packages/airflow/example_dags/plugins/event_listener.py for tasks to queue
[2025-09-21T11:16:34.527+0000] {logging_mixin.py:188} INFO - [2025-09-21T11:16:34.526+0000] {dagbag.py:538} INFO - Filling up the DagBag from /home/airflow/.local/lib/python3.8/site-packages/airflow/example_dags/plugins/event_listener.py
[2025-09-21T11:16:34.531+0000] {processor.py:842} WARNING - No viable dags retrieved from /home/airflow/.local/lib/python3.8/site-packages/airflow/example_dags/plugins/event_listener.py
[2025-09-21T11:16:34.554+0000] {processor.py:183} INFO - Processing /home/airflow/.local/lib/python3.8/site-packages/airflow/example_dags/plugins/event_listener.py took 0.038 seconds
[2025-09-21T11:17:05.407+0000] {processor.py:161} INFO - Started process (PID=573) to work on /home/airflow/.local/lib/python3.8/site-packages/airflow/example_dags/plugins/event_listener.py
[2025-09-21T11:17:05.409+0000] {processor.py:830} INFO - Processing file /home/airflow/.local/lib/python3.8/site-packages/airflow/example_dags/plugins/event_listener.py for tasks to queue
[2025-09-21T11:17:05.413+0000] {logging_mixin.py:188} INFO - [2025-09-21T11:17:05.412+0000] {dagbag.py:538} INFO - Filling up the DagBag from /home/airflow/.local/lib/python3.8/site-packages/airflow/example_dags/plugins/event_listener.py
[2025-09-21T11:17:05.417+0000] {processor.py:842} WARNING - No viable dags retrieved from /home/airflow/.local/lib/python3.8/site-packages/airflow/example_dags/plugins/event_listener.py
[2025-09-21T11:17:05.441+0000] {processor.py:183} INFO - Processing /home/airflow/.local/lib/python3.8/site-packages/airflow/example_dags/plugins/event_listener.py took 0.041 seconds
[2025-09-21T11:17:36.392+0000] {processor.py:161} INFO - Started process (PID=637) to work on /home/airflow/.local/lib/python3.8/site-packages/airflow/example_dags/plugins/event_listener.py
[2025-09-21T11:17:36.394+0000] {processor.py:830} INFO - Processing file /home/airflow/.local/lib/python3.8/site-packages/airflow/example_dags/plugins/event_listener.py for tasks to queue
[2025-09-21T11:17:36.400+0000] {logging_mixin.py:188} INFO - [2025-09-21T11:17:36.399+0000] {dagbag.py:538} INFO - Filling up the DagBag from /home/airflow/.local/lib/python3.8/site-packages/airflow/example_dags/plugins/event_listener.py
[2025-09-21T11:17:36.405+0000] {processor.py:842} WARNING - No viable dags retrieved from /home/airflow/.local/lib/python3.8/site-packages/airflow/example_dags/plugins/event_listener.py
[2025-09-21T11:17:36.433+0000] {processor.py:183} INFO - Processing /home/airflow/.local/lib/python3.8/site-packages/airflow/example_dags/plugins/event_listener.py took 0.048 seconds
[2025-09-21T11:18:07.256+0000] {processor.py:161} INFO - Started process (PID=695) to work on /home/airflow/.local/lib/python3.8/site-packages/airflow/example_dags/plugins/event_listener.py
[2025-09-21T11:18:07.257+0000] {processor.py:830} INFO - Processing file /home/airflow/.local/lib/python3.8/site-packages/airflow/example_dags/plugins/event_listener.py for tasks to queue
[2025-09-21T11:18:07.261+0000] {logging_mixin.py:188} INFO - [2025-09-21T11:18:07.260+0000] {dagbag.py:538} INFO - Filling up the DagBag from /home/airflow/.local/lib/python3.8/site-packages/airflow/example_dags/plugins/event_listener.py
[2025-09-21T11:18:07.265+0000] {processor.py:842} WARNING - No viable dags retrieved from /home/airflow/.local/lib/python3.8/site-packages/airflow/example_dags/plugins/event_listener.py
[2025-09-21T11:18:07.290+0000] {processor.py:183} INFO - Processing /home/airflow/.local/lib/python3.8/site-packages/airflow/example_dags/plugins/event_listener.py took 0.040 seconds
[2025-09-21T11:18:37.945+0000] {processor.py:161} INFO - Started process (PID=753) to work on /home/airflow/.local/lib/python3.8/site-packages/airflow/example_dags/plugins/event_listener.py
[2025-09-21T11:18:37.947+0000] {processor.py:830} INFO - Processing file /home/airflow/.local/lib/python3.8/site-packages/airflow/example_dags/plugins/event_listener.py for tasks to queue
[2025-09-21T11:18:37.950+0000] {logging_mixin.py:188} INFO - [2025-09-21T11:18:37.950+0000] {dagbag.py:538} INFO - Filling up the DagBag from /home/airflow/.local/lib/python3.8/site-packages/airflow/example_dags/plugins/event_listener.py
[2025-09-21T11:18:37.954+0000] {processor.py:842} WARNING - No viable dags retrieved from /home/airflow/.local/lib/python3.8/site-packages/airflow/example_dags/plugins/event_listener.py
[2025-09-21T11:18:37.980+0000] {processor.py:183} INFO - Processing /home/airflow/.local/lib/python3.8/site-packages/airflow/example_dags/plugins/event_listener.py took 0.042 seconds
[2025-09-21T11:19:08.904+0000] {processor.py:161} INFO - Started process (PID=811) to work on /home/airflow/.local/lib/python3.8/site-packages/airflow/example_dags/plugins/event_listener.py
[2025-09-21T11:19:08.906+0000] {processor.py:830} INFO - Processing file /home/airflow/.local/lib/python3.8/site-packages/airflow/example_dags/plugins/event_listener.py for tasks to queue
[2025-09-21T11:19:08.912+0000] {logging_mixin.py:188} INFO - [2025-09-21T11:19:08.912+0000] {dagbag.py:538} INFO - Filling up the DagBag from /home/airflow/.local/lib/python3.8/site-packages/airflow/example_dags/plugins/event_listener.py
[2025-09-21T11:19:08.918+0000] {processor.py:842} WARNING - No viable dags retrieved from /home/airflow/.local/lib/python3.8/site-packages/airflow/example_dags/plugins/event_listener.py
[2025-09-21T11:19:08.948+0000] {processor.py:183} INFO - Processing /home/airflow/.local/lib/python3.8/site-packages/airflow/example_dags/plugins/event_listener.py took 0.050 seconds
[2025-09-21T11:19:39.429+0000] {processor.py:161} INFO - Started process (PID=869) to work on /home/airflow/.local/lib/python3.8/site-packages/airflow/example_dags/plugins/event_listener.py
[2025-09-21T11:19:39.431+0000] {processor.py:830} INFO - Processing file /home/airflow/.local/lib/python3.8/site-packages/airflow/example_dags/plugins/event_listener.py for tasks to queue
[2025-09-21T11:19:39.434+0000] {logging_mixin.py:188} INFO - [2025-09-21T11:19:39.433+0000] {dagbag.py:538} INFO - Filling up the DagBag from /home/airflow/.local/lib/python3.8/site-packages/airflow/example_dags/plugins/event_listener.py
[2025-09-21T11:19:39.438+0000] {processor.py:842} WARNING - No viable dags retrieved from /home/airflow/.local/lib/python3.8/site-packages/airflow/example_dags/plugins/event_listener.py
[2025-09-21T11:19:39.462+0000] {processor.py:183} INFO - Processing /home/airflow/.local/lib/python3.8/site-packages/airflow/example_dags/plugins/event_listener.py took 0.039 seconds
[2025-09-21T11:20:10.501+0000] {processor.py:161} INFO - Started process (PID=927) to work on /home/airflow/.local/lib/python3.8/site-packages/airflow/example_dags/plugins/event_listener.py
[2025-09-21T11:20:10.503+0000] {processor.py:830} INFO - Processing file /home/airflow/.local/lib/python3.8/site-packages/airflow/example_dags/plugins/event_listener.py for tasks to queue
[2025-09-21T11:20:10.506+0000] {logging_mixin.py:188} INFO - [2025-09-21T11:20:10.505+0000] {dagbag.py:538} INFO - Filling up the DagBag from /home/airflow/.local/lib/python3.8/site-packages/airflow/example_dags/plugins/event_listener.py
[2025-09-21T11:20:10.510+0000] {processor.py:842} WARNING - No viable dags retrieved from /home/airflow/.local/lib/python3.8/site-packages/airflow/example_dags/plugins/event_listener.py
[2025-09-21T11:20:10.534+0000] {processor.py:183} INFO - Processing /home/airflow/.local/lib/python3.8/site-packages/airflow/example_dags/plugins/event_listener.py took 0.038 seconds
[2025-09-21T11:20:41.322+0000] {processor.py:161} INFO - Started process (PID=985) to work on /home/airflow/.local/lib/python3.8/site-packages/airflow/example_dags/plugins/event_listener.py
[2025-09-21T11:20:41.324+0000] {processor.py:830} INFO - Processing file /home/airflow/.local/lib/python3.8/site-packages/airflow/example_dags/plugins/event_listener.py for tasks to queue
[2025-09-21T11:20:41.327+0000] {logging_mixin.py:188} INFO - [2025-09-21T11:20:41.327+0000] {dagbag.py:538} INFO - Filling up the DagBag from /home/airflow/.local/lib/python3.8/site-packages/airflow/example_dags/plugins/event_listener.py
[2025-09-21T11:20:41.331+0000] {processor.py:842} WARNING - No viable dags retrieved from /home/airflow/.local/lib/python3.8/site-packages/airflow/example_dags/plugins/event_listener.py
[2025-09-21T11:20:41.354+0000] {processor.py:183} INFO - Processing /home/airflow/.local/lib/python3.8/site-packages/airflow/example_dags/plugins/event_listener.py took 0.038 seconds
[2025-09-21T11:21:11.585+0000] {processor.py:161} INFO - Started process (PID=1043) to work on /home/airflow/.local/lib/python3.8/site-packages/airflow/example_dags/plugins/event_listener.py
[2025-09-21T11:21:11.587+0000] {processor.py:830} INFO - Processing file /home/airflow/.local/lib/python3.8/site-packages/airflow/example_dags/plugins/event_listener.py for tasks to queue
[2025-09-21T11:21:11.590+0000] {logging_mixin.py:188} INFO - [2025-09-21T11:21:11.590+0000] {dagbag.py:538} INFO - Filling up the DagBag from /home/airflow/.local/lib/python3.8/site-packages/airflow/example_dags/plugins/event_listener.py
[2025-09-21T11:21:11.594+0000] {processor.py:842} WARNING - No viable dags retrieved from /home/airflow/.local/lib/python3.8/site-packages/airflow/example_dags/plugins/event_listener.py
[2025-09-21T11:21:11.616+0000] {processor.py:183} INFO - Processing /home/airflow/.local/lib/python3.8/site-packages/airflow/example_dags/plugins/event_listener.py took 0.037 seconds
[2025-09-21T11:21:42.325+0000] {processor.py:161} INFO - Started process (PID=1101) to work on /home/airflow/.local/lib/python3.8/site-packages/airflow/example_dags/plugins/event_listener.py
[2025-09-21T11:21:42.328+0000] {processor.py:830} INFO - Processing file /home/airflow/.local/lib/python3.8/site-packages/airflow/example_dags/plugins/event_listener.py for tasks to queue
[2025-09-21T11:21:42.332+0000] {logging_mixin.py:188} INFO - [2025-09-21T11:21:42.331+0000] {dagbag.py:538} INFO - Filling up the DagBag from /home/airflow/.local/lib/python3.8/site-packages/airflow/example_dags/plugins/event_listener.py
[2025-09-21T11:21:42.337+0000] {processor.py:842} WARNING - No viable dags retrieved from /home/airflow/.local/lib/python3.8/site-packages/airflow/example_dags/plugins/event_listener.py
[2025-09-21T11:21:42.360+0000] {processor.py:183} INFO - Processing /home/airflow/.local/lib/python3.8/site-packages/airflow/example_dags/plugins/event_listener.py took 0.043 seconds
[2025-09-21T11:22:12.522+0000] {processor.py:161} INFO - Started process (PID=1157) to work on /home/airflow/.local/lib/python3.8/site-packages/airflow/example_dags/plugins/event_listener.py
[2025-09-21T11:22:12.525+0000] {processor.py:830} INFO - Processing file /home/airflow/.local/lib/python3.8/site-packages/airflow/example_dags/plugins/event_listener.py for tasks to queue
[2025-09-21T11:22:12.529+0000] {logging_mixin.py:188} INFO - [2025-09-21T11:22:12.528+0000] {dagbag.py:538} INFO - Filling up the DagBag from /home/airflow/.local/lib/python3.8/site-packages/airflow/example_dags/plugins/event_listener.py
[2025-09-21T11:22:12.533+0000] {processor.py:842} WARNING - No viable dags retrieved from /home/airflow/.local/lib/python3.8/site-packages/airflow/example_dags/plugins/event_listener.py
[2025-09-21T11:22:12.559+0000] {processor.py:183} INFO - Processing /home/airflow/.local/lib/python3.8/site-packages/airflow/example_dags/plugins/event_listener.py took 0.045 seconds
[2025-09-21T11:22:42.715+0000] {processor.py:161} INFO - Started process (PID=1215) to work on /home/airflow/.local/lib/python3.8/site-packages/airflow/example_dags/plugins/event_listener.py
[2025-09-21T11:22:42.717+0000] {processor.py:830} INFO - Processing file /home/airflow/.local/lib/python3.8/site-packages/airflow/example_dags/plugins/event_listener.py for tasks to queue
[2025-09-21T11:22:42.721+0000] {logging_mixin.py:188} INFO - [2025-09-21T11:22:42.720+0000] {dagbag.py:538} INFO - Filling up the DagBag from /home/airflow/.local/lib/python3.8/site-packages/airflow/example_dags/plugins/event_listener.py
[2025-09-21T11:22:42.726+0000] {processor.py:842} WARNING - No viable dags retrieved from /home/airflow/.local/lib/python3.8/site-packages/airflow/example_dags/plugins/event_listener.py
[2025-09-21T11:22:42.752+0000] {processor.py:183} INFO - Processing /home/airflow/.local/lib/python3.8/site-packages/airflow/example_dags/plugins/event_listener.py took 0.042 seconds
[2025-09-21T11:23:13.133+0000] {processor.py:161} INFO - Started process (PID=1273) to work on /home/airflow/.local/lib/python3.8/site-packages/airflow/example_dags/plugins/event_listener.py
[2025-09-21T11:23:13.135+0000] {processor.py:830} INFO - Processing file /home/airflow/.local/lib/python3.8/site-packages/airflow/example_dags/plugins/event_listener.py for tasks to queue
[2025-09-21T11:23:13.138+0000] {logging_mixin.py:188} INFO - [2025-09-21T11:23:13.138+0000] {dagbag.py:538} INFO - Filling up the DagBag from /home/airflow/.local/lib/python3.8/site-packages/airflow/example_dags/plugins/event_listener.py
[2025-09-21T11:23:13.142+0000] {processor.py:842} WARNING - No viable dags retrieved from /home/airflow/.local/lib/python3.8/site-packages/airflow/example_dags/plugins/event_listener.py
[2025-09-21T11:23:13.167+0000] {processor.py:183} INFO - Processing /home/airflow/.local/lib/python3.8/site-packages/airflow/example_dags/plugins/event_listener.py took 0.041 seconds
[2025-09-21T11:23:43.822+0000] {processor.py:161} INFO - Started process (PID=1331) to work on /home/airflow/.local/lib/python3.8/site-packages/airflow/example_dags/plugins/event_listener.py
[2025-09-21T11:23:43.824+0000] {processor.py:830} INFO - Processing file /home/airflow/.local/lib/python3.8/site-packages/airflow/example_dags/plugins/event_listener.py for tasks to queue
[2025-09-21T11:23:43.827+0000] {logging_mixin.py:188} INFO - [2025-09-21T11:23:43.827+0000] {dagbag.py:538} INFO - Filling up the DagBag from /home/airflow/.local/lib/python3.8/site-packages/airflow/example_dags/plugins/event_listener.py
[2025-09-21T11:23:43.831+0000] {processor.py:842} WARNING - No viable dags retrieved from /home/airflow/.local/lib/python3.8/site-packages/airflow/example_dags/plugins/event_listener.py
[2025-09-21T11:23:43.858+0000] {processor.py:183} INFO - Processing /home/airflow/.local/lib/python3.8/site-packages/airflow/example_dags/plugins/event_listener.py took 0.042 seconds
[2025-09-21T11:24:14.917+0000] {processor.py:161} INFO - Started process (PID=1389) to work on /home/airflow/.local/lib/python3.8/site-packages/airflow/example_dags/plugins/event_listener.py
[2025-09-21T11:24:14.919+0000] {processor.py:830} INFO - Processing file /home/airflow/.local/lib/python3.8/site-packages/airflow/example_dags/plugins/event_listener.py for tasks to queue
[2025-09-21T11:24:14.922+0000] {logging_mixin.py:188} INFO - [2025-09-21T11:24:14.922+0000] {dagbag.py:538} INFO - Filling up the DagBag from /home/airflow/.local/lib/python3.8/site-packages/airflow/example_dags/plugins/event_listener.py
[2025-09-21T11:24:14.927+0000] {processor.py:842} WARNING - No viable dags retrieved from /home/airflow/.local/lib/python3.8/site-packages/airflow/example_dags/plugins/event_listener.py
[2025-09-21T11:24:14.953+0000] {processor.py:183} INFO - Processing /home/airflow/.local/lib/python3.8/site-packages/airflow/example_dags/plugins/event_listener.py took 0.043 seconds
[2025-09-21T11:24:45.489+0000] {processor.py:161} INFO - Started process (PID=1447) to work on /home/airflow/.local/lib/python3.8/site-packages/airflow/example_dags/plugins/event_listener.py
[2025-09-21T11:24:45.491+0000] {processor.py:830} INFO - Processing file /home/airflow/.local/lib/python3.8/site-packages/airflow/example_dags/plugins/event_listener.py for tasks to queue
[2025-09-21T11:24:45.494+0000] {logging_mixin.py:188} INFO - [2025-09-21T11:24:45.494+0000] {dagbag.py:538} INFO - Filling up the DagBag from /home/airflow/.local/lib/python3.8/site-packages/airflow/example_dags/plugins/event_listener.py
[2025-09-21T11:24:45.498+0000] {processor.py:842} WARNING - No viable dags retrieved from /home/airflow/.local/lib/python3.8/site-packages/airflow/example_dags/plugins/event_listener.py
[2025-09-21T11:24:45.523+0000] {processor.py:183} INFO - Processing /home/airflow/.local/lib/python3.8/site-packages/airflow/example_dags/plugins/event_listener.py took 0.040 seconds
[2025-09-21T11:25:16.445+0000] {processor.py:161} INFO - Started process (PID=1505) to work on /home/airflow/.local/lib/python3.8/site-packages/airflow/example_dags/plugins/event_listener.py
[2025-09-21T11:25:16.447+0000] {processor.py:830} INFO - Processing file /home/airflow/.local/lib/python3.8/site-packages/airflow/example_dags/plugins/event_listener.py for tasks to queue
[2025-09-21T11:25:16.450+0000] {logging_mixin.py:188} INFO - [2025-09-21T11:25:16.450+0000] {dagbag.py:538} INFO - Filling up the DagBag from /home/airflow/.local/lib/python3.8/site-packages/airflow/example_dags/plugins/event_listener.py
[2025-09-21T11:25:16.457+0000] {processor.py:842} WARNING - No viable dags retrieved from /home/airflow/.local/lib/python3.8/site-packages/airflow/example_dags/plugins/event_listener.py
[2025-09-21T11:25:16.480+0000] {processor.py:183} INFO - Processing /home/airflow/.local/lib/python3.8/site-packages/airflow/example_dags/plugins/event_listener.py took 0.040 seconds
[2025-09-21T11:25:47.123+0000] {processor.py:161} INFO - Started process (PID=1563) to work on /home/airflow/.local/lib/python3.8/site-packages/airflow/example_dags/plugins/event_listener.py
[2025-09-21T11:25:47.125+0000] {processor.py:830} INFO - Processing file /home/airflow/.local/lib/python3.8/site-packages/airflow/example_dags/plugins/event_listener.py for tasks to queue
[2025-09-21T11:25:47.128+0000] {logging_mixin.py:188} INFO - [2025-09-21T11:25:47.128+0000] {dagbag.py:538} INFO - Filling up the DagBag from /home/airflow/.local/lib/python3.8/site-packages/airflow/example_dags/plugins/event_listener.py
[2025-09-21T11:25:47.133+0000] {processor.py:842} WARNING - No viable dags retrieved from /home/airflow/.local/lib/python3.8/site-packages/airflow/example_dags/plugins/event_listener.py
[2025-09-21T11:25:47.157+0000] {processor.py:183} INFO - Processing /home/airflow/.local/lib/python3.8/site-packages/airflow/example_dags/plugins/event_listener.py took 0.040 seconds
[2025-09-21T11:26:17.796+0000] {processor.py:161} INFO - Started process (PID=1621) to work on /home/airflow/.local/lib/python3.8/site-packages/airflow/example_dags/plugins/event_listener.py
[2025-09-21T11:26:17.798+0000] {processor.py:830} INFO - Processing file /home/airflow/.local/lib/python3.8/site-packages/airflow/example_dags/plugins/event_listener.py for tasks to queue
[2025-09-21T11:26:17.801+0000] {logging_mixin.py:188} INFO - [2025-09-21T11:26:17.800+0000] {dagbag.py:538} INFO - Filling up the DagBag from /home/airflow/.local/lib/python3.8/site-packages/airflow/example_dags/plugins/event_listener.py
[2025-09-21T11:26:17.805+0000] {processor.py:842} WARNING - No viable dags retrieved from /home/airflow/.local/lib/python3.8/site-packages/airflow/example_dags/plugins/event_listener.py
[2025-09-21T11:26:17.829+0000] {processor.py:183} INFO - Processing /home/airflow/.local/lib/python3.8/site-packages/airflow/example_dags/plugins/event_listener.py took 0.040 seconds
[2025-09-21T11:26:48.561+0000] {processor.py:161} INFO - Started process (PID=1679) to work on /home/airflow/.local/lib/python3.8/site-packages/airflow/example_dags/plugins/event_listener.py
[2025-09-21T11:26:48.563+0000] {processor.py:830} INFO - Processing file /home/airflow/.local/lib/python3.8/site-packages/airflow/example_dags/plugins/event_listener.py for tasks to queue
[2025-09-21T11:26:48.566+0000] {logging_mixin.py:188} INFO - [2025-09-21T11:26:48.566+0000] {dagbag.py:538} INFO - Filling up the DagBag from /home/airflow/.local/lib/python3.8/site-packages/airflow/example_dags/plugins/event_listener.py
[2025-09-21T11:26:48.572+0000] {processor.py:842} WARNING - No viable dags retrieved from /home/airflow/.local/lib/python3.8/site-packages/airflow/example_dags/plugins/event_listener.py
[2025-09-21T11:26:48.598+0000] {processor.py:183} INFO - Processing /home/airflow/.local/lib/python3.8/site-packages/airflow/example_dags/plugins/event_listener.py took 0.043 seconds
[2025-09-21T11:27:19.071+0000] {processor.py:161} INFO - Started process (PID=1737) to work on /home/airflow/.local/lib/python3.8/site-packages/airflow/example_dags/plugins/event_listener.py
[2025-09-21T11:27:19.073+0000] {processor.py:830} INFO - Processing file /home/airflow/.local/lib/python3.8/site-packages/airflow/example_dags/plugins/event_listener.py for tasks to queue
[2025-09-21T11:27:19.077+0000] {logging_mixin.py:188} INFO - [2025-09-21T11:27:19.076+0000] {dagbag.py:538} INFO - Filling up the DagBag from /home/airflow/.local/lib/python3.8/site-packages/airflow/example_dags/plugins/event_listener.py
[2025-09-21T11:27:19.081+0000] {processor.py:842} WARNING - No viable dags retrieved from /home/airflow/.local/lib/python3.8/site-packages/airflow/example_dags/plugins/event_listener.py
[2025-09-21T11:27:19.104+0000] {processor.py:183} INFO - Processing /home/airflow/.local/lib/python3.8/site-packages/airflow/example_dags/plugins/event_listener.py took 0.039 seconds
[2025-09-21T11:27:49.962+0000] {processor.py:161} INFO - Started process (PID=1795) to work on /home/airflow/.local/lib/python3.8/site-packages/airflow/example_dags/plugins/event_listener.py
[2025-09-21T11:27:49.964+0000] {processor.py:830} INFO - Processing file /home/airflow/.local/lib/python3.8/site-packages/airflow/example_dags/plugins/event_listener.py for tasks to queue
[2025-09-21T11:27:49.967+0000] {logging_mixin.py:188} INFO - [2025-09-21T11:27:49.967+0000] {dagbag.py:538} INFO - Filling up the DagBag from /home/airflow/.local/lib/python3.8/site-packages/airflow/example_dags/plugins/event_listener.py
[2025-09-21T11:27:49.971+0000] {processor.py:842} WARNING - No viable dags retrieved from /home/airflow/.local/lib/python3.8/site-packages/airflow/example_dags/plugins/event_listener.py
[2025-09-21T11:27:49.995+0000] {processor.py:183} INFO - Processing /home/airflow/.local/lib/python3.8/site-packages/airflow/example_dags/plugins/event_listener.py took 0.039 seconds
[2025-09-21T11:28:20.342+0000] {processor.py:161} INFO - Started process (PID=1853) to work on /home/airflow/.local/lib/python3.8/site-packages/airflow/example_dags/plugins/event_listener.py
[2025-09-21T11:28:20.344+0000] {processor.py:830} INFO - Processing file /home/airflow/.local/lib/python3.8/site-packages/airflow/example_dags/plugins/event_listener.py for tasks to queue
[2025-09-21T11:28:20.348+0000] {logging_mixin.py:188} INFO - [2025-09-21T11:28:20.347+0000] {dagbag.py:538} INFO - Filling up the DagBag from /home/airflow/.local/lib/python3.8/site-packages/airflow/example_dags/plugins/event_listener.py
[2025-09-21T11:28:20.352+0000] {processor.py:842} WARNING - No viable dags retrieved from /home/airflow/.local/lib/python3.8/site-packages/airflow/example_dags/plugins/event_listener.py
[2025-09-21T11:28:20.379+0000] {processor.py:183} INFO - Processing /home/airflow/.local/lib/python3.8/site-packages/airflow/example_dags/plugins/event_listener.py took 0.043 seconds
[2025-09-21T11:28:50.697+0000] {processor.py:161} INFO - Started process (PID=1911) to work on /home/airflow/.local/lib/python3.8/site-packages/airflow/example_dags/plugins/event_listener.py
[2025-09-21T11:28:50.699+0000] {processor.py:830} INFO - Processing file /home/airflow/.local/lib/python3.8/site-packages/airflow/example_dags/plugins/event_listener.py for tasks to queue
[2025-09-21T11:28:50.703+0000] {logging_mixin.py:188} INFO - [2025-09-21T11:28:50.702+0000] {dagbag.py:538} INFO - Filling up the DagBag from /home/airflow/.local/lib/python3.8/site-packages/airflow/example_dags/plugins/event_listener.py
[2025-09-21T11:28:50.707+0000] {processor.py:842} WARNING - No viable dags retrieved from /home/airflow/.local/lib/python3.8/site-packages/airflow/example_dags/plugins/event_listener.py
[2025-09-21T11:28:50.734+0000] {processor.py:183} INFO - Processing /home/airflow/.local/lib/python3.8/site-packages/airflow/example_dags/plugins/event_listener.py took 0.042 seconds
[2025-09-21T11:29:21.336+0000] {processor.py:161} INFO - Started process (PID=1970) to work on /home/airflow/.local/lib/python3.8/site-packages/airflow/example_dags/plugins/event_listener.py
[2025-09-21T11:29:21.338+0000] {processor.py:830} INFO - Processing file /home/airflow/.local/lib/python3.8/site-packages/airflow/example_dags/plugins/event_listener.py for tasks to queue
[2025-09-21T11:29:21.342+0000] {logging_mixin.py:188} INFO - [2025-09-21T11:29:21.341+0000] {dagbag.py:538} INFO - Filling up the DagBag from /home/airflow/.local/lib/python3.8/site-packages/airflow/example_dags/plugins/event_listener.py
[2025-09-21T11:29:21.346+0000] {processor.py:842} WARNING - No viable dags retrieved from /home/airflow/.local/lib/python3.8/site-packages/airflow/example_dags/plugins/event_listener.py
[2025-09-21T11:29:21.369+0000] {processor.py:183} INFO - Processing /home/airflow/.local/lib/python3.8/site-packages/airflow/example_dags/plugins/event_listener.py took 0.038 seconds
[2025-09-21T11:29:51.858+0000] {processor.py:161} INFO - Started process (PID=2028) to work on /home/airflow/.local/lib/python3.8/site-packages/airflow/example_dags/plugins/event_listener.py
[2025-09-21T11:29:51.860+0000] {processor.py:830} INFO - Processing file /home/airflow/.local/lib/python3.8/site-packages/airflow/example_dags/plugins/event_listener.py for tasks to queue
[2025-09-21T11:29:51.864+0000] {logging_mixin.py:188} INFO - [2025-09-21T11:29:51.863+0000] {dagbag.py:538} INFO - Filling up the DagBag from /home/airflow/.local/lib/python3.8/site-packages/airflow/example_dags/plugins/event_listener.py
[2025-09-21T11:29:51.868+0000] {processor.py:842} WARNING - No viable dags retrieved from /home/airflow/.local/lib/python3.8/site-packages/airflow/example_dags/plugins/event_listener.py
[2025-09-21T11:29:51.893+0000] {processor.py:183} INFO - Processing /home/airflow/.local/lib/python3.8/site-packages/airflow/example_dags/plugins/event_listener.py took 0.042 seconds
[2025-09-21T11:30:22.670+0000] {processor.py:161} INFO - Started process (PID=2086) to work on /home/airflow/.local/lib/python3.8/site-packages/airflow/example_dags/plugins/event_listener.py
[2025-09-21T11:30:22.672+0000] {processor.py:830} INFO - Processing file /home/airflow/.local/lib/python3.8/site-packages/airflow/example_dags/plugins/event_listener.py for tasks to queue
[2025-09-21T11:30:22.675+0000] {logging_mixin.py:188} INFO - [2025-09-21T11:30:22.675+0000] {dagbag.py:538} INFO - Filling up the DagBag from /home/airflow/.local/lib/python3.8/site-packages/airflow/example_dags/plugins/event_listener.py
[2025-09-21T11:30:22.680+0000] {processor.py:842} WARNING - No viable dags retrieved from /home/airflow/.local/lib/python3.8/site-packages/airflow/example_dags/plugins/event_listener.py
[2025-09-21T11:30:22.704+0000] {processor.py:183} INFO - Processing /home/airflow/.local/lib/python3.8/site-packages/airflow/example_dags/plugins/event_listener.py took 0.040 seconds
[2025-09-21T11:30:53.761+0000] {processor.py:161} INFO - Started process (PID=2144) to work on /home/airflow/.local/lib/python3.8/site-packages/airflow/example_dags/plugins/event_listener.py
[2025-09-21T11:30:53.763+0000] {processor.py:830} INFO - Processing file /home/airflow/.local/lib/python3.8/site-packages/airflow/example_dags/plugins/event_listener.py for tasks to queue
[2025-09-21T11:30:53.766+0000] {logging_mixin.py:188} INFO - [2025-09-21T11:30:53.766+0000] {dagbag.py:538} INFO - Filling up the DagBag from /home/airflow/.local/lib/python3.8/site-packages/airflow/example_dags/plugins/event_listener.py
[2025-09-21T11:30:53.770+0000] {processor.py:842} WARNING - No viable dags retrieved from /home/airflow/.local/lib/python3.8/site-packages/airflow/example_dags/plugins/event_listener.py
[2025-09-21T11:30:53.795+0000] {processor.py:183} INFO - Processing /home/airflow/.local/lib/python3.8/site-packages/airflow/example_dags/plugins/event_listener.py took 0.041 seconds
[2025-09-21T11:31:24.124+0000] {processor.py:161} INFO - Started process (PID=2202) to work on /home/airflow/.local/lib/python3.8/site-packages/airflow/example_dags/plugins/event_listener.py
[2025-09-21T11:31:24.125+0000] {processor.py:830} INFO - Processing file /home/airflow/.local/lib/python3.8/site-packages/airflow/example_dags/plugins/event_listener.py for tasks to queue
[2025-09-21T11:31:24.129+0000] {logging_mixin.py:188} INFO - [2025-09-21T11:31:24.128+0000] {dagbag.py:538} INFO - Filling up the DagBag from /home/airflow/.local/lib/python3.8/site-packages/airflow/example_dags/plugins/event_listener.py
[2025-09-21T11:31:24.133+0000] {processor.py:842} WARNING - No viable dags retrieved from /home/airflow/.local/lib/python3.8/site-packages/airflow/example_dags/plugins/event_listener.py
[2025-09-21T11:31:24.154+0000] {processor.py:183} INFO - Processing /home/airflow/.local/lib/python3.8/site-packages/airflow/example_dags/plugins/event_listener.py took 0.036 seconds
[2025-09-21T11:31:54.672+0000] {processor.py:161} INFO - Started process (PID=2260) to work on /home/airflow/.local/lib/python3.8/site-packages/airflow/example_dags/plugins/event_listener.py
[2025-09-21T11:31:54.674+0000] {processor.py:830} INFO - Processing file /home/airflow/.local/lib/python3.8/site-packages/airflow/example_dags/plugins/event_listener.py for tasks to queue
[2025-09-21T11:31:54.677+0000] {logging_mixin.py:188} INFO - [2025-09-21T11:31:54.676+0000] {dagbag.py:538} INFO - Filling up the DagBag from /home/airflow/.local/lib/python3.8/site-packages/airflow/example_dags/plugins/event_listener.py
[2025-09-21T11:31:54.681+0000] {processor.py:842} WARNING - No viable dags retrieved from /home/airflow/.local/lib/python3.8/site-packages/airflow/example_dags/plugins/event_listener.py
[2025-09-21T11:31:54.704+0000] {processor.py:183} INFO - Processing /home/airflow/.local/lib/python3.8/site-packages/airflow/example_dags/plugins/event_listener.py took 0.038 seconds
[2025-09-21T11:32:24.855+0000] {processor.py:161} INFO - Started process (PID=2318) to work on /home/airflow/.local/lib/python3.8/site-packages/airflow/example_dags/plugins/event_listener.py
[2025-09-21T11:32:24.857+0000] {processor.py:830} INFO - Processing file /home/airflow/.local/lib/python3.8/site-packages/airflow/example_dags/plugins/event_listener.py for tasks to queue
[2025-09-21T11:32:24.860+0000] {logging_mixin.py:188} INFO - [2025-09-21T11:32:24.860+0000] {dagbag.py:538} INFO - Filling up the DagBag from /home/airflow/.local/lib/python3.8/site-packages/airflow/example_dags/plugins/event_listener.py
[2025-09-21T11:32:24.864+0000] {processor.py:842} WARNING - No viable dags retrieved from /home/airflow/.local/lib/python3.8/site-packages/airflow/example_dags/plugins/event_listener.py
[2025-09-21T11:32:24.887+0000] {processor.py:183} INFO - Processing /home/airflow/.local/lib/python3.8/site-packages/airflow/example_dags/plugins/event_listener.py took 0.038 seconds
[2025-09-21T11:32:55.221+0000] {processor.py:161} INFO - Started process (PID=2375) to work on /home/airflow/.local/lib/python3.8/site-packages/airflow/example_dags/plugins/event_listener.py
[2025-09-21T11:32:55.224+0000] {processor.py:830} INFO - Processing file /home/airflow/.local/lib/python3.8/site-packages/airflow/example_dags/plugins/event_listener.py for tasks to queue
[2025-09-21T11:32:55.227+0000] {logging_mixin.py:188} INFO - [2025-09-21T11:32:55.227+0000] {dagbag.py:538} INFO - Filling up the DagBag from /home/airflow/.local/lib/python3.8/site-packages/airflow/example_dags/plugins/event_listener.py
[2025-09-21T11:32:55.231+0000] {processor.py:842} WARNING - No viable dags retrieved from /home/airflow/.local/lib/python3.8/site-packages/airflow/example_dags/plugins/event_listener.py
[2025-09-21T11:32:55.254+0000] {processor.py:183} INFO - Processing /home/airflow/.local/lib/python3.8/site-packages/airflow/example_dags/plugins/event_listener.py took 0.040 seconds
[2025-09-21T11:33:25.843+0000] {processor.py:161} INFO - Started process (PID=2433) to work on /home/airflow/.local/lib/python3.8/site-packages/airflow/example_dags/plugins/event_listener.py
[2025-09-21T11:33:25.845+0000] {processor.py:830} INFO - Processing file /home/airflow/.local/lib/python3.8/site-packages/airflow/example_dags/plugins/event_listener.py for tasks to queue
[2025-09-21T11:33:25.849+0000] {logging_mixin.py:188} INFO - [2025-09-21T11:33:25.848+0000] {dagbag.py:538} INFO - Filling up the DagBag from /home/airflow/.local/lib/python3.8/site-packages/airflow/example_dags/plugins/event_listener.py
[2025-09-21T11:33:25.853+0000] {processor.py:842} WARNING - No viable dags retrieved from /home/airflow/.local/lib/python3.8/site-packages/airflow/example_dags/plugins/event_listener.py
[2025-09-21T11:33:25.879+0000] {processor.py:183} INFO - Processing /home/airflow/.local/lib/python3.8/site-packages/airflow/example_dags/plugins/event_listener.py took 0.042 seconds
[2025-09-21T11:33:57.142+0000] {processor.py:161} INFO - Started process (PID=2492) to work on /home/airflow/.local/lib/python3.8/site-packages/airflow/example_dags/plugins/event_listener.py
[2025-09-21T11:33:57.144+0000] {processor.py:830} INFO - Processing file /home/airflow/.local/lib/python3.8/site-packages/airflow/example_dags/plugins/event_listener.py for tasks to queue
[2025-09-21T11:33:57.148+0000] {logging_mixin.py:188} INFO - [2025-09-21T11:33:57.147+0000] {dagbag.py:538} INFO - Filling up the DagBag from /home/airflow/.local/lib/python3.8/site-packages/airflow/example_dags/plugins/event_listener.py
[2025-09-21T11:33:57.152+0000] {processor.py:842} WARNING - No viable dags retrieved from /home/airflow/.local/lib/python3.8/site-packages/airflow/example_dags/plugins/event_listener.py
[2025-09-21T11:33:57.181+0000] {processor.py:183} INFO - Processing /home/airflow/.local/lib/python3.8/site-packages/airflow/example_dags/plugins/event_listener.py took 0.046 seconds
[2025-09-21T11:34:27.535+0000] {processor.py:161} INFO - Started process (PID=2550) to work on /home/airflow/.local/lib/python3.8/site-packages/airflow/example_dags/plugins/event_listener.py
[2025-09-21T11:34:27.537+0000] {processor.py:830} INFO - Processing file /home/airflow/.local/lib/python3.8/site-packages/airflow/example_dags/plugins/event_listener.py for tasks to queue
[2025-09-21T11:34:27.542+0000] {logging_mixin.py:188} INFO - [2025-09-21T11:34:27.541+0000] {dagbag.py:538} INFO - Filling up the DagBag from /home/airflow/.local/lib/python3.8/site-packages/airflow/example_dags/plugins/event_listener.py
[2025-09-21T11:34:27.546+0000] {processor.py:842} WARNING - No viable dags retrieved from /home/airflow/.local/lib/python3.8/site-packages/airflow/example_dags/plugins/event_listener.py
[2025-09-21T11:34:27.570+0000] {processor.py:183} INFO - Processing /home/airflow/.local/lib/python3.8/site-packages/airflow/example_dags/plugins/event_listener.py took 0.042 seconds
[2025-09-21T11:34:58.028+0000] {processor.py:161} INFO - Started process (PID=2608) to work on /home/airflow/.local/lib/python3.8/site-packages/airflow/example_dags/plugins/event_listener.py
[2025-09-21T11:34:58.030+0000] {processor.py:830} INFO - Processing file /home/airflow/.local/lib/python3.8/site-packages/airflow/example_dags/plugins/event_listener.py for tasks to queue
[2025-09-21T11:34:58.034+0000] {logging_mixin.py:188} INFO - [2025-09-21T11:34:58.033+0000] {dagbag.py:538} INFO - Filling up the DagBag from /home/airflow/.local/lib/python3.8/site-packages/airflow/example_dags/plugins/event_listener.py
[2025-09-21T11:34:58.038+0000] {processor.py:842} WARNING - No viable dags retrieved from /home/airflow/.local/lib/python3.8/site-packages/airflow/example_dags/plugins/event_listener.py
[2025-09-21T11:34:58.062+0000] {processor.py:183} INFO - Processing /home/airflow/.local/lib/python3.8/site-packages/airflow/example_dags/plugins/event_listener.py took 0.039 seconds
[2025-09-21T11:35:28.604+0000] {processor.py:161} INFO - Started process (PID=2666) to work on /home/airflow/.local/lib/python3.8/site-packages/airflow/example_dags/plugins/event_listener.py
[2025-09-21T11:35:28.605+0000] {processor.py:830} INFO - Processing file /home/airflow/.local/lib/python3.8/site-packages/airflow/example_dags/plugins/event_listener.py for tasks to queue
[2025-09-21T11:35:28.609+0000] {logging_mixin.py:188} INFO - [2025-09-21T11:35:28.609+0000] {dagbag.py:538} INFO - Filling up the DagBag from /home/airflow/.local/lib/python3.8/site-packages/airflow/example_dags/plugins/event_listener.py
[2025-09-21T11:35:28.615+0000] {processor.py:842} WARNING - No viable dags retrieved from /home/airflow/.local/lib/python3.8/site-packages/airflow/example_dags/plugins/event_listener.py
[2025-09-21T11:35:28.640+0000] {processor.py:183} INFO - Processing /home/airflow/.local/lib/python3.8/site-packages/airflow/example_dags/plugins/event_listener.py took 0.043 seconds
[2025-09-21T11:35:58.974+0000] {processor.py:161} INFO - Started process (PID=2723) to work on /home/airflow/.local/lib/python3.8/site-packages/airflow/example_dags/plugins/event_listener.py
[2025-09-21T11:35:58.976+0000] {processor.py:830} INFO - Processing file /home/airflow/.local/lib/python3.8/site-packages/airflow/example_dags/plugins/event_listener.py for tasks to queue
[2025-09-21T11:35:58.980+0000] {logging_mixin.py:188} INFO - [2025-09-21T11:35:58.980+0000] {dagbag.py:538} INFO - Filling up the DagBag from /home/airflow/.local/lib/python3.8/site-packages/airflow/example_dags/plugins/event_listener.py
[2025-09-21T11:35:58.984+0000] {processor.py:842} WARNING - No viable dags retrieved from /home/airflow/.local/lib/python3.8/site-packages/airflow/example_dags/plugins/event_listener.py
[2025-09-21T11:35:59.008+0000] {processor.py:183} INFO - Processing /home/airflow/.local/lib/python3.8/site-packages/airflow/example_dags/plugins/event_listener.py took 0.040 seconds
[2025-09-21T11:36:29.427+0000] {processor.py:161} INFO - Started process (PID=2781) to work on /home/airflow/.local/lib/python3.8/site-packages/airflow/example_dags/plugins/event_listener.py
[2025-09-21T11:36:29.429+0000] {processor.py:830} INFO - Processing file /home/airflow/.local/lib/python3.8/site-packages/airflow/example_dags/plugins/event_listener.py for tasks to queue
[2025-09-21T11:36:29.433+0000] {logging_mixin.py:188} INFO - [2025-09-21T11:36:29.433+0000] {dagbag.py:538} INFO - Filling up the DagBag from /home/airflow/.local/lib/python3.8/site-packages/airflow/example_dags/plugins/event_listener.py
[2025-09-21T11:36:29.437+0000] {processor.py:842} WARNING - No viable dags retrieved from /home/airflow/.local/lib/python3.8/site-packages/airflow/example_dags/plugins/event_listener.py
[2025-09-21T11:36:29.460+0000] {processor.py:183} INFO - Processing /home/airflow/.local/lib/python3.8/site-packages/airflow/example_dags/plugins/event_listener.py took 0.039 seconds
[2025-09-21T11:37:00.170+0000] {processor.py:161} INFO - Started process (PID=2839) to work on /home/airflow/.local/lib/python3.8/site-packages/airflow/example_dags/plugins/event_listener.py
[2025-09-21T11:37:00.172+0000] {processor.py:830} INFO - Processing file /home/airflow/.local/lib/python3.8/site-packages/airflow/example_dags/plugins/event_listener.py for tasks to queue
[2025-09-21T11:37:00.176+0000] {logging_mixin.py:188} INFO - [2025-09-21T11:37:00.175+0000] {dagbag.py:538} INFO - Filling up the DagBag from /home/airflow/.local/lib/python3.8/site-packages/airflow/example_dags/plugins/event_listener.py
[2025-09-21T11:37:00.180+0000] {processor.py:842} WARNING - No viable dags retrieved from /home/airflow/.local/lib/python3.8/site-packages/airflow/example_dags/plugins/event_listener.py
[2025-09-21T11:37:00.203+0000] {processor.py:183} INFO - Processing /home/airflow/.local/lib/python3.8/site-packages/airflow/example_dags/plugins/event_listener.py took 0.039 seconds
[2025-09-21T11:37:30.548+0000] {processor.py:161} INFO - Started process (PID=2897) to work on /home/airflow/.local/lib/python3.8/site-packages/airflow/example_dags/plugins/event_listener.py
[2025-09-21T11:37:30.550+0000] {processor.py:830} INFO - Processing file /home/airflow/.local/lib/python3.8/site-packages/airflow/example_dags/plugins/event_listener.py for tasks to queue
[2025-09-21T11:37:30.553+0000] {logging_mixin.py:188} INFO - [2025-09-21T11:37:30.553+0000] {dagbag.py:538} INFO - Filling up the DagBag from /home/airflow/.local/lib/python3.8/site-packages/airflow/example_dags/plugins/event_listener.py
[2025-09-21T11:37:30.557+0000] {processor.py:842} WARNING - No viable dags retrieved from /home/airflow/.local/lib/python3.8/site-packages/airflow/example_dags/plugins/event_listener.py
[2025-09-21T11:37:30.581+0000] {processor.py:183} INFO - Processing /home/airflow/.local/lib/python3.8/site-packages/airflow/example_dags/plugins/event_listener.py took 0.038 seconds
[2025-09-21T11:38:00.881+0000] {processor.py:161} INFO - Started process (PID=2955) to work on /home/airflow/.local/lib/python3.8/site-packages/airflow/example_dags/plugins/event_listener.py
[2025-09-21T11:38:00.883+0000] {processor.py:830} INFO - Processing file /home/airflow/.local/lib/python3.8/site-packages/airflow/example_dags/plugins/event_listener.py for tasks to queue
[2025-09-21T11:38:00.887+0000] {logging_mixin.py:188} INFO - [2025-09-21T11:38:00.887+0000] {dagbag.py:538} INFO - Filling up the DagBag from /home/airflow/.local/lib/python3.8/site-packages/airflow/example_dags/plugins/event_listener.py
[2025-09-21T11:38:00.891+0000] {processor.py:842} WARNING - No viable dags retrieved from /home/airflow/.local/lib/python3.8/site-packages/airflow/example_dags/plugins/event_listener.py
[2025-09-21T11:38:00.913+0000] {processor.py:183} INFO - Processing /home/airflow/.local/lib/python3.8/site-packages/airflow/example_dags/plugins/event_listener.py took 0.038 seconds
[2025-09-21T11:38:31.924+0000] {processor.py:161} INFO - Started process (PID=3013) to work on /home/airflow/.local/lib/python3.8/site-packages/airflow/example_dags/plugins/event_listener.py
[2025-09-21T11:38:31.926+0000] {processor.py:830} INFO - Processing file /home/airflow/.local/lib/python3.8/site-packages/airflow/example_dags/plugins/event_listener.py for tasks to queue
[2025-09-21T11:38:31.934+0000] {logging_mixin.py:188} INFO - [2025-09-21T11:38:31.933+0000] {dagbag.py:538} INFO - Filling up the DagBag from /home/airflow/.local/lib/python3.8/site-packages/airflow/example_dags/plugins/event_listener.py
[2025-09-21T11:38:31.940+0000] {processor.py:842} WARNING - No viable dags retrieved from /home/airflow/.local/lib/python3.8/site-packages/airflow/example_dags/plugins/event_listener.py
[2025-09-21T11:38:31.966+0000] {processor.py:183} INFO - Processing /home/airflow/.local/lib/python3.8/site-packages/airflow/example_dags/plugins/event_listener.py took 0.048 seconds
[2025-09-21T11:39:02.183+0000] {processor.py:161} INFO - Started process (PID=3071) to work on /home/airflow/.local/lib/python3.8/site-packages/airflow/example_dags/plugins/event_listener.py
[2025-09-21T11:39:02.185+0000] {processor.py:830} INFO - Processing file /home/airflow/.local/lib/python3.8/site-packages/airflow/example_dags/plugins/event_listener.py for tasks to queue
[2025-09-21T11:39:02.189+0000] {logging_mixin.py:188} INFO - [2025-09-21T11:39:02.188+0000] {dagbag.py:538} INFO - Filling up the DagBag from /home/airflow/.local/lib/python3.8/site-packages/airflow/example_dags/plugins/event_listener.py
[2025-09-21T11:39:02.193+0000] {processor.py:842} WARNING - No viable dags retrieved from /home/airflow/.local/lib/python3.8/site-packages/airflow/example_dags/plugins/event_listener.py
[2025-09-21T11:39:02.218+0000] {processor.py:183} INFO - Processing /home/airflow/.local/lib/python3.8/site-packages/airflow/example_dags/plugins/event_listener.py took 0.041 seconds
[2025-09-21T11:39:32.766+0000] {processor.py:161} INFO - Started process (PID=3129) to work on /home/airflow/.local/lib/python3.8/site-packages/airflow/example_dags/plugins/event_listener.py
[2025-09-21T11:39:32.768+0000] {processor.py:830} INFO - Processing file /home/airflow/.local/lib/python3.8/site-packages/airflow/example_dags/plugins/event_listener.py for tasks to queue
[2025-09-21T11:39:32.771+0000] {logging_mixin.py:188} INFO - [2025-09-21T11:39:32.771+0000] {dagbag.py:538} INFO - Filling up the DagBag from /home/airflow/.local/lib/python3.8/site-packages/airflow/example_dags/plugins/event_listener.py
[2025-09-21T11:39:32.777+0000] {processor.py:842} WARNING - No viable dags retrieved from /home/airflow/.local/lib/python3.8/site-packages/airflow/example_dags/plugins/event_listener.py
[2025-09-21T11:39:32.805+0000] {processor.py:183} INFO - Processing /home/airflow/.local/lib/python3.8/site-packages/airflow/example_dags/plugins/event_listener.py took 0.045 seconds
[2025-09-21T11:40:03.459+0000] {processor.py:161} INFO - Started process (PID=3187) to work on /home/airflow/.local/lib/python3.8/site-packages/airflow/example_dags/plugins/event_listener.py
[2025-09-21T11:40:03.461+0000] {processor.py:830} INFO - Processing file /home/airflow/.local/lib/python3.8/site-packages/airflow/example_dags/plugins/event_listener.py for tasks to queue
[2025-09-21T11:40:03.465+0000] {logging_mixin.py:188} INFO - [2025-09-21T11:40:03.464+0000] {dagbag.py:538} INFO - Filling up the DagBag from /home/airflow/.local/lib/python3.8/site-packages/airflow/example_dags/plugins/event_listener.py
[2025-09-21T11:40:03.470+0000] {processor.py:842} WARNING - No viable dags retrieved from /home/airflow/.local/lib/python3.8/site-packages/airflow/example_dags/plugins/event_listener.py
[2025-09-21T11:40:03.516+0000] {processor.py:183} INFO - Processing /home/airflow/.local/lib/python3.8/site-packages/airflow/example_dags/plugins/event_listener.py took 0.064 seconds
[2025-09-21T11:40:33.786+0000] {processor.py:161} INFO - Started process (PID=3246) to work on /home/airflow/.local/lib/python3.8/site-packages/airflow/example_dags/plugins/event_listener.py
[2025-09-21T11:40:33.788+0000] {processor.py:830} INFO - Processing file /home/airflow/.local/lib/python3.8/site-packages/airflow/example_dags/plugins/event_listener.py for tasks to queue
[2025-09-21T11:40:33.791+0000] {logging_mixin.py:188} INFO - [2025-09-21T11:40:33.790+0000] {dagbag.py:538} INFO - Filling up the DagBag from /home/airflow/.local/lib/python3.8/site-packages/airflow/example_dags/plugins/event_listener.py
[2025-09-21T11:40:33.795+0000] {processor.py:842} WARNING - No viable dags retrieved from /home/airflow/.local/lib/python3.8/site-packages/airflow/example_dags/plugins/event_listener.py
[2025-09-21T11:40:33.818+0000] {processor.py:183} INFO - Processing /home/airflow/.local/lib/python3.8/site-packages/airflow/example_dags/plugins/event_listener.py took 0.039 seconds
[2025-09-21T11:41:04.251+0000] {processor.py:161} INFO - Started process (PID=3304) to work on /home/airflow/.local/lib/python3.8/site-packages/airflow/example_dags/plugins/event_listener.py
[2025-09-21T11:41:04.253+0000] {processor.py:830} INFO - Processing file /home/airflow/.local/lib/python3.8/site-packages/airflow/example_dags/plugins/event_listener.py for tasks to queue
[2025-09-21T11:41:04.257+0000] {logging_mixin.py:188} INFO - [2025-09-21T11:41:04.256+0000] {dagbag.py:538} INFO - Filling up the DagBag from /home/airflow/.local/lib/python3.8/site-packages/airflow/example_dags/plugins/event_listener.py
[2025-09-21T11:41:04.261+0000] {processor.py:842} WARNING - No viable dags retrieved from /home/airflow/.local/lib/python3.8/site-packages/airflow/example_dags/plugins/event_listener.py
[2025-09-21T11:41:04.284+0000] {processor.py:183} INFO - Processing /home/airflow/.local/lib/python3.8/site-packages/airflow/example_dags/plugins/event_listener.py took 0.038 seconds
[2025-09-21T11:41:34.971+0000] {processor.py:161} INFO - Started process (PID=3362) to work on /home/airflow/.local/lib/python3.8/site-packages/airflow/example_dags/plugins/event_listener.py
[2025-09-21T11:41:34.972+0000] {processor.py:830} INFO - Processing file /home/airflow/.local/lib/python3.8/site-packages/airflow/example_dags/plugins/event_listener.py for tasks to queue
[2025-09-21T11:41:34.976+0000] {logging_mixin.py:188} INFO - [2025-09-21T11:41:34.975+0000] {dagbag.py:538} INFO - Filling up the DagBag from /home/airflow/.local/lib/python3.8/site-packages/airflow/example_dags/plugins/event_listener.py
[2025-09-21T11:41:34.980+0000] {processor.py:842} WARNING - No viable dags retrieved from /home/airflow/.local/lib/python3.8/site-packages/airflow/example_dags/plugins/event_listener.py
[2025-09-21T11:41:35.005+0000] {processor.py:183} INFO - Processing /home/airflow/.local/lib/python3.8/site-packages/airflow/example_dags/plugins/event_listener.py took 0.041 seconds
[2025-09-21T11:42:05.863+0000] {processor.py:161} INFO - Started process (PID=3420) to work on /home/airflow/.local/lib/python3.8/site-packages/airflow/example_dags/plugins/event_listener.py
[2025-09-21T11:42:05.865+0000] {processor.py:830} INFO - Processing file /home/airflow/.local/lib/python3.8/site-packages/airflow/example_dags/plugins/event_listener.py for tasks to queue
[2025-09-21T11:42:05.869+0000] {logging_mixin.py:188} INFO - [2025-09-21T11:42:05.869+0000] {dagbag.py:538} INFO - Filling up the DagBag from /home/airflow/.local/lib/python3.8/site-packages/airflow/example_dags/plugins/event_listener.py
[2025-09-21T11:42:05.874+0000] {processor.py:842} WARNING - No viable dags retrieved from /home/airflow/.local/lib/python3.8/site-packages/airflow/example_dags/plugins/event_listener.py
[2025-09-21T11:42:05.899+0000] {processor.py:183} INFO - Processing /home/airflow/.local/lib/python3.8/site-packages/airflow/example_dags/plugins/event_listener.py took 0.042 seconds
[2025-09-21T11:42:36.159+0000] {processor.py:161} INFO - Started process (PID=3478) to work on /home/airflow/.local/lib/python3.8/site-packages/airflow/example_dags/plugins/event_listener.py
[2025-09-21T11:42:36.162+0000] {processor.py:830} INFO - Processing file /home/airflow/.local/lib/python3.8/site-packages/airflow/example_dags/plugins/event_listener.py for tasks to queue
[2025-09-21T11:42:36.166+0000] {logging_mixin.py:188} INFO - [2025-09-21T11:42:36.166+0000] {dagbag.py:538} INFO - Filling up the DagBag from /home/airflow/.local/lib/python3.8/site-packages/airflow/example_dags/plugins/event_listener.py
[2025-09-21T11:42:36.171+0000] {processor.py:842} WARNING - No viable dags retrieved from /home/airflow/.local/lib/python3.8/site-packages/airflow/example_dags/plugins/event_listener.py
[2025-09-21T11:42:36.196+0000] {processor.py:183} INFO - Processing /home/airflow/.local/lib/python3.8/site-packages/airflow/example_dags/plugins/event_listener.py took 0.043 seconds
[2025-09-21T11:43:07.695+0000] {processor.py:161} INFO - Started process (PID=3534) to work on /home/airflow/.local/lib/python3.8/site-packages/airflow/example_dags/plugins/event_listener.py
[2025-09-21T11:43:07.697+0000] {processor.py:830} INFO - Processing file /home/airflow/.local/lib/python3.8/site-packages/airflow/example_dags/plugins/event_listener.py for tasks to queue
[2025-09-21T11:43:07.700+0000] {logging_mixin.py:188} INFO - [2025-09-21T11:43:07.700+0000] {dagbag.py:538} INFO - Filling up the DagBag from /home/airflow/.local/lib/python3.8/site-packages/airflow/example_dags/plugins/event_listener.py
[2025-09-21T11:43:07.704+0000] {processor.py:842} WARNING - No viable dags retrieved from /home/airflow/.local/lib/python3.8/site-packages/airflow/example_dags/plugins/event_listener.py
[2025-09-21T11:43:07.729+0000] {processor.py:183} INFO - Processing /home/airflow/.local/lib/python3.8/site-packages/airflow/example_dags/plugins/event_listener.py took 0.040 seconds
[2025-09-21T11:43:37.927+0000] {processor.py:161} INFO - Started process (PID=3591) to work on /home/airflow/.local/lib/python3.8/site-packages/airflow/example_dags/plugins/event_listener.py
[2025-09-21T11:43:37.929+0000] {processor.py:830} INFO - Processing file /home/airflow/.local/lib/python3.8/site-packages/airflow/example_dags/plugins/event_listener.py for tasks to queue
[2025-09-21T11:43:37.934+0000] {logging_mixin.py:188} INFO - [2025-09-21T11:43:37.933+0000] {dagbag.py:538} INFO - Filling up the DagBag from /home/airflow/.local/lib/python3.8/site-packages/airflow/example_dags/plugins/event_listener.py
[2025-09-21T11:43:37.940+0000] {processor.py:842} WARNING - No viable dags retrieved from /home/airflow/.local/lib/python3.8/site-packages/airflow/example_dags/plugins/event_listener.py
[2025-09-21T11:43:37.966+0000] {processor.py:183} INFO - Processing /home/airflow/.local/lib/python3.8/site-packages/airflow/example_dags/plugins/event_listener.py took 0.045 seconds
[2025-09-21T11:46:10.747+0000] {processor.py:161} INFO - Started process (PID=107) to work on /home/airflow/.local/lib/python3.8/site-packages/airflow/example_dags/plugins/event_listener.py
[2025-09-21T11:46:10.749+0000] {processor.py:830} INFO - Processing file /home/airflow/.local/lib/python3.8/site-packages/airflow/example_dags/plugins/event_listener.py for tasks to queue
[2025-09-21T11:46:10.752+0000] {logging_mixin.py:188} INFO - [2025-09-21T11:46:10.751+0000] {dagbag.py:538} INFO - Filling up the DagBag from /home/airflow/.local/lib/python3.8/site-packages/airflow/example_dags/plugins/event_listener.py
[2025-09-21T11:46:10.758+0000] {processor.py:842} WARNING - No viable dags retrieved from /home/airflow/.local/lib/python3.8/site-packages/airflow/example_dags/plugins/event_listener.py
[2025-09-21T11:46:10.781+0000] {processor.py:183} INFO - Processing /home/airflow/.local/lib/python3.8/site-packages/airflow/example_dags/plugins/event_listener.py took 0.041 seconds
[2025-09-21T11:46:41.588+0000] {processor.py:161} INFO - Started process (PID=165) to work on /home/airflow/.local/lib/python3.8/site-packages/airflow/example_dags/plugins/event_listener.py
[2025-09-21T11:46:41.591+0000] {processor.py:830} INFO - Processing file /home/airflow/.local/lib/python3.8/site-packages/airflow/example_dags/plugins/event_listener.py for tasks to queue
[2025-09-21T11:46:41.595+0000] {logging_mixin.py:188} INFO - [2025-09-21T11:46:41.595+0000] {dagbag.py:538} INFO - Filling up the DagBag from /home/airflow/.local/lib/python3.8/site-packages/airflow/example_dags/plugins/event_listener.py
[2025-09-21T11:46:41.601+0000] {processor.py:842} WARNING - No viable dags retrieved from /home/airflow/.local/lib/python3.8/site-packages/airflow/example_dags/plugins/event_listener.py
[2025-09-21T11:46:41.627+0000] {processor.py:183} INFO - Processing /home/airflow/.local/lib/python3.8/site-packages/airflow/example_dags/plugins/event_listener.py took 0.048 seconds
[2025-09-21T11:47:12.666+0000] {processor.py:161} INFO - Started process (PID=223) to work on /home/airflow/.local/lib/python3.8/site-packages/airflow/example_dags/plugins/event_listener.py
[2025-09-21T11:47:12.668+0000] {processor.py:830} INFO - Processing file /home/airflow/.local/lib/python3.8/site-packages/airflow/example_dags/plugins/event_listener.py for tasks to queue
[2025-09-21T11:47:12.671+0000] {logging_mixin.py:188} INFO - [2025-09-21T11:47:12.671+0000] {dagbag.py:538} INFO - Filling up the DagBag from /home/airflow/.local/lib/python3.8/site-packages/airflow/example_dags/plugins/event_listener.py
[2025-09-21T11:47:12.675+0000] {processor.py:842} WARNING - No viable dags retrieved from /home/airflow/.local/lib/python3.8/site-packages/airflow/example_dags/plugins/event_listener.py
[2025-09-21T11:47:12.700+0000] {processor.py:183} INFO - Processing /home/airflow/.local/lib/python3.8/site-packages/airflow/example_dags/plugins/event_listener.py took 0.040 seconds
[2025-09-21T11:47:44.145+0000] {processor.py:161} INFO - Started process (PID=281) to work on /home/airflow/.local/lib/python3.8/site-packages/airflow/example_dags/plugins/event_listener.py
[2025-09-21T11:47:44.148+0000] {processor.py:830} INFO - Processing file /home/airflow/.local/lib/python3.8/site-packages/airflow/example_dags/plugins/event_listener.py for tasks to queue
[2025-09-21T11:47:44.156+0000] {logging_mixin.py:188} INFO - [2025-09-21T11:47:44.155+0000] {dagbag.py:538} INFO - Filling up the DagBag from /home/airflow/.local/lib/python3.8/site-packages/airflow/example_dags/plugins/event_listener.py
[2025-09-21T11:47:44.162+0000] {processor.py:842} WARNING - No viable dags retrieved from /home/airflow/.local/lib/python3.8/site-packages/airflow/example_dags/plugins/event_listener.py
[2025-09-21T11:47:44.192+0000] {processor.py:183} INFO - Processing /home/airflow/.local/lib/python3.8/site-packages/airflow/example_dags/plugins/event_listener.py took 0.063 seconds
[2025-09-21T11:48:14.376+0000] {processor.py:161} INFO - Started process (PID=338) to work on /home/airflow/.local/lib/python3.8/site-packages/airflow/example_dags/plugins/event_listener.py
[2025-09-21T11:48:14.378+0000] {processor.py:830} INFO - Processing file /home/airflow/.local/lib/python3.8/site-packages/airflow/example_dags/plugins/event_listener.py for tasks to queue
[2025-09-21T11:48:14.381+0000] {logging_mixin.py:188} INFO - [2025-09-21T11:48:14.381+0000] {dagbag.py:538} INFO - Filling up the DagBag from /home/airflow/.local/lib/python3.8/site-packages/airflow/example_dags/plugins/event_listener.py
[2025-09-21T11:48:14.385+0000] {processor.py:842} WARNING - No viable dags retrieved from /home/airflow/.local/lib/python3.8/site-packages/airflow/example_dags/plugins/event_listener.py
[2025-09-21T11:48:14.409+0000] {processor.py:183} INFO - Processing /home/airflow/.local/lib/python3.8/site-packages/airflow/example_dags/plugins/event_listener.py took 0.039 seconds
[2025-09-21T11:48:45.195+0000] {processor.py:161} INFO - Started process (PID=397) to work on /home/airflow/.local/lib/python3.8/site-packages/airflow/example_dags/plugins/event_listener.py
[2025-09-21T11:48:45.197+0000] {processor.py:830} INFO - Processing file /home/airflow/.local/lib/python3.8/site-packages/airflow/example_dags/plugins/event_listener.py for tasks to queue
[2025-09-21T11:48:45.203+0000] {logging_mixin.py:188} INFO - [2025-09-21T11:48:45.203+0000] {dagbag.py:538} INFO - Filling up the DagBag from /home/airflow/.local/lib/python3.8/site-packages/airflow/example_dags/plugins/event_listener.py
[2025-09-21T11:48:45.209+0000] {processor.py:842} WARNING - No viable dags retrieved from /home/airflow/.local/lib/python3.8/site-packages/airflow/example_dags/plugins/event_listener.py
[2025-09-21T11:48:45.235+0000] {processor.py:183} INFO - Processing /home/airflow/.local/lib/python3.8/site-packages/airflow/example_dags/plugins/event_listener.py took 0.053 seconds
[2025-09-21T11:49:16.593+0000] {processor.py:161} INFO - Started process (PID=455) to work on /home/airflow/.local/lib/python3.8/site-packages/airflow/example_dags/plugins/event_listener.py
[2025-09-21T11:49:16.603+0000] {processor.py:830} INFO - Processing file /home/airflow/.local/lib/python3.8/site-packages/airflow/example_dags/plugins/event_listener.py for tasks to queue
[2025-09-21T11:49:16.613+0000] {logging_mixin.py:188} INFO - [2025-09-21T11:49:16.612+0000] {dagbag.py:538} INFO - Filling up the DagBag from /home/airflow/.local/lib/python3.8/site-packages/airflow/example_dags/plugins/event_listener.py
[2025-09-21T11:49:16.618+0000] {processor.py:842} WARNING - No viable dags retrieved from /home/airflow/.local/lib/python3.8/site-packages/airflow/example_dags/plugins/event_listener.py
[2025-09-21T11:49:16.646+0000] {processor.py:183} INFO - Processing /home/airflow/.local/lib/python3.8/site-packages/airflow/example_dags/plugins/event_listener.py took 0.059 seconds
[2025-09-21T11:49:47.408+0000] {processor.py:161} INFO - Started process (PID=513) to work on /home/airflow/.local/lib/python3.8/site-packages/airflow/example_dags/plugins/event_listener.py
[2025-09-21T11:49:47.413+0000] {processor.py:830} INFO - Processing file /home/airflow/.local/lib/python3.8/site-packages/airflow/example_dags/plugins/event_listener.py for tasks to queue
[2025-09-21T11:49:47.420+0000] {logging_mixin.py:188} INFO - [2025-09-21T11:49:47.419+0000] {dagbag.py:538} INFO - Filling up the DagBag from /home/airflow/.local/lib/python3.8/site-packages/airflow/example_dags/plugins/event_listener.py
[2025-09-21T11:49:47.431+0000] {processor.py:842} WARNING - No viable dags retrieved from /home/airflow/.local/lib/python3.8/site-packages/airflow/example_dags/plugins/event_listener.py
[2025-09-21T11:49:47.485+0000] {processor.py:183} INFO - Processing /home/airflow/.local/lib/python3.8/site-packages/airflow/example_dags/plugins/event_listener.py took 0.089 seconds
[2025-09-21T11:50:17.974+0000] {processor.py:161} INFO - Started process (PID=571) to work on /home/airflow/.local/lib/python3.8/site-packages/airflow/example_dags/plugins/event_listener.py
[2025-09-21T11:50:17.977+0000] {processor.py:830} INFO - Processing file /home/airflow/.local/lib/python3.8/site-packages/airflow/example_dags/plugins/event_listener.py for tasks to queue
[2025-09-21T11:50:17.985+0000] {logging_mixin.py:188} INFO - [2025-09-21T11:50:17.984+0000] {dagbag.py:538} INFO - Filling up the DagBag from /home/airflow/.local/lib/python3.8/site-packages/airflow/example_dags/plugins/event_listener.py
[2025-09-21T11:50:17.990+0000] {processor.py:842} WARNING - No viable dags retrieved from /home/airflow/.local/lib/python3.8/site-packages/airflow/example_dags/plugins/event_listener.py
[2025-09-21T11:50:18.046+0000] {processor.py:183} INFO - Processing /home/airflow/.local/lib/python3.8/site-packages/airflow/example_dags/plugins/event_listener.py took 0.080 seconds
[2025-09-21T11:50:49.698+0000] {processor.py:161} INFO - Started process (PID=630) to work on /home/airflow/.local/lib/python3.8/site-packages/airflow/example_dags/plugins/event_listener.py
[2025-09-21T11:50:49.702+0000] {processor.py:830} INFO - Processing file /home/airflow/.local/lib/python3.8/site-packages/airflow/example_dags/plugins/event_listener.py for tasks to queue
[2025-09-21T11:50:49.708+0000] {logging_mixin.py:188} INFO - [2025-09-21T11:50:49.707+0000] {dagbag.py:538} INFO - Filling up the DagBag from /home/airflow/.local/lib/python3.8/site-packages/airflow/example_dags/plugins/event_listener.py
[2025-09-21T11:50:49.716+0000] {processor.py:842} WARNING - No viable dags retrieved from /home/airflow/.local/lib/python3.8/site-packages/airflow/example_dags/plugins/event_listener.py
[2025-09-21T11:50:49.765+0000] {processor.py:183} INFO - Processing /home/airflow/.local/lib/python3.8/site-packages/airflow/example_dags/plugins/event_listener.py took 0.079 seconds
[2025-09-21T11:51:19.867+0000] {processor.py:161} INFO - Started process (PID=687) to work on /home/airflow/.local/lib/python3.8/site-packages/airflow/example_dags/plugins/event_listener.py
[2025-09-21T11:51:19.869+0000] {processor.py:830} INFO - Processing file /home/airflow/.local/lib/python3.8/site-packages/airflow/example_dags/plugins/event_listener.py for tasks to queue
[2025-09-21T11:51:19.872+0000] {logging_mixin.py:188} INFO - [2025-09-21T11:51:19.872+0000] {dagbag.py:538} INFO - Filling up the DagBag from /home/airflow/.local/lib/python3.8/site-packages/airflow/example_dags/plugins/event_listener.py
[2025-09-21T11:51:19.877+0000] {processor.py:842} WARNING - No viable dags retrieved from /home/airflow/.local/lib/python3.8/site-packages/airflow/example_dags/plugins/event_listener.py
[2025-09-21T11:51:19.902+0000] {processor.py:183} INFO - Processing /home/airflow/.local/lib/python3.8/site-packages/airflow/example_dags/plugins/event_listener.py took 0.041 seconds
[2025-09-21T11:51:50.536+0000] {processor.py:161} INFO - Started process (PID=745) to work on /home/airflow/.local/lib/python3.8/site-packages/airflow/example_dags/plugins/event_listener.py
[2025-09-21T11:51:50.539+0000] {processor.py:830} INFO - Processing file /home/airflow/.local/lib/python3.8/site-packages/airflow/example_dags/plugins/event_listener.py for tasks to queue
[2025-09-21T11:51:50.543+0000] {logging_mixin.py:188} INFO - [2025-09-21T11:51:50.542+0000] {dagbag.py:538} INFO - Filling up the DagBag from /home/airflow/.local/lib/python3.8/site-packages/airflow/example_dags/plugins/event_listener.py
[2025-09-21T11:51:50.548+0000] {processor.py:842} WARNING - No viable dags retrieved from /home/airflow/.local/lib/python3.8/site-packages/airflow/example_dags/plugins/event_listener.py
[2025-09-21T11:51:50.574+0000] {processor.py:183} INFO - Processing /home/airflow/.local/lib/python3.8/site-packages/airflow/example_dags/plugins/event_listener.py took 0.046 seconds
[2025-09-21T11:52:22.745+0000] {processor.py:161} INFO - Started process (PID=804) to work on /home/airflow/.local/lib/python3.8/site-packages/airflow/example_dags/plugins/event_listener.py
[2025-09-21T11:52:22.748+0000] {processor.py:830} INFO - Processing file /home/airflow/.local/lib/python3.8/site-packages/airflow/example_dags/plugins/event_listener.py for tasks to queue
[2025-09-21T11:52:22.752+0000] {logging_mixin.py:188} INFO - [2025-09-21T11:52:22.751+0000] {dagbag.py:538} INFO - Filling up the DagBag from /home/airflow/.local/lib/python3.8/site-packages/airflow/example_dags/plugins/event_listener.py
[2025-09-21T11:52:22.756+0000] {processor.py:842} WARNING - No viable dags retrieved from /home/airflow/.local/lib/python3.8/site-packages/airflow/example_dags/plugins/event_listener.py
[2025-09-21T11:52:22.790+0000] {processor.py:183} INFO - Processing /home/airflow/.local/lib/python3.8/site-packages/airflow/example_dags/plugins/event_listener.py took 0.052 seconds
[2025-09-21T11:52:54.663+0000] {processor.py:161} INFO - Started process (PID=868) to work on /home/airflow/.local/lib/python3.8/site-packages/airflow/example_dags/plugins/event_listener.py
[2025-09-21T11:52:54.666+0000] {processor.py:830} INFO - Processing file /home/airflow/.local/lib/python3.8/site-packages/airflow/example_dags/plugins/event_listener.py for tasks to queue
[2025-09-21T11:52:54.670+0000] {logging_mixin.py:188} INFO - [2025-09-21T11:52:54.670+0000] {dagbag.py:538} INFO - Filling up the DagBag from /home/airflow/.local/lib/python3.8/site-packages/airflow/example_dags/plugins/event_listener.py
[2025-09-21T11:52:54.675+0000] {processor.py:842} WARNING - No viable dags retrieved from /home/airflow/.local/lib/python3.8/site-packages/airflow/example_dags/plugins/event_listener.py
[2025-09-21T11:52:54.708+0000] {processor.py:183} INFO - Processing /home/airflow/.local/lib/python3.8/site-packages/airflow/example_dags/plugins/event_listener.py took 0.052 seconds
[2025-09-21T11:53:26.754+0000] {processor.py:161} INFO - Started process (PID=926) to work on /home/airflow/.local/lib/python3.8/site-packages/airflow/example_dags/plugins/event_listener.py
[2025-09-21T11:53:26.757+0000] {processor.py:830} INFO - Processing file /home/airflow/.local/lib/python3.8/site-packages/airflow/example_dags/plugins/event_listener.py for tasks to queue
[2025-09-21T11:53:26.763+0000] {logging_mixin.py:188} INFO - [2025-09-21T11:53:26.762+0000] {dagbag.py:538} INFO - Filling up the DagBag from /home/airflow/.local/lib/python3.8/site-packages/airflow/example_dags/plugins/event_listener.py
[2025-09-21T11:53:26.768+0000] {processor.py:842} WARNING - No viable dags retrieved from /home/airflow/.local/lib/python3.8/site-packages/airflow/example_dags/plugins/event_listener.py
[2025-09-21T11:53:26.799+0000] {processor.py:183} INFO - Processing /home/airflow/.local/lib/python3.8/site-packages/airflow/example_dags/plugins/event_listener.py took 0.052 seconds
[2025-09-21T11:53:57.854+0000] {processor.py:161} INFO - Started process (PID=984) to work on /home/airflow/.local/lib/python3.8/site-packages/airflow/example_dags/plugins/event_listener.py
[2025-09-21T11:53:57.856+0000] {processor.py:830} INFO - Processing file /home/airflow/.local/lib/python3.8/site-packages/airflow/example_dags/plugins/event_listener.py for tasks to queue
[2025-09-21T11:53:57.861+0000] {logging_mixin.py:188} INFO - [2025-09-21T11:53:57.860+0000] {dagbag.py:538} INFO - Filling up the DagBag from /home/airflow/.local/lib/python3.8/site-packages/airflow/example_dags/plugins/event_listener.py
[2025-09-21T11:53:57.868+0000] {processor.py:842} WARNING - No viable dags retrieved from /home/airflow/.local/lib/python3.8/site-packages/airflow/example_dags/plugins/event_listener.py
[2025-09-21T11:53:57.900+0000] {processor.py:183} INFO - Processing /home/airflow/.local/lib/python3.8/site-packages/airflow/example_dags/plugins/event_listener.py took 0.058 seconds
[2025-09-21T11:54:30.363+0000] {processor.py:161} INFO - Started process (PID=1042) to work on /home/airflow/.local/lib/python3.8/site-packages/airflow/example_dags/plugins/event_listener.py
[2025-09-21T11:54:30.365+0000] {processor.py:830} INFO - Processing file /home/airflow/.local/lib/python3.8/site-packages/airflow/example_dags/plugins/event_listener.py for tasks to queue
[2025-09-21T11:54:30.369+0000] {logging_mixin.py:188} INFO - [2025-09-21T11:54:30.368+0000] {dagbag.py:538} INFO - Filling up the DagBag from /home/airflow/.local/lib/python3.8/site-packages/airflow/example_dags/plugins/event_listener.py
[2025-09-21T11:54:30.373+0000] {processor.py:842} WARNING - No viable dags retrieved from /home/airflow/.local/lib/python3.8/site-packages/airflow/example_dags/plugins/event_listener.py
[2025-09-21T11:54:30.400+0000] {processor.py:183} INFO - Processing /home/airflow/.local/lib/python3.8/site-packages/airflow/example_dags/plugins/event_listener.py took 0.043 seconds
[2025-09-21T11:55:01.076+0000] {processor.py:161} INFO - Started process (PID=1099) to work on /home/airflow/.local/lib/python3.8/site-packages/airflow/example_dags/plugins/event_listener.py
[2025-09-21T11:55:01.078+0000] {processor.py:830} INFO - Processing file /home/airflow/.local/lib/python3.8/site-packages/airflow/example_dags/plugins/event_listener.py for tasks to queue
[2025-09-21T11:55:01.082+0000] {logging_mixin.py:188} INFO - [2025-09-21T11:55:01.081+0000] {dagbag.py:538} INFO - Filling up the DagBag from /home/airflow/.local/lib/python3.8/site-packages/airflow/example_dags/plugins/event_listener.py
[2025-09-21T11:55:01.087+0000] {processor.py:842} WARNING - No viable dags retrieved from /home/airflow/.local/lib/python3.8/site-packages/airflow/example_dags/plugins/event_listener.py
[2025-09-21T11:55:01.114+0000] {processor.py:183} INFO - Processing /home/airflow/.local/lib/python3.8/site-packages/airflow/example_dags/plugins/event_listener.py took 0.045 seconds
[2025-09-21T11:55:32.277+0000] {processor.py:161} INFO - Started process (PID=1157) to work on /home/airflow/.local/lib/python3.8/site-packages/airflow/example_dags/plugins/event_listener.py
[2025-09-21T11:55:32.280+0000] {processor.py:830} INFO - Processing file /home/airflow/.local/lib/python3.8/site-packages/airflow/example_dags/plugins/event_listener.py for tasks to queue
[2025-09-21T11:55:32.285+0000] {logging_mixin.py:188} INFO - [2025-09-21T11:55:32.284+0000] {dagbag.py:538} INFO - Filling up the DagBag from /home/airflow/.local/lib/python3.8/site-packages/airflow/example_dags/plugins/event_listener.py
[2025-09-21T11:55:32.291+0000] {processor.py:842} WARNING - No viable dags retrieved from /home/airflow/.local/lib/python3.8/site-packages/airflow/example_dags/plugins/event_listener.py
[2025-09-21T11:55:32.322+0000] {processor.py:183} INFO - Processing /home/airflow/.local/lib/python3.8/site-packages/airflow/example_dags/plugins/event_listener.py took 0.053 seconds
[2025-09-21T11:56:03.111+0000] {processor.py:161} INFO - Started process (PID=1215) to work on /home/airflow/.local/lib/python3.8/site-packages/airflow/example_dags/plugins/event_listener.py
[2025-09-21T11:56:03.113+0000] {processor.py:830} INFO - Processing file /home/airflow/.local/lib/python3.8/site-packages/airflow/example_dags/plugins/event_listener.py for tasks to queue
[2025-09-21T11:56:03.117+0000] {logging_mixin.py:188} INFO - [2025-09-21T11:56:03.116+0000] {dagbag.py:538} INFO - Filling up the DagBag from /home/airflow/.local/lib/python3.8/site-packages/airflow/example_dags/plugins/event_listener.py
[2025-09-21T11:56:03.122+0000] {processor.py:842} WARNING - No viable dags retrieved from /home/airflow/.local/lib/python3.8/site-packages/airflow/example_dags/plugins/event_listener.py
[2025-09-21T11:56:03.148+0000] {processor.py:183} INFO - Processing /home/airflow/.local/lib/python3.8/site-packages/airflow/example_dags/plugins/event_listener.py took 0.042 seconds
[2025-09-21T11:56:35.034+0000] {processor.py:161} INFO - Started process (PID=1273) to work on /home/airflow/.local/lib/python3.8/site-packages/airflow/example_dags/plugins/event_listener.py
[2025-09-21T11:56:35.037+0000] {processor.py:830} INFO - Processing file /home/airflow/.local/lib/python3.8/site-packages/airflow/example_dags/plugins/event_listener.py for tasks to queue
[2025-09-21T11:56:35.041+0000] {logging_mixin.py:188} INFO - [2025-09-21T11:56:35.040+0000] {dagbag.py:538} INFO - Filling up the DagBag from /home/airflow/.local/lib/python3.8/site-packages/airflow/example_dags/plugins/event_listener.py
[2025-09-21T11:56:35.045+0000] {processor.py:842} WARNING - No viable dags retrieved from /home/airflow/.local/lib/python3.8/site-packages/airflow/example_dags/plugins/event_listener.py
[2025-09-21T11:56:35.070+0000] {processor.py:183} INFO - Processing /home/airflow/.local/lib/python3.8/site-packages/airflow/example_dags/plugins/event_listener.py took 0.042 seconds
[2025-09-21T11:57:05.257+0000] {processor.py:161} INFO - Started process (PID=1330) to work on /home/airflow/.local/lib/python3.8/site-packages/airflow/example_dags/plugins/event_listener.py
[2025-09-21T11:57:05.259+0000] {processor.py:830} INFO - Processing file /home/airflow/.local/lib/python3.8/site-packages/airflow/example_dags/plugins/event_listener.py for tasks to queue
[2025-09-21T11:57:05.262+0000] {logging_mixin.py:188} INFO - [2025-09-21T11:57:05.262+0000] {dagbag.py:538} INFO - Filling up the DagBag from /home/airflow/.local/lib/python3.8/site-packages/airflow/example_dags/plugins/event_listener.py
[2025-09-21T11:57:05.266+0000] {processor.py:842} WARNING - No viable dags retrieved from /home/airflow/.local/lib/python3.8/site-packages/airflow/example_dags/plugins/event_listener.py
[2025-09-21T11:57:05.291+0000] {processor.py:183} INFO - Processing /home/airflow/.local/lib/python3.8/site-packages/airflow/example_dags/plugins/event_listener.py took 0.040 seconds
[2025-09-21T11:57:36.061+0000] {processor.py:161} INFO - Started process (PID=1387) to work on /home/airflow/.local/lib/python3.8/site-packages/airflow/example_dags/plugins/event_listener.py
[2025-09-21T11:57:36.064+0000] {processor.py:830} INFO - Processing file /home/airflow/.local/lib/python3.8/site-packages/airflow/example_dags/plugins/event_listener.py for tasks to queue
[2025-09-21T11:57:36.069+0000] {logging_mixin.py:188} INFO - [2025-09-21T11:57:36.068+0000] {dagbag.py:538} INFO - Filling up the DagBag from /home/airflow/.local/lib/python3.8/site-packages/airflow/example_dags/plugins/event_listener.py
[2025-09-21T11:57:36.074+0000] {processor.py:842} WARNING - No viable dags retrieved from /home/airflow/.local/lib/python3.8/site-packages/airflow/example_dags/plugins/event_listener.py
[2025-09-21T11:57:36.107+0000] {processor.py:183} INFO - Processing /home/airflow/.local/lib/python3.8/site-packages/airflow/example_dags/plugins/event_listener.py took 0.054 seconds
[2025-09-21T11:58:07.384+0000] {processor.py:161} INFO - Started process (PID=1445) to work on /home/airflow/.local/lib/python3.8/site-packages/airflow/example_dags/plugins/event_listener.py
[2025-09-21T11:58:07.389+0000] {processor.py:830} INFO - Processing file /home/airflow/.local/lib/python3.8/site-packages/airflow/example_dags/plugins/event_listener.py for tasks to queue
[2025-09-21T11:58:07.400+0000] {logging_mixin.py:188} INFO - [2025-09-21T11:58:07.398+0000] {dagbag.py:538} INFO - Filling up the DagBag from /home/airflow/.local/lib/python3.8/site-packages/airflow/example_dags/plugins/event_listener.py
[2025-09-21T11:58:07.410+0000] {processor.py:842} WARNING - No viable dags retrieved from /home/airflow/.local/lib/python3.8/site-packages/airflow/example_dags/plugins/event_listener.py
[2025-09-21T11:58:07.474+0000] {processor.py:183} INFO - Processing /home/airflow/.local/lib/python3.8/site-packages/airflow/example_dags/plugins/event_listener.py took 0.105 seconds
[2025-09-21T11:58:37.565+0000] {processor.py:161} INFO - Started process (PID=1503) to work on /home/airflow/.local/lib/python3.8/site-packages/airflow/example_dags/plugins/event_listener.py
[2025-09-21T11:58:37.567+0000] {processor.py:830} INFO - Processing file /home/airflow/.local/lib/python3.8/site-packages/airflow/example_dags/plugins/event_listener.py for tasks to queue
[2025-09-21T11:58:37.572+0000] {logging_mixin.py:188} INFO - [2025-09-21T11:58:37.571+0000] {dagbag.py:538} INFO - Filling up the DagBag from /home/airflow/.local/lib/python3.8/site-packages/airflow/example_dags/plugins/event_listener.py
[2025-09-21T11:58:37.577+0000] {processor.py:842} WARNING - No viable dags retrieved from /home/airflow/.local/lib/python3.8/site-packages/airflow/example_dags/plugins/event_listener.py
[2025-09-21T11:58:37.602+0000] {processor.py:183} INFO - Processing /home/airflow/.local/lib/python3.8/site-packages/airflow/example_dags/plugins/event_listener.py took 0.045 seconds
[2025-09-21T11:59:08.119+0000] {processor.py:161} INFO - Started process (PID=1561) to work on /home/airflow/.local/lib/python3.8/site-packages/airflow/example_dags/plugins/event_listener.py
[2025-09-21T11:59:08.121+0000] {processor.py:830} INFO - Processing file /home/airflow/.local/lib/python3.8/site-packages/airflow/example_dags/plugins/event_listener.py for tasks to queue
[2025-09-21T11:59:08.125+0000] {logging_mixin.py:188} INFO - [2025-09-21T11:59:08.124+0000] {dagbag.py:538} INFO - Filling up the DagBag from /home/airflow/.local/lib/python3.8/site-packages/airflow/example_dags/plugins/event_listener.py
[2025-09-21T11:59:08.131+0000] {processor.py:842} WARNING - No viable dags retrieved from /home/airflow/.local/lib/python3.8/site-packages/airflow/example_dags/plugins/event_listener.py
[2025-09-21T11:59:08.159+0000] {processor.py:183} INFO - Processing /home/airflow/.local/lib/python3.8/site-packages/airflow/example_dags/plugins/event_listener.py took 0.049 seconds
[2025-09-21T11:59:38.879+0000] {processor.py:161} INFO - Started process (PID=1619) to work on /home/airflow/.local/lib/python3.8/site-packages/airflow/example_dags/plugins/event_listener.py
[2025-09-21T11:59:38.881+0000] {processor.py:830} INFO - Processing file /home/airflow/.local/lib/python3.8/site-packages/airflow/example_dags/plugins/event_listener.py for tasks to queue
[2025-09-21T11:59:38.886+0000] {logging_mixin.py:188} INFO - [2025-09-21T11:59:38.885+0000] {dagbag.py:538} INFO - Filling up the DagBag from /home/airflow/.local/lib/python3.8/site-packages/airflow/example_dags/plugins/event_listener.py
[2025-09-21T11:59:38.891+0000] {processor.py:842} WARNING - No viable dags retrieved from /home/airflow/.local/lib/python3.8/site-packages/airflow/example_dags/plugins/event_listener.py
[2025-09-21T11:59:38.916+0000] {processor.py:183} INFO - Processing /home/airflow/.local/lib/python3.8/site-packages/airflow/example_dags/plugins/event_listener.py took 0.044 seconds
[2025-09-21T12:00:09.785+0000] {processor.py:161} INFO - Started process (PID=1677) to work on /home/airflow/.local/lib/python3.8/site-packages/airflow/example_dags/plugins/event_listener.py
[2025-09-21T12:00:09.789+0000] {processor.py:830} INFO - Processing file /home/airflow/.local/lib/python3.8/site-packages/airflow/example_dags/plugins/event_listener.py for tasks to queue
[2025-09-21T12:00:09.796+0000] {logging_mixin.py:188} INFO - [2025-09-21T12:00:09.795+0000] {dagbag.py:538} INFO - Filling up the DagBag from /home/airflow/.local/lib/python3.8/site-packages/airflow/example_dags/plugins/event_listener.py
[2025-09-21T12:00:09.805+0000] {processor.py:842} WARNING - No viable dags retrieved from /home/airflow/.local/lib/python3.8/site-packages/airflow/example_dags/plugins/event_listener.py
[2025-09-21T12:00:09.896+0000] {processor.py:183} INFO - Processing /home/airflow/.local/lib/python3.8/site-packages/airflow/example_dags/plugins/event_listener.py took 0.124 seconds
[2025-09-21T12:00:40.178+0000] {processor.py:161} INFO - Started process (PID=1735) to work on /home/airflow/.local/lib/python3.8/site-packages/airflow/example_dags/plugins/event_listener.py
[2025-09-21T12:00:40.180+0000] {processor.py:830} INFO - Processing file /home/airflow/.local/lib/python3.8/site-packages/airflow/example_dags/plugins/event_listener.py for tasks to queue
[2025-09-21T12:00:40.184+0000] {logging_mixin.py:188} INFO - [2025-09-21T12:00:40.184+0000] {dagbag.py:538} INFO - Filling up the DagBag from /home/airflow/.local/lib/python3.8/site-packages/airflow/example_dags/plugins/event_listener.py
[2025-09-21T12:00:40.190+0000] {processor.py:842} WARNING - No viable dags retrieved from /home/airflow/.local/lib/python3.8/site-packages/airflow/example_dags/plugins/event_listener.py
[2025-09-21T12:00:40.219+0000] {processor.py:183} INFO - Processing /home/airflow/.local/lib/python3.8/site-packages/airflow/example_dags/plugins/event_listener.py took 0.047 seconds
[2025-09-21T12:01:11.834+0000] {processor.py:161} INFO - Started process (PID=1793) to work on /home/airflow/.local/lib/python3.8/site-packages/airflow/example_dags/plugins/event_listener.py
[2025-09-21T12:01:11.837+0000] {processor.py:830} INFO - Processing file /home/airflow/.local/lib/python3.8/site-packages/airflow/example_dags/plugins/event_listener.py for tasks to queue
[2025-09-21T12:01:11.842+0000] {logging_mixin.py:188} INFO - [2025-09-21T12:01:11.841+0000] {dagbag.py:538} INFO - Filling up the DagBag from /home/airflow/.local/lib/python3.8/site-packages/airflow/example_dags/plugins/event_listener.py
[2025-09-21T12:01:11.848+0000] {processor.py:842} WARNING - No viable dags retrieved from /home/airflow/.local/lib/python3.8/site-packages/airflow/example_dags/plugins/event_listener.py
[2025-09-21T12:01:11.885+0000] {processor.py:183} INFO - Processing /home/airflow/.local/lib/python3.8/site-packages/airflow/example_dags/plugins/event_listener.py took 0.060 seconds
[2025-09-21T12:01:42.774+0000] {processor.py:161} INFO - Started process (PID=1851) to work on /home/airflow/.local/lib/python3.8/site-packages/airflow/example_dags/plugins/event_listener.py
[2025-09-21T12:01:42.778+0000] {processor.py:830} INFO - Processing file /home/airflow/.local/lib/python3.8/site-packages/airflow/example_dags/plugins/event_listener.py for tasks to queue
[2025-09-21T12:01:42.786+0000] {logging_mixin.py:188} INFO - [2025-09-21T12:01:42.785+0000] {dagbag.py:538} INFO - Filling up the DagBag from /home/airflow/.local/lib/python3.8/site-packages/airflow/example_dags/plugins/event_listener.py
[2025-09-21T12:01:42.795+0000] {processor.py:842} WARNING - No viable dags retrieved from /home/airflow/.local/lib/python3.8/site-packages/airflow/example_dags/plugins/event_listener.py
[2025-09-21T12:01:42.890+0000] {processor.py:183} INFO - Processing /home/airflow/.local/lib/python3.8/site-packages/airflow/example_dags/plugins/event_listener.py took 0.131 seconds
[2025-09-21T12:02:13.157+0000] {processor.py:161} INFO - Started process (PID=1909) to work on /home/airflow/.local/lib/python3.8/site-packages/airflow/example_dags/plugins/event_listener.py
[2025-09-21T12:02:13.159+0000] {processor.py:830} INFO - Processing file /home/airflow/.local/lib/python3.8/site-packages/airflow/example_dags/plugins/event_listener.py for tasks to queue
[2025-09-21T12:02:13.162+0000] {logging_mixin.py:188} INFO - [2025-09-21T12:02:13.162+0000] {dagbag.py:538} INFO - Filling up the DagBag from /home/airflow/.local/lib/python3.8/site-packages/airflow/example_dags/plugins/event_listener.py
[2025-09-21T12:02:13.168+0000] {processor.py:842} WARNING - No viable dags retrieved from /home/airflow/.local/lib/python3.8/site-packages/airflow/example_dags/plugins/event_listener.py
[2025-09-21T12:02:13.201+0000] {processor.py:183} INFO - Processing /home/airflow/.local/lib/python3.8/site-packages/airflow/example_dags/plugins/event_listener.py took 0.052 seconds
[2025-09-21T12:02:44.231+0000] {processor.py:161} INFO - Started process (PID=1967) to work on /home/airflow/.local/lib/python3.8/site-packages/airflow/example_dags/plugins/event_listener.py
[2025-09-21T12:02:44.233+0000] {processor.py:830} INFO - Processing file /home/airflow/.local/lib/python3.8/site-packages/airflow/example_dags/plugins/event_listener.py for tasks to queue
[2025-09-21T12:02:44.237+0000] {logging_mixin.py:188} INFO - [2025-09-21T12:02:44.236+0000] {dagbag.py:538} INFO - Filling up the DagBag from /home/airflow/.local/lib/python3.8/site-packages/airflow/example_dags/plugins/event_listener.py
[2025-09-21T12:02:44.241+0000] {processor.py:842} WARNING - No viable dags retrieved from /home/airflow/.local/lib/python3.8/site-packages/airflow/example_dags/plugins/event_listener.py
[2025-09-21T12:02:44.268+0000] {processor.py:183} INFO - Processing /home/airflow/.local/lib/python3.8/site-packages/airflow/example_dags/plugins/event_listener.py took 0.044 seconds
[2025-09-21T12:03:15.143+0000] {processor.py:161} INFO - Started process (PID=2025) to work on /home/airflow/.local/lib/python3.8/site-packages/airflow/example_dags/plugins/event_listener.py
[2025-09-21T12:03:15.145+0000] {processor.py:830} INFO - Processing file /home/airflow/.local/lib/python3.8/site-packages/airflow/example_dags/plugins/event_listener.py for tasks to queue
[2025-09-21T12:03:15.150+0000] {logging_mixin.py:188} INFO - [2025-09-21T12:03:15.150+0000] {dagbag.py:538} INFO - Filling up the DagBag from /home/airflow/.local/lib/python3.8/site-packages/airflow/example_dags/plugins/event_listener.py
[2025-09-21T12:03:15.160+0000] {processor.py:842} WARNING - No viable dags retrieved from /home/airflow/.local/lib/python3.8/site-packages/airflow/example_dags/plugins/event_listener.py
[2025-09-21T12:03:15.198+0000] {processor.py:183} INFO - Processing /home/airflow/.local/lib/python3.8/site-packages/airflow/example_dags/plugins/event_listener.py took 0.064 seconds
[2025-09-21T12:03:46.505+0000] {processor.py:161} INFO - Started process (PID=2083) to work on /home/airflow/.local/lib/python3.8/site-packages/airflow/example_dags/plugins/event_listener.py
[2025-09-21T12:03:46.508+0000] {processor.py:830} INFO - Processing file /home/airflow/.local/lib/python3.8/site-packages/airflow/example_dags/plugins/event_listener.py for tasks to queue
[2025-09-21T12:03:46.514+0000] {logging_mixin.py:188} INFO - [2025-09-21T12:03:46.513+0000] {dagbag.py:538} INFO - Filling up the DagBag from /home/airflow/.local/lib/python3.8/site-packages/airflow/example_dags/plugins/event_listener.py
[2025-09-21T12:03:46.521+0000] {processor.py:842} WARNING - No viable dags retrieved from /home/airflow/.local/lib/python3.8/site-packages/airflow/example_dags/plugins/event_listener.py
[2025-09-21T12:03:46.558+0000] {processor.py:183} INFO - Processing /home/airflow/.local/lib/python3.8/site-packages/airflow/example_dags/plugins/event_listener.py took 0.062 seconds
[2025-09-21T12:04:16.731+0000] {processor.py:161} INFO - Started process (PID=2141) to work on /home/airflow/.local/lib/python3.8/site-packages/airflow/example_dags/plugins/event_listener.py
[2025-09-21T12:04:16.734+0000] {processor.py:830} INFO - Processing file /home/airflow/.local/lib/python3.8/site-packages/airflow/example_dags/plugins/event_listener.py for tasks to queue
[2025-09-21T12:04:16.740+0000] {logging_mixin.py:188} INFO - [2025-09-21T12:04:16.738+0000] {dagbag.py:538} INFO - Filling up the DagBag from /home/airflow/.local/lib/python3.8/site-packages/airflow/example_dags/plugins/event_listener.py
[2025-09-21T12:04:16.745+0000] {processor.py:842} WARNING - No viable dags retrieved from /home/airflow/.local/lib/python3.8/site-packages/airflow/example_dags/plugins/event_listener.py
[2025-09-21T12:04:16.788+0000] {processor.py:183} INFO - Processing /home/airflow/.local/lib/python3.8/site-packages/airflow/example_dags/plugins/event_listener.py took 0.065 seconds
[2025-09-21T12:04:47.315+0000] {processor.py:161} INFO - Started process (PID=2199) to work on /home/airflow/.local/lib/python3.8/site-packages/airflow/example_dags/plugins/event_listener.py
[2025-09-21T12:04:47.319+0000] {processor.py:830} INFO - Processing file /home/airflow/.local/lib/python3.8/site-packages/airflow/example_dags/plugins/event_listener.py for tasks to queue
[2025-09-21T12:04:47.326+0000] {logging_mixin.py:188} INFO - [2025-09-21T12:04:47.325+0000] {dagbag.py:538} INFO - Filling up the DagBag from /home/airflow/.local/lib/python3.8/site-packages/airflow/example_dags/plugins/event_listener.py
[2025-09-21T12:04:47.335+0000] {processor.py:842} WARNING - No viable dags retrieved from /home/airflow/.local/lib/python3.8/site-packages/airflow/example_dags/plugins/event_listener.py
[2025-09-21T12:04:47.389+0000] {processor.py:183} INFO - Processing /home/airflow/.local/lib/python3.8/site-packages/airflow/example_dags/plugins/event_listener.py took 0.085 seconds
[2025-09-21T12:05:17.956+0000] {processor.py:161} INFO - Started process (PID=2257) to work on /home/airflow/.local/lib/python3.8/site-packages/airflow/example_dags/plugins/event_listener.py
[2025-09-21T12:05:17.958+0000] {processor.py:830} INFO - Processing file /home/airflow/.local/lib/python3.8/site-packages/airflow/example_dags/plugins/event_listener.py for tasks to queue
[2025-09-21T12:05:17.962+0000] {logging_mixin.py:188} INFO - [2025-09-21T12:05:17.961+0000] {dagbag.py:538} INFO - Filling up the DagBag from /home/airflow/.local/lib/python3.8/site-packages/airflow/example_dags/plugins/event_listener.py
[2025-09-21T12:05:17.966+0000] {processor.py:842} WARNING - No viable dags retrieved from /home/airflow/.local/lib/python3.8/site-packages/airflow/example_dags/plugins/event_listener.py
[2025-09-21T12:05:17.988+0000] {processor.py:183} INFO - Processing /home/airflow/.local/lib/python3.8/site-packages/airflow/example_dags/plugins/event_listener.py took 0.038 seconds
[2025-09-21T12:05:48.424+0000] {processor.py:161} INFO - Started process (PID=2315) to work on /home/airflow/.local/lib/python3.8/site-packages/airflow/example_dags/plugins/event_listener.py
[2025-09-21T12:05:48.426+0000] {processor.py:830} INFO - Processing file /home/airflow/.local/lib/python3.8/site-packages/airflow/example_dags/plugins/event_listener.py for tasks to queue
[2025-09-21T12:05:48.431+0000] {logging_mixin.py:188} INFO - [2025-09-21T12:05:48.430+0000] {dagbag.py:538} INFO - Filling up the DagBag from /home/airflow/.local/lib/python3.8/site-packages/airflow/example_dags/plugins/event_listener.py
[2025-09-21T12:05:48.437+0000] {processor.py:842} WARNING - No viable dags retrieved from /home/airflow/.local/lib/python3.8/site-packages/airflow/example_dags/plugins/event_listener.py
[2025-09-21T12:05:48.462+0000] {processor.py:183} INFO - Processing /home/airflow/.local/lib/python3.8/site-packages/airflow/example_dags/plugins/event_listener.py took 0.044 seconds
[2025-09-21T12:06:19.400+0000] {processor.py:161} INFO - Started process (PID=2373) to work on /home/airflow/.local/lib/python3.8/site-packages/airflow/example_dags/plugins/event_listener.py
[2025-09-21T12:06:19.402+0000] {processor.py:830} INFO - Processing file /home/airflow/.local/lib/python3.8/site-packages/airflow/example_dags/plugins/event_listener.py for tasks to queue
[2025-09-21T12:06:19.406+0000] {logging_mixin.py:188} INFO - [2025-09-21T12:06:19.405+0000] {dagbag.py:538} INFO - Filling up the DagBag from /home/airflow/.local/lib/python3.8/site-packages/airflow/example_dags/plugins/event_listener.py
[2025-09-21T12:06:19.410+0000] {processor.py:842} WARNING - No viable dags retrieved from /home/airflow/.local/lib/python3.8/site-packages/airflow/example_dags/plugins/event_listener.py
[2025-09-21T12:06:19.435+0000] {processor.py:183} INFO - Processing /home/airflow/.local/lib/python3.8/site-packages/airflow/example_dags/plugins/event_listener.py took 0.040 seconds
[2025-09-21T12:06:50.291+0000] {processor.py:161} INFO - Started process (PID=2431) to work on /home/airflow/.local/lib/python3.8/site-packages/airflow/example_dags/plugins/event_listener.py
[2025-09-21T12:06:50.293+0000] {processor.py:830} INFO - Processing file /home/airflow/.local/lib/python3.8/site-packages/airflow/example_dags/plugins/event_listener.py for tasks to queue
[2025-09-21T12:06:50.298+0000] {logging_mixin.py:188} INFO - [2025-09-21T12:06:50.297+0000] {dagbag.py:538} INFO - Filling up the DagBag from /home/airflow/.local/lib/python3.8/site-packages/airflow/example_dags/plugins/event_listener.py
[2025-09-21T12:06:50.305+0000] {processor.py:842} WARNING - No viable dags retrieved from /home/airflow/.local/lib/python3.8/site-packages/airflow/example_dags/plugins/event_listener.py
[2025-09-21T12:06:50.339+0000] {processor.py:183} INFO - Processing /home/airflow/.local/lib/python3.8/site-packages/airflow/example_dags/plugins/event_listener.py took 0.083 seconds
[2025-09-21T12:07:21.131+0000] {processor.py:161} INFO - Started process (PID=2490) to work on /home/airflow/.local/lib/python3.8/site-packages/airflow/example_dags/plugins/event_listener.py
[2025-09-21T12:07:21.133+0000] {processor.py:830} INFO - Processing file /home/airflow/.local/lib/python3.8/site-packages/airflow/example_dags/plugins/event_listener.py for tasks to queue
[2025-09-21T12:07:21.136+0000] {logging_mixin.py:188} INFO - [2025-09-21T12:07:21.136+0000] {dagbag.py:538} INFO - Filling up the DagBag from /home/airflow/.local/lib/python3.8/site-packages/airflow/example_dags/plugins/event_listener.py
[2025-09-21T12:07:21.140+0000] {processor.py:842} WARNING - No viable dags retrieved from /home/airflow/.local/lib/python3.8/site-packages/airflow/example_dags/plugins/event_listener.py
[2025-09-21T12:07:21.165+0000] {processor.py:183} INFO - Processing /home/airflow/.local/lib/python3.8/site-packages/airflow/example_dags/plugins/event_listener.py took 0.040 seconds
[2025-09-21T12:07:51.766+0000] {processor.py:161} INFO - Started process (PID=2548) to work on /home/airflow/.local/lib/python3.8/site-packages/airflow/example_dags/plugins/event_listener.py
[2025-09-21T12:07:51.768+0000] {processor.py:830} INFO - Processing file /home/airflow/.local/lib/python3.8/site-packages/airflow/example_dags/plugins/event_listener.py for tasks to queue
[2025-09-21T12:07:51.772+0000] {logging_mixin.py:188} INFO - [2025-09-21T12:07:51.771+0000] {dagbag.py:538} INFO - Filling up the DagBag from /home/airflow/.local/lib/python3.8/site-packages/airflow/example_dags/plugins/event_listener.py
[2025-09-21T12:07:51.777+0000] {processor.py:842} WARNING - No viable dags retrieved from /home/airflow/.local/lib/python3.8/site-packages/airflow/example_dags/plugins/event_listener.py
[2025-09-21T12:07:51.804+0000] {processor.py:183} INFO - Processing /home/airflow/.local/lib/python3.8/site-packages/airflow/example_dags/plugins/event_listener.py took 0.046 seconds
[2025-09-21T12:08:22.317+0000] {processor.py:161} INFO - Started process (PID=2606) to work on /home/airflow/.local/lib/python3.8/site-packages/airflow/example_dags/plugins/event_listener.py
[2025-09-21T12:08:22.319+0000] {processor.py:830} INFO - Processing file /home/airflow/.local/lib/python3.8/site-packages/airflow/example_dags/plugins/event_listener.py for tasks to queue
[2025-09-21T12:08:22.323+0000] {logging_mixin.py:188} INFO - [2025-09-21T12:08:22.323+0000] {dagbag.py:538} INFO - Filling up the DagBag from /home/airflow/.local/lib/python3.8/site-packages/airflow/example_dags/plugins/event_listener.py
[2025-09-21T12:08:22.329+0000] {processor.py:842} WARNING - No viable dags retrieved from /home/airflow/.local/lib/python3.8/site-packages/airflow/example_dags/plugins/event_listener.py
[2025-09-21T12:08:22.355+0000] {processor.py:183} INFO - Processing /home/airflow/.local/lib/python3.8/site-packages/airflow/example_dags/plugins/event_listener.py took 0.045 seconds
[2025-09-21T12:08:53.016+0000] {processor.py:161} INFO - Started process (PID=2664) to work on /home/airflow/.local/lib/python3.8/site-packages/airflow/example_dags/plugins/event_listener.py
[2025-09-21T12:08:53.019+0000] {processor.py:830} INFO - Processing file /home/airflow/.local/lib/python3.8/site-packages/airflow/example_dags/plugins/event_listener.py for tasks to queue
[2025-09-21T12:08:53.025+0000] {logging_mixin.py:188} INFO - [2025-09-21T12:08:53.024+0000] {dagbag.py:538} INFO - Filling up the DagBag from /home/airflow/.local/lib/python3.8/site-packages/airflow/example_dags/plugins/event_listener.py
[2025-09-21T12:08:53.034+0000] {processor.py:842} WARNING - No viable dags retrieved from /home/airflow/.local/lib/python3.8/site-packages/airflow/example_dags/plugins/event_listener.py
[2025-09-21T12:08:53.079+0000] {processor.py:183} INFO - Processing /home/airflow/.local/lib/python3.8/site-packages/airflow/example_dags/plugins/event_listener.py took 0.071 seconds
[2025-09-21T12:09:24.351+0000] {processor.py:161} INFO - Started process (PID=2722) to work on /home/airflow/.local/lib/python3.8/site-packages/airflow/example_dags/plugins/event_listener.py
[2025-09-21T12:09:24.353+0000] {processor.py:830} INFO - Processing file /home/airflow/.local/lib/python3.8/site-packages/airflow/example_dags/plugins/event_listener.py for tasks to queue
[2025-09-21T12:09:24.357+0000] {logging_mixin.py:188} INFO - [2025-09-21T12:09:24.356+0000] {dagbag.py:538} INFO - Filling up the DagBag from /home/airflow/.local/lib/python3.8/site-packages/airflow/example_dags/plugins/event_listener.py
[2025-09-21T12:09:24.361+0000] {processor.py:842} WARNING - No viable dags retrieved from /home/airflow/.local/lib/python3.8/site-packages/airflow/example_dags/plugins/event_listener.py
[2025-09-21T12:09:24.385+0000] {processor.py:183} INFO - Processing /home/airflow/.local/lib/python3.8/site-packages/airflow/example_dags/plugins/event_listener.py took 0.042 seconds
[2025-09-21T12:09:54.857+0000] {processor.py:161} INFO - Started process (PID=2781) to work on /home/airflow/.local/lib/python3.8/site-packages/airflow/example_dags/plugins/event_listener.py
[2025-09-21T12:09:54.861+0000] {processor.py:830} INFO - Processing file /home/airflow/.local/lib/python3.8/site-packages/airflow/example_dags/plugins/event_listener.py for tasks to queue
[2025-09-21T12:09:54.869+0000] {logging_mixin.py:188} INFO - [2025-09-21T12:09:54.867+0000] {dagbag.py:538} INFO - Filling up the DagBag from /home/airflow/.local/lib/python3.8/site-packages/airflow/example_dags/plugins/event_listener.py
[2025-09-21T12:09:54.881+0000] {processor.py:842} WARNING - No viable dags retrieved from /home/airflow/.local/lib/python3.8/site-packages/airflow/example_dags/plugins/event_listener.py
[2025-09-21T12:09:54.925+0000] {processor.py:183} INFO - Processing /home/airflow/.local/lib/python3.8/site-packages/airflow/example_dags/plugins/event_listener.py took 0.079 seconds
[2025-09-21T12:10:26.079+0000] {processor.py:161} INFO - Started process (PID=2839) to work on /home/airflow/.local/lib/python3.8/site-packages/airflow/example_dags/plugins/event_listener.py
[2025-09-21T12:10:26.082+0000] {processor.py:830} INFO - Processing file /home/airflow/.local/lib/python3.8/site-packages/airflow/example_dags/plugins/event_listener.py for tasks to queue
[2025-09-21T12:10:26.087+0000] {logging_mixin.py:188} INFO - [2025-09-21T12:10:26.087+0000] {dagbag.py:538} INFO - Filling up the DagBag from /home/airflow/.local/lib/python3.8/site-packages/airflow/example_dags/plugins/event_listener.py
[2025-09-21T12:10:26.093+0000] {processor.py:842} WARNING - No viable dags retrieved from /home/airflow/.local/lib/python3.8/site-packages/airflow/example_dags/plugins/event_listener.py
[2025-09-21T12:10:26.126+0000] {processor.py:183} INFO - Processing /home/airflow/.local/lib/python3.8/site-packages/airflow/example_dags/plugins/event_listener.py took 0.058 seconds
[2025-09-21T12:10:56.796+0000] {processor.py:161} INFO - Started process (PID=2903) to work on /home/airflow/.local/lib/python3.8/site-packages/airflow/example_dags/plugins/event_listener.py
[2025-09-21T12:10:56.799+0000] {processor.py:830} INFO - Processing file /home/airflow/.local/lib/python3.8/site-packages/airflow/example_dags/plugins/event_listener.py for tasks to queue
[2025-09-21T12:10:56.803+0000] {logging_mixin.py:188} INFO - [2025-09-21T12:10:56.802+0000] {dagbag.py:538} INFO - Filling up the DagBag from /home/airflow/.local/lib/python3.8/site-packages/airflow/example_dags/plugins/event_listener.py
[2025-09-21T12:10:56.810+0000] {processor.py:842} WARNING - No viable dags retrieved from /home/airflow/.local/lib/python3.8/site-packages/airflow/example_dags/plugins/event_listener.py
[2025-09-21T12:10:56.843+0000] {processor.py:183} INFO - Processing /home/airflow/.local/lib/python3.8/site-packages/airflow/example_dags/plugins/event_listener.py took 0.055 seconds
[2025-09-21T12:11:28.176+0000] {processor.py:161} INFO - Started process (PID=2961) to work on /home/airflow/.local/lib/python3.8/site-packages/airflow/example_dags/plugins/event_listener.py
[2025-09-21T12:11:28.180+0000] {processor.py:830} INFO - Processing file /home/airflow/.local/lib/python3.8/site-packages/airflow/example_dags/plugins/event_listener.py for tasks to queue
[2025-09-21T12:11:28.191+0000] {logging_mixin.py:188} INFO - [2025-09-21T12:11:28.189+0000] {dagbag.py:538} INFO - Filling up the DagBag from /home/airflow/.local/lib/python3.8/site-packages/airflow/example_dags/plugins/event_listener.py
[2025-09-21T12:11:28.201+0000] {processor.py:842} WARNING - No viable dags retrieved from /home/airflow/.local/lib/python3.8/site-packages/airflow/example_dags/plugins/event_listener.py
[2025-09-21T12:11:28.261+0000] {processor.py:183} INFO - Processing /home/airflow/.local/lib/python3.8/site-packages/airflow/example_dags/plugins/event_listener.py took 0.100 seconds
[2025-09-21T12:11:59.054+0000] {processor.py:161} INFO - Started process (PID=3019) to work on /home/airflow/.local/lib/python3.8/site-packages/airflow/example_dags/plugins/event_listener.py
[2025-09-21T12:11:59.058+0000] {processor.py:830} INFO - Processing file /home/airflow/.local/lib/python3.8/site-packages/airflow/example_dags/plugins/event_listener.py for tasks to queue
[2025-09-21T12:11:59.062+0000] {logging_mixin.py:188} INFO - [2025-09-21T12:11:59.061+0000] {dagbag.py:538} INFO - Filling up the DagBag from /home/airflow/.local/lib/python3.8/site-packages/airflow/example_dags/plugins/event_listener.py
[2025-09-21T12:11:59.066+0000] {processor.py:842} WARNING - No viable dags retrieved from /home/airflow/.local/lib/python3.8/site-packages/airflow/example_dags/plugins/event_listener.py
[2025-09-21T12:11:59.096+0000] {processor.py:183} INFO - Processing /home/airflow/.local/lib/python3.8/site-packages/airflow/example_dags/plugins/event_listener.py took 0.050 seconds
[2025-09-21T12:12:29.657+0000] {processor.py:161} INFO - Started process (PID=3077) to work on /home/airflow/.local/lib/python3.8/site-packages/airflow/example_dags/plugins/event_listener.py
[2025-09-21T12:12:29.659+0000] {processor.py:830} INFO - Processing file /home/airflow/.local/lib/python3.8/site-packages/airflow/example_dags/plugins/event_listener.py for tasks to queue
[2025-09-21T12:12:29.664+0000] {logging_mixin.py:188} INFO - [2025-09-21T12:12:29.663+0000] {dagbag.py:538} INFO - Filling up the DagBag from /home/airflow/.local/lib/python3.8/site-packages/airflow/example_dags/plugins/event_listener.py
[2025-09-21T12:12:29.670+0000] {processor.py:842} WARNING - No viable dags retrieved from /home/airflow/.local/lib/python3.8/site-packages/airflow/example_dags/plugins/event_listener.py
[2025-09-21T12:12:29.698+0000] {processor.py:183} INFO - Processing /home/airflow/.local/lib/python3.8/site-packages/airflow/example_dags/plugins/event_listener.py took 0.049 seconds
[2025-09-21T12:13:00.345+0000] {processor.py:161} INFO - Started process (PID=3135) to work on /home/airflow/.local/lib/python3.8/site-packages/airflow/example_dags/plugins/event_listener.py
[2025-09-21T12:13:00.347+0000] {processor.py:830} INFO - Processing file /home/airflow/.local/lib/python3.8/site-packages/airflow/example_dags/plugins/event_listener.py for tasks to queue
[2025-09-21T12:13:00.350+0000] {logging_mixin.py:188} INFO - [2025-09-21T12:13:00.350+0000] {dagbag.py:538} INFO - Filling up the DagBag from /home/airflow/.local/lib/python3.8/site-packages/airflow/example_dags/plugins/event_listener.py
[2025-09-21T12:13:00.356+0000] {processor.py:842} WARNING - No viable dags retrieved from /home/airflow/.local/lib/python3.8/site-packages/airflow/example_dags/plugins/event_listener.py
[2025-09-21T12:13:00.384+0000] {processor.py:183} INFO - Processing /home/airflow/.local/lib/python3.8/site-packages/airflow/example_dags/plugins/event_listener.py took 0.046 seconds
[2025-09-21T12:13:31.078+0000] {processor.py:161} INFO - Started process (PID=3193) to work on /home/airflow/.local/lib/python3.8/site-packages/airflow/example_dags/plugins/event_listener.py
[2025-09-21T12:13:31.080+0000] {processor.py:830} INFO - Processing file /home/airflow/.local/lib/python3.8/site-packages/airflow/example_dags/plugins/event_listener.py for tasks to queue
[2025-09-21T12:13:31.085+0000] {logging_mixin.py:188} INFO - [2025-09-21T12:13:31.085+0000] {dagbag.py:538} INFO - Filling up the DagBag from /home/airflow/.local/lib/python3.8/site-packages/airflow/example_dags/plugins/event_listener.py
[2025-09-21T12:13:31.091+0000] {processor.py:842} WARNING - No viable dags retrieved from /home/airflow/.local/lib/python3.8/site-packages/airflow/example_dags/plugins/event_listener.py
[2025-09-21T12:13:31.121+0000] {processor.py:183} INFO - Processing /home/airflow/.local/lib/python3.8/site-packages/airflow/example_dags/plugins/event_listener.py took 0.052 seconds
[2025-09-21T12:14:01.942+0000] {processor.py:161} INFO - Started process (PID=3251) to work on /home/airflow/.local/lib/python3.8/site-packages/airflow/example_dags/plugins/event_listener.py
[2025-09-21T12:14:01.946+0000] {processor.py:830} INFO - Processing file /home/airflow/.local/lib/python3.8/site-packages/airflow/example_dags/plugins/event_listener.py for tasks to queue
[2025-09-21T12:14:01.953+0000] {logging_mixin.py:188} INFO - [2025-09-21T12:14:01.952+0000] {dagbag.py:538} INFO - Filling up the DagBag from /home/airflow/.local/lib/python3.8/site-packages/airflow/example_dags/plugins/event_listener.py
[2025-09-21T12:14:01.961+0000] {processor.py:842} WARNING - No viable dags retrieved from /home/airflow/.local/lib/python3.8/site-packages/airflow/example_dags/plugins/event_listener.py
[2025-09-21T12:14:02.005+0000] {processor.py:183} INFO - Processing /home/airflow/.local/lib/python3.8/site-packages/airflow/example_dags/plugins/event_listener.py took 0.075 seconds
[2025-09-21T12:14:32.621+0000] {processor.py:161} INFO - Started process (PID=3309) to work on /home/airflow/.local/lib/python3.8/site-packages/airflow/example_dags/plugins/event_listener.py
[2025-09-21T12:14:32.623+0000] {processor.py:830} INFO - Processing file /home/airflow/.local/lib/python3.8/site-packages/airflow/example_dags/plugins/event_listener.py for tasks to queue
[2025-09-21T12:14:32.626+0000] {logging_mixin.py:188} INFO - [2025-09-21T12:14:32.626+0000] {dagbag.py:538} INFO - Filling up the DagBag from /home/airflow/.local/lib/python3.8/site-packages/airflow/example_dags/plugins/event_listener.py
[2025-09-21T12:14:32.631+0000] {processor.py:842} WARNING - No viable dags retrieved from /home/airflow/.local/lib/python3.8/site-packages/airflow/example_dags/plugins/event_listener.py
[2025-09-21T12:14:32.656+0000] {processor.py:183} INFO - Processing /home/airflow/.local/lib/python3.8/site-packages/airflow/example_dags/plugins/event_listener.py took 0.041 seconds
[2025-09-21T12:15:03.574+0000] {processor.py:161} INFO - Started process (PID=3367) to work on /home/airflow/.local/lib/python3.8/site-packages/airflow/example_dags/plugins/event_listener.py
[2025-09-21T12:15:03.577+0000] {processor.py:830} INFO - Processing file /home/airflow/.local/lib/python3.8/site-packages/airflow/example_dags/plugins/event_listener.py for tasks to queue
[2025-09-21T12:15:03.582+0000] {logging_mixin.py:188} INFO - [2025-09-21T12:15:03.582+0000] {dagbag.py:538} INFO - Filling up the DagBag from /home/airflow/.local/lib/python3.8/site-packages/airflow/example_dags/plugins/event_listener.py
[2025-09-21T12:15:03.587+0000] {processor.py:842} WARNING - No viable dags retrieved from /home/airflow/.local/lib/python3.8/site-packages/airflow/example_dags/plugins/event_listener.py
[2025-09-21T12:15:03.620+0000] {processor.py:183} INFO - Processing /home/airflow/.local/lib/python3.8/site-packages/airflow/example_dags/plugins/event_listener.py took 0.053 seconds
[2025-09-21T12:15:35.318+0000] {processor.py:161} INFO - Started process (PID=3425) to work on /home/airflow/.local/lib/python3.8/site-packages/airflow/example_dags/plugins/event_listener.py
[2025-09-21T12:15:35.323+0000] {processor.py:830} INFO - Processing file /home/airflow/.local/lib/python3.8/site-packages/airflow/example_dags/plugins/event_listener.py for tasks to queue
[2025-09-21T12:15:35.331+0000] {logging_mixin.py:188} INFO - [2025-09-21T12:15:35.330+0000] {dagbag.py:538} INFO - Filling up the DagBag from /home/airflow/.local/lib/python3.8/site-packages/airflow/example_dags/plugins/event_listener.py
[2025-09-21T12:15:35.342+0000] {processor.py:842} WARNING - No viable dags retrieved from /home/airflow/.local/lib/python3.8/site-packages/airflow/example_dags/plugins/event_listener.py
[2025-09-21T12:15:35.381+0000] {processor.py:183} INFO - Processing /home/airflow/.local/lib/python3.8/site-packages/airflow/example_dags/plugins/event_listener.py took 0.077 seconds
[2025-09-21T12:16:07.112+0000] {processor.py:161} INFO - Started process (PID=3483) to work on /home/airflow/.local/lib/python3.8/site-packages/airflow/example_dags/plugins/event_listener.py
[2025-09-21T12:16:07.118+0000] {processor.py:830} INFO - Processing file /home/airflow/.local/lib/python3.8/site-packages/airflow/example_dags/plugins/event_listener.py for tasks to queue
[2025-09-21T12:16:07.125+0000] {logging_mixin.py:188} INFO - [2025-09-21T12:16:07.124+0000] {dagbag.py:538} INFO - Filling up the DagBag from /home/airflow/.local/lib/python3.8/site-packages/airflow/example_dags/plugins/event_listener.py
[2025-09-21T12:16:07.135+0000] {processor.py:842} WARNING - No viable dags retrieved from /home/airflow/.local/lib/python3.8/site-packages/airflow/example_dags/plugins/event_listener.py
[2025-09-21T12:16:07.172+0000] {processor.py:183} INFO - Processing /home/airflow/.local/lib/python3.8/site-packages/airflow/example_dags/plugins/event_listener.py took 0.073 seconds
[2025-09-21T12:16:38.191+0000] {processor.py:161} INFO - Started process (PID=3541) to work on /home/airflow/.local/lib/python3.8/site-packages/airflow/example_dags/plugins/event_listener.py
[2025-09-21T12:16:38.193+0000] {processor.py:830} INFO - Processing file /home/airflow/.local/lib/python3.8/site-packages/airflow/example_dags/plugins/event_listener.py for tasks to queue
[2025-09-21T12:16:38.197+0000] {logging_mixin.py:188} INFO - [2025-09-21T12:16:38.196+0000] {dagbag.py:538} INFO - Filling up the DagBag from /home/airflow/.local/lib/python3.8/site-packages/airflow/example_dags/plugins/event_listener.py
[2025-09-21T12:16:38.200+0000] {processor.py:842} WARNING - No viable dags retrieved from /home/airflow/.local/lib/python3.8/site-packages/airflow/example_dags/plugins/event_listener.py
[2025-09-21T12:16:38.224+0000] {processor.py:183} INFO - Processing /home/airflow/.local/lib/python3.8/site-packages/airflow/example_dags/plugins/event_listener.py took 0.038 seconds
[2025-09-21T12:17:09.683+0000] {processor.py:161} INFO - Started process (PID=3599) to work on /home/airflow/.local/lib/python3.8/site-packages/airflow/example_dags/plugins/event_listener.py
[2025-09-21T12:17:09.687+0000] {processor.py:830} INFO - Processing file /home/airflow/.local/lib/python3.8/site-packages/airflow/example_dags/plugins/event_listener.py for tasks to queue
[2025-09-21T12:17:09.695+0000] {logging_mixin.py:188} INFO - [2025-09-21T12:17:09.694+0000] {dagbag.py:538} INFO - Filling up the DagBag from /home/airflow/.local/lib/python3.8/site-packages/airflow/example_dags/plugins/event_listener.py
[2025-09-21T12:17:09.701+0000] {processor.py:842} WARNING - No viable dags retrieved from /home/airflow/.local/lib/python3.8/site-packages/airflow/example_dags/plugins/event_listener.py
[2025-09-21T12:17:09.738+0000] {processor.py:183} INFO - Processing /home/airflow/.local/lib/python3.8/site-packages/airflow/example_dags/plugins/event_listener.py took 0.064 seconds
[2025-09-21T12:17:41.467+0000] {processor.py:161} INFO - Started process (PID=3657) to work on /home/airflow/.local/lib/python3.8/site-packages/airflow/example_dags/plugins/event_listener.py
[2025-09-21T12:17:41.469+0000] {processor.py:830} INFO - Processing file /home/airflow/.local/lib/python3.8/site-packages/airflow/example_dags/plugins/event_listener.py for tasks to queue
[2025-09-21T12:17:41.473+0000] {logging_mixin.py:188} INFO - [2025-09-21T12:17:41.472+0000] {dagbag.py:538} INFO - Filling up the DagBag from /home/airflow/.local/lib/python3.8/site-packages/airflow/example_dags/plugins/event_listener.py
[2025-09-21T12:17:41.477+0000] {processor.py:842} WARNING - No viable dags retrieved from /home/airflow/.local/lib/python3.8/site-packages/airflow/example_dags/plugins/event_listener.py
[2025-09-21T12:17:41.502+0000] {processor.py:183} INFO - Processing /home/airflow/.local/lib/python3.8/site-packages/airflow/example_dags/plugins/event_listener.py took 0.041 seconds
[2025-09-21T12:18:11.896+0000] {processor.py:161} INFO - Started process (PID=3715) to work on /home/airflow/.local/lib/python3.8/site-packages/airflow/example_dags/plugins/event_listener.py
[2025-09-21T12:18:11.898+0000] {processor.py:830} INFO - Processing file /home/airflow/.local/lib/python3.8/site-packages/airflow/example_dags/plugins/event_listener.py for tasks to queue
[2025-09-21T12:18:11.903+0000] {logging_mixin.py:188} INFO - [2025-09-21T12:18:11.902+0000] {dagbag.py:538} INFO - Filling up the DagBag from /home/airflow/.local/lib/python3.8/site-packages/airflow/example_dags/plugins/event_listener.py
[2025-09-21T12:18:11.908+0000] {processor.py:842} WARNING - No viable dags retrieved from /home/airflow/.local/lib/python3.8/site-packages/airflow/example_dags/plugins/event_listener.py
[2025-09-21T12:18:11.938+0000] {processor.py:183} INFO - Processing /home/airflow/.local/lib/python3.8/site-packages/airflow/example_dags/plugins/event_listener.py took 0.051 seconds
[2025-09-21T12:18:42.447+0000] {processor.py:161} INFO - Started process (PID=3772) to work on /home/airflow/.local/lib/python3.8/site-packages/airflow/example_dags/plugins/event_listener.py
[2025-09-21T12:18:42.450+0000] {processor.py:830} INFO - Processing file /home/airflow/.local/lib/python3.8/site-packages/airflow/example_dags/plugins/event_listener.py for tasks to queue
[2025-09-21T12:18:42.456+0000] {logging_mixin.py:188} INFO - [2025-09-21T12:18:42.456+0000] {dagbag.py:538} INFO - Filling up the DagBag from /home/airflow/.local/lib/python3.8/site-packages/airflow/example_dags/plugins/event_listener.py
[2025-09-21T12:18:42.462+0000] {processor.py:842} WARNING - No viable dags retrieved from /home/airflow/.local/lib/python3.8/site-packages/airflow/example_dags/plugins/event_listener.py
[2025-09-21T12:18:42.492+0000] {processor.py:183} INFO - Processing /home/airflow/.local/lib/python3.8/site-packages/airflow/example_dags/plugins/event_listener.py took 0.059 seconds
[2025-09-21T12:22:04.829+0000] {processor.py:161} INFO - Started process (PID=116) to work on /home/airflow/.local/lib/python3.8/site-packages/airflow/example_dags/plugins/event_listener.py
[2025-09-21T12:22:04.831+0000] {processor.py:830} INFO - Processing file /home/airflow/.local/lib/python3.8/site-packages/airflow/example_dags/plugins/event_listener.py for tasks to queue
[2025-09-21T12:22:04.836+0000] {logging_mixin.py:188} INFO - [2025-09-21T12:22:04.835+0000] {dagbag.py:538} INFO - Filling up the DagBag from /home/airflow/.local/lib/python3.8/site-packages/airflow/example_dags/plugins/event_listener.py
[2025-09-21T12:22:04.843+0000] {processor.py:842} WARNING - No viable dags retrieved from /home/airflow/.local/lib/python3.8/site-packages/airflow/example_dags/plugins/event_listener.py
[2025-09-21T12:22:04.901+0000] {processor.py:183} INFO - Processing /home/airflow/.local/lib/python3.8/site-packages/airflow/example_dags/plugins/event_listener.py took 0.082 seconds
[2025-09-21T12:22:35.314+0000] {processor.py:161} INFO - Started process (PID=174) to work on /home/airflow/.local/lib/python3.8/site-packages/airflow/example_dags/plugins/event_listener.py
[2025-09-21T12:22:35.316+0000] {processor.py:830} INFO - Processing file /home/airflow/.local/lib/python3.8/site-packages/airflow/example_dags/plugins/event_listener.py for tasks to queue
[2025-09-21T12:22:35.319+0000] {logging_mixin.py:188} INFO - [2025-09-21T12:22:35.319+0000] {dagbag.py:538} INFO - Filling up the DagBag from /home/airflow/.local/lib/python3.8/site-packages/airflow/example_dags/plugins/event_listener.py
[2025-09-21T12:22:35.324+0000] {processor.py:842} WARNING - No viable dags retrieved from /home/airflow/.local/lib/python3.8/site-packages/airflow/example_dags/plugins/event_listener.py
[2025-09-21T12:22:35.347+0000] {processor.py:183} INFO - Processing /home/airflow/.local/lib/python3.8/site-packages/airflow/example_dags/plugins/event_listener.py took 0.038 seconds
[2025-09-21T12:23:06.052+0000] {processor.py:161} INFO - Started process (PID=232) to work on /home/airflow/.local/lib/python3.8/site-packages/airflow/example_dags/plugins/event_listener.py
[2025-09-21T12:23:06.055+0000] {processor.py:830} INFO - Processing file /home/airflow/.local/lib/python3.8/site-packages/airflow/example_dags/plugins/event_listener.py for tasks to queue
[2025-09-21T12:23:06.060+0000] {logging_mixin.py:188} INFO - [2025-09-21T12:23:06.059+0000] {dagbag.py:538} INFO - Filling up the DagBag from /home/airflow/.local/lib/python3.8/site-packages/airflow/example_dags/plugins/event_listener.py
[2025-09-21T12:23:06.065+0000] {processor.py:842} WARNING - No viable dags retrieved from /home/airflow/.local/lib/python3.8/site-packages/airflow/example_dags/plugins/event_listener.py
[2025-09-21T12:23:06.107+0000] {processor.py:183} INFO - Processing /home/airflow/.local/lib/python3.8/site-packages/airflow/example_dags/plugins/event_listener.py took 0.064 seconds
[2025-09-21T12:23:36.726+0000] {processor.py:161} INFO - Started process (PID=290) to work on /home/airflow/.local/lib/python3.8/site-packages/airflow/example_dags/plugins/event_listener.py
[2025-09-21T12:23:36.729+0000] {processor.py:830} INFO - Processing file /home/airflow/.local/lib/python3.8/site-packages/airflow/example_dags/plugins/event_listener.py for tasks to queue
[2025-09-21T12:23:36.733+0000] {logging_mixin.py:188} INFO - [2025-09-21T12:23:36.732+0000] {dagbag.py:538} INFO - Filling up the DagBag from /home/airflow/.local/lib/python3.8/site-packages/airflow/example_dags/plugins/event_listener.py
[2025-09-21T12:23:36.737+0000] {processor.py:842} WARNING - No viable dags retrieved from /home/airflow/.local/lib/python3.8/site-packages/airflow/example_dags/plugins/event_listener.py
[2025-09-21T12:23:36.764+0000] {processor.py:183} INFO - Processing /home/airflow/.local/lib/python3.8/site-packages/airflow/example_dags/plugins/event_listener.py took 0.047 seconds
[2025-09-21T12:24:08.962+0000] {processor.py:161} INFO - Started process (PID=348) to work on /home/airflow/.local/lib/python3.8/site-packages/airflow/example_dags/plugins/event_listener.py
[2025-09-21T12:24:08.964+0000] {processor.py:830} INFO - Processing file /home/airflow/.local/lib/python3.8/site-packages/airflow/example_dags/plugins/event_listener.py for tasks to queue
[2025-09-21T12:24:08.970+0000] {logging_mixin.py:188} INFO - [2025-09-21T12:24:08.969+0000] {dagbag.py:538} INFO - Filling up the DagBag from /home/airflow/.local/lib/python3.8/site-packages/airflow/example_dags/plugins/event_listener.py
[2025-09-21T12:24:08.976+0000] {processor.py:842} WARNING - No viable dags retrieved from /home/airflow/.local/lib/python3.8/site-packages/airflow/example_dags/plugins/event_listener.py
[2025-09-21T12:24:09.010+0000] {processor.py:183} INFO - Processing /home/airflow/.local/lib/python3.8/site-packages/airflow/example_dags/plugins/event_listener.py took 0.057 seconds
[2025-09-21T12:24:39.983+0000] {processor.py:161} INFO - Started process (PID=406) to work on /home/airflow/.local/lib/python3.8/site-packages/airflow/example_dags/plugins/event_listener.py
[2025-09-21T12:24:39.987+0000] {processor.py:830} INFO - Processing file /home/airflow/.local/lib/python3.8/site-packages/airflow/example_dags/plugins/event_listener.py for tasks to queue
[2025-09-21T12:24:39.997+0000] {logging_mixin.py:188} INFO - [2025-09-21T12:24:39.995+0000] {dagbag.py:538} INFO - Filling up the DagBag from /home/airflow/.local/lib/python3.8/site-packages/airflow/example_dags/plugins/event_listener.py
[2025-09-21T12:24:40.007+0000] {processor.py:842} WARNING - No viable dags retrieved from /home/airflow/.local/lib/python3.8/site-packages/airflow/example_dags/plugins/event_listener.py
[2025-09-21T12:24:40.063+0000] {processor.py:183} INFO - Processing /home/airflow/.local/lib/python3.8/site-packages/airflow/example_dags/plugins/event_listener.py took 0.093 seconds
[2025-09-21T12:25:10.371+0000] {processor.py:161} INFO - Started process (PID=464) to work on /home/airflow/.local/lib/python3.8/site-packages/airflow/example_dags/plugins/event_listener.py
[2025-09-21T12:25:10.374+0000] {processor.py:830} INFO - Processing file /home/airflow/.local/lib/python3.8/site-packages/airflow/example_dags/plugins/event_listener.py for tasks to queue
[2025-09-21T12:25:10.380+0000] {logging_mixin.py:188} INFO - [2025-09-21T12:25:10.379+0000] {dagbag.py:538} INFO - Filling up the DagBag from /home/airflow/.local/lib/python3.8/site-packages/airflow/example_dags/plugins/event_listener.py
[2025-09-21T12:25:10.387+0000] {processor.py:842} WARNING - No viable dags retrieved from /home/airflow/.local/lib/python3.8/site-packages/airflow/example_dags/plugins/event_listener.py
[2025-09-21T12:25:10.425+0000] {processor.py:183} INFO - Processing /home/airflow/.local/lib/python3.8/site-packages/airflow/example_dags/plugins/event_listener.py took 0.062 seconds
[2025-09-21T12:25:41.575+0000] {processor.py:161} INFO - Started process (PID=522) to work on /home/airflow/.local/lib/python3.8/site-packages/airflow/example_dags/plugins/event_listener.py
[2025-09-21T12:25:41.577+0000] {processor.py:830} INFO - Processing file /home/airflow/.local/lib/python3.8/site-packages/airflow/example_dags/plugins/event_listener.py for tasks to queue
[2025-09-21T12:25:41.582+0000] {logging_mixin.py:188} INFO - [2025-09-21T12:25:41.581+0000] {dagbag.py:538} INFO - Filling up the DagBag from /home/airflow/.local/lib/python3.8/site-packages/airflow/example_dags/plugins/event_listener.py
[2025-09-21T12:25:41.587+0000] {processor.py:842} WARNING - No viable dags retrieved from /home/airflow/.local/lib/python3.8/site-packages/airflow/example_dags/plugins/event_listener.py
[2025-09-21T12:25:41.616+0000] {processor.py:183} INFO - Processing /home/airflow/.local/lib/python3.8/site-packages/airflow/example_dags/plugins/event_listener.py took 0.050 seconds
[2025-09-21T12:26:13.063+0000] {processor.py:161} INFO - Started process (PID=580) to work on /home/airflow/.local/lib/python3.8/site-packages/airflow/example_dags/plugins/event_listener.py
[2025-09-21T12:26:13.065+0000] {processor.py:830} INFO - Processing file /home/airflow/.local/lib/python3.8/site-packages/airflow/example_dags/plugins/event_listener.py for tasks to queue
[2025-09-21T12:26:13.069+0000] {logging_mixin.py:188} INFO - [2025-09-21T12:26:13.069+0000] {dagbag.py:538} INFO - Filling up the DagBag from /home/airflow/.local/lib/python3.8/site-packages/airflow/example_dags/plugins/event_listener.py
[2025-09-21T12:26:13.074+0000] {processor.py:842} WARNING - No viable dags retrieved from /home/airflow/.local/lib/python3.8/site-packages/airflow/example_dags/plugins/event_listener.py
[2025-09-21T12:26:13.100+0000] {processor.py:183} INFO - Processing /home/airflow/.local/lib/python3.8/site-packages/airflow/example_dags/plugins/event_listener.py took 0.043 seconds
[2025-09-21T12:26:44.594+0000] {processor.py:161} INFO - Started process (PID=638) to work on /home/airflow/.local/lib/python3.8/site-packages/airflow/example_dags/plugins/event_listener.py
[2025-09-21T12:26:44.596+0000] {processor.py:830} INFO - Processing file /home/airflow/.local/lib/python3.8/site-packages/airflow/example_dags/plugins/event_listener.py for tasks to queue
[2025-09-21T12:26:44.600+0000] {logging_mixin.py:188} INFO - [2025-09-21T12:26:44.600+0000] {dagbag.py:538} INFO - Filling up the DagBag from /home/airflow/.local/lib/python3.8/site-packages/airflow/example_dags/plugins/event_listener.py
[2025-09-21T12:26:44.604+0000] {processor.py:842} WARNING - No viable dags retrieved from /home/airflow/.local/lib/python3.8/site-packages/airflow/example_dags/plugins/event_listener.py
[2025-09-21T12:26:44.627+0000] {processor.py:183} INFO - Processing /home/airflow/.local/lib/python3.8/site-packages/airflow/example_dags/plugins/event_listener.py took 0.039 seconds
[2025-09-21T12:27:15.594+0000] {processor.py:161} INFO - Started process (PID=696) to work on /home/airflow/.local/lib/python3.8/site-packages/airflow/example_dags/plugins/event_listener.py
[2025-09-21T12:27:15.598+0000] {processor.py:830} INFO - Processing file /home/airflow/.local/lib/python3.8/site-packages/airflow/example_dags/plugins/event_listener.py for tasks to queue
[2025-09-21T12:27:15.605+0000] {logging_mixin.py:188} INFO - [2025-09-21T12:27:15.604+0000] {dagbag.py:538} INFO - Filling up the DagBag from /home/airflow/.local/lib/python3.8/site-packages/airflow/example_dags/plugins/event_listener.py
[2025-09-21T12:27:15.613+0000] {processor.py:842} WARNING - No viable dags retrieved from /home/airflow/.local/lib/python3.8/site-packages/airflow/example_dags/plugins/event_listener.py
[2025-09-21T12:27:15.655+0000] {processor.py:183} INFO - Processing /home/airflow/.local/lib/python3.8/site-packages/airflow/example_dags/plugins/event_listener.py took 0.070 seconds
[2025-09-21T12:27:46.870+0000] {processor.py:161} INFO - Started process (PID=754) to work on /home/airflow/.local/lib/python3.8/site-packages/airflow/example_dags/plugins/event_listener.py
[2025-09-21T12:27:46.874+0000] {processor.py:830} INFO - Processing file /home/airflow/.local/lib/python3.8/site-packages/airflow/example_dags/plugins/event_listener.py for tasks to queue
[2025-09-21T12:27:46.880+0000] {logging_mixin.py:188} INFO - [2025-09-21T12:27:46.879+0000] {dagbag.py:538} INFO - Filling up the DagBag from /home/airflow/.local/lib/python3.8/site-packages/airflow/example_dags/plugins/event_listener.py
[2025-09-21T12:27:46.888+0000] {processor.py:842} WARNING - No viable dags retrieved from /home/airflow/.local/lib/python3.8/site-packages/airflow/example_dags/plugins/event_listener.py
[2025-09-21T12:27:46.939+0000] {processor.py:183} INFO - Processing /home/airflow/.local/lib/python3.8/site-packages/airflow/example_dags/plugins/event_listener.py took 0.080 seconds
[2025-09-21T12:28:18.236+0000] {processor.py:161} INFO - Started process (PID=812) to work on /home/airflow/.local/lib/python3.8/site-packages/airflow/example_dags/plugins/event_listener.py
[2025-09-21T12:28:18.238+0000] {processor.py:830} INFO - Processing file /home/airflow/.local/lib/python3.8/site-packages/airflow/example_dags/plugins/event_listener.py for tasks to queue
[2025-09-21T12:28:18.241+0000] {logging_mixin.py:188} INFO - [2025-09-21T12:28:18.241+0000] {dagbag.py:538} INFO - Filling up the DagBag from /home/airflow/.local/lib/python3.8/site-packages/airflow/example_dags/plugins/event_listener.py
[2025-09-21T12:28:18.247+0000] {processor.py:842} WARNING - No viable dags retrieved from /home/airflow/.local/lib/python3.8/site-packages/airflow/example_dags/plugins/event_listener.py
[2025-09-21T12:28:18.275+0000] {processor.py:183} INFO - Processing /home/airflow/.local/lib/python3.8/site-packages/airflow/example_dags/plugins/event_listener.py took 0.048 seconds
[2025-09-21T12:28:49.389+0000] {processor.py:161} INFO - Started process (PID=870) to work on /home/airflow/.local/lib/python3.8/site-packages/airflow/example_dags/plugins/event_listener.py
[2025-09-21T12:28:49.394+0000] {processor.py:830} INFO - Processing file /home/airflow/.local/lib/python3.8/site-packages/airflow/example_dags/plugins/event_listener.py for tasks to queue
[2025-09-21T12:28:49.403+0000] {logging_mixin.py:188} INFO - [2025-09-21T12:28:49.401+0000] {dagbag.py:538} INFO - Filling up the DagBag from /home/airflow/.local/lib/python3.8/site-packages/airflow/example_dags/plugins/event_listener.py
[2025-09-21T12:28:49.414+0000] {processor.py:842} WARNING - No viable dags retrieved from /home/airflow/.local/lib/python3.8/site-packages/airflow/example_dags/plugins/event_listener.py
[2025-09-21T12:28:49.481+0000] {processor.py:183} INFO - Processing /home/airflow/.local/lib/python3.8/site-packages/airflow/example_dags/plugins/event_listener.py took 0.107 seconds
[2025-09-21T12:29:21.733+0000] {processor.py:161} INFO - Started process (PID=928) to work on /home/airflow/.local/lib/python3.8/site-packages/airflow/example_dags/plugins/event_listener.py
[2025-09-21T12:29:21.736+0000] {processor.py:830} INFO - Processing file /home/airflow/.local/lib/python3.8/site-packages/airflow/example_dags/plugins/event_listener.py for tasks to queue
[2025-09-21T12:29:21.749+0000] {logging_mixin.py:188} INFO - [2025-09-21T12:29:21.749+0000] {dagbag.py:538} INFO - Filling up the DagBag from /home/airflow/.local/lib/python3.8/site-packages/airflow/example_dags/plugins/event_listener.py
[2025-09-21T12:29:21.756+0000] {processor.py:842} WARNING - No viable dags retrieved from /home/airflow/.local/lib/python3.8/site-packages/airflow/example_dags/plugins/event_listener.py
[2025-09-21T12:29:21.870+0000] {processor.py:183} INFO - Processing /home/airflow/.local/lib/python3.8/site-packages/airflow/example_dags/plugins/event_listener.py took 0.146 seconds
[2025-09-21T12:29:52.072+0000] {processor.py:161} INFO - Started process (PID=984) to work on /home/airflow/.local/lib/python3.8/site-packages/airflow/example_dags/plugins/event_listener.py
[2025-09-21T12:29:52.074+0000] {processor.py:830} INFO - Processing file /home/airflow/.local/lib/python3.8/site-packages/airflow/example_dags/plugins/event_listener.py for tasks to queue
[2025-09-21T12:29:52.078+0000] {logging_mixin.py:188} INFO - [2025-09-21T12:29:52.077+0000] {dagbag.py:538} INFO - Filling up the DagBag from /home/airflow/.local/lib/python3.8/site-packages/airflow/example_dags/plugins/event_listener.py
[2025-09-21T12:29:52.082+0000] {processor.py:842} WARNING - No viable dags retrieved from /home/airflow/.local/lib/python3.8/site-packages/airflow/example_dags/plugins/event_listener.py
[2025-09-21T12:29:52.107+0000] {processor.py:183} INFO - Processing /home/airflow/.local/lib/python3.8/site-packages/airflow/example_dags/plugins/event_listener.py took 0.041 seconds
[2025-09-21T12:30:23.076+0000] {processor.py:161} INFO - Started process (PID=1042) to work on /home/airflow/.local/lib/python3.8/site-packages/airflow/example_dags/plugins/event_listener.py
[2025-09-21T12:30:23.079+0000] {processor.py:830} INFO - Processing file /home/airflow/.local/lib/python3.8/site-packages/airflow/example_dags/plugins/event_listener.py for tasks to queue
[2025-09-21T12:30:23.086+0000] {logging_mixin.py:188} INFO - [2025-09-21T12:30:23.085+0000] {dagbag.py:538} INFO - Filling up the DagBag from /home/airflow/.local/lib/python3.8/site-packages/airflow/example_dags/plugins/event_listener.py
[2025-09-21T12:30:23.094+0000] {processor.py:842} WARNING - No viable dags retrieved from /home/airflow/.local/lib/python3.8/site-packages/airflow/example_dags/plugins/event_listener.py
[2025-09-21T12:30:23.127+0000] {processor.py:183} INFO - Processing /home/airflow/.local/lib/python3.8/site-packages/airflow/example_dags/plugins/event_listener.py took 0.060 seconds
[2025-09-21T12:30:53.307+0000] {processor.py:161} INFO - Started process (PID=1100) to work on /home/airflow/.local/lib/python3.8/site-packages/airflow/example_dags/plugins/event_listener.py
[2025-09-21T12:30:53.321+0000] {processor.py:830} INFO - Processing file /home/airflow/.local/lib/python3.8/site-packages/airflow/example_dags/plugins/event_listener.py for tasks to queue
[2025-09-21T12:30:53.329+0000] {logging_mixin.py:188} INFO - [2025-09-21T12:30:53.327+0000] {dagbag.py:538} INFO - Filling up the DagBag from /home/airflow/.local/lib/python3.8/site-packages/airflow/example_dags/plugins/event_listener.py
[2025-09-21T12:30:53.339+0000] {processor.py:842} WARNING - No viable dags retrieved from /home/airflow/.local/lib/python3.8/site-packages/airflow/example_dags/plugins/event_listener.py
[2025-09-21T12:30:53.372+0000] {processor.py:183} INFO - Processing /home/airflow/.local/lib/python3.8/site-packages/airflow/example_dags/plugins/event_listener.py took 0.084 seconds
[2025-09-21T12:31:24.041+0000] {processor.py:161} INFO - Started process (PID=1158) to work on /home/airflow/.local/lib/python3.8/site-packages/airflow/example_dags/plugins/event_listener.py
[2025-09-21T12:31:24.043+0000] {processor.py:830} INFO - Processing file /home/airflow/.local/lib/python3.8/site-packages/airflow/example_dags/plugins/event_listener.py for tasks to queue
[2025-09-21T12:31:24.047+0000] {logging_mixin.py:188} INFO - [2025-09-21T12:31:24.047+0000] {dagbag.py:538} INFO - Filling up the DagBag from /home/airflow/.local/lib/python3.8/site-packages/airflow/example_dags/plugins/event_listener.py
[2025-09-21T12:31:24.054+0000] {processor.py:842} WARNING - No viable dags retrieved from /home/airflow/.local/lib/python3.8/site-packages/airflow/example_dags/plugins/event_listener.py
[2025-09-21T12:31:24.100+0000] {processor.py:183} INFO - Processing /home/airflow/.local/lib/python3.8/site-packages/airflow/example_dags/plugins/event_listener.py took 0.065 seconds
[2025-09-21T12:31:54.860+0000] {processor.py:161} INFO - Started process (PID=1216) to work on /home/airflow/.local/lib/python3.8/site-packages/airflow/example_dags/plugins/event_listener.py
[2025-09-21T12:31:54.865+0000] {processor.py:830} INFO - Processing file /home/airflow/.local/lib/python3.8/site-packages/airflow/example_dags/plugins/event_listener.py for tasks to queue
[2025-09-21T12:31:54.872+0000] {logging_mixin.py:188} INFO - [2025-09-21T12:31:54.870+0000] {dagbag.py:538} INFO - Filling up the DagBag from /home/airflow/.local/lib/python3.8/site-packages/airflow/example_dags/plugins/event_listener.py
[2025-09-21T12:31:54.879+0000] {processor.py:842} WARNING - No viable dags retrieved from /home/airflow/.local/lib/python3.8/site-packages/airflow/example_dags/plugins/event_listener.py
[2025-09-21T12:31:54.919+0000] {processor.py:183} INFO - Processing /home/airflow/.local/lib/python3.8/site-packages/airflow/example_dags/plugins/event_listener.py took 0.069 seconds
[2025-09-21T12:32:25.848+0000] {processor.py:161} INFO - Started process (PID=1274) to work on /home/airflow/.local/lib/python3.8/site-packages/airflow/example_dags/plugins/event_listener.py
[2025-09-21T12:32:25.851+0000] {processor.py:830} INFO - Processing file /home/airflow/.local/lib/python3.8/site-packages/airflow/example_dags/plugins/event_listener.py for tasks to queue
[2025-09-21T12:32:25.856+0000] {logging_mixin.py:188} INFO - [2025-09-21T12:32:25.855+0000] {dagbag.py:538} INFO - Filling up the DagBag from /home/airflow/.local/lib/python3.8/site-packages/airflow/example_dags/plugins/event_listener.py
[2025-09-21T12:32:25.862+0000] {processor.py:842} WARNING - No viable dags retrieved from /home/airflow/.local/lib/python3.8/site-packages/airflow/example_dags/plugins/event_listener.py
[2025-09-21T12:32:25.900+0000] {processor.py:183} INFO - Processing /home/airflow/.local/lib/python3.8/site-packages/airflow/example_dags/plugins/event_listener.py took 0.060 seconds
[2025-09-21T12:32:56.201+0000] {processor.py:161} INFO - Started process (PID=1332) to work on /home/airflow/.local/lib/python3.8/site-packages/airflow/example_dags/plugins/event_listener.py
[2025-09-21T12:32:56.203+0000] {processor.py:830} INFO - Processing file /home/airflow/.local/lib/python3.8/site-packages/airflow/example_dags/plugins/event_listener.py for tasks to queue
[2025-09-21T12:32:56.208+0000] {logging_mixin.py:188} INFO - [2025-09-21T12:32:56.207+0000] {dagbag.py:538} INFO - Filling up the DagBag from /home/airflow/.local/lib/python3.8/site-packages/airflow/example_dags/plugins/event_listener.py
[2025-09-21T12:32:56.212+0000] {processor.py:842} WARNING - No viable dags retrieved from /home/airflow/.local/lib/python3.8/site-packages/airflow/example_dags/plugins/event_listener.py
[2025-09-21T12:32:56.243+0000] {processor.py:183} INFO - Processing /home/airflow/.local/lib/python3.8/site-packages/airflow/example_dags/plugins/event_listener.py took 0.052 seconds
[2025-09-21T12:33:26.569+0000] {processor.py:161} INFO - Started process (PID=1389) to work on /home/airflow/.local/lib/python3.8/site-packages/airflow/example_dags/plugins/event_listener.py
[2025-09-21T12:33:26.571+0000] {processor.py:830} INFO - Processing file /home/airflow/.local/lib/python3.8/site-packages/airflow/example_dags/plugins/event_listener.py for tasks to queue
[2025-09-21T12:33:26.575+0000] {logging_mixin.py:188} INFO - [2025-09-21T12:33:26.575+0000] {dagbag.py:538} INFO - Filling up the DagBag from /home/airflow/.local/lib/python3.8/site-packages/airflow/example_dags/plugins/event_listener.py
[2025-09-21T12:33:26.580+0000] {processor.py:842} WARNING - No viable dags retrieved from /home/airflow/.local/lib/python3.8/site-packages/airflow/example_dags/plugins/event_listener.py
[2025-09-21T12:33:26.604+0000] {processor.py:183} INFO - Processing /home/airflow/.local/lib/python3.8/site-packages/airflow/example_dags/plugins/event_listener.py took 0.042 seconds
[2025-09-21T12:33:57.457+0000] {processor.py:161} INFO - Started process (PID=1448) to work on /home/airflow/.local/lib/python3.8/site-packages/airflow/example_dags/plugins/event_listener.py
[2025-09-21T12:33:57.460+0000] {processor.py:830} INFO - Processing file /home/airflow/.local/lib/python3.8/site-packages/airflow/example_dags/plugins/event_listener.py for tasks to queue
[2025-09-21T12:33:57.465+0000] {logging_mixin.py:188} INFO - [2025-09-21T12:33:57.464+0000] {dagbag.py:538} INFO - Filling up the DagBag from /home/airflow/.local/lib/python3.8/site-packages/airflow/example_dags/plugins/event_listener.py
[2025-09-21T12:33:57.471+0000] {processor.py:842} WARNING - No viable dags retrieved from /home/airflow/.local/lib/python3.8/site-packages/airflow/example_dags/plugins/event_listener.py
[2025-09-21T12:33:57.505+0000] {processor.py:183} INFO - Processing /home/airflow/.local/lib/python3.8/site-packages/airflow/example_dags/plugins/event_listener.py took 0.056 seconds
[2025-09-21T12:34:28.267+0000] {processor.py:161} INFO - Started process (PID=1512) to work on /home/airflow/.local/lib/python3.8/site-packages/airflow/example_dags/plugins/event_listener.py
[2025-09-21T12:34:28.271+0000] {processor.py:830} INFO - Processing file /home/airflow/.local/lib/python3.8/site-packages/airflow/example_dags/plugins/event_listener.py for tasks to queue
[2025-09-21T12:34:28.278+0000] {logging_mixin.py:188} INFO - [2025-09-21T12:34:28.277+0000] {dagbag.py:538} INFO - Filling up the DagBag from /home/airflow/.local/lib/python3.8/site-packages/airflow/example_dags/plugins/event_listener.py
[2025-09-21T12:34:28.283+0000] {processor.py:842} WARNING - No viable dags retrieved from /home/airflow/.local/lib/python3.8/site-packages/airflow/example_dags/plugins/event_listener.py
[2025-09-21T12:34:28.309+0000] {processor.py:183} INFO - Processing /home/airflow/.local/lib/python3.8/site-packages/airflow/example_dags/plugins/event_listener.py took 0.056 seconds
[2025-09-21T12:34:59.583+0000] {processor.py:161} INFO - Started process (PID=1570) to work on /home/airflow/.local/lib/python3.8/site-packages/airflow/example_dags/plugins/event_listener.py
[2025-09-21T12:34:59.588+0000] {processor.py:830} INFO - Processing file /home/airflow/.local/lib/python3.8/site-packages/airflow/example_dags/plugins/event_listener.py for tasks to queue
[2025-09-21T12:34:59.600+0000] {logging_mixin.py:188} INFO - [2025-09-21T12:34:59.594+0000] {dagbag.py:538} INFO - Filling up the DagBag from /home/airflow/.local/lib/python3.8/site-packages/airflow/example_dags/plugins/event_listener.py
[2025-09-21T12:34:59.606+0000] {processor.py:842} WARNING - No viable dags retrieved from /home/airflow/.local/lib/python3.8/site-packages/airflow/example_dags/plugins/event_listener.py
[2025-09-21T12:34:59.655+0000] {processor.py:183} INFO - Processing /home/airflow/.local/lib/python3.8/site-packages/airflow/example_dags/plugins/event_listener.py took 0.083 seconds
[2025-09-21T12:35:29.840+0000] {processor.py:161} INFO - Started process (PID=1628) to work on /home/airflow/.local/lib/python3.8/site-packages/airflow/example_dags/plugins/event_listener.py
[2025-09-21T12:35:29.842+0000] {processor.py:830} INFO - Processing file /home/airflow/.local/lib/python3.8/site-packages/airflow/example_dags/plugins/event_listener.py for tasks to queue
[2025-09-21T12:35:29.846+0000] {logging_mixin.py:188} INFO - [2025-09-21T12:35:29.845+0000] {dagbag.py:538} INFO - Filling up the DagBag from /home/airflow/.local/lib/python3.8/site-packages/airflow/example_dags/plugins/event_listener.py
[2025-09-21T12:35:29.850+0000] {processor.py:842} WARNING - No viable dags retrieved from /home/airflow/.local/lib/python3.8/site-packages/airflow/example_dags/plugins/event_listener.py
[2025-09-21T12:35:29.878+0000] {processor.py:183} INFO - Processing /home/airflow/.local/lib/python3.8/site-packages/airflow/example_dags/plugins/event_listener.py took 0.046 seconds
[2025-09-21T12:36:01.258+0000] {processor.py:161} INFO - Started process (PID=1686) to work on /home/airflow/.local/lib/python3.8/site-packages/airflow/example_dags/plugins/event_listener.py
[2025-09-21T12:36:01.260+0000] {processor.py:830} INFO - Processing file /home/airflow/.local/lib/python3.8/site-packages/airflow/example_dags/plugins/event_listener.py for tasks to queue
[2025-09-21T12:36:01.263+0000] {logging_mixin.py:188} INFO - [2025-09-21T12:36:01.263+0000] {dagbag.py:538} INFO - Filling up the DagBag from /home/airflow/.local/lib/python3.8/site-packages/airflow/example_dags/plugins/event_listener.py
[2025-09-21T12:36:01.267+0000] {processor.py:842} WARNING - No viable dags retrieved from /home/airflow/.local/lib/python3.8/site-packages/airflow/example_dags/plugins/event_listener.py
[2025-09-21T12:36:01.290+0000] {processor.py:183} INFO - Processing /home/airflow/.local/lib/python3.8/site-packages/airflow/example_dags/plugins/event_listener.py took 0.040 seconds
[2025-09-21T12:36:32.218+0000] {processor.py:161} INFO - Started process (PID=1744) to work on /home/airflow/.local/lib/python3.8/site-packages/airflow/example_dags/plugins/event_listener.py
[2025-09-21T12:36:32.220+0000] {processor.py:830} INFO - Processing file /home/airflow/.local/lib/python3.8/site-packages/airflow/example_dags/plugins/event_listener.py for tasks to queue
[2025-09-21T12:36:32.234+0000] {logging_mixin.py:188} INFO - [2025-09-21T12:36:32.233+0000] {dagbag.py:538} INFO - Filling up the DagBag from /home/airflow/.local/lib/python3.8/site-packages/airflow/example_dags/plugins/event_listener.py
[2025-09-21T12:36:32.246+0000] {processor.py:842} WARNING - No viable dags retrieved from /home/airflow/.local/lib/python3.8/site-packages/airflow/example_dags/plugins/event_listener.py
[2025-09-21T12:36:32.291+0000] {processor.py:183} INFO - Processing /home/airflow/.local/lib/python3.8/site-packages/airflow/example_dags/plugins/event_listener.py took 0.092 seconds
[2025-09-21T12:37:02.832+0000] {processor.py:161} INFO - Started process (PID=1802) to work on /home/airflow/.local/lib/python3.8/site-packages/airflow/example_dags/plugins/event_listener.py
[2025-09-21T12:37:02.833+0000] {processor.py:830} INFO - Processing file /home/airflow/.local/lib/python3.8/site-packages/airflow/example_dags/plugins/event_listener.py for tasks to queue
[2025-09-21T12:37:02.839+0000] {logging_mixin.py:188} INFO - [2025-09-21T12:37:02.838+0000] {dagbag.py:538} INFO - Filling up the DagBag from /home/airflow/.local/lib/python3.8/site-packages/airflow/example_dags/plugins/event_listener.py
[2025-09-21T12:37:02.844+0000] {processor.py:842} WARNING - No viable dags retrieved from /home/airflow/.local/lib/python3.8/site-packages/airflow/example_dags/plugins/event_listener.py
[2025-09-21T12:37:02.872+0000] {processor.py:183} INFO - Processing /home/airflow/.local/lib/python3.8/site-packages/airflow/example_dags/plugins/event_listener.py took 0.047 seconds
[2025-09-21T12:37:33.547+0000] {processor.py:161} INFO - Started process (PID=1860) to work on /home/airflow/.local/lib/python3.8/site-packages/airflow/example_dags/plugins/event_listener.py
[2025-09-21T12:37:33.549+0000] {processor.py:830} INFO - Processing file /home/airflow/.local/lib/python3.8/site-packages/airflow/example_dags/plugins/event_listener.py for tasks to queue
[2025-09-21T12:37:33.552+0000] {logging_mixin.py:188} INFO - [2025-09-21T12:37:33.552+0000] {dagbag.py:538} INFO - Filling up the DagBag from /home/airflow/.local/lib/python3.8/site-packages/airflow/example_dags/plugins/event_listener.py
[2025-09-21T12:37:33.557+0000] {processor.py:842} WARNING - No viable dags retrieved from /home/airflow/.local/lib/python3.8/site-packages/airflow/example_dags/plugins/event_listener.py
[2025-09-21T12:37:33.586+0000] {processor.py:183} INFO - Processing /home/airflow/.local/lib/python3.8/site-packages/airflow/example_dags/plugins/event_listener.py took 0.044 seconds
[2025-09-21T12:38:05.022+0000] {processor.py:161} INFO - Started process (PID=1918) to work on /home/airflow/.local/lib/python3.8/site-packages/airflow/example_dags/plugins/event_listener.py
[2025-09-21T12:38:05.025+0000] {processor.py:830} INFO - Processing file /home/airflow/.local/lib/python3.8/site-packages/airflow/example_dags/plugins/event_listener.py for tasks to queue
[2025-09-21T12:38:05.030+0000] {logging_mixin.py:188} INFO - [2025-09-21T12:38:05.029+0000] {dagbag.py:538} INFO - Filling up the DagBag from /home/airflow/.local/lib/python3.8/site-packages/airflow/example_dags/plugins/event_listener.py
[2025-09-21T12:38:05.034+0000] {processor.py:842} WARNING - No viable dags retrieved from /home/airflow/.local/lib/python3.8/site-packages/airflow/example_dags/plugins/event_listener.py
[2025-09-21T12:38:05.060+0000] {processor.py:183} INFO - Processing /home/airflow/.local/lib/python3.8/site-packages/airflow/example_dags/plugins/event_listener.py took 0.048 seconds
[2025-09-21T12:38:36.068+0000] {processor.py:161} INFO - Started process (PID=1977) to work on /home/airflow/.local/lib/python3.8/site-packages/airflow/example_dags/plugins/event_listener.py
[2025-09-21T12:38:36.070+0000] {processor.py:830} INFO - Processing file /home/airflow/.local/lib/python3.8/site-packages/airflow/example_dags/plugins/event_listener.py for tasks to queue
[2025-09-21T12:38:36.075+0000] {logging_mixin.py:188} INFO - [2025-09-21T12:38:36.074+0000] {dagbag.py:538} INFO - Filling up the DagBag from /home/airflow/.local/lib/python3.8/site-packages/airflow/example_dags/plugins/event_listener.py
[2025-09-21T12:38:36.080+0000] {processor.py:842} WARNING - No viable dags retrieved from /home/airflow/.local/lib/python3.8/site-packages/airflow/example_dags/plugins/event_listener.py
[2025-09-21T12:38:36.109+0000] {processor.py:183} INFO - Processing /home/airflow/.local/lib/python3.8/site-packages/airflow/example_dags/plugins/event_listener.py took 0.049 seconds
[2025-09-21T12:39:06.463+0000] {processor.py:161} INFO - Started process (PID=2035) to work on /home/airflow/.local/lib/python3.8/site-packages/airflow/example_dags/plugins/event_listener.py
[2025-09-21T12:39:06.466+0000] {processor.py:830} INFO - Processing file /home/airflow/.local/lib/python3.8/site-packages/airflow/example_dags/plugins/event_listener.py for tasks to queue
[2025-09-21T12:39:06.473+0000] {logging_mixin.py:188} INFO - [2025-09-21T12:39:06.472+0000] {dagbag.py:538} INFO - Filling up the DagBag from /home/airflow/.local/lib/python3.8/site-packages/airflow/example_dags/plugins/event_listener.py
[2025-09-21T12:39:06.479+0000] {processor.py:842} WARNING - No viable dags retrieved from /home/airflow/.local/lib/python3.8/site-packages/airflow/example_dags/plugins/event_listener.py
[2025-09-21T12:39:06.520+0000] {processor.py:183} INFO - Processing /home/airflow/.local/lib/python3.8/site-packages/airflow/example_dags/plugins/event_listener.py took 0.065 seconds
[2025-09-21T12:39:36.968+0000] {processor.py:161} INFO - Started process (PID=2092) to work on /home/airflow/.local/lib/python3.8/site-packages/airflow/example_dags/plugins/event_listener.py
[2025-09-21T12:39:36.972+0000] {processor.py:830} INFO - Processing file /home/airflow/.local/lib/python3.8/site-packages/airflow/example_dags/plugins/event_listener.py for tasks to queue
[2025-09-21T12:39:36.980+0000] {logging_mixin.py:188} INFO - [2025-09-21T12:39:36.979+0000] {dagbag.py:538} INFO - Filling up the DagBag from /home/airflow/.local/lib/python3.8/site-packages/airflow/example_dags/plugins/event_listener.py
[2025-09-21T12:39:36.985+0000] {processor.py:842} WARNING - No viable dags retrieved from /home/airflow/.local/lib/python3.8/site-packages/airflow/example_dags/plugins/event_listener.py
[2025-09-21T12:39:37.019+0000] {processor.py:183} INFO - Processing /home/airflow/.local/lib/python3.8/site-packages/airflow/example_dags/plugins/event_listener.py took 0.059 seconds
[2025-09-21T12:40:08.076+0000] {processor.py:161} INFO - Started process (PID=2150) to work on /home/airflow/.local/lib/python3.8/site-packages/airflow/example_dags/plugins/event_listener.py
[2025-09-21T12:40:08.079+0000] {processor.py:830} INFO - Processing file /home/airflow/.local/lib/python3.8/site-packages/airflow/example_dags/plugins/event_listener.py for tasks to queue
[2025-09-21T12:40:08.083+0000] {logging_mixin.py:188} INFO - [2025-09-21T12:40:08.083+0000] {dagbag.py:538} INFO - Filling up the DagBag from /home/airflow/.local/lib/python3.8/site-packages/airflow/example_dags/plugins/event_listener.py
[2025-09-21T12:40:08.092+0000] {processor.py:842} WARNING - No viable dags retrieved from /home/airflow/.local/lib/python3.8/site-packages/airflow/example_dags/plugins/event_listener.py
[2025-09-21T12:40:08.137+0000] {processor.py:183} INFO - Processing /home/airflow/.local/lib/python3.8/site-packages/airflow/example_dags/plugins/event_listener.py took 0.069 seconds
[2025-09-21T12:40:38.657+0000] {processor.py:161} INFO - Started process (PID=2208) to work on /home/airflow/.local/lib/python3.8/site-packages/airflow/example_dags/plugins/event_listener.py
[2025-09-21T12:40:38.659+0000] {processor.py:830} INFO - Processing file /home/airflow/.local/lib/python3.8/site-packages/airflow/example_dags/plugins/event_listener.py for tasks to queue
[2025-09-21T12:40:38.665+0000] {logging_mixin.py:188} INFO - [2025-09-21T12:40:38.663+0000] {dagbag.py:538} INFO - Filling up the DagBag from /home/airflow/.local/lib/python3.8/site-packages/airflow/example_dags/plugins/event_listener.py
[2025-09-21T12:40:38.669+0000] {processor.py:842} WARNING - No viable dags retrieved from /home/airflow/.local/lib/python3.8/site-packages/airflow/example_dags/plugins/event_listener.py
[2025-09-21T12:40:38.696+0000] {processor.py:183} INFO - Processing /home/airflow/.local/lib/python3.8/site-packages/airflow/example_dags/plugins/event_listener.py took 0.051 seconds
[2025-09-21T12:41:10.180+0000] {processor.py:161} INFO - Started process (PID=2266) to work on /home/airflow/.local/lib/python3.8/site-packages/airflow/example_dags/plugins/event_listener.py
[2025-09-21T12:41:10.184+0000] {processor.py:830} INFO - Processing file /home/airflow/.local/lib/python3.8/site-packages/airflow/example_dags/plugins/event_listener.py for tasks to queue
[2025-09-21T12:41:10.191+0000] {logging_mixin.py:188} INFO - [2025-09-21T12:41:10.190+0000] {dagbag.py:538} INFO - Filling up the DagBag from /home/airflow/.local/lib/python3.8/site-packages/airflow/example_dags/plugins/event_listener.py
[2025-09-21T12:41:10.202+0000] {processor.py:842} WARNING - No viable dags retrieved from /home/airflow/.local/lib/python3.8/site-packages/airflow/example_dags/plugins/event_listener.py
[2025-09-21T12:41:10.258+0000] {processor.py:183} INFO - Processing /home/airflow/.local/lib/python3.8/site-packages/airflow/example_dags/plugins/event_listener.py took 0.090 seconds
[2025-09-21T12:41:40.554+0000] {processor.py:161} INFO - Started process (PID=2324) to work on /home/airflow/.local/lib/python3.8/site-packages/airflow/example_dags/plugins/event_listener.py
[2025-09-21T12:41:40.557+0000] {processor.py:830} INFO - Processing file /home/airflow/.local/lib/python3.8/site-packages/airflow/example_dags/plugins/event_listener.py for tasks to queue
[2025-09-21T12:41:40.560+0000] {logging_mixin.py:188} INFO - [2025-09-21T12:41:40.560+0000] {dagbag.py:538} INFO - Filling up the DagBag from /home/airflow/.local/lib/python3.8/site-packages/airflow/example_dags/plugins/event_listener.py
[2025-09-21T12:41:40.565+0000] {processor.py:842} WARNING - No viable dags retrieved from /home/airflow/.local/lib/python3.8/site-packages/airflow/example_dags/plugins/event_listener.py
[2025-09-21T12:41:40.590+0000] {processor.py:183} INFO - Processing /home/airflow/.local/lib/python3.8/site-packages/airflow/example_dags/plugins/event_listener.py took 0.042 seconds
[2025-09-21T12:42:11.298+0000] {processor.py:161} INFO - Started process (PID=2382) to work on /home/airflow/.local/lib/python3.8/site-packages/airflow/example_dags/plugins/event_listener.py
[2025-09-21T12:42:11.302+0000] {processor.py:830} INFO - Processing file /home/airflow/.local/lib/python3.8/site-packages/airflow/example_dags/plugins/event_listener.py for tasks to queue
[2025-09-21T12:42:11.312+0000] {logging_mixin.py:188} INFO - [2025-09-21T12:42:11.311+0000] {dagbag.py:538} INFO - Filling up the DagBag from /home/airflow/.local/lib/python3.8/site-packages/airflow/example_dags/plugins/event_listener.py
[2025-09-21T12:42:11.325+0000] {processor.py:842} WARNING - No viable dags retrieved from /home/airflow/.local/lib/python3.8/site-packages/airflow/example_dags/plugins/event_listener.py
[2025-09-21T12:42:11.396+0000] {processor.py:183} INFO - Processing /home/airflow/.local/lib/python3.8/site-packages/airflow/example_dags/plugins/event_listener.py took 0.115 seconds
[2025-09-21T12:42:41.721+0000] {processor.py:161} INFO - Started process (PID=2440) to work on /home/airflow/.local/lib/python3.8/site-packages/airflow/example_dags/plugins/event_listener.py
[2025-09-21T12:42:41.724+0000] {processor.py:830} INFO - Processing file /home/airflow/.local/lib/python3.8/site-packages/airflow/example_dags/plugins/event_listener.py for tasks to queue
[2025-09-21T12:42:41.728+0000] {logging_mixin.py:188} INFO - [2025-09-21T12:42:41.727+0000] {dagbag.py:538} INFO - Filling up the DagBag from /home/airflow/.local/lib/python3.8/site-packages/airflow/example_dags/plugins/event_listener.py
[2025-09-21T12:42:41.732+0000] {processor.py:842} WARNING - No viable dags retrieved from /home/airflow/.local/lib/python3.8/site-packages/airflow/example_dags/plugins/event_listener.py
[2025-09-21T12:42:41.759+0000] {processor.py:183} INFO - Processing /home/airflow/.local/lib/python3.8/site-packages/airflow/example_dags/plugins/event_listener.py took 0.045 seconds
[2025-09-21T12:43:12.692+0000] {processor.py:161} INFO - Started process (PID=2498) to work on /home/airflow/.local/lib/python3.8/site-packages/airflow/example_dags/plugins/event_listener.py
[2025-09-21T12:43:12.694+0000] {processor.py:830} INFO - Processing file /home/airflow/.local/lib/python3.8/site-packages/airflow/example_dags/plugins/event_listener.py for tasks to queue
[2025-09-21T12:43:12.699+0000] {logging_mixin.py:188} INFO - [2025-09-21T12:43:12.698+0000] {dagbag.py:538} INFO - Filling up the DagBag from /home/airflow/.local/lib/python3.8/site-packages/airflow/example_dags/plugins/event_listener.py
[2025-09-21T12:43:12.704+0000] {processor.py:842} WARNING - No viable dags retrieved from /home/airflow/.local/lib/python3.8/site-packages/airflow/example_dags/plugins/event_listener.py
[2025-09-21T12:43:12.733+0000] {processor.py:183} INFO - Processing /home/airflow/.local/lib/python3.8/site-packages/airflow/example_dags/plugins/event_listener.py took 0.049 seconds
[2025-09-21T12:43:45.250+0000] {processor.py:161} INFO - Started process (PID=2556) to work on /home/airflow/.local/lib/python3.8/site-packages/airflow/example_dags/plugins/event_listener.py
[2025-09-21T12:43:45.253+0000] {processor.py:830} INFO - Processing file /home/airflow/.local/lib/python3.8/site-packages/airflow/example_dags/plugins/event_listener.py for tasks to queue
[2025-09-21T12:43:45.256+0000] {logging_mixin.py:188} INFO - [2025-09-21T12:43:45.256+0000] {dagbag.py:538} INFO - Filling up the DagBag from /home/airflow/.local/lib/python3.8/site-packages/airflow/example_dags/plugins/event_listener.py
[2025-09-21T12:43:45.261+0000] {processor.py:842} WARNING - No viable dags retrieved from /home/airflow/.local/lib/python3.8/site-packages/airflow/example_dags/plugins/event_listener.py
[2025-09-21T12:43:45.290+0000] {processor.py:183} INFO - Processing /home/airflow/.local/lib/python3.8/site-packages/airflow/example_dags/plugins/event_listener.py took 0.045 seconds
[2025-09-21T12:44:15.824+0000] {processor.py:161} INFO - Started process (PID=2614) to work on /home/airflow/.local/lib/python3.8/site-packages/airflow/example_dags/plugins/event_listener.py
[2025-09-21T12:44:15.826+0000] {processor.py:830} INFO - Processing file /home/airflow/.local/lib/python3.8/site-packages/airflow/example_dags/plugins/event_listener.py for tasks to queue
[2025-09-21T12:44:15.830+0000] {logging_mixin.py:188} INFO - [2025-09-21T12:44:15.829+0000] {dagbag.py:538} INFO - Filling up the DagBag from /home/airflow/.local/lib/python3.8/site-packages/airflow/example_dags/plugins/event_listener.py
[2025-09-21T12:44:15.834+0000] {processor.py:842} WARNING - No viable dags retrieved from /home/airflow/.local/lib/python3.8/site-packages/airflow/example_dags/plugins/event_listener.py
[2025-09-21T12:44:15.859+0000] {processor.py:183} INFO - Processing /home/airflow/.local/lib/python3.8/site-packages/airflow/example_dags/plugins/event_listener.py took 0.043 seconds
[2025-09-21T12:44:47.107+0000] {processor.py:161} INFO - Started process (PID=2672) to work on /home/airflow/.local/lib/python3.8/site-packages/airflow/example_dags/plugins/event_listener.py
[2025-09-21T12:44:47.109+0000] {processor.py:830} INFO - Processing file /home/airflow/.local/lib/python3.8/site-packages/airflow/example_dags/plugins/event_listener.py for tasks to queue
[2025-09-21T12:44:47.112+0000] {logging_mixin.py:188} INFO - [2025-09-21T12:44:47.112+0000] {dagbag.py:538} INFO - Filling up the DagBag from /home/airflow/.local/lib/python3.8/site-packages/airflow/example_dags/plugins/event_listener.py
[2025-09-21T12:44:47.117+0000] {processor.py:842} WARNING - No viable dags retrieved from /home/airflow/.local/lib/python3.8/site-packages/airflow/example_dags/plugins/event_listener.py
[2025-09-21T12:44:47.142+0000] {processor.py:183} INFO - Processing /home/airflow/.local/lib/python3.8/site-packages/airflow/example_dags/plugins/event_listener.py took 0.042 seconds
[2025-09-21T12:45:18.765+0000] {processor.py:161} INFO - Started process (PID=2730) to work on /home/airflow/.local/lib/python3.8/site-packages/airflow/example_dags/plugins/event_listener.py
[2025-09-21T12:45:18.767+0000] {processor.py:830} INFO - Processing file /home/airflow/.local/lib/python3.8/site-packages/airflow/example_dags/plugins/event_listener.py for tasks to queue
[2025-09-21T12:45:18.770+0000] {logging_mixin.py:188} INFO - [2025-09-21T12:45:18.770+0000] {dagbag.py:538} INFO - Filling up the DagBag from /home/airflow/.local/lib/python3.8/site-packages/airflow/example_dags/plugins/event_listener.py
[2025-09-21T12:45:18.775+0000] {processor.py:842} WARNING - No viable dags retrieved from /home/airflow/.local/lib/python3.8/site-packages/airflow/example_dags/plugins/event_listener.py
[2025-09-21T12:45:18.799+0000] {processor.py:183} INFO - Processing /home/airflow/.local/lib/python3.8/site-packages/airflow/example_dags/plugins/event_listener.py took 0.039 seconds
[2025-09-21T12:45:50.400+0000] {processor.py:161} INFO - Started process (PID=2788) to work on /home/airflow/.local/lib/python3.8/site-packages/airflow/example_dags/plugins/event_listener.py
[2025-09-21T12:45:50.403+0000] {processor.py:830} INFO - Processing file /home/airflow/.local/lib/python3.8/site-packages/airflow/example_dags/plugins/event_listener.py for tasks to queue
[2025-09-21T12:45:50.409+0000] {logging_mixin.py:188} INFO - [2025-09-21T12:45:50.408+0000] {dagbag.py:538} INFO - Filling up the DagBag from /home/airflow/.local/lib/python3.8/site-packages/airflow/example_dags/plugins/event_listener.py
[2025-09-21T12:45:50.416+0000] {processor.py:842} WARNING - No viable dags retrieved from /home/airflow/.local/lib/python3.8/site-packages/airflow/example_dags/plugins/event_listener.py
[2025-09-21T12:45:50.461+0000] {processor.py:183} INFO - Processing /home/airflow/.local/lib/python3.8/site-packages/airflow/example_dags/plugins/event_listener.py took 0.071 seconds
[2025-09-21T12:46:20.605+0000] {processor.py:161} INFO - Started process (PID=2845) to work on /home/airflow/.local/lib/python3.8/site-packages/airflow/example_dags/plugins/event_listener.py
[2025-09-21T12:46:20.609+0000] {processor.py:830} INFO - Processing file /home/airflow/.local/lib/python3.8/site-packages/airflow/example_dags/plugins/event_listener.py for tasks to queue
[2025-09-21T12:46:20.614+0000] {logging_mixin.py:188} INFO - [2025-09-21T12:46:20.614+0000] {dagbag.py:538} INFO - Filling up the DagBag from /home/airflow/.local/lib/python3.8/site-packages/airflow/example_dags/plugins/event_listener.py
[2025-09-21T12:46:20.622+0000] {processor.py:842} WARNING - No viable dags retrieved from /home/airflow/.local/lib/python3.8/site-packages/airflow/example_dags/plugins/event_listener.py
[2025-09-21T12:46:20.662+0000] {processor.py:183} INFO - Processing /home/airflow/.local/lib/python3.8/site-packages/airflow/example_dags/plugins/event_listener.py took 0.069 seconds
[2025-09-21T12:46:54.135+0000] {processor.py:161} INFO - Started process (PID=2903) to work on /home/airflow/.local/lib/python3.8/site-packages/airflow/example_dags/plugins/event_listener.py
[2025-09-21T12:46:54.137+0000] {processor.py:830} INFO - Processing file /home/airflow/.local/lib/python3.8/site-packages/airflow/example_dags/plugins/event_listener.py for tasks to queue
[2025-09-21T12:46:54.141+0000] {logging_mixin.py:188} INFO - [2025-09-21T12:46:54.141+0000] {dagbag.py:538} INFO - Filling up the DagBag from /home/airflow/.local/lib/python3.8/site-packages/airflow/example_dags/plugins/event_listener.py
[2025-09-21T12:46:54.146+0000] {processor.py:842} WARNING - No viable dags retrieved from /home/airflow/.local/lib/python3.8/site-packages/airflow/example_dags/plugins/event_listener.py
[2025-09-21T12:46:54.170+0000] {processor.py:183} INFO - Processing /home/airflow/.local/lib/python3.8/site-packages/airflow/example_dags/plugins/event_listener.py took 0.041 seconds
[2025-09-21T12:47:24.875+0000] {processor.py:161} INFO - Started process (PID=2961) to work on /home/airflow/.local/lib/python3.8/site-packages/airflow/example_dags/plugins/event_listener.py
[2025-09-21T12:47:24.879+0000] {processor.py:830} INFO - Processing file /home/airflow/.local/lib/python3.8/site-packages/airflow/example_dags/plugins/event_listener.py for tasks to queue
[2025-09-21T12:47:24.888+0000] {logging_mixin.py:188} INFO - [2025-09-21T12:47:24.887+0000] {dagbag.py:538} INFO - Filling up the DagBag from /home/airflow/.local/lib/python3.8/site-packages/airflow/example_dags/plugins/event_listener.py
[2025-09-21T12:47:24.900+0000] {processor.py:842} WARNING - No viable dags retrieved from /home/airflow/.local/lib/python3.8/site-packages/airflow/example_dags/plugins/event_listener.py
[2025-09-21T12:47:24.964+0000] {processor.py:183} INFO - Processing /home/airflow/.local/lib/python3.8/site-packages/airflow/example_dags/plugins/event_listener.py took 0.102 seconds
[2025-09-21T12:47:56.337+0000] {processor.py:161} INFO - Started process (PID=3021) to work on /home/airflow/.local/lib/python3.8/site-packages/airflow/example_dags/plugins/event_listener.py
[2025-09-21T12:47:56.341+0000] {processor.py:830} INFO - Processing file /home/airflow/.local/lib/python3.8/site-packages/airflow/example_dags/plugins/event_listener.py for tasks to queue
[2025-09-21T12:47:56.346+0000] {logging_mixin.py:188} INFO - [2025-09-21T12:47:56.345+0000] {dagbag.py:538} INFO - Filling up the DagBag from /home/airflow/.local/lib/python3.8/site-packages/airflow/example_dags/plugins/event_listener.py
[2025-09-21T12:47:56.354+0000] {processor.py:842} WARNING - No viable dags retrieved from /home/airflow/.local/lib/python3.8/site-packages/airflow/example_dags/plugins/event_listener.py
[2025-09-21T12:47:56.389+0000] {processor.py:183} INFO - Processing /home/airflow/.local/lib/python3.8/site-packages/airflow/example_dags/plugins/event_listener.py took 0.060 seconds
[2025-09-21T12:48:26.779+0000] {processor.py:161} INFO - Started process (PID=3079) to work on /home/airflow/.local/lib/python3.8/site-packages/airflow/example_dags/plugins/event_listener.py
[2025-09-21T12:48:26.782+0000] {processor.py:830} INFO - Processing file /home/airflow/.local/lib/python3.8/site-packages/airflow/example_dags/plugins/event_listener.py for tasks to queue
[2025-09-21T12:48:26.788+0000] {logging_mixin.py:188} INFO - [2025-09-21T12:48:26.787+0000] {dagbag.py:538} INFO - Filling up the DagBag from /home/airflow/.local/lib/python3.8/site-packages/airflow/example_dags/plugins/event_listener.py
[2025-09-21T12:48:26.795+0000] {processor.py:842} WARNING - No viable dags retrieved from /home/airflow/.local/lib/python3.8/site-packages/airflow/example_dags/plugins/event_listener.py
[2025-09-21T12:48:26.837+0000] {processor.py:183} INFO - Processing /home/airflow/.local/lib/python3.8/site-packages/airflow/example_dags/plugins/event_listener.py took 0.069 seconds
[2025-09-21T12:48:56.948+0000] {processor.py:161} INFO - Started process (PID=3137) to work on /home/airflow/.local/lib/python3.8/site-packages/airflow/example_dags/plugins/event_listener.py
[2025-09-21T12:48:56.950+0000] {processor.py:830} INFO - Processing file /home/airflow/.local/lib/python3.8/site-packages/airflow/example_dags/plugins/event_listener.py for tasks to queue
[2025-09-21T12:48:56.955+0000] {logging_mixin.py:188} INFO - [2025-09-21T12:48:56.954+0000] {dagbag.py:538} INFO - Filling up the DagBag from /home/airflow/.local/lib/python3.8/site-packages/airflow/example_dags/plugins/event_listener.py
[2025-09-21T12:48:56.959+0000] {processor.py:842} WARNING - No viable dags retrieved from /home/airflow/.local/lib/python3.8/site-packages/airflow/example_dags/plugins/event_listener.py
[2025-09-21T12:48:56.989+0000] {processor.py:183} INFO - Processing /home/airflow/.local/lib/python3.8/site-packages/airflow/example_dags/plugins/event_listener.py took 0.049 seconds
[2025-09-21T12:49:28.273+0000] {processor.py:161} INFO - Started process (PID=3195) to work on /home/airflow/.local/lib/python3.8/site-packages/airflow/example_dags/plugins/event_listener.py
[2025-09-21T12:49:28.276+0000] {processor.py:830} INFO - Processing file /home/airflow/.local/lib/python3.8/site-packages/airflow/example_dags/plugins/event_listener.py for tasks to queue
[2025-09-21T12:49:28.280+0000] {logging_mixin.py:188} INFO - [2025-09-21T12:49:28.280+0000] {dagbag.py:538} INFO - Filling up the DagBag from /home/airflow/.local/lib/python3.8/site-packages/airflow/example_dags/plugins/event_listener.py
[2025-09-21T12:49:28.285+0000] {processor.py:842} WARNING - No viable dags retrieved from /home/airflow/.local/lib/python3.8/site-packages/airflow/example_dags/plugins/event_listener.py
[2025-09-21T12:49:28.310+0000] {processor.py:183} INFO - Processing /home/airflow/.local/lib/python3.8/site-packages/airflow/example_dags/plugins/event_listener.py took 0.045 seconds
[2025-09-21T12:49:58.933+0000] {processor.py:161} INFO - Started process (PID=3254) to work on /home/airflow/.local/lib/python3.8/site-packages/airflow/example_dags/plugins/event_listener.py
[2025-09-21T12:49:58.937+0000] {processor.py:830} INFO - Processing file /home/airflow/.local/lib/python3.8/site-packages/airflow/example_dags/plugins/event_listener.py for tasks to queue
[2025-09-21T12:49:58.944+0000] {logging_mixin.py:188} INFO - [2025-09-21T12:49:58.943+0000] {dagbag.py:538} INFO - Filling up the DagBag from /home/airflow/.local/lib/python3.8/site-packages/airflow/example_dags/plugins/event_listener.py
[2025-09-21T12:49:58.952+0000] {processor.py:842} WARNING - No viable dags retrieved from /home/airflow/.local/lib/python3.8/site-packages/airflow/example_dags/plugins/event_listener.py
[2025-09-21T12:49:58.991+0000] {processor.py:183} INFO - Processing /home/airflow/.local/lib/python3.8/site-packages/airflow/example_dags/plugins/event_listener.py took 0.066 seconds
[2025-09-21T15:01:38.869+0000] {processor.py:161} INFO - Started process (PID=122) to work on /home/airflow/.local/lib/python3.8/site-packages/airflow/example_dags/plugins/event_listener.py
[2025-09-21T15:01:38.872+0000] {processor.py:830} INFO - Processing file /home/airflow/.local/lib/python3.8/site-packages/airflow/example_dags/plugins/event_listener.py for tasks to queue
[2025-09-21T15:01:38.876+0000] {logging_mixin.py:188} INFO - [2025-09-21T15:01:38.875+0000] {dagbag.py:538} INFO - Filling up the DagBag from /home/airflow/.local/lib/python3.8/site-packages/airflow/example_dags/plugins/event_listener.py
[2025-09-21T15:01:38.883+0000] {processor.py:842} WARNING - No viable dags retrieved from /home/airflow/.local/lib/python3.8/site-packages/airflow/example_dags/plugins/event_listener.py
[2025-09-21T15:01:38.910+0000] {processor.py:183} INFO - Processing /home/airflow/.local/lib/python3.8/site-packages/airflow/example_dags/plugins/event_listener.py took 0.048 seconds
[2025-09-21T15:02:09.388+0000] {processor.py:161} INFO - Started process (PID=180) to work on /home/airflow/.local/lib/python3.8/site-packages/airflow/example_dags/plugins/event_listener.py
[2025-09-21T15:02:09.390+0000] {processor.py:830} INFO - Processing file /home/airflow/.local/lib/python3.8/site-packages/airflow/example_dags/plugins/event_listener.py for tasks to queue
[2025-09-21T15:02:09.395+0000] {logging_mixin.py:188} INFO - [2025-09-21T15:02:09.394+0000] {dagbag.py:538} INFO - Filling up the DagBag from /home/airflow/.local/lib/python3.8/site-packages/airflow/example_dags/plugins/event_listener.py
[2025-09-21T15:02:09.399+0000] {processor.py:842} WARNING - No viable dags retrieved from /home/airflow/.local/lib/python3.8/site-packages/airflow/example_dags/plugins/event_listener.py
[2025-09-21T15:02:09.423+0000] {processor.py:183} INFO - Processing /home/airflow/.local/lib/python3.8/site-packages/airflow/example_dags/plugins/event_listener.py took 0.042 seconds
[2025-09-21T15:02:39.901+0000] {processor.py:161} INFO - Started process (PID=238) to work on /home/airflow/.local/lib/python3.8/site-packages/airflow/example_dags/plugins/event_listener.py
[2025-09-21T15:02:39.903+0000] {processor.py:830} INFO - Processing file /home/airflow/.local/lib/python3.8/site-packages/airflow/example_dags/plugins/event_listener.py for tasks to queue
[2025-09-21T15:02:39.906+0000] {logging_mixin.py:188} INFO - [2025-09-21T15:02:39.905+0000] {dagbag.py:538} INFO - Filling up the DagBag from /home/airflow/.local/lib/python3.8/site-packages/airflow/example_dags/plugins/event_listener.py
[2025-09-21T15:02:39.910+0000] {processor.py:842} WARNING - No viable dags retrieved from /home/airflow/.local/lib/python3.8/site-packages/airflow/example_dags/plugins/event_listener.py
[2025-09-21T15:02:39.932+0000] {processor.py:183} INFO - Processing /home/airflow/.local/lib/python3.8/site-packages/airflow/example_dags/plugins/event_listener.py took 0.037 seconds
[2025-09-21T15:03:10.484+0000] {processor.py:161} INFO - Started process (PID=296) to work on /home/airflow/.local/lib/python3.8/site-packages/airflow/example_dags/plugins/event_listener.py
[2025-09-21T15:03:10.487+0000] {processor.py:830} INFO - Processing file /home/airflow/.local/lib/python3.8/site-packages/airflow/example_dags/plugins/event_listener.py for tasks to queue
[2025-09-21T15:03:10.491+0000] {logging_mixin.py:188} INFO - [2025-09-21T15:03:10.490+0000] {dagbag.py:538} INFO - Filling up the DagBag from /home/airflow/.local/lib/python3.8/site-packages/airflow/example_dags/plugins/event_listener.py
[2025-09-21T15:03:10.497+0000] {processor.py:842} WARNING - No viable dags retrieved from /home/airflow/.local/lib/python3.8/site-packages/airflow/example_dags/plugins/event_listener.py
[2025-09-21T15:03:10.530+0000] {processor.py:183} INFO - Processing /home/airflow/.local/lib/python3.8/site-packages/airflow/example_dags/plugins/event_listener.py took 0.053 seconds
[2025-09-21T15:03:40.858+0000] {processor.py:161} INFO - Started process (PID=354) to work on /home/airflow/.local/lib/python3.8/site-packages/airflow/example_dags/plugins/event_listener.py
[2025-09-21T15:03:40.860+0000] {processor.py:830} INFO - Processing file /home/airflow/.local/lib/python3.8/site-packages/airflow/example_dags/plugins/event_listener.py for tasks to queue
[2025-09-21T15:03:40.865+0000] {logging_mixin.py:188} INFO - [2025-09-21T15:03:40.864+0000] {dagbag.py:538} INFO - Filling up the DagBag from /home/airflow/.local/lib/python3.8/site-packages/airflow/example_dags/plugins/event_listener.py
[2025-09-21T15:03:40.869+0000] {processor.py:842} WARNING - No viable dags retrieved from /home/airflow/.local/lib/python3.8/site-packages/airflow/example_dags/plugins/event_listener.py
[2025-09-21T15:03:40.894+0000] {processor.py:183} INFO - Processing /home/airflow/.local/lib/python3.8/site-packages/airflow/example_dags/plugins/event_listener.py took 0.042 seconds
[2025-09-21T15:04:11.599+0000] {processor.py:161} INFO - Started process (PID=412) to work on /home/airflow/.local/lib/python3.8/site-packages/airflow/example_dags/plugins/event_listener.py
[2025-09-21T15:04:11.601+0000] {processor.py:830} INFO - Processing file /home/airflow/.local/lib/python3.8/site-packages/airflow/example_dags/plugins/event_listener.py for tasks to queue
[2025-09-21T15:04:11.604+0000] {logging_mixin.py:188} INFO - [2025-09-21T15:04:11.604+0000] {dagbag.py:538} INFO - Filling up the DagBag from /home/airflow/.local/lib/python3.8/site-packages/airflow/example_dags/plugins/event_listener.py
[2025-09-21T15:04:11.608+0000] {processor.py:842} WARNING - No viable dags retrieved from /home/airflow/.local/lib/python3.8/site-packages/airflow/example_dags/plugins/event_listener.py
[2025-09-21T15:04:11.632+0000] {processor.py:183} INFO - Processing /home/airflow/.local/lib/python3.8/site-packages/airflow/example_dags/plugins/event_listener.py took 0.038 seconds
[2025-09-21T15:04:42.610+0000] {processor.py:161} INFO - Started process (PID=470) to work on /home/airflow/.local/lib/python3.8/site-packages/airflow/example_dags/plugins/event_listener.py
[2025-09-21T15:04:42.612+0000] {processor.py:830} INFO - Processing file /home/airflow/.local/lib/python3.8/site-packages/airflow/example_dags/plugins/event_listener.py for tasks to queue
[2025-09-21T15:04:42.616+0000] {logging_mixin.py:188} INFO - [2025-09-21T15:04:42.615+0000] {dagbag.py:538} INFO - Filling up the DagBag from /home/airflow/.local/lib/python3.8/site-packages/airflow/example_dags/plugins/event_listener.py
[2025-09-21T15:04:42.620+0000] {processor.py:842} WARNING - No viable dags retrieved from /home/airflow/.local/lib/python3.8/site-packages/airflow/example_dags/plugins/event_listener.py
[2025-09-21T15:04:42.643+0000] {processor.py:183} INFO - Processing /home/airflow/.local/lib/python3.8/site-packages/airflow/example_dags/plugins/event_listener.py took 0.039 seconds
[2025-09-21T15:05:13.218+0000] {processor.py:161} INFO - Started process (PID=527) to work on /home/airflow/.local/lib/python3.8/site-packages/airflow/example_dags/plugins/event_listener.py
[2025-09-21T15:05:13.220+0000] {processor.py:830} INFO - Processing file /home/airflow/.local/lib/python3.8/site-packages/airflow/example_dags/plugins/event_listener.py for tasks to queue
[2025-09-21T15:05:13.223+0000] {logging_mixin.py:188} INFO - [2025-09-21T15:05:13.222+0000] {dagbag.py:538} INFO - Filling up the DagBag from /home/airflow/.local/lib/python3.8/site-packages/airflow/example_dags/plugins/event_listener.py
[2025-09-21T15:05:13.230+0000] {processor.py:842} WARNING - No viable dags retrieved from /home/airflow/.local/lib/python3.8/site-packages/airflow/example_dags/plugins/event_listener.py
[2025-09-21T15:05:13.257+0000] {processor.py:183} INFO - Processing /home/airflow/.local/lib/python3.8/site-packages/airflow/example_dags/plugins/event_listener.py took 0.045 seconds
[2025-09-21T15:05:43.520+0000] {processor.py:161} INFO - Started process (PID=585) to work on /home/airflow/.local/lib/python3.8/site-packages/airflow/example_dags/plugins/event_listener.py
[2025-09-21T15:05:43.522+0000] {processor.py:830} INFO - Processing file /home/airflow/.local/lib/python3.8/site-packages/airflow/example_dags/plugins/event_listener.py for tasks to queue
[2025-09-21T15:05:43.525+0000] {logging_mixin.py:188} INFO - [2025-09-21T15:05:43.525+0000] {dagbag.py:538} INFO - Filling up the DagBag from /home/airflow/.local/lib/python3.8/site-packages/airflow/example_dags/plugins/event_listener.py
[2025-09-21T15:05:43.533+0000] {processor.py:842} WARNING - No viable dags retrieved from /home/airflow/.local/lib/python3.8/site-packages/airflow/example_dags/plugins/event_listener.py
[2025-09-21T15:05:43.560+0000] {processor.py:183} INFO - Processing /home/airflow/.local/lib/python3.8/site-packages/airflow/example_dags/plugins/event_listener.py took 0.047 seconds
[2025-09-21T15:06:14.274+0000] {processor.py:161} INFO - Started process (PID=643) to work on /home/airflow/.local/lib/python3.8/site-packages/airflow/example_dags/plugins/event_listener.py
[2025-09-21T15:06:14.275+0000] {processor.py:830} INFO - Processing file /home/airflow/.local/lib/python3.8/site-packages/airflow/example_dags/plugins/event_listener.py for tasks to queue
[2025-09-21T15:06:14.280+0000] {logging_mixin.py:188} INFO - [2025-09-21T15:06:14.279+0000] {dagbag.py:538} INFO - Filling up the DagBag from /home/airflow/.local/lib/python3.8/site-packages/airflow/example_dags/plugins/event_listener.py
[2025-09-21T15:06:14.284+0000] {processor.py:842} WARNING - No viable dags retrieved from /home/airflow/.local/lib/python3.8/site-packages/airflow/example_dags/plugins/event_listener.py
[2025-09-21T15:06:14.310+0000] {processor.py:183} INFO - Processing /home/airflow/.local/lib/python3.8/site-packages/airflow/example_dags/plugins/event_listener.py took 0.042 seconds
[2025-09-21T15:06:45.095+0000] {processor.py:161} INFO - Started process (PID=701) to work on /home/airflow/.local/lib/python3.8/site-packages/airflow/example_dags/plugins/event_listener.py
[2025-09-21T15:06:45.096+0000] {processor.py:830} INFO - Processing file /home/airflow/.local/lib/python3.8/site-packages/airflow/example_dags/plugins/event_listener.py for tasks to queue
[2025-09-21T15:06:45.099+0000] {logging_mixin.py:188} INFO - [2025-09-21T15:06:45.099+0000] {dagbag.py:538} INFO - Filling up the DagBag from /home/airflow/.local/lib/python3.8/site-packages/airflow/example_dags/plugins/event_listener.py
[2025-09-21T15:06:45.103+0000] {processor.py:842} WARNING - No viable dags retrieved from /home/airflow/.local/lib/python3.8/site-packages/airflow/example_dags/plugins/event_listener.py
[2025-09-21T15:06:45.125+0000] {processor.py:183} INFO - Processing /home/airflow/.local/lib/python3.8/site-packages/airflow/example_dags/plugins/event_listener.py took 0.037 seconds
[2025-09-21T15:07:16.135+0000] {processor.py:161} INFO - Started process (PID=759) to work on /home/airflow/.local/lib/python3.8/site-packages/airflow/example_dags/plugins/event_listener.py
[2025-09-21T15:07:16.137+0000] {processor.py:830} INFO - Processing file /home/airflow/.local/lib/python3.8/site-packages/airflow/example_dags/plugins/event_listener.py for tasks to queue
[2025-09-21T15:07:16.142+0000] {logging_mixin.py:188} INFO - [2025-09-21T15:07:16.141+0000] {dagbag.py:538} INFO - Filling up the DagBag from /home/airflow/.local/lib/python3.8/site-packages/airflow/example_dags/plugins/event_listener.py
[2025-09-21T15:07:16.147+0000] {processor.py:842} WARNING - No viable dags retrieved from /home/airflow/.local/lib/python3.8/site-packages/airflow/example_dags/plugins/event_listener.py
[2025-09-21T15:07:16.168+0000] {processor.py:183} INFO - Processing /home/airflow/.local/lib/python3.8/site-packages/airflow/example_dags/plugins/event_listener.py took 0.039 seconds
[2025-09-21T15:07:46.918+0000] {processor.py:161} INFO - Started process (PID=817) to work on /home/airflow/.local/lib/python3.8/site-packages/airflow/example_dags/plugins/event_listener.py
[2025-09-21T15:07:46.919+0000] {processor.py:830} INFO - Processing file /home/airflow/.local/lib/python3.8/site-packages/airflow/example_dags/plugins/event_listener.py for tasks to queue
[2025-09-21T15:07:46.923+0000] {logging_mixin.py:188} INFO - [2025-09-21T15:07:46.922+0000] {dagbag.py:538} INFO - Filling up the DagBag from /home/airflow/.local/lib/python3.8/site-packages/airflow/example_dags/plugins/event_listener.py
[2025-09-21T15:07:46.927+0000] {processor.py:842} WARNING - No viable dags retrieved from /home/airflow/.local/lib/python3.8/site-packages/airflow/example_dags/plugins/event_listener.py
[2025-09-21T15:07:46.950+0000] {processor.py:183} INFO - Processing /home/airflow/.local/lib/python3.8/site-packages/airflow/example_dags/plugins/event_listener.py took 0.039 seconds
[2025-09-21T15:11:33.674+0000] {processor.py:161} INFO - Started process (PID=116) to work on /home/airflow/.local/lib/python3.8/site-packages/airflow/example_dags/plugins/event_listener.py
[2025-09-21T15:11:33.676+0000] {processor.py:830} INFO - Processing file /home/airflow/.local/lib/python3.8/site-packages/airflow/example_dags/plugins/event_listener.py for tasks to queue
[2025-09-21T15:11:33.679+0000] {logging_mixin.py:188} INFO - [2025-09-21T15:11:33.679+0000] {dagbag.py:538} INFO - Filling up the DagBag from /home/airflow/.local/lib/python3.8/site-packages/airflow/example_dags/plugins/event_listener.py
[2025-09-21T15:11:33.683+0000] {processor.py:842} WARNING - No viable dags retrieved from /home/airflow/.local/lib/python3.8/site-packages/airflow/example_dags/plugins/event_listener.py
[2025-09-21T15:11:33.712+0000] {processor.py:183} INFO - Processing /home/airflow/.local/lib/python3.8/site-packages/airflow/example_dags/plugins/event_listener.py took 0.046 seconds
[2025-09-21T15:12:04.432+0000] {processor.py:161} INFO - Started process (PID=174) to work on /home/airflow/.local/lib/python3.8/site-packages/airflow/example_dags/plugins/event_listener.py
[2025-09-21T15:12:04.434+0000] {processor.py:830} INFO - Processing file /home/airflow/.local/lib/python3.8/site-packages/airflow/example_dags/plugins/event_listener.py for tasks to queue
[2025-09-21T15:12:04.438+0000] {logging_mixin.py:188} INFO - [2025-09-21T15:12:04.437+0000] {dagbag.py:538} INFO - Filling up the DagBag from /home/airflow/.local/lib/python3.8/site-packages/airflow/example_dags/plugins/event_listener.py
[2025-09-21T15:12:04.443+0000] {processor.py:842} WARNING - No viable dags retrieved from /home/airflow/.local/lib/python3.8/site-packages/airflow/example_dags/plugins/event_listener.py
[2025-09-21T15:12:04.471+0000] {processor.py:183} INFO - Processing /home/airflow/.local/lib/python3.8/site-packages/airflow/example_dags/plugins/event_listener.py took 0.044 seconds
[2025-09-21T15:12:34.826+0000] {processor.py:161} INFO - Started process (PID=232) to work on /home/airflow/.local/lib/python3.8/site-packages/airflow/example_dags/plugins/event_listener.py
[2025-09-21T15:12:34.828+0000] {processor.py:830} INFO - Processing file /home/airflow/.local/lib/python3.8/site-packages/airflow/example_dags/plugins/event_listener.py for tasks to queue
[2025-09-21T15:12:34.832+0000] {logging_mixin.py:188} INFO - [2025-09-21T15:12:34.831+0000] {dagbag.py:538} INFO - Filling up the DagBag from /home/airflow/.local/lib/python3.8/site-packages/airflow/example_dags/plugins/event_listener.py
[2025-09-21T15:12:34.838+0000] {processor.py:842} WARNING - No viable dags retrieved from /home/airflow/.local/lib/python3.8/site-packages/airflow/example_dags/plugins/event_listener.py
[2025-09-21T15:12:34.864+0000] {processor.py:183} INFO - Processing /home/airflow/.local/lib/python3.8/site-packages/airflow/example_dags/plugins/event_listener.py took 0.043 seconds
[2025-09-21T15:13:05.163+0000] {processor.py:161} INFO - Started process (PID=290) to work on /home/airflow/.local/lib/python3.8/site-packages/airflow/example_dags/plugins/event_listener.py
[2025-09-21T15:13:05.165+0000] {processor.py:830} INFO - Processing file /home/airflow/.local/lib/python3.8/site-packages/airflow/example_dags/plugins/event_listener.py for tasks to queue
[2025-09-21T15:13:05.169+0000] {logging_mixin.py:188} INFO - [2025-09-21T15:13:05.168+0000] {dagbag.py:538} INFO - Filling up the DagBag from /home/airflow/.local/lib/python3.8/site-packages/airflow/example_dags/plugins/event_listener.py
[2025-09-21T15:13:05.173+0000] {processor.py:842} WARNING - No viable dags retrieved from /home/airflow/.local/lib/python3.8/site-packages/airflow/example_dags/plugins/event_listener.py
[2025-09-21T15:13:05.195+0000] {processor.py:183} INFO - Processing /home/airflow/.local/lib/python3.8/site-packages/airflow/example_dags/plugins/event_listener.py took 0.038 seconds
[2025-09-21T15:13:35.632+0000] {processor.py:161} INFO - Started process (PID=348) to work on /home/airflow/.local/lib/python3.8/site-packages/airflow/example_dags/plugins/event_listener.py
[2025-09-21T15:13:35.634+0000] {processor.py:830} INFO - Processing file /home/airflow/.local/lib/python3.8/site-packages/airflow/example_dags/plugins/event_listener.py for tasks to queue
[2025-09-21T15:13:35.637+0000] {logging_mixin.py:188} INFO - [2025-09-21T15:13:35.637+0000] {dagbag.py:538} INFO - Filling up the DagBag from /home/airflow/.local/lib/python3.8/site-packages/airflow/example_dags/plugins/event_listener.py
[2025-09-21T15:13:35.642+0000] {processor.py:842} WARNING - No viable dags retrieved from /home/airflow/.local/lib/python3.8/site-packages/airflow/example_dags/plugins/event_listener.py
[2025-09-21T15:13:35.664+0000] {processor.py:183} INFO - Processing /home/airflow/.local/lib/python3.8/site-packages/airflow/example_dags/plugins/event_listener.py took 0.038 seconds
[2025-09-21T15:14:06.255+0000] {processor.py:161} INFO - Started process (PID=406) to work on /home/airflow/.local/lib/python3.8/site-packages/airflow/example_dags/plugins/event_listener.py
[2025-09-21T15:14:06.257+0000] {processor.py:830} INFO - Processing file /home/airflow/.local/lib/python3.8/site-packages/airflow/example_dags/plugins/event_listener.py for tasks to queue
[2025-09-21T15:14:06.261+0000] {logging_mixin.py:188} INFO - [2025-09-21T15:14:06.261+0000] {dagbag.py:538} INFO - Filling up the DagBag from /home/airflow/.local/lib/python3.8/site-packages/airflow/example_dags/plugins/event_listener.py
[2025-09-21T15:14:06.266+0000] {processor.py:842} WARNING - No viable dags retrieved from /home/airflow/.local/lib/python3.8/site-packages/airflow/example_dags/plugins/event_listener.py
[2025-09-21T15:14:06.293+0000] {processor.py:183} INFO - Processing /home/airflow/.local/lib/python3.8/site-packages/airflow/example_dags/plugins/event_listener.py took 0.045 seconds
[2025-09-21T15:14:36.605+0000] {processor.py:161} INFO - Started process (PID=464) to work on /home/airflow/.local/lib/python3.8/site-packages/airflow/example_dags/plugins/event_listener.py
[2025-09-21T15:14:36.606+0000] {processor.py:830} INFO - Processing file /home/airflow/.local/lib/python3.8/site-packages/airflow/example_dags/plugins/event_listener.py for tasks to queue
[2025-09-21T15:14:36.610+0000] {logging_mixin.py:188} INFO - [2025-09-21T15:14:36.609+0000] {dagbag.py:538} INFO - Filling up the DagBag from /home/airflow/.local/lib/python3.8/site-packages/airflow/example_dags/plugins/event_listener.py
[2025-09-21T15:14:36.614+0000] {processor.py:842} WARNING - No viable dags retrieved from /home/airflow/.local/lib/python3.8/site-packages/airflow/example_dags/plugins/event_listener.py
[2025-09-21T15:14:36.639+0000] {processor.py:183} INFO - Processing /home/airflow/.local/lib/python3.8/site-packages/airflow/example_dags/plugins/event_listener.py took 0.041 seconds
[2025-09-21T15:15:07.402+0000] {processor.py:161} INFO - Started process (PID=522) to work on /home/airflow/.local/lib/python3.8/site-packages/airflow/example_dags/plugins/event_listener.py
[2025-09-21T15:15:07.404+0000] {processor.py:830} INFO - Processing file /home/airflow/.local/lib/python3.8/site-packages/airflow/example_dags/plugins/event_listener.py for tasks to queue
[2025-09-21T15:15:07.408+0000] {logging_mixin.py:188} INFO - [2025-09-21T15:15:07.407+0000] {dagbag.py:538} INFO - Filling up the DagBag from /home/airflow/.local/lib/python3.8/site-packages/airflow/example_dags/plugins/event_listener.py
[2025-09-21T15:15:07.414+0000] {processor.py:842} WARNING - No viable dags retrieved from /home/airflow/.local/lib/python3.8/site-packages/airflow/example_dags/plugins/event_listener.py
[2025-09-21T15:15:07.444+0000] {processor.py:183} INFO - Processing /home/airflow/.local/lib/python3.8/site-packages/airflow/example_dags/plugins/event_listener.py took 0.050 seconds
[2025-09-21T15:15:38.028+0000] {processor.py:161} INFO - Started process (PID=581) to work on /home/airflow/.local/lib/python3.8/site-packages/airflow/example_dags/plugins/event_listener.py
[2025-09-21T15:15:38.031+0000] {processor.py:830} INFO - Processing file /home/airflow/.local/lib/python3.8/site-packages/airflow/example_dags/plugins/event_listener.py for tasks to queue
[2025-09-21T15:15:38.034+0000] {logging_mixin.py:188} INFO - [2025-09-21T15:15:38.033+0000] {dagbag.py:538} INFO - Filling up the DagBag from /home/airflow/.local/lib/python3.8/site-packages/airflow/example_dags/plugins/event_listener.py
[2025-09-21T15:15:38.038+0000] {processor.py:842} WARNING - No viable dags retrieved from /home/airflow/.local/lib/python3.8/site-packages/airflow/example_dags/plugins/event_listener.py
[2025-09-21T15:15:38.063+0000] {processor.py:183} INFO - Processing /home/airflow/.local/lib/python3.8/site-packages/airflow/example_dags/plugins/event_listener.py took 0.042 seconds
[2025-09-21T15:16:08.432+0000] {processor.py:161} INFO - Started process (PID=639) to work on /home/airflow/.local/lib/python3.8/site-packages/airflow/example_dags/plugins/event_listener.py
[2025-09-21T15:16:08.434+0000] {processor.py:830} INFO - Processing file /home/airflow/.local/lib/python3.8/site-packages/airflow/example_dags/plugins/event_listener.py for tasks to queue
[2025-09-21T15:16:08.437+0000] {logging_mixin.py:188} INFO - [2025-09-21T15:16:08.436+0000] {dagbag.py:538} INFO - Filling up the DagBag from /home/airflow/.local/lib/python3.8/site-packages/airflow/example_dags/plugins/event_listener.py
[2025-09-21T15:16:08.441+0000] {processor.py:842} WARNING - No viable dags retrieved from /home/airflow/.local/lib/python3.8/site-packages/airflow/example_dags/plugins/event_listener.py
[2025-09-21T15:16:08.468+0000] {processor.py:183} INFO - Processing /home/airflow/.local/lib/python3.8/site-packages/airflow/example_dags/plugins/event_listener.py took 0.044 seconds
[2025-09-21T15:16:39.188+0000] {processor.py:161} INFO - Started process (PID=697) to work on /home/airflow/.local/lib/python3.8/site-packages/airflow/example_dags/plugins/event_listener.py
[2025-09-21T15:16:39.190+0000] {processor.py:830} INFO - Processing file /home/airflow/.local/lib/python3.8/site-packages/airflow/example_dags/plugins/event_listener.py for tasks to queue
[2025-09-21T15:16:39.193+0000] {logging_mixin.py:188} INFO - [2025-09-21T15:16:39.192+0000] {dagbag.py:538} INFO - Filling up the DagBag from /home/airflow/.local/lib/python3.8/site-packages/airflow/example_dags/plugins/event_listener.py
[2025-09-21T15:16:39.197+0000] {processor.py:842} WARNING - No viable dags retrieved from /home/airflow/.local/lib/python3.8/site-packages/airflow/example_dags/plugins/event_listener.py
[2025-09-21T15:16:39.222+0000] {processor.py:183} INFO - Processing /home/airflow/.local/lib/python3.8/site-packages/airflow/example_dags/plugins/event_listener.py took 0.040 seconds
[2025-09-21T15:17:10.434+0000] {processor.py:161} INFO - Started process (PID=755) to work on /home/airflow/.local/lib/python3.8/site-packages/airflow/example_dags/plugins/event_listener.py
[2025-09-21T15:17:10.436+0000] {processor.py:830} INFO - Processing file /home/airflow/.local/lib/python3.8/site-packages/airflow/example_dags/plugins/event_listener.py for tasks to queue
[2025-09-21T15:17:10.477+0000] {logging_mixin.py:188} INFO - [2025-09-21T15:17:10.477+0000] {dagbag.py:538} INFO - Filling up the DagBag from /home/airflow/.local/lib/python3.8/site-packages/airflow/example_dags/plugins/event_listener.py
[2025-09-21T15:17:10.491+0000] {processor.py:842} WARNING - No viable dags retrieved from /home/airflow/.local/lib/python3.8/site-packages/airflow/example_dags/plugins/event_listener.py
[2025-09-21T15:17:10.530+0000] {processor.py:183} INFO - Processing /home/airflow/.local/lib/python3.8/site-packages/airflow/example_dags/plugins/event_listener.py took 0.102 seconds
[2025-09-21T15:17:41.515+0000] {processor.py:161} INFO - Started process (PID=813) to work on /home/airflow/.local/lib/python3.8/site-packages/airflow/example_dags/plugins/event_listener.py
[2025-09-21T15:17:41.517+0000] {processor.py:830} INFO - Processing file /home/airflow/.local/lib/python3.8/site-packages/airflow/example_dags/plugins/event_listener.py for tasks to queue
[2025-09-21T15:17:41.521+0000] {logging_mixin.py:188} INFO - [2025-09-21T15:17:41.520+0000] {dagbag.py:538} INFO - Filling up the DagBag from /home/airflow/.local/lib/python3.8/site-packages/airflow/example_dags/plugins/event_listener.py
[2025-09-21T15:17:41.525+0000] {processor.py:842} WARNING - No viable dags retrieved from /home/airflow/.local/lib/python3.8/site-packages/airflow/example_dags/plugins/event_listener.py
[2025-09-21T15:17:41.550+0000] {processor.py:183} INFO - Processing /home/airflow/.local/lib/python3.8/site-packages/airflow/example_dags/plugins/event_listener.py took 0.044 seconds
[2025-09-21T15:18:11.913+0000] {processor.py:161} INFO - Started process (PID=871) to work on /home/airflow/.local/lib/python3.8/site-packages/airflow/example_dags/plugins/event_listener.py
[2025-09-21T15:18:11.915+0000] {processor.py:830} INFO - Processing file /home/airflow/.local/lib/python3.8/site-packages/airflow/example_dags/plugins/event_listener.py for tasks to queue
[2025-09-21T15:18:11.919+0000] {logging_mixin.py:188} INFO - [2025-09-21T15:18:11.918+0000] {dagbag.py:538} INFO - Filling up the DagBag from /home/airflow/.local/lib/python3.8/site-packages/airflow/example_dags/plugins/event_listener.py
[2025-09-21T15:18:11.923+0000] {processor.py:842} WARNING - No viable dags retrieved from /home/airflow/.local/lib/python3.8/site-packages/airflow/example_dags/plugins/event_listener.py
[2025-09-21T15:18:11.947+0000] {processor.py:183} INFO - Processing /home/airflow/.local/lib/python3.8/site-packages/airflow/example_dags/plugins/event_listener.py took 0.041 seconds
[2025-09-21T15:18:43.480+0000] {processor.py:161} INFO - Started process (PID=929) to work on /home/airflow/.local/lib/python3.8/site-packages/airflow/example_dags/plugins/event_listener.py
[2025-09-21T15:18:43.482+0000] {processor.py:830} INFO - Processing file /home/airflow/.local/lib/python3.8/site-packages/airflow/example_dags/plugins/event_listener.py for tasks to queue
[2025-09-21T15:18:43.486+0000] {logging_mixin.py:188} INFO - [2025-09-21T15:18:43.485+0000] {dagbag.py:538} INFO - Filling up the DagBag from /home/airflow/.local/lib/python3.8/site-packages/airflow/example_dags/plugins/event_listener.py
[2025-09-21T15:18:43.490+0000] {processor.py:842} WARNING - No viable dags retrieved from /home/airflow/.local/lib/python3.8/site-packages/airflow/example_dags/plugins/event_listener.py
[2025-09-21T15:18:43.513+0000] {processor.py:183} INFO - Processing /home/airflow/.local/lib/python3.8/site-packages/airflow/example_dags/plugins/event_listener.py took 0.039 seconds
[2025-09-21T15:19:14.394+0000] {processor.py:161} INFO - Started process (PID=987) to work on /home/airflow/.local/lib/python3.8/site-packages/airflow/example_dags/plugins/event_listener.py
[2025-09-21T15:19:14.396+0000] {processor.py:830} INFO - Processing file /home/airflow/.local/lib/python3.8/site-packages/airflow/example_dags/plugins/event_listener.py for tasks to queue
[2025-09-21T15:19:14.399+0000] {logging_mixin.py:188} INFO - [2025-09-21T15:19:14.398+0000] {dagbag.py:538} INFO - Filling up the DagBag from /home/airflow/.local/lib/python3.8/site-packages/airflow/example_dags/plugins/event_listener.py
[2025-09-21T15:19:14.403+0000] {processor.py:842} WARNING - No viable dags retrieved from /home/airflow/.local/lib/python3.8/site-packages/airflow/example_dags/plugins/event_listener.py
[2025-09-21T15:19:14.426+0000] {processor.py:183} INFO - Processing /home/airflow/.local/lib/python3.8/site-packages/airflow/example_dags/plugins/event_listener.py took 0.039 seconds
[2025-09-21T15:19:45.093+0000] {processor.py:161} INFO - Started process (PID=1045) to work on /home/airflow/.local/lib/python3.8/site-packages/airflow/example_dags/plugins/event_listener.py
[2025-09-21T15:19:45.096+0000] {processor.py:830} INFO - Processing file /home/airflow/.local/lib/python3.8/site-packages/airflow/example_dags/plugins/event_listener.py for tasks to queue
[2025-09-21T15:19:45.099+0000] {logging_mixin.py:188} INFO - [2025-09-21T15:19:45.099+0000] {dagbag.py:538} INFO - Filling up the DagBag from /home/airflow/.local/lib/python3.8/site-packages/airflow/example_dags/plugins/event_listener.py
[2025-09-21T15:19:45.103+0000] {processor.py:842} WARNING - No viable dags retrieved from /home/airflow/.local/lib/python3.8/site-packages/airflow/example_dags/plugins/event_listener.py
[2025-09-21T15:19:45.127+0000] {processor.py:183} INFO - Processing /home/airflow/.local/lib/python3.8/site-packages/airflow/example_dags/plugins/event_listener.py took 0.040 seconds
[2025-09-21T15:20:15.244+0000] {processor.py:161} INFO - Started process (PID=1101) to work on /home/airflow/.local/lib/python3.8/site-packages/airflow/example_dags/plugins/event_listener.py
[2025-09-21T15:20:15.246+0000] {processor.py:830} INFO - Processing file /home/airflow/.local/lib/python3.8/site-packages/airflow/example_dags/plugins/event_listener.py for tasks to queue
[2025-09-21T15:20:15.249+0000] {logging_mixin.py:188} INFO - [2025-09-21T15:20:15.249+0000] {dagbag.py:538} INFO - Filling up the DagBag from /home/airflow/.local/lib/python3.8/site-packages/airflow/example_dags/plugins/event_listener.py
[2025-09-21T15:20:15.253+0000] {processor.py:842} WARNING - No viable dags retrieved from /home/airflow/.local/lib/python3.8/site-packages/airflow/example_dags/plugins/event_listener.py
[2025-09-21T15:20:15.277+0000] {processor.py:183} INFO - Processing /home/airflow/.local/lib/python3.8/site-packages/airflow/example_dags/plugins/event_listener.py took 0.039 seconds
[2025-09-21T15:20:45.911+0000] {processor.py:161} INFO - Started process (PID=1159) to work on /home/airflow/.local/lib/python3.8/site-packages/airflow/example_dags/plugins/event_listener.py
[2025-09-21T15:20:45.913+0000] {processor.py:830} INFO - Processing file /home/airflow/.local/lib/python3.8/site-packages/airflow/example_dags/plugins/event_listener.py for tasks to queue
[2025-09-21T15:20:45.917+0000] {logging_mixin.py:188} INFO - [2025-09-21T15:20:45.916+0000] {dagbag.py:538} INFO - Filling up the DagBag from /home/airflow/.local/lib/python3.8/site-packages/airflow/example_dags/plugins/event_listener.py
[2025-09-21T15:20:45.921+0000] {processor.py:842} WARNING - No viable dags retrieved from /home/airflow/.local/lib/python3.8/site-packages/airflow/example_dags/plugins/event_listener.py
[2025-09-21T15:20:45.945+0000] {processor.py:183} INFO - Processing /home/airflow/.local/lib/python3.8/site-packages/airflow/example_dags/plugins/event_listener.py took 0.040 seconds
[2025-09-21T15:21:16.798+0000] {processor.py:161} INFO - Started process (PID=1217) to work on /home/airflow/.local/lib/python3.8/site-packages/airflow/example_dags/plugins/event_listener.py
[2025-09-21T15:21:16.801+0000] {processor.py:830} INFO - Processing file /home/airflow/.local/lib/python3.8/site-packages/airflow/example_dags/plugins/event_listener.py for tasks to queue
[2025-09-21T15:21:16.805+0000] {logging_mixin.py:188} INFO - [2025-09-21T15:21:16.805+0000] {dagbag.py:538} INFO - Filling up the DagBag from /home/airflow/.local/lib/python3.8/site-packages/airflow/example_dags/plugins/event_listener.py
[2025-09-21T15:21:16.811+0000] {processor.py:842} WARNING - No viable dags retrieved from /home/airflow/.local/lib/python3.8/site-packages/airflow/example_dags/plugins/event_listener.py
[2025-09-21T15:21:16.849+0000] {processor.py:183} INFO - Processing /home/airflow/.local/lib/python3.8/site-packages/airflow/example_dags/plugins/event_listener.py took 0.065 seconds
[2025-09-21T15:21:47.604+0000] {processor.py:161} INFO - Started process (PID=1275) to work on /home/airflow/.local/lib/python3.8/site-packages/airflow/example_dags/plugins/event_listener.py
[2025-09-21T15:21:47.607+0000] {processor.py:830} INFO - Processing file /home/airflow/.local/lib/python3.8/site-packages/airflow/example_dags/plugins/event_listener.py for tasks to queue
[2025-09-21T15:21:47.610+0000] {logging_mixin.py:188} INFO - [2025-09-21T15:21:47.610+0000] {dagbag.py:538} INFO - Filling up the DagBag from /home/airflow/.local/lib/python3.8/site-packages/airflow/example_dags/plugins/event_listener.py
[2025-09-21T15:21:47.615+0000] {processor.py:842} WARNING - No viable dags retrieved from /home/airflow/.local/lib/python3.8/site-packages/airflow/example_dags/plugins/event_listener.py
[2025-09-21T15:21:47.639+0000] {processor.py:183} INFO - Processing /home/airflow/.local/lib/python3.8/site-packages/airflow/example_dags/plugins/event_listener.py took 0.042 seconds
[2025-09-21T15:22:18.562+0000] {processor.py:161} INFO - Started process (PID=1334) to work on /home/airflow/.local/lib/python3.8/site-packages/airflow/example_dags/plugins/event_listener.py
[2025-09-21T15:22:18.564+0000] {processor.py:830} INFO - Processing file /home/airflow/.local/lib/python3.8/site-packages/airflow/example_dags/plugins/event_listener.py for tasks to queue
[2025-09-21T15:22:18.572+0000] {logging_mixin.py:188} INFO - [2025-09-21T15:22:18.571+0000] {dagbag.py:538} INFO - Filling up the DagBag from /home/airflow/.local/lib/python3.8/site-packages/airflow/example_dags/plugins/event_listener.py
[2025-09-21T15:22:18.578+0000] {processor.py:842} WARNING - No viable dags retrieved from /home/airflow/.local/lib/python3.8/site-packages/airflow/example_dags/plugins/event_listener.py
[2025-09-21T15:22:18.617+0000] {processor.py:183} INFO - Processing /home/airflow/.local/lib/python3.8/site-packages/airflow/example_dags/plugins/event_listener.py took 0.065 seconds
[2025-09-21T15:22:49.472+0000] {processor.py:161} INFO - Started process (PID=1392) to work on /home/airflow/.local/lib/python3.8/site-packages/airflow/example_dags/plugins/event_listener.py
[2025-09-21T15:22:49.474+0000] {processor.py:830} INFO - Processing file /home/airflow/.local/lib/python3.8/site-packages/airflow/example_dags/plugins/event_listener.py for tasks to queue
[2025-09-21T15:22:49.477+0000] {logging_mixin.py:188} INFO - [2025-09-21T15:22:49.477+0000] {dagbag.py:538} INFO - Filling up the DagBag from /home/airflow/.local/lib/python3.8/site-packages/airflow/example_dags/plugins/event_listener.py
[2025-09-21T15:22:49.481+0000] {processor.py:842} WARNING - No viable dags retrieved from /home/airflow/.local/lib/python3.8/site-packages/airflow/example_dags/plugins/event_listener.py
[2025-09-21T15:22:49.505+0000] {processor.py:183} INFO - Processing /home/airflow/.local/lib/python3.8/site-packages/airflow/example_dags/plugins/event_listener.py took 0.039 seconds
[2025-09-21T15:23:20.681+0000] {processor.py:161} INFO - Started process (PID=1450) to work on /home/airflow/.local/lib/python3.8/site-packages/airflow/example_dags/plugins/event_listener.py
[2025-09-21T15:23:20.683+0000] {processor.py:830} INFO - Processing file /home/airflow/.local/lib/python3.8/site-packages/airflow/example_dags/plugins/event_listener.py for tasks to queue
[2025-09-21T15:23:20.686+0000] {logging_mixin.py:188} INFO - [2025-09-21T15:23:20.686+0000] {dagbag.py:538} INFO - Filling up the DagBag from /home/airflow/.local/lib/python3.8/site-packages/airflow/example_dags/plugins/event_listener.py
[2025-09-21T15:23:20.690+0000] {processor.py:842} WARNING - No viable dags retrieved from /home/airflow/.local/lib/python3.8/site-packages/airflow/example_dags/plugins/event_listener.py
[2025-09-21T15:23:20.713+0000] {processor.py:183} INFO - Processing /home/airflow/.local/lib/python3.8/site-packages/airflow/example_dags/plugins/event_listener.py took 0.038 seconds
[2025-09-21T15:23:51.286+0000] {processor.py:161} INFO - Started process (PID=1514) to work on /home/airflow/.local/lib/python3.8/site-packages/airflow/example_dags/plugins/event_listener.py
[2025-09-21T15:23:51.288+0000] {processor.py:830} INFO - Processing file /home/airflow/.local/lib/python3.8/site-packages/airflow/example_dags/plugins/event_listener.py for tasks to queue
[2025-09-21T15:23:51.291+0000] {logging_mixin.py:188} INFO - [2025-09-21T15:23:51.291+0000] {dagbag.py:538} INFO - Filling up the DagBag from /home/airflow/.local/lib/python3.8/site-packages/airflow/example_dags/plugins/event_listener.py
[2025-09-21T15:23:51.295+0000] {processor.py:842} WARNING - No viable dags retrieved from /home/airflow/.local/lib/python3.8/site-packages/airflow/example_dags/plugins/event_listener.py
[2025-09-21T15:23:51.319+0000] {processor.py:183} INFO - Processing /home/airflow/.local/lib/python3.8/site-packages/airflow/example_dags/plugins/event_listener.py took 0.039 seconds
[2025-09-21T15:24:22.255+0000] {processor.py:161} INFO - Started process (PID=1572) to work on /home/airflow/.local/lib/python3.8/site-packages/airflow/example_dags/plugins/event_listener.py
[2025-09-21T15:24:22.257+0000] {processor.py:830} INFO - Processing file /home/airflow/.local/lib/python3.8/site-packages/airflow/example_dags/plugins/event_listener.py for tasks to queue
[2025-09-21T15:24:22.260+0000] {logging_mixin.py:188} INFO - [2025-09-21T15:24:22.260+0000] {dagbag.py:538} INFO - Filling up the DagBag from /home/airflow/.local/lib/python3.8/site-packages/airflow/example_dags/plugins/event_listener.py
[2025-09-21T15:24:22.264+0000] {processor.py:842} WARNING - No viable dags retrieved from /home/airflow/.local/lib/python3.8/site-packages/airflow/example_dags/plugins/event_listener.py
[2025-09-21T15:24:22.290+0000] {processor.py:183} INFO - Processing /home/airflow/.local/lib/python3.8/site-packages/airflow/example_dags/plugins/event_listener.py took 0.042 seconds
[2025-09-21T15:24:52.993+0000] {processor.py:161} INFO - Started process (PID=1630) to work on /home/airflow/.local/lib/python3.8/site-packages/airflow/example_dags/plugins/event_listener.py
[2025-09-21T15:24:52.995+0000] {processor.py:830} INFO - Processing file /home/airflow/.local/lib/python3.8/site-packages/airflow/example_dags/plugins/event_listener.py for tasks to queue
[2025-09-21T15:24:52.999+0000] {logging_mixin.py:188} INFO - [2025-09-21T15:24:52.998+0000] {dagbag.py:538} INFO - Filling up the DagBag from /home/airflow/.local/lib/python3.8/site-packages/airflow/example_dags/plugins/event_listener.py
[2025-09-21T15:24:53.003+0000] {processor.py:842} WARNING - No viable dags retrieved from /home/airflow/.local/lib/python3.8/site-packages/airflow/example_dags/plugins/event_listener.py
[2025-09-21T15:24:53.027+0000] {processor.py:183} INFO - Processing /home/airflow/.local/lib/python3.8/site-packages/airflow/example_dags/plugins/event_listener.py took 0.040 seconds
[2025-09-21T15:25:23.345+0000] {processor.py:161} INFO - Started process (PID=1689) to work on /home/airflow/.local/lib/python3.8/site-packages/airflow/example_dags/plugins/event_listener.py
[2025-09-21T15:25:23.350+0000] {processor.py:830} INFO - Processing file /home/airflow/.local/lib/python3.8/site-packages/airflow/example_dags/plugins/event_listener.py for tasks to queue
[2025-09-21T15:25:23.355+0000] {logging_mixin.py:188} INFO - [2025-09-21T15:25:23.354+0000] {dagbag.py:538} INFO - Filling up the DagBag from /home/airflow/.local/lib/python3.8/site-packages/airflow/example_dags/plugins/event_listener.py
[2025-09-21T15:25:23.360+0000] {processor.py:842} WARNING - No viable dags retrieved from /home/airflow/.local/lib/python3.8/site-packages/airflow/example_dags/plugins/event_listener.py
[2025-09-21T15:25:23.397+0000] {processor.py:183} INFO - Processing /home/airflow/.local/lib/python3.8/site-packages/airflow/example_dags/plugins/event_listener.py took 0.070 seconds
[2025-09-21T15:25:53.586+0000] {processor.py:161} INFO - Started process (PID=1747) to work on /home/airflow/.local/lib/python3.8/site-packages/airflow/example_dags/plugins/event_listener.py
[2025-09-21T15:25:53.588+0000] {processor.py:830} INFO - Processing file /home/airflow/.local/lib/python3.8/site-packages/airflow/example_dags/plugins/event_listener.py for tasks to queue
[2025-09-21T15:25:53.592+0000] {logging_mixin.py:188} INFO - [2025-09-21T15:25:53.591+0000] {dagbag.py:538} INFO - Filling up the DagBag from /home/airflow/.local/lib/python3.8/site-packages/airflow/example_dags/plugins/event_listener.py
[2025-09-21T15:25:53.596+0000] {processor.py:842} WARNING - No viable dags retrieved from /home/airflow/.local/lib/python3.8/site-packages/airflow/example_dags/plugins/event_listener.py
[2025-09-21T15:25:53.624+0000] {processor.py:183} INFO - Processing /home/airflow/.local/lib/python3.8/site-packages/airflow/example_dags/plugins/event_listener.py took 0.045 seconds
[2025-09-21T15:26:24.240+0000] {processor.py:161} INFO - Started process (PID=1805) to work on /home/airflow/.local/lib/python3.8/site-packages/airflow/example_dags/plugins/event_listener.py
[2025-09-21T15:26:24.242+0000] {processor.py:830} INFO - Processing file /home/airflow/.local/lib/python3.8/site-packages/airflow/example_dags/plugins/event_listener.py for tasks to queue
[2025-09-21T15:26:24.247+0000] {logging_mixin.py:188} INFO - [2025-09-21T15:26:24.246+0000] {dagbag.py:538} INFO - Filling up the DagBag from /home/airflow/.local/lib/python3.8/site-packages/airflow/example_dags/plugins/event_listener.py
[2025-09-21T15:26:24.253+0000] {processor.py:842} WARNING - No viable dags retrieved from /home/airflow/.local/lib/python3.8/site-packages/airflow/example_dags/plugins/event_listener.py
[2025-09-21T15:26:24.289+0000] {processor.py:183} INFO - Processing /home/airflow/.local/lib/python3.8/site-packages/airflow/example_dags/plugins/event_listener.py took 0.057 seconds
[2025-09-21T15:26:54.799+0000] {processor.py:161} INFO - Started process (PID=1863) to work on /home/airflow/.local/lib/python3.8/site-packages/airflow/example_dags/plugins/event_listener.py
[2025-09-21T15:26:54.808+0000] {processor.py:830} INFO - Processing file /home/airflow/.local/lib/python3.8/site-packages/airflow/example_dags/plugins/event_listener.py for tasks to queue
[2025-09-21T15:26:54.813+0000] {logging_mixin.py:188} INFO - [2025-09-21T15:26:54.812+0000] {dagbag.py:538} INFO - Filling up the DagBag from /home/airflow/.local/lib/python3.8/site-packages/airflow/example_dags/plugins/event_listener.py
[2025-09-21T15:26:54.820+0000] {processor.py:842} WARNING - No viable dags retrieved from /home/airflow/.local/lib/python3.8/site-packages/airflow/example_dags/plugins/event_listener.py
[2025-09-21T15:26:54.849+0000] {processor.py:183} INFO - Processing /home/airflow/.local/lib/python3.8/site-packages/airflow/example_dags/plugins/event_listener.py took 0.058 seconds
[2025-09-21T15:27:25.647+0000] {processor.py:161} INFO - Started process (PID=1921) to work on /home/airflow/.local/lib/python3.8/site-packages/airflow/example_dags/plugins/event_listener.py
[2025-09-21T15:27:25.650+0000] {processor.py:830} INFO - Processing file /home/airflow/.local/lib/python3.8/site-packages/airflow/example_dags/plugins/event_listener.py for tasks to queue
[2025-09-21T15:27:25.653+0000] {logging_mixin.py:188} INFO - [2025-09-21T15:27:25.652+0000] {dagbag.py:538} INFO - Filling up the DagBag from /home/airflow/.local/lib/python3.8/site-packages/airflow/example_dags/plugins/event_listener.py
[2025-09-21T15:27:25.659+0000] {processor.py:842} WARNING - No viable dags retrieved from /home/airflow/.local/lib/python3.8/site-packages/airflow/example_dags/plugins/event_listener.py
[2025-09-21T15:27:25.684+0000] {processor.py:183} INFO - Processing /home/airflow/.local/lib/python3.8/site-packages/airflow/example_dags/plugins/event_listener.py took 0.043 seconds
[2025-09-21T15:27:55.910+0000] {processor.py:161} INFO - Started process (PID=1978) to work on /home/airflow/.local/lib/python3.8/site-packages/airflow/example_dags/plugins/event_listener.py
[2025-09-21T15:27:55.912+0000] {processor.py:830} INFO - Processing file /home/airflow/.local/lib/python3.8/site-packages/airflow/example_dags/plugins/event_listener.py for tasks to queue
[2025-09-21T15:27:55.915+0000] {logging_mixin.py:188} INFO - [2025-09-21T15:27:55.915+0000] {dagbag.py:538} INFO - Filling up the DagBag from /home/airflow/.local/lib/python3.8/site-packages/airflow/example_dags/plugins/event_listener.py
[2025-09-21T15:27:55.920+0000] {processor.py:842} WARNING - No viable dags retrieved from /home/airflow/.local/lib/python3.8/site-packages/airflow/example_dags/plugins/event_listener.py
[2025-09-21T15:27:55.944+0000] {processor.py:183} INFO - Processing /home/airflow/.local/lib/python3.8/site-packages/airflow/example_dags/plugins/event_listener.py took 0.040 seconds
[2025-09-21T15:28:26.524+0000] {processor.py:161} INFO - Started process (PID=2036) to work on /home/airflow/.local/lib/python3.8/site-packages/airflow/example_dags/plugins/event_listener.py
[2025-09-21T15:28:26.526+0000] {processor.py:830} INFO - Processing file /home/airflow/.local/lib/python3.8/site-packages/airflow/example_dags/plugins/event_listener.py for tasks to queue
[2025-09-21T15:28:26.529+0000] {logging_mixin.py:188} INFO - [2025-09-21T15:28:26.529+0000] {dagbag.py:538} INFO - Filling up the DagBag from /home/airflow/.local/lib/python3.8/site-packages/airflow/example_dags/plugins/event_listener.py
[2025-09-21T15:28:26.533+0000] {processor.py:842} WARNING - No viable dags retrieved from /home/airflow/.local/lib/python3.8/site-packages/airflow/example_dags/plugins/event_listener.py
[2025-09-21T15:28:26.558+0000] {processor.py:183} INFO - Processing /home/airflow/.local/lib/python3.8/site-packages/airflow/example_dags/plugins/event_listener.py took 0.040 seconds
[2025-09-21T15:28:57.131+0000] {processor.py:161} INFO - Started process (PID=2094) to work on /home/airflow/.local/lib/python3.8/site-packages/airflow/example_dags/plugins/event_listener.py
[2025-09-21T15:28:57.133+0000] {processor.py:830} INFO - Processing file /home/airflow/.local/lib/python3.8/site-packages/airflow/example_dags/plugins/event_listener.py for tasks to queue
[2025-09-21T15:28:57.136+0000] {logging_mixin.py:188} INFO - [2025-09-21T15:28:57.136+0000] {dagbag.py:538} INFO - Filling up the DagBag from /home/airflow/.local/lib/python3.8/site-packages/airflow/example_dags/plugins/event_listener.py
[2025-09-21T15:28:57.142+0000] {processor.py:842} WARNING - No viable dags retrieved from /home/airflow/.local/lib/python3.8/site-packages/airflow/example_dags/plugins/event_listener.py
[2025-09-21T15:28:57.166+0000] {processor.py:183} INFO - Processing /home/airflow/.local/lib/python3.8/site-packages/airflow/example_dags/plugins/event_listener.py took 0.040 seconds
[2025-09-21T15:29:27.784+0000] {processor.py:161} INFO - Started process (PID=2153) to work on /home/airflow/.local/lib/python3.8/site-packages/airflow/example_dags/plugins/event_listener.py
[2025-09-21T15:29:27.786+0000] {processor.py:830} INFO - Processing file /home/airflow/.local/lib/python3.8/site-packages/airflow/example_dags/plugins/event_listener.py for tasks to queue
[2025-09-21T15:29:27.790+0000] {logging_mixin.py:188} INFO - [2025-09-21T15:29:27.789+0000] {dagbag.py:538} INFO - Filling up the DagBag from /home/airflow/.local/lib/python3.8/site-packages/airflow/example_dags/plugins/event_listener.py
[2025-09-21T15:29:27.794+0000] {processor.py:842} WARNING - No viable dags retrieved from /home/airflow/.local/lib/python3.8/site-packages/airflow/example_dags/plugins/event_listener.py
[2025-09-21T15:29:27.820+0000] {processor.py:183} INFO - Processing /home/airflow/.local/lib/python3.8/site-packages/airflow/example_dags/plugins/event_listener.py took 0.042 seconds
[2025-09-21T15:29:58.340+0000] {processor.py:161} INFO - Started process (PID=2211) to work on /home/airflow/.local/lib/python3.8/site-packages/airflow/example_dags/plugins/event_listener.py
[2025-09-21T15:29:58.342+0000] {processor.py:830} INFO - Processing file /home/airflow/.local/lib/python3.8/site-packages/airflow/example_dags/plugins/event_listener.py for tasks to queue
[2025-09-21T15:29:58.346+0000] {logging_mixin.py:188} INFO - [2025-09-21T15:29:58.346+0000] {dagbag.py:538} INFO - Filling up the DagBag from /home/airflow/.local/lib/python3.8/site-packages/airflow/example_dags/plugins/event_listener.py
[2025-09-21T15:29:58.351+0000] {processor.py:842} WARNING - No viable dags retrieved from /home/airflow/.local/lib/python3.8/site-packages/airflow/example_dags/plugins/event_listener.py
[2025-09-21T15:29:58.376+0000] {processor.py:183} INFO - Processing /home/airflow/.local/lib/python3.8/site-packages/airflow/example_dags/plugins/event_listener.py took 0.042 seconds
[2025-09-21T15:30:28.636+0000] {processor.py:161} INFO - Started process (PID=2269) to work on /home/airflow/.local/lib/python3.8/site-packages/airflow/example_dags/plugins/event_listener.py
[2025-09-21T15:30:28.638+0000] {processor.py:830} INFO - Processing file /home/airflow/.local/lib/python3.8/site-packages/airflow/example_dags/plugins/event_listener.py for tasks to queue
[2025-09-21T15:30:28.641+0000] {logging_mixin.py:188} INFO - [2025-09-21T15:30:28.640+0000] {dagbag.py:538} INFO - Filling up the DagBag from /home/airflow/.local/lib/python3.8/site-packages/airflow/example_dags/plugins/event_listener.py
[2025-09-21T15:30:28.646+0000] {processor.py:842} WARNING - No viable dags retrieved from /home/airflow/.local/lib/python3.8/site-packages/airflow/example_dags/plugins/event_listener.py
[2025-09-21T15:30:28.673+0000] {processor.py:183} INFO - Processing /home/airflow/.local/lib/python3.8/site-packages/airflow/example_dags/plugins/event_listener.py took 0.043 seconds
[2025-09-21T15:30:59.300+0000] {processor.py:161} INFO - Started process (PID=2327) to work on /home/airflow/.local/lib/python3.8/site-packages/airflow/example_dags/plugins/event_listener.py
[2025-09-21T15:30:59.302+0000] {processor.py:830} INFO - Processing file /home/airflow/.local/lib/python3.8/site-packages/airflow/example_dags/plugins/event_listener.py for tasks to queue
[2025-09-21T15:30:59.306+0000] {logging_mixin.py:188} INFO - [2025-09-21T15:30:59.305+0000] {dagbag.py:538} INFO - Filling up the DagBag from /home/airflow/.local/lib/python3.8/site-packages/airflow/example_dags/plugins/event_listener.py
[2025-09-21T15:30:59.311+0000] {processor.py:842} WARNING - No viable dags retrieved from /home/airflow/.local/lib/python3.8/site-packages/airflow/example_dags/plugins/event_listener.py
[2025-09-21T15:30:59.336+0000] {processor.py:183} INFO - Processing /home/airflow/.local/lib/python3.8/site-packages/airflow/example_dags/plugins/event_listener.py took 0.042 seconds
[2025-09-21T15:31:29.622+0000] {processor.py:161} INFO - Started process (PID=2385) to work on /home/airflow/.local/lib/python3.8/site-packages/airflow/example_dags/plugins/event_listener.py
[2025-09-21T15:31:29.624+0000] {processor.py:830} INFO - Processing file /home/airflow/.local/lib/python3.8/site-packages/airflow/example_dags/plugins/event_listener.py for tasks to queue
[2025-09-21T15:31:29.627+0000] {logging_mixin.py:188} INFO - [2025-09-21T15:31:29.627+0000] {dagbag.py:538} INFO - Filling up the DagBag from /home/airflow/.local/lib/python3.8/site-packages/airflow/example_dags/plugins/event_listener.py
[2025-09-21T15:31:29.631+0000] {processor.py:842} WARNING - No viable dags retrieved from /home/airflow/.local/lib/python3.8/site-packages/airflow/example_dags/plugins/event_listener.py
[2025-09-21T15:31:29.654+0000] {processor.py:183} INFO - Processing /home/airflow/.local/lib/python3.8/site-packages/airflow/example_dags/plugins/event_listener.py took 0.038 seconds
[2025-09-21T15:31:59.960+0000] {processor.py:161} INFO - Started process (PID=2443) to work on /home/airflow/.local/lib/python3.8/site-packages/airflow/example_dags/plugins/event_listener.py
[2025-09-21T15:31:59.963+0000] {processor.py:830} INFO - Processing file /home/airflow/.local/lib/python3.8/site-packages/airflow/example_dags/plugins/event_listener.py for tasks to queue
[2025-09-21T15:31:59.966+0000] {logging_mixin.py:188} INFO - [2025-09-21T15:31:59.966+0000] {dagbag.py:538} INFO - Filling up the DagBag from /home/airflow/.local/lib/python3.8/site-packages/airflow/example_dags/plugins/event_listener.py
[2025-09-21T15:31:59.970+0000] {processor.py:842} WARNING - No viable dags retrieved from /home/airflow/.local/lib/python3.8/site-packages/airflow/example_dags/plugins/event_listener.py
[2025-09-21T15:31:59.994+0000] {processor.py:183} INFO - Processing /home/airflow/.local/lib/python3.8/site-packages/airflow/example_dags/plugins/event_listener.py took 0.041 seconds
[2025-09-21T15:32:30.313+0000] {processor.py:161} INFO - Started process (PID=2500) to work on /home/airflow/.local/lib/python3.8/site-packages/airflow/example_dags/plugins/event_listener.py
[2025-09-21T15:32:30.315+0000] {processor.py:830} INFO - Processing file /home/airflow/.local/lib/python3.8/site-packages/airflow/example_dags/plugins/event_listener.py for tasks to queue
[2025-09-21T15:32:30.318+0000] {logging_mixin.py:188} INFO - [2025-09-21T15:32:30.318+0000] {dagbag.py:538} INFO - Filling up the DagBag from /home/airflow/.local/lib/python3.8/site-packages/airflow/example_dags/plugins/event_listener.py
[2025-09-21T15:32:30.322+0000] {processor.py:842} WARNING - No viable dags retrieved from /home/airflow/.local/lib/python3.8/site-packages/airflow/example_dags/plugins/event_listener.py
[2025-09-21T15:32:30.346+0000] {processor.py:183} INFO - Processing /home/airflow/.local/lib/python3.8/site-packages/airflow/example_dags/plugins/event_listener.py took 0.039 seconds
[2025-09-21T15:33:00.952+0000] {processor.py:161} INFO - Started process (PID=2559) to work on /home/airflow/.local/lib/python3.8/site-packages/airflow/example_dags/plugins/event_listener.py
[2025-09-21T15:33:00.954+0000] {processor.py:830} INFO - Processing file /home/airflow/.local/lib/python3.8/site-packages/airflow/example_dags/plugins/event_listener.py for tasks to queue
[2025-09-21T15:33:00.957+0000] {logging_mixin.py:188} INFO - [2025-09-21T15:33:00.957+0000] {dagbag.py:538} INFO - Filling up the DagBag from /home/airflow/.local/lib/python3.8/site-packages/airflow/example_dags/plugins/event_listener.py
[2025-09-21T15:33:00.962+0000] {processor.py:842} WARNING - No viable dags retrieved from /home/airflow/.local/lib/python3.8/site-packages/airflow/example_dags/plugins/event_listener.py
[2025-09-21T15:33:00.986+0000] {processor.py:183} INFO - Processing /home/airflow/.local/lib/python3.8/site-packages/airflow/example_dags/plugins/event_listener.py took 0.040 seconds
[2025-09-21T15:33:32.198+0000] {processor.py:161} INFO - Started process (PID=2617) to work on /home/airflow/.local/lib/python3.8/site-packages/airflow/example_dags/plugins/event_listener.py
[2025-09-21T15:33:32.201+0000] {processor.py:830} INFO - Processing file /home/airflow/.local/lib/python3.8/site-packages/airflow/example_dags/plugins/event_listener.py for tasks to queue
[2025-09-21T15:33:32.204+0000] {logging_mixin.py:188} INFO - [2025-09-21T15:33:32.204+0000] {dagbag.py:538} INFO - Filling up the DagBag from /home/airflow/.local/lib/python3.8/site-packages/airflow/example_dags/plugins/event_listener.py
[2025-09-21T15:33:32.208+0000] {processor.py:842} WARNING - No viable dags retrieved from /home/airflow/.local/lib/python3.8/site-packages/airflow/example_dags/plugins/event_listener.py
[2025-09-21T15:33:32.238+0000] {processor.py:183} INFO - Processing /home/airflow/.local/lib/python3.8/site-packages/airflow/example_dags/plugins/event_listener.py took 0.046 seconds
[2025-09-21T15:34:02.808+0000] {processor.py:161} INFO - Started process (PID=2675) to work on /home/airflow/.local/lib/python3.8/site-packages/airflow/example_dags/plugins/event_listener.py
[2025-09-21T15:34:02.810+0000] {processor.py:830} INFO - Processing file /home/airflow/.local/lib/python3.8/site-packages/airflow/example_dags/plugins/event_listener.py for tasks to queue
[2025-09-21T15:34:02.814+0000] {logging_mixin.py:188} INFO - [2025-09-21T15:34:02.813+0000] {dagbag.py:538} INFO - Filling up the DagBag from /home/airflow/.local/lib/python3.8/site-packages/airflow/example_dags/plugins/event_listener.py
[2025-09-21T15:34:02.818+0000] {processor.py:842} WARNING - No viable dags retrieved from /home/airflow/.local/lib/python3.8/site-packages/airflow/example_dags/plugins/event_listener.py
[2025-09-21T15:34:02.844+0000] {processor.py:183} INFO - Processing /home/airflow/.local/lib/python3.8/site-packages/airflow/example_dags/plugins/event_listener.py took 0.042 seconds
[2025-09-21T15:34:33.389+0000] {processor.py:161} INFO - Started process (PID=2733) to work on /home/airflow/.local/lib/python3.8/site-packages/airflow/example_dags/plugins/event_listener.py
[2025-09-21T15:34:33.391+0000] {processor.py:830} INFO - Processing file /home/airflow/.local/lib/python3.8/site-packages/airflow/example_dags/plugins/event_listener.py for tasks to queue
[2025-09-21T15:34:33.395+0000] {logging_mixin.py:188} INFO - [2025-09-21T15:34:33.394+0000] {dagbag.py:538} INFO - Filling up the DagBag from /home/airflow/.local/lib/python3.8/site-packages/airflow/example_dags/plugins/event_listener.py
[2025-09-21T15:34:33.399+0000] {processor.py:842} WARNING - No viable dags retrieved from /home/airflow/.local/lib/python3.8/site-packages/airflow/example_dags/plugins/event_listener.py
[2025-09-21T15:34:33.426+0000] {processor.py:183} INFO - Processing /home/airflow/.local/lib/python3.8/site-packages/airflow/example_dags/plugins/event_listener.py took 0.045 seconds
[2025-09-21T15:35:04.291+0000] {processor.py:161} INFO - Started process (PID=2791) to work on /home/airflow/.local/lib/python3.8/site-packages/airflow/example_dags/plugins/event_listener.py
[2025-09-21T15:35:04.292+0000] {processor.py:830} INFO - Processing file /home/airflow/.local/lib/python3.8/site-packages/airflow/example_dags/plugins/event_listener.py for tasks to queue
[2025-09-21T15:35:04.296+0000] {logging_mixin.py:188} INFO - [2025-09-21T15:35:04.295+0000] {dagbag.py:538} INFO - Filling up the DagBag from /home/airflow/.local/lib/python3.8/site-packages/airflow/example_dags/plugins/event_listener.py
[2025-09-21T15:35:04.300+0000] {processor.py:842} WARNING - No viable dags retrieved from /home/airflow/.local/lib/python3.8/site-packages/airflow/example_dags/plugins/event_listener.py
[2025-09-21T15:35:04.323+0000] {processor.py:183} INFO - Processing /home/airflow/.local/lib/python3.8/site-packages/airflow/example_dags/plugins/event_listener.py took 0.038 seconds
[2025-09-21T15:35:35.130+0000] {processor.py:161} INFO - Started process (PID=2849) to work on /home/airflow/.local/lib/python3.8/site-packages/airflow/example_dags/plugins/event_listener.py
[2025-09-21T15:35:35.133+0000] {processor.py:830} INFO - Processing file /home/airflow/.local/lib/python3.8/site-packages/airflow/example_dags/plugins/event_listener.py for tasks to queue
[2025-09-21T15:35:35.164+0000] {logging_mixin.py:188} INFO - [2025-09-21T15:35:35.163+0000] {dagbag.py:538} INFO - Filling up the DagBag from /home/airflow/.local/lib/python3.8/site-packages/airflow/example_dags/plugins/event_listener.py
[2025-09-21T15:35:35.188+0000] {processor.py:842} WARNING - No viable dags retrieved from /home/airflow/.local/lib/python3.8/site-packages/airflow/example_dags/plugins/event_listener.py
[2025-09-21T15:35:35.219+0000] {processor.py:183} INFO - Processing /home/airflow/.local/lib/python3.8/site-packages/airflow/example_dags/plugins/event_listener.py took 0.097 seconds
[2025-09-21T15:36:05.425+0000] {processor.py:161} INFO - Started process (PID=2907) to work on /home/airflow/.local/lib/python3.8/site-packages/airflow/example_dags/plugins/event_listener.py
[2025-09-21T15:36:05.430+0000] {processor.py:830} INFO - Processing file /home/airflow/.local/lib/python3.8/site-packages/airflow/example_dags/plugins/event_listener.py for tasks to queue
[2025-09-21T15:36:05.434+0000] {logging_mixin.py:188} INFO - [2025-09-21T15:36:05.433+0000] {dagbag.py:538} INFO - Filling up the DagBag from /home/airflow/.local/lib/python3.8/site-packages/airflow/example_dags/plugins/event_listener.py
[2025-09-21T15:36:05.439+0000] {processor.py:842} WARNING - No viable dags retrieved from /home/airflow/.local/lib/python3.8/site-packages/airflow/example_dags/plugins/event_listener.py
[2025-09-21T15:36:05.462+0000] {processor.py:183} INFO - Processing /home/airflow/.local/lib/python3.8/site-packages/airflow/example_dags/plugins/event_listener.py took 0.043 seconds
[2025-09-21T15:38:58.514+0000] {processor.py:161} INFO - Started process (PID=116) to work on /home/airflow/.local/lib/python3.8/site-packages/airflow/example_dags/plugins/event_listener.py
[2025-09-21T15:38:58.516+0000] {processor.py:830} INFO - Processing file /home/airflow/.local/lib/python3.8/site-packages/airflow/example_dags/plugins/event_listener.py for tasks to queue
[2025-09-21T15:38:58.519+0000] {logging_mixin.py:188} INFO - [2025-09-21T15:38:58.519+0000] {dagbag.py:538} INFO - Filling up the DagBag from /home/airflow/.local/lib/python3.8/site-packages/airflow/example_dags/plugins/event_listener.py
[2025-09-21T15:38:58.525+0000] {processor.py:842} WARNING - No viable dags retrieved from /home/airflow/.local/lib/python3.8/site-packages/airflow/example_dags/plugins/event_listener.py
[2025-09-21T15:38:58.550+0000] {processor.py:183} INFO - Processing /home/airflow/.local/lib/python3.8/site-packages/airflow/example_dags/plugins/event_listener.py took 0.041 seconds
[2025-09-21T15:39:29.288+0000] {processor.py:161} INFO - Started process (PID=174) to work on /home/airflow/.local/lib/python3.8/site-packages/airflow/example_dags/plugins/event_listener.py
[2025-09-21T15:39:29.290+0000] {processor.py:830} INFO - Processing file /home/airflow/.local/lib/python3.8/site-packages/airflow/example_dags/plugins/event_listener.py for tasks to queue
[2025-09-21T15:39:29.294+0000] {logging_mixin.py:188} INFO - [2025-09-21T15:39:29.293+0000] {dagbag.py:538} INFO - Filling up the DagBag from /home/airflow/.local/lib/python3.8/site-packages/airflow/example_dags/plugins/event_listener.py
[2025-09-21T15:39:29.298+0000] {processor.py:842} WARNING - No viable dags retrieved from /home/airflow/.local/lib/python3.8/site-packages/airflow/example_dags/plugins/event_listener.py
[2025-09-21T15:39:29.321+0000] {processor.py:183} INFO - Processing /home/airflow/.local/lib/python3.8/site-packages/airflow/example_dags/plugins/event_listener.py took 0.038 seconds
[2025-09-21T15:39:59.511+0000] {processor.py:161} INFO - Started process (PID=232) to work on /home/airflow/.local/lib/python3.8/site-packages/airflow/example_dags/plugins/event_listener.py
[2025-09-21T15:39:59.513+0000] {processor.py:830} INFO - Processing file /home/airflow/.local/lib/python3.8/site-packages/airflow/example_dags/plugins/event_listener.py for tasks to queue
[2025-09-21T15:39:59.517+0000] {logging_mixin.py:188} INFO - [2025-09-21T15:39:59.516+0000] {dagbag.py:538} INFO - Filling up the DagBag from /home/airflow/.local/lib/python3.8/site-packages/airflow/example_dags/plugins/event_listener.py
[2025-09-21T15:39:59.521+0000] {processor.py:842} WARNING - No viable dags retrieved from /home/airflow/.local/lib/python3.8/site-packages/airflow/example_dags/plugins/event_listener.py
[2025-09-21T15:39:59.543+0000] {processor.py:183} INFO - Processing /home/airflow/.local/lib/python3.8/site-packages/airflow/example_dags/plugins/event_listener.py took 0.037 seconds
[2025-09-21T15:40:29.878+0000] {processor.py:161} INFO - Started process (PID=290) to work on /home/airflow/.local/lib/python3.8/site-packages/airflow/example_dags/plugins/event_listener.py
[2025-09-21T15:40:29.880+0000] {processor.py:830} INFO - Processing file /home/airflow/.local/lib/python3.8/site-packages/airflow/example_dags/plugins/event_listener.py for tasks to queue
[2025-09-21T15:40:29.884+0000] {logging_mixin.py:188} INFO - [2025-09-21T15:40:29.884+0000] {dagbag.py:538} INFO - Filling up the DagBag from /home/airflow/.local/lib/python3.8/site-packages/airflow/example_dags/plugins/event_listener.py
[2025-09-21T15:40:29.888+0000] {processor.py:842} WARNING - No viable dags retrieved from /home/airflow/.local/lib/python3.8/site-packages/airflow/example_dags/plugins/event_listener.py
[2025-09-21T15:40:29.913+0000] {processor.py:183} INFO - Processing /home/airflow/.local/lib/python3.8/site-packages/airflow/example_dags/plugins/event_listener.py took 0.040 seconds
[2025-09-21T15:41:00.510+0000] {processor.py:161} INFO - Started process (PID=348) to work on /home/airflow/.local/lib/python3.8/site-packages/airflow/example_dags/plugins/event_listener.py
[2025-09-21T15:41:00.512+0000] {processor.py:830} INFO - Processing file /home/airflow/.local/lib/python3.8/site-packages/airflow/example_dags/plugins/event_listener.py for tasks to queue
[2025-09-21T15:41:00.516+0000] {logging_mixin.py:188} INFO - [2025-09-21T15:41:00.516+0000] {dagbag.py:538} INFO - Filling up the DagBag from /home/airflow/.local/lib/python3.8/site-packages/airflow/example_dags/plugins/event_listener.py
[2025-09-21T15:41:00.521+0000] {processor.py:842} WARNING - No viable dags retrieved from /home/airflow/.local/lib/python3.8/site-packages/airflow/example_dags/plugins/event_listener.py
[2025-09-21T15:41:00.546+0000] {processor.py:183} INFO - Processing /home/airflow/.local/lib/python3.8/site-packages/airflow/example_dags/plugins/event_listener.py took 0.042 seconds
[2025-09-21T15:41:31.338+0000] {processor.py:161} INFO - Started process (PID=406) to work on /home/airflow/.local/lib/python3.8/site-packages/airflow/example_dags/plugins/event_listener.py
[2025-09-21T15:41:31.340+0000] {processor.py:830} INFO - Processing file /home/airflow/.local/lib/python3.8/site-packages/airflow/example_dags/plugins/event_listener.py for tasks to queue
[2025-09-21T15:41:31.345+0000] {logging_mixin.py:188} INFO - [2025-09-21T15:41:31.344+0000] {dagbag.py:538} INFO - Filling up the DagBag from /home/airflow/.local/lib/python3.8/site-packages/airflow/example_dags/plugins/event_listener.py
[2025-09-21T15:41:31.350+0000] {processor.py:842} WARNING - No viable dags retrieved from /home/airflow/.local/lib/python3.8/site-packages/airflow/example_dags/plugins/event_listener.py
[2025-09-21T15:41:31.379+0000] {processor.py:183} INFO - Processing /home/airflow/.local/lib/python3.8/site-packages/airflow/example_dags/plugins/event_listener.py took 0.047 seconds
[2025-09-21T15:42:01.774+0000] {processor.py:161} INFO - Started process (PID=464) to work on /home/airflow/.local/lib/python3.8/site-packages/airflow/example_dags/plugins/event_listener.py
[2025-09-21T15:42:01.776+0000] {processor.py:830} INFO - Processing file /home/airflow/.local/lib/python3.8/site-packages/airflow/example_dags/plugins/event_listener.py for tasks to queue
[2025-09-21T15:42:01.779+0000] {logging_mixin.py:188} INFO - [2025-09-21T15:42:01.778+0000] {dagbag.py:538} INFO - Filling up the DagBag from /home/airflow/.local/lib/python3.8/site-packages/airflow/example_dags/plugins/event_listener.py
[2025-09-21T15:42:01.784+0000] {processor.py:842} WARNING - No viable dags retrieved from /home/airflow/.local/lib/python3.8/site-packages/airflow/example_dags/plugins/event_listener.py
[2025-09-21T15:42:01.810+0000] {processor.py:183} INFO - Processing /home/airflow/.local/lib/python3.8/site-packages/airflow/example_dags/plugins/event_listener.py took 0.043 seconds
[2025-09-21T15:42:32.060+0000] {processor.py:161} INFO - Started process (PID=521) to work on /home/airflow/.local/lib/python3.8/site-packages/airflow/example_dags/plugins/event_listener.py
[2025-09-21T15:42:32.063+0000] {processor.py:830} INFO - Processing file /home/airflow/.local/lib/python3.8/site-packages/airflow/example_dags/plugins/event_listener.py for tasks to queue
[2025-09-21T15:42:32.067+0000] {logging_mixin.py:188} INFO - [2025-09-21T15:42:32.066+0000] {dagbag.py:538} INFO - Filling up the DagBag from /home/airflow/.local/lib/python3.8/site-packages/airflow/example_dags/plugins/event_listener.py
[2025-09-21T15:42:32.072+0000] {processor.py:842} WARNING - No viable dags retrieved from /home/airflow/.local/lib/python3.8/site-packages/airflow/example_dags/plugins/event_listener.py
[2025-09-21T15:42:32.097+0000] {processor.py:183} INFO - Processing /home/airflow/.local/lib/python3.8/site-packages/airflow/example_dags/plugins/event_listener.py took 0.044 seconds
[2025-09-21T15:43:03.771+0000] {processor.py:161} INFO - Started process (PID=580) to work on /home/airflow/.local/lib/python3.8/site-packages/airflow/example_dags/plugins/event_listener.py
[2025-09-21T15:43:03.775+0000] {processor.py:830} INFO - Processing file /home/airflow/.local/lib/python3.8/site-packages/airflow/example_dags/plugins/event_listener.py for tasks to queue
[2025-09-21T15:43:03.779+0000] {logging_mixin.py:188} INFO - [2025-09-21T15:43:03.778+0000] {dagbag.py:538} INFO - Filling up the DagBag from /home/airflow/.local/lib/python3.8/site-packages/airflow/example_dags/plugins/event_listener.py
[2025-09-21T15:43:03.783+0000] {processor.py:842} WARNING - No viable dags retrieved from /home/airflow/.local/lib/python3.8/site-packages/airflow/example_dags/plugins/event_listener.py
[2025-09-21T15:43:03.810+0000] {processor.py:183} INFO - Processing /home/airflow/.local/lib/python3.8/site-packages/airflow/example_dags/plugins/event_listener.py took 0.046 seconds
[2025-09-21T15:43:33.924+0000] {processor.py:161} INFO - Started process (PID=638) to work on /home/airflow/.local/lib/python3.8/site-packages/airflow/example_dags/plugins/event_listener.py
[2025-09-21T15:43:33.926+0000] {processor.py:830} INFO - Processing file /home/airflow/.local/lib/python3.8/site-packages/airflow/example_dags/plugins/event_listener.py for tasks to queue
[2025-09-21T15:43:33.930+0000] {logging_mixin.py:188} INFO - [2025-09-21T15:43:33.929+0000] {dagbag.py:538} INFO - Filling up the DagBag from /home/airflow/.local/lib/python3.8/site-packages/airflow/example_dags/plugins/event_listener.py
[2025-09-21T15:43:33.934+0000] {processor.py:842} WARNING - No viable dags retrieved from /home/airflow/.local/lib/python3.8/site-packages/airflow/example_dags/plugins/event_listener.py
[2025-09-21T15:43:33.958+0000] {processor.py:183} INFO - Processing /home/airflow/.local/lib/python3.8/site-packages/airflow/example_dags/plugins/event_listener.py took 0.039 seconds
[2025-09-21T15:44:05.587+0000] {processor.py:161} INFO - Started process (PID=696) to work on /home/airflow/.local/lib/python3.8/site-packages/airflow/example_dags/plugins/event_listener.py
[2025-09-21T15:44:05.589+0000] {processor.py:830} INFO - Processing file /home/airflow/.local/lib/python3.8/site-packages/airflow/example_dags/plugins/event_listener.py for tasks to queue
[2025-09-21T15:44:05.592+0000] {logging_mixin.py:188} INFO - [2025-09-21T15:44:05.592+0000] {dagbag.py:538} INFO - Filling up the DagBag from /home/airflow/.local/lib/python3.8/site-packages/airflow/example_dags/plugins/event_listener.py
[2025-09-21T15:44:05.596+0000] {processor.py:842} WARNING - No viable dags retrieved from /home/airflow/.local/lib/python3.8/site-packages/airflow/example_dags/plugins/event_listener.py
[2025-09-21T15:44:05.620+0000] {processor.py:183} INFO - Processing /home/airflow/.local/lib/python3.8/site-packages/airflow/example_dags/plugins/event_listener.py took 0.039 seconds
[2025-09-21T15:44:36.871+0000] {processor.py:161} INFO - Started process (PID=754) to work on /home/airflow/.local/lib/python3.8/site-packages/airflow/example_dags/plugins/event_listener.py
[2025-09-21T15:44:36.873+0000] {processor.py:830} INFO - Processing file /home/airflow/.local/lib/python3.8/site-packages/airflow/example_dags/plugins/event_listener.py for tasks to queue
[2025-09-21T15:44:36.877+0000] {logging_mixin.py:188} INFO - [2025-09-21T15:44:36.876+0000] {dagbag.py:538} INFO - Filling up the DagBag from /home/airflow/.local/lib/python3.8/site-packages/airflow/example_dags/plugins/event_listener.py
[2025-09-21T15:44:36.881+0000] {processor.py:842} WARNING - No viable dags retrieved from /home/airflow/.local/lib/python3.8/site-packages/airflow/example_dags/plugins/event_listener.py
[2025-09-21T15:44:36.906+0000] {processor.py:183} INFO - Processing /home/airflow/.local/lib/python3.8/site-packages/airflow/example_dags/plugins/event_listener.py took 0.041 seconds
[2025-09-21T15:45:07.754+0000] {processor.py:161} INFO - Started process (PID=812) to work on /home/airflow/.local/lib/python3.8/site-packages/airflow/example_dags/plugins/event_listener.py
[2025-09-21T15:45:07.755+0000] {processor.py:830} INFO - Processing file /home/airflow/.local/lib/python3.8/site-packages/airflow/example_dags/plugins/event_listener.py for tasks to queue
[2025-09-21T15:45:07.759+0000] {logging_mixin.py:188} INFO - [2025-09-21T15:45:07.758+0000] {dagbag.py:538} INFO - Filling up the DagBag from /home/airflow/.local/lib/python3.8/site-packages/airflow/example_dags/plugins/event_listener.py
[2025-09-21T15:45:07.763+0000] {processor.py:842} WARNING - No viable dags retrieved from /home/airflow/.local/lib/python3.8/site-packages/airflow/example_dags/plugins/event_listener.py
[2025-09-21T15:45:07.789+0000] {processor.py:183} INFO - Processing /home/airflow/.local/lib/python3.8/site-packages/airflow/example_dags/plugins/event_listener.py took 0.041 seconds
[2025-09-21T15:45:38.574+0000] {processor.py:161} INFO - Started process (PID=870) to work on /home/airflow/.local/lib/python3.8/site-packages/airflow/example_dags/plugins/event_listener.py
[2025-09-21T15:45:38.576+0000] {processor.py:830} INFO - Processing file /home/airflow/.local/lib/python3.8/site-packages/airflow/example_dags/plugins/event_listener.py for tasks to queue
[2025-09-21T15:45:38.580+0000] {logging_mixin.py:188} INFO - [2025-09-21T15:45:38.579+0000] {dagbag.py:538} INFO - Filling up the DagBag from /home/airflow/.local/lib/python3.8/site-packages/airflow/example_dags/plugins/event_listener.py
[2025-09-21T15:45:38.584+0000] {processor.py:842} WARNING - No viable dags retrieved from /home/airflow/.local/lib/python3.8/site-packages/airflow/example_dags/plugins/event_listener.py
[2025-09-21T15:45:38.607+0000] {processor.py:183} INFO - Processing /home/airflow/.local/lib/python3.8/site-packages/airflow/example_dags/plugins/event_listener.py took 0.039 seconds
[2025-09-21T15:46:09.115+0000] {processor.py:161} INFO - Started process (PID=928) to work on /home/airflow/.local/lib/python3.8/site-packages/airflow/example_dags/plugins/event_listener.py
[2025-09-21T15:46:09.117+0000] {processor.py:830} INFO - Processing file /home/airflow/.local/lib/python3.8/site-packages/airflow/example_dags/plugins/event_listener.py for tasks to queue
[2025-09-21T15:46:09.120+0000] {logging_mixin.py:188} INFO - [2025-09-21T15:46:09.120+0000] {dagbag.py:538} INFO - Filling up the DagBag from /home/airflow/.local/lib/python3.8/site-packages/airflow/example_dags/plugins/event_listener.py
[2025-09-21T15:46:09.124+0000] {processor.py:842} WARNING - No viable dags retrieved from /home/airflow/.local/lib/python3.8/site-packages/airflow/example_dags/plugins/event_listener.py
[2025-09-21T15:46:09.150+0000] {processor.py:183} INFO - Processing /home/airflow/.local/lib/python3.8/site-packages/airflow/example_dags/plugins/event_listener.py took 0.040 seconds
[2025-09-21T15:46:39.440+0000] {processor.py:161} INFO - Started process (PID=984) to work on /home/airflow/.local/lib/python3.8/site-packages/airflow/example_dags/plugins/event_listener.py
[2025-09-21T15:46:39.442+0000] {processor.py:830} INFO - Processing file /home/airflow/.local/lib/python3.8/site-packages/airflow/example_dags/plugins/event_listener.py for tasks to queue
[2025-09-21T15:46:39.445+0000] {logging_mixin.py:188} INFO - [2025-09-21T15:46:39.445+0000] {dagbag.py:538} INFO - Filling up the DagBag from /home/airflow/.local/lib/python3.8/site-packages/airflow/example_dags/plugins/event_listener.py
[2025-09-21T15:46:39.451+0000] {processor.py:842} WARNING - No viable dags retrieved from /home/airflow/.local/lib/python3.8/site-packages/airflow/example_dags/plugins/event_listener.py
[2025-09-21T15:46:39.477+0000] {processor.py:183} INFO - Processing /home/airflow/.local/lib/python3.8/site-packages/airflow/example_dags/plugins/event_listener.py took 0.043 seconds
[2025-09-21T15:47:10.410+0000] {processor.py:161} INFO - Started process (PID=1042) to work on /home/airflow/.local/lib/python3.8/site-packages/airflow/example_dags/plugins/event_listener.py
[2025-09-21T15:47:10.412+0000] {processor.py:830} INFO - Processing file /home/airflow/.local/lib/python3.8/site-packages/airflow/example_dags/plugins/event_listener.py for tasks to queue
[2025-09-21T15:47:10.416+0000] {logging_mixin.py:188} INFO - [2025-09-21T15:47:10.415+0000] {dagbag.py:538} INFO - Filling up the DagBag from /home/airflow/.local/lib/python3.8/site-packages/airflow/example_dags/plugins/event_listener.py
[2025-09-21T15:47:10.421+0000] {processor.py:842} WARNING - No viable dags retrieved from /home/airflow/.local/lib/python3.8/site-packages/airflow/example_dags/plugins/event_listener.py
[2025-09-21T15:47:10.446+0000] {processor.py:183} INFO - Processing /home/airflow/.local/lib/python3.8/site-packages/airflow/example_dags/plugins/event_listener.py took 0.042 seconds
[2025-09-21T15:47:41.092+0000] {processor.py:161} INFO - Started process (PID=1100) to work on /home/airflow/.local/lib/python3.8/site-packages/airflow/example_dags/plugins/event_listener.py
[2025-09-21T15:47:41.094+0000] {processor.py:830} INFO - Processing file /home/airflow/.local/lib/python3.8/site-packages/airflow/example_dags/plugins/event_listener.py for tasks to queue
[2025-09-21T15:47:41.097+0000] {logging_mixin.py:188} INFO - [2025-09-21T15:47:41.097+0000] {dagbag.py:538} INFO - Filling up the DagBag from /home/airflow/.local/lib/python3.8/site-packages/airflow/example_dags/plugins/event_listener.py
[2025-09-21T15:47:41.101+0000] {processor.py:842} WARNING - No viable dags retrieved from /home/airflow/.local/lib/python3.8/site-packages/airflow/example_dags/plugins/event_listener.py
[2025-09-21T15:47:41.126+0000] {processor.py:183} INFO - Processing /home/airflow/.local/lib/python3.8/site-packages/airflow/example_dags/plugins/event_listener.py took 0.039 seconds
[2025-09-21T15:48:11.443+0000] {processor.py:161} INFO - Started process (PID=1158) to work on /home/airflow/.local/lib/python3.8/site-packages/airflow/example_dags/plugins/event_listener.py
[2025-09-21T15:48:11.445+0000] {processor.py:830} INFO - Processing file /home/airflow/.local/lib/python3.8/site-packages/airflow/example_dags/plugins/event_listener.py for tasks to queue
[2025-09-21T15:48:11.448+0000] {logging_mixin.py:188} INFO - [2025-09-21T15:48:11.447+0000] {dagbag.py:538} INFO - Filling up the DagBag from /home/airflow/.local/lib/python3.8/site-packages/airflow/example_dags/plugins/event_listener.py
[2025-09-21T15:48:11.452+0000] {processor.py:842} WARNING - No viable dags retrieved from /home/airflow/.local/lib/python3.8/site-packages/airflow/example_dags/plugins/event_listener.py
[2025-09-21T15:48:11.476+0000] {processor.py:183} INFO - Processing /home/airflow/.local/lib/python3.8/site-packages/airflow/example_dags/plugins/event_listener.py took 0.039 seconds
[2025-09-21T15:48:41.920+0000] {processor.py:161} INFO - Started process (PID=1216) to work on /home/airflow/.local/lib/python3.8/site-packages/airflow/example_dags/plugins/event_listener.py
[2025-09-21T15:48:41.922+0000] {processor.py:830} INFO - Processing file /home/airflow/.local/lib/python3.8/site-packages/airflow/example_dags/plugins/event_listener.py for tasks to queue
[2025-09-21T15:48:41.925+0000] {logging_mixin.py:188} INFO - [2025-09-21T15:48:41.925+0000] {dagbag.py:538} INFO - Filling up the DagBag from /home/airflow/.local/lib/python3.8/site-packages/airflow/example_dags/plugins/event_listener.py
[2025-09-21T15:48:41.929+0000] {processor.py:842} WARNING - No viable dags retrieved from /home/airflow/.local/lib/python3.8/site-packages/airflow/example_dags/plugins/event_listener.py
[2025-09-21T15:48:41.952+0000] {processor.py:183} INFO - Processing /home/airflow/.local/lib/python3.8/site-packages/airflow/example_dags/plugins/event_listener.py took 0.038 seconds
[2025-09-21T15:49:12.938+0000] {processor.py:161} INFO - Started process (PID=1274) to work on /home/airflow/.local/lib/python3.8/site-packages/airflow/example_dags/plugins/event_listener.py
[2025-09-21T15:49:12.941+0000] {processor.py:830} INFO - Processing file /home/airflow/.local/lib/python3.8/site-packages/airflow/example_dags/plugins/event_listener.py for tasks to queue
[2025-09-21T15:49:12.946+0000] {logging_mixin.py:188} INFO - [2025-09-21T15:49:12.945+0000] {dagbag.py:538} INFO - Filling up the DagBag from /home/airflow/.local/lib/python3.8/site-packages/airflow/example_dags/plugins/event_listener.py
[2025-09-21T15:49:12.951+0000] {processor.py:842} WARNING - No viable dags retrieved from /home/airflow/.local/lib/python3.8/site-packages/airflow/example_dags/plugins/event_listener.py
[2025-09-21T15:49:12.980+0000] {processor.py:183} INFO - Processing /home/airflow/.local/lib/python3.8/site-packages/airflow/example_dags/plugins/event_listener.py took 0.047 seconds
[2025-09-21T15:49:43.330+0000] {processor.py:161} INFO - Started process (PID=1332) to work on /home/airflow/.local/lib/python3.8/site-packages/airflow/example_dags/plugins/event_listener.py
[2025-09-21T15:49:43.332+0000] {processor.py:830} INFO - Processing file /home/airflow/.local/lib/python3.8/site-packages/airflow/example_dags/plugins/event_listener.py for tasks to queue
[2025-09-21T15:49:43.337+0000] {logging_mixin.py:188} INFO - [2025-09-21T15:49:43.337+0000] {dagbag.py:538} INFO - Filling up the DagBag from /home/airflow/.local/lib/python3.8/site-packages/airflow/example_dags/plugins/event_listener.py
[2025-09-21T15:49:43.341+0000] {processor.py:842} WARNING - No viable dags retrieved from /home/airflow/.local/lib/python3.8/site-packages/airflow/example_dags/plugins/event_listener.py
[2025-09-21T15:49:43.370+0000] {processor.py:183} INFO - Processing /home/airflow/.local/lib/python3.8/site-packages/airflow/example_dags/plugins/event_listener.py took 0.045 seconds
[2025-09-21T15:50:13.959+0000] {processor.py:161} INFO - Started process (PID=1390) to work on /home/airflow/.local/lib/python3.8/site-packages/airflow/example_dags/plugins/event_listener.py
[2025-09-21T15:50:13.961+0000] {processor.py:830} INFO - Processing file /home/airflow/.local/lib/python3.8/site-packages/airflow/example_dags/plugins/event_listener.py for tasks to queue
[2025-09-21T15:50:13.964+0000] {logging_mixin.py:188} INFO - [2025-09-21T15:50:13.964+0000] {dagbag.py:538} INFO - Filling up the DagBag from /home/airflow/.local/lib/python3.8/site-packages/airflow/example_dags/plugins/event_listener.py
[2025-09-21T15:50:13.968+0000] {processor.py:842} WARNING - No viable dags retrieved from /home/airflow/.local/lib/python3.8/site-packages/airflow/example_dags/plugins/event_listener.py
[2025-09-21T15:50:13.995+0000] {processor.py:183} INFO - Processing /home/airflow/.local/lib/python3.8/site-packages/airflow/example_dags/plugins/event_listener.py took 0.043 seconds
[2025-09-21T15:50:44.558+0000] {processor.py:161} INFO - Started process (PID=1448) to work on /home/airflow/.local/lib/python3.8/site-packages/airflow/example_dags/plugins/event_listener.py
[2025-09-21T15:50:44.559+0000] {processor.py:830} INFO - Processing file /home/airflow/.local/lib/python3.8/site-packages/airflow/example_dags/plugins/event_listener.py for tasks to queue
[2025-09-21T15:50:44.563+0000] {logging_mixin.py:188} INFO - [2025-09-21T15:50:44.562+0000] {dagbag.py:538} INFO - Filling up the DagBag from /home/airflow/.local/lib/python3.8/site-packages/airflow/example_dags/plugins/event_listener.py
[2025-09-21T15:50:44.568+0000] {processor.py:842} WARNING - No viable dags retrieved from /home/airflow/.local/lib/python3.8/site-packages/airflow/example_dags/plugins/event_listener.py
[2025-09-21T15:50:44.593+0000] {processor.py:183} INFO - Processing /home/airflow/.local/lib/python3.8/site-packages/airflow/example_dags/plugins/event_listener.py took 0.042 seconds
[2025-09-21T15:51:15.281+0000] {processor.py:161} INFO - Started process (PID=1506) to work on /home/airflow/.local/lib/python3.8/site-packages/airflow/example_dags/plugins/event_listener.py
[2025-09-21T15:51:15.283+0000] {processor.py:830} INFO - Processing file /home/airflow/.local/lib/python3.8/site-packages/airflow/example_dags/plugins/event_listener.py for tasks to queue
[2025-09-21T15:51:15.287+0000] {logging_mixin.py:188} INFO - [2025-09-21T15:51:15.287+0000] {dagbag.py:538} INFO - Filling up the DagBag from /home/airflow/.local/lib/python3.8/site-packages/airflow/example_dags/plugins/event_listener.py
[2025-09-21T15:51:15.292+0000] {processor.py:842} WARNING - No viable dags retrieved from /home/airflow/.local/lib/python3.8/site-packages/airflow/example_dags/plugins/event_listener.py
[2025-09-21T15:51:15.318+0000] {processor.py:183} INFO - Processing /home/airflow/.local/lib/python3.8/site-packages/airflow/example_dags/plugins/event_listener.py took 0.043 seconds
[2025-09-21T15:51:45.753+0000] {processor.py:161} INFO - Started process (PID=1570) to work on /home/airflow/.local/lib/python3.8/site-packages/airflow/example_dags/plugins/event_listener.py
[2025-09-21T15:51:45.755+0000] {processor.py:830} INFO - Processing file /home/airflow/.local/lib/python3.8/site-packages/airflow/example_dags/plugins/event_listener.py for tasks to queue
[2025-09-21T15:51:45.758+0000] {logging_mixin.py:188} INFO - [2025-09-21T15:51:45.758+0000] {dagbag.py:538} INFO - Filling up the DagBag from /home/airflow/.local/lib/python3.8/site-packages/airflow/example_dags/plugins/event_listener.py
[2025-09-21T15:51:45.762+0000] {processor.py:842} WARNING - No viable dags retrieved from /home/airflow/.local/lib/python3.8/site-packages/airflow/example_dags/plugins/event_listener.py
[2025-09-21T15:51:45.787+0000] {processor.py:183} INFO - Processing /home/airflow/.local/lib/python3.8/site-packages/airflow/example_dags/plugins/event_listener.py took 0.039 seconds
[2025-09-21T15:52:16.715+0000] {processor.py:161} INFO - Started process (PID=1628) to work on /home/airflow/.local/lib/python3.8/site-packages/airflow/example_dags/plugins/event_listener.py
[2025-09-21T15:52:16.717+0000] {processor.py:830} INFO - Processing file /home/airflow/.local/lib/python3.8/site-packages/airflow/example_dags/plugins/event_listener.py for tasks to queue
[2025-09-21T15:52:16.720+0000] {logging_mixin.py:188} INFO - [2025-09-21T15:52:16.720+0000] {dagbag.py:538} INFO - Filling up the DagBag from /home/airflow/.local/lib/python3.8/site-packages/airflow/example_dags/plugins/event_listener.py
[2025-09-21T15:52:16.725+0000] {processor.py:842} WARNING - No viable dags retrieved from /home/airflow/.local/lib/python3.8/site-packages/airflow/example_dags/plugins/event_listener.py
[2025-09-21T15:52:16.761+0000] {processor.py:183} INFO - Processing /home/airflow/.local/lib/python3.8/site-packages/airflow/example_dags/plugins/event_listener.py took 0.051 seconds
[2025-09-21T15:52:46.980+0000] {processor.py:161} INFO - Started process (PID=1686) to work on /home/airflow/.local/lib/python3.8/site-packages/airflow/example_dags/plugins/event_listener.py
[2025-09-21T15:52:46.982+0000] {processor.py:830} INFO - Processing file /home/airflow/.local/lib/python3.8/site-packages/airflow/example_dags/plugins/event_listener.py for tasks to queue
[2025-09-21T15:52:46.986+0000] {logging_mixin.py:188} INFO - [2025-09-21T15:52:46.986+0000] {dagbag.py:538} INFO - Filling up the DagBag from /home/airflow/.local/lib/python3.8/site-packages/airflow/example_dags/plugins/event_listener.py
[2025-09-21T15:52:46.991+0000] {processor.py:842} WARNING - No viable dags retrieved from /home/airflow/.local/lib/python3.8/site-packages/airflow/example_dags/plugins/event_listener.py
[2025-09-21T15:52:47.015+0000] {processor.py:183} INFO - Processing /home/airflow/.local/lib/python3.8/site-packages/airflow/example_dags/plugins/event_listener.py took 0.041 seconds
[2025-09-21T15:53:17.805+0000] {processor.py:161} INFO - Started process (PID=1744) to work on /home/airflow/.local/lib/python3.8/site-packages/airflow/example_dags/plugins/event_listener.py
[2025-09-21T15:53:17.807+0000] {processor.py:830} INFO - Processing file /home/airflow/.local/lib/python3.8/site-packages/airflow/example_dags/plugins/event_listener.py for tasks to queue
[2025-09-21T15:53:17.810+0000] {logging_mixin.py:188} INFO - [2025-09-21T15:53:17.810+0000] {dagbag.py:538} INFO - Filling up the DagBag from /home/airflow/.local/lib/python3.8/site-packages/airflow/example_dags/plugins/event_listener.py
[2025-09-21T15:53:17.814+0000] {processor.py:842} WARNING - No viable dags retrieved from /home/airflow/.local/lib/python3.8/site-packages/airflow/example_dags/plugins/event_listener.py
[2025-09-21T15:53:17.839+0000] {processor.py:183} INFO - Processing /home/airflow/.local/lib/python3.8/site-packages/airflow/example_dags/plugins/event_listener.py took 0.039 seconds
[2025-09-21T15:53:48.307+0000] {processor.py:161} INFO - Started process (PID=1802) to work on /home/airflow/.local/lib/python3.8/site-packages/airflow/example_dags/plugins/event_listener.py
[2025-09-21T15:53:48.309+0000] {processor.py:830} INFO - Processing file /home/airflow/.local/lib/python3.8/site-packages/airflow/example_dags/plugins/event_listener.py for tasks to queue
[2025-09-21T15:53:48.312+0000] {logging_mixin.py:188} INFO - [2025-09-21T15:53:48.312+0000] {dagbag.py:538} INFO - Filling up the DagBag from /home/airflow/.local/lib/python3.8/site-packages/airflow/example_dags/plugins/event_listener.py
[2025-09-21T15:53:48.317+0000] {processor.py:842} WARNING - No viable dags retrieved from /home/airflow/.local/lib/python3.8/site-packages/airflow/example_dags/plugins/event_listener.py
[2025-09-21T15:53:48.343+0000] {processor.py:183} INFO - Processing /home/airflow/.local/lib/python3.8/site-packages/airflow/example_dags/plugins/event_listener.py took 0.043 seconds
[2025-09-21T15:54:18.671+0000] {processor.py:161} INFO - Started process (PID=1860) to work on /home/airflow/.local/lib/python3.8/site-packages/airflow/example_dags/plugins/event_listener.py
[2025-09-21T15:54:18.673+0000] {processor.py:830} INFO - Processing file /home/airflow/.local/lib/python3.8/site-packages/airflow/example_dags/plugins/event_listener.py for tasks to queue
[2025-09-21T15:54:18.677+0000] {logging_mixin.py:188} INFO - [2025-09-21T15:54:18.676+0000] {dagbag.py:538} INFO - Filling up the DagBag from /home/airflow/.local/lib/python3.8/site-packages/airflow/example_dags/plugins/event_listener.py
[2025-09-21T15:54:18.682+0000] {processor.py:842} WARNING - No viable dags retrieved from /home/airflow/.local/lib/python3.8/site-packages/airflow/example_dags/plugins/event_listener.py
[2025-09-21T15:54:18.705+0000] {processor.py:183} INFO - Processing /home/airflow/.local/lib/python3.8/site-packages/airflow/example_dags/plugins/event_listener.py took 0.040 seconds
[2025-09-21T15:54:49.398+0000] {processor.py:161} INFO - Started process (PID=1918) to work on /home/airflow/.local/lib/python3.8/site-packages/airflow/example_dags/plugins/event_listener.py
[2025-09-21T15:54:49.400+0000] {processor.py:830} INFO - Processing file /home/airflow/.local/lib/python3.8/site-packages/airflow/example_dags/plugins/event_listener.py for tasks to queue
[2025-09-21T15:54:49.405+0000] {logging_mixin.py:188} INFO - [2025-09-21T15:54:49.404+0000] {dagbag.py:538} INFO - Filling up the DagBag from /home/airflow/.local/lib/python3.8/site-packages/airflow/example_dags/plugins/event_listener.py
[2025-09-21T15:54:49.409+0000] {processor.py:842} WARNING - No viable dags retrieved from /home/airflow/.local/lib/python3.8/site-packages/airflow/example_dags/plugins/event_listener.py
[2025-09-21T15:54:49.432+0000] {processor.py:183} INFO - Processing /home/airflow/.local/lib/python3.8/site-packages/airflow/example_dags/plugins/event_listener.py took 0.040 seconds
[2025-09-21T15:55:19.993+0000] {processor.py:161} INFO - Started process (PID=1976) to work on /home/airflow/.local/lib/python3.8/site-packages/airflow/example_dags/plugins/event_listener.py
[2025-09-21T15:55:19.995+0000] {processor.py:830} INFO - Processing file /home/airflow/.local/lib/python3.8/site-packages/airflow/example_dags/plugins/event_listener.py for tasks to queue
[2025-09-21T15:55:19.999+0000] {logging_mixin.py:188} INFO - [2025-09-21T15:55:19.999+0000] {dagbag.py:538} INFO - Filling up the DagBag from /home/airflow/.local/lib/python3.8/site-packages/airflow/example_dags/plugins/event_listener.py
[2025-09-21T15:55:20.004+0000] {processor.py:842} WARNING - No viable dags retrieved from /home/airflow/.local/lib/python3.8/site-packages/airflow/example_dags/plugins/event_listener.py
[2025-09-21T15:55:20.030+0000] {processor.py:183} INFO - Processing /home/airflow/.local/lib/python3.8/site-packages/airflow/example_dags/plugins/event_listener.py took 0.042 seconds
[2025-09-21T15:55:51.266+0000] {processor.py:161} INFO - Started process (PID=2034) to work on /home/airflow/.local/lib/python3.8/site-packages/airflow/example_dags/plugins/event_listener.py
[2025-09-21T15:55:51.268+0000] {processor.py:830} INFO - Processing file /home/airflow/.local/lib/python3.8/site-packages/airflow/example_dags/plugins/event_listener.py for tasks to queue
[2025-09-21T15:55:51.271+0000] {logging_mixin.py:188} INFO - [2025-09-21T15:55:51.270+0000] {dagbag.py:538} INFO - Filling up the DagBag from /home/airflow/.local/lib/python3.8/site-packages/airflow/example_dags/plugins/event_listener.py
[2025-09-21T15:55:51.275+0000] {processor.py:842} WARNING - No viable dags retrieved from /home/airflow/.local/lib/python3.8/site-packages/airflow/example_dags/plugins/event_listener.py
[2025-09-21T15:55:51.299+0000] {processor.py:183} INFO - Processing /home/airflow/.local/lib/python3.8/site-packages/airflow/example_dags/plugins/event_listener.py took 0.041 seconds
[2025-09-21T15:56:21.905+0000] {processor.py:161} INFO - Started process (PID=2092) to work on /home/airflow/.local/lib/python3.8/site-packages/airflow/example_dags/plugins/event_listener.py
[2025-09-21T15:56:21.907+0000] {processor.py:830} INFO - Processing file /home/airflow/.local/lib/python3.8/site-packages/airflow/example_dags/plugins/event_listener.py for tasks to queue
[2025-09-21T15:56:21.910+0000] {logging_mixin.py:188} INFO - [2025-09-21T15:56:21.909+0000] {dagbag.py:538} INFO - Filling up the DagBag from /home/airflow/.local/lib/python3.8/site-packages/airflow/example_dags/plugins/event_listener.py
[2025-09-21T15:56:21.914+0000] {processor.py:842} WARNING - No viable dags retrieved from /home/airflow/.local/lib/python3.8/site-packages/airflow/example_dags/plugins/event_listener.py
[2025-09-21T15:56:21.936+0000] {processor.py:183} INFO - Processing /home/airflow/.local/lib/python3.8/site-packages/airflow/example_dags/plugins/event_listener.py took 0.038 seconds
[2025-09-21T15:56:52.536+0000] {processor.py:161} INFO - Started process (PID=2150) to work on /home/airflow/.local/lib/python3.8/site-packages/airflow/example_dags/plugins/event_listener.py
[2025-09-21T15:56:52.538+0000] {processor.py:830} INFO - Processing file /home/airflow/.local/lib/python3.8/site-packages/airflow/example_dags/plugins/event_listener.py for tasks to queue
[2025-09-21T15:56:52.542+0000] {logging_mixin.py:188} INFO - [2025-09-21T15:56:52.541+0000] {dagbag.py:538} INFO - Filling up the DagBag from /home/airflow/.local/lib/python3.8/site-packages/airflow/example_dags/plugins/event_listener.py
[2025-09-21T15:56:52.547+0000] {processor.py:842} WARNING - No viable dags retrieved from /home/airflow/.local/lib/python3.8/site-packages/airflow/example_dags/plugins/event_listener.py
[2025-09-21T15:56:52.573+0000] {processor.py:183} INFO - Processing /home/airflow/.local/lib/python3.8/site-packages/airflow/example_dags/plugins/event_listener.py took 0.042 seconds
[2025-09-21T15:57:22.657+0000] {processor.py:161} INFO - Started process (PID=2208) to work on /home/airflow/.local/lib/python3.8/site-packages/airflow/example_dags/plugins/event_listener.py
[2025-09-21T15:57:22.659+0000] {processor.py:830} INFO - Processing file /home/airflow/.local/lib/python3.8/site-packages/airflow/example_dags/plugins/event_listener.py for tasks to queue
[2025-09-21T15:57:22.662+0000] {logging_mixin.py:188} INFO - [2025-09-21T15:57:22.662+0000] {dagbag.py:538} INFO - Filling up the DagBag from /home/airflow/.local/lib/python3.8/site-packages/airflow/example_dags/plugins/event_listener.py
[2025-09-21T15:57:22.666+0000] {processor.py:842} WARNING - No viable dags retrieved from /home/airflow/.local/lib/python3.8/site-packages/airflow/example_dags/plugins/event_listener.py
[2025-09-21T15:57:22.689+0000] {processor.py:183} INFO - Processing /home/airflow/.local/lib/python3.8/site-packages/airflow/example_dags/plugins/event_listener.py took 0.038 seconds
[2025-09-21T15:57:53.160+0000] {processor.py:161} INFO - Started process (PID=2266) to work on /home/airflow/.local/lib/python3.8/site-packages/airflow/example_dags/plugins/event_listener.py
[2025-09-21T15:57:53.162+0000] {processor.py:830} INFO - Processing file /home/airflow/.local/lib/python3.8/site-packages/airflow/example_dags/plugins/event_listener.py for tasks to queue
[2025-09-21T15:57:53.165+0000] {logging_mixin.py:188} INFO - [2025-09-21T15:57:53.165+0000] {dagbag.py:538} INFO - Filling up the DagBag from /home/airflow/.local/lib/python3.8/site-packages/airflow/example_dags/plugins/event_listener.py
[2025-09-21T15:57:53.172+0000] {processor.py:842} WARNING - No viable dags retrieved from /home/airflow/.local/lib/python3.8/site-packages/airflow/example_dags/plugins/event_listener.py
[2025-09-21T15:57:53.195+0000] {processor.py:183} INFO - Processing /home/airflow/.local/lib/python3.8/site-packages/airflow/example_dags/plugins/event_listener.py took 0.040 seconds
[2025-09-21T15:58:24.308+0000] {processor.py:161} INFO - Started process (PID=2324) to work on /home/airflow/.local/lib/python3.8/site-packages/airflow/example_dags/plugins/event_listener.py
[2025-09-21T15:58:24.316+0000] {processor.py:830} INFO - Processing file /home/airflow/.local/lib/python3.8/site-packages/airflow/example_dags/plugins/event_listener.py for tasks to queue
[2025-09-21T15:58:24.321+0000] {logging_mixin.py:188} INFO - [2025-09-21T15:58:24.320+0000] {dagbag.py:538} INFO - Filling up the DagBag from /home/airflow/.local/lib/python3.8/site-packages/airflow/example_dags/plugins/event_listener.py
[2025-09-21T15:58:24.326+0000] {processor.py:842} WARNING - No viable dags retrieved from /home/airflow/.local/lib/python3.8/site-packages/airflow/example_dags/plugins/event_listener.py
[2025-09-21T15:58:24.355+0000] {processor.py:183} INFO - Processing /home/airflow/.local/lib/python3.8/site-packages/airflow/example_dags/plugins/event_listener.py took 0.056 seconds
[2025-09-21T15:58:55.177+0000] {processor.py:161} INFO - Started process (PID=2382) to work on /home/airflow/.local/lib/python3.8/site-packages/airflow/example_dags/plugins/event_listener.py
[2025-09-21T15:58:55.178+0000] {processor.py:830} INFO - Processing file /home/airflow/.local/lib/python3.8/site-packages/airflow/example_dags/plugins/event_listener.py for tasks to queue
[2025-09-21T15:58:55.182+0000] {logging_mixin.py:188} INFO - [2025-09-21T15:58:55.182+0000] {dagbag.py:538} INFO - Filling up the DagBag from /home/airflow/.local/lib/python3.8/site-packages/airflow/example_dags/plugins/event_listener.py
[2025-09-21T15:58:55.187+0000] {processor.py:842} WARNING - No viable dags retrieved from /home/airflow/.local/lib/python3.8/site-packages/airflow/example_dags/plugins/event_listener.py
[2025-09-21T15:58:55.217+0000] {processor.py:183} INFO - Processing /home/airflow/.local/lib/python3.8/site-packages/airflow/example_dags/plugins/event_listener.py took 0.048 seconds
[2025-09-21T15:59:25.868+0000] {processor.py:161} INFO - Started process (PID=2440) to work on /home/airflow/.local/lib/python3.8/site-packages/airflow/example_dags/plugins/event_listener.py
[2025-09-21T15:59:25.870+0000] {processor.py:830} INFO - Processing file /home/airflow/.local/lib/python3.8/site-packages/airflow/example_dags/plugins/event_listener.py for tasks to queue
[2025-09-21T15:59:25.874+0000] {logging_mixin.py:188} INFO - [2025-09-21T15:59:25.874+0000] {dagbag.py:538} INFO - Filling up the DagBag from /home/airflow/.local/lib/python3.8/site-packages/airflow/example_dags/plugins/event_listener.py
[2025-09-21T15:59:25.879+0000] {processor.py:842} WARNING - No viable dags retrieved from /home/airflow/.local/lib/python3.8/site-packages/airflow/example_dags/plugins/event_listener.py
[2025-09-21T15:59:25.905+0000] {processor.py:183} INFO - Processing /home/airflow/.local/lib/python3.8/site-packages/airflow/example_dags/plugins/event_listener.py took 0.043 seconds
[2025-09-21T15:59:56.207+0000] {processor.py:161} INFO - Started process (PID=2498) to work on /home/airflow/.local/lib/python3.8/site-packages/airflow/example_dags/plugins/event_listener.py
[2025-09-21T15:59:56.209+0000] {processor.py:830} INFO - Processing file /home/airflow/.local/lib/python3.8/site-packages/airflow/example_dags/plugins/event_listener.py for tasks to queue
[2025-09-21T15:59:56.212+0000] {logging_mixin.py:188} INFO - [2025-09-21T15:59:56.212+0000] {dagbag.py:538} INFO - Filling up the DagBag from /home/airflow/.local/lib/python3.8/site-packages/airflow/example_dags/plugins/event_listener.py
[2025-09-21T15:59:56.217+0000] {processor.py:842} WARNING - No viable dags retrieved from /home/airflow/.local/lib/python3.8/site-packages/airflow/example_dags/plugins/event_listener.py
[2025-09-21T15:59:56.242+0000] {processor.py:183} INFO - Processing /home/airflow/.local/lib/python3.8/site-packages/airflow/example_dags/plugins/event_listener.py took 0.041 seconds
[2025-09-21T16:00:26.580+0000] {processor.py:161} INFO - Started process (PID=2556) to work on /home/airflow/.local/lib/python3.8/site-packages/airflow/example_dags/plugins/event_listener.py
[2025-09-21T16:00:26.582+0000] {processor.py:830} INFO - Processing file /home/airflow/.local/lib/python3.8/site-packages/airflow/example_dags/plugins/event_listener.py for tasks to queue
[2025-09-21T16:00:26.586+0000] {logging_mixin.py:188} INFO - [2025-09-21T16:00:26.585+0000] {dagbag.py:538} INFO - Filling up the DagBag from /home/airflow/.local/lib/python3.8/site-packages/airflow/example_dags/plugins/event_listener.py
[2025-09-21T16:00:26.590+0000] {processor.py:842} WARNING - No viable dags retrieved from /home/airflow/.local/lib/python3.8/site-packages/airflow/example_dags/plugins/event_listener.py
[2025-09-21T16:00:26.615+0000] {processor.py:183} INFO - Processing /home/airflow/.local/lib/python3.8/site-packages/airflow/example_dags/plugins/event_listener.py took 0.041 seconds
[2025-09-21T16:00:57.072+0000] {processor.py:161} INFO - Started process (PID=2614) to work on /home/airflow/.local/lib/python3.8/site-packages/airflow/example_dags/plugins/event_listener.py
[2025-09-21T16:00:57.074+0000] {processor.py:830} INFO - Processing file /home/airflow/.local/lib/python3.8/site-packages/airflow/example_dags/plugins/event_listener.py for tasks to queue
[2025-09-21T16:00:57.079+0000] {logging_mixin.py:188} INFO - [2025-09-21T16:00:57.078+0000] {dagbag.py:538} INFO - Filling up the DagBag from /home/airflow/.local/lib/python3.8/site-packages/airflow/example_dags/plugins/event_listener.py
[2025-09-21T16:00:57.083+0000] {processor.py:842} WARNING - No viable dags retrieved from /home/airflow/.local/lib/python3.8/site-packages/airflow/example_dags/plugins/event_listener.py
[2025-09-21T16:00:57.110+0000] {processor.py:183} INFO - Processing /home/airflow/.local/lib/python3.8/site-packages/airflow/example_dags/plugins/event_listener.py took 0.045 seconds
[2025-09-21T16:01:27.761+0000] {processor.py:161} INFO - Started process (PID=2673) to work on /home/airflow/.local/lib/python3.8/site-packages/airflow/example_dags/plugins/event_listener.py
[2025-09-21T16:01:27.764+0000] {processor.py:830} INFO - Processing file /home/airflow/.local/lib/python3.8/site-packages/airflow/example_dags/plugins/event_listener.py for tasks to queue
[2025-09-21T16:01:27.767+0000] {logging_mixin.py:188} INFO - [2025-09-21T16:01:27.767+0000] {dagbag.py:538} INFO - Filling up the DagBag from /home/airflow/.local/lib/python3.8/site-packages/airflow/example_dags/plugins/event_listener.py
[2025-09-21T16:01:27.771+0000] {processor.py:842} WARNING - No viable dags retrieved from /home/airflow/.local/lib/python3.8/site-packages/airflow/example_dags/plugins/event_listener.py
[2025-09-21T16:01:27.798+0000] {processor.py:183} INFO - Processing /home/airflow/.local/lib/python3.8/site-packages/airflow/example_dags/plugins/event_listener.py took 0.042 seconds
[2025-09-21T16:01:58.394+0000] {processor.py:161} INFO - Started process (PID=2731) to work on /home/airflow/.local/lib/python3.8/site-packages/airflow/example_dags/plugins/event_listener.py
[2025-09-21T16:01:58.396+0000] {processor.py:830} INFO - Processing file /home/airflow/.local/lib/python3.8/site-packages/airflow/example_dags/plugins/event_listener.py for tasks to queue
[2025-09-21T16:01:58.400+0000] {logging_mixin.py:188} INFO - [2025-09-21T16:01:58.399+0000] {dagbag.py:538} INFO - Filling up the DagBag from /home/airflow/.local/lib/python3.8/site-packages/airflow/example_dags/plugins/event_listener.py
[2025-09-21T16:01:58.405+0000] {processor.py:842} WARNING - No viable dags retrieved from /home/airflow/.local/lib/python3.8/site-packages/airflow/example_dags/plugins/event_listener.py
[2025-09-21T16:01:58.432+0000] {processor.py:183} INFO - Processing /home/airflow/.local/lib/python3.8/site-packages/airflow/example_dags/plugins/event_listener.py took 0.044 seconds
[2025-09-21T16:02:29.073+0000] {processor.py:161} INFO - Started process (PID=2789) to work on /home/airflow/.local/lib/python3.8/site-packages/airflow/example_dags/plugins/event_listener.py
[2025-09-21T16:02:29.075+0000] {processor.py:830} INFO - Processing file /home/airflow/.local/lib/python3.8/site-packages/airflow/example_dags/plugins/event_listener.py for tasks to queue
[2025-09-21T16:02:29.079+0000] {logging_mixin.py:188} INFO - [2025-09-21T16:02:29.078+0000] {dagbag.py:538} INFO - Filling up the DagBag from /home/airflow/.local/lib/python3.8/site-packages/airflow/example_dags/plugins/event_listener.py
[2025-09-21T16:02:29.083+0000] {processor.py:842} WARNING - No viable dags retrieved from /home/airflow/.local/lib/python3.8/site-packages/airflow/example_dags/plugins/event_listener.py
[2025-09-21T16:02:29.110+0000] {processor.py:183} INFO - Processing /home/airflow/.local/lib/python3.8/site-packages/airflow/example_dags/plugins/event_listener.py took 0.042 seconds
[2025-09-21T16:02:59.894+0000] {processor.py:161} INFO - Started process (PID=2847) to work on /home/airflow/.local/lib/python3.8/site-packages/airflow/example_dags/plugins/event_listener.py
[2025-09-21T16:02:59.896+0000] {processor.py:830} INFO - Processing file /home/airflow/.local/lib/python3.8/site-packages/airflow/example_dags/plugins/event_listener.py for tasks to queue
[2025-09-21T16:02:59.900+0000] {logging_mixin.py:188} INFO - [2025-09-21T16:02:59.900+0000] {dagbag.py:538} INFO - Filling up the DagBag from /home/airflow/.local/lib/python3.8/site-packages/airflow/example_dags/plugins/event_listener.py
[2025-09-21T16:02:59.905+0000] {processor.py:842} WARNING - No viable dags retrieved from /home/airflow/.local/lib/python3.8/site-packages/airflow/example_dags/plugins/event_listener.py
[2025-09-21T16:02:59.928+0000] {processor.py:183} INFO - Processing /home/airflow/.local/lib/python3.8/site-packages/airflow/example_dags/plugins/event_listener.py took 0.040 seconds
[2025-09-21T16:03:30.789+0000] {processor.py:161} INFO - Started process (PID=2905) to work on /home/airflow/.local/lib/python3.8/site-packages/airflow/example_dags/plugins/event_listener.py
[2025-09-21T16:03:30.791+0000] {processor.py:830} INFO - Processing file /home/airflow/.local/lib/python3.8/site-packages/airflow/example_dags/plugins/event_listener.py for tasks to queue
[2025-09-21T16:03:30.794+0000] {logging_mixin.py:188} INFO - [2025-09-21T16:03:30.794+0000] {dagbag.py:538} INFO - Filling up the DagBag from /home/airflow/.local/lib/python3.8/site-packages/airflow/example_dags/plugins/event_listener.py
[2025-09-21T16:03:30.798+0000] {processor.py:842} WARNING - No viable dags retrieved from /home/airflow/.local/lib/python3.8/site-packages/airflow/example_dags/plugins/event_listener.py
[2025-09-21T16:03:30.823+0000] {processor.py:183} INFO - Processing /home/airflow/.local/lib/python3.8/site-packages/airflow/example_dags/plugins/event_listener.py took 0.040 seconds
[2025-09-21T16:04:01.036+0000] {processor.py:161} INFO - Started process (PID=2963) to work on /home/airflow/.local/lib/python3.8/site-packages/airflow/example_dags/plugins/event_listener.py
[2025-09-21T16:04:01.039+0000] {processor.py:830} INFO - Processing file /home/airflow/.local/lib/python3.8/site-packages/airflow/example_dags/plugins/event_listener.py for tasks to queue
[2025-09-21T16:04:01.042+0000] {logging_mixin.py:188} INFO - [2025-09-21T16:04:01.042+0000] {dagbag.py:538} INFO - Filling up the DagBag from /home/airflow/.local/lib/python3.8/site-packages/airflow/example_dags/plugins/event_listener.py
[2025-09-21T16:04:01.047+0000] {processor.py:842} WARNING - No viable dags retrieved from /home/airflow/.local/lib/python3.8/site-packages/airflow/example_dags/plugins/event_listener.py
[2025-09-21T16:04:01.070+0000] {processor.py:183} INFO - Processing /home/airflow/.local/lib/python3.8/site-packages/airflow/example_dags/plugins/event_listener.py took 0.040 seconds
[2025-09-21T16:04:31.453+0000] {processor.py:161} INFO - Started process (PID=3021) to work on /home/airflow/.local/lib/python3.8/site-packages/airflow/example_dags/plugins/event_listener.py
[2025-09-21T16:04:31.455+0000] {processor.py:830} INFO - Processing file /home/airflow/.local/lib/python3.8/site-packages/airflow/example_dags/plugins/event_listener.py for tasks to queue
[2025-09-21T16:04:31.460+0000] {logging_mixin.py:188} INFO - [2025-09-21T16:04:31.459+0000] {dagbag.py:538} INFO - Filling up the DagBag from /home/airflow/.local/lib/python3.8/site-packages/airflow/example_dags/plugins/event_listener.py
[2025-09-21T16:04:31.464+0000] {processor.py:842} WARNING - No viable dags retrieved from /home/airflow/.local/lib/python3.8/site-packages/airflow/example_dags/plugins/event_listener.py
[2025-09-21T16:04:31.489+0000] {processor.py:183} INFO - Processing /home/airflow/.local/lib/python3.8/site-packages/airflow/example_dags/plugins/event_listener.py took 0.042 seconds
[2025-09-21T16:05:02.267+0000] {processor.py:161} INFO - Started process (PID=3079) to work on /home/airflow/.local/lib/python3.8/site-packages/airflow/example_dags/plugins/event_listener.py
[2025-09-21T16:05:02.269+0000] {processor.py:830} INFO - Processing file /home/airflow/.local/lib/python3.8/site-packages/airflow/example_dags/plugins/event_listener.py for tasks to queue
[2025-09-21T16:05:02.273+0000] {logging_mixin.py:188} INFO - [2025-09-21T16:05:02.272+0000] {dagbag.py:538} INFO - Filling up the DagBag from /home/airflow/.local/lib/python3.8/site-packages/airflow/example_dags/plugins/event_listener.py
[2025-09-21T16:05:02.277+0000] {processor.py:842} WARNING - No viable dags retrieved from /home/airflow/.local/lib/python3.8/site-packages/airflow/example_dags/plugins/event_listener.py
[2025-09-21T16:05:02.300+0000] {processor.py:183} INFO - Processing /home/airflow/.local/lib/python3.8/site-packages/airflow/example_dags/plugins/event_listener.py took 0.038 seconds
[2025-09-21T16:05:33.050+0000] {processor.py:161} INFO - Started process (PID=3137) to work on /home/airflow/.local/lib/python3.8/site-packages/airflow/example_dags/plugins/event_listener.py
[2025-09-21T16:05:33.052+0000] {processor.py:830} INFO - Processing file /home/airflow/.local/lib/python3.8/site-packages/airflow/example_dags/plugins/event_listener.py for tasks to queue
[2025-09-21T16:05:33.055+0000] {logging_mixin.py:188} INFO - [2025-09-21T16:05:33.055+0000] {dagbag.py:538} INFO - Filling up the DagBag from /home/airflow/.local/lib/python3.8/site-packages/airflow/example_dags/plugins/event_listener.py
[2025-09-21T16:05:33.059+0000] {processor.py:842} WARNING - No viable dags retrieved from /home/airflow/.local/lib/python3.8/site-packages/airflow/example_dags/plugins/event_listener.py
[2025-09-21T16:05:33.084+0000] {processor.py:183} INFO - Processing /home/airflow/.local/lib/python3.8/site-packages/airflow/example_dags/plugins/event_listener.py took 0.040 seconds
[2025-09-21T16:06:03.830+0000] {processor.py:161} INFO - Started process (PID=3196) to work on /home/airflow/.local/lib/python3.8/site-packages/airflow/example_dags/plugins/event_listener.py
[2025-09-21T16:06:03.832+0000] {processor.py:830} INFO - Processing file /home/airflow/.local/lib/python3.8/site-packages/airflow/example_dags/plugins/event_listener.py for tasks to queue
[2025-09-21T16:06:03.835+0000] {logging_mixin.py:188} INFO - [2025-09-21T16:06:03.834+0000] {dagbag.py:538} INFO - Filling up the DagBag from /home/airflow/.local/lib/python3.8/site-packages/airflow/example_dags/plugins/event_listener.py
[2025-09-21T16:06:03.839+0000] {processor.py:842} WARNING - No viable dags retrieved from /home/airflow/.local/lib/python3.8/site-packages/airflow/example_dags/plugins/event_listener.py
[2025-09-21T16:06:03.863+0000] {processor.py:183} INFO - Processing /home/airflow/.local/lib/python3.8/site-packages/airflow/example_dags/plugins/event_listener.py took 0.040 seconds
[2025-09-21T16:06:34.942+0000] {processor.py:161} INFO - Started process (PID=3254) to work on /home/airflow/.local/lib/python3.8/site-packages/airflow/example_dags/plugins/event_listener.py
[2025-09-21T16:06:34.944+0000] {processor.py:830} INFO - Processing file /home/airflow/.local/lib/python3.8/site-packages/airflow/example_dags/plugins/event_listener.py for tasks to queue
[2025-09-21T16:06:34.948+0000] {logging_mixin.py:188} INFO - [2025-09-21T16:06:34.947+0000] {dagbag.py:538} INFO - Filling up the DagBag from /home/airflow/.local/lib/python3.8/site-packages/airflow/example_dags/plugins/event_listener.py
[2025-09-21T16:06:34.952+0000] {processor.py:842} WARNING - No viable dags retrieved from /home/airflow/.local/lib/python3.8/site-packages/airflow/example_dags/plugins/event_listener.py
[2025-09-21T16:06:34.979+0000] {processor.py:183} INFO - Processing /home/airflow/.local/lib/python3.8/site-packages/airflow/example_dags/plugins/event_listener.py took 0.043 seconds
[2025-09-21T16:07:06.210+0000] {processor.py:161} INFO - Started process (PID=3312) to work on /home/airflow/.local/lib/python3.8/site-packages/airflow/example_dags/plugins/event_listener.py
[2025-09-21T16:07:06.213+0000] {processor.py:830} INFO - Processing file /home/airflow/.local/lib/python3.8/site-packages/airflow/example_dags/plugins/event_listener.py for tasks to queue
[2025-09-21T16:07:06.216+0000] {logging_mixin.py:188} INFO - [2025-09-21T16:07:06.216+0000] {dagbag.py:538} INFO - Filling up the DagBag from /home/airflow/.local/lib/python3.8/site-packages/airflow/example_dags/plugins/event_listener.py
[2025-09-21T16:07:06.222+0000] {processor.py:842} WARNING - No viable dags retrieved from /home/airflow/.local/lib/python3.8/site-packages/airflow/example_dags/plugins/event_listener.py
[2025-09-21T16:07:06.248+0000] {processor.py:183} INFO - Processing /home/airflow/.local/lib/python3.8/site-packages/airflow/example_dags/plugins/event_listener.py took 0.043 seconds
[2025-09-21T16:07:36.466+0000] {processor.py:161} INFO - Started process (PID=3370) to work on /home/airflow/.local/lib/python3.8/site-packages/airflow/example_dags/plugins/event_listener.py
[2025-09-21T16:07:36.469+0000] {processor.py:830} INFO - Processing file /home/airflow/.local/lib/python3.8/site-packages/airflow/example_dags/plugins/event_listener.py for tasks to queue
[2025-09-21T16:07:36.474+0000] {logging_mixin.py:188} INFO - [2025-09-21T16:07:36.473+0000] {dagbag.py:538} INFO - Filling up the DagBag from /home/airflow/.local/lib/python3.8/site-packages/airflow/example_dags/plugins/event_listener.py
[2025-09-21T16:07:36.480+0000] {processor.py:842} WARNING - No viable dags retrieved from /home/airflow/.local/lib/python3.8/site-packages/airflow/example_dags/plugins/event_listener.py
[2025-09-21T16:07:36.509+0000] {processor.py:183} INFO - Processing /home/airflow/.local/lib/python3.8/site-packages/airflow/example_dags/plugins/event_listener.py took 0.054 seconds
[2025-09-21T16:08:06.883+0000] {processor.py:161} INFO - Started process (PID=3428) to work on /home/airflow/.local/lib/python3.8/site-packages/airflow/example_dags/plugins/event_listener.py
[2025-09-21T16:08:06.885+0000] {processor.py:830} INFO - Processing file /home/airflow/.local/lib/python3.8/site-packages/airflow/example_dags/plugins/event_listener.py for tasks to queue
[2025-09-21T16:08:06.888+0000] {logging_mixin.py:188} INFO - [2025-09-21T16:08:06.888+0000] {dagbag.py:538} INFO - Filling up the DagBag from /home/airflow/.local/lib/python3.8/site-packages/airflow/example_dags/plugins/event_listener.py
[2025-09-21T16:08:06.894+0000] {processor.py:842} WARNING - No viable dags retrieved from /home/airflow/.local/lib/python3.8/site-packages/airflow/example_dags/plugins/event_listener.py
[2025-09-21T16:08:06.930+0000] {processor.py:183} INFO - Processing /home/airflow/.local/lib/python3.8/site-packages/airflow/example_dags/plugins/event_listener.py took 0.053 seconds
[2025-09-21T16:08:37.362+0000] {processor.py:161} INFO - Started process (PID=3486) to work on /home/airflow/.local/lib/python3.8/site-packages/airflow/example_dags/plugins/event_listener.py
[2025-09-21T16:08:37.365+0000] {processor.py:830} INFO - Processing file /home/airflow/.local/lib/python3.8/site-packages/airflow/example_dags/plugins/event_listener.py for tasks to queue
[2025-09-21T16:08:37.371+0000] {logging_mixin.py:188} INFO - [2025-09-21T16:08:37.370+0000] {dagbag.py:538} INFO - Filling up the DagBag from /home/airflow/.local/lib/python3.8/site-packages/airflow/example_dags/plugins/event_listener.py
[2025-09-21T16:08:37.377+0000] {processor.py:842} WARNING - No viable dags retrieved from /home/airflow/.local/lib/python3.8/site-packages/airflow/example_dags/plugins/event_listener.py
[2025-09-21T16:08:37.404+0000] {processor.py:183} INFO - Processing /home/airflow/.local/lib/python3.8/site-packages/airflow/example_dags/plugins/event_listener.py took 0.055 seconds
[2025-09-21T16:09:08.219+0000] {processor.py:161} INFO - Started process (PID=3544) to work on /home/airflow/.local/lib/python3.8/site-packages/airflow/example_dags/plugins/event_listener.py
[2025-09-21T16:09:08.221+0000] {processor.py:830} INFO - Processing file /home/airflow/.local/lib/python3.8/site-packages/airflow/example_dags/plugins/event_listener.py for tasks to queue
[2025-09-21T16:09:08.224+0000] {logging_mixin.py:188} INFO - [2025-09-21T16:09:08.224+0000] {dagbag.py:538} INFO - Filling up the DagBag from /home/airflow/.local/lib/python3.8/site-packages/airflow/example_dags/plugins/event_listener.py
[2025-09-21T16:09:08.228+0000] {processor.py:842} WARNING - No viable dags retrieved from /home/airflow/.local/lib/python3.8/site-packages/airflow/example_dags/plugins/event_listener.py
[2025-09-21T16:09:08.251+0000] {processor.py:183} INFO - Processing /home/airflow/.local/lib/python3.8/site-packages/airflow/example_dags/plugins/event_listener.py took 0.037 seconds
[2025-09-21T16:09:39.631+0000] {processor.py:161} INFO - Started process (PID=3602) to work on /home/airflow/.local/lib/python3.8/site-packages/airflow/example_dags/plugins/event_listener.py
[2025-09-21T16:09:39.633+0000] {processor.py:830} INFO - Processing file /home/airflow/.local/lib/python3.8/site-packages/airflow/example_dags/plugins/event_listener.py for tasks to queue
[2025-09-21T16:09:39.636+0000] {logging_mixin.py:188} INFO - [2025-09-21T16:09:39.635+0000] {dagbag.py:538} INFO - Filling up the DagBag from /home/airflow/.local/lib/python3.8/site-packages/airflow/example_dags/plugins/event_listener.py
[2025-09-21T16:09:39.640+0000] {processor.py:842} WARNING - No viable dags retrieved from /home/airflow/.local/lib/python3.8/site-packages/airflow/example_dags/plugins/event_listener.py
[2025-09-21T16:09:39.664+0000] {processor.py:183} INFO - Processing /home/airflow/.local/lib/python3.8/site-packages/airflow/example_dags/plugins/event_listener.py took 0.039 seconds
[2025-09-21T16:10:10.339+0000] {processor.py:161} INFO - Started process (PID=3660) to work on /home/airflow/.local/lib/python3.8/site-packages/airflow/example_dags/plugins/event_listener.py
[2025-09-21T16:10:10.341+0000] {processor.py:830} INFO - Processing file /home/airflow/.local/lib/python3.8/site-packages/airflow/example_dags/plugins/event_listener.py for tasks to queue
[2025-09-21T16:10:10.346+0000] {logging_mixin.py:188} INFO - [2025-09-21T16:10:10.345+0000] {dagbag.py:538} INFO - Filling up the DagBag from /home/airflow/.local/lib/python3.8/site-packages/airflow/example_dags/plugins/event_listener.py
[2025-09-21T16:10:10.350+0000] {processor.py:842} WARNING - No viable dags retrieved from /home/airflow/.local/lib/python3.8/site-packages/airflow/example_dags/plugins/event_listener.py
[2025-09-21T16:10:10.376+0000] {processor.py:183} INFO - Processing /home/airflow/.local/lib/python3.8/site-packages/airflow/example_dags/plugins/event_listener.py took 0.046 seconds
[2025-09-21T16:10:40.836+0000] {processor.py:161} INFO - Started process (PID=3718) to work on /home/airflow/.local/lib/python3.8/site-packages/airflow/example_dags/plugins/event_listener.py
[2025-09-21T16:10:40.838+0000] {processor.py:830} INFO - Processing file /home/airflow/.local/lib/python3.8/site-packages/airflow/example_dags/plugins/event_listener.py for tasks to queue
[2025-09-21T16:10:40.842+0000] {logging_mixin.py:188} INFO - [2025-09-21T16:10:40.842+0000] {dagbag.py:538} INFO - Filling up the DagBag from /home/airflow/.local/lib/python3.8/site-packages/airflow/example_dags/plugins/event_listener.py
[2025-09-21T16:10:40.847+0000] {processor.py:842} WARNING - No viable dags retrieved from /home/airflow/.local/lib/python3.8/site-packages/airflow/example_dags/plugins/event_listener.py
[2025-09-21T16:10:40.872+0000] {processor.py:183} INFO - Processing /home/airflow/.local/lib/python3.8/site-packages/airflow/example_dags/plugins/event_listener.py took 0.041 seconds
[2025-09-21T16:11:11.144+0000] {processor.py:161} INFO - Started process (PID=3774) to work on /home/airflow/.local/lib/python3.8/site-packages/airflow/example_dags/plugins/event_listener.py
[2025-09-21T16:11:11.145+0000] {processor.py:830} INFO - Processing file /home/airflow/.local/lib/python3.8/site-packages/airflow/example_dags/plugins/event_listener.py for tasks to queue
[2025-09-21T16:11:11.149+0000] {logging_mixin.py:188} INFO - [2025-09-21T16:11:11.148+0000] {dagbag.py:538} INFO - Filling up the DagBag from /home/airflow/.local/lib/python3.8/site-packages/airflow/example_dags/plugins/event_listener.py
[2025-09-21T16:11:11.153+0000] {processor.py:842} WARNING - No viable dags retrieved from /home/airflow/.local/lib/python3.8/site-packages/airflow/example_dags/plugins/event_listener.py
[2025-09-21T16:11:11.175+0000] {processor.py:183} INFO - Processing /home/airflow/.local/lib/python3.8/site-packages/airflow/example_dags/plugins/event_listener.py took 0.038 seconds
[2025-09-21T16:11:42.162+0000] {processor.py:161} INFO - Started process (PID=3832) to work on /home/airflow/.local/lib/python3.8/site-packages/airflow/example_dags/plugins/event_listener.py
[2025-09-21T16:11:42.164+0000] {processor.py:830} INFO - Processing file /home/airflow/.local/lib/python3.8/site-packages/airflow/example_dags/plugins/event_listener.py for tasks to queue
[2025-09-21T16:11:42.169+0000] {logging_mixin.py:188} INFO - [2025-09-21T16:11:42.168+0000] {dagbag.py:538} INFO - Filling up the DagBag from /home/airflow/.local/lib/python3.8/site-packages/airflow/example_dags/plugins/event_listener.py
[2025-09-21T16:11:42.175+0000] {processor.py:842} WARNING - No viable dags retrieved from /home/airflow/.local/lib/python3.8/site-packages/airflow/example_dags/plugins/event_listener.py
[2025-09-21T16:11:42.208+0000] {processor.py:183} INFO - Processing /home/airflow/.local/lib/python3.8/site-packages/airflow/example_dags/plugins/event_listener.py took 0.052 seconds
[2025-09-21T16:12:13.030+0000] {processor.py:161} INFO - Started process (PID=3888) to work on /home/airflow/.local/lib/python3.8/site-packages/airflow/example_dags/plugins/event_listener.py
[2025-09-21T16:12:13.032+0000] {processor.py:830} INFO - Processing file /home/airflow/.local/lib/python3.8/site-packages/airflow/example_dags/plugins/event_listener.py for tasks to queue
[2025-09-21T16:12:13.036+0000] {logging_mixin.py:188} INFO - [2025-09-21T16:12:13.035+0000] {dagbag.py:538} INFO - Filling up the DagBag from /home/airflow/.local/lib/python3.8/site-packages/airflow/example_dags/plugins/event_listener.py
[2025-09-21T16:12:13.040+0000] {processor.py:842} WARNING - No viable dags retrieved from /home/airflow/.local/lib/python3.8/site-packages/airflow/example_dags/plugins/event_listener.py
[2025-09-21T16:12:13.068+0000] {processor.py:183} INFO - Processing /home/airflow/.local/lib/python3.8/site-packages/airflow/example_dags/plugins/event_listener.py took 0.045 seconds
[2025-09-21T16:12:43.693+0000] {processor.py:161} INFO - Started process (PID=3946) to work on /home/airflow/.local/lib/python3.8/site-packages/airflow/example_dags/plugins/event_listener.py
[2025-09-21T16:12:43.696+0000] {processor.py:830} INFO - Processing file /home/airflow/.local/lib/python3.8/site-packages/airflow/example_dags/plugins/event_listener.py for tasks to queue
[2025-09-21T16:12:43.699+0000] {logging_mixin.py:188} INFO - [2025-09-21T16:12:43.699+0000] {dagbag.py:538} INFO - Filling up the DagBag from /home/airflow/.local/lib/python3.8/site-packages/airflow/example_dags/plugins/event_listener.py
[2025-09-21T16:12:43.704+0000] {processor.py:842} WARNING - No viable dags retrieved from /home/airflow/.local/lib/python3.8/site-packages/airflow/example_dags/plugins/event_listener.py
[2025-09-21T16:12:43.731+0000] {processor.py:183} INFO - Processing /home/airflow/.local/lib/python3.8/site-packages/airflow/example_dags/plugins/event_listener.py took 0.044 seconds
[2025-09-21T16:13:14.029+0000] {processor.py:161} INFO - Started process (PID=4004) to work on /home/airflow/.local/lib/python3.8/site-packages/airflow/example_dags/plugins/event_listener.py
[2025-09-21T16:13:14.031+0000] {processor.py:830} INFO - Processing file /home/airflow/.local/lib/python3.8/site-packages/airflow/example_dags/plugins/event_listener.py for tasks to queue
[2025-09-21T16:13:14.035+0000] {logging_mixin.py:188} INFO - [2025-09-21T16:13:14.034+0000] {dagbag.py:538} INFO - Filling up the DagBag from /home/airflow/.local/lib/python3.8/site-packages/airflow/example_dags/plugins/event_listener.py
[2025-09-21T16:13:14.040+0000] {processor.py:842} WARNING - No viable dags retrieved from /home/airflow/.local/lib/python3.8/site-packages/airflow/example_dags/plugins/event_listener.py
[2025-09-21T16:13:14.068+0000] {processor.py:183} INFO - Processing /home/airflow/.local/lib/python3.8/site-packages/airflow/example_dags/plugins/event_listener.py took 0.046 seconds
[2025-09-21T16:13:45.373+0000] {processor.py:161} INFO - Started process (PID=4062) to work on /home/airflow/.local/lib/python3.8/site-packages/airflow/example_dags/plugins/event_listener.py
[2025-09-21T16:13:45.375+0000] {processor.py:830} INFO - Processing file /home/airflow/.local/lib/python3.8/site-packages/airflow/example_dags/plugins/event_listener.py for tasks to queue
[2025-09-21T16:13:45.380+0000] {logging_mixin.py:188} INFO - [2025-09-21T16:13:45.379+0000] {dagbag.py:538} INFO - Filling up the DagBag from /home/airflow/.local/lib/python3.8/site-packages/airflow/example_dags/plugins/event_listener.py
[2025-09-21T16:13:45.386+0000] {processor.py:842} WARNING - No viable dags retrieved from /home/airflow/.local/lib/python3.8/site-packages/airflow/example_dags/plugins/event_listener.py
[2025-09-21T16:13:45.417+0000] {processor.py:183} INFO - Processing /home/airflow/.local/lib/python3.8/site-packages/airflow/example_dags/plugins/event_listener.py took 0.052 seconds
[2025-09-21T16:14:16.110+0000] {processor.py:161} INFO - Started process (PID=4120) to work on /home/airflow/.local/lib/python3.8/site-packages/airflow/example_dags/plugins/event_listener.py
[2025-09-21T16:14:16.112+0000] {processor.py:830} INFO - Processing file /home/airflow/.local/lib/python3.8/site-packages/airflow/example_dags/plugins/event_listener.py for tasks to queue
[2025-09-21T16:14:16.116+0000] {logging_mixin.py:188} INFO - [2025-09-21T16:14:16.115+0000] {dagbag.py:538} INFO - Filling up the DagBag from /home/airflow/.local/lib/python3.8/site-packages/airflow/example_dags/plugins/event_listener.py
[2025-09-21T16:14:16.121+0000] {processor.py:842} WARNING - No viable dags retrieved from /home/airflow/.local/lib/python3.8/site-packages/airflow/example_dags/plugins/event_listener.py
[2025-09-21T16:14:16.149+0000] {processor.py:183} INFO - Processing /home/airflow/.local/lib/python3.8/site-packages/airflow/example_dags/plugins/event_listener.py took 0.045 seconds
[2025-09-21T16:14:46.439+0000] {processor.py:161} INFO - Started process (PID=4178) to work on /home/airflow/.local/lib/python3.8/site-packages/airflow/example_dags/plugins/event_listener.py
[2025-09-21T16:14:46.441+0000] {processor.py:830} INFO - Processing file /home/airflow/.local/lib/python3.8/site-packages/airflow/example_dags/plugins/event_listener.py for tasks to queue
[2025-09-21T16:14:46.445+0000] {logging_mixin.py:188} INFO - [2025-09-21T16:14:46.445+0000] {dagbag.py:538} INFO - Filling up the DagBag from /home/airflow/.local/lib/python3.8/site-packages/airflow/example_dags/plugins/event_listener.py
[2025-09-21T16:14:46.450+0000] {processor.py:842} WARNING - No viable dags retrieved from /home/airflow/.local/lib/python3.8/site-packages/airflow/example_dags/plugins/event_listener.py
[2025-09-21T16:14:46.475+0000] {processor.py:183} INFO - Processing /home/airflow/.local/lib/python3.8/site-packages/airflow/example_dags/plugins/event_listener.py took 0.043 seconds
[2025-09-21T16:15:17.021+0000] {processor.py:161} INFO - Started process (PID=4236) to work on /home/airflow/.local/lib/python3.8/site-packages/airflow/example_dags/plugins/event_listener.py
[2025-09-21T16:15:17.023+0000] {processor.py:830} INFO - Processing file /home/airflow/.local/lib/python3.8/site-packages/airflow/example_dags/plugins/event_listener.py for tasks to queue
[2025-09-21T16:15:17.026+0000] {logging_mixin.py:188} INFO - [2025-09-21T16:15:17.025+0000] {dagbag.py:538} INFO - Filling up the DagBag from /home/airflow/.local/lib/python3.8/site-packages/airflow/example_dags/plugins/event_listener.py
[2025-09-21T16:15:17.030+0000] {processor.py:842} WARNING - No viable dags retrieved from /home/airflow/.local/lib/python3.8/site-packages/airflow/example_dags/plugins/event_listener.py
[2025-09-21T16:15:17.055+0000] {processor.py:183} INFO - Processing /home/airflow/.local/lib/python3.8/site-packages/airflow/example_dags/plugins/event_listener.py took 0.040 seconds
[2025-09-21T16:15:47.821+0000] {processor.py:161} INFO - Started process (PID=4294) to work on /home/airflow/.local/lib/python3.8/site-packages/airflow/example_dags/plugins/event_listener.py
[2025-09-21T16:15:47.824+0000] {processor.py:830} INFO - Processing file /home/airflow/.local/lib/python3.8/site-packages/airflow/example_dags/plugins/event_listener.py for tasks to queue
[2025-09-21T16:15:47.827+0000] {logging_mixin.py:188} INFO - [2025-09-21T16:15:47.826+0000] {dagbag.py:538} INFO - Filling up the DagBag from /home/airflow/.local/lib/python3.8/site-packages/airflow/example_dags/plugins/event_listener.py
[2025-09-21T16:15:47.832+0000] {processor.py:842} WARNING - No viable dags retrieved from /home/airflow/.local/lib/python3.8/site-packages/airflow/example_dags/plugins/event_listener.py
[2025-09-21T16:15:47.858+0000] {processor.py:183} INFO - Processing /home/airflow/.local/lib/python3.8/site-packages/airflow/example_dags/plugins/event_listener.py took 0.042 seconds
[2025-09-21T16:16:18.875+0000] {processor.py:161} INFO - Started process (PID=4358) to work on /home/airflow/.local/lib/python3.8/site-packages/airflow/example_dags/plugins/event_listener.py
[2025-09-21T16:16:18.877+0000] {processor.py:830} INFO - Processing file /home/airflow/.local/lib/python3.8/site-packages/airflow/example_dags/plugins/event_listener.py for tasks to queue
[2025-09-21T16:16:18.881+0000] {logging_mixin.py:188} INFO - [2025-09-21T16:16:18.881+0000] {dagbag.py:538} INFO - Filling up the DagBag from /home/airflow/.local/lib/python3.8/site-packages/airflow/example_dags/plugins/event_listener.py
[2025-09-21T16:16:18.889+0000] {processor.py:842} WARNING - No viable dags retrieved from /home/airflow/.local/lib/python3.8/site-packages/airflow/example_dags/plugins/event_listener.py
[2025-09-21T16:16:18.911+0000] {processor.py:183} INFO - Processing /home/airflow/.local/lib/python3.8/site-packages/airflow/example_dags/plugins/event_listener.py took 0.042 seconds
[2025-09-21T16:16:49.648+0000] {processor.py:161} INFO - Started process (PID=4416) to work on /home/airflow/.local/lib/python3.8/site-packages/airflow/example_dags/plugins/event_listener.py
[2025-09-21T16:16:49.650+0000] {processor.py:830} INFO - Processing file /home/airflow/.local/lib/python3.8/site-packages/airflow/example_dags/plugins/event_listener.py for tasks to queue
[2025-09-21T16:16:49.653+0000] {logging_mixin.py:188} INFO - [2025-09-21T16:16:49.652+0000] {dagbag.py:538} INFO - Filling up the DagBag from /home/airflow/.local/lib/python3.8/site-packages/airflow/example_dags/plugins/event_listener.py
[2025-09-21T16:16:49.657+0000] {processor.py:842} WARNING - No viable dags retrieved from /home/airflow/.local/lib/python3.8/site-packages/airflow/example_dags/plugins/event_listener.py
[2025-09-21T16:16:49.682+0000] {processor.py:183} INFO - Processing /home/airflow/.local/lib/python3.8/site-packages/airflow/example_dags/plugins/event_listener.py took 0.040 seconds
