[2025-09-21T11:12:59.440+0000] {processor.py:161} INFO - Started process (PID=108) to work on /home/airflow/.local/lib/python3.8/site-packages/airflow/example_dags/plugins/workday.py
[2025-09-21T11:12:59.444+0000] {processor.py:830} INFO - Processing file /home/airflow/.local/lib/python3.8/site-packages/airflow/example_dags/plugins/workday.py for tasks to queue
[2025-09-21T11:12:59.448+0000] {logging_mixin.py:188} INFO - [2025-09-21T11:12:59.448+0000] {dagbag.py:538} INFO - Filling up the DagBag from /home/airflow/.local/lib/python3.8/site-packages/airflow/example_dags/plugins/workday.py
[2025-09-21T11:13:00.334+0000] {processor.py:842} WARNING - No viable dags retrieved from /home/airflow/.local/lib/python3.8/site-packages/airflow/example_dags/plugins/workday.py
[2025-09-21T11:13:00.357+0000] {processor.py:183} INFO - Processing /home/airflow/.local/lib/python3.8/site-packages/airflow/example_dags/plugins/workday.py took 0.939 seconds
[2025-09-21T11:13:31.205+0000] {processor.py:161} INFO - Started process (PID=167) to work on /home/airflow/.local/lib/python3.8/site-packages/airflow/example_dags/plugins/workday.py
[2025-09-21T11:13:31.207+0000] {processor.py:830} INFO - Processing file /home/airflow/.local/lib/python3.8/site-packages/airflow/example_dags/plugins/workday.py for tasks to queue
[2025-09-21T11:13:31.210+0000] {logging_mixin.py:188} INFO - [2025-09-21T11:13:31.210+0000] {dagbag.py:538} INFO - Filling up the DagBag from /home/airflow/.local/lib/python3.8/site-packages/airflow/example_dags/plugins/workday.py
[2025-09-21T11:13:31.828+0000] {processor.py:842} WARNING - No viable dags retrieved from /home/airflow/.local/lib/python3.8/site-packages/airflow/example_dags/plugins/workday.py
[2025-09-21T11:13:31.846+0000] {processor.py:183} INFO - Processing /home/airflow/.local/lib/python3.8/site-packages/airflow/example_dags/plugins/workday.py took 0.646 seconds
[2025-09-21T11:14:02.571+0000] {processor.py:161} INFO - Started process (PID=225) to work on /home/airflow/.local/lib/python3.8/site-packages/airflow/example_dags/plugins/workday.py
[2025-09-21T11:14:02.573+0000] {processor.py:830} INFO - Processing file /home/airflow/.local/lib/python3.8/site-packages/airflow/example_dags/plugins/workday.py for tasks to queue
[2025-09-21T11:14:02.577+0000] {logging_mixin.py:188} INFO - [2025-09-21T11:14:02.576+0000] {dagbag.py:538} INFO - Filling up the DagBag from /home/airflow/.local/lib/python3.8/site-packages/airflow/example_dags/plugins/workday.py
[2025-09-21T11:14:03.261+0000] {processor.py:842} WARNING - No viable dags retrieved from /home/airflow/.local/lib/python3.8/site-packages/airflow/example_dags/plugins/workday.py
[2025-09-21T11:14:03.281+0000] {processor.py:183} INFO - Processing /home/airflow/.local/lib/python3.8/site-packages/airflow/example_dags/plugins/workday.py took 0.714 seconds
[2025-09-21T11:14:34.117+0000] {processor.py:161} INFO - Started process (PID=283) to work on /home/airflow/.local/lib/python3.8/site-packages/airflow/example_dags/plugins/workday.py
[2025-09-21T11:14:34.119+0000] {processor.py:830} INFO - Processing file /home/airflow/.local/lib/python3.8/site-packages/airflow/example_dags/plugins/workday.py for tasks to queue
[2025-09-21T11:14:34.122+0000] {logging_mixin.py:188} INFO - [2025-09-21T11:14:34.121+0000] {dagbag.py:538} INFO - Filling up the DagBag from /home/airflow/.local/lib/python3.8/site-packages/airflow/example_dags/plugins/workday.py
[2025-09-21T11:14:34.715+0000] {processor.py:842} WARNING - No viable dags retrieved from /home/airflow/.local/lib/python3.8/site-packages/airflow/example_dags/plugins/workday.py
[2025-09-21T11:14:34.733+0000] {processor.py:183} INFO - Processing /home/airflow/.local/lib/python3.8/site-packages/airflow/example_dags/plugins/workday.py took 0.621 seconds
[2025-09-21T11:15:05.088+0000] {processor.py:161} INFO - Started process (PID=341) to work on /home/airflow/.local/lib/python3.8/site-packages/airflow/example_dags/plugins/workday.py
[2025-09-21T11:15:05.090+0000] {processor.py:830} INFO - Processing file /home/airflow/.local/lib/python3.8/site-packages/airflow/example_dags/plugins/workday.py for tasks to queue
[2025-09-21T11:15:05.093+0000] {logging_mixin.py:188} INFO - [2025-09-21T11:15:05.092+0000] {dagbag.py:538} INFO - Filling up the DagBag from /home/airflow/.local/lib/python3.8/site-packages/airflow/example_dags/plugins/workday.py
[2025-09-21T11:15:06.100+0000] {processor.py:842} WARNING - No viable dags retrieved from /home/airflow/.local/lib/python3.8/site-packages/airflow/example_dags/plugins/workday.py
[2025-09-21T11:15:06.130+0000] {processor.py:183} INFO - Processing /home/airflow/.local/lib/python3.8/site-packages/airflow/example_dags/plugins/workday.py took 1.049 seconds
[2025-09-21T11:15:36.920+0000] {processor.py:161} INFO - Started process (PID=406) to work on /home/airflow/.local/lib/python3.8/site-packages/airflow/example_dags/plugins/workday.py
[2025-09-21T11:15:36.922+0000] {processor.py:830} INFO - Processing file /home/airflow/.local/lib/python3.8/site-packages/airflow/example_dags/plugins/workday.py for tasks to queue
[2025-09-21T11:15:36.926+0000] {logging_mixin.py:188} INFO - [2025-09-21T11:15:36.925+0000] {dagbag.py:538} INFO - Filling up the DagBag from /home/airflow/.local/lib/python3.8/site-packages/airflow/example_dags/plugins/workday.py
[2025-09-21T11:15:37.601+0000] {processor.py:842} WARNING - No viable dags retrieved from /home/airflow/.local/lib/python3.8/site-packages/airflow/example_dags/plugins/workday.py
[2025-09-21T11:15:37.619+0000] {processor.py:183} INFO - Processing /home/airflow/.local/lib/python3.8/site-packages/airflow/example_dags/plugins/workday.py took 0.705 seconds
[2025-09-21T11:16:08.190+0000] {processor.py:161} INFO - Started process (PID=465) to work on /home/airflow/.local/lib/python3.8/site-packages/airflow/example_dags/plugins/workday.py
[2025-09-21T11:16:08.191+0000] {processor.py:830} INFO - Processing file /home/airflow/.local/lib/python3.8/site-packages/airflow/example_dags/plugins/workday.py for tasks to queue
[2025-09-21T11:16:08.195+0000] {logging_mixin.py:188} INFO - [2025-09-21T11:16:08.194+0000] {dagbag.py:538} INFO - Filling up the DagBag from /home/airflow/.local/lib/python3.8/site-packages/airflow/example_dags/plugins/workday.py
[2025-09-21T11:16:08.871+0000] {processor.py:842} WARNING - No viable dags retrieved from /home/airflow/.local/lib/python3.8/site-packages/airflow/example_dags/plugins/workday.py
[2025-09-21T11:16:08.897+0000] {processor.py:183} INFO - Processing /home/airflow/.local/lib/python3.8/site-packages/airflow/example_dags/plugins/workday.py took 0.713 seconds
[2025-09-21T11:16:39.728+0000] {processor.py:161} INFO - Started process (PID=523) to work on /home/airflow/.local/lib/python3.8/site-packages/airflow/example_dags/plugins/workday.py
[2025-09-21T11:16:39.730+0000] {processor.py:830} INFO - Processing file /home/airflow/.local/lib/python3.8/site-packages/airflow/example_dags/plugins/workday.py for tasks to queue
[2025-09-21T11:16:39.734+0000] {logging_mixin.py:188} INFO - [2025-09-21T11:16:39.733+0000] {dagbag.py:538} INFO - Filling up the DagBag from /home/airflow/.local/lib/python3.8/site-packages/airflow/example_dags/plugins/workday.py
[2025-09-21T11:16:40.334+0000] {processor.py:842} WARNING - No viable dags retrieved from /home/airflow/.local/lib/python3.8/site-packages/airflow/example_dags/plugins/workday.py
[2025-09-21T11:16:40.353+0000] {processor.py:183} INFO - Processing /home/airflow/.local/lib/python3.8/site-packages/airflow/example_dags/plugins/workday.py took 0.630 seconds
[2025-09-21T11:17:10.589+0000] {processor.py:161} INFO - Started process (PID=581) to work on /home/airflow/.local/lib/python3.8/site-packages/airflow/example_dags/plugins/workday.py
[2025-09-21T11:17:10.591+0000] {processor.py:830} INFO - Processing file /home/airflow/.local/lib/python3.8/site-packages/airflow/example_dags/plugins/workday.py for tasks to queue
[2025-09-21T11:17:10.595+0000] {logging_mixin.py:188} INFO - [2025-09-21T11:17:10.594+0000] {dagbag.py:538} INFO - Filling up the DagBag from /home/airflow/.local/lib/python3.8/site-packages/airflow/example_dags/plugins/workday.py
[2025-09-21T11:17:11.267+0000] {processor.py:842} WARNING - No viable dags retrieved from /home/airflow/.local/lib/python3.8/site-packages/airflow/example_dags/plugins/workday.py
[2025-09-21T11:17:11.285+0000] {processor.py:183} INFO - Processing /home/airflow/.local/lib/python3.8/site-packages/airflow/example_dags/plugins/workday.py took 0.702 seconds
[2025-09-21T11:17:41.575+0000] {processor.py:161} INFO - Started process (PID=639) to work on /home/airflow/.local/lib/python3.8/site-packages/airflow/example_dags/plugins/workday.py
[2025-09-21T11:17:41.577+0000] {processor.py:830} INFO - Processing file /home/airflow/.local/lib/python3.8/site-packages/airflow/example_dags/plugins/workday.py for tasks to queue
[2025-09-21T11:17:41.580+0000] {logging_mixin.py:188} INFO - [2025-09-21T11:17:41.579+0000] {dagbag.py:538} INFO - Filling up the DagBag from /home/airflow/.local/lib/python3.8/site-packages/airflow/example_dags/plugins/workday.py
[2025-09-21T11:17:42.234+0000] {processor.py:842} WARNING - No viable dags retrieved from /home/airflow/.local/lib/python3.8/site-packages/airflow/example_dags/plugins/workday.py
[2025-09-21T11:17:42.252+0000] {processor.py:183} INFO - Processing /home/airflow/.local/lib/python3.8/site-packages/airflow/example_dags/plugins/workday.py took 0.682 seconds
[2025-09-21T11:18:12.462+0000] {processor.py:161} INFO - Started process (PID=697) to work on /home/airflow/.local/lib/python3.8/site-packages/airflow/example_dags/plugins/workday.py
[2025-09-21T11:18:12.464+0000] {processor.py:830} INFO - Processing file /home/airflow/.local/lib/python3.8/site-packages/airflow/example_dags/plugins/workday.py for tasks to queue
[2025-09-21T11:18:12.468+0000] {logging_mixin.py:188} INFO - [2025-09-21T11:18:12.467+0000] {dagbag.py:538} INFO - Filling up the DagBag from /home/airflow/.local/lib/python3.8/site-packages/airflow/example_dags/plugins/workday.py
[2025-09-21T11:18:13.048+0000] {processor.py:842} WARNING - No viable dags retrieved from /home/airflow/.local/lib/python3.8/site-packages/airflow/example_dags/plugins/workday.py
[2025-09-21T11:18:13.066+0000] {processor.py:183} INFO - Processing /home/airflow/.local/lib/python3.8/site-packages/airflow/example_dags/plugins/workday.py took 0.609 seconds
[2025-09-21T11:18:43.197+0000] {processor.py:161} INFO - Started process (PID=755) to work on /home/airflow/.local/lib/python3.8/site-packages/airflow/example_dags/plugins/workday.py
[2025-09-21T11:18:43.199+0000] {processor.py:830} INFO - Processing file /home/airflow/.local/lib/python3.8/site-packages/airflow/example_dags/plugins/workday.py for tasks to queue
[2025-09-21T11:18:43.202+0000] {logging_mixin.py:188} INFO - [2025-09-21T11:18:43.202+0000] {dagbag.py:538} INFO - Filling up the DagBag from /home/airflow/.local/lib/python3.8/site-packages/airflow/example_dags/plugins/workday.py
[2025-09-21T11:18:43.789+0000] {processor.py:842} WARNING - No viable dags retrieved from /home/airflow/.local/lib/python3.8/site-packages/airflow/example_dags/plugins/workday.py
[2025-09-21T11:18:43.809+0000] {processor.py:183} INFO - Processing /home/airflow/.local/lib/python3.8/site-packages/airflow/example_dags/plugins/workday.py took 0.617 seconds
[2025-09-21T11:19:14.099+0000] {processor.py:161} INFO - Started process (PID=813) to work on /home/airflow/.local/lib/python3.8/site-packages/airflow/example_dags/plugins/workday.py
[2025-09-21T11:19:14.101+0000] {processor.py:830} INFO - Processing file /home/airflow/.local/lib/python3.8/site-packages/airflow/example_dags/plugins/workday.py for tasks to queue
[2025-09-21T11:19:14.104+0000] {logging_mixin.py:188} INFO - [2025-09-21T11:19:14.104+0000] {dagbag.py:538} INFO - Filling up the DagBag from /home/airflow/.local/lib/python3.8/site-packages/airflow/example_dags/plugins/workday.py
[2025-09-21T11:19:14.690+0000] {processor.py:842} WARNING - No viable dags retrieved from /home/airflow/.local/lib/python3.8/site-packages/airflow/example_dags/plugins/workday.py
[2025-09-21T11:19:14.708+0000] {processor.py:183} INFO - Processing /home/airflow/.local/lib/python3.8/site-packages/airflow/example_dags/plugins/workday.py took 0.615 seconds
[2025-09-21T11:19:45.639+0000] {processor.py:161} INFO - Started process (PID=871) to work on /home/airflow/.local/lib/python3.8/site-packages/airflow/example_dags/plugins/workday.py
[2025-09-21T11:19:45.641+0000] {processor.py:830} INFO - Processing file /home/airflow/.local/lib/python3.8/site-packages/airflow/example_dags/plugins/workday.py for tasks to queue
[2025-09-21T11:19:45.644+0000] {logging_mixin.py:188} INFO - [2025-09-21T11:19:45.644+0000] {dagbag.py:538} INFO - Filling up the DagBag from /home/airflow/.local/lib/python3.8/site-packages/airflow/example_dags/plugins/workday.py
[2025-09-21T11:19:46.233+0000] {processor.py:842} WARNING - No viable dags retrieved from /home/airflow/.local/lib/python3.8/site-packages/airflow/example_dags/plugins/workday.py
[2025-09-21T11:19:46.251+0000] {processor.py:183} INFO - Processing /home/airflow/.local/lib/python3.8/site-packages/airflow/example_dags/plugins/workday.py took 0.617 seconds
[2025-09-21T11:20:16.702+0000] {processor.py:161} INFO - Started process (PID=929) to work on /home/airflow/.local/lib/python3.8/site-packages/airflow/example_dags/plugins/workday.py
[2025-09-21T11:20:16.705+0000] {processor.py:830} INFO - Processing file /home/airflow/.local/lib/python3.8/site-packages/airflow/example_dags/plugins/workday.py for tasks to queue
[2025-09-21T11:20:16.708+0000] {logging_mixin.py:188} INFO - [2025-09-21T11:20:16.708+0000] {dagbag.py:538} INFO - Filling up the DagBag from /home/airflow/.local/lib/python3.8/site-packages/airflow/example_dags/plugins/workday.py
[2025-09-21T11:20:17.362+0000] {processor.py:842} WARNING - No viable dags retrieved from /home/airflow/.local/lib/python3.8/site-packages/airflow/example_dags/plugins/workday.py
[2025-09-21T11:20:17.381+0000] {processor.py:183} INFO - Processing /home/airflow/.local/lib/python3.8/site-packages/airflow/example_dags/plugins/workday.py took 0.685 seconds
[2025-09-21T11:20:47.512+0000] {processor.py:161} INFO - Started process (PID=987) to work on /home/airflow/.local/lib/python3.8/site-packages/airflow/example_dags/plugins/workday.py
[2025-09-21T11:20:47.514+0000] {processor.py:830} INFO - Processing file /home/airflow/.local/lib/python3.8/site-packages/airflow/example_dags/plugins/workday.py for tasks to queue
[2025-09-21T11:20:47.518+0000] {logging_mixin.py:188} INFO - [2025-09-21T11:20:47.517+0000] {dagbag.py:538} INFO - Filling up the DagBag from /home/airflow/.local/lib/python3.8/site-packages/airflow/example_dags/plugins/workday.py
[2025-09-21T11:20:48.128+0000] {processor.py:842} WARNING - No viable dags retrieved from /home/airflow/.local/lib/python3.8/site-packages/airflow/example_dags/plugins/workday.py
[2025-09-21T11:20:48.146+0000] {processor.py:183} INFO - Processing /home/airflow/.local/lib/python3.8/site-packages/airflow/example_dags/plugins/workday.py took 0.639 seconds
[2025-09-21T11:21:18.824+0000] {processor.py:161} INFO - Started process (PID=1045) to work on /home/airflow/.local/lib/python3.8/site-packages/airflow/example_dags/plugins/workday.py
[2025-09-21T11:21:18.826+0000] {processor.py:830} INFO - Processing file /home/airflow/.local/lib/python3.8/site-packages/airflow/example_dags/plugins/workday.py for tasks to queue
[2025-09-21T11:21:18.830+0000] {logging_mixin.py:188} INFO - [2025-09-21T11:21:18.830+0000] {dagbag.py:538} INFO - Filling up the DagBag from /home/airflow/.local/lib/python3.8/site-packages/airflow/example_dags/plugins/workday.py
[2025-09-21T11:21:19.619+0000] {processor.py:842} WARNING - No viable dags retrieved from /home/airflow/.local/lib/python3.8/site-packages/airflow/example_dags/plugins/workday.py
[2025-09-21T11:21:19.638+0000] {processor.py:183} INFO - Processing /home/airflow/.local/lib/python3.8/site-packages/airflow/example_dags/plugins/workday.py took 0.820 seconds
[2025-09-21T11:21:49.745+0000] {processor.py:161} INFO - Started process (PID=1103) to work on /home/airflow/.local/lib/python3.8/site-packages/airflow/example_dags/plugins/workday.py
[2025-09-21T11:21:49.746+0000] {processor.py:830} INFO - Processing file /home/airflow/.local/lib/python3.8/site-packages/airflow/example_dags/plugins/workday.py for tasks to queue
[2025-09-21T11:21:49.750+0000] {logging_mixin.py:188} INFO - [2025-09-21T11:21:49.749+0000] {dagbag.py:538} INFO - Filling up the DagBag from /home/airflow/.local/lib/python3.8/site-packages/airflow/example_dags/plugins/workday.py
[2025-09-21T11:21:50.371+0000] {processor.py:842} WARNING - No viable dags retrieved from /home/airflow/.local/lib/python3.8/site-packages/airflow/example_dags/plugins/workday.py
[2025-09-21T11:21:50.390+0000] {processor.py:183} INFO - Processing /home/airflow/.local/lib/python3.8/site-packages/airflow/example_dags/plugins/workday.py took 0.651 seconds
[2025-09-21T11:22:20.570+0000] {processor.py:161} INFO - Started process (PID=1161) to work on /home/airflow/.local/lib/python3.8/site-packages/airflow/example_dags/plugins/workday.py
[2025-09-21T11:22:20.572+0000] {processor.py:830} INFO - Processing file /home/airflow/.local/lib/python3.8/site-packages/airflow/example_dags/plugins/workday.py for tasks to queue
[2025-09-21T11:22:20.576+0000] {logging_mixin.py:188} INFO - [2025-09-21T11:22:20.575+0000] {dagbag.py:538} INFO - Filling up the DagBag from /home/airflow/.local/lib/python3.8/site-packages/airflow/example_dags/plugins/workday.py
[2025-09-21T11:22:21.177+0000] {processor.py:842} WARNING - No viable dags retrieved from /home/airflow/.local/lib/python3.8/site-packages/airflow/example_dags/plugins/workday.py
[2025-09-21T11:22:21.197+0000] {processor.py:183} INFO - Processing /home/airflow/.local/lib/python3.8/site-packages/airflow/example_dags/plugins/workday.py took 0.632 seconds
[2025-09-21T11:22:51.586+0000] {processor.py:161} INFO - Started process (PID=1219) to work on /home/airflow/.local/lib/python3.8/site-packages/airflow/example_dags/plugins/workday.py
[2025-09-21T11:22:51.588+0000] {processor.py:830} INFO - Processing file /home/airflow/.local/lib/python3.8/site-packages/airflow/example_dags/plugins/workday.py for tasks to queue
[2025-09-21T11:22:51.593+0000] {logging_mixin.py:188} INFO - [2025-09-21T11:22:51.592+0000] {dagbag.py:538} INFO - Filling up the DagBag from /home/airflow/.local/lib/python3.8/site-packages/airflow/example_dags/plugins/workday.py
[2025-09-21T11:22:52.368+0000] {processor.py:842} WARNING - No viable dags retrieved from /home/airflow/.local/lib/python3.8/site-packages/airflow/example_dags/plugins/workday.py
[2025-09-21T11:22:52.385+0000] {processor.py:183} INFO - Processing /home/airflow/.local/lib/python3.8/site-packages/airflow/example_dags/plugins/workday.py took 0.806 seconds
[2025-09-21T11:23:23.385+0000] {processor.py:161} INFO - Started process (PID=1277) to work on /home/airflow/.local/lib/python3.8/site-packages/airflow/example_dags/plugins/workday.py
[2025-09-21T11:23:23.387+0000] {processor.py:830} INFO - Processing file /home/airflow/.local/lib/python3.8/site-packages/airflow/example_dags/plugins/workday.py for tasks to queue
[2025-09-21T11:23:23.390+0000] {logging_mixin.py:188} INFO - [2025-09-21T11:23:23.389+0000] {dagbag.py:538} INFO - Filling up the DagBag from /home/airflow/.local/lib/python3.8/site-packages/airflow/example_dags/plugins/workday.py
[2025-09-21T11:23:23.971+0000] {processor.py:842} WARNING - No viable dags retrieved from /home/airflow/.local/lib/python3.8/site-packages/airflow/example_dags/plugins/workday.py
[2025-09-21T11:23:23.989+0000] {processor.py:183} INFO - Processing /home/airflow/.local/lib/python3.8/site-packages/airflow/example_dags/plugins/workday.py took 0.609 seconds
[2025-09-21T11:23:54.141+0000] {processor.py:161} INFO - Started process (PID=1335) to work on /home/airflow/.local/lib/python3.8/site-packages/airflow/example_dags/plugins/workday.py
[2025-09-21T11:23:54.143+0000] {processor.py:830} INFO - Processing file /home/airflow/.local/lib/python3.8/site-packages/airflow/example_dags/plugins/workday.py for tasks to queue
[2025-09-21T11:23:54.147+0000] {logging_mixin.py:188} INFO - [2025-09-21T11:23:54.146+0000] {dagbag.py:538} INFO - Filling up the DagBag from /home/airflow/.local/lib/python3.8/site-packages/airflow/example_dags/plugins/workday.py
[2025-09-21T11:23:54.750+0000] {processor.py:842} WARNING - No viable dags retrieved from /home/airflow/.local/lib/python3.8/site-packages/airflow/example_dags/plugins/workday.py
[2025-09-21T11:23:54.770+0000] {processor.py:183} INFO - Processing /home/airflow/.local/lib/python3.8/site-packages/airflow/example_dags/plugins/workday.py took 0.635 seconds
[2025-09-21T11:24:25.224+0000] {processor.py:161} INFO - Started process (PID=1393) to work on /home/airflow/.local/lib/python3.8/site-packages/airflow/example_dags/plugins/workday.py
[2025-09-21T11:24:25.225+0000] {processor.py:830} INFO - Processing file /home/airflow/.local/lib/python3.8/site-packages/airflow/example_dags/plugins/workday.py for tasks to queue
[2025-09-21T11:24:25.229+0000] {logging_mixin.py:188} INFO - [2025-09-21T11:24:25.228+0000] {dagbag.py:538} INFO - Filling up the DagBag from /home/airflow/.local/lib/python3.8/site-packages/airflow/example_dags/plugins/workday.py
[2025-09-21T11:24:25.811+0000] {processor.py:842} WARNING - No viable dags retrieved from /home/airflow/.local/lib/python3.8/site-packages/airflow/example_dags/plugins/workday.py
[2025-09-21T11:24:25.829+0000] {processor.py:183} INFO - Processing /home/airflow/.local/lib/python3.8/site-packages/airflow/example_dags/plugins/workday.py took 0.613 seconds
[2025-09-21T11:24:56.681+0000] {processor.py:161} INFO - Started process (PID=1451) to work on /home/airflow/.local/lib/python3.8/site-packages/airflow/example_dags/plugins/workday.py
[2025-09-21T11:24:56.683+0000] {processor.py:830} INFO - Processing file /home/airflow/.local/lib/python3.8/site-packages/airflow/example_dags/plugins/workday.py for tasks to queue
[2025-09-21T11:24:56.687+0000] {logging_mixin.py:188} INFO - [2025-09-21T11:24:56.687+0000] {dagbag.py:538} INFO - Filling up the DagBag from /home/airflow/.local/lib/python3.8/site-packages/airflow/example_dags/plugins/workday.py
[2025-09-21T11:24:57.296+0000] {processor.py:842} WARNING - No viable dags retrieved from /home/airflow/.local/lib/python3.8/site-packages/airflow/example_dags/plugins/workday.py
[2025-09-21T11:24:57.314+0000] {processor.py:183} INFO - Processing /home/airflow/.local/lib/python3.8/site-packages/airflow/example_dags/plugins/workday.py took 0.640 seconds
[2025-09-21T11:25:27.810+0000] {processor.py:161} INFO - Started process (PID=1509) to work on /home/airflow/.local/lib/python3.8/site-packages/airflow/example_dags/plugins/workday.py
[2025-09-21T11:25:27.812+0000] {processor.py:830} INFO - Processing file /home/airflow/.local/lib/python3.8/site-packages/airflow/example_dags/plugins/workday.py for tasks to queue
[2025-09-21T11:25:27.816+0000] {logging_mixin.py:188} INFO - [2025-09-21T11:25:27.815+0000] {dagbag.py:538} INFO - Filling up the DagBag from /home/airflow/.local/lib/python3.8/site-packages/airflow/example_dags/plugins/workday.py
[2025-09-21T11:25:28.443+0000] {processor.py:842} WARNING - No viable dags retrieved from /home/airflow/.local/lib/python3.8/site-packages/airflow/example_dags/plugins/workday.py
[2025-09-21T11:25:28.461+0000] {processor.py:183} INFO - Processing /home/airflow/.local/lib/python3.8/site-packages/airflow/example_dags/plugins/workday.py took 0.656 seconds
[2025-09-21T11:25:59.386+0000] {processor.py:161} INFO - Started process (PID=1567) to work on /home/airflow/.local/lib/python3.8/site-packages/airflow/example_dags/plugins/workday.py
[2025-09-21T11:25:59.390+0000] {processor.py:830} INFO - Processing file /home/airflow/.local/lib/python3.8/site-packages/airflow/example_dags/plugins/workday.py for tasks to queue
[2025-09-21T11:25:59.393+0000] {logging_mixin.py:188} INFO - [2025-09-21T11:25:59.392+0000] {dagbag.py:538} INFO - Filling up the DagBag from /home/airflow/.local/lib/python3.8/site-packages/airflow/example_dags/plugins/workday.py
[2025-09-21T11:26:00.069+0000] {processor.py:842} WARNING - No viable dags retrieved from /home/airflow/.local/lib/python3.8/site-packages/airflow/example_dags/plugins/workday.py
[2025-09-21T11:26:00.087+0000] {processor.py:183} INFO - Processing /home/airflow/.local/lib/python3.8/site-packages/airflow/example_dags/plugins/workday.py took 0.710 seconds
[2025-09-21T11:26:31.137+0000] {processor.py:161} INFO - Started process (PID=1625) to work on /home/airflow/.local/lib/python3.8/site-packages/airflow/example_dags/plugins/workday.py
[2025-09-21T11:26:31.139+0000] {processor.py:830} INFO - Processing file /home/airflow/.local/lib/python3.8/site-packages/airflow/example_dags/plugins/workday.py for tasks to queue
[2025-09-21T11:26:31.142+0000] {logging_mixin.py:188} INFO - [2025-09-21T11:26:31.142+0000] {dagbag.py:538} INFO - Filling up the DagBag from /home/airflow/.local/lib/python3.8/site-packages/airflow/example_dags/plugins/workday.py
[2025-09-21T11:26:31.757+0000] {processor.py:842} WARNING - No viable dags retrieved from /home/airflow/.local/lib/python3.8/site-packages/airflow/example_dags/plugins/workday.py
[2025-09-21T11:26:31.775+0000] {processor.py:183} INFO - Processing /home/airflow/.local/lib/python3.8/site-packages/airflow/example_dags/plugins/workday.py took 0.643 seconds
[2025-09-21T11:27:01.867+0000] {processor.py:161} INFO - Started process (PID=1683) to work on /home/airflow/.local/lib/python3.8/site-packages/airflow/example_dags/plugins/workday.py
[2025-09-21T11:27:01.868+0000] {processor.py:830} INFO - Processing file /home/airflow/.local/lib/python3.8/site-packages/airflow/example_dags/plugins/workday.py for tasks to queue
[2025-09-21T11:27:01.872+0000] {logging_mixin.py:188} INFO - [2025-09-21T11:27:01.871+0000] {dagbag.py:538} INFO - Filling up the DagBag from /home/airflow/.local/lib/python3.8/site-packages/airflow/example_dags/plugins/workday.py
[2025-09-21T11:27:02.570+0000] {processor.py:842} WARNING - No viable dags retrieved from /home/airflow/.local/lib/python3.8/site-packages/airflow/example_dags/plugins/workday.py
[2025-09-21T11:27:02.588+0000] {processor.py:183} INFO - Processing /home/airflow/.local/lib/python3.8/site-packages/airflow/example_dags/plugins/workday.py took 0.727 seconds
[2025-09-21T11:27:33.434+0000] {processor.py:161} INFO - Started process (PID=1741) to work on /home/airflow/.local/lib/python3.8/site-packages/airflow/example_dags/plugins/workday.py
[2025-09-21T11:27:33.435+0000] {processor.py:830} INFO - Processing file /home/airflow/.local/lib/python3.8/site-packages/airflow/example_dags/plugins/workday.py for tasks to queue
[2025-09-21T11:27:33.439+0000] {logging_mixin.py:188} INFO - [2025-09-21T11:27:33.438+0000] {dagbag.py:538} INFO - Filling up the DagBag from /home/airflow/.local/lib/python3.8/site-packages/airflow/example_dags/plugins/workday.py
[2025-09-21T11:27:34.045+0000] {processor.py:842} WARNING - No viable dags retrieved from /home/airflow/.local/lib/python3.8/site-packages/airflow/example_dags/plugins/workday.py
[2025-09-21T11:27:34.064+0000] {processor.py:183} INFO - Processing /home/airflow/.local/lib/python3.8/site-packages/airflow/example_dags/plugins/workday.py took 0.636 seconds
[2025-09-21T11:28:04.298+0000] {processor.py:161} INFO - Started process (PID=1799) to work on /home/airflow/.local/lib/python3.8/site-packages/airflow/example_dags/plugins/workday.py
[2025-09-21T11:28:04.300+0000] {processor.py:830} INFO - Processing file /home/airflow/.local/lib/python3.8/site-packages/airflow/example_dags/plugins/workday.py for tasks to queue
[2025-09-21T11:28:04.304+0000] {logging_mixin.py:188} INFO - [2025-09-21T11:28:04.303+0000] {dagbag.py:538} INFO - Filling up the DagBag from /home/airflow/.local/lib/python3.8/site-packages/airflow/example_dags/plugins/workday.py
[2025-09-21T11:28:04.746+0000] {processor.py:842} WARNING - No viable dags retrieved from /home/airflow/.local/lib/python3.8/site-packages/airflow/example_dags/plugins/workday.py
[2025-09-21T11:28:04.768+0000] {processor.py:183} INFO - Processing /home/airflow/.local/lib/python3.8/site-packages/airflow/example_dags/plugins/workday.py took 0.476 seconds
[2025-09-21T11:28:35.501+0000] {processor.py:161} INFO - Started process (PID=1858) to work on /home/airflow/.local/lib/python3.8/site-packages/airflow/example_dags/plugins/workday.py
[2025-09-21T11:28:35.503+0000] {processor.py:830} INFO - Processing file /home/airflow/.local/lib/python3.8/site-packages/airflow/example_dags/plugins/workday.py for tasks to queue
[2025-09-21T11:28:35.506+0000] {logging_mixin.py:188} INFO - [2025-09-21T11:28:35.506+0000] {dagbag.py:538} INFO - Filling up the DagBag from /home/airflow/.local/lib/python3.8/site-packages/airflow/example_dags/plugins/workday.py
[2025-09-21T11:28:35.944+0000] {processor.py:842} WARNING - No viable dags retrieved from /home/airflow/.local/lib/python3.8/site-packages/airflow/example_dags/plugins/workday.py
[2025-09-21T11:28:35.965+0000] {processor.py:183} INFO - Processing /home/airflow/.local/lib/python3.8/site-packages/airflow/example_dags/plugins/workday.py took 0.470 seconds
[2025-09-21T11:29:06.150+0000] {processor.py:161} INFO - Started process (PID=1916) to work on /home/airflow/.local/lib/python3.8/site-packages/airflow/example_dags/plugins/workday.py
[2025-09-21T11:29:06.152+0000] {processor.py:830} INFO - Processing file /home/airflow/.local/lib/python3.8/site-packages/airflow/example_dags/plugins/workday.py for tasks to queue
[2025-09-21T11:29:06.156+0000] {logging_mixin.py:188} INFO - [2025-09-21T11:29:06.155+0000] {dagbag.py:538} INFO - Filling up the DagBag from /home/airflow/.local/lib/python3.8/site-packages/airflow/example_dags/plugins/workday.py
[2025-09-21T11:29:06.583+0000] {processor.py:842} WARNING - No viable dags retrieved from /home/airflow/.local/lib/python3.8/site-packages/airflow/example_dags/plugins/workday.py
[2025-09-21T11:29:06.605+0000] {processor.py:183} INFO - Processing /home/airflow/.local/lib/python3.8/site-packages/airflow/example_dags/plugins/workday.py took 0.461 seconds
[2025-09-21T11:29:36.674+0000] {processor.py:161} INFO - Started process (PID=1975) to work on /home/airflow/.local/lib/python3.8/site-packages/airflow/example_dags/plugins/workday.py
[2025-09-21T11:29:36.676+0000] {processor.py:830} INFO - Processing file /home/airflow/.local/lib/python3.8/site-packages/airflow/example_dags/plugins/workday.py for tasks to queue
[2025-09-21T11:29:36.680+0000] {logging_mixin.py:188} INFO - [2025-09-21T11:29:36.679+0000] {dagbag.py:538} INFO - Filling up the DagBag from /home/airflow/.local/lib/python3.8/site-packages/airflow/example_dags/plugins/workday.py
[2025-09-21T11:29:37.111+0000] {processor.py:842} WARNING - No viable dags retrieved from /home/airflow/.local/lib/python3.8/site-packages/airflow/example_dags/plugins/workday.py
[2025-09-21T11:29:37.133+0000] {processor.py:183} INFO - Processing /home/airflow/.local/lib/python3.8/site-packages/airflow/example_dags/plugins/workday.py took 0.465 seconds
[2025-09-21T11:30:08.208+0000] {processor.py:161} INFO - Started process (PID=2041) to work on /home/airflow/.local/lib/python3.8/site-packages/airflow/example_dags/plugins/workday.py
[2025-09-21T11:30:08.210+0000] {processor.py:830} INFO - Processing file /home/airflow/.local/lib/python3.8/site-packages/airflow/example_dags/plugins/workday.py for tasks to queue
[2025-09-21T11:30:08.214+0000] {logging_mixin.py:188} INFO - [2025-09-21T11:30:08.213+0000] {dagbag.py:538} INFO - Filling up the DagBag from /home/airflow/.local/lib/python3.8/site-packages/airflow/example_dags/plugins/workday.py
[2025-09-21T11:30:08.657+0000] {processor.py:842} WARNING - No viable dags retrieved from /home/airflow/.local/lib/python3.8/site-packages/airflow/example_dags/plugins/workday.py
[2025-09-21T11:30:08.677+0000] {processor.py:183} INFO - Processing /home/airflow/.local/lib/python3.8/site-packages/airflow/example_dags/plugins/workday.py took 0.475 seconds
[2025-09-21T11:30:39.064+0000] {processor.py:161} INFO - Started process (PID=2099) to work on /home/airflow/.local/lib/python3.8/site-packages/airflow/example_dags/plugins/workday.py
[2025-09-21T11:30:39.065+0000] {processor.py:830} INFO - Processing file /home/airflow/.local/lib/python3.8/site-packages/airflow/example_dags/plugins/workday.py for tasks to queue
[2025-09-21T11:30:39.069+0000] {logging_mixin.py:188} INFO - [2025-09-21T11:30:39.068+0000] {dagbag.py:538} INFO - Filling up the DagBag from /home/airflow/.local/lib/python3.8/site-packages/airflow/example_dags/plugins/workday.py
[2025-09-21T11:30:39.542+0000] {processor.py:842} WARNING - No viable dags retrieved from /home/airflow/.local/lib/python3.8/site-packages/airflow/example_dags/plugins/workday.py
[2025-09-21T11:30:39.568+0000] {processor.py:183} INFO - Processing /home/airflow/.local/lib/python3.8/site-packages/airflow/example_dags/plugins/workday.py took 0.510 seconds
[2025-09-21T11:31:11.297+0000] {processor.py:161} INFO - Started process (PID=2165) to work on /home/airflow/.local/lib/python3.8/site-packages/airflow/example_dags/plugins/workday.py
[2025-09-21T11:31:11.299+0000] {processor.py:830} INFO - Processing file /home/airflow/.local/lib/python3.8/site-packages/airflow/example_dags/plugins/workday.py for tasks to queue
[2025-09-21T11:31:11.302+0000] {logging_mixin.py:188} INFO - [2025-09-21T11:31:11.302+0000] {dagbag.py:538} INFO - Filling up the DagBag from /home/airflow/.local/lib/python3.8/site-packages/airflow/example_dags/plugins/workday.py
[2025-09-21T11:31:11.766+0000] {processor.py:842} WARNING - No viable dags retrieved from /home/airflow/.local/lib/python3.8/site-packages/airflow/example_dags/plugins/workday.py
[2025-09-21T11:31:11.787+0000] {processor.py:183} INFO - Processing /home/airflow/.local/lib/python3.8/site-packages/airflow/example_dags/plugins/workday.py took 0.496 seconds
[2025-09-21T11:31:41.864+0000] {processor.py:161} INFO - Started process (PID=2223) to work on /home/airflow/.local/lib/python3.8/site-packages/airflow/example_dags/plugins/workday.py
[2025-09-21T11:31:41.866+0000] {processor.py:830} INFO - Processing file /home/airflow/.local/lib/python3.8/site-packages/airflow/example_dags/plugins/workday.py for tasks to queue
[2025-09-21T11:31:41.870+0000] {logging_mixin.py:188} INFO - [2025-09-21T11:31:41.869+0000] {dagbag.py:538} INFO - Filling up the DagBag from /home/airflow/.local/lib/python3.8/site-packages/airflow/example_dags/plugins/workday.py
[2025-09-21T11:31:42.338+0000] {processor.py:842} WARNING - No viable dags retrieved from /home/airflow/.local/lib/python3.8/site-packages/airflow/example_dags/plugins/workday.py
[2025-09-21T11:31:42.360+0000] {processor.py:183} INFO - Processing /home/airflow/.local/lib/python3.8/site-packages/airflow/example_dags/plugins/workday.py took 0.503 seconds
[2025-09-21T11:32:13.369+0000] {processor.py:161} INFO - Started process (PID=2283) to work on /home/airflow/.local/lib/python3.8/site-packages/airflow/example_dags/plugins/workday.py
[2025-09-21T11:32:13.371+0000] {processor.py:830} INFO - Processing file /home/airflow/.local/lib/python3.8/site-packages/airflow/example_dags/plugins/workday.py for tasks to queue
[2025-09-21T11:32:13.376+0000] {logging_mixin.py:188} INFO - [2025-09-21T11:32:13.375+0000] {dagbag.py:538} INFO - Filling up the DagBag from /home/airflow/.local/lib/python3.8/site-packages/airflow/example_dags/plugins/workday.py
[2025-09-21T11:32:13.881+0000] {processor.py:842} WARNING - No viable dags retrieved from /home/airflow/.local/lib/python3.8/site-packages/airflow/example_dags/plugins/workday.py
[2025-09-21T11:32:13.903+0000] {processor.py:183} INFO - Processing /home/airflow/.local/lib/python3.8/site-packages/airflow/example_dags/plugins/workday.py took 0.541 seconds
[2025-09-21T11:32:44.124+0000] {processor.py:161} INFO - Started process (PID=2341) to work on /home/airflow/.local/lib/python3.8/site-packages/airflow/example_dags/plugins/workday.py
[2025-09-21T11:32:44.126+0000] {processor.py:830} INFO - Processing file /home/airflow/.local/lib/python3.8/site-packages/airflow/example_dags/plugins/workday.py for tasks to queue
[2025-09-21T11:32:44.129+0000] {logging_mixin.py:188} INFO - [2025-09-21T11:32:44.129+0000] {dagbag.py:538} INFO - Filling up the DagBag from /home/airflow/.local/lib/python3.8/site-packages/airflow/example_dags/plugins/workday.py
[2025-09-21T11:32:44.615+0000] {processor.py:842} WARNING - No viable dags retrieved from /home/airflow/.local/lib/python3.8/site-packages/airflow/example_dags/plugins/workday.py
[2025-09-21T11:32:44.636+0000] {processor.py:183} INFO - Processing /home/airflow/.local/lib/python3.8/site-packages/airflow/example_dags/plugins/workday.py took 0.518 seconds
[2025-09-21T11:33:15.280+0000] {processor.py:161} INFO - Started process (PID=2400) to work on /home/airflow/.local/lib/python3.8/site-packages/airflow/example_dags/plugins/workday.py
[2025-09-21T11:33:15.282+0000] {processor.py:830} INFO - Processing file /home/airflow/.local/lib/python3.8/site-packages/airflow/example_dags/plugins/workday.py for tasks to queue
[2025-09-21T11:33:15.286+0000] {logging_mixin.py:188} INFO - [2025-09-21T11:33:15.285+0000] {dagbag.py:538} INFO - Filling up the DagBag from /home/airflow/.local/lib/python3.8/site-packages/airflow/example_dags/plugins/workday.py
[2025-09-21T11:33:15.737+0000] {processor.py:842} WARNING - No viable dags retrieved from /home/airflow/.local/lib/python3.8/site-packages/airflow/example_dags/plugins/workday.py
[2025-09-21T11:33:15.759+0000] {processor.py:183} INFO - Processing /home/airflow/.local/lib/python3.8/site-packages/airflow/example_dags/plugins/workday.py took 0.486 seconds
[2025-09-21T11:33:45.854+0000] {processor.py:161} INFO - Started process (PID=2458) to work on /home/airflow/.local/lib/python3.8/site-packages/airflow/example_dags/plugins/workday.py
[2025-09-21T11:33:45.856+0000] {processor.py:830} INFO - Processing file /home/airflow/.local/lib/python3.8/site-packages/airflow/example_dags/plugins/workday.py for tasks to queue
[2025-09-21T11:33:45.860+0000] {logging_mixin.py:188} INFO - [2025-09-21T11:33:45.859+0000] {dagbag.py:538} INFO - Filling up the DagBag from /home/airflow/.local/lib/python3.8/site-packages/airflow/example_dags/plugins/workday.py
[2025-09-21T11:33:46.323+0000] {processor.py:842} WARNING - No viable dags retrieved from /home/airflow/.local/lib/python3.8/site-packages/airflow/example_dags/plugins/workday.py
[2025-09-21T11:33:46.346+0000] {processor.py:183} INFO - Processing /home/airflow/.local/lib/python3.8/site-packages/airflow/example_dags/plugins/workday.py took 0.498 seconds
[2025-09-21T11:34:16.420+0000] {processor.py:161} INFO - Started process (PID=2516) to work on /home/airflow/.local/lib/python3.8/site-packages/airflow/example_dags/plugins/workday.py
[2025-09-21T11:34:16.423+0000] {processor.py:830} INFO - Processing file /home/airflow/.local/lib/python3.8/site-packages/airflow/example_dags/plugins/workday.py for tasks to queue
[2025-09-21T11:34:16.426+0000] {logging_mixin.py:188} INFO - [2025-09-21T11:34:16.425+0000] {dagbag.py:538} INFO - Filling up the DagBag from /home/airflow/.local/lib/python3.8/site-packages/airflow/example_dags/plugins/workday.py
[2025-09-21T11:34:16.858+0000] {processor.py:842} WARNING - No viable dags retrieved from /home/airflow/.local/lib/python3.8/site-packages/airflow/example_dags/plugins/workday.py
[2025-09-21T11:34:16.882+0000] {processor.py:183} INFO - Processing /home/airflow/.local/lib/python3.8/site-packages/airflow/example_dags/plugins/workday.py took 0.467 seconds
[2025-09-21T11:34:47.265+0000] {processor.py:161} INFO - Started process (PID=2574) to work on /home/airflow/.local/lib/python3.8/site-packages/airflow/example_dags/plugins/workday.py
[2025-09-21T11:34:47.266+0000] {processor.py:830} INFO - Processing file /home/airflow/.local/lib/python3.8/site-packages/airflow/example_dags/plugins/workday.py for tasks to queue
[2025-09-21T11:34:47.270+0000] {logging_mixin.py:188} INFO - [2025-09-21T11:34:47.269+0000] {dagbag.py:538} INFO - Filling up the DagBag from /home/airflow/.local/lib/python3.8/site-packages/airflow/example_dags/plugins/workday.py
[2025-09-21T11:34:47.708+0000] {processor.py:842} WARNING - No viable dags retrieved from /home/airflow/.local/lib/python3.8/site-packages/airflow/example_dags/plugins/workday.py
[2025-09-21T11:34:47.729+0000] {processor.py:183} INFO - Processing /home/airflow/.local/lib/python3.8/site-packages/airflow/example_dags/plugins/workday.py took 0.470 seconds
[2025-09-21T11:35:18.156+0000] {processor.py:161} INFO - Started process (PID=2633) to work on /home/airflow/.local/lib/python3.8/site-packages/airflow/example_dags/plugins/workday.py
[2025-09-21T11:35:18.158+0000] {processor.py:830} INFO - Processing file /home/airflow/.local/lib/python3.8/site-packages/airflow/example_dags/plugins/workday.py for tasks to queue
[2025-09-21T11:35:18.162+0000] {logging_mixin.py:188} INFO - [2025-09-21T11:35:18.161+0000] {dagbag.py:538} INFO - Filling up the DagBag from /home/airflow/.local/lib/python3.8/site-packages/airflow/example_dags/plugins/workday.py
[2025-09-21T11:35:18.662+0000] {processor.py:842} WARNING - No viable dags retrieved from /home/airflow/.local/lib/python3.8/site-packages/airflow/example_dags/plugins/workday.py
[2025-09-21T11:35:18.684+0000] {processor.py:183} INFO - Processing /home/airflow/.local/lib/python3.8/site-packages/airflow/example_dags/plugins/workday.py took 0.533 seconds
[2025-09-21T11:35:49.337+0000] {processor.py:161} INFO - Started process (PID=2690) to work on /home/airflow/.local/lib/python3.8/site-packages/airflow/example_dags/plugins/workday.py
[2025-09-21T11:35:49.339+0000] {processor.py:830} INFO - Processing file /home/airflow/.local/lib/python3.8/site-packages/airflow/example_dags/plugins/workday.py for tasks to queue
[2025-09-21T11:35:49.342+0000] {logging_mixin.py:188} INFO - [2025-09-21T11:35:49.342+0000] {dagbag.py:538} INFO - Filling up the DagBag from /home/airflow/.local/lib/python3.8/site-packages/airflow/example_dags/plugins/workday.py
[2025-09-21T11:35:49.925+0000] {processor.py:842} WARNING - No viable dags retrieved from /home/airflow/.local/lib/python3.8/site-packages/airflow/example_dags/plugins/workday.py
[2025-09-21T11:35:49.949+0000] {processor.py:183} INFO - Processing /home/airflow/.local/lib/python3.8/site-packages/airflow/example_dags/plugins/workday.py took 0.618 seconds
[2025-09-21T11:36:21.288+0000] {processor.py:161} INFO - Started process (PID=2752) to work on /home/airflow/.local/lib/python3.8/site-packages/airflow/example_dags/plugins/workday.py
[2025-09-21T11:36:21.289+0000] {processor.py:830} INFO - Processing file /home/airflow/.local/lib/python3.8/site-packages/airflow/example_dags/plugins/workday.py for tasks to queue
[2025-09-21T11:36:21.293+0000] {logging_mixin.py:188} INFO - [2025-09-21T11:36:21.292+0000] {dagbag.py:538} INFO - Filling up the DagBag from /home/airflow/.local/lib/python3.8/site-packages/airflow/example_dags/plugins/workday.py
[2025-09-21T11:36:21.732+0000] {processor.py:842} WARNING - No viable dags retrieved from /home/airflow/.local/lib/python3.8/site-packages/airflow/example_dags/plugins/workday.py
[2025-09-21T11:36:21.753+0000] {processor.py:183} INFO - Processing /home/airflow/.local/lib/python3.8/site-packages/airflow/example_dags/plugins/workday.py took 0.472 seconds
[2025-09-21T11:36:52.740+0000] {processor.py:161} INFO - Started process (PID=2814) to work on /home/airflow/.local/lib/python3.8/site-packages/airflow/example_dags/plugins/workday.py
[2025-09-21T11:36:52.742+0000] {processor.py:830} INFO - Processing file /home/airflow/.local/lib/python3.8/site-packages/airflow/example_dags/plugins/workday.py for tasks to queue
[2025-09-21T11:36:52.747+0000] {logging_mixin.py:188} INFO - [2025-09-21T11:36:52.746+0000] {dagbag.py:538} INFO - Filling up the DagBag from /home/airflow/.local/lib/python3.8/site-packages/airflow/example_dags/plugins/workday.py
[2025-09-21T11:36:53.199+0000] {processor.py:842} WARNING - No viable dags retrieved from /home/airflow/.local/lib/python3.8/site-packages/airflow/example_dags/plugins/workday.py
[2025-09-21T11:36:53.220+0000] {processor.py:183} INFO - Processing /home/airflow/.local/lib/python3.8/site-packages/airflow/example_dags/plugins/workday.py took 0.485 seconds
[2025-09-21T11:37:23.691+0000] {processor.py:161} INFO - Started process (PID=2872) to work on /home/airflow/.local/lib/python3.8/site-packages/airflow/example_dags/plugins/workday.py
[2025-09-21T11:37:23.693+0000] {processor.py:830} INFO - Processing file /home/airflow/.local/lib/python3.8/site-packages/airflow/example_dags/plugins/workday.py for tasks to queue
[2025-09-21T11:37:23.696+0000] {logging_mixin.py:188} INFO - [2025-09-21T11:37:23.696+0000] {dagbag.py:538} INFO - Filling up the DagBag from /home/airflow/.local/lib/python3.8/site-packages/airflow/example_dags/plugins/workday.py
[2025-09-21T11:37:24.163+0000] {processor.py:842} WARNING - No viable dags retrieved from /home/airflow/.local/lib/python3.8/site-packages/airflow/example_dags/plugins/workday.py
[2025-09-21T11:37:24.184+0000] {processor.py:183} INFO - Processing /home/airflow/.local/lib/python3.8/site-packages/airflow/example_dags/plugins/workday.py took 0.501 seconds
[2025-09-21T11:37:54.350+0000] {processor.py:161} INFO - Started process (PID=2930) to work on /home/airflow/.local/lib/python3.8/site-packages/airflow/example_dags/plugins/workday.py
[2025-09-21T11:37:54.352+0000] {processor.py:830} INFO - Processing file /home/airflow/.local/lib/python3.8/site-packages/airflow/example_dags/plugins/workday.py for tasks to queue
[2025-09-21T11:37:54.356+0000] {logging_mixin.py:188} INFO - [2025-09-21T11:37:54.355+0000] {dagbag.py:538} INFO - Filling up the DagBag from /home/airflow/.local/lib/python3.8/site-packages/airflow/example_dags/plugins/workday.py
[2025-09-21T11:37:54.825+0000] {processor.py:842} WARNING - No viable dags retrieved from /home/airflow/.local/lib/python3.8/site-packages/airflow/example_dags/plugins/workday.py
[2025-09-21T11:37:54.847+0000] {processor.py:183} INFO - Processing /home/airflow/.local/lib/python3.8/site-packages/airflow/example_dags/plugins/workday.py took 0.503 seconds
[2025-09-21T11:38:25.248+0000] {processor.py:161} INFO - Started process (PID=2990) to work on /home/airflow/.local/lib/python3.8/site-packages/airflow/example_dags/plugins/workday.py
[2025-09-21T11:38:25.250+0000] {processor.py:830} INFO - Processing file /home/airflow/.local/lib/python3.8/site-packages/airflow/example_dags/plugins/workday.py for tasks to queue
[2025-09-21T11:38:25.254+0000] {logging_mixin.py:188} INFO - [2025-09-21T11:38:25.253+0000] {dagbag.py:538} INFO - Filling up the DagBag from /home/airflow/.local/lib/python3.8/site-packages/airflow/example_dags/plugins/workday.py
[2025-09-21T11:38:25.735+0000] {processor.py:842} WARNING - No viable dags retrieved from /home/airflow/.local/lib/python3.8/site-packages/airflow/example_dags/plugins/workday.py
[2025-09-21T11:38:25.758+0000] {processor.py:183} INFO - Processing /home/airflow/.local/lib/python3.8/site-packages/airflow/example_dags/plugins/workday.py took 0.516 seconds
[2025-09-21T11:38:56.784+0000] {processor.py:161} INFO - Started process (PID=3050) to work on /home/airflow/.local/lib/python3.8/site-packages/airflow/example_dags/plugins/workday.py
[2025-09-21T11:38:56.786+0000] {processor.py:830} INFO - Processing file /home/airflow/.local/lib/python3.8/site-packages/airflow/example_dags/plugins/workday.py for tasks to queue
[2025-09-21T11:38:56.789+0000] {logging_mixin.py:188} INFO - [2025-09-21T11:38:56.789+0000] {dagbag.py:538} INFO - Filling up the DagBag from /home/airflow/.local/lib/python3.8/site-packages/airflow/example_dags/plugins/workday.py
[2025-09-21T11:38:57.245+0000] {processor.py:842} WARNING - No viable dags retrieved from /home/airflow/.local/lib/python3.8/site-packages/airflow/example_dags/plugins/workday.py
[2025-09-21T11:38:57.266+0000] {processor.py:183} INFO - Processing /home/airflow/.local/lib/python3.8/site-packages/airflow/example_dags/plugins/workday.py took 0.488 seconds
[2025-09-21T11:39:27.517+0000] {processor.py:161} INFO - Started process (PID=3110) to work on /home/airflow/.local/lib/python3.8/site-packages/airflow/example_dags/plugins/workday.py
[2025-09-21T11:39:27.519+0000] {processor.py:830} INFO - Processing file /home/airflow/.local/lib/python3.8/site-packages/airflow/example_dags/plugins/workday.py for tasks to queue
[2025-09-21T11:39:27.525+0000] {logging_mixin.py:188} INFO - [2025-09-21T11:39:27.524+0000] {dagbag.py:538} INFO - Filling up the DagBag from /home/airflow/.local/lib/python3.8/site-packages/airflow/example_dags/plugins/workday.py
[2025-09-21T11:39:28.049+0000] {processor.py:842} WARNING - No viable dags retrieved from /home/airflow/.local/lib/python3.8/site-packages/airflow/example_dags/plugins/workday.py
[2025-09-21T11:39:28.072+0000] {processor.py:183} INFO - Processing /home/airflow/.local/lib/python3.8/site-packages/airflow/example_dags/plugins/workday.py took 0.561 seconds
[2025-09-21T11:39:59.683+0000] {processor.py:161} INFO - Started process (PID=3173) to work on /home/airflow/.local/lib/python3.8/site-packages/airflow/example_dags/plugins/workday.py
[2025-09-21T11:39:59.685+0000] {processor.py:830} INFO - Processing file /home/airflow/.local/lib/python3.8/site-packages/airflow/example_dags/plugins/workday.py for tasks to queue
[2025-09-21T11:39:59.689+0000] {logging_mixin.py:188} INFO - [2025-09-21T11:39:59.688+0000] {dagbag.py:538} INFO - Filling up the DagBag from /home/airflow/.local/lib/python3.8/site-packages/airflow/example_dags/plugins/workday.py
[2025-09-21T11:40:00.369+0000] {processor.py:842} WARNING - No viable dags retrieved from /home/airflow/.local/lib/python3.8/site-packages/airflow/example_dags/plugins/workday.py
[2025-09-21T11:40:00.393+0000] {processor.py:183} INFO - Processing /home/airflow/.local/lib/python3.8/site-packages/airflow/example_dags/plugins/workday.py took 0.718 seconds
[2025-09-21T11:40:31.529+0000] {processor.py:161} INFO - Started process (PID=3237) to work on /home/airflow/.local/lib/python3.8/site-packages/airflow/example_dags/plugins/workday.py
[2025-09-21T11:40:31.531+0000] {processor.py:830} INFO - Processing file /home/airflow/.local/lib/python3.8/site-packages/airflow/example_dags/plugins/workday.py for tasks to queue
[2025-09-21T11:40:31.534+0000] {logging_mixin.py:188} INFO - [2025-09-21T11:40:31.534+0000] {dagbag.py:538} INFO - Filling up the DagBag from /home/airflow/.local/lib/python3.8/site-packages/airflow/example_dags/plugins/workday.py
[2025-09-21T11:40:32.001+0000] {processor.py:842} WARNING - No viable dags retrieved from /home/airflow/.local/lib/python3.8/site-packages/airflow/example_dags/plugins/workday.py
[2025-09-21T11:40:32.023+0000] {processor.py:183} INFO - Processing /home/airflow/.local/lib/python3.8/site-packages/airflow/example_dags/plugins/workday.py took 0.500 seconds
[2025-09-21T11:41:02.247+0000] {processor.py:161} INFO - Started process (PID=3295) to work on /home/airflow/.local/lib/python3.8/site-packages/airflow/example_dags/plugins/workday.py
[2025-09-21T11:41:02.249+0000] {processor.py:830} INFO - Processing file /home/airflow/.local/lib/python3.8/site-packages/airflow/example_dags/plugins/workday.py for tasks to queue
[2025-09-21T11:41:02.252+0000] {logging_mixin.py:188} INFO - [2025-09-21T11:41:02.252+0000] {dagbag.py:538} INFO - Filling up the DagBag from /home/airflow/.local/lib/python3.8/site-packages/airflow/example_dags/plugins/workday.py
[2025-09-21T11:41:02.703+0000] {processor.py:842} WARNING - No viable dags retrieved from /home/airflow/.local/lib/python3.8/site-packages/airflow/example_dags/plugins/workday.py
[2025-09-21T11:41:02.726+0000] {processor.py:183} INFO - Processing /home/airflow/.local/lib/python3.8/site-packages/airflow/example_dags/plugins/workday.py took 0.485 seconds
[2025-09-21T11:41:32.915+0000] {processor.py:161} INFO - Started process (PID=3353) to work on /home/airflow/.local/lib/python3.8/site-packages/airflow/example_dags/plugins/workday.py
[2025-09-21T11:41:32.917+0000] {processor.py:830} INFO - Processing file /home/airflow/.local/lib/python3.8/site-packages/airflow/example_dags/plugins/workday.py for tasks to queue
[2025-09-21T11:41:32.921+0000] {logging_mixin.py:188} INFO - [2025-09-21T11:41:32.920+0000] {dagbag.py:538} INFO - Filling up the DagBag from /home/airflow/.local/lib/python3.8/site-packages/airflow/example_dags/plugins/workday.py
[2025-09-21T11:41:33.390+0000] {processor.py:842} WARNING - No viable dags retrieved from /home/airflow/.local/lib/python3.8/site-packages/airflow/example_dags/plugins/workday.py
[2025-09-21T11:41:33.414+0000] {processor.py:183} INFO - Processing /home/airflow/.local/lib/python3.8/site-packages/airflow/example_dags/plugins/workday.py took 0.505 seconds
[2025-09-21T11:42:03.627+0000] {processor.py:161} INFO - Started process (PID=3410) to work on /home/airflow/.local/lib/python3.8/site-packages/airflow/example_dags/plugins/workday.py
[2025-09-21T11:42:03.630+0000] {processor.py:830} INFO - Processing file /home/airflow/.local/lib/python3.8/site-packages/airflow/example_dags/plugins/workday.py for tasks to queue
[2025-09-21T11:42:03.634+0000] {logging_mixin.py:188} INFO - [2025-09-21T11:42:03.633+0000] {dagbag.py:538} INFO - Filling up the DagBag from /home/airflow/.local/lib/python3.8/site-packages/airflow/example_dags/plugins/workday.py
[2025-09-21T11:42:04.103+0000] {processor.py:842} WARNING - No viable dags retrieved from /home/airflow/.local/lib/python3.8/site-packages/airflow/example_dags/plugins/workday.py
[2025-09-21T11:42:04.126+0000] {processor.py:183} INFO - Processing /home/airflow/.local/lib/python3.8/site-packages/airflow/example_dags/plugins/workday.py took 0.505 seconds
[2025-09-21T11:42:35.124+0000] {processor.py:161} INFO - Started process (PID=3470) to work on /home/airflow/.local/lib/python3.8/site-packages/airflow/example_dags/plugins/workday.py
[2025-09-21T11:42:35.127+0000] {processor.py:830} INFO - Processing file /home/airflow/.local/lib/python3.8/site-packages/airflow/example_dags/plugins/workday.py for tasks to queue
[2025-09-21T11:42:35.133+0000] {logging_mixin.py:188} INFO - [2025-09-21T11:42:35.132+0000] {dagbag.py:538} INFO - Filling up the DagBag from /home/airflow/.local/lib/python3.8/site-packages/airflow/example_dags/plugins/workday.py
[2025-09-21T11:42:35.624+0000] {processor.py:842} WARNING - No viable dags retrieved from /home/airflow/.local/lib/python3.8/site-packages/airflow/example_dags/plugins/workday.py
[2025-09-21T11:42:35.647+0000] {processor.py:183} INFO - Processing /home/airflow/.local/lib/python3.8/site-packages/airflow/example_dags/plugins/workday.py took 0.529 seconds
[2025-09-21T11:43:07.788+0000] {processor.py:161} INFO - Started process (PID=3535) to work on /home/airflow/.local/lib/python3.8/site-packages/airflow/example_dags/plugins/workday.py
[2025-09-21T11:43:07.791+0000] {processor.py:830} INFO - Processing file /home/airflow/.local/lib/python3.8/site-packages/airflow/example_dags/plugins/workday.py for tasks to queue
[2025-09-21T11:43:07.795+0000] {logging_mixin.py:188} INFO - [2025-09-21T11:43:07.794+0000] {dagbag.py:538} INFO - Filling up the DagBag from /home/airflow/.local/lib/python3.8/site-packages/airflow/example_dags/plugins/workday.py
[2025-09-21T11:43:08.235+0000] {processor.py:842} WARNING - No viable dags retrieved from /home/airflow/.local/lib/python3.8/site-packages/airflow/example_dags/plugins/workday.py
[2025-09-21T11:43:08.257+0000] {processor.py:183} INFO - Processing /home/airflow/.local/lib/python3.8/site-packages/airflow/example_dags/plugins/workday.py took 0.474 seconds
[2025-09-21T11:43:38.845+0000] {processor.py:161} INFO - Started process (PID=3593) to work on /home/airflow/.local/lib/python3.8/site-packages/airflow/example_dags/plugins/workday.py
[2025-09-21T11:43:38.847+0000] {processor.py:830} INFO - Processing file /home/airflow/.local/lib/python3.8/site-packages/airflow/example_dags/plugins/workday.py for tasks to queue
[2025-09-21T11:43:38.851+0000] {logging_mixin.py:188} INFO - [2025-09-21T11:43:38.850+0000] {dagbag.py:538} INFO - Filling up the DagBag from /home/airflow/.local/lib/python3.8/site-packages/airflow/example_dags/plugins/workday.py
[2025-09-21T11:43:39.338+0000] {processor.py:842} WARNING - No viable dags retrieved from /home/airflow/.local/lib/python3.8/site-packages/airflow/example_dags/plugins/workday.py
[2025-09-21T11:43:39.359+0000] {processor.py:183} INFO - Processing /home/airflow/.local/lib/python3.8/site-packages/airflow/example_dags/plugins/workday.py took 0.520 seconds
[2025-09-21T11:46:10.825+0000] {processor.py:161} INFO - Started process (PID=108) to work on /home/airflow/.local/lib/python3.8/site-packages/airflow/example_dags/plugins/workday.py
[2025-09-21T11:46:10.827+0000] {processor.py:830} INFO - Processing file /home/airflow/.local/lib/python3.8/site-packages/airflow/example_dags/plugins/workday.py for tasks to queue
[2025-09-21T11:46:10.830+0000] {logging_mixin.py:188} INFO - [2025-09-21T11:46:10.830+0000] {dagbag.py:538} INFO - Filling up the DagBag from /home/airflow/.local/lib/python3.8/site-packages/airflow/example_dags/plugins/workday.py
[2025-09-21T11:46:11.551+0000] {processor.py:842} WARNING - No viable dags retrieved from /home/airflow/.local/lib/python3.8/site-packages/airflow/example_dags/plugins/workday.py
[2025-09-21T11:46:11.570+0000] {processor.py:183} INFO - Processing /home/airflow/.local/lib/python3.8/site-packages/airflow/example_dags/plugins/workday.py took 0.751 seconds
[2025-09-21T11:46:41.690+0000] {processor.py:161} INFO - Started process (PID=167) to work on /home/airflow/.local/lib/python3.8/site-packages/airflow/example_dags/plugins/workday.py
[2025-09-21T11:46:41.693+0000] {processor.py:830} INFO - Processing file /home/airflow/.local/lib/python3.8/site-packages/airflow/example_dags/plugins/workday.py for tasks to queue
[2025-09-21T11:46:41.698+0000] {logging_mixin.py:188} INFO - [2025-09-21T11:46:41.697+0000] {dagbag.py:538} INFO - Filling up the DagBag from /home/airflow/.local/lib/python3.8/site-packages/airflow/example_dags/plugins/workday.py
[2025-09-21T11:46:42.620+0000] {processor.py:842} WARNING - No viable dags retrieved from /home/airflow/.local/lib/python3.8/site-packages/airflow/example_dags/plugins/workday.py
[2025-09-21T11:46:42.641+0000] {processor.py:183} INFO - Processing /home/airflow/.local/lib/python3.8/site-packages/airflow/example_dags/plugins/workday.py took 0.956 seconds
[2025-09-21T11:47:12.763+0000] {processor.py:161} INFO - Started process (PID=225) to work on /home/airflow/.local/lib/python3.8/site-packages/airflow/example_dags/plugins/workday.py
[2025-09-21T11:47:12.765+0000] {processor.py:830} INFO - Processing file /home/airflow/.local/lib/python3.8/site-packages/airflow/example_dags/plugins/workday.py for tasks to queue
[2025-09-21T11:47:12.770+0000] {logging_mixin.py:188} INFO - [2025-09-21T11:47:12.769+0000] {dagbag.py:538} INFO - Filling up the DagBag from /home/airflow/.local/lib/python3.8/site-packages/airflow/example_dags/plugins/workday.py
[2025-09-21T11:47:13.411+0000] {processor.py:842} WARNING - No viable dags retrieved from /home/airflow/.local/lib/python3.8/site-packages/airflow/example_dags/plugins/workday.py
[2025-09-21T11:47:13.430+0000] {processor.py:183} INFO - Processing /home/airflow/.local/lib/python3.8/site-packages/airflow/example_dags/plugins/workday.py took 0.673 seconds
[2025-09-21T11:47:44.248+0000] {processor.py:161} INFO - Started process (PID=282) to work on /home/airflow/.local/lib/python3.8/site-packages/airflow/example_dags/plugins/workday.py
[2025-09-21T11:47:44.251+0000] {processor.py:830} INFO - Processing file /home/airflow/.local/lib/python3.8/site-packages/airflow/example_dags/plugins/workday.py for tasks to queue
[2025-09-21T11:47:44.258+0000] {logging_mixin.py:188} INFO - [2025-09-21T11:47:44.257+0000] {dagbag.py:538} INFO - Filling up the DagBag from /home/airflow/.local/lib/python3.8/site-packages/airflow/example_dags/plugins/workday.py
[2025-09-21T11:47:45.373+0000] {processor.py:842} WARNING - No viable dags retrieved from /home/airflow/.local/lib/python3.8/site-packages/airflow/example_dags/plugins/workday.py
[2025-09-21T11:47:45.407+0000] {processor.py:183} INFO - Processing /home/airflow/.local/lib/python3.8/site-packages/airflow/example_dags/plugins/workday.py took 1.166 seconds
[2025-09-21T11:48:15.665+0000] {processor.py:161} INFO - Started process (PID=341) to work on /home/airflow/.local/lib/python3.8/site-packages/airflow/example_dags/plugins/workday.py
[2025-09-21T11:48:15.668+0000] {processor.py:830} INFO - Processing file /home/airflow/.local/lib/python3.8/site-packages/airflow/example_dags/plugins/workday.py for tasks to queue
[2025-09-21T11:48:15.671+0000] {logging_mixin.py:188} INFO - [2025-09-21T11:48:15.670+0000] {dagbag.py:538} INFO - Filling up the DagBag from /home/airflow/.local/lib/python3.8/site-packages/airflow/example_dags/plugins/workday.py
[2025-09-21T11:48:16.256+0000] {processor.py:842} WARNING - No viable dags retrieved from /home/airflow/.local/lib/python3.8/site-packages/airflow/example_dags/plugins/workday.py
[2025-09-21T11:48:16.274+0000] {processor.py:183} INFO - Processing /home/airflow/.local/lib/python3.8/site-packages/airflow/example_dags/plugins/workday.py took 0.614 seconds
[2025-09-21T11:48:46.385+0000] {processor.py:161} INFO - Started process (PID=399) to work on /home/airflow/.local/lib/python3.8/site-packages/airflow/example_dags/plugins/workday.py
[2025-09-21T11:48:46.389+0000] {processor.py:830} INFO - Processing file /home/airflow/.local/lib/python3.8/site-packages/airflow/example_dags/plugins/workday.py for tasks to queue
[2025-09-21T11:48:46.396+0000] {logging_mixin.py:188} INFO - [2025-09-21T11:48:46.395+0000] {dagbag.py:538} INFO - Filling up the DagBag from /home/airflow/.local/lib/python3.8/site-packages/airflow/example_dags/plugins/workday.py
[2025-09-21T11:48:47.427+0000] {processor.py:842} WARNING - No viable dags retrieved from /home/airflow/.local/lib/python3.8/site-packages/airflow/example_dags/plugins/workday.py
[2025-09-21T11:48:47.450+0000] {processor.py:183} INFO - Processing /home/airflow/.local/lib/python3.8/site-packages/airflow/example_dags/plugins/workday.py took 1.078 seconds
[2025-09-21T11:49:17.805+0000] {processor.py:161} INFO - Started process (PID=457) to work on /home/airflow/.local/lib/python3.8/site-packages/airflow/example_dags/plugins/workday.py
[2025-09-21T11:49:17.810+0000] {processor.py:830} INFO - Processing file /home/airflow/.local/lib/python3.8/site-packages/airflow/example_dags/plugins/workday.py for tasks to queue
[2025-09-21T11:49:17.818+0000] {logging_mixin.py:188} INFO - [2025-09-21T11:49:17.817+0000] {dagbag.py:538} INFO - Filling up the DagBag from /home/airflow/.local/lib/python3.8/site-packages/airflow/example_dags/plugins/workday.py
[2025-09-21T11:49:18.818+0000] {processor.py:842} WARNING - No viable dags retrieved from /home/airflow/.local/lib/python3.8/site-packages/airflow/example_dags/plugins/workday.py
[2025-09-21T11:49:18.840+0000] {processor.py:183} INFO - Processing /home/airflow/.local/lib/python3.8/site-packages/airflow/example_dags/plugins/workday.py took 1.050 seconds
[2025-09-21T11:49:49.643+0000] {processor.py:161} INFO - Started process (PID=515) to work on /home/airflow/.local/lib/python3.8/site-packages/airflow/example_dags/plugins/workday.py
[2025-09-21T11:49:49.645+0000] {processor.py:830} INFO - Processing file /home/airflow/.local/lib/python3.8/site-packages/airflow/example_dags/plugins/workday.py for tasks to queue
[2025-09-21T11:49:49.649+0000] {logging_mixin.py:188} INFO - [2025-09-21T11:49:49.649+0000] {dagbag.py:538} INFO - Filling up the DagBag from /home/airflow/.local/lib/python3.8/site-packages/airflow/example_dags/plugins/workday.py
[2025-09-21T11:49:50.456+0000] {processor.py:842} WARNING - No viable dags retrieved from /home/airflow/.local/lib/python3.8/site-packages/airflow/example_dags/plugins/workday.py
[2025-09-21T11:49:50.487+0000] {processor.py:183} INFO - Processing /home/airflow/.local/lib/python3.8/site-packages/airflow/example_dags/plugins/workday.py took 0.850 seconds
[2025-09-21T11:50:21.173+0000] {processor.py:161} INFO - Started process (PID=573) to work on /home/airflow/.local/lib/python3.8/site-packages/airflow/example_dags/plugins/workday.py
[2025-09-21T11:50:21.176+0000] {processor.py:830} INFO - Processing file /home/airflow/.local/lib/python3.8/site-packages/airflow/example_dags/plugins/workday.py for tasks to queue
[2025-09-21T11:50:21.180+0000] {logging_mixin.py:188} INFO - [2025-09-21T11:50:21.180+0000] {dagbag.py:538} INFO - Filling up the DagBag from /home/airflow/.local/lib/python3.8/site-packages/airflow/example_dags/plugins/workday.py
[2025-09-21T11:50:22.186+0000] {processor.py:842} WARNING - No viable dags retrieved from /home/airflow/.local/lib/python3.8/site-packages/airflow/example_dags/plugins/workday.py
[2025-09-21T11:50:22.210+0000] {processor.py:183} INFO - Processing /home/airflow/.local/lib/python3.8/site-packages/airflow/example_dags/plugins/workday.py took 1.044 seconds
[2025-09-21T11:50:53.042+0000] {processor.py:161} INFO - Started process (PID=638) to work on /home/airflow/.local/lib/python3.8/site-packages/airflow/example_dags/plugins/workday.py
[2025-09-21T11:50:53.049+0000] {processor.py:830} INFO - Processing file /home/airflow/.local/lib/python3.8/site-packages/airflow/example_dags/plugins/workday.py for tasks to queue
[2025-09-21T11:50:53.060+0000] {logging_mixin.py:188} INFO - [2025-09-21T11:50:53.058+0000] {dagbag.py:538} INFO - Filling up the DagBag from /home/airflow/.local/lib/python3.8/site-packages/airflow/example_dags/plugins/workday.py
[2025-09-21T11:50:54.170+0000] {processor.py:842} WARNING - No viable dags retrieved from /home/airflow/.local/lib/python3.8/site-packages/airflow/example_dags/plugins/workday.py
[2025-09-21T11:50:54.197+0000] {processor.py:183} INFO - Processing /home/airflow/.local/lib/python3.8/site-packages/airflow/example_dags/plugins/workday.py took 1.175 seconds
[2025-09-21T11:51:24.345+0000] {processor.py:161} INFO - Started process (PID=696) to work on /home/airflow/.local/lib/python3.8/site-packages/airflow/example_dags/plugins/workday.py
[2025-09-21T11:51:24.347+0000] {processor.py:830} INFO - Processing file /home/airflow/.local/lib/python3.8/site-packages/airflow/example_dags/plugins/workday.py for tasks to queue
[2025-09-21T11:51:24.351+0000] {logging_mixin.py:188} INFO - [2025-09-21T11:51:24.350+0000] {dagbag.py:538} INFO - Filling up the DagBag from /home/airflow/.local/lib/python3.8/site-packages/airflow/example_dags/plugins/workday.py
[2025-09-21T11:51:25.082+0000] {processor.py:842} WARNING - No viable dags retrieved from /home/airflow/.local/lib/python3.8/site-packages/airflow/example_dags/plugins/workday.py
[2025-09-21T11:51:25.110+0000] {processor.py:183} INFO - Processing /home/airflow/.local/lib/python3.8/site-packages/airflow/example_dags/plugins/workday.py took 0.771 seconds
[2025-09-21T11:51:55.868+0000] {processor.py:161} INFO - Started process (PID=754) to work on /home/airflow/.local/lib/python3.8/site-packages/airflow/example_dags/plugins/workday.py
[2025-09-21T11:51:55.872+0000] {processor.py:830} INFO - Processing file /home/airflow/.local/lib/python3.8/site-packages/airflow/example_dags/plugins/workday.py for tasks to queue
[2025-09-21T11:51:55.879+0000] {logging_mixin.py:188} INFO - [2025-09-21T11:51:55.878+0000] {dagbag.py:538} INFO - Filling up the DagBag from /home/airflow/.local/lib/python3.8/site-packages/airflow/example_dags/plugins/workday.py
[2025-09-21T11:51:56.770+0000] {processor.py:842} WARNING - No viable dags retrieved from /home/airflow/.local/lib/python3.8/site-packages/airflow/example_dags/plugins/workday.py
[2025-09-21T11:51:56.816+0000] {processor.py:183} INFO - Processing /home/airflow/.local/lib/python3.8/site-packages/airflow/example_dags/plugins/workday.py took 0.960 seconds
[2025-09-21T11:52:27.856+0000] {processor.py:161} INFO - Started process (PID=812) to work on /home/airflow/.local/lib/python3.8/site-packages/airflow/example_dags/plugins/workday.py
[2025-09-21T11:52:27.859+0000] {processor.py:830} INFO - Processing file /home/airflow/.local/lib/python3.8/site-packages/airflow/example_dags/plugins/workday.py for tasks to queue
[2025-09-21T11:52:27.864+0000] {logging_mixin.py:188} INFO - [2025-09-21T11:52:27.864+0000] {dagbag.py:538} INFO - Filling up the DagBag from /home/airflow/.local/lib/python3.8/site-packages/airflow/example_dags/plugins/workday.py
[2025-09-21T11:52:28.597+0000] {processor.py:842} WARNING - No viable dags retrieved from /home/airflow/.local/lib/python3.8/site-packages/airflow/example_dags/plugins/workday.py
[2025-09-21T11:52:28.620+0000] {processor.py:183} INFO - Processing /home/airflow/.local/lib/python3.8/site-packages/airflow/example_dags/plugins/workday.py took 0.774 seconds
[2025-09-21T11:52:58.760+0000] {processor.py:161} INFO - Started process (PID=870) to work on /home/airflow/.local/lib/python3.8/site-packages/airflow/example_dags/plugins/workday.py
[2025-09-21T11:52:58.763+0000] {processor.py:830} INFO - Processing file /home/airflow/.local/lib/python3.8/site-packages/airflow/example_dags/plugins/workday.py for tasks to queue
[2025-09-21T11:52:58.769+0000] {logging_mixin.py:188} INFO - [2025-09-21T11:52:58.768+0000] {dagbag.py:538} INFO - Filling up the DagBag from /home/airflow/.local/lib/python3.8/site-packages/airflow/example_dags/plugins/workday.py
[2025-09-21T11:52:59.625+0000] {processor.py:842} WARNING - No viable dags retrieved from /home/airflow/.local/lib/python3.8/site-packages/airflow/example_dags/plugins/workday.py
[2025-09-21T11:52:59.647+0000] {processor.py:183} INFO - Processing /home/airflow/.local/lib/python3.8/site-packages/airflow/example_dags/plugins/workday.py took 0.896 seconds
[2025-09-21T11:53:29.884+0000] {processor.py:161} INFO - Started process (PID=928) to work on /home/airflow/.local/lib/python3.8/site-packages/airflow/example_dags/plugins/workday.py
[2025-09-21T11:53:29.888+0000] {processor.py:830} INFO - Processing file /home/airflow/.local/lib/python3.8/site-packages/airflow/example_dags/plugins/workday.py for tasks to queue
[2025-09-21T11:53:29.897+0000] {logging_mixin.py:188} INFO - [2025-09-21T11:53:29.895+0000] {dagbag.py:538} INFO - Filling up the DagBag from /home/airflow/.local/lib/python3.8/site-packages/airflow/example_dags/plugins/workday.py
[2025-09-21T11:53:30.972+0000] {processor.py:842} WARNING - No viable dags retrieved from /home/airflow/.local/lib/python3.8/site-packages/airflow/example_dags/plugins/workday.py
[2025-09-21T11:53:30.999+0000] {processor.py:183} INFO - Processing /home/airflow/.local/lib/python3.8/site-packages/airflow/example_dags/plugins/workday.py took 1.129 seconds
[2025-09-21T11:54:02.033+0000] {processor.py:161} INFO - Started process (PID=986) to work on /home/airflow/.local/lib/python3.8/site-packages/airflow/example_dags/plugins/workday.py
[2025-09-21T11:54:02.036+0000] {processor.py:830} INFO - Processing file /home/airflow/.local/lib/python3.8/site-packages/airflow/example_dags/plugins/workday.py for tasks to queue
[2025-09-21T11:54:02.040+0000] {logging_mixin.py:188} INFO - [2025-09-21T11:54:02.040+0000] {dagbag.py:538} INFO - Filling up the DagBag from /home/airflow/.local/lib/python3.8/site-packages/airflow/example_dags/plugins/workday.py
[2025-09-21T11:54:02.855+0000] {processor.py:842} WARNING - No viable dags retrieved from /home/airflow/.local/lib/python3.8/site-packages/airflow/example_dags/plugins/workday.py
[2025-09-21T11:54:02.874+0000] {processor.py:183} INFO - Processing /home/airflow/.local/lib/python3.8/site-packages/airflow/example_dags/plugins/workday.py took 0.848 seconds
[2025-09-21T11:54:33.611+0000] {processor.py:161} INFO - Started process (PID=1044) to work on /home/airflow/.local/lib/python3.8/site-packages/airflow/example_dags/plugins/workday.py
[2025-09-21T11:54:33.615+0000] {processor.py:830} INFO - Processing file /home/airflow/.local/lib/python3.8/site-packages/airflow/example_dags/plugins/workday.py for tasks to queue
[2025-09-21T11:54:33.623+0000] {logging_mixin.py:188} INFO - [2025-09-21T11:54:33.622+0000] {dagbag.py:538} INFO - Filling up the DagBag from /home/airflow/.local/lib/python3.8/site-packages/airflow/example_dags/plugins/workday.py
[2025-09-21T11:54:34.484+0000] {processor.py:842} WARNING - No viable dags retrieved from /home/airflow/.local/lib/python3.8/site-packages/airflow/example_dags/plugins/workday.py
[2025-09-21T11:54:34.510+0000] {processor.py:183} INFO - Processing /home/airflow/.local/lib/python3.8/site-packages/airflow/example_dags/plugins/workday.py took 0.911 seconds
[2025-09-21T11:55:05.274+0000] {processor.py:161} INFO - Started process (PID=1101) to work on /home/airflow/.local/lib/python3.8/site-packages/airflow/example_dags/plugins/workday.py
[2025-09-21T11:55:05.276+0000] {processor.py:830} INFO - Processing file /home/airflow/.local/lib/python3.8/site-packages/airflow/example_dags/plugins/workday.py for tasks to queue
[2025-09-21T11:55:05.281+0000] {logging_mixin.py:188} INFO - [2025-09-21T11:55:05.280+0000] {dagbag.py:538} INFO - Filling up the DagBag from /home/airflow/.local/lib/python3.8/site-packages/airflow/example_dags/plugins/workday.py
[2025-09-21T11:55:06.077+0000] {processor.py:842} WARNING - No viable dags retrieved from /home/airflow/.local/lib/python3.8/site-packages/airflow/example_dags/plugins/workday.py
[2025-09-21T11:55:06.098+0000] {processor.py:183} INFO - Processing /home/airflow/.local/lib/python3.8/site-packages/airflow/example_dags/plugins/workday.py took 0.832 seconds
[2025-09-21T11:55:36.546+0000] {processor.py:161} INFO - Started process (PID=1159) to work on /home/airflow/.local/lib/python3.8/site-packages/airflow/example_dags/plugins/workday.py
[2025-09-21T11:55:36.550+0000] {processor.py:830} INFO - Processing file /home/airflow/.local/lib/python3.8/site-packages/airflow/example_dags/plugins/workday.py for tasks to queue
[2025-09-21T11:55:36.560+0000] {logging_mixin.py:188} INFO - [2025-09-21T11:55:36.558+0000] {dagbag.py:538} INFO - Filling up the DagBag from /home/airflow/.local/lib/python3.8/site-packages/airflow/example_dags/plugins/workday.py
[2025-09-21T11:55:37.665+0000] {processor.py:842} WARNING - No viable dags retrieved from /home/airflow/.local/lib/python3.8/site-packages/airflow/example_dags/plugins/workday.py
[2025-09-21T11:55:37.692+0000] {processor.py:183} INFO - Processing /home/airflow/.local/lib/python3.8/site-packages/airflow/example_dags/plugins/workday.py took 1.163 seconds
[2025-09-21T11:56:08.390+0000] {processor.py:161} INFO - Started process (PID=1217) to work on /home/airflow/.local/lib/python3.8/site-packages/airflow/example_dags/plugins/workday.py
[2025-09-21T11:56:08.395+0000] {processor.py:830} INFO - Processing file /home/airflow/.local/lib/python3.8/site-packages/airflow/example_dags/plugins/workday.py for tasks to queue
[2025-09-21T11:56:08.404+0000] {logging_mixin.py:188} INFO - [2025-09-21T11:56:08.403+0000] {dagbag.py:538} INFO - Filling up the DagBag from /home/airflow/.local/lib/python3.8/site-packages/airflow/example_dags/plugins/workday.py
[2025-09-21T11:56:09.290+0000] {processor.py:842} WARNING - No viable dags retrieved from /home/airflow/.local/lib/python3.8/site-packages/airflow/example_dags/plugins/workday.py
[2025-09-21T11:56:09.316+0000] {processor.py:183} INFO - Processing /home/airflow/.local/lib/python3.8/site-packages/airflow/example_dags/plugins/workday.py took 0.938 seconds
[2025-09-21T11:56:40.262+0000] {processor.py:161} INFO - Started process (PID=1275) to work on /home/airflow/.local/lib/python3.8/site-packages/airflow/example_dags/plugins/workday.py
[2025-09-21T11:56:40.265+0000] {processor.py:830} INFO - Processing file /home/airflow/.local/lib/python3.8/site-packages/airflow/example_dags/plugins/workday.py for tasks to queue
[2025-09-21T11:56:40.270+0000] {logging_mixin.py:188} INFO - [2025-09-21T11:56:40.269+0000] {dagbag.py:538} INFO - Filling up the DagBag from /home/airflow/.local/lib/python3.8/site-packages/airflow/example_dags/plugins/workday.py
[2025-09-21T11:56:41.064+0000] {processor.py:842} WARNING - No viable dags retrieved from /home/airflow/.local/lib/python3.8/site-packages/airflow/example_dags/plugins/workday.py
[2025-09-21T11:56:41.085+0000] {processor.py:183} INFO - Processing /home/airflow/.local/lib/python3.8/site-packages/airflow/example_dags/plugins/workday.py took 0.829 seconds
[2025-09-21T11:57:11.565+0000] {processor.py:161} INFO - Started process (PID=1333) to work on /home/airflow/.local/lib/python3.8/site-packages/airflow/example_dags/plugins/workday.py
[2025-09-21T11:57:11.567+0000] {processor.py:830} INFO - Processing file /home/airflow/.local/lib/python3.8/site-packages/airflow/example_dags/plugins/workday.py for tasks to queue
[2025-09-21T11:57:11.571+0000] {logging_mixin.py:188} INFO - [2025-09-21T11:57:11.571+0000] {dagbag.py:538} INFO - Filling up the DagBag from /home/airflow/.local/lib/python3.8/site-packages/airflow/example_dags/plugins/workday.py
[2025-09-21T11:57:12.624+0000] {processor.py:842} WARNING - No viable dags retrieved from /home/airflow/.local/lib/python3.8/site-packages/airflow/example_dags/plugins/workday.py
[2025-09-21T11:57:12.645+0000] {processor.py:183} INFO - Processing /home/airflow/.local/lib/python3.8/site-packages/airflow/example_dags/plugins/workday.py took 1.085 seconds
[2025-09-21T11:57:43.318+0000] {processor.py:161} INFO - Started process (PID=1391) to work on /home/airflow/.local/lib/python3.8/site-packages/airflow/example_dags/plugins/workday.py
[2025-09-21T11:57:43.322+0000] {processor.py:830} INFO - Processing file /home/airflow/.local/lib/python3.8/site-packages/airflow/example_dags/plugins/workday.py for tasks to queue
[2025-09-21T11:57:43.327+0000] {logging_mixin.py:188} INFO - [2025-09-21T11:57:43.326+0000] {dagbag.py:538} INFO - Filling up the DagBag from /home/airflow/.local/lib/python3.8/site-packages/airflow/example_dags/plugins/workday.py
[2025-09-21T11:57:44.219+0000] {processor.py:842} WARNING - No viable dags retrieved from /home/airflow/.local/lib/python3.8/site-packages/airflow/example_dags/plugins/workday.py
[2025-09-21T11:57:44.280+0000] {processor.py:183} INFO - Processing /home/airflow/.local/lib/python3.8/site-packages/airflow/example_dags/plugins/workday.py took 0.969 seconds
[2025-09-21T11:58:14.599+0000] {processor.py:161} INFO - Started process (PID=1449) to work on /home/airflow/.local/lib/python3.8/site-packages/airflow/example_dags/plugins/workday.py
[2025-09-21T11:58:14.604+0000] {processor.py:830} INFO - Processing file /home/airflow/.local/lib/python3.8/site-packages/airflow/example_dags/plugins/workday.py for tasks to queue
[2025-09-21T11:58:14.615+0000] {logging_mixin.py:188} INFO - [2025-09-21T11:58:14.613+0000] {dagbag.py:538} INFO - Filling up the DagBag from /home/airflow/.local/lib/python3.8/site-packages/airflow/example_dags/plugins/workday.py
[2025-09-21T11:58:15.556+0000] {processor.py:842} WARNING - No viable dags retrieved from /home/airflow/.local/lib/python3.8/site-packages/airflow/example_dags/plugins/workday.py
[2025-09-21T11:58:15.581+0000] {processor.py:183} INFO - Processing /home/airflow/.local/lib/python3.8/site-packages/airflow/example_dags/plugins/workday.py took 0.998 seconds
[2025-09-21T11:58:46.323+0000] {processor.py:161} INFO - Started process (PID=1508) to work on /home/airflow/.local/lib/python3.8/site-packages/airflow/example_dags/plugins/workday.py
[2025-09-21T11:58:46.326+0000] {processor.py:830} INFO - Processing file /home/airflow/.local/lib/python3.8/site-packages/airflow/example_dags/plugins/workday.py for tasks to queue
[2025-09-21T11:58:46.332+0000] {logging_mixin.py:188} INFO - [2025-09-21T11:58:46.331+0000] {dagbag.py:538} INFO - Filling up the DagBag from /home/airflow/.local/lib/python3.8/site-packages/airflow/example_dags/plugins/workday.py
[2025-09-21T11:58:47.311+0000] {processor.py:842} WARNING - No viable dags retrieved from /home/airflow/.local/lib/python3.8/site-packages/airflow/example_dags/plugins/workday.py
[2025-09-21T11:58:47.330+0000] {processor.py:183} INFO - Processing /home/airflow/.local/lib/python3.8/site-packages/airflow/example_dags/plugins/workday.py took 1.016 seconds
[2025-09-21T11:59:17.839+0000] {processor.py:161} INFO - Started process (PID=1567) to work on /home/airflow/.local/lib/python3.8/site-packages/airflow/example_dags/plugins/workday.py
[2025-09-21T11:59:17.842+0000] {processor.py:830} INFO - Processing file /home/airflow/.local/lib/python3.8/site-packages/airflow/example_dags/plugins/workday.py for tasks to queue
[2025-09-21T11:59:17.849+0000] {logging_mixin.py:188} INFO - [2025-09-21T11:59:17.848+0000] {dagbag.py:538} INFO - Filling up the DagBag from /home/airflow/.local/lib/python3.8/site-packages/airflow/example_dags/plugins/workday.py
[2025-09-21T11:59:18.767+0000] {processor.py:842} WARNING - No viable dags retrieved from /home/airflow/.local/lib/python3.8/site-packages/airflow/example_dags/plugins/workday.py
[2025-09-21T11:59:18.813+0000] {processor.py:183} INFO - Processing /home/airflow/.local/lib/python3.8/site-packages/airflow/example_dags/plugins/workday.py took 0.993 seconds
[2025-09-21T11:59:48.991+0000] {processor.py:161} INFO - Started process (PID=1625) to work on /home/airflow/.local/lib/python3.8/site-packages/airflow/example_dags/plugins/workday.py
[2025-09-21T11:59:48.994+0000] {processor.py:830} INFO - Processing file /home/airflow/.local/lib/python3.8/site-packages/airflow/example_dags/plugins/workday.py for tasks to queue
[2025-09-21T11:59:49.000+0000] {logging_mixin.py:188} INFO - [2025-09-21T11:59:49.000+0000] {dagbag.py:538} INFO - Filling up the DagBag from /home/airflow/.local/lib/python3.8/site-packages/airflow/example_dags/plugins/workday.py
[2025-09-21T11:59:49.706+0000] {processor.py:842} WARNING - No viable dags retrieved from /home/airflow/.local/lib/python3.8/site-packages/airflow/example_dags/plugins/workday.py
[2025-09-21T11:59:49.736+0000] {processor.py:183} INFO - Processing /home/airflow/.local/lib/python3.8/site-packages/airflow/example_dags/plugins/workday.py took 0.753 seconds
[2025-09-21T12:00:20.956+0000] {processor.py:161} INFO - Started process (PID=1686) to work on /home/airflow/.local/lib/python3.8/site-packages/airflow/example_dags/plugins/workday.py
[2025-09-21T12:00:20.958+0000] {processor.py:830} INFO - Processing file /home/airflow/.local/lib/python3.8/site-packages/airflow/example_dags/plugins/workday.py for tasks to queue
[2025-09-21T12:00:20.963+0000] {logging_mixin.py:188} INFO - [2025-09-21T12:00:20.962+0000] {dagbag.py:538} INFO - Filling up the DagBag from /home/airflow/.local/lib/python3.8/site-packages/airflow/example_dags/plugins/workday.py
[2025-09-21T12:00:21.718+0000] {processor.py:842} WARNING - No viable dags retrieved from /home/airflow/.local/lib/python3.8/site-packages/airflow/example_dags/plugins/workday.py
[2025-09-21T12:00:21.746+0000] {processor.py:183} INFO - Processing /home/airflow/.local/lib/python3.8/site-packages/airflow/example_dags/plugins/workday.py took 0.799 seconds
[2025-09-21T12:00:52.793+0000] {processor.py:161} INFO - Started process (PID=1748) to work on /home/airflow/.local/lib/python3.8/site-packages/airflow/example_dags/plugins/workday.py
[2025-09-21T12:00:52.795+0000] {processor.py:830} INFO - Processing file /home/airflow/.local/lib/python3.8/site-packages/airflow/example_dags/plugins/workday.py for tasks to queue
[2025-09-21T12:00:52.799+0000] {logging_mixin.py:188} INFO - [2025-09-21T12:00:52.798+0000] {dagbag.py:538} INFO - Filling up the DagBag from /home/airflow/.local/lib/python3.8/site-packages/airflow/example_dags/plugins/workday.py
[2025-09-21T12:00:53.362+0000] {processor.py:842} WARNING - No viable dags retrieved from /home/airflow/.local/lib/python3.8/site-packages/airflow/example_dags/plugins/workday.py
[2025-09-21T12:00:53.395+0000] {processor.py:183} INFO - Processing /home/airflow/.local/lib/python3.8/site-packages/airflow/example_dags/plugins/workday.py took 0.610 seconds
[2025-09-21T12:01:24.225+0000] {processor.py:161} INFO - Started process (PID=1807) to work on /home/airflow/.local/lib/python3.8/site-packages/airflow/example_dags/plugins/workday.py
[2025-09-21T12:01:24.228+0000] {processor.py:830} INFO - Processing file /home/airflow/.local/lib/python3.8/site-packages/airflow/example_dags/plugins/workday.py for tasks to queue
[2025-09-21T12:01:24.233+0000] {logging_mixin.py:188} INFO - [2025-09-21T12:01:24.233+0000] {dagbag.py:538} INFO - Filling up the DagBag from /home/airflow/.local/lib/python3.8/site-packages/airflow/example_dags/plugins/workday.py
[2025-09-21T12:01:24.934+0000] {processor.py:842} WARNING - No viable dags retrieved from /home/airflow/.local/lib/python3.8/site-packages/airflow/example_dags/plugins/workday.py
[2025-09-21T12:01:24.966+0000] {processor.py:183} INFO - Processing /home/airflow/.local/lib/python3.8/site-packages/airflow/example_dags/plugins/workday.py took 0.751 seconds
[2025-09-21T12:01:55.365+0000] {processor.py:161} INFO - Started process (PID=1871) to work on /home/airflow/.local/lib/python3.8/site-packages/airflow/example_dags/plugins/workday.py
[2025-09-21T12:01:55.371+0000] {processor.py:830} INFO - Processing file /home/airflow/.local/lib/python3.8/site-packages/airflow/example_dags/plugins/workday.py for tasks to queue
[2025-09-21T12:01:55.380+0000] {logging_mixin.py:188} INFO - [2025-09-21T12:01:55.378+0000] {dagbag.py:538} INFO - Filling up the DagBag from /home/airflow/.local/lib/python3.8/site-packages/airflow/example_dags/plugins/workday.py
[2025-09-21T12:01:56.229+0000] {processor.py:842} WARNING - No viable dags retrieved from /home/airflow/.local/lib/python3.8/site-packages/airflow/example_dags/plugins/workday.py
[2025-09-21T12:01:56.257+0000] {processor.py:183} INFO - Processing /home/airflow/.local/lib/python3.8/site-packages/airflow/example_dags/plugins/workday.py took 0.909 seconds
[2025-09-21T12:02:26.848+0000] {processor.py:161} INFO - Started process (PID=1931) to work on /home/airflow/.local/lib/python3.8/site-packages/airflow/example_dags/plugins/workday.py
[2025-09-21T12:02:26.850+0000] {processor.py:830} INFO - Processing file /home/airflow/.local/lib/python3.8/site-packages/airflow/example_dags/plugins/workday.py for tasks to queue
[2025-09-21T12:02:26.855+0000] {logging_mixin.py:188} INFO - [2025-09-21T12:02:26.854+0000] {dagbag.py:538} INFO - Filling up the DagBag from /home/airflow/.local/lib/python3.8/site-packages/airflow/example_dags/plugins/workday.py
[2025-09-21T12:02:27.644+0000] {processor.py:842} WARNING - No viable dags retrieved from /home/airflow/.local/lib/python3.8/site-packages/airflow/example_dags/plugins/workday.py
[2025-09-21T12:02:27.669+0000] {processor.py:183} INFO - Processing /home/airflow/.local/lib/python3.8/site-packages/airflow/example_dags/plugins/workday.py took 0.828 seconds
[2025-09-21T12:02:58.604+0000] {processor.py:161} INFO - Started process (PID=1989) to work on /home/airflow/.local/lib/python3.8/site-packages/airflow/example_dags/plugins/workday.py
[2025-09-21T12:02:58.606+0000] {processor.py:830} INFO - Processing file /home/airflow/.local/lib/python3.8/site-packages/airflow/example_dags/plugins/workday.py for tasks to queue
[2025-09-21T12:02:58.611+0000] {logging_mixin.py:188} INFO - [2025-09-21T12:02:58.610+0000] {dagbag.py:538} INFO - Filling up the DagBag from /home/airflow/.local/lib/python3.8/site-packages/airflow/example_dags/plugins/workday.py
[2025-09-21T12:02:59.247+0000] {processor.py:842} WARNING - No viable dags retrieved from /home/airflow/.local/lib/python3.8/site-packages/airflow/example_dags/plugins/workday.py
[2025-09-21T12:02:59.277+0000] {processor.py:183} INFO - Processing /home/airflow/.local/lib/python3.8/site-packages/airflow/example_dags/plugins/workday.py took 0.680 seconds
[2025-09-21T12:03:30.197+0000] {processor.py:161} INFO - Started process (PID=2047) to work on /home/airflow/.local/lib/python3.8/site-packages/airflow/example_dags/plugins/workday.py
[2025-09-21T12:03:30.200+0000] {processor.py:830} INFO - Processing file /home/airflow/.local/lib/python3.8/site-packages/airflow/example_dags/plugins/workday.py for tasks to queue
[2025-09-21T12:03:30.206+0000] {logging_mixin.py:188} INFO - [2025-09-21T12:03:30.205+0000] {dagbag.py:538} INFO - Filling up the DagBag from /home/airflow/.local/lib/python3.8/site-packages/airflow/example_dags/plugins/workday.py
[2025-09-21T12:03:31.108+0000] {processor.py:842} WARNING - No viable dags retrieved from /home/airflow/.local/lib/python3.8/site-packages/airflow/example_dags/plugins/workday.py
[2025-09-21T12:03:31.172+0000] {processor.py:183} INFO - Processing /home/airflow/.local/lib/python3.8/site-packages/airflow/example_dags/plugins/workday.py took 0.983 seconds
[2025-09-21T12:04:01.394+0000] {processor.py:161} INFO - Started process (PID=2105) to work on /home/airflow/.local/lib/python3.8/site-packages/airflow/example_dags/plugins/workday.py
[2025-09-21T12:04:01.398+0000] {processor.py:830} INFO - Processing file /home/airflow/.local/lib/python3.8/site-packages/airflow/example_dags/plugins/workday.py for tasks to queue
[2025-09-21T12:04:01.405+0000] {logging_mixin.py:188} INFO - [2025-09-21T12:04:01.404+0000] {dagbag.py:538} INFO - Filling up the DagBag from /home/airflow/.local/lib/python3.8/site-packages/airflow/example_dags/plugins/workday.py
[2025-09-21T12:04:02.367+0000] {processor.py:842} WARNING - No viable dags retrieved from /home/airflow/.local/lib/python3.8/site-packages/airflow/example_dags/plugins/workday.py
[2025-09-21T12:04:02.408+0000] {processor.py:183} INFO - Processing /home/airflow/.local/lib/python3.8/site-packages/airflow/example_dags/plugins/workday.py took 1.025 seconds
[2025-09-21T12:04:32.860+0000] {processor.py:161} INFO - Started process (PID=2163) to work on /home/airflow/.local/lib/python3.8/site-packages/airflow/example_dags/plugins/workday.py
[2025-09-21T12:04:32.863+0000] {processor.py:830} INFO - Processing file /home/airflow/.local/lib/python3.8/site-packages/airflow/example_dags/plugins/workday.py for tasks to queue
[2025-09-21T12:04:32.868+0000] {logging_mixin.py:188} INFO - [2025-09-21T12:04:32.867+0000] {dagbag.py:538} INFO - Filling up the DagBag from /home/airflow/.local/lib/python3.8/site-packages/airflow/example_dags/plugins/workday.py
[2025-09-21T12:04:33.497+0000] {processor.py:842} WARNING - No viable dags retrieved from /home/airflow/.local/lib/python3.8/site-packages/airflow/example_dags/plugins/workday.py
[2025-09-21T12:04:33.529+0000] {processor.py:183} INFO - Processing /home/airflow/.local/lib/python3.8/site-packages/airflow/example_dags/plugins/workday.py took 0.681 seconds
[2025-09-21T12:05:03.849+0000] {processor.py:161} INFO - Started process (PID=2221) to work on /home/airflow/.local/lib/python3.8/site-packages/airflow/example_dags/plugins/workday.py
[2025-09-21T12:05:03.851+0000] {processor.py:830} INFO - Processing file /home/airflow/.local/lib/python3.8/site-packages/airflow/example_dags/plugins/workday.py for tasks to queue
[2025-09-21T12:05:03.855+0000] {logging_mixin.py:188} INFO - [2025-09-21T12:05:03.855+0000] {dagbag.py:538} INFO - Filling up the DagBag from /home/airflow/.local/lib/python3.8/site-packages/airflow/example_dags/plugins/workday.py
[2025-09-21T12:05:04.498+0000] {processor.py:842} WARNING - No viable dags retrieved from /home/airflow/.local/lib/python3.8/site-packages/airflow/example_dags/plugins/workday.py
[2025-09-21T12:05:04.527+0000] {processor.py:183} INFO - Processing /home/airflow/.local/lib/python3.8/site-packages/airflow/example_dags/plugins/workday.py took 0.687 seconds
[2025-09-21T12:05:35.721+0000] {processor.py:161} INFO - Started process (PID=2281) to work on /home/airflow/.local/lib/python3.8/site-packages/airflow/example_dags/plugins/workday.py
[2025-09-21T12:05:35.723+0000] {processor.py:830} INFO - Processing file /home/airflow/.local/lib/python3.8/site-packages/airflow/example_dags/plugins/workday.py for tasks to queue
[2025-09-21T12:05:35.728+0000] {logging_mixin.py:188} INFO - [2025-09-21T12:05:35.727+0000] {dagbag.py:538} INFO - Filling up the DagBag from /home/airflow/.local/lib/python3.8/site-packages/airflow/example_dags/plugins/workday.py
[2025-09-21T12:05:36.341+0000] {processor.py:842} WARNING - No viable dags retrieved from /home/airflow/.local/lib/python3.8/site-packages/airflow/example_dags/plugins/workday.py
[2025-09-21T12:05:36.373+0000] {processor.py:183} INFO - Processing /home/airflow/.local/lib/python3.8/site-packages/airflow/example_dags/plugins/workday.py took 0.661 seconds
[2025-09-21T12:06:06.476+0000] {processor.py:161} INFO - Started process (PID=2339) to work on /home/airflow/.local/lib/python3.8/site-packages/airflow/example_dags/plugins/workday.py
[2025-09-21T12:06:06.478+0000] {processor.py:830} INFO - Processing file /home/airflow/.local/lib/python3.8/site-packages/airflow/example_dags/plugins/workday.py for tasks to queue
[2025-09-21T12:06:06.482+0000] {logging_mixin.py:188} INFO - [2025-09-21T12:06:06.481+0000] {dagbag.py:538} INFO - Filling up the DagBag from /home/airflow/.local/lib/python3.8/site-packages/airflow/example_dags/plugins/workday.py
[2025-09-21T12:06:07.135+0000] {processor.py:842} WARNING - No viable dags retrieved from /home/airflow/.local/lib/python3.8/site-packages/airflow/example_dags/plugins/workday.py
[2025-09-21T12:06:07.160+0000] {processor.py:183} INFO - Processing /home/airflow/.local/lib/python3.8/site-packages/airflow/example_dags/plugins/workday.py took 0.690 seconds
[2025-09-21T12:06:37.863+0000] {processor.py:161} INFO - Started process (PID=2397) to work on /home/airflow/.local/lib/python3.8/site-packages/airflow/example_dags/plugins/workday.py
[2025-09-21T12:06:37.865+0000] {processor.py:830} INFO - Processing file /home/airflow/.local/lib/python3.8/site-packages/airflow/example_dags/plugins/workday.py for tasks to queue
[2025-09-21T12:06:37.869+0000] {logging_mixin.py:188} INFO - [2025-09-21T12:06:37.868+0000] {dagbag.py:538} INFO - Filling up the DagBag from /home/airflow/.local/lib/python3.8/site-packages/airflow/example_dags/plugins/workday.py
[2025-09-21T12:06:38.371+0000] {processor.py:842} WARNING - No viable dags retrieved from /home/airflow/.local/lib/python3.8/site-packages/airflow/example_dags/plugins/workday.py
[2025-09-21T12:06:38.398+0000] {processor.py:183} INFO - Processing /home/airflow/.local/lib/python3.8/site-packages/airflow/example_dags/plugins/workday.py took 0.547 seconds
[2025-09-21T12:07:09.433+0000] {processor.py:161} INFO - Started process (PID=2456) to work on /home/airflow/.local/lib/python3.8/site-packages/airflow/example_dags/plugins/workday.py
[2025-09-21T12:07:09.435+0000] {processor.py:830} INFO - Processing file /home/airflow/.local/lib/python3.8/site-packages/airflow/example_dags/plugins/workday.py for tasks to queue
[2025-09-21T12:07:09.439+0000] {logging_mixin.py:188} INFO - [2025-09-21T12:07:09.438+0000] {dagbag.py:538} INFO - Filling up the DagBag from /home/airflow/.local/lib/python3.8/site-packages/airflow/example_dags/plugins/workday.py
[2025-09-21T12:07:10.098+0000] {processor.py:842} WARNING - No viable dags retrieved from /home/airflow/.local/lib/python3.8/site-packages/airflow/example_dags/plugins/workday.py
[2025-09-21T12:07:10.129+0000] {processor.py:183} INFO - Processing /home/airflow/.local/lib/python3.8/site-packages/airflow/example_dags/plugins/workday.py took 0.701 seconds
[2025-09-21T12:07:41.766+0000] {processor.py:161} INFO - Started process (PID=2517) to work on /home/airflow/.local/lib/python3.8/site-packages/airflow/example_dags/plugins/workday.py
[2025-09-21T12:07:41.770+0000] {processor.py:830} INFO - Processing file /home/airflow/.local/lib/python3.8/site-packages/airflow/example_dags/plugins/workday.py for tasks to queue
[2025-09-21T12:07:41.778+0000] {logging_mixin.py:188} INFO - [2025-09-21T12:07:41.777+0000] {dagbag.py:538} INFO - Filling up the DagBag from /home/airflow/.local/lib/python3.8/site-packages/airflow/example_dags/plugins/workday.py
[2025-09-21T12:07:42.502+0000] {processor.py:842} WARNING - No viable dags retrieved from /home/airflow/.local/lib/python3.8/site-packages/airflow/example_dags/plugins/workday.py
[2025-09-21T12:07:42.536+0000] {processor.py:183} INFO - Processing /home/airflow/.local/lib/python3.8/site-packages/airflow/example_dags/plugins/workday.py took 0.786 seconds
[2025-09-21T12:08:12.993+0000] {processor.py:161} INFO - Started process (PID=2576) to work on /home/airflow/.local/lib/python3.8/site-packages/airflow/example_dags/plugins/workday.py
[2025-09-21T12:08:12.997+0000] {processor.py:830} INFO - Processing file /home/airflow/.local/lib/python3.8/site-packages/airflow/example_dags/plugins/workday.py for tasks to queue
[2025-09-21T12:08:13.002+0000] {logging_mixin.py:188} INFO - [2025-09-21T12:08:13.002+0000] {dagbag.py:538} INFO - Filling up the DagBag from /home/airflow/.local/lib/python3.8/site-packages/airflow/example_dags/plugins/workday.py
[2025-09-21T12:08:13.582+0000] {processor.py:842} WARNING - No viable dags retrieved from /home/airflow/.local/lib/python3.8/site-packages/airflow/example_dags/plugins/workday.py
[2025-09-21T12:08:13.612+0000] {processor.py:183} INFO - Processing /home/airflow/.local/lib/python3.8/site-packages/airflow/example_dags/plugins/workday.py took 0.629 seconds
[2025-09-21T12:08:43.847+0000] {processor.py:161} INFO - Started process (PID=2635) to work on /home/airflow/.local/lib/python3.8/site-packages/airflow/example_dags/plugins/workday.py
[2025-09-21T12:08:43.850+0000] {processor.py:830} INFO - Processing file /home/airflow/.local/lib/python3.8/site-packages/airflow/example_dags/plugins/workday.py for tasks to queue
[2025-09-21T12:08:43.854+0000] {logging_mixin.py:188} INFO - [2025-09-21T12:08:43.854+0000] {dagbag.py:538} INFO - Filling up the DagBag from /home/airflow/.local/lib/python3.8/site-packages/airflow/example_dags/plugins/workday.py
[2025-09-21T12:08:44.550+0000] {processor.py:842} WARNING - No viable dags retrieved from /home/airflow/.local/lib/python3.8/site-packages/airflow/example_dags/plugins/workday.py
[2025-09-21T12:08:44.574+0000] {processor.py:183} INFO - Processing /home/airflow/.local/lib/python3.8/site-packages/airflow/example_dags/plugins/workday.py took 0.734 seconds
[2025-09-21T12:09:14.661+0000] {processor.py:161} INFO - Started process (PID=2693) to work on /home/airflow/.local/lib/python3.8/site-packages/airflow/example_dags/plugins/workday.py
[2025-09-21T12:09:14.663+0000] {processor.py:830} INFO - Processing file /home/airflow/.local/lib/python3.8/site-packages/airflow/example_dags/plugins/workday.py for tasks to queue
[2025-09-21T12:09:14.667+0000] {logging_mixin.py:188} INFO - [2025-09-21T12:09:14.667+0000] {dagbag.py:538} INFO - Filling up the DagBag from /home/airflow/.local/lib/python3.8/site-packages/airflow/example_dags/plugins/workday.py
[2025-09-21T12:09:15.424+0000] {processor.py:842} WARNING - No viable dags retrieved from /home/airflow/.local/lib/python3.8/site-packages/airflow/example_dags/plugins/workday.py
[2025-09-21T12:09:15.456+0000] {processor.py:183} INFO - Processing /home/airflow/.local/lib/python3.8/site-packages/airflow/example_dags/plugins/workday.py took 0.802 seconds
[2025-09-21T12:09:46.317+0000] {processor.py:161} INFO - Started process (PID=2754) to work on /home/airflow/.local/lib/python3.8/site-packages/airflow/example_dags/plugins/workday.py
[2025-09-21T12:09:46.319+0000] {processor.py:830} INFO - Processing file /home/airflow/.local/lib/python3.8/site-packages/airflow/example_dags/plugins/workday.py for tasks to queue
[2025-09-21T12:09:46.323+0000] {logging_mixin.py:188} INFO - [2025-09-21T12:09:46.323+0000] {dagbag.py:538} INFO - Filling up the DagBag from /home/airflow/.local/lib/python3.8/site-packages/airflow/example_dags/plugins/workday.py
[2025-09-21T12:09:46.973+0000] {processor.py:842} WARNING - No viable dags retrieved from /home/airflow/.local/lib/python3.8/site-packages/airflow/example_dags/plugins/workday.py
[2025-09-21T12:09:47.004+0000] {processor.py:183} INFO - Processing /home/airflow/.local/lib/python3.8/site-packages/airflow/example_dags/plugins/workday.py took 0.693 seconds
[2025-09-21T12:10:18.528+0000] {processor.py:161} INFO - Started process (PID=2817) to work on /home/airflow/.local/lib/python3.8/site-packages/airflow/example_dags/plugins/workday.py
[2025-09-21T12:10:18.530+0000] {processor.py:830} INFO - Processing file /home/airflow/.local/lib/python3.8/site-packages/airflow/example_dags/plugins/workday.py for tasks to queue
[2025-09-21T12:10:18.534+0000] {logging_mixin.py:188} INFO - [2025-09-21T12:10:18.533+0000] {dagbag.py:538} INFO - Filling up the DagBag from /home/airflow/.local/lib/python3.8/site-packages/airflow/example_dags/plugins/workday.py
[2025-09-21T12:10:19.283+0000] {processor.py:842} WARNING - No viable dags retrieved from /home/airflow/.local/lib/python3.8/site-packages/airflow/example_dags/plugins/workday.py
[2025-09-21T12:10:19.309+0000] {processor.py:183} INFO - Processing /home/airflow/.local/lib/python3.8/site-packages/airflow/example_dags/plugins/workday.py took 0.789 seconds
[2025-09-21T12:10:49.679+0000] {processor.py:161} INFO - Started process (PID=2877) to work on /home/airflow/.local/lib/python3.8/site-packages/airflow/example_dags/plugins/workday.py
[2025-09-21T12:10:49.682+0000] {processor.py:830} INFO - Processing file /home/airflow/.local/lib/python3.8/site-packages/airflow/example_dags/plugins/workday.py for tasks to queue
[2025-09-21T12:10:49.686+0000] {logging_mixin.py:188} INFO - [2025-09-21T12:10:49.685+0000] {dagbag.py:538} INFO - Filling up the DagBag from /home/airflow/.local/lib/python3.8/site-packages/airflow/example_dags/plugins/workday.py
[2025-09-21T12:10:50.253+0000] {processor.py:842} WARNING - No viable dags retrieved from /home/airflow/.local/lib/python3.8/site-packages/airflow/example_dags/plugins/workday.py
[2025-09-21T12:10:50.278+0000] {processor.py:183} INFO - Processing /home/airflow/.local/lib/python3.8/site-packages/airflow/example_dags/plugins/workday.py took 0.606 seconds
[2025-09-21T12:11:20.332+0000] {processor.py:161} INFO - Started process (PID=2935) to work on /home/airflow/.local/lib/python3.8/site-packages/airflow/example_dags/plugins/workday.py
[2025-09-21T12:11:20.334+0000] {processor.py:830} INFO - Processing file /home/airflow/.local/lib/python3.8/site-packages/airflow/example_dags/plugins/workday.py for tasks to queue
[2025-09-21T12:11:20.338+0000] {logging_mixin.py:188} INFO - [2025-09-21T12:11:20.338+0000] {dagbag.py:538} INFO - Filling up the DagBag from /home/airflow/.local/lib/python3.8/site-packages/airflow/example_dags/plugins/workday.py
[2025-09-21T12:11:20.920+0000] {processor.py:842} WARNING - No viable dags retrieved from /home/airflow/.local/lib/python3.8/site-packages/airflow/example_dags/plugins/workday.py
[2025-09-21T12:11:20.951+0000] {processor.py:183} INFO - Processing /home/airflow/.local/lib/python3.8/site-packages/airflow/example_dags/plugins/workday.py took 0.625 seconds
[2025-09-21T12:11:52.232+0000] {processor.py:161} INFO - Started process (PID=2993) to work on /home/airflow/.local/lib/python3.8/site-packages/airflow/example_dags/plugins/workday.py
[2025-09-21T12:11:52.239+0000] {processor.py:830} INFO - Processing file /home/airflow/.local/lib/python3.8/site-packages/airflow/example_dags/plugins/workday.py for tasks to queue
[2025-09-21T12:11:52.249+0000] {logging_mixin.py:188} INFO - [2025-09-21T12:11:52.248+0000] {dagbag.py:538} INFO - Filling up the DagBag from /home/airflow/.local/lib/python3.8/site-packages/airflow/example_dags/plugins/workday.py
[2025-09-21T12:11:52.940+0000] {processor.py:842} WARNING - No viable dags retrieved from /home/airflow/.local/lib/python3.8/site-packages/airflow/example_dags/plugins/workday.py
[2025-09-21T12:11:52.964+0000] {processor.py:183} INFO - Processing /home/airflow/.local/lib/python3.8/site-packages/airflow/example_dags/plugins/workday.py took 0.746 seconds
[2025-09-21T12:12:24.157+0000] {processor.py:161} INFO - Started process (PID=3053) to work on /home/airflow/.local/lib/python3.8/site-packages/airflow/example_dags/plugins/workday.py
[2025-09-21T12:12:24.160+0000] {processor.py:830} INFO - Processing file /home/airflow/.local/lib/python3.8/site-packages/airflow/example_dags/plugins/workday.py for tasks to queue
[2025-09-21T12:12:24.165+0000] {logging_mixin.py:188} INFO - [2025-09-21T12:12:24.165+0000] {dagbag.py:538} INFO - Filling up the DagBag from /home/airflow/.local/lib/python3.8/site-packages/airflow/example_dags/plugins/workday.py
[2025-09-21T12:12:24.810+0000] {processor.py:842} WARNING - No viable dags retrieved from /home/airflow/.local/lib/python3.8/site-packages/airflow/example_dags/plugins/workday.py
[2025-09-21T12:12:24.850+0000] {processor.py:183} INFO - Processing /home/airflow/.local/lib/python3.8/site-packages/airflow/example_dags/plugins/workday.py took 0.705 seconds
[2025-09-21T12:12:55.333+0000] {processor.py:161} INFO - Started process (PID=3111) to work on /home/airflow/.local/lib/python3.8/site-packages/airflow/example_dags/plugins/workday.py
[2025-09-21T12:12:55.335+0000] {processor.py:830} INFO - Processing file /home/airflow/.local/lib/python3.8/site-packages/airflow/example_dags/plugins/workday.py for tasks to queue
[2025-09-21T12:12:55.339+0000] {logging_mixin.py:188} INFO - [2025-09-21T12:12:55.338+0000] {dagbag.py:538} INFO - Filling up the DagBag from /home/airflow/.local/lib/python3.8/site-packages/airflow/example_dags/plugins/workday.py
[2025-09-21T12:12:55.852+0000] {processor.py:842} WARNING - No viable dags retrieved from /home/airflow/.local/lib/python3.8/site-packages/airflow/example_dags/plugins/workday.py
[2025-09-21T12:12:55.876+0000] {processor.py:183} INFO - Processing /home/airflow/.local/lib/python3.8/site-packages/airflow/example_dags/plugins/workday.py took 0.551 seconds
[2025-09-21T12:13:26.902+0000] {processor.py:161} INFO - Started process (PID=3172) to work on /home/airflow/.local/lib/python3.8/site-packages/airflow/example_dags/plugins/workday.py
[2025-09-21T12:13:26.905+0000] {processor.py:830} INFO - Processing file /home/airflow/.local/lib/python3.8/site-packages/airflow/example_dags/plugins/workday.py for tasks to queue
[2025-09-21T12:13:26.910+0000] {logging_mixin.py:188} INFO - [2025-09-21T12:13:26.909+0000] {dagbag.py:538} INFO - Filling up the DagBag from /home/airflow/.local/lib/python3.8/site-packages/airflow/example_dags/plugins/workday.py
[2025-09-21T12:13:27.678+0000] {processor.py:842} WARNING - No viable dags retrieved from /home/airflow/.local/lib/python3.8/site-packages/airflow/example_dags/plugins/workday.py
[2025-09-21T12:13:27.708+0000] {processor.py:183} INFO - Processing /home/airflow/.local/lib/python3.8/site-packages/airflow/example_dags/plugins/workday.py took 0.815 seconds
[2025-09-21T12:13:58.645+0000] {processor.py:161} INFO - Started process (PID=3239) to work on /home/airflow/.local/lib/python3.8/site-packages/airflow/example_dags/plugins/workday.py
[2025-09-21T12:13:58.647+0000] {processor.py:830} INFO - Processing file /home/airflow/.local/lib/python3.8/site-packages/airflow/example_dags/plugins/workday.py for tasks to queue
[2025-09-21T12:13:58.651+0000] {logging_mixin.py:188} INFO - [2025-09-21T12:13:58.650+0000] {dagbag.py:538} INFO - Filling up the DagBag from /home/airflow/.local/lib/python3.8/site-packages/airflow/example_dags/plugins/workday.py
[2025-09-21T12:13:59.245+0000] {processor.py:842} WARNING - No viable dags retrieved from /home/airflow/.local/lib/python3.8/site-packages/airflow/example_dags/plugins/workday.py
[2025-09-21T12:13:59.281+0000] {processor.py:183} INFO - Processing /home/airflow/.local/lib/python3.8/site-packages/airflow/example_dags/plugins/workday.py took 0.642 seconds
[2025-09-21T12:14:30.262+0000] {processor.py:161} INFO - Started process (PID=3300) to work on /home/airflow/.local/lib/python3.8/site-packages/airflow/example_dags/plugins/workday.py
[2025-09-21T12:14:30.264+0000] {processor.py:830} INFO - Processing file /home/airflow/.local/lib/python3.8/site-packages/airflow/example_dags/plugins/workday.py for tasks to queue
[2025-09-21T12:14:30.268+0000] {logging_mixin.py:188} INFO - [2025-09-21T12:14:30.267+0000] {dagbag.py:538} INFO - Filling up the DagBag from /home/airflow/.local/lib/python3.8/site-packages/airflow/example_dags/plugins/workday.py
[2025-09-21T12:14:30.836+0000] {processor.py:842} WARNING - No viable dags retrieved from /home/airflow/.local/lib/python3.8/site-packages/airflow/example_dags/plugins/workday.py
[2025-09-21T12:14:30.863+0000] {processor.py:183} INFO - Processing /home/airflow/.local/lib/python3.8/site-packages/airflow/example_dags/plugins/workday.py took 0.609 seconds
[2025-09-21T12:15:01.806+0000] {processor.py:161} INFO - Started process (PID=3359) to work on /home/airflow/.local/lib/python3.8/site-packages/airflow/example_dags/plugins/workday.py
[2025-09-21T12:15:01.809+0000] {processor.py:830} INFO - Processing file /home/airflow/.local/lib/python3.8/site-packages/airflow/example_dags/plugins/workday.py for tasks to queue
[2025-09-21T12:15:01.813+0000] {logging_mixin.py:188} INFO - [2025-09-21T12:15:01.812+0000] {dagbag.py:538} INFO - Filling up the DagBag from /home/airflow/.local/lib/python3.8/site-packages/airflow/example_dags/plugins/workday.py
[2025-09-21T12:15:02.355+0000] {processor.py:842} WARNING - No viable dags retrieved from /home/airflow/.local/lib/python3.8/site-packages/airflow/example_dags/plugins/workday.py
[2025-09-21T12:15:02.378+0000] {processor.py:183} INFO - Processing /home/airflow/.local/lib/python3.8/site-packages/airflow/example_dags/plugins/workday.py took 0.581 seconds
[2025-09-21T12:15:33.648+0000] {processor.py:161} INFO - Started process (PID=3418) to work on /home/airflow/.local/lib/python3.8/site-packages/airflow/example_dags/plugins/workday.py
[2025-09-21T12:15:33.649+0000] {processor.py:830} INFO - Processing file /home/airflow/.local/lib/python3.8/site-packages/airflow/example_dags/plugins/workday.py for tasks to queue
[2025-09-21T12:15:33.658+0000] {logging_mixin.py:188} INFO - [2025-09-21T12:15:33.657+0000] {dagbag.py:538} INFO - Filling up the DagBag from /home/airflow/.local/lib/python3.8/site-packages/airflow/example_dags/plugins/workday.py
[2025-09-21T12:15:34.301+0000] {processor.py:842} WARNING - No viable dags retrieved from /home/airflow/.local/lib/python3.8/site-packages/airflow/example_dags/plugins/workday.py
[2025-09-21T12:15:34.329+0000] {processor.py:183} INFO - Processing /home/airflow/.local/lib/python3.8/site-packages/airflow/example_dags/plugins/workday.py took 0.689 seconds
[2025-09-21T12:16:04.804+0000] {processor.py:161} INFO - Started process (PID=3476) to work on /home/airflow/.local/lib/python3.8/site-packages/airflow/example_dags/plugins/workday.py
[2025-09-21T12:16:04.806+0000] {processor.py:830} INFO - Processing file /home/airflow/.local/lib/python3.8/site-packages/airflow/example_dags/plugins/workday.py for tasks to queue
[2025-09-21T12:16:04.811+0000] {logging_mixin.py:188} INFO - [2025-09-21T12:16:04.810+0000] {dagbag.py:538} INFO - Filling up the DagBag from /home/airflow/.local/lib/python3.8/site-packages/airflow/example_dags/plugins/workday.py
[2025-09-21T12:16:05.551+0000] {processor.py:842} WARNING - No viable dags retrieved from /home/airflow/.local/lib/python3.8/site-packages/airflow/example_dags/plugins/workday.py
[2025-09-21T12:16:05.612+0000] {processor.py:183} INFO - Processing /home/airflow/.local/lib/python3.8/site-packages/airflow/example_dags/plugins/workday.py took 0.814 seconds
[2025-09-21T12:16:36.267+0000] {processor.py:161} INFO - Started process (PID=3533) to work on /home/airflow/.local/lib/python3.8/site-packages/airflow/example_dags/plugins/workday.py
[2025-09-21T12:16:36.272+0000] {processor.py:830} INFO - Processing file /home/airflow/.local/lib/python3.8/site-packages/airflow/example_dags/plugins/workday.py for tasks to queue
[2025-09-21T12:16:36.283+0000] {logging_mixin.py:188} INFO - [2025-09-21T12:16:36.281+0000] {dagbag.py:538} INFO - Filling up the DagBag from /home/airflow/.local/lib/python3.8/site-packages/airflow/example_dags/plugins/workday.py
[2025-09-21T12:16:36.927+0000] {processor.py:842} WARNING - No viable dags retrieved from /home/airflow/.local/lib/python3.8/site-packages/airflow/example_dags/plugins/workday.py
[2025-09-21T12:16:36.950+0000] {processor.py:183} INFO - Processing /home/airflow/.local/lib/python3.8/site-packages/airflow/example_dags/plugins/workday.py took 0.705 seconds
[2025-09-21T12:17:07.031+0000] {processor.py:161} INFO - Started process (PID=3590) to work on /home/airflow/.local/lib/python3.8/site-packages/airflow/example_dags/plugins/workday.py
[2025-09-21T12:17:07.033+0000] {processor.py:830} INFO - Processing file /home/airflow/.local/lib/python3.8/site-packages/airflow/example_dags/plugins/workday.py for tasks to queue
[2025-09-21T12:17:07.038+0000] {logging_mixin.py:188} INFO - [2025-09-21T12:17:07.037+0000] {dagbag.py:538} INFO - Filling up the DagBag from /home/airflow/.local/lib/python3.8/site-packages/airflow/example_dags/plugins/workday.py
[2025-09-21T12:17:07.678+0000] {processor.py:842} WARNING - No viable dags retrieved from /home/airflow/.local/lib/python3.8/site-packages/airflow/example_dags/plugins/workday.py
[2025-09-21T12:17:07.704+0000] {processor.py:183} INFO - Processing /home/airflow/.local/lib/python3.8/site-packages/airflow/example_dags/plugins/workday.py took 0.682 seconds
[2025-09-21T12:17:37.848+0000] {processor.py:161} INFO - Started process (PID=3649) to work on /home/airflow/.local/lib/python3.8/site-packages/airflow/example_dags/plugins/workday.py
[2025-09-21T12:17:37.854+0000] {processor.py:830} INFO - Processing file /home/airflow/.local/lib/python3.8/site-packages/airflow/example_dags/plugins/workday.py for tasks to queue
[2025-09-21T12:17:37.865+0000] {logging_mixin.py:188} INFO - [2025-09-21T12:17:37.864+0000] {dagbag.py:538} INFO - Filling up the DagBag from /home/airflow/.local/lib/python3.8/site-packages/airflow/example_dags/plugins/workday.py
[2025-09-21T12:17:38.879+0000] {processor.py:842} WARNING - No viable dags retrieved from /home/airflow/.local/lib/python3.8/site-packages/airflow/example_dags/plugins/workday.py
[2025-09-21T12:17:38.907+0000] {processor.py:183} INFO - Processing /home/airflow/.local/lib/python3.8/site-packages/airflow/example_dags/plugins/workday.py took 1.074 seconds
[2025-09-21T12:18:09.389+0000] {processor.py:161} INFO - Started process (PID=3707) to work on /home/airflow/.local/lib/python3.8/site-packages/airflow/example_dags/plugins/workday.py
[2025-09-21T12:18:09.392+0000] {processor.py:830} INFO - Processing file /home/airflow/.local/lib/python3.8/site-packages/airflow/example_dags/plugins/workday.py for tasks to queue
[2025-09-21T12:18:09.399+0000] {logging_mixin.py:188} INFO - [2025-09-21T12:18:09.398+0000] {dagbag.py:538} INFO - Filling up the DagBag from /home/airflow/.local/lib/python3.8/site-packages/airflow/example_dags/plugins/workday.py
[2025-09-21T12:18:10.030+0000] {processor.py:842} WARNING - No viable dags retrieved from /home/airflow/.local/lib/python3.8/site-packages/airflow/example_dags/plugins/workday.py
[2025-09-21T12:18:10.059+0000] {processor.py:183} INFO - Processing /home/airflow/.local/lib/python3.8/site-packages/airflow/example_dags/plugins/workday.py took 0.678 seconds
[2025-09-21T12:18:40.278+0000] {processor.py:161} INFO - Started process (PID=3765) to work on /home/airflow/.local/lib/python3.8/site-packages/airflow/example_dags/plugins/workday.py
[2025-09-21T12:18:40.286+0000] {processor.py:830} INFO - Processing file /home/airflow/.local/lib/python3.8/site-packages/airflow/example_dags/plugins/workday.py for tasks to queue
[2025-09-21T12:18:40.294+0000] {logging_mixin.py:188} INFO - [2025-09-21T12:18:40.293+0000] {dagbag.py:538} INFO - Filling up the DagBag from /home/airflow/.local/lib/python3.8/site-packages/airflow/example_dags/plugins/workday.py
[2025-09-21T12:18:40.962+0000] {processor.py:842} WARNING - No viable dags retrieved from /home/airflow/.local/lib/python3.8/site-packages/airflow/example_dags/plugins/workday.py
[2025-09-21T12:18:40.994+0000] {processor.py:183} INFO - Processing /home/airflow/.local/lib/python3.8/site-packages/airflow/example_dags/plugins/workday.py took 0.736 seconds
[2025-09-21T12:22:04.970+0000] {processor.py:161} INFO - Started process (PID=117) to work on /home/airflow/.local/lib/python3.8/site-packages/airflow/example_dags/plugins/workday.py
[2025-09-21T12:22:04.972+0000] {processor.py:830} INFO - Processing file /home/airflow/.local/lib/python3.8/site-packages/airflow/example_dags/plugins/workday.py for tasks to queue
[2025-09-21T12:22:04.977+0000] {logging_mixin.py:188} INFO - [2025-09-21T12:22:04.976+0000] {dagbag.py:538} INFO - Filling up the DagBag from /home/airflow/.local/lib/python3.8/site-packages/airflow/example_dags/plugins/workday.py
[2025-09-21T12:22:06.215+0000] {processor.py:842} WARNING - No viable dags retrieved from /home/airflow/.local/lib/python3.8/site-packages/airflow/example_dags/plugins/workday.py
[2025-09-21T12:22:06.249+0000] {processor.py:183} INFO - Processing /home/airflow/.local/lib/python3.8/site-packages/airflow/example_dags/plugins/workday.py took 1.287 seconds
[2025-09-21T12:22:36.467+0000] {processor.py:161} INFO - Started process (PID=175) to work on /home/airflow/.local/lib/python3.8/site-packages/airflow/example_dags/plugins/workday.py
[2025-09-21T12:22:36.471+0000] {processor.py:830} INFO - Processing file /home/airflow/.local/lib/python3.8/site-packages/airflow/example_dags/plugins/workday.py for tasks to queue
[2025-09-21T12:22:36.479+0000] {logging_mixin.py:188} INFO - [2025-09-21T12:22:36.478+0000] {dagbag.py:538} INFO - Filling up the DagBag from /home/airflow/.local/lib/python3.8/site-packages/airflow/example_dags/plugins/workday.py
[2025-09-21T12:22:37.461+0000] {processor.py:842} WARNING - No viable dags retrieved from /home/airflow/.local/lib/python3.8/site-packages/airflow/example_dags/plugins/workday.py
[2025-09-21T12:22:37.487+0000] {processor.py:183} INFO - Processing /home/airflow/.local/lib/python3.8/site-packages/airflow/example_dags/plugins/workday.py took 1.035 seconds
[2025-09-21T12:23:08.294+0000] {processor.py:161} INFO - Started process (PID=234) to work on /home/airflow/.local/lib/python3.8/site-packages/airflow/example_dags/plugins/workday.py
[2025-09-21T12:23:08.298+0000] {processor.py:830} INFO - Processing file /home/airflow/.local/lib/python3.8/site-packages/airflow/example_dags/plugins/workday.py for tasks to queue
[2025-09-21T12:23:08.305+0000] {logging_mixin.py:188} INFO - [2025-09-21T12:23:08.304+0000] {dagbag.py:538} INFO - Filling up the DagBag from /home/airflow/.local/lib/python3.8/site-packages/airflow/example_dags/plugins/workday.py
[2025-09-21T12:23:09.259+0000] {processor.py:842} WARNING - No viable dags retrieved from /home/airflow/.local/lib/python3.8/site-packages/airflow/example_dags/plugins/workday.py
[2025-09-21T12:23:09.284+0000] {processor.py:183} INFO - Processing /home/airflow/.local/lib/python3.8/site-packages/airflow/example_dags/plugins/workday.py took 1.001 seconds
[2025-09-21T12:23:39.956+0000] {processor.py:161} INFO - Started process (PID=292) to work on /home/airflow/.local/lib/python3.8/site-packages/airflow/example_dags/plugins/workday.py
[2025-09-21T12:23:39.964+0000] {processor.py:830} INFO - Processing file /home/airflow/.local/lib/python3.8/site-packages/airflow/example_dags/plugins/workday.py for tasks to queue
[2025-09-21T12:23:39.972+0000] {logging_mixin.py:188} INFO - [2025-09-21T12:23:39.971+0000] {dagbag.py:538} INFO - Filling up the DagBag from /home/airflow/.local/lib/python3.8/site-packages/airflow/example_dags/plugins/workday.py
[2025-09-21T12:23:41.244+0000] {processor.py:842} WARNING - No viable dags retrieved from /home/airflow/.local/lib/python3.8/site-packages/airflow/example_dags/plugins/workday.py
[2025-09-21T12:23:41.308+0000] {processor.py:183} INFO - Processing /home/airflow/.local/lib/python3.8/site-packages/airflow/example_dags/plugins/workday.py took 1.367 seconds
[2025-09-21T12:24:12.214+0000] {processor.py:161} INFO - Started process (PID=350) to work on /home/airflow/.local/lib/python3.8/site-packages/airflow/example_dags/plugins/workday.py
[2025-09-21T12:24:12.219+0000] {processor.py:830} INFO - Processing file /home/airflow/.local/lib/python3.8/site-packages/airflow/example_dags/plugins/workday.py for tasks to queue
[2025-09-21T12:24:12.228+0000] {logging_mixin.py:188} INFO - [2025-09-21T12:24:12.226+0000] {dagbag.py:538} INFO - Filling up the DagBag from /home/airflow/.local/lib/python3.8/site-packages/airflow/example_dags/plugins/workday.py
[2025-09-21T12:24:13.243+0000] {processor.py:842} WARNING - No viable dags retrieved from /home/airflow/.local/lib/python3.8/site-packages/airflow/example_dags/plugins/workday.py
[2025-09-21T12:24:13.268+0000] {processor.py:183} INFO - Processing /home/airflow/.local/lib/python3.8/site-packages/airflow/example_dags/plugins/workday.py took 1.065 seconds
[2025-09-21T12:24:44.070+0000] {processor.py:161} INFO - Started process (PID=408) to work on /home/airflow/.local/lib/python3.8/site-packages/airflow/example_dags/plugins/workday.py
[2025-09-21T12:24:44.073+0000] {processor.py:830} INFO - Processing file /home/airflow/.local/lib/python3.8/site-packages/airflow/example_dags/plugins/workday.py for tasks to queue
[2025-09-21T12:24:44.076+0000] {logging_mixin.py:188} INFO - [2025-09-21T12:24:44.076+0000] {dagbag.py:538} INFO - Filling up the DagBag from /home/airflow/.local/lib/python3.8/site-packages/airflow/example_dags/plugins/workday.py
[2025-09-21T12:24:45.016+0000] {processor.py:842} WARNING - No viable dags retrieved from /home/airflow/.local/lib/python3.8/site-packages/airflow/example_dags/plugins/workday.py
[2025-09-21T12:24:45.043+0000] {processor.py:183} INFO - Processing /home/airflow/.local/lib/python3.8/site-packages/airflow/example_dags/plugins/workday.py took 0.979 seconds
[2025-09-21T12:25:15.736+0000] {processor.py:161} INFO - Started process (PID=466) to work on /home/airflow/.local/lib/python3.8/site-packages/airflow/example_dags/plugins/workday.py
[2025-09-21T12:25:15.740+0000] {processor.py:830} INFO - Processing file /home/airflow/.local/lib/python3.8/site-packages/airflow/example_dags/plugins/workday.py for tasks to queue
[2025-09-21T12:25:15.748+0000] {logging_mixin.py:188} INFO - [2025-09-21T12:25:15.747+0000] {dagbag.py:538} INFO - Filling up the DagBag from /home/airflow/.local/lib/python3.8/site-packages/airflow/example_dags/plugins/workday.py
[2025-09-21T12:25:16.704+0000] {processor.py:842} WARNING - No viable dags retrieved from /home/airflow/.local/lib/python3.8/site-packages/airflow/example_dags/plugins/workday.py
[2025-09-21T12:25:16.746+0000] {processor.py:183} INFO - Processing /home/airflow/.local/lib/python3.8/site-packages/airflow/example_dags/plugins/workday.py took 1.023 seconds
[2025-09-21T12:25:47.770+0000] {processor.py:161} INFO - Started process (PID=524) to work on /home/airflow/.local/lib/python3.8/site-packages/airflow/example_dags/plugins/workday.py
[2025-09-21T12:25:47.775+0000] {processor.py:830} INFO - Processing file /home/airflow/.local/lib/python3.8/site-packages/airflow/example_dags/plugins/workday.py for tasks to queue
[2025-09-21T12:25:47.784+0000] {logging_mixin.py:188} INFO - [2025-09-21T12:25:47.783+0000] {dagbag.py:538} INFO - Filling up the DagBag from /home/airflow/.local/lib/python3.8/site-packages/airflow/example_dags/plugins/workday.py
[2025-09-21T12:25:48.704+0000] {processor.py:842} WARNING - No viable dags retrieved from /home/airflow/.local/lib/python3.8/site-packages/airflow/example_dags/plugins/workday.py
[2025-09-21T12:25:48.731+0000] {processor.py:183} INFO - Processing /home/airflow/.local/lib/python3.8/site-packages/airflow/example_dags/plugins/workday.py took 0.980 seconds
[2025-09-21T12:26:19.341+0000] {processor.py:161} INFO - Started process (PID=582) to work on /home/airflow/.local/lib/python3.8/site-packages/airflow/example_dags/plugins/workday.py
[2025-09-21T12:26:19.344+0000] {processor.py:830} INFO - Processing file /home/airflow/.local/lib/python3.8/site-packages/airflow/example_dags/plugins/workday.py for tasks to queue
[2025-09-21T12:26:19.351+0000] {logging_mixin.py:188} INFO - [2025-09-21T12:26:19.350+0000] {dagbag.py:538} INFO - Filling up the DagBag from /home/airflow/.local/lib/python3.8/site-packages/airflow/example_dags/plugins/workday.py
[2025-09-21T12:26:20.267+0000] {processor.py:842} WARNING - No viable dags retrieved from /home/airflow/.local/lib/python3.8/site-packages/airflow/example_dags/plugins/workday.py
[2025-09-21T12:26:20.304+0000] {processor.py:183} INFO - Processing /home/airflow/.local/lib/python3.8/site-packages/airflow/example_dags/plugins/workday.py took 0.974 seconds
[2025-09-21T12:26:50.748+0000] {processor.py:161} INFO - Started process (PID=640) to work on /home/airflow/.local/lib/python3.8/site-packages/airflow/example_dags/plugins/workday.py
[2025-09-21T12:26:50.759+0000] {processor.py:830} INFO - Processing file /home/airflow/.local/lib/python3.8/site-packages/airflow/example_dags/plugins/workday.py for tasks to queue
[2025-09-21T12:26:50.763+0000] {logging_mixin.py:188} INFO - [2025-09-21T12:26:50.762+0000] {dagbag.py:538} INFO - Filling up the DagBag from /home/airflow/.local/lib/python3.8/site-packages/airflow/example_dags/plugins/workday.py
[2025-09-21T12:26:51.587+0000] {processor.py:842} WARNING - No viable dags retrieved from /home/airflow/.local/lib/python3.8/site-packages/airflow/example_dags/plugins/workday.py
[2025-09-21T12:26:51.610+0000] {processor.py:183} INFO - Processing /home/airflow/.local/lib/python3.8/site-packages/airflow/example_dags/plugins/workday.py took 0.870 seconds
[2025-09-21T12:27:21.907+0000] {processor.py:161} INFO - Started process (PID=698) to work on /home/airflow/.local/lib/python3.8/site-packages/airflow/example_dags/plugins/workday.py
[2025-09-21T12:27:21.912+0000] {processor.py:830} INFO - Processing file /home/airflow/.local/lib/python3.8/site-packages/airflow/example_dags/plugins/workday.py for tasks to queue
[2025-09-21T12:27:21.922+0000] {logging_mixin.py:188} INFO - [2025-09-21T12:27:21.920+0000] {dagbag.py:538} INFO - Filling up the DagBag from /home/airflow/.local/lib/python3.8/site-packages/airflow/example_dags/plugins/workday.py
[2025-09-21T12:27:22.923+0000] {processor.py:842} WARNING - No viable dags retrieved from /home/airflow/.local/lib/python3.8/site-packages/airflow/example_dags/plugins/workday.py
[2025-09-21T12:27:22.942+0000] {processor.py:183} INFO - Processing /home/airflow/.local/lib/python3.8/site-packages/airflow/example_dags/plugins/workday.py took 1.048 seconds
[2025-09-21T12:27:53.225+0000] {processor.py:161} INFO - Started process (PID=756) to work on /home/airflow/.local/lib/python3.8/site-packages/airflow/example_dags/plugins/workday.py
[2025-09-21T12:27:53.230+0000] {processor.py:830} INFO - Processing file /home/airflow/.local/lib/python3.8/site-packages/airflow/example_dags/plugins/workday.py for tasks to queue
[2025-09-21T12:27:53.239+0000] {logging_mixin.py:188} INFO - [2025-09-21T12:27:53.237+0000] {dagbag.py:538} INFO - Filling up the DagBag from /home/airflow/.local/lib/python3.8/site-packages/airflow/example_dags/plugins/workday.py
[2025-09-21T12:27:54.552+0000] {processor.py:842} WARNING - No viable dags retrieved from /home/airflow/.local/lib/python3.8/site-packages/airflow/example_dags/plugins/workday.py
[2025-09-21T12:27:54.575+0000] {processor.py:183} INFO - Processing /home/airflow/.local/lib/python3.8/site-packages/airflow/example_dags/plugins/workday.py took 1.363 seconds
[2025-09-21T12:28:25.552+0000] {processor.py:161} INFO - Started process (PID=814) to work on /home/airflow/.local/lib/python3.8/site-packages/airflow/example_dags/plugins/workday.py
[2025-09-21T12:28:25.556+0000] {processor.py:830} INFO - Processing file /home/airflow/.local/lib/python3.8/site-packages/airflow/example_dags/plugins/workday.py for tasks to queue
[2025-09-21T12:28:25.564+0000] {logging_mixin.py:188} INFO - [2025-09-21T12:28:25.563+0000] {dagbag.py:538} INFO - Filling up the DagBag from /home/airflow/.local/lib/python3.8/site-packages/airflow/example_dags/plugins/workday.py
[2025-09-21T12:28:26.403+0000] {processor.py:842} WARNING - No viable dags retrieved from /home/airflow/.local/lib/python3.8/site-packages/airflow/example_dags/plugins/workday.py
[2025-09-21T12:28:26.439+0000] {processor.py:183} INFO - Processing /home/airflow/.local/lib/python3.8/site-packages/airflow/example_dags/plugins/workday.py took 0.900 seconds
[2025-09-21T12:28:56.735+0000] {processor.py:161} INFO - Started process (PID=872) to work on /home/airflow/.local/lib/python3.8/site-packages/airflow/example_dags/plugins/workday.py
[2025-09-21T12:28:56.740+0000] {processor.py:830} INFO - Processing file /home/airflow/.local/lib/python3.8/site-packages/airflow/example_dags/plugins/workday.py for tasks to queue
[2025-09-21T12:28:56.744+0000] {logging_mixin.py:188} INFO - [2025-09-21T12:28:56.743+0000] {dagbag.py:538} INFO - Filling up the DagBag from /home/airflow/.local/lib/python3.8/site-packages/airflow/example_dags/plugins/workday.py
[2025-09-21T12:28:57.938+0000] {processor.py:842} WARNING - No viable dags retrieved from /home/airflow/.local/lib/python3.8/site-packages/airflow/example_dags/plugins/workday.py
[2025-09-21T12:28:57.995+0000] {processor.py:183} INFO - Processing /home/airflow/.local/lib/python3.8/site-packages/airflow/example_dags/plugins/workday.py took 1.270 seconds
[2025-09-21T12:29:28.252+0000] {processor.py:161} INFO - Started process (PID=936) to work on /home/airflow/.local/lib/python3.8/site-packages/airflow/example_dags/plugins/workday.py
[2025-09-21T12:29:28.254+0000] {processor.py:830} INFO - Processing file /home/airflow/.local/lib/python3.8/site-packages/airflow/example_dags/plugins/workday.py for tasks to queue
[2025-09-21T12:29:28.258+0000] {logging_mixin.py:188} INFO - [2025-09-21T12:29:28.257+0000] {dagbag.py:538} INFO - Filling up the DagBag from /home/airflow/.local/lib/python3.8/site-packages/airflow/example_dags/plugins/workday.py
[2025-09-21T12:29:29.108+0000] {processor.py:842} WARNING - No viable dags retrieved from /home/airflow/.local/lib/python3.8/site-packages/airflow/example_dags/plugins/workday.py
[2025-09-21T12:29:29.128+0000] {processor.py:183} INFO - Processing /home/airflow/.local/lib/python3.8/site-packages/airflow/example_dags/plugins/workday.py took 0.885 seconds
[2025-09-21T12:29:59.591+0000] {processor.py:161} INFO - Started process (PID=994) to work on /home/airflow/.local/lib/python3.8/site-packages/airflow/example_dags/plugins/workday.py
[2025-09-21T12:29:59.596+0000] {processor.py:830} INFO - Processing file /home/airflow/.local/lib/python3.8/site-packages/airflow/example_dags/plugins/workday.py for tasks to queue
[2025-09-21T12:29:59.603+0000] {logging_mixin.py:188} INFO - [2025-09-21T12:29:59.602+0000] {dagbag.py:538} INFO - Filling up the DagBag from /home/airflow/.local/lib/python3.8/site-packages/airflow/example_dags/plugins/workday.py
[2025-09-21T12:30:00.523+0000] {processor.py:842} WARNING - No viable dags retrieved from /home/airflow/.local/lib/python3.8/site-packages/airflow/example_dags/plugins/workday.py
[2025-09-21T12:30:00.558+0000] {processor.py:183} INFO - Processing /home/airflow/.local/lib/python3.8/site-packages/airflow/example_dags/plugins/workday.py took 0.982 seconds
[2025-09-21T12:30:30.702+0000] {processor.py:161} INFO - Started process (PID=1052) to work on /home/airflow/.local/lib/python3.8/site-packages/airflow/example_dags/plugins/workday.py
[2025-09-21T12:30:30.704+0000] {processor.py:830} INFO - Processing file /home/airflow/.local/lib/python3.8/site-packages/airflow/example_dags/plugins/workday.py for tasks to queue
[2025-09-21T12:30:30.708+0000] {logging_mixin.py:188} INFO - [2025-09-21T12:30:30.707+0000] {dagbag.py:538} INFO - Filling up the DagBag from /home/airflow/.local/lib/python3.8/site-packages/airflow/example_dags/plugins/workday.py
[2025-09-21T12:30:31.665+0000] {processor.py:842} WARNING - No viable dags retrieved from /home/airflow/.local/lib/python3.8/site-packages/airflow/example_dags/plugins/workday.py
[2025-09-21T12:30:31.688+0000] {processor.py:183} INFO - Processing /home/airflow/.local/lib/python3.8/site-packages/airflow/example_dags/plugins/workday.py took 0.994 seconds
[2025-09-21T12:31:01.867+0000] {processor.py:161} INFO - Started process (PID=1110) to work on /home/airflow/.local/lib/python3.8/site-packages/airflow/example_dags/plugins/workday.py
[2025-09-21T12:31:01.870+0000] {processor.py:830} INFO - Processing file /home/airflow/.local/lib/python3.8/site-packages/airflow/example_dags/plugins/workday.py for tasks to queue
[2025-09-21T12:31:01.876+0000] {logging_mixin.py:188} INFO - [2025-09-21T12:31:01.875+0000] {dagbag.py:538} INFO - Filling up the DagBag from /home/airflow/.local/lib/python3.8/site-packages/airflow/example_dags/plugins/workday.py
[2025-09-21T12:31:02.725+0000] {processor.py:842} WARNING - No viable dags retrieved from /home/airflow/.local/lib/python3.8/site-packages/airflow/example_dags/plugins/workday.py
[2025-09-21T12:31:02.750+0000] {processor.py:183} INFO - Processing /home/airflow/.local/lib/python3.8/site-packages/airflow/example_dags/plugins/workday.py took 0.891 seconds
[2025-09-21T12:31:33.229+0000] {processor.py:161} INFO - Started process (PID=1168) to work on /home/airflow/.local/lib/python3.8/site-packages/airflow/example_dags/plugins/workday.py
[2025-09-21T12:31:33.231+0000] {processor.py:830} INFO - Processing file /home/airflow/.local/lib/python3.8/site-packages/airflow/example_dags/plugins/workday.py for tasks to queue
[2025-09-21T12:31:33.236+0000] {logging_mixin.py:188} INFO - [2025-09-21T12:31:33.235+0000] {dagbag.py:538} INFO - Filling up the DagBag from /home/airflow/.local/lib/python3.8/site-packages/airflow/example_dags/plugins/workday.py
[2025-09-21T12:31:34.114+0000] {processor.py:842} WARNING - No viable dags retrieved from /home/airflow/.local/lib/python3.8/site-packages/airflow/example_dags/plugins/workday.py
[2025-09-21T12:31:34.133+0000] {processor.py:183} INFO - Processing /home/airflow/.local/lib/python3.8/site-packages/airflow/example_dags/plugins/workday.py took 0.911 seconds
[2025-09-21T12:32:04.449+0000] {processor.py:161} INFO - Started process (PID=1226) to work on /home/airflow/.local/lib/python3.8/site-packages/airflow/example_dags/plugins/workday.py
[2025-09-21T12:32:04.453+0000] {processor.py:830} INFO - Processing file /home/airflow/.local/lib/python3.8/site-packages/airflow/example_dags/plugins/workday.py for tasks to queue
[2025-09-21T12:32:04.467+0000] {logging_mixin.py:188} INFO - [2025-09-21T12:32:04.466+0000] {dagbag.py:538} INFO - Filling up the DagBag from /home/airflow/.local/lib/python3.8/site-packages/airflow/example_dags/plugins/workday.py
[2025-09-21T12:32:05.447+0000] {processor.py:842} WARNING - No viable dags retrieved from /home/airflow/.local/lib/python3.8/site-packages/airflow/example_dags/plugins/workday.py
[2025-09-21T12:32:05.478+0000] {processor.py:183} INFO - Processing /home/airflow/.local/lib/python3.8/site-packages/airflow/example_dags/plugins/workday.py took 1.057 seconds
[2025-09-21T12:32:35.969+0000] {processor.py:161} INFO - Started process (PID=1284) to work on /home/airflow/.local/lib/python3.8/site-packages/airflow/example_dags/plugins/workday.py
[2025-09-21T12:32:35.974+0000] {processor.py:830} INFO - Processing file /home/airflow/.local/lib/python3.8/site-packages/airflow/example_dags/plugins/workday.py for tasks to queue
[2025-09-21T12:32:35.982+0000] {logging_mixin.py:188} INFO - [2025-09-21T12:32:35.981+0000] {dagbag.py:538} INFO - Filling up the DagBag from /home/airflow/.local/lib/python3.8/site-packages/airflow/example_dags/plugins/workday.py
[2025-09-21T12:32:36.880+0000] {processor.py:842} WARNING - No viable dags retrieved from /home/airflow/.local/lib/python3.8/site-packages/airflow/example_dags/plugins/workday.py
[2025-09-21T12:32:36.907+0000] {processor.py:183} INFO - Processing /home/airflow/.local/lib/python3.8/site-packages/airflow/example_dags/plugins/workday.py took 0.952 seconds
[2025-09-21T12:33:07.270+0000] {processor.py:161} INFO - Started process (PID=1342) to work on /home/airflow/.local/lib/python3.8/site-packages/airflow/example_dags/plugins/workday.py
[2025-09-21T12:33:07.273+0000] {processor.py:830} INFO - Processing file /home/airflow/.local/lib/python3.8/site-packages/airflow/example_dags/plugins/workday.py for tasks to queue
[2025-09-21T12:33:07.280+0000] {logging_mixin.py:188} INFO - [2025-09-21T12:33:07.279+0000] {dagbag.py:538} INFO - Filling up the DagBag from /home/airflow/.local/lib/python3.8/site-packages/airflow/example_dags/plugins/workday.py
[2025-09-21T12:33:08.277+0000] {processor.py:842} WARNING - No viable dags retrieved from /home/airflow/.local/lib/python3.8/site-packages/airflow/example_dags/plugins/workday.py
[2025-09-21T12:33:08.335+0000] {processor.py:183} INFO - Processing /home/airflow/.local/lib/python3.8/site-packages/airflow/example_dags/plugins/workday.py took 1.076 seconds
[2025-09-21T12:33:38.754+0000] {processor.py:161} INFO - Started process (PID=1401) to work on /home/airflow/.local/lib/python3.8/site-packages/airflow/example_dags/plugins/workday.py
[2025-09-21T12:33:38.757+0000] {processor.py:830} INFO - Processing file /home/airflow/.local/lib/python3.8/site-packages/airflow/example_dags/plugins/workday.py for tasks to queue
[2025-09-21T12:33:38.764+0000] {logging_mixin.py:188} INFO - [2025-09-21T12:33:38.763+0000] {dagbag.py:538} INFO - Filling up the DagBag from /home/airflow/.local/lib/python3.8/site-packages/airflow/example_dags/plugins/workday.py
[2025-09-21T12:33:39.622+0000] {processor.py:842} WARNING - No viable dags retrieved from /home/airflow/.local/lib/python3.8/site-packages/airflow/example_dags/plugins/workday.py
[2025-09-21T12:33:39.645+0000] {processor.py:183} INFO - Processing /home/airflow/.local/lib/python3.8/site-packages/airflow/example_dags/plugins/workday.py took 0.901 seconds
[2025-09-21T12:34:10.050+0000] {processor.py:161} INFO - Started process (PID=1459) to work on /home/airflow/.local/lib/python3.8/site-packages/airflow/example_dags/plugins/workday.py
[2025-09-21T12:34:10.053+0000] {processor.py:830} INFO - Processing file /home/airflow/.local/lib/python3.8/site-packages/airflow/example_dags/plugins/workday.py for tasks to queue
[2025-09-21T12:34:10.059+0000] {logging_mixin.py:188} INFO - [2025-09-21T12:34:10.058+0000] {dagbag.py:538} INFO - Filling up the DagBag from /home/airflow/.local/lib/python3.8/site-packages/airflow/example_dags/plugins/workday.py
[2025-09-21T12:34:11.190+0000] {processor.py:842} WARNING - No viable dags retrieved from /home/airflow/.local/lib/python3.8/site-packages/airflow/example_dags/plugins/workday.py
[2025-09-21T12:34:11.218+0000] {processor.py:183} INFO - Processing /home/airflow/.local/lib/python3.8/site-packages/airflow/example_dags/plugins/workday.py took 1.177 seconds
[2025-09-21T12:34:42.567+0000] {processor.py:161} INFO - Started process (PID=1520) to work on /home/airflow/.local/lib/python3.8/site-packages/airflow/example_dags/plugins/workday.py
[2025-09-21T12:34:42.570+0000] {processor.py:830} INFO - Processing file /home/airflow/.local/lib/python3.8/site-packages/airflow/example_dags/plugins/workday.py for tasks to queue
[2025-09-21T12:34:42.575+0000] {logging_mixin.py:188} INFO - [2025-09-21T12:34:42.574+0000] {dagbag.py:538} INFO - Filling up the DagBag from /home/airflow/.local/lib/python3.8/site-packages/airflow/example_dags/plugins/workday.py
[2025-09-21T12:34:43.506+0000] {processor.py:842} WARNING - No viable dags retrieved from /home/airflow/.local/lib/python3.8/site-packages/airflow/example_dags/plugins/workday.py
[2025-09-21T12:34:43.532+0000] {processor.py:183} INFO - Processing /home/airflow/.local/lib/python3.8/site-packages/airflow/example_dags/plugins/workday.py took 0.975 seconds
[2025-09-21T12:35:14.214+0000] {processor.py:161} INFO - Started process (PID=1583) to work on /home/airflow/.local/lib/python3.8/site-packages/airflow/example_dags/plugins/workday.py
[2025-09-21T12:35:14.216+0000] {processor.py:830} INFO - Processing file /home/airflow/.local/lib/python3.8/site-packages/airflow/example_dags/plugins/workday.py for tasks to queue
[2025-09-21T12:35:14.220+0000] {logging_mixin.py:188} INFO - [2025-09-21T12:35:14.219+0000] {dagbag.py:538} INFO - Filling up the DagBag from /home/airflow/.local/lib/python3.8/site-packages/airflow/example_dags/plugins/workday.py
[2025-09-21T12:35:15.684+0000] {processor.py:842} WARNING - No viable dags retrieved from /home/airflow/.local/lib/python3.8/site-packages/airflow/example_dags/plugins/workday.py
[2025-09-21T12:35:15.708+0000] {processor.py:183} INFO - Processing /home/airflow/.local/lib/python3.8/site-packages/airflow/example_dags/plugins/workday.py took 1.502 seconds
[2025-09-21T12:35:45.812+0000] {processor.py:161} INFO - Started process (PID=1641) to work on /home/airflow/.local/lib/python3.8/site-packages/airflow/example_dags/plugins/workday.py
[2025-09-21T12:35:45.816+0000] {processor.py:830} INFO - Processing file /home/airflow/.local/lib/python3.8/site-packages/airflow/example_dags/plugins/workday.py for tasks to queue
[2025-09-21T12:35:45.820+0000] {logging_mixin.py:188} INFO - [2025-09-21T12:35:45.820+0000] {dagbag.py:538} INFO - Filling up the DagBag from /home/airflow/.local/lib/python3.8/site-packages/airflow/example_dags/plugins/workday.py
[2025-09-21T12:35:46.824+0000] {processor.py:842} WARNING - No viable dags retrieved from /home/airflow/.local/lib/python3.8/site-packages/airflow/example_dags/plugins/workday.py
[2025-09-21T12:35:46.848+0000] {processor.py:183} INFO - Processing /home/airflow/.local/lib/python3.8/site-packages/airflow/example_dags/plugins/workday.py took 1.043 seconds
[2025-09-21T12:36:17.034+0000] {processor.py:161} INFO - Started process (PID=1699) to work on /home/airflow/.local/lib/python3.8/site-packages/airflow/example_dags/plugins/workday.py
[2025-09-21T12:36:17.037+0000] {processor.py:830} INFO - Processing file /home/airflow/.local/lib/python3.8/site-packages/airflow/example_dags/plugins/workday.py for tasks to queue
[2025-09-21T12:36:17.043+0000] {logging_mixin.py:188} INFO - [2025-09-21T12:36:17.042+0000] {dagbag.py:538} INFO - Filling up the DagBag from /home/airflow/.local/lib/python3.8/site-packages/airflow/example_dags/plugins/workday.py
[2025-09-21T12:36:17.971+0000] {processor.py:842} WARNING - No viable dags retrieved from /home/airflow/.local/lib/python3.8/site-packages/airflow/example_dags/plugins/workday.py
[2025-09-21T12:36:17.998+0000] {processor.py:183} INFO - Processing /home/airflow/.local/lib/python3.8/site-packages/airflow/example_dags/plugins/workday.py took 0.974 seconds
[2025-09-21T12:36:48.958+0000] {processor.py:161} INFO - Started process (PID=1757) to work on /home/airflow/.local/lib/python3.8/site-packages/airflow/example_dags/plugins/workday.py
[2025-09-21T12:36:48.961+0000] {processor.py:830} INFO - Processing file /home/airflow/.local/lib/python3.8/site-packages/airflow/example_dags/plugins/workday.py for tasks to queue
[2025-09-21T12:36:48.968+0000] {logging_mixin.py:188} INFO - [2025-09-21T12:36:48.967+0000] {dagbag.py:538} INFO - Filling up the DagBag from /home/airflow/.local/lib/python3.8/site-packages/airflow/example_dags/plugins/workday.py
[2025-09-21T12:36:49.945+0000] {processor.py:842} WARNING - No viable dags retrieved from /home/airflow/.local/lib/python3.8/site-packages/airflow/example_dags/plugins/workday.py
[2025-09-21T12:36:49.980+0000] {processor.py:183} INFO - Processing /home/airflow/.local/lib/python3.8/site-packages/airflow/example_dags/plugins/workday.py took 1.035 seconds
[2025-09-21T12:37:20.430+0000] {processor.py:161} INFO - Started process (PID=1815) to work on /home/airflow/.local/lib/python3.8/site-packages/airflow/example_dags/plugins/workday.py
[2025-09-21T12:37:20.432+0000] {processor.py:830} INFO - Processing file /home/airflow/.local/lib/python3.8/site-packages/airflow/example_dags/plugins/workday.py for tasks to queue
[2025-09-21T12:37:20.437+0000] {logging_mixin.py:188} INFO - [2025-09-21T12:37:20.436+0000] {dagbag.py:538} INFO - Filling up the DagBag from /home/airflow/.local/lib/python3.8/site-packages/airflow/example_dags/plugins/workday.py
[2025-09-21T12:37:21.433+0000] {processor.py:842} WARNING - No viable dags retrieved from /home/airflow/.local/lib/python3.8/site-packages/airflow/example_dags/plugins/workday.py
[2025-09-21T12:37:21.468+0000] {processor.py:183} INFO - Processing /home/airflow/.local/lib/python3.8/site-packages/airflow/example_dags/plugins/workday.py took 1.047 seconds
[2025-09-21T12:37:51.885+0000] {processor.py:161} INFO - Started process (PID=1872) to work on /home/airflow/.local/lib/python3.8/site-packages/airflow/example_dags/plugins/workday.py
[2025-09-21T12:37:51.888+0000] {processor.py:830} INFO - Processing file /home/airflow/.local/lib/python3.8/site-packages/airflow/example_dags/plugins/workday.py for tasks to queue
[2025-09-21T12:37:51.892+0000] {logging_mixin.py:188} INFO - [2025-09-21T12:37:51.891+0000] {dagbag.py:538} INFO - Filling up the DagBag from /home/airflow/.local/lib/python3.8/site-packages/airflow/example_dags/plugins/workday.py
[2025-09-21T12:37:52.895+0000] {processor.py:842} WARNING - No viable dags retrieved from /home/airflow/.local/lib/python3.8/site-packages/airflow/example_dags/plugins/workday.py
[2025-09-21T12:37:52.943+0000] {processor.py:183} INFO - Processing /home/airflow/.local/lib/python3.8/site-packages/airflow/example_dags/plugins/workday.py took 1.067 seconds
[2025-09-21T12:38:24.176+0000] {processor.py:161} INFO - Started process (PID=1932) to work on /home/airflow/.local/lib/python3.8/site-packages/airflow/example_dags/plugins/workday.py
[2025-09-21T12:38:24.178+0000] {processor.py:830} INFO - Processing file /home/airflow/.local/lib/python3.8/site-packages/airflow/example_dags/plugins/workday.py for tasks to queue
[2025-09-21T12:38:24.182+0000] {logging_mixin.py:188} INFO - [2025-09-21T12:38:24.182+0000] {dagbag.py:538} INFO - Filling up the DagBag from /home/airflow/.local/lib/python3.8/site-packages/airflow/example_dags/plugins/workday.py
[2025-09-21T12:38:25.206+0000] {processor.py:842} WARNING - No viable dags retrieved from /home/airflow/.local/lib/python3.8/site-packages/airflow/example_dags/plugins/workday.py
[2025-09-21T12:38:25.229+0000] {processor.py:183} INFO - Processing /home/airflow/.local/lib/python3.8/site-packages/airflow/example_dags/plugins/workday.py took 1.060 seconds
[2025-09-21T12:38:56.722+0000] {processor.py:161} INFO - Started process (PID=1993) to work on /home/airflow/.local/lib/python3.8/site-packages/airflow/example_dags/plugins/workday.py
[2025-09-21T12:38:56.725+0000] {processor.py:830} INFO - Processing file /home/airflow/.local/lib/python3.8/site-packages/airflow/example_dags/plugins/workday.py for tasks to queue
[2025-09-21T12:38:56.729+0000] {logging_mixin.py:188} INFO - [2025-09-21T12:38:56.729+0000] {dagbag.py:538} INFO - Filling up the DagBag from /home/airflow/.local/lib/python3.8/site-packages/airflow/example_dags/plugins/workday.py
[2025-09-21T12:38:57.652+0000] {processor.py:842} WARNING - No viable dags retrieved from /home/airflow/.local/lib/python3.8/site-packages/airflow/example_dags/plugins/workday.py
[2025-09-21T12:38:57.672+0000] {processor.py:183} INFO - Processing /home/airflow/.local/lib/python3.8/site-packages/airflow/example_dags/plugins/workday.py took 0.957 seconds
[2025-09-21T12:39:28.165+0000] {processor.py:161} INFO - Started process (PID=2052) to work on /home/airflow/.local/lib/python3.8/site-packages/airflow/example_dags/plugins/workday.py
[2025-09-21T12:39:28.167+0000] {processor.py:830} INFO - Processing file /home/airflow/.local/lib/python3.8/site-packages/airflow/example_dags/plugins/workday.py for tasks to queue
[2025-09-21T12:39:28.171+0000] {logging_mixin.py:188} INFO - [2025-09-21T12:39:28.170+0000] {dagbag.py:538} INFO - Filling up the DagBag from /home/airflow/.local/lib/python3.8/site-packages/airflow/example_dags/plugins/workday.py
[2025-09-21T12:39:29.198+0000] {processor.py:842} WARNING - No viable dags retrieved from /home/airflow/.local/lib/python3.8/site-packages/airflow/example_dags/plugins/workday.py
[2025-09-21T12:39:29.256+0000] {processor.py:183} INFO - Processing /home/airflow/.local/lib/python3.8/site-packages/airflow/example_dags/plugins/workday.py took 1.098 seconds
[2025-09-21T12:39:59.766+0000] {processor.py:161} INFO - Started process (PID=2118) to work on /home/airflow/.local/lib/python3.8/site-packages/airflow/example_dags/plugins/workday.py
[2025-09-21T12:39:59.768+0000] {processor.py:830} INFO - Processing file /home/airflow/.local/lib/python3.8/site-packages/airflow/example_dags/plugins/workday.py for tasks to queue
[2025-09-21T12:39:59.772+0000] {logging_mixin.py:188} INFO - [2025-09-21T12:39:59.771+0000] {dagbag.py:538} INFO - Filling up the DagBag from /home/airflow/.local/lib/python3.8/site-packages/airflow/example_dags/plugins/workday.py
[2025-09-21T12:40:00.501+0000] {processor.py:842} WARNING - No viable dags retrieved from /home/airflow/.local/lib/python3.8/site-packages/airflow/example_dags/plugins/workday.py
[2025-09-21T12:40:00.557+0000] {processor.py:183} INFO - Processing /home/airflow/.local/lib/python3.8/site-packages/airflow/example_dags/plugins/workday.py took 0.801 seconds
[2025-09-21T12:40:30.746+0000] {processor.py:161} INFO - Started process (PID=2176) to work on /home/airflow/.local/lib/python3.8/site-packages/airflow/example_dags/plugins/workday.py
[2025-09-21T12:40:30.749+0000] {processor.py:830} INFO - Processing file /home/airflow/.local/lib/python3.8/site-packages/airflow/example_dags/plugins/workday.py for tasks to queue
[2025-09-21T12:40:30.755+0000] {logging_mixin.py:188} INFO - [2025-09-21T12:40:30.754+0000] {dagbag.py:538} INFO - Filling up the DagBag from /home/airflow/.local/lib/python3.8/site-packages/airflow/example_dags/plugins/workday.py
[2025-09-21T12:40:31.463+0000] {processor.py:842} WARNING - No viable dags retrieved from /home/airflow/.local/lib/python3.8/site-packages/airflow/example_dags/plugins/workday.py
[2025-09-21T12:40:31.491+0000] {processor.py:183} INFO - Processing /home/airflow/.local/lib/python3.8/site-packages/airflow/example_dags/plugins/workday.py took 0.753 seconds
[2025-09-21T12:41:02.574+0000] {processor.py:161} INFO - Started process (PID=2236) to work on /home/airflow/.local/lib/python3.8/site-packages/airflow/example_dags/plugins/workday.py
[2025-09-21T12:41:02.576+0000] {processor.py:830} INFO - Processing file /home/airflow/.local/lib/python3.8/site-packages/airflow/example_dags/plugins/workday.py for tasks to queue
[2025-09-21T12:41:02.579+0000] {logging_mixin.py:188} INFO - [2025-09-21T12:41:02.578+0000] {dagbag.py:538} INFO - Filling up the DagBag from /home/airflow/.local/lib/python3.8/site-packages/airflow/example_dags/plugins/workday.py
[2025-09-21T12:41:03.152+0000] {processor.py:842} WARNING - No viable dags retrieved from /home/airflow/.local/lib/python3.8/site-packages/airflow/example_dags/plugins/workday.py
[2025-09-21T12:41:03.184+0000] {processor.py:183} INFO - Processing /home/airflow/.local/lib/python3.8/site-packages/airflow/example_dags/plugins/workday.py took 0.616 seconds
[2025-09-21T12:41:34.205+0000] {processor.py:161} INFO - Started process (PID=2295) to work on /home/airflow/.local/lib/python3.8/site-packages/airflow/example_dags/plugins/workday.py
[2025-09-21T12:41:34.209+0000] {processor.py:830} INFO - Processing file /home/airflow/.local/lib/python3.8/site-packages/airflow/example_dags/plugins/workday.py for tasks to queue
[2025-09-21T12:41:34.216+0000] {logging_mixin.py:188} INFO - [2025-09-21T12:41:34.215+0000] {dagbag.py:538} INFO - Filling up the DagBag from /home/airflow/.local/lib/python3.8/site-packages/airflow/example_dags/plugins/workday.py
[2025-09-21T12:41:34.911+0000] {processor.py:842} WARNING - No viable dags retrieved from /home/airflow/.local/lib/python3.8/site-packages/airflow/example_dags/plugins/workday.py
[2025-09-21T12:41:34.946+0000] {processor.py:183} INFO - Processing /home/airflow/.local/lib/python3.8/site-packages/airflow/example_dags/plugins/workday.py took 0.754 seconds
[2025-09-21T12:42:05.124+0000] {processor.py:161} INFO - Started process (PID=2351) to work on /home/airflow/.local/lib/python3.8/site-packages/airflow/example_dags/plugins/workday.py
[2025-09-21T12:42:05.128+0000] {processor.py:830} INFO - Processing file /home/airflow/.local/lib/python3.8/site-packages/airflow/example_dags/plugins/workday.py for tasks to queue
[2025-09-21T12:42:05.136+0000] {logging_mixin.py:188} INFO - [2025-09-21T12:42:05.134+0000] {dagbag.py:538} INFO - Filling up the DagBag from /home/airflow/.local/lib/python3.8/site-packages/airflow/example_dags/plugins/workday.py
[2025-09-21T12:42:05.873+0000] {processor.py:842} WARNING - No viable dags retrieved from /home/airflow/.local/lib/python3.8/site-packages/airflow/example_dags/plugins/workday.py
[2025-09-21T12:42:05.905+0000] {processor.py:183} INFO - Processing /home/airflow/.local/lib/python3.8/site-packages/airflow/example_dags/plugins/workday.py took 0.793 seconds
[2025-09-21T12:42:36.267+0000] {processor.py:161} INFO - Started process (PID=2409) to work on /home/airflow/.local/lib/python3.8/site-packages/airflow/example_dags/plugins/workday.py
[2025-09-21T12:42:36.271+0000] {processor.py:830} INFO - Processing file /home/airflow/.local/lib/python3.8/site-packages/airflow/example_dags/plugins/workday.py for tasks to queue
[2025-09-21T12:42:36.282+0000] {logging_mixin.py:188} INFO - [2025-09-21T12:42:36.280+0000] {dagbag.py:538} INFO - Filling up the DagBag from /home/airflow/.local/lib/python3.8/site-packages/airflow/example_dags/plugins/workday.py
[2025-09-21T12:42:36.972+0000] {processor.py:842} WARNING - No viable dags retrieved from /home/airflow/.local/lib/python3.8/site-packages/airflow/example_dags/plugins/workday.py
[2025-09-21T12:42:36.994+0000] {processor.py:183} INFO - Processing /home/airflow/.local/lib/python3.8/site-packages/airflow/example_dags/plugins/workday.py took 0.742 seconds
[2025-09-21T12:43:07.153+0000] {processor.py:161} INFO - Started process (PID=2467) to work on /home/airflow/.local/lib/python3.8/site-packages/airflow/example_dags/plugins/workday.py
[2025-09-21T12:43:07.158+0000] {processor.py:830} INFO - Processing file /home/airflow/.local/lib/python3.8/site-packages/airflow/example_dags/plugins/workday.py for tasks to queue
[2025-09-21T12:43:07.168+0000] {logging_mixin.py:188} INFO - [2025-09-21T12:43:07.166+0000] {dagbag.py:538} INFO - Filling up the DagBag from /home/airflow/.local/lib/python3.8/site-packages/airflow/example_dags/plugins/workday.py
[2025-09-21T12:43:07.991+0000] {processor.py:842} WARNING - No viable dags retrieved from /home/airflow/.local/lib/python3.8/site-packages/airflow/example_dags/plugins/workday.py
[2025-09-21T12:43:08.026+0000] {processor.py:183} INFO - Processing /home/airflow/.local/lib/python3.8/site-packages/airflow/example_dags/plugins/workday.py took 0.891 seconds
[2025-09-21T12:43:38.382+0000] {processor.py:161} INFO - Started process (PID=2527) to work on /home/airflow/.local/lib/python3.8/site-packages/airflow/example_dags/plugins/workday.py
[2025-09-21T12:43:38.384+0000] {processor.py:830} INFO - Processing file /home/airflow/.local/lib/python3.8/site-packages/airflow/example_dags/plugins/workday.py for tasks to queue
[2025-09-21T12:43:38.393+0000] {logging_mixin.py:188} INFO - [2025-09-21T12:43:38.391+0000] {dagbag.py:538} INFO - Filling up the DagBag from /home/airflow/.local/lib/python3.8/site-packages/airflow/example_dags/plugins/workday.py
[2025-09-21T12:43:38.947+0000] {processor.py:842} WARNING - No viable dags retrieved from /home/airflow/.local/lib/python3.8/site-packages/airflow/example_dags/plugins/workday.py
[2025-09-21T12:43:38.968+0000] {processor.py:183} INFO - Processing /home/airflow/.local/lib/python3.8/site-packages/airflow/example_dags/plugins/workday.py took 0.596 seconds
[2025-09-21T12:44:09.491+0000] {processor.py:161} INFO - Started process (PID=2587) to work on /home/airflow/.local/lib/python3.8/site-packages/airflow/example_dags/plugins/workday.py
[2025-09-21T12:44:09.493+0000] {processor.py:830} INFO - Processing file /home/airflow/.local/lib/python3.8/site-packages/airflow/example_dags/plugins/workday.py for tasks to queue
[2025-09-21T12:44:09.497+0000] {logging_mixin.py:188} INFO - [2025-09-21T12:44:09.496+0000] {dagbag.py:538} INFO - Filling up the DagBag from /home/airflow/.local/lib/python3.8/site-packages/airflow/example_dags/plugins/workday.py
[2025-09-21T12:44:10.448+0000] {processor.py:842} WARNING - No viable dags retrieved from /home/airflow/.local/lib/python3.8/site-packages/airflow/example_dags/plugins/workday.py
[2025-09-21T12:44:10.487+0000] {processor.py:183} INFO - Processing /home/airflow/.local/lib/python3.8/site-packages/airflow/example_dags/plugins/workday.py took 1.005 seconds
[2025-09-21T12:44:41.370+0000] {processor.py:161} INFO - Started process (PID=2646) to work on /home/airflow/.local/lib/python3.8/site-packages/airflow/example_dags/plugins/workday.py
[2025-09-21T12:44:41.375+0000] {processor.py:830} INFO - Processing file /home/airflow/.local/lib/python3.8/site-packages/airflow/example_dags/plugins/workday.py for tasks to queue
[2025-09-21T12:44:41.388+0000] {logging_mixin.py:188} INFO - [2025-09-21T12:44:41.385+0000] {dagbag.py:538} INFO - Filling up the DagBag from /home/airflow/.local/lib/python3.8/site-packages/airflow/example_dags/plugins/workday.py
[2025-09-21T12:44:42.230+0000] {processor.py:842} WARNING - No viable dags retrieved from /home/airflow/.local/lib/python3.8/site-packages/airflow/example_dags/plugins/workday.py
[2025-09-21T12:44:42.278+0000] {processor.py:183} INFO - Processing /home/airflow/.local/lib/python3.8/site-packages/airflow/example_dags/plugins/workday.py took 0.926 seconds
[2025-09-21T12:45:13.356+0000] {processor.py:161} INFO - Started process (PID=2706) to work on /home/airflow/.local/lib/python3.8/site-packages/airflow/example_dags/plugins/workday.py
[2025-09-21T12:45:13.358+0000] {processor.py:830} INFO - Processing file /home/airflow/.local/lib/python3.8/site-packages/airflow/example_dags/plugins/workday.py for tasks to queue
[2025-09-21T12:45:13.362+0000] {logging_mixin.py:188} INFO - [2025-09-21T12:45:13.361+0000] {dagbag.py:538} INFO - Filling up the DagBag from /home/airflow/.local/lib/python3.8/site-packages/airflow/example_dags/plugins/workday.py
[2025-09-21T12:45:14.093+0000] {processor.py:842} WARNING - No viable dags retrieved from /home/airflow/.local/lib/python3.8/site-packages/airflow/example_dags/plugins/workday.py
[2025-09-21T12:45:14.123+0000] {processor.py:183} INFO - Processing /home/airflow/.local/lib/python3.8/site-packages/airflow/example_dags/plugins/workday.py took 0.772 seconds
[2025-09-21T12:45:44.945+0000] {processor.py:161} INFO - Started process (PID=2765) to work on /home/airflow/.local/lib/python3.8/site-packages/airflow/example_dags/plugins/workday.py
[2025-09-21T12:45:44.947+0000] {processor.py:830} INFO - Processing file /home/airflow/.local/lib/python3.8/site-packages/airflow/example_dags/plugins/workday.py for tasks to queue
[2025-09-21T12:45:44.952+0000] {logging_mixin.py:188} INFO - [2025-09-21T12:45:44.951+0000] {dagbag.py:538} INFO - Filling up the DagBag from /home/airflow/.local/lib/python3.8/site-packages/airflow/example_dags/plugins/workday.py
[2025-09-21T12:45:45.499+0000] {processor.py:842} WARNING - No viable dags retrieved from /home/airflow/.local/lib/python3.8/site-packages/airflow/example_dags/plugins/workday.py
[2025-09-21T12:45:45.523+0000] {processor.py:183} INFO - Processing /home/airflow/.local/lib/python3.8/site-packages/airflow/example_dags/plugins/workday.py took 0.588 seconds
[2025-09-21T12:46:16.036+0000] {processor.py:161} INFO - Started process (PID=2825) to work on /home/airflow/.local/lib/python3.8/site-packages/airflow/example_dags/plugins/workday.py
[2025-09-21T12:46:16.038+0000] {processor.py:830} INFO - Processing file /home/airflow/.local/lib/python3.8/site-packages/airflow/example_dags/plugins/workday.py for tasks to queue
[2025-09-21T12:46:16.043+0000] {logging_mixin.py:188} INFO - [2025-09-21T12:46:16.042+0000] {dagbag.py:538} INFO - Filling up the DagBag from /home/airflow/.local/lib/python3.8/site-packages/airflow/example_dags/plugins/workday.py
[2025-09-21T12:46:16.693+0000] {processor.py:842} WARNING - No viable dags retrieved from /home/airflow/.local/lib/python3.8/site-packages/airflow/example_dags/plugins/workday.py
[2025-09-21T12:46:16.725+0000] {processor.py:183} INFO - Processing /home/airflow/.local/lib/python3.8/site-packages/airflow/example_dags/plugins/workday.py took 0.697 seconds
[2025-09-21T12:46:47.182+0000] {processor.py:161} INFO - Started process (PID=2884) to work on /home/airflow/.local/lib/python3.8/site-packages/airflow/example_dags/plugins/workday.py
[2025-09-21T12:46:47.187+0000] {processor.py:830} INFO - Processing file /home/airflow/.local/lib/python3.8/site-packages/airflow/example_dags/plugins/workday.py for tasks to queue
[2025-09-21T12:46:47.195+0000] {logging_mixin.py:188} INFO - [2025-09-21T12:46:47.194+0000] {dagbag.py:538} INFO - Filling up the DagBag from /home/airflow/.local/lib/python3.8/site-packages/airflow/example_dags/plugins/workday.py
[2025-09-21T12:46:48.300+0000] {processor.py:842} WARNING - No viable dags retrieved from /home/airflow/.local/lib/python3.8/site-packages/airflow/example_dags/plugins/workday.py
[2025-09-21T12:46:48.355+0000] {processor.py:183} INFO - Processing /home/airflow/.local/lib/python3.8/site-packages/airflow/example_dags/plugins/workday.py took 1.188 seconds
[2025-09-21T12:47:18.557+0000] {processor.py:161} INFO - Started process (PID=2944) to work on /home/airflow/.local/lib/python3.8/site-packages/airflow/example_dags/plugins/workday.py
[2025-09-21T12:47:18.560+0000] {processor.py:830} INFO - Processing file /home/airflow/.local/lib/python3.8/site-packages/airflow/example_dags/plugins/workday.py for tasks to queue
[2025-09-21T12:47:18.565+0000] {logging_mixin.py:188} INFO - [2025-09-21T12:47:18.564+0000] {dagbag.py:538} INFO - Filling up the DagBag from /home/airflow/.local/lib/python3.8/site-packages/airflow/example_dags/plugins/workday.py
[2025-09-21T12:47:19.328+0000] {processor.py:842} WARNING - No viable dags retrieved from /home/airflow/.local/lib/python3.8/site-packages/airflow/example_dags/plugins/workday.py
[2025-09-21T12:47:19.351+0000] {processor.py:183} INFO - Processing /home/airflow/.local/lib/python3.8/site-packages/airflow/example_dags/plugins/workday.py took 0.802 seconds
[2025-09-21T12:47:49.581+0000] {processor.py:161} INFO - Started process (PID=3002) to work on /home/airflow/.local/lib/python3.8/site-packages/airflow/example_dags/plugins/workday.py
[2025-09-21T12:47:49.584+0000] {processor.py:830} INFO - Processing file /home/airflow/.local/lib/python3.8/site-packages/airflow/example_dags/plugins/workday.py for tasks to queue
[2025-09-21T12:47:49.589+0000] {logging_mixin.py:188} INFO - [2025-09-21T12:47:49.588+0000] {dagbag.py:538} INFO - Filling up the DagBag from /home/airflow/.local/lib/python3.8/site-packages/airflow/example_dags/plugins/workday.py
[2025-09-21T12:47:50.340+0000] {processor.py:842} WARNING - No viable dags retrieved from /home/airflow/.local/lib/python3.8/site-packages/airflow/example_dags/plugins/workday.py
[2025-09-21T12:47:50.378+0000] {processor.py:183} INFO - Processing /home/airflow/.local/lib/python3.8/site-packages/airflow/example_dags/plugins/workday.py took 0.808 seconds
